COLLISION_ID,LOCATION,X,Y,LONGITUDE,LATITUDE,DATE,TIME,ENVIRONMENT,LIGHT,SURFACE_CONDITION,TRAFFIC_CONTROL,TRAFFIC_CONTROL_CONDITION,COLLISION_CLASSIFICATION,IMPACT_TYPE,NO_OF_PEDESTRIANS
17-211,MONTREAL RD @ SHEFFORD RD,376122.60766,5034857.38837,-75.58817161430,45.45000690910,2017-01-06,9:31:00 AM,01 - Clear,01 - Daylight,01 - Dry,01 - Traffic signal,01 - Functioning,02 - Non-fatal injury,04 - Sideswipe,0
17-212,COOPER ST btwn ELGIN ST & CARTIER ST,368123.88759,5031274.32660,-75.69088170250,45.41853832200,2017-01-06,10:16:00 AM,01 - Clear,01 - Daylight,01 - Dry,10 - No control,,03 - P.D. only,01 - Approaching,0
17-213,CENTRAL PARK DR S @ MERIVALE RD,364987.05709,5025598.04244,-75.73165113010,45.36774116850,2017-01-06,10:26:00 AM,01 - Clear,01 - Daylight,06 - Ice,01 - Traffic signal,01 - Functioning,03 - P.D. only,03 - Rear end,0
17-214,KIRKWOOD AVE @ MERIVALE RD,364854.06081,5026646.28053,-75.73322135990,45.37718444470,2017-01-06,10:31:00 AM,01 - Clear,01 - Daylight,05 - Packed snow,01 - Traffic signal,01 - Functioning,03 - P.D. only,04 - Sideswipe,0
17-215,CARLING AVE @ SCHNEIDER RD,351622.05159,5022239.07171,-75.90257642780,45.33853684280,2017-01-06,10:39:00 AM,01 - Clear,01 - Daylight,02 - Wet,02 - Stop sign,00 - Unknown,03 - P.D. only,03 - Rear end,0
17-216,BURNSIDE AVE btwn HINCHEY AVE & CARRUTHERS AVE,365008.43564,5030191.14459,-75.73081788050,45.40906714750,2017-01-06,11:02:00 AM,03 - Snow,01 - Daylight,02 - Wet,10 - No control,,03 - P.D. only,99 - Other,0
17-217,BANK ST @ HUNT CLUB RD,371607.01976,5024094.78946,-75.64735272860,45.35361568520,2017-01-06,11:04:00 AM,01 - Clear,01 - Daylight,06 - Ice,01 - Traffic signal,01 - Functioning,03 - P.D. only,03 - Rear end,0
17-218,MACKENZIE AVE @ MURRAY ST,367639.70310,5032383.58630,-75.69692623210,45.42856273030,2017-01-06,11:18:00 AM,01 - Clear,01 - Daylight,02 - Wet,01 - Traffic signal,01 - Functioning,03 - P.D. only,02 - Angle,0
17-219,CARLING AVE btwn MARCH RD & SCHNEIDER RD,351264.46340,5022184.85322,-75.90714390100,45.33807274670,2017-01-06,7:45:00 AM,01 - Clear,03 - Dawn,01 - Dry,10 - No control,,03 - P.D. only,04 - Sideswipe,0
17-220,GREENBANK RD @ MARKETPLACE AVE,364009.21427,5014600.47286,-75.74544777790,45.26886899120,2017-01-06,11:39:00 AM,01 - Clear,01 - Daylight,01 - Dry,01 - Traffic signal,01 - Functioning,02 - Non-fatal injury,03 - Rear end,0
17-221,WOODROFFE AVE @ QUEENSBURY DR/RIDEAUCREST DR,365730.85520,5016329.66180,-75.72329723010,45.28428111610,2017-01-06,12:05:00 PM,01 - Clear,01 - Daylight,02 - Wet,01 - Traffic signal,01 - Functioning,03 - P.D. only,02 - Angle,0
17-222,BRONSON AVE @ HWY 417 BRONSON IC121AR51,367287.96193,5029710.18297,-75.70175994760,45.40453978500,2017-01-06,12:10:00 PM,01 - Clear,01 - Daylight,02 - Wet,01 - Traffic signal,00 - Unknown,03 - P.D. only,02 - Angle,0
17-223,BLOHM DR @ FORESTGLADE CRES S/PICASSO DR,375067.31330,5026322.90061,-75.60287804100,45.37332502100,2017-01-06,10:00:00 AM,01 - Clear,01 - Daylight,06 - Ice,02 - Stop sign,01 - Functioning,03 - P.D. only,03 - Rear end,0
17-224,AVIATION PKWY @ MONTREAL RD,372147.05105,5034108.58280,-75.63909392290,45.44366393120,2017-01-06,8:45:00 AM,01 - Clear,01 - Daylight,01 - Dry,01 - Traffic signal,00 - Unknown,03 - P.D. only,04 - Sideswipe,0
17-225,BOOTH ST btwn PROVINCIAL BOUNDARY & 208 N OF MIDDLE ST/E.B. EDDY N,365999.67474,5031495.15601,-75.71799372640,45.42071431620,2017-01-06,12:56:00 PM,03 - Snow,01 - Daylight,06 - Ice,10 - No control,,03 - P.D. only,03 - Rear end,0
17-226,BOOTH ST @ WELLINGTON ST S,366402.45217,5030675.36070,-75.71295002710,45.41330268100,2017-01-06,1:04:00 PM,01 - Clear,01 - Daylight,02 - Wet,01 - Traffic signal,01 - Functioning,03 - P.D. only,03 - Rear end,0
17-227,DOVERCOURT AVE @ HIGHLAND AVE,363065.77212,5027162.88882,-75.75599155040,45.38198381100,2017-01-06,1:23:00 PM,01 - Clear,01 - Daylight,05 - Packed snow,02 - Stop sign,01 - Functioning,03 - P.D. only,02 - Angle,0
17-228,ST. LAURENT BLVD btwn BELFAST RD & INDUSTRIAL AVE,372864.78909,5030569.10686,-75.63040920710,45.41174794260,2017-01-06,12:45:00 PM,01 - Clear,01 - Daylight,01 - Dry,10 - No control,,03 - P.D. only,03 - Rear end,0
17-229,LACASSE AVE btwn MONTREAL RD & PATTON ST,370726.22045,5033324.67804,-75.65735958930,45.43674614530,2017-01-06,2:39:00 PM,01 - Clear,01 - Daylight,06 - Ice,10 - No control,,03 - P.D. only,06 - SMV unattended vehicle,0
17-230,INNES RD btwn VISENEAU DR & BELCOURT BLVD,382076.00432,5035240.07961,-75.51201086700,45.45281715760,2017-01-06,2:57:00 PM,01 - Clear,01 - Daylight,01 - Dry,10 - No control,,02 - Non-fatal injury,03 - Rear end,0
17-231,BLAIR RD @ OGILVIE RD,374507.26070,5033197.69048,-75.60905567100,45.43523686370,2017-01-06,3:05:00 PM,01 - Clear,01 - Daylight,03 - Loose snow,01 - Traffic signal,01 - Functioning,03 - P.D. only,04 - Sideswipe,0
17-232,HERON RD @ WALKLEY RD,372268.84734,5027082.78570,-75.63849885410,45.38043719610,2017-01-05,9:15:00 AM,01 - Clear,01 - Daylight,06 - Ice,01 - Traffic signal,01 - Functioning,02 - Non-fatal injury,03 - Rear end,0
17-233,ROBERTSON RD btwn MOODIE DR & VANIER RD,357159.59262,5020503.60351,-75.83210859520,45.32252953280,2017-01-06,3:43:00 PM,01 - Clear,01 - Daylight,01 - Dry,10 - No control,,03 - P.D. only,03 - Rear end,0
17-234,FLOWER AVE @ WOODROFFE AVE,361812.53847,5026115.53110,-75.77211397740,45.37266290340,2017-01-06,3:53:00 PM,01 - Clear,01 - Daylight,06 - Ice,02 - Stop sign,01 - Functioning,03 - P.D. only,03 - Rear end,0
17-235,BERRIGAN DR @ LONGFIELDS DR,364306.95444,5015645.49203,-75.74152851160,45.27824694770,2017-01-06,3:30:00 PM,01 - Clear,01 - Daylight,06 - Ice,11 - Roundabout,01 - Functioning,03 - P.D. only,03 - Rear end,0
17-236,RIVERSIDE DR @ 175 S OF HUNT CLUB  RD/RUNWAY C,368027.98673,5021765.26494,-75.69332442060,45.33298695900,2017-01-06,4:03:00 PM,01 - Clear,01 - Daylight,02 - Wet,01 - Traffic signal,01 - Functioning,03 - P.D. only,02 - Angle,0
17-237,MITCH OWENS RD @ OLD PRESCOTT RD,377087.71174,5015549.61170,-75.57865911640,45.27618636410,2017-01-06,4:23:00 PM,01 - Clear,01 - Daylight,02 - Wet,01 - Traffic signal,00 - Unknown,03 - P.D. only,04 - Sideswipe,0
17-238,KELLY AVE @ MONCTON RD,360355.17402,5023982.58410,-75.79095866590,45.35358778150,2017-01-06,4:30:00 PM,01 - Clear,01 - Daylight,06 - Ice,02 - Stop sign,00 - Unknown,03 - P.D. only,02 - Angle,0
17-239,MACLAREN ST @ METCALFE ST,368052.56507,5031031.71743,-75.69182407350,45.41636185630,2017-01-06,4:38:00 PM,01 - Clear,05 - Dusk,06 - Ice,01 - Traffic signal,01 - Functioning,03 - P.D. only,05 - Turning movement,0
17-240,BLAIR RD @ REGIONAL RD 174 N/OR174 IC112 RAMP61,374635.32678,5032992.84754,-75.60744808500,45.43338102160,2017-01-06,2:40:00 PM,01 - Clear,01 - Daylight,02 - Wet,01 - Traffic signal,01 - Functioning,03 - P.D. only,05 - Turning movement,0
17-241,INDUSTRIAL AVE @ RUSSELL RD,372467.06326,5030279.72597,-75.63552966300,45.40918279300,2017-01-06,5:16:00 PM,01 - Clear,05 - Dusk,06 - Ice,01 - Traffic signal,01 - Functioning,03 - P.D. only,03 - Rear end,0
17-242,MONTREAL RD @ STE. ANNE ST,370708.42534,5033418.31274,-75.65757447830,45.43759030680,2017-01-06,6:14:00 PM,03 - Snow,07 - Dark,03 - Loose snow,02 - Stop sign,01 - Functioning,03 - P.D. only,02 - Angle,0
17-243,COLONNADE RD @ PRINCE OF WALES DR,367396.42834,5023266.51610,-75.70119125060,45.34655155700,2017-01-06,6:41:00 PM,01 - Clear,07 - Dark,01 - Dry,01 - Traffic signal,01 - Functioning,03 - P.D. only,03 - Rear end,0
17-244,BAYSHORE DR btwn CARLING AVE & WOODRIDGE CRES N,359061.22051,5023892.55383,-75.80748183010,45.35287900850,2017-01-06,7:20:00 PM,01 - Clear,07 - Dark,02 - Wet,10 - No control,,03 - P.D. only,04 - Sideswipe,0
17-245,EARL GREY DR @ 175 S OF KANATA AVE/WALMART SC,350933.10763,5019117.40327,-75.91165734110,45.31049296970,2017-01-06,7:20:00 PM,01 - Clear,07 - Dark,01 - Dry,01 - Traffic signal,01 - Functioning,03 - P.D. only,02 - Angle,0
17-246,DUNROBIN RD @ KERWIN RD,346290.17600,5027171.28807,-75.97019104760,45.38325383300,2017-01-06,6:30:00 PM,01 - Clear,07 - Dark,01 - Dry,02 - Stop sign,00 - Unknown,03 - P.D. only,07 - SMV other,0
17-247,OLD MONTREAL RD E @ REGIONAL RD 174,394617.56257,5043035.92993,-75.35026860470,45.52145434250,2017-01-06,7:49:00 PM,01 - Clear,07 - Dark,02 - Wet,02 - Stop sign,01 - Functioning,03 - P.D. only,02 - Angle,0
17-248,INNES RD @ JEANNE D'ARC BLVD/MER BLEUE RD,382653.89936,5035567.21816,-75.50457169560,45.45569633040,2017-01-06,8:35:00 PM,01 - Clear,07 - Dark,06 - Ice,01 - Traffic signal,01 - Functioning,03 - P.D. only,05 - Turning movement,0
17-249,CATHERINE ST @ METCALFE ST,368393.03780,5030485.22531,-75.68754481760,45.41141384240,2017-01-06,8:00:00 PM,01 - Clear,07 - Dark,02 - Wet,01 - Traffic signal,01 - Functioning,03 - P.D. only,04 - Sideswipe,0
17-250,WOODROFFE AVE btwn FIRESTATION & BASELINE RD,362530.80608,5023818.57337,-75.76321285400,45.35193628600,2017-01-06,9:13:00 PM,01 - Clear,07 - Dark,03 - Loose snow,10 - No control,,03 - P.D. only,07 - SMV other,0
17-251,MERIVALE RD/LOTTA AVE @ CLYDE AVE,364523.30117,5024507.49020,-75.73770271390,45.35796820930,2017-01-07,12:36:00 AM,01 - Clear,07 - Dark,01 - Dry,01 - Traffic signal,01 - Functioning,03 - P.D. only,04 - Sideswipe,0
17-252,GRANVILLE ST btwn MONTFORT ST & MONTREAL RD,370819.29321,5033493.94095,-75.65614740280,45.43826031710,2017-01-07,3:06:00 AM,01 - Clear,07 - Dark,01 - Dry,10 - No control,,03 - P.D. only,07 - SMV other,0
17-253,FAIRLEA CRES btwn HEATHERINGTON RD & GORE PRIV,372027.56371,5026793.28353,-75.64161884260,45.37785556180,2017-01-07,7:50:00 AM,01 - Clear,03 - Dawn,06 - Ice,10 - No control,,03 - P.D. only,01 - Approaching,0
17-254,MERIVALE RD btwn CLEOPATRA DR & SLACK RD,365966.98533,5021083.14039,-75.71970089080,45.32703196810,2017-01-06,11:15:00 AM,01 - Clear,01 - Daylight,02 - Wet,10 - No control,,03 - P.D. only,05 - Turning movement,0
17-255,WALKLEY RD @ HEATHERINGTON RD,371767.47527,5026794.90193,-75.64493913520,45.37789503100,2017-01-07,8:07:00 AM,01 - Clear,01 - Daylight,06 - Ice,01 - Traffic signal,01 - Functioning,03 - P.D. only,03 - Rear end,0
17-257,WHITEROCK ST btwn HUNTINGDALE CRT & MATHESON RD,373208.52278,5032870.84135,-75.62569858610,45.43242430460,2017-01-07,9:29:00 AM,01 - Clear,01 - Daylight,05 - Packed snow,10 - No control,,03 - P.D. only,06 - SMV unattended vehicle,0
17-258,BOWHILL AVE @ HILLHURST PL,365515.70320,5023744.50220,-75.72513073290,45.35101772760,2017-01-07,10:09:00 AM,01 - Clear,01 - Daylight,06 - Ice,03 - Yield sign,01 - Functioning,03 - P.D. only,02 - Angle,0
17-259,WINONA AVE btwn WHITBY AVE & PICTON AVE,363241.62428,5028462.42777,-75.75359236020,45.39366221710,2017-01-06,12:00:00 AM,01 - Clear,00 - Unknown,05 - Packed snow,10 - No control,,03 - P.D. only,06 - SMV unattended vehicle,0
17-260,ST. JOSEPH BLVD @ REGIONAL RD 174/TRANSITWAY,376557.65441,5035057.34961,-75.58258127780,45.45176149970,2017-01-07,12:03:00 PM,01 - Clear,01 - Daylight,01 - Dry,01 - Traffic signal,00 - Unknown,03 - P.D. only,07 - SMV other,0
17-261,GRAND CANAL ST @ FOXHOUND WAY,364107.80141,5012645.06501,-75.74442492430,45.25126586400,2017-01-07,12:15:00 PM,01 - Clear,01 - Daylight,06 - Ice,,01 - Functioning,03 - P.D. only,02 - Angle,0
17-262,FAIRLEA CRES @ HEATHERINGTON RD N,371808.00656,5026693.38517,-75.64443545300,45.37697774670,2017-01-07,12:27:00 PM,01 - Clear,01 - Daylight,06 - Ice,03 - Yield sign,01 - Functioning,03 - P.D. only,03 - Rear end,0
17-263,EAGLESON RD @ PERTH ST/RICHMOND RD,358014.77213,5007409.48693,-75.82260352530,45.20464203450,2017-01-07,12:34:00 PM,01 - Clear,01 - Daylight,01 - Dry,01 - Traffic signal,01 - Functioning,03 - P.D. only,05 - Turning movement,0
17-264,MOODIE DR @ ROBERTSON RD,357065.90163,5020454.35240,-75.83330882070,45.32209334820,2017-01-07,1:26:00 PM,01 - Clear,01 - Daylight,01 - Dry,01 - Traffic signal,01 - Functioning,03 - P.D. only,03 - Rear end,0
17-265,MCLEOD ST @ O'CONNOR ST,368117.57140,5030594.16559,-75.69104978750,45.41241902910,2017-01-07,1:27:00 PM,01 - Clear,01 - Daylight,01 - Dry,01 - Traffic signal,01 - Functioning,03 - P.D. only,04 - Sideswipe,0
17-266,OAKSIDE CRES btwn GOWARD DR & GOWARD DR,348021.77143,5023630.18745,-75.94839023290,45.35128550390,2017-01-07,1:05:00 PM,01 - Clear,01 - Daylight,02 - Wet,10 - No control,,03 - P.D. only,06 - SMV unattended vehicle,0
17-267,PINNACLE ST @ TRIM RD,387033.39810,5036135.42110,-75.44849029470,45.46030677810,2017-01-07,2:00:00 PM,01 - Clear,01 - Daylight,06 - Ice,02 - Stop sign,01 - Functioning,03 - P.D. only,03 - Rear end,0
17-268,EAGLESON RD @ HAZELDEAN RD/ROBERTSON RD,353674.48327,5018421.88489,-75.87676676040,45.30404911710,2017-01-07,2:22:00 PM,01 - Clear,01 - Daylight,01 - Dry,01 - Traffic signal,01 - Functioning,03 - P.D. only,03 - Rear end,0
17-269,CROYDON AVE @ RICHMOND RD,360547.18774,5025273.64540,-75.78836260040,45.36518946400,2017-01-07,2:21:00 PM,01 - Clear,01 - Daylight,01 - Dry,01 - Traffic signal,01 - Functioning,03 - P.D. only,02 - Angle,0
17-270,BRANT ST @ MCARTHUR AVE,371262.71950,5032806.43537,-75.65057300780,45.43203244240,2017-01-06,5:30:00 PM,01 - Clear,05 - Dusk,03 - Loose snow,01 - Traffic signal,01 - Functioning,03 - P.D. only,03 - Rear end,0
17-271,RICHMOND RD @ HOLLY ACRES RD/NANAIMO DR,359060.38834,5022748.49610,-75.80761796870,45.34258482140,2017-01-07,3:35:00 PM,01 - Clear,01 - Daylight,01 - Dry,01 - Traffic signal,01 - Functioning,03 - P.D. only,03 - Rear end,0
17-272,INDUSTRIAL AVE/INNES RD @ ST. LAURENT BLVD,373100.58577,5030005.56670,-75.62747511290,45.40665449750,2017-01-07,3:40:00 PM,01 - Clear,01 - Daylight,06 - Ice,01 - Traffic signal,01 - Functioning,03 - P.D. only,03 - Rear end,0
17-273,TERRY FOX DR @ PALLADIUM DR/KATIMAVIK RD,351269.24463,5018181.06514,-75.90745855100,45.30204539390,2017-01-07,5:08:00 PM,01 - Clear,05 - Dusk,01 - Dry,01 - Traffic signal,01 - Functioning,03 - P.D. only,03 - Rear end,0
17-274,ABETTI RIDGE btwn ESPIN HTS & JOCKVALE RD,365053.34800,5013471.10400,-75.73227969030,45.25861825130,2017-01-07,5:47:00 PM,01 - Clear,07 - Dark,06 - Ice,10 - No control,,03 - P.D. only,06 - SMV unattended vehicle,0
17-275,INDUSTRIAL AVE btwn SANDFORD FLEMING AVE & NEIGHBORHOOD WAY,371072.22041,5030528.48233,-75.65331384710,45.41155446870,2017-01-07,7:04:00 PM,01 - Clear,07 - Dark,02 - Wet,10 - No control,,03 - P.D. only,04 - Sideswipe,0
17-276,CARLING AVE @ BAYSHORE DR/BIRCHDALE AVE,359003.31290,5023989.74710,-75.80821017640,45.35375803320,2017-01-07,4:20:00 PM,01 - Clear,01 - Daylight,01 - Dry,01 - Traffic signal,01 - Functioning,03 - P.D. only,03 - Rear end,0
17-277,MONTREAL RD @ OLMSTEAD ST,370332.95770,5033213.16085,-75.66240040750,45.43577973060,2017-01-07,12:00:00 AM,01 - Clear,00 - Unknown,01 - Dry,01 - Traffic signal,01 - Functioning,03 - P.D. only,06 - SMV unattended vehicle,0
17-278,SMYTH RD E/LANCASTER RD @ ST. LAURENT BLVD N/R,373362.98730,5029424.86103,-75.62420412670,45.40140392410,2017-01-07,8:07:00 PM,03 - Snow,07 - Dark,05 - Packed snow,01 - Traffic signal,01 - Functioning,03 - P.D. only,07 - SMV other,0
17-279,ST. LAURENT BLVD @ TREMBLAY RD,372597.13402,5031240.86594,-75.63373594440,45.41781810180,2017-01-07,9:16:00 PM,01 - Clear,07 - Dark,06 - Ice,01 - Traffic signal,00 - Unknown,03 - P.D. only,03 - Rear end,0
17-280,BEAUSEJOUR DR @ JEANNE D'ARC BLVD,381420.74710,5036059.71293,-75.52025951700,45.46026370110,2017-01-07,9:40:00 PM,01 - Clear,07 - Dark,02 - Wet,01 - Traffic signal,01 - Functioning,03 - P.D. only,05 - Turning movement,0
17-281,ST. LAURENT BLVD btwn TREMBLAY RD & SHORE ST,372789.08231,5030761.19429,-75.63134982340,45.41348361530,2017-01-07,11:06:00 PM,01 - Clear,07 - Dark,03 - Loose snow,10 - No control,,03 - P.D. only,07 - SMV other,0
17-282,SCOUT ST btwn WHITESTONE DR & CENTRAL PARK DR,364662.73419,5025397.19605,-75.73581540470,45.36596176020,2017-01-08,12:35:00 AM,01 - Clear,07 - Dark,06 - Ice,10 - No control,,03 - P.D. only,01 - Approaching,0
17-283,CALVINGTON AVE @ COUNTRY GLEN WAY,349133.40720,5018437.29360,-75.93466889110,45.30448905690,2017-01-08,12:00:00 AM,01 - Clear,00 - Unknown,06 - Ice,02 - Stop sign,01 - Functioning,03 - P.D. only,06 - SMV unattended vehicle,0
17-284,REGIONAL ROAD 174 btwn OR174 IC105 RAMP63 & OR174 IC102 RAMP36,379767.40732,5037233.70325,-75.54121850980,45.47100572430,2017-01-08,3:53:00 AM,01 - Clear,07 - Dark,01 - Dry,10 - No control,,03 - P.D. only,07 - SMV other,0
17-285,REGIONAL ROAD 174 btwn EAST ST & EAST SHORE RD,391278.95147,5042818.86905,-75.39303541370,45.51992362580,2017-01-08,8:17:00 AM,01 - Clear,01 - Daylight,02 - Wet,10 - No control,,03 - P.D. only,07 - SMV other,0
17-286,WEST HUNT CLUB RD WB btwn WOODROFFE AVE & 354 E OF WOODROFFE AVE/REC P,363885.30642,5021400.43615,-75.74621637330,45.33006529920,2017-01-08,9:57:00 AM,03 - Snow,01 - Daylight,05 - Packed snow,10 - No control,,02 - Non-fatal injury,07 - SMV other,0
17-287,WOODMILL TER btwn BEAM ST & FORESTBROOK ST,348850.30490,5022754.75148,-75.93789470880,45.34335656390,2017-01-08,12:00:00 AM,01 - Clear,00 - Unknown,05 - Packed snow,10 - No control,,03 - P.D. only,06 - SMV unattended vehicle,0
17-288,EAGLESON RD @ PALOMINO DR S/ROTHESAY DR,354124.62490,5017288.24587,-75.87113980400,45.29381693040,2017-01-08,11:20:00 AM,03 - Snow,01 - Daylight,02 - Wet,01 - Traffic signal,00 - Unknown,03 - P.D. only,07 - SMV other,0
17-289,HOLLAND AVE @ TYNDALL ST,365033.41374,5028920.13101,-75.73065405520,45.39762870350,2017-01-08,11:57:00 AM,01 - Clear,01 - Daylight,06 - Ice,01 - Traffic signal,01 - Functioning,03 - P.D. only,03 - Rear end,0
17-290,ARLINGTON AVE @ BRONSON AVE,367223.45987,5029868.68910,-75.70256376850,45.40597173230,2017-01-08,12:33:00 PM,01 - Clear,01 - Daylight,01 - Dry,01 - Traffic signal,01 - Functioning,03 - P.D. only,05 - Turning movement,0
17-291,BLACKBURN BYPASS EB btwn 1700 W OF NAVAN RD & NAVAN RD,378412.21720,5032512.96941,-75.55925448970,45.42867602740,2017-01-08,1:15:00 PM,01 - Clear,01 - Daylight,03 - Loose snow,10 - No control,,03 - P.D. only,07 - SMV other,0
17-292,HAZELDEAN RD btwn GO/KA BOUNDARY & HUNTMAR DR/IBER RD,351146.72548,5016262.92188,-75.90919998330,45.28479349330,2017-01-08,1:40:00 PM,03 - Snow,01 - Daylight,02 - Wet,10 - No control,,03 - P.D. only,05 - Turning movement,0
17-293,BESSERER ST @ DALHOUSIE ST,368253.17507,5032156.86444,-75.68911622870,45.42646737940,2017-01-08,2:18:00 PM,03 - Snow,01 - Daylight,06 - Ice,01 - Traffic signal,00 - Unknown,03 - P.D. only,03 - Rear end,0
17-294,FILION CRES btwn BRIDLEWOOD DR & BRIDLEWOOD DR,354595.69537,5017347.16732,-75.86512838260,45.29431389270,2017-01-08,2:20:00 PM,01 - Clear,01 - Daylight,03 - Loose snow,10 - No control,,03 - P.D. only,06 - SMV unattended vehicle,0
17-295,BROMLEY RD @ SHERBOURNE RD,362923.54686,5026580.94011,-75.75787600850,45.37675932720,2017-01-08,2:28:00 PM,01 - Clear,01 - Daylight,06 - Ice,02 - Stop sign,01 - Functioning,03 - P.D. only,05 - Turning movement,0
17-296,RIVERSIDE DR btwn REVELSTOKE DR & GARDENVIEW PRIV,368242.47778,5024473.79922,-75.69024077470,45.35733839670,2017-01-08,2:35:00 PM,01 - Clear,01 - Daylight,01 - Dry,10 - No control,,03 - P.D. only,02 - Angle,0
17-297,MONTREAL RD @ STE. ANNE ST,370707.45907,5033417.72170,-75.65758690580,45.43758508030,2017-01-08,2:41:00 PM,01 - Clear,01 - Daylight,05 - Packed snow,02 - Stop sign,00 - Unknown,02 - Non-fatal injury,03 - Rear end,0
17-298,MARCH RD @ TERRY FOX DR,349865.46697,5023397.79216,-75.92488275910,45.34907830480,2017-01-08,2:48:00 PM,01 - Clear,01 - Daylight,02 - Wet,01 - Traffic signal,01 - Functioning,03 - P.D. only,03 - Rear end,0
17-299,TIMM DR btwn HAANEL DR & MOODIE DR,355137.13317,5020010.34727,-75.85795526710,45.31823907660,2017-01-08,3:33:00 PM,01 - Clear,01 - Daylight,02 - Wet,10 - No control,,02 - Non-fatal injury,07 - SMV other,0
17-300,DECARIE DR btwn GRENOBLE CRES & GRENOBLE CRES,381090.80913,5038833.03328,-75.52404716360,45.48525184560,2017-01-08,12:00:00 AM,03 - Snow,00 - Unknown,03 - Loose snow,10 - No control,,03 - P.D. only,06 - SMV unattended vehicle,0
17-301,COBOURG ST @ RIDEAU ST,369127.75945,5032788.28536,-75.67785836880,45.43206877900,2017-01-08,4:02:00 PM,01 - Clear,01 - Daylight,02 - Wet,01 - Traffic signal,01 - Functioning,03 - P.D. only,03 - Rear end,0
17-302,MONTREAL RD btwn CODY AVE & OLMSTEAD ST,370256.28647,5033170.46517,-75.66338594050,45.43540275420,2017-01-08,4:57:00 PM,01 - Clear,05 - Dusk,01 - Dry,10 - No control,,03 - P.D. only,04 - Sideswipe,0
17-303,FAIRLEA CRES btwn HEATHERINGTON RD & GORE PRIV,372018.27542,5026803.50439,-75.64173603360,45.37794841670,2017-01-08,5:03:00 PM,01 - Clear,05 - Dusk,06 - Ice,10 - No control,,03 - P.D. only,01 - Approaching,0
17-304,ORLEANS BLVD btwn FOREST VALLEY DR & MEADOWGLEN DR,380280.20793,5034725.15090,-75.53504617800,45.44838049250,2017-01-08,8:06:00 PM,01 - Clear,07 - Dark,02 - Wet,10 - No control,,03 - P.D. only,04 - Sideswipe,0
17-305,TENTH LINE RD btwn 275 N OF DES EPINETTES AVE/FALLINGBROOK SC & DES EP,383559.36741,5037087.21196,-75.49275279260,45.46927039980,2017-01-08,8:08:00 PM,01 - Clear,07 - Dark,06 - Ice,10 - No control,,03 - P.D. only,04 - Sideswipe,0
17-306,FALLOWFIELD RD @ GREENBANK RD,363079.81733,5016734.17204,-75.75704032440,45.28814570580,2017-01-08,9:13:00 PM,01 - Clear,07 - Dark,02 - Wet,01 - Traffic signal,01 - Functioning,03 - P.D. only,03 - Rear end,0
17-307,CARLING AVE WB btwn HWY417 IC124 RAMP76 & KIRKWOOD AVE,364232.37592,5027466.25454,-75.74105970760,45.38461544310,2017-01-08,9:20:00 PM,01 - Clear,07 - Dark,06 - Ice,10 - No control,,03 - P.D. only,07 - SMV other,0
17-308,HUNTMAR DR @ PALLADIUM DR S,349677.32334,5017365.43640,-75.92783033980,45.29480962140,2017-01-08,10:09:00 PM,01 - Clear,07 - Dark,03 - Loose snow,01 - Traffic signal,01 - Functioning,03 - P.D. only,03 - Rear end,0
17-309,ORLEANS BLVD btwn BOYER RD & BEAUSEJOUR DR,380996.27604,5035521.93058,-75.52576972010,45.45547158930,2017-01-09,12:25:00 AM,01 - Clear,07 - Dark,03 - Loose snow,10 - No control,,03 - P.D. only,03 - Rear end,0
17-310,BRONSON/HERON RAMP 34/BRONSON/HERON RAMP 36 @,368626.69235,5026791.59905,-75.68503784350,45.37815847050,2017-01-09,12:31:00 AM,01 - Clear,07 - Dark,01 - Dry,10 - No control,,03 - P.D. only,04 - Sideswipe,0
17-311,WOODROFFE AVE btwn CLARIDGE DR & QUEENSBURY DR,365721.80090,5016343.13833,-75.72341098260,45.28440316170,2017-01-09,3:07:00 AM,01 - Clear,07 - Dark,05 - Packed snow,10 - No control,,02 - Non-fatal injury,07 - SMV other,1
17-312,NAVAHO DR @ WOODROFFE AVE/TRANSITWAY N BASELIN,362706.99237,5023492.42587,-75.76100266380,45.34898711000,2017-01-09,6:39:00 AM,01 - Clear,07 - Dark,04 - Slush,01 - Traffic signal,01 - Functioning,03 - P.D. only,05 - Turning movement,0
17-313,OLD MONTREAL RD btwn KING ARTHUR ST & QUIGLEY HILL RD,388594.43321,5041466.13773,-75.42762334010,45.50808113180,2017-01-09,7:02:00 AM,01 - Clear,03 - Dawn,06 - Ice,10 - No control,,03 - P.D. only,03 - Rear end,0
17-314,COVENTRY RD @ VANIER PKWY,370675.52653,5031610.84463,-75.65823672180,45.42133057970,2017-01-09,7:10:00 AM,01 - Clear,03 - Dawn,02 - Wet,01 - Traffic signal,01 - Functioning,03 - P.D. only,03 - Rear end,0
17-315,BANK ST @ LEITRIM RD,375358.61257,5021617.78036,-75.59983081790,45.33096116930,2017-01-09,7:15:00 AM,01 - Clear,03 - Dawn,02 - Wet,01 - Traffic signal,01 - Functioning,03 - P.D. only,03 - Rear end,0
17-316,GILLESPIE CRES btwn HACKETT ST & VANHURST PL,368442.45370,5023232.43199,-75.68784838020,45.34615074440,2017-01-09,7:19:00 AM,01 - Clear,03 - Dawn,01 - Dry,10 - No control,,03 - P.D. only,06 - SMV unattended vehicle,0