COLLISION_ID,LOCATION,X,Y,LONGITUDE,LATITUDE,DATE,TIME,ENVIRONMENT,LIGHT,SURFACE_CONDITION,TRAFFIC_CONTROL,TRAFFIC_CONTROL_CONDITION,COLLISION_CLASSIFICATION,IMPACT_TYPE,NO_OF_PEDESTRIANS
17-317,BANK ST @ GLEBE AVE,368237.99386,5029785.84886,-75.68961542960,45.40513514990,2017-01-09,7:55:00 AM,03 - Snow,01 - Daylight,06 - Ice,01 - Traffic signal,01 - Functioning,03 - P.D. only,05 - Turning movement,0
17-318,REGIONAL ROAD 174 EB btwn OR174 IC109 RAMP55 & TRANSIT,376545.68123,5035159.94323,-75.58271937030,45.45268580010,2017-01-09,8:17:00 AM,01 - Clear,01 - Daylight,02 - Wet,10 - No control,,03 - P.D. only,03 - Rear end,0
17-319,HWY 417 INNES IC112R57 @ INNES RD,374299.98480,5030753.27970,-75.61204947420,45.41326397780,2017-01-09,7:03:00 AM,01 - Clear,03 - Dawn,02 - Wet,01 - Traffic signal,01 - Functioning,03 - P.D. only,03 - Rear end,0
17-320,REGIONAL ROAD 174 btwn Continuation of REGIONAL ROAD 174 & OR174 IC112,374362.79324,5032519.06674,-75.61099779300,45.42914536170,2017-01-06,12:00:00 PM,01 - Clear,01 - Daylight,01 - Dry,10 - No control,,03 - P.D. only,99 - Other,0
17-321,LEITRIM RD btwn HIGH RD & ALBION RD,373455.55883,5020385.11486,-75.62427753070,45.32005882200,2017-01-09,9:05:00 AM,01 - Clear,01 - Daylight,01 - Dry,10 - No control,,03 - P.D. only,02 - Angle,0
17-322,BASELINE RD @ ROCKWAY CRES,361184.63316,5022932.65899,-75.78049295770,45.34407438900,2017-01-09,9:15:00 AM,01 - Clear,01 - Daylight,04 - Slush,02 - Stop sign,01 - Functioning,03 - P.D. only,02 - Angle,0
17-323,CARLING AVE @ DUNDEE AVE,360363.17782,5024840.37219,-75.79076010330,45.36130549910,2017-01-09,9:17:00 AM,01 - Clear,01 - Daylight,04 - Slush,02 - Stop sign,00 - Unknown,03 - P.D. only,03 - Rear end,0
17-324,PAUL METIVIER DR btwn LEAMINGTON WAY & LONGFIELDS DR,365111.71400,5014243.43900,-75.73144232200,45.26556272120,2017-01-09,9:32:00 AM,01 - Clear,01 - Daylight,05 - Packed snow,10 - No control,,03 - P.D. only,06 - SMV unattended vehicle,0
17-325,CENTRAL PARK DR @ SCOUT ST,364668.75185,5025466.85778,-75.73573015100,45.36658805140,2017-01-09,9:35:00 AM,01 - Clear,01 - Daylight,06 - Ice,02 - Stop sign,01 - Functioning,03 - P.D. only,01 - Approaching,0
17-326,CARLING AVE EB btwn HWY417 IC124 RAMP57 & KIRKWOOD AVE,364271.40035,5027227.43978,-75.74059018740,45.38246331750,2017-01-09,10:11:00 AM,03 - Snow,01 - Daylight,06 - Ice,10 - No control,,03 - P.D. only,03 - Rear end,0
17-327,EARL ARMSTRONG RD btwn RIVER RD & SPRATT RD,367929.19674,5014721.07753,-75.69548164520,45.26961324190,2017-01-09,10:21:00 AM,01 - Clear,01 - Daylight,01 - Dry,10 - No control,,03 - P.D. only,07 - SMV other,0
17-328,CORDOVA ST @ EPWORTH AVE,364043.97936,5023671.78866,-75.74392029420,45.35048933270,2017-01-09,10:43:00 AM,01 - Clear,01 - Daylight,03 - Loose snow,02 - Stop sign,00 - Unknown,03 - P.D. only,07 - SMV other,0
17-329,BASELINE RD/HWY 416 RICHMOND IC75R53 @ RICHMON,358636.02493,5021821.94941,-75.81313341560,45.33428041040,2017-01-09,10:47:00 AM,01 - Clear,01 - Daylight,03 - Loose snow,01 - Traffic signal,01 - Functioning,03 - P.D. only,03 - Rear end,0
17-330,SHEFFIELD RD @ WALKLEY RD,375258.59347,5028784.53880,-75.60008484870,45.39545442080,2017-01-09,11:00:00 AM,01 - Clear,01 - Daylight,02 - Wet,01 - Traffic signal,01 - Functioning,03 - P.D. only,03 - Rear end,0
17-331,FOREST VALLEY DR @ FORESTGLEN CRES S,379736.48977,5035680.94983,-75.54185057610,45.45703855980,2017-01-09,11:16:00 AM,01 - Clear,01 - Daylight,06 - Ice,02 - Stop sign,01 - Functioning,03 - P.D. only,02 - Angle,0
17-332,EARL ARMSTRONG RD @ RIVER RD,367572.12054,5014685.67361,-75.70003625200,45.26932664240,2017-01-09,11:36:00 AM,01 - Clear,01 - Daylight,01 - Dry,01 - Traffic signal,01 - Functioning,03 - P.D. only,03 - Rear end,0
17-333,MELGUND AVE @ MONK ST,368399.43214,5029227.84506,-75.68762531960,45.40009975910,2017-01-07,11:38:00 AM,01 - Clear,01 - Daylight,03 - Loose snow,02 - Stop sign,01 - Functioning,03 - P.D. only,06 - SMV unattended vehicle,0
17-334,BANK ST btwn BANK ST EXTENSION NB & JOHNSTON RD,370807.95368,5024931.37339,-75.65743825450,45.36121867680,2017-01-09,11:58:00 AM,01 - Clear,01 - Daylight,02 - Wet,10 - No control,,03 - P.D. only,04 - Sideswipe,0
17-335,BANK ST @ RIVERSIDE DR N,369223.99916,5027984.40437,-75.67725633270,45.38883629520,2017-01-09,11:59:00 AM,01 - Clear,01 - Daylight,01 - Dry,01 - Traffic signal,01 - Functioning,03 - P.D. only,04 - Sideswipe,0
17-336,BANK ST @ MITCH OWENS RD,377759.51617,5015946.33380,-75.57003946900,45.27968652210,2017-01-09,12:09:00 PM,01 - Clear,01 - Daylight,02 - Wet,01 - Traffic signal,01 - Functioning,03 - P.D. only,05 - Turning movement,0
17-337,BRANTHAVEN ST N @ LAKERIDGE DR,384851.11563,5035011.92079,-75.47657324380,45.45045202180,2017-01-08,6:00:00 PM,01 - Clear,07 - Dark,02 - Wet,02 - Stop sign,00 - Unknown,03 - P.D. only,06 - SMV unattended vehicle,0
17-338,OAK CREEK RD @ RICHARDSON SIDE RD,347206.28364,5018091.47650,-75.95927166010,45.30149626330,2017-01-09,10:00:00 AM,01 - Clear,01 - Daylight,06 - Ice,02 - Stop sign,01 - Functioning,03 - P.D. only,99 - Other,0
17-339,INDUSTRIAL AVE @ RIVERSIDE DR,370683.00186,5030592.55340,-75.65827735200,45.41216770490,2017-01-09,1:01:00 PM,01 - Clear,01 - Daylight,01 - Dry,01 - Traffic signal,01 - Functioning,03 - P.D. only,03 - Rear end,0
17-340,BANK ST @ COLLINS AVE/WILDWOOD AVE,370049.96933,5026697.16207,-75.66687932180,45.37717765400,2017-01-09,1:29:00 PM,03 - Snow,01 - Daylight,04 - Slush,02 - Stop sign,01 - Functioning,03 - P.D. only,02 - Angle,0
17-341,HERON RD @ BAYCREST DR,371142.87093,5026977.82776,-75.65288881340,45.37960035380,2017-01-05,7:10:00 PM,01 - Clear,07 - Dark,06 - Ice,01 - Traffic signal,01 - Functioning,03 - P.D. only,03 - Rear end,0
17-342,RIDEAU ST btwn NELSON ST & FRIEL ST,368665.18228,5032506.28828,-75.68380631020,45.42957387070,2017-01-09,2:29:00 PM,01 - Clear,01 - Daylight,01 - Dry,10 - No control,,03 - P.D. only,06 - SMV unattended vehicle,0
17-343,STEDMAN ST btwn HIDDEN MEADOW AVE & MEANDERING BROOK DR,373140.26810,5022801.25978,-75.62796512000,45.34182923220,2017-01-09,3:11:00 PM,01 - Clear,01 - Daylight,02 - Wet,10 - No control,,03 - P.D. only,06 - SMV unattended vehicle,0
17-344,NAVAHO DR btwn WOODROFFE AVE & Continuation of NAVAHO DR,362755.48735,5023522.68934,-75.76038028560,45.34925541200,2017-01-09,3:12:00 PM,01 - Clear,01 - Daylight,01 - Dry,10 - No control,,03 - P.D. only,02 - Angle,0
17-345,HATCHLEY RD @ DEVONWOOD CIRC W,375561.43763,5020355.73510,-75.59742390460,45.31958537790,2017-01-09,4:04:00 PM,01 - Clear,05 - Dusk,06 - Ice,02 - Stop sign,01 - Functioning,03 - P.D. only,01 - Approaching,0
17-346,ARGYLE AVE btwn O'CONNOR ST & METCALFE ST,368223.94527,5030509.11368,-75.68970182690,45.41164412730,2017-01-09,3:48:00 PM,01 - Clear,01 - Daylight,06 - Ice,10 - No control,,03 - P.D. only,06 - SMV unattended vehicle,0
17-347,OLD COUNTRY GT btwn VIEWMOUNT DR & HOMESTEAD ST,366803.75969,5023894.58421,-75.70867496780,45.35225543880,2017-01-09,4:05:00 PM,01 - Clear,01 - Daylight,06 - Ice,10 - No control,,03 - P.D. only,06 - SMV unattended vehicle,0
17-348,BLAIR RD @ REGIONAL RD 174 S/OR174 IC112 RAMP15,374908.88136,5032661.44878,-75.60399945110,45.43037190960,2017-01-09,1:30:00 PM,01 - Clear,01 - Daylight,01 - Dry,01 - Traffic signal,01 - Functioning,03 - P.D. only,02 - Angle,0
17-349,MCARTHUR AVE @ IRWIN MILLER ST,371079.11776,5032784.70385,-75.65292219670,45.43185433700,2017-01-09,5:28:00 PM,01 - Clear,05 - Dusk,02 - Wet,01 - Traffic signal,01 - Functioning,03 - P.D. only,02 - Angle,0
17-350,EIGHTH LINE RD E @ HALL RD E,385109.86556,5025150.72662,-75.47487191660,45.36169980370,2017-01-08,10:30:00 PM,01 - Clear,07 - Dark,05 - Packed snow,02 - Stop sign,01 - Functioning,03 - P.D. only,07 - SMV other,0
17-351,MERIVALE RD @ ROSSLAND AVE,364672.46243,5024147.81030,-75.73584258020,45.35471913800,2017-01-09,6:33:00 PM,03 - Snow,07 - Dark,06 - Ice,02 - Stop sign,01 - Functioning,03 - P.D. only,02 - Angle,0
17-352,NAVAN RD btwn DIAMOND WAY & TENTH LINE RD,385592.46692,5031866.58755,-75.46761305790,45.42206792520,2017-01-09,6:37:00 PM,01 - Clear,07 - Dark,01 - Dry,10 - No control,,03 - P.D. only,07 - SMV other,0
17-353,BRONSON AVE @ POWELL AVE,367388.01316,5029476.84703,-75.70051160250,45.40243135670,2017-01-09,6:42:00 PM,01 - Clear,07 - Dark,05 - Packed snow,01 - Traffic signal,00 - Unknown,03 - P.D. only,04 - Sideswipe,0
17-354,HAZELDEAN RD @ TERRY FOX DR,352208.46937,5017242.45100,-75.89557265330,45.29353674840,2017-01-09,7:18:00 PM,03 - Snow,07 - Dark,04 - Slush,01 - Traffic signal,01 - Functioning,03 - P.D. only,03 - Rear end,0
17-355,CUMMINGS AVE @ DONALD ST,372649.86353,5032413.29574,-75.63290079970,45.42836195670,2017-01-09,7:20:00 PM,01 - Clear,07 - Dark,01 - Dry,01 - Traffic signal,01 - Functioning,03 - P.D. only,05 - Turning movement,0
17-356,QUEEN MARY ST @ VANIER PKWY,370363.71050,5031957.20987,-75.66217460650,45.42447632590,2017-01-09,9:15:00 PM,01 - Clear,07 - Dark,02 - Wet,01 - Traffic signal,01 - Functioning,03 - P.D. only,99 - Other,0
17-357,LAURIER AVE @ NICHOLAS ST,368376.21211,5031797.41153,-75.68759046190,45.42322197640,2017-01-09,9:30:00 PM,01 - Clear,07 - Dark,02 - Wet,01 - Traffic signal,01 - Functioning,02 - Non-fatal injury,07 - SMV other,1
17-358,SHEFFIELD RD btwn BANTREE ST & LEEDS AVE,374823.32128,5029643.36352,-75.60552164810,45.40322535590,2017-01-10,12:17:00 AM,03 - Snow,07 - Dark,06 - Ice,10 - No control,,03 - P.D. only,07 - SMV other,0
17-359,MARCH RD btwn TALL FOREST DR & HUNTMAR DR,343995.64745,5023411.88088,-75.99978812020,45.34955769520,2017-01-10,2:58:00 AM,03 - Snow,07 - Dark,04 - Slush,10 - No control,,03 - P.D. only,07 - SMV other,0
17-360,BLAIR RD @ REGIONAL RD 174 S/OR174 IC112 RAMP15,374906.81032,5032659.48081,-75.60402619700,45.43035441030,2017-01-10,8:30:00 AM,03 - Snow,01 - Daylight,04 - Slush,01 - Traffic signal,00 - Unknown,03 - P.D. only,07 - SMV other,0
17-361,FALAISE RD @ FISHER AVE,366775.23483,5024561.28441,-75.70895540470,45.35825679880,2017-01-10,8:38:00 AM,01 - Clear,01 - Daylight,06 - Ice,02 - Stop sign,01 - Functioning,03 - P.D. only,03 - Rear end,0
17-362,CEDARWOOD DR @ WALKLEY RD,371193.87023,5026453.80726,-75.65230814730,45.37488057340,2017-01-10,8:43:00 AM,01 - Clear,01 - Daylight,04 - Slush,01 - Traffic signal,01 - Functioning,03 - P.D. only,03 - Rear end,0
17-363,LEITRIM RD @ LIMEBANK RD S,369357.43314,5017876.60743,-75.67687154940,45.29787656500,2017-01-10,9:15:00 AM,01 - Clear,01 - Daylight,01 - Dry,01 - Traffic signal,01 - Functioning,03 - P.D. only,03 - Rear end,0
17-364,CENTER ST @ MONTREAL RD,371820.25258,5033956.44488,-75.64329167920,45.44232647540,2017-01-10,9:19:00 AM,01 - Clear,01 - Daylight,01 - Dry,02 - Stop sign,00 - Unknown,03 - P.D. only,04 - Sideswipe,0
17-365,SWEETLAND AVE btwn SOMERSET ST E & TEMPLETON ST,369202.87370,5031764.92638,-75.67703229090,45.42285407030,2017-01-10,9:32:00 AM,01 - Clear,01 - Daylight,02 - Wet,10 - No control,,03 - P.D. only,06 - SMV unattended vehicle,0
17-366,OGILVIE RD @ BATHGATE DR/CITYPARK DR W,373831.04900,5032801.83992,-75.61775295120,45.43174229220,2017-01-09,6:30:00 PM,01 - Clear,07 - Dark,04 - Slush,01 - Traffic signal,01 - Functioning,03 - P.D. only,04 - Sideswipe,0
17-367,LENESTER AVE @ MAITLAND AVE,363079.35145,5026145.33783,-75.75593826090,45.37282689090,2017-01-10,11:45:00 AM,01 - Clear,01 - Daylight,02 - Wet,02 - Stop sign,01 - Functioning,02 - Non-fatal injury,01 - Approaching,0
17-368,GREENFIELD AVE @ MAIN ST,368893.21644,5030816.19977,-75.68111222510,45.41434620630,2017-01-10,12:55:00 PM,01 - Clear,01 - Daylight,01 - Dry,01 - Traffic signal,01 - Functioning,03 - P.D. only,02 - Angle,0
17-369,EDISON AVE btwn RAVENHILL AVE & KENWOOD AVE,363248.62536,5028043.49056,-75.75355257590,45.38989210230,2017-01-10,1:01:00 PM,01 - Clear,01 - Daylight,04 - Slush,10 - No control,,03 - P.D. only,06 - SMV unattended vehicle,0
17-370,CYMBELINE DR btwn OBERON ST & SEYTON DR,356788.00095,5020030.24193,-75.83689793180,45.31829778840,2017-01-10,12:00:00 PM,01 - Clear,01 - Daylight,03 - Loose snow,10 - No control,,03 - P.D. only,01 - Approaching,0
17-371,WEST RIDGE DR @ WHALINGS CIRC,348693.38053,5013665.56524,-75.94070182400,45.26157901610,2017-01-10,1:42:00 PM,03 - Snow,01 - Daylight,03 - Loose snow,02 - Stop sign,01 - Functioning,03 - P.D. only,03 - Rear end,0
17-372,KELLY AVE @ MONCTON RD,360355.67510,5023984.23281,-75.79095208570,45.35360257670,2017-01-07,11:00:00 AM,01 - Clear,01 - Daylight,06 - Ice,02 - Stop sign,01 - Functioning,03 - P.D. only,07 - SMV other,0
17-373,FIFTH AVE @ O'CONNOR ST,368718.70700,5029591.42497,-75.68350041800,45.40334205640,2017-01-09,4:00:00 PM,03 - Snow,05 - Dusk,02 - Wet,02 - Stop sign,01 - Functioning,03 - P.D. only,06 - SMV unattended vehicle,0
17-374,ROGER STEVENS DR btwn MALAKOFF RD & MCCORDICK RD,363540.14693,4997287.36669,-75.75346445590,45.11312228100,2017-01-10,3:01:00 PM,03 - Snow,01 - Daylight,06 - Ice,10 - No control,,03 - P.D. only,04 - Sideswipe,0
17-375,JOCKVALE RD btwn WEYBRIDGE DR & TARTAN DR,362586.75093,5015112.13147,-75.76351434430,45.27359123880,2017-01-10,3:17:00 PM,03 - Snow,01 - Daylight,04 - Slush,10 - No control,,03 - P.D. only,07 - SMV other,0
17-376,CHARLOTTE ST/TORMEY ST @ BRIGADIER PRIV,369204.66251,5032911.66597,-75.67685947230,45.43317183160,2017-01-10,3:17:00 PM,03 - Snow,01 - Daylight,05 - Packed snow,10 - No control,,03 - P.D. only,02 - Angle,0
17-377,BANFF AVE @ KITCHENER AVE,370725.44164,5025604.67353,-75.65840154240,45.36728457820,2017-01-05,7:20:00 PM,01 - Clear,07 - Dark,06 - Ice,02 - Stop sign,01 - Functioning,03 - P.D. only,03 - Rear end,0
17-378,PARKDALE AVE @ KENILWORTH ST,365444.94933,5028595.92583,-75.72543795380,45.39467605340,2017-01-10,5:19:00 PM,03 - Snow,05 - Dusk,03 - Loose snow,02 - Stop sign,01 - Functioning,03 - P.D. only,02 - Angle,0
17-379,HOLLAND AVE btwn ARMSTRONG ST & WELLINGTON ST W,364916.82261,5029184.61501,-75.73211087330,45.40001849420,2017-01-10,5:22:00 PM,03 - Snow,05 - Dusk,03 - Loose snow,10 - No control,,03 - P.D. only,06 - SMV unattended vehicle,0
17-380,BOOTH ST @ CARLING AVE,367095.46237,5029108.43607,-75.70429476620,45.39914259200,2017-01-10,5:30:00 PM,03 - Snow,05 - Dusk,03 - Loose snow,01 - Traffic signal,01 - Functioning,03 - P.D. only,05 - Turning movement,0
17-381,COLONNADE RD btwn MERIVALE RD & COLONNADE RD N,365457.21938,5022580.59378,-75.72601978450,45.34055010760,2017-01-10,5:40:00 PM,03 - Snow,07 - Dark,06 - Ice,10 - No control,,03 - P.D. only,05 - Turning movement,0
17-382,MERIVALE RD @ WEST HUNT CLUB RD,365613.44567,5021942.12297,-75.72410500220,45.33479170830,2017-01-10,5:30:00 PM,03 - Snow,05 - Dusk,03 - Loose snow,01 - Traffic signal,00 - Unknown,03 - P.D. only,05 - Turning movement,0
17-383,LYNDALE AVE @ PARKDALE AVE,364860.84393,5029928.72103,-75.73273521140,45.40671860080,2017-01-10,5:58:00 PM,01 - Clear,07 - Dark,01 - Dry,01 - Traffic signal,00 - Unknown,03 - P.D. only,06 - SMV unattended vehicle,0
17-384,ST. JOSEPH BLVD @ FOREST VALLEY DR/YOUVILLE DR,379169.33625,5036151.48532,-75.54903010900,45.46133268420,2017-01-10,6:06:00 PM,03 - Snow,07 - Dark,03 - Loose snow,01 - Traffic signal,01 - Functioning,02 - Non-fatal injury,05 - Turning movement,0
17-385,PRESTON ST @ ELM ST,366246.09721,5030273.05035,-75.71499762430,45.40969654850,2017-01-10,6:27:00 PM,03 - Snow,07 - Dark,03 - Loose snow,01 - Traffic signal,01 - Functioning,03 - P.D. only,01 - Approaching,0
17-386,INNES RD @ STAR TOP RD/WINDMILL LANE,374145.24747,5030665.11850,-75.61403860520,45.41248609850,2017-01-10,6:37:00 PM,03 - Snow,07 - Dark,03 - Loose snow,01 - Traffic signal,01 - Functioning,03 - P.D. only,04 - Sideswipe,0
17-387,COLONEL BY DR/SUSSEX DR @ RIDEAU ST,367923.54692,5032042.08783,-75.69334291720,45.42546448390,2017-01-10,12:46:00 PM,03 - Snow,01 - Daylight,04 - Slush,01 - Traffic signal,00 - Unknown,03 - P.D. only,03 - Rear end,0
17-388,MAJESTIC DR @ WOODROFFE AVE,363527.69340,5021570.13555,-75.75075811190,45.33162225950,2017-01-10,7:16:00 PM,03 - Snow,07 - Dark,03 - Loose snow,01 - Traffic signal,01 - Functioning,03 - P.D. only,05 - Turning movement,0
17-389,TENTH LINE RD btwn OLD TENTH LINE RD & TOMPKINS AVE,383140.34008,5038116.17945,-75.49794680200,45.47857524730,2017-01-10,6:40:00 PM,03 - Snow,07 - Dark,03 - Loose snow,10 - No control,,03 - P.D. only,03 - Rear end,0
17-390,DONALD ST @ ST. LAURENT BLVD,372092.62742,5032473.39901,-75.64001307290,45.42895657290,2017-01-10,5:00:00 PM,03 - Snow,05 - Dusk,04 - Slush,01 - Traffic signal,01 - Functioning,03 - P.D. only,05 - Turning movement,0
17-391,ROGER STEVENS DR btwn MCCORDICK RD & CRAIGHURST DR,365098.65462,4998603.81622,-75.73350035700,45.12483681350,2017-01-10,8:10:00 PM,03 - Snow,07 - Dark,03 - Loose snow,10 - No control,,03 - P.D. only,03 - Rear end,0
17-392,IONA ST @ ISLAND PARK DR,364349.70440,5028381.84660,-75.73945109570,45.39284380880,2017-01-10,8:29:00 PM,03 - Snow,07 - Dark,03 - Loose snow,01 - Traffic signal,01 - Functioning,03 - P.D. only,02 - Angle,0
17-393,225 E OF RIVERSIDE DR / T & T SC @ HUNT CLUB RD,368235.69760,5022055.97860,-75.69063740580,45.33558399620,2017-01-10,8:34:00 PM,03 - Snow,07 - Dark,05 - Packed snow,01 - Traffic signal,01 - Functioning,03 - P.D. only,03 - Rear end,0
17-394,FRANK KENNY RD btwn FRENCH HILL RD & WALL RD,388903.70789,5035234.01672,-75.42473319280,45.45197427650,2017-01-10,8:55:00 PM,03 - Snow,07 - Dark,03 - Loose snow,10 - No control,,03 - P.D. only,07 - SMV other,0
17-395,INNES RD @ VISENEAU DR,381799.50157,5035072.43030,-75.51557172730,45.45133930710,2017-01-10,9:06:00 PM,04 - Freezing Rain,07 - Dark,03 - Loose snow,01 - Traffic signal,01 - Functioning,03 - P.D. only,05 - Turning movement,0
17-396,POULIN AVE @ RICHMOND RD,360327.39614,5024900.51380,-75.79121004880,45.36184948610,2017-01-10,9:23:00 PM,03 - Snow,07 - Dark,03 - Loose snow,01 - Traffic signal,01 - Functioning,03 - P.D. only,05 - Turning movement,0
17-397,BANTREE ST @ SHEFFIELD RD,374646.74090,5030043.68213,-75.60772030600,45.40684486030,2017-01-10,9:31:00 PM,03 - Snow,07 - Dark,03 - Loose snow,03 - Yield sign,01 - Functioning,03 - P.D. only,07 - SMV other,0
17-398,WOODROFFE AVE btwn TURN LANE & TALLWOOD DR,363048.23966,5022750.16151,-75.75673551340,45.34228001520,2017-01-10,9:44:00 PM,02 - Rain,07 - Dark,03 - Loose snow,10 - No control,,03 - P.D. only,05 - Turning movement,0
17-399,AVIATION PKWY @ OGILVIE RD,373110.71420,5032374.86886,-75.62701729300,45.42797135330,2017-01-10,10:15:00 PM,03 - Snow,07 - Dark,04 - Slush,01 - Traffic signal,01 - Functioning,03 - P.D. only,04 - Sideswipe,0
17-400,FIELDSTONE CRES W @ GREY NUNS DR W,379867.98473,5037144.21067,-75.53994604710,45.47018973650,2017-01-10,10:44:00 PM,03 - Snow,07 - Dark,03 - Loose snow,02 - Stop sign,01 - Functioning,02 - Non-fatal injury,02 - Angle,0
17-401,INNES RD btwn ANDERSON RD & INNES RD,376412.43509,5031913.69505,-75.58489500370,45.42349173010,2017-01-10,11:45:00 PM,03 - Snow,07 - Dark,03 - Loose snow,10 - No control,,03 - P.D. only,01 - Approaching,0
17-402,ONSLOW CRES btwn BELGRAVE RD & ELLIOT AVE,369703.16636,5029702.65911,-75.67091157630,45.40425231910,2017-01-11,12:06:00 AM,03 - Snow,07 - Dark,04 - Slush,10 - No control,,03 - P.D. only,03 - Rear end,0
17-403,BANKFIELD RD btwn HWY416 IC57 RAMP62 & KILREEN LANE,365539.29516,5008500.41324,-75.72669544610,45.21385003660,2017-01-11,12:10:00 AM,04 - Freezing Rain,07 - Dark,05 - Packed snow,10 - No control,,03 - P.D. only,07 - SMV other,0
17-404,ST. LAURENT BLVD @ COVENTRY RD/OGILVIE RD,372304.83156,5031952.69343,-75.63737281920,45.42425105960,2017-01-11,12:20:00 AM,02 - Rain,07 - Dark,03 - Loose snow,01 - Traffic signal,01 - Functioning,03 - P.D. only,07 - SMV other,0
17-405,BROOKFIELD RD btwn RIVERSIDE DR/HOG'S BACK RD & 200 W OF FLANNERY DR,368367.71100,5026243.98073,-75.68841476630,45.37325469430,2017-01-11,5:48:00 AM,01 - Clear,07 - Dark,02 - Wet,10 - No control,,03 - P.D. only,07 - SMV other,0
17-406,METCALFE ST @ SLATER ST,367733.19754,5031549.95103,-75.69583802700,45.42105355170,2017-01-11,6:30:00 AM,02 - Rain,07 - Dark,04 - Slush,01 - Traffic signal,01 - Functioning,03 - P.D. only,02 - Angle,0
17-407,BELFAST RD @ ST. LAURENT BLVD,372860.25073,5030578.32531,-75.63046590980,45.41183132690,2017-01-11,6:47:00 AM,01 - Clear,07 - Dark,02 - Wet,01 - Traffic signal,01 - Functioning,03 - P.D. only,03 - Rear end,0
17-408,VANIER PKWY/CRICHTON ST @ BEECHWOOD AVE/ST. PA,369126.92481,5033486.14089,-75.67777785040,45.43834788720,2017-01-11,7:46:00 AM,01 - Clear,03 - Dawn,04 - Slush,01 - Traffic signal,01 - Functioning,03 - P.D. only,04 - Sideswipe,0
17-409,VANIER PKWY NB btwn DESCHAMPS AVE & MONTREAL RD,369968.47980,5033173.73378,-75.66706364920,45.43545904590,2017-01-11,9:12:00 AM,01 - Clear,01 - Daylight,02 - Wet,10 - No control,,03 - P.D. only,03 - Rear end,0
17-410,REGIONAL RD 174 EB btwn REGIONAL RD 174 & TRIM RD,384365.60612,5039973.41589,-75.48197589150,45.49514631490,2017-01-11,9:27:00 AM,01 - Clear,01 - Daylight,02 - Wet,10 - No control,,03 - P.D. only,04 - Sideswipe,0
17-411,DAMSELFLY WAY btwn BROAD COVE CRES & RIVER MIST RD,364961.79830,5011559.64530,-75.73367740090,45.24142673430,2017-01-10,12:00:00 AM,03 - Snow,00 - Unknown,03 - Loose snow,10 - No control,,03 - P.D. only,06 - SMV unattended vehicle,0
17-412,BANK ST @ LEITRIM RD,375357.75420,5021620.62280,-75.59984136260,45.33098683030,2017-01-11,9:37:00 AM,01 - Clear,01 - Daylight,02 - Wet,01 - Traffic signal,01 - Functioning,03 - P.D. only,02 - Angle,0
17-413,ALBERT ST @ BANK ST,367385.70300,5031423.57700,-75.70029393740,45.41994765170,2017-01-11,9:39:00 AM,01 - Clear,01 - Daylight,02 - Wet,01 - Traffic signal,00 - Unknown,03 - P.D. only,99 - Other,0
17-414,EAGLESON RD @ HOPE SIDE RD/TERRY FOX DR,355189.01127,5014615.14653,-75.85784175560,45.26968828910,2017-01-11,10:11:00 AM,01 - Clear,01 - Daylight,02 - Wet,01 - Traffic signal,00 - Unknown,03 - P.D. only,99 - Other,0
17-415,RIVERSIDE DR @ SMYTH RD SOUTH SIDE RAMP,369790.16164,5028999.69264,-75.66989303010,45.39791920430,2017-01-11,10:28:00 AM,01 - Clear,01 - Daylight,04 - Slush,01 - Traffic signal,01 - Functioning,03 - P.D. only,03 - Rear end,0
17-416,QUEEN MARY ST @ VANIER PKWY,370366.28561,5031957.58510,-75.66214165340,45.42447946040,2017-01-11,10:30:00 AM,01 - Clear,01 - Daylight,03 - Loose snow,01 - Traffic signal,01 - Functioning,03 - P.D. only,03 - Rear end,0
17-417,BASELINE RD @ WOODROFFE AVE,362548.83183,5023769.64633,-75.76298853510,45.35149455960,2017-01-11,1:36:00 PM,01 - Clear,01 - Daylight,02 - Wet,01 - Traffic signal,01 - Functioning,02 - Non-fatal injury,03 - Rear end,0
17-418,IBER RD btwn HARRY DOUGLAS DR & ABBOTT ST E,351755.56234,5015135.41496,-75.90154599100,45.27460744880,2017-01-11,2:30:00 PM,01 - Clear,01 - Daylight,04 - Slush,10 - No control,,02 - Non-fatal injury,03 - Rear end,0
17-419,GOWARD DR btwn EDGEMOORE CRES & HALTON TER,348276.19957,5023759.15338,-75.94513195360,45.35243024360,2017-01-11,4:04:00 PM,01 - Clear,01 - Daylight,03 - Loose snow,10 - No control,,03 - P.D. only,06 - SMV unattended vehicle,0
17-420,ST. JOSEPH BLVD btwn COUSINEAU ST & DUSSERE ST,380740.26318,5037048.47213,-75.52880676560,45.46923405820,2017-01-11,4:06:00 PM,01 - Clear,01 - Daylight,04 - Slush,10 - No control,,03 - P.D. only,05 - Turning movement,0