COLLISION_ID,LOCATION,X,Y,LONGITUDE,LATITUDE,DATE,TIME,ENVIRONMENT,LIGHT,SURFACE_CONDITION,TRAFFIC_CONTROL,TRAFFIC_CONTROL_CONDITION,COLLISION_CLASSIFICATION,IMPACT_TYPE,NO_OF_PEDESTRIANS
17-421,BASELINE RD @ FARLANE BLVD,365356.69210,5025519.40957,-75.72694243270,45.36700180540,2017-01-11,3:32:00 PM,01 - Clear,01 - Daylight,02 - Wet,01 - Traffic signal,01 - Functioning,03 - P.D. only,05 - Turning movement,0
17-422,BANKFIELD RD @ PRINCE OF WALES DR,366378.58738,5008973.54416,-75.71595246020,45.21803444250,2017-01-11,3:38:00 PM,01 - Clear,01 - Daylight,01 - Dry,01 - Traffic signal,01 - Functioning,03 - P.D. only,03 - Rear end,0
17-423,OGILVIE RD @ ELMRIDGE DR/JASMINE CRES N,375420.73010,5034059.22135,-75.59725824960,45.44289675490,2017-01-11,4:27:00 PM,02 - Rain,01 - Daylight,02 - Wet,01 - Traffic signal,01 - Functioning,02 - Non-fatal injury,02 - Angle,0
17-424,LENESTER AVE @ MAITLAND AVE,363078.68790,5026148.40027,-75.75594637110,45.37285450210,2017-01-11,4:38:00 PM,01 - Clear,05 - Dusk,02 - Wet,02 - Stop sign,01 - Functioning,02 - Non-fatal injury,02 - Angle,0
17-425,DALHOUSIE ST btwn GEORGE ST & RIDEAU ST,368161.13108,5032310.43949,-75.69027260610,45.42785753830,2017-01-11,5:24:00 PM,01 - Clear,05 - Dusk,02 - Wet,10 - No control,,03 - P.D. only,06 - SMV unattended vehicle,0
17-426,AVONDALE AVE @ MELBOURNE AVE,363390.78370,5027519.44390,-75.75179944060,45.38516493320,2017-01-11,5:25:00 PM,03 - Snow,05 - Dusk,02 - Wet,02 - Stop sign,01 - Functioning,03 - P.D. only,02 - Angle,0
17-427,BANK ST @ DAVIDSON RD/LESTER RD,373674.56207,5022925.21172,-75.62113097270,45.34289225210,2017-01-11,5:38:00 PM,01 - Clear,05 - Dusk,01 - Dry,01 - Traffic signal,01 - Functioning,03 - P.D. only,02 - Angle,0
17-428,MARCH RD btwn MARCH RD & BEACHVALE LANE,344197.36419,5023597.28861,-75.99719915440,45.35121475120,2017-01-11,5:55:00 PM,01 - Clear,07 - Dark,01 - Dry,10 - No control,,03 - P.D. only,07 - SMV other,0
17-429,DWYER HILL RD @ ROGER STEVENS DR,354336.20755,4989351.94070,-75.87121436350,45.04241957760,2017-01-11,6:41:00 PM,01 - Clear,07 - Dark,01 - Dry,02 - Stop sign,01 - Functioning,02 - Non-fatal injury,02 - Angle,0
17-430,GLENORA AVE @ HAZEL ST,369090.13539,5030145.41847,-75.67868403420,45.40829268730,2017-01-11,6:42:00 PM,01 - Clear,07 - Dark,05 - Packed snow,02 - Stop sign,01 - Functioning,03 - P.D. only,06 - SMV unattended vehicle,0
17-431,ST. LAURENT BLVD @ WALKLEY RD,373903.60847,5028048.57184,-75.61749205060,45.38896756340,2017-01-11,9:17:00 PM,02 - Rain,07 - Dark,06 - Ice,01 - Traffic signal,01 - Functioning,03 - P.D. only,03 - Rear end,0
17-432,INNES RD @ STONEHENGE CRES E,375363.74250,5031312.47425,-75.59838023040,45.41818884870,2017-01-12,6:43:00 AM,02 - Rain,07 - Dark,02 - Wet,01 - Traffic signal,01 - Functioning,02 - Non-fatal injury,02 - Angle,0
17-433,REGIONAL ROAD 174 btwn QUIGLEY HILL RD & CAMERON ST,388867.96071,5042469.39734,-75.42395142140,45.51707437010,2017-01-12,6:55:00 AM,02 - Rain,07 - Dark,02 - Wet,10 - No control,,03 - P.D. only,01 - Approaching,0
17-434,WILHAVEN DR btwn BECKETT'S CREEK RD & CANAAN RD,395085.32643,5041123.93949,-75.34463417140,45.50419254620,2017-01-12,7:18:00 AM,02 - Rain,03 - Dawn,06 - Ice,10 - No control,,03 - P.D. only,99 - Other,0
17-435,NAVAN RD btwn RENAUD RD & MER BLEUE RD,382903.85305,5032452.09224,-75.50187068490,45.42764115270,2017-01-12,7:31:00 AM,02 - Rain,03 - Dawn,02 - Wet,10 - No control,,02 - Non-fatal injury,07 - SMV other,1
17-436,ERINDALE DR @ BASELINE RD,363856.94163,5024575.89773,-75.74619908860,45.35864017710,2017-01-12,8:55:00 AM,02 - Rain,01 - Daylight,02 - Wet,02 - Stop sign,01 - Functioning,03 - P.D. only,02 - Angle,0
17-437,HUNTMAR DR @ OLD CARP RD,345201.43017,5022383.63253,-75.98448461640,45.34023676560,2017-01-12,7:00:00 AM,"07 - Fog, mist, smoke, dust",07 - Dark,02 - Wet,02 - Stop sign,00 - Unknown,03 - P.D. only,07 - SMV other,0
17-438,BANK ST @ CATHERINE ST,368040.56377,5030266.71363,-75.69207555450,45.40947968420,2017-01-12,8:49:00 AM,02 - Rain,01 - Daylight,02 - Wet,01 - Traffic signal,01 - Functioning,03 - P.D. only,04 - Sideswipe,0
17-439,MARCH RD btwn SOLANDT RD & STATION RD,350582.07748,5022602.37625,-75.91581160490,45.34187457140,2017-01-12,8:55:00 AM,01 - Clear,01 - Daylight,02 - Wet,10 - No control,,03 - P.D. only,05 - Turning movement,0
17-440,BRONSON AVE @ IMPERIAL AVE/PLYMOUTH ST,367318.18022,5029643.80104,-75.70138238380,45.40393980080,2017-01-12,10:10:00 AM,02 - Rain,01 - Daylight,02 - Wet,10 - No control,,03 - P.D. only,04 - Sideswipe,0
17-441,PAUL ANKA DR btwn UPLANDS DR & SAMPLE RD,369441.01714,5023368.03043,-75.67508914680,45.34727950940,2017-01-12,12:00:00 AM,01 - Clear,00 - Unknown,02 - Wet,10 - No control,,03 - P.D. only,06 - SMV unattended vehicle,0
17-442,SMYTH RD E/LANCASTER RD @ ST. LAURENT BLVD N/R,373364.07389,5029424.56544,-75.62419028960,45.40140115800,2017-01-12,12:23:00 PM,02 - Rain,01 - Daylight,02 - Wet,01 - Traffic signal,01 - Functioning,03 - P.D. only,04 - Sideswipe,0
17-443,MACKENZIE KING BR/WALLER ST @ NICHOLAS ST/WALL,368372.14560,5031991.78013,-75.68761733590,45.42497120650,2017-01-12,12:49:00 PM,03 - Snow,01 - Daylight,04 - Slush,01 - Traffic signal,01 - Functioning,03 - P.D. only,03 - Rear end,0
17-444,KING EDWARD AVE @ LAURIER AVE,368740.56557,5032036.29934,-75.68290403140,45.42533819430,2017-01-12,2:05:00 PM,01 - Clear,01 - Daylight,02 - Wet,01 - Traffic signal,01 - Functioning,03 - P.D. only,03 - Rear end,0
17-445,WOODROFFE AVE @ QUEENSBURY DR/RIDEAUCREST DR,365728.24424,5016329.26031,-75.72333055950,45.28427772970,2017-01-12,4:13:00 PM,02 - Rain,01 - Daylight,02 - Wet,01 - Traffic signal,01 - Functioning,02 - Non-fatal injury,07 - SMV other,1
17-446,EARL ARMSTRONG RD @ BOWESVILLE RD,372560.77798,5017440.39113,-75.63609200780,45.29364996760,2017-01-12,4:23:00 PM,01 - Clear,01 - Daylight,02 - Wet,02 - Stop sign,01 - Functioning,03 - P.D. only,02 - Angle,0
17-447,FALLOWFIELD RD @ STRANDHERD DR,360751.36643,5014963.87104,-75.78692097200,45.27240561260,2017-01-12,6:25:00 AM,02 - Rain,07 - Dark,02 - Wet,01 - Traffic signal,00 - Unknown,03 - P.D. only,01 - Approaching,0
17-448,CASTLEFRANK RD btwn SHELDRAKE DR & GLAMORGAN DR,353313.24276,5016470.79595,-75.88156378660,45.28651780510,2017-01-12,4:30:00 PM,01 - Clear,01 - Daylight,05 - Packed snow,10 - No control,,03 - P.D. only,06 - SMV unattended vehicle,0
17-449,BASELINE RD @ SANDCASTLE DR,359630.52737,5021988.35127,-75.80042756760,45.33570069340,2017-01-12,4:51:00 PM,01 - Clear,05 - Dusk,02 - Wet,01 - Traffic signal,00 - Unknown,03 - P.D. only,04 - Sideswipe,0
17-450,KANATA AVE @ EARL GREY DR,350951.00373,5019285.03113,-75.91141350890,45.31200015210,2017-01-12,4:50:00 PM,01 - Clear,05 - Dusk,01 - Dry,01 - Traffic signal,01 - Functioning,03 - P.D. only,05 - Turning movement,0
17-451,RIDEAU ST @ WALLER ST,368284.08569,5032275.25300,-75.68870599440,45.42752979350,2017-01-12,5:07:00 PM,02 - Rain,05 - Dusk,02 - Wet,01 - Traffic signal,01 - Functioning,02 - Non-fatal injury,07 - SMV other,2
17-452,ALBION RD @ BANK ST,371947.58627,5024129.49940,-75.64300190650,45.35389546450,2017-01-12,5:34:00 PM,02 - Rain,05 - Dusk,02 - Wet,01 - Traffic signal,01 - Functioning,03 - P.D. only,03 - Rear end,0
17-453,DUNROBIN RD @ THOMAS A. DOLAN PKWY,342338.45517,5031478.43717,-76.02032281950,45.42223364970,2017-01-12,5:35:00 PM,01 - Clear,05 - Dusk,06 - Ice,01 - Traffic signal,01 - Functioning,03 - P.D. only,03 - Rear end,0
17-454,BASELINE RD @ FISHER AVE,366167.55197,5026029.39107,-75.71652873290,45.37151999120,2017-01-12,5:55:00 PM,01 - Clear,07 - Dark,02 - Wet,01 - Traffic signal,01 - Functioning,03 - P.D. only,03 - Rear end,0
17-455,INDUSTRIAL AVE/INNES RD @ ST. LAURENT BLVD,373098.08582,5030010.34801,-75.62750638380,45.40669776130,2017-01-12,6:53:00 PM,02 - Rain,07 - Dark,02 - Wet,01 - Traffic signal,01 - Functioning,03 - P.D. only,04 - Sideswipe,0
17-456,PALLADIUM DR btwn CYCLONE TAYLOR BLVD & SILVER SEVEN RD,350280.97952,5017592.69554,-75.92011349220,45.29681575230,2017-01-12,10:37:00 PM,01 - Clear,07 - Dark,01 - Dry,10 - No control,,03 - P.D. only,04 - Sideswipe,0
17-457,DALHOUSIE ST @ RIDEAU ST,368206.70910,5032228.12765,-75.68970079500,45.42711279530,2017-01-13,12:11:00 AM,01 - Clear,07 - Dark,02 - Wet,01 - Traffic signal,01 - Functioning,03 - P.D. only,04 - Sideswipe,0
17-458,COVENTRY RD @ VANIER PKWY,370677.24327,5031610.84463,-75.65821478670,45.42133041800,2017-01-13,6:20:00 AM,01 - Clear,07 - Dark,02 - Wet,01 - Traffic signal,01 - Functioning,03 - P.D. only,04 - Sideswipe,0
17-459,HAIG DR btwn FLEMING AVE & KILBORN AVE,372531.48909,5028133.16305,-75.63500146630,45.38986271860,2017-01-11,12:00:00 AM,01 - Clear,00 - Unknown,02 - Wet,10 - No control,,03 - P.D. only,06 - SMV unattended vehicle,0
17-460,HIGHWAY 417 @ HWY 417 ST.LAURE IC115R26,372508.46719,5031525.77138,-75.63482958550,45.42039013520,2017-01-13,8:58:00 AM,01 - Clear,01 - Daylight,02 - Wet,10 - No control,,03 - P.D. only,04 - Sideswipe,0
17-461,DESCHAMPS AVE @ DUROCHER ST,370018.08608,5033304.32383,-75.66641238420,45.43662941530,2017-01-11,12:30:00 PM,01 - Clear,01 - Daylight,04 - Slush,02 - Stop sign,01 - Functioning,03 - P.D. only,02 - Angle,0
17-462,KING EDWARD AVE @ SOMERSET ST/MARIE CURIE PRIV,368957.71030,5031673.20247,-75.68017671690,45.42205129960,2017-01-13,9:36:00 AM,01 - Clear,01 - Daylight,05 - Packed snow,01 - Traffic signal,01 - Functioning,03 - P.D. only,05 - Turning movement,0
17-463,BRONSON AVE @ CARLING AVE/GLEBE AVE,367447.70700,5029335.18677,-75.69976715420,45.40115139960,2017-01-13,9:55:00 AM,01 - Clear,01 - Daylight,02 - Wet,01 - Traffic signal,01 - Functioning,03 - P.D. only,04 - Sideswipe,0
17-464,MACASSA CIRC btwn Continuation of MACASSA CIRC & KANATA AVE,350404.27829,5019473.68638,-75.91836843980,45.31373344090,2017-01-13,10:23:00 AM,01 - Clear,01 - Daylight,05 - Packed snow,10 - No control,,03 - P.D. only,06 - SMV unattended vehicle,0
17-465,BRUYERE ST @ SUSSEX DR,367539.04868,5032668.83443,-75.69817609860,45.43113833290,2017-01-13,12:00:00 AM,01 - Clear,00 - Unknown,01 - Dry,01 - Traffic signal,00 - Unknown,03 - P.D. only,06 - SMV unattended vehicle,0
17-466,CARLING AVE @ FAIRLAWN AVE/WOODROFFE AVE E,361934.68410,5025830.52790,-75.77058762240,45.37008852270,2017-01-13,11:19:00 AM,01 - Clear,01 - Daylight,06 - Ice,01 - Traffic signal,01 - Functioning,03 - P.D. only,03 - Rear end,0
17-467,DENALI WAY btwn END & TONY GEORGE PL,349328.66100,5015791.38300,-75.93241671540,45.28066795370,2017-01-13,11:45:00 AM,01 - Clear,01 - Daylight,02 - Wet,10 - No control,,03 - P.D. only,06 - SMV unattended vehicle,0
17-468,WESTOVER CRES btwn PAINE AVE & PAINE AVE,348758.10300,5018569.81600,-75.93944271460,45.30570512210,2017-01-11,12:00:00 AM,04 - Freezing Rain,00 - Unknown,06 - Ice,10 - No control,,03 - P.D. only,06 - SMV unattended vehicle,0
17-469,JEANNE D'ARC BLVD @ FORTUNE DR/VINEYARD DR,379238.61828,5037375.54550,-75.54795892570,45.47233847340,2017-01-13,11:30:00 AM,03 - Snow,01 - Daylight,02 - Wet,01 - Traffic signal,01 - Functioning,03 - P.D. only,02 - Angle,0
17-470,KIRKWOOD AVE btwn RICHMOND RD & LYMAN ST,363783.94298,5028623.54374,-75.74664728430,45.39506643900,2017-01-13,12:50:00 PM,01 - Clear,01 - Daylight,01 - Dry,10 - No control,,03 - P.D. only,02 - Angle,0
17-471,CATHERINE ST @ LYON ST/HWY 417 LYON IC120BR36,367749.42334,5030094.28184,-75.69581664350,45.40795444280,2017-01-13,1:02:00 PM,01 - Clear,01 - Daylight,02 - Wet,01 - Traffic signal,01 - Functioning,03 - P.D. only,04 - Sideswipe,0
17-472,BESSERER ST @ KING EDWARD AVE,368549.47063,5032339.34753,-75.68530655940,45.42808235480,2017-01-13,2:25:00 PM,01 - Clear,01 - Daylight,01 - Dry,01 - Traffic signal,01 - Functioning,03 - P.D. only,02 - Angle,0
17-473,COVENTRY RD @ VANIER PKWY,370677.33165,5031612.88643,-75.65821338430,45.42134878100,2017-01-13,12:00:00 PM,01 - Clear,01 - Daylight,01 - Dry,01 - Traffic signal,01 - Functioning,03 - P.D. only,03 - Rear end,0
17-474,GRANT CARMAN DR @ MEADOWLANDS DR,365052.77958,5023901.77877,-75.73101897990,45.35247280570,2017-01-12,6:30:00 PM,01 - Clear,07 - Dark,01 - Dry,01 - Traffic signal,01 - Functioning,02 - Non-fatal injury,07 - SMV other,1
17-475,HILLIARD AVE @ MILLBROOK CRES,365991.95303,5025319.88953,-75.71885825190,45.36515138870,2017-01-13,2:31:00 PM,01 - Clear,01 - Daylight,03 - Loose snow,03 - Yield sign,01 - Functioning,03 - P.D. only,02 - Angle,0
17-476,INNES RD @ ORLEANS BLVD,380461.26847,5034296.16631,-75.53279776300,45.44450124050,2017-01-13,2:41:00 PM,01 - Clear,01 - Daylight,01 - Dry,01 - Traffic signal,01 - Functioning,02 - Non-fatal injury,03 - Rear end,0
17-477,BANNER RD @ GREENBANK RD,361021.67260,5021567.20196,-75.78272742760,45.33180110750,2017-01-13,2:49:00 PM,01 - Clear,01 - Daylight,01 - Dry,01 - Traffic signal,01 - Functioning,03 - P.D. only,03 - Rear end,0
17-478,AIRPORT PKWY @ HUNT CLUB RD,371019.38637,5023703.85657,-75.65490413000,45.35015393050,2017-01-13,2:48:00 PM,01 - Clear,01 - Daylight,01 - Dry,01 - Traffic signal,00 - Unknown,03 - P.D. only,04 - Sideswipe,0
17-479,DYNES RD btwn FISHER AVE & ARNOT RD,366467.15090,5025493.57638,-75.71277104110,45.36667254300,2017-01-13,2:53:00 PM,01 - Clear,01 - Daylight,01 - Dry,10 - No control,,03 - P.D. only,02 - Angle,0
17-480,JEANNE D'ARC BLVD  S btwn DES EPINETTES AVE & SAPINIER ST,382233.37532,5035958.33471,-75.50988605490,45.45926199350,2017-01-13,3:27:00 PM,01 - Clear,01 - Daylight,01 - Dry,10 - No control,,02 - Non-fatal injury,03 - Rear end,0
17-481,ALPINE AVE @ CARLING AVE,360496.20363,5024941.80884,-75.78905078610,45.36220766550,2017-01-13,3:28:00 PM,01 - Clear,01 - Daylight,01 - Dry,01 - Traffic signal,01 - Functioning,03 - P.D. only,03 - Rear end,0
17-482,KNOXDALE RD @ WEST HUNT CLUB RD,361863.68055,5020584.59349,-75.77209926050,45.32289165220,2017-01-13,3:30:00 PM,01 - Clear,01 - Daylight,01 - Dry,01 - Traffic signal,00 - Unknown,03 - P.D. only,03 - Rear end,0
17-483,ST. JOSEPH BLVD @ JEANNE D'ARC BLVD,379860.19605,5036472.12735,-75.54014828380,45.46414369090,2017-01-13,3:36:00 PM,01 - Clear,01 - Daylight,01 - Dry,11 - Roundabout,01 - Functioning,03 - P.D. only,02 - Angle,0
17-484,HUNT CLUB RD @ LORRY GREENBERG DR/SABLE RIDGE,372823.89610,5024807.05759,-75.63172569580,45.35990742010,2017-01-13,3:39:00 PM,01 - Clear,01 - Daylight,01 - Dry,01 - Traffic signal,01 - Functioning,03 - P.D. only,05 - Turning movement,0
17-485,PARK AVE btwn ELGIN ST & CARTIER ST,368512.48552,5030738.32597,-75.68598620980,45.41368029310,2017-01-13,3:49:00 PM,01 - Clear,01 - Daylight,05 - Packed snow,10 - No control,,03 - P.D. only,06 - SMV unattended vehicle,0
17-486,MEADOWLANDS DR @ MERIVALE RD,364859.55827,5023726.36877,-75.73350606630,45.35091106560,2017-01-13,4:02:00 PM,01 - Clear,01 - Daylight,01 - Dry,01 - Traffic signal,01 - Functioning,03 - P.D. only,99 - Other,0
17-487,HOG'S BACK RD btwn COLONEL BY DR & RIVERSIDE DR,367761.96866,5025978.47607,-75.69618150810,45.37092043710,2017-01-13,3:45:00 PM,01 - Clear,01 - Daylight,06 - Ice,10 - No control,,03 - P.D. only,02 - Angle,0
17-488,WEST HUNT CLUB RD @ ROYDON PL/SUNDERLAND ST,365975.02112,5022166.10745,-75.71946454370,45.33677565930,2017-01-13,4:24:00 PM,01 - Clear,01 - Daylight,01 - Dry,01 - Traffic signal,01 - Functioning,03 - P.D. only,02 - Angle,0
17-489,ST. LAURENT BLVD @ WALKLEY RD,373903.29284,5028045.22688,-75.61749655030,45.38893749870,2017-01-13,4:27:00 PM,01 - Clear,01 - Daylight,01 - Dry,01 - Traffic signal,01 - Functioning,02 - Non-fatal injury,07 - SMV other,1
17-490,CARLING AVE @ MOODIE DR/JAMES CUMMINGS AVE W,355999.94398,5023936.30195,-75.84654473770,45.35350285420,2017-01-13,5:03:00 PM,01 - Clear,05 - Dusk,01 - Dry,01 - Traffic signal,01 - Functioning,03 - P.D. only,05 - Turning movement,0
17-491,FROBISHER LANE W @ RIVERSIDE DR,370118.50129,5029600.25159,-75.66562011880,45.40329226190,2017-01-13,5:19:00 PM,01 - Clear,05 - Dusk,02 - Wet,01 - Traffic signal,01 - Functioning,02 - Non-fatal injury,03 - Rear end,0
17-492,ST. LAURENT BLVD btwn BELFAST RD & INDUSTRIAL AVE,372903.90357,5030464.22487,-75.62992403180,45.41080045760,2017-01-13,5:27:00 PM,01 - Clear,05 - Dusk,01 - Dry,10 - No control,,02 - Non-fatal injury,03 - Rear end,0
17-493,ALBION RD @ MCMAHON AVE,372363.21347,5023122.27551,-75.63783550680,45.34479289110,2017-01-13,5:28:00 PM,01 - Clear,05 - Dusk,01 - Dry,02 - Stop sign,01 - Functioning,02 - Non-fatal injury,03 - Rear end,0
17-494,LONGFIELDS DR @ WOODROFFE AVE,365421.16990,5017106.94490,-75.72714953860,45.29130184740,2017-01-13,5:30:00 PM,01 - Clear,05 - Dusk,01 - Dry,01 - Traffic signal,01 - Functioning,03 - P.D. only,03 - Rear end,0
17-495,ST. LAURENT BLVD btwn BOURASSA ST & SMYTH RD,373308.30173,5029516.70748,-75.62488981770,45.40223567020,2017-01-13,5:40:00 PM,01 - Clear,07 - Dark,01 - Dry,10 - No control,,02 - Non-fatal injury,03 - Rear end,0
17-496,DUNROBIN RD btwn DUNROBIN RD & MURPHY SIDE RD,342410.42450,5031407.62547,-76.01940861370,45.42159260320,2017-01-13,5:41:00 PM,01 - Clear,07 - Dark,05 - Packed snow,10 - No control,,03 - P.D. only,07 - SMV other,0
17-497,ALTA VISTA DR @ SMYTH RD,370431.96543,5029082.68320,-75.66168522790,45.39860605550,2017-01-13,5:45:00 PM,01 - Clear,07 - Dark,01 - Dry,01 - Traffic signal,01 - Functioning,02 - Non-fatal injury,05 - Turning movement,0
17-498,REGIONAL ROAD 174 btwn OR174 IC109 RAMP54 & OR174 IC109 RAMP55,376442.18655,5034924.54879,-75.58407668070,45.45057848950,2017-01-13,5:53:00 PM,01 - Clear,07 - Dark,01 - Dry,10 - No control,,03 - P.D. only,03 - Rear end,0
17-499,STITTSVILLE MAIN ST @ HOBIN ST/WILDPINE CRT,349664.15658,5014034.67149,-75.92829927820,45.26483912540,2017-01-13,6:02:00 PM,01 - Clear,07 - Dark,05 - Packed snow,01 - Traffic signal,01 - Functioning,02 - Non-fatal injury,03 - Rear end,0
17-500,TERRY FOX DR @ 135 S OF HAZELDEAN RD/SOBEY'S S,352292.22638,5017139.44097,-75.89451472910,45.29260418180,2017-01-13,6:00:00 PM,01 - Clear,07 - Dark,01 - Dry,01 - Traffic signal,00 - Unknown,03 - P.D. only,02 - Angle,0
17-501,OLD RICHMOND RD @ SANIBEL PRIV N,357378.65100,5019211.46710,-75.82945165730,45.31088637690,2017-01-13,6:01:00 PM,01 - Clear,07 - Dark,01 - Dry,10 - No control,,03 - P.D. only,05 - Turning movement,0
17-502,DESCHAMPS AVE @ HANNAH ST,370162.61240,5033317.94726,-75.66456350390,45.43673849850,2017-01-13,6:15:00 PM,01 - Clear,07 - Dark,01 - Dry,02 - Stop sign,01 - Functioning,03 - P.D. only,02 - Angle,0
17-503,TERRY FOX DR @ FERNBANK RD,354307.33960,5015130.47400,-75.86902571990,45.27438795330,2017-01-13,6:16:00 PM,01 - Clear,07 - Dark,01 - Dry,01 - Traffic signal,01 - Functioning,03 - P.D. only,05 - Turning movement,0
17-504,STONEHAVEN DR btwn RICHMOND RD & SAWYER WAY/SUMMITVIEW DR,356661.86583,5015863.50354,-75.83894250380,45.28081417210,2017-01-13,6:40:00 PM,01 - Clear,07 - Dark,01 - Dry,10 - No control,,03 - P.D. only,04 - Sideswipe,0
17-505,CONROY RD @ HUNT CLUB RD,373762.48370,5025405.12228,-75.61966327880,45.36519686420,2017-01-13,6:51:00 PM,01 - Clear,07 - Dark,01 - Dry,01 - Traffic signal,01 - Functioning,02 - Non-fatal injury,03 - Rear end,0
17-506,SOMERSET ST @ EMPRESS AVE,366741.42104,5030350.28654,-75.70866053280,45.41034783420,2017-01-13,7:26:00 PM,01 - Clear,07 - Dark,01 - Dry,01 - Traffic signal,01 - Functioning,03 - P.D. only,03 - Rear end,0
17-507,EVELYN AVE @ MAIN ST,369039.18217,5030472.38847,-75.67929229350,45.41123932840,2017-01-13,5:20:00 PM,01 - Clear,05 - Dusk,01 - Dry,01 - Traffic signal,01 - Functioning,02 - Non-fatal injury,03 - Rear end,0
17-508,KILBORN AVE @ VIRGINIA DR,371767.44354,5027906.53400,-75.64478874280,45.38789707330,2017-01-13,8:45:00 PM,01 - Clear,07 - Dark,01 - Dry,02 - Stop sign,01 - Functioning,03 - P.D. only,03 - Rear end,0
17-509,HIGHGATE RD btwn CHESHIRE RD & BLOOMSBURY CRES,361688.28176,5023837.72059,-75.77396246020,45.35217742480,2017-01-13,10:47:00 PM,02 - Rain,07 - Dark,05 - Packed snow,10 - No control,,03 - P.D. only,06 - SMV unattended vehicle,0
17-510,INNES RD @ JEANNE D'ARC BLVD/MER BLEUE RD,382638.29634,5035567.28233,-75.50477115400,45.45569864540,2017-01-14,1:02:00 AM,01 - Clear,07 - Dark,01 - Dry,01 - Traffic signal,01 - Functioning,03 - P.D. only,02 - Angle,0
17-511,CARLING AVE @ RITCHIE ST,359591.13654,5024366.51230,-75.80066666170,45.35710247960,2017-01-14,1:40:00 AM,01 - Clear,07 - Dark,06 - Ice,01 - Traffic signal,00 - Unknown,03 - P.D. only,05 - Turning movement,0
17-512,KENT ST @ WELLINGTON ST,367095.61808,5031526.22688,-75.70398723730,45.42089715360,2017-01-14,9:17:00 AM,01 - Clear,01 - Daylight,01 - Dry,01 - Traffic signal,01 - Functioning,03 - P.D. only,02 - Angle,0
17-513,ORCHARDVIEW AVE @ GARDENWAY DR,384735.76300,5036806.92853,-75.47775594370,45.46661502840,2017-01-14,10:22:00 AM,01 - Clear,01 - Daylight,01 - Dry,02 - Stop sign,01 - Functioning,02 - Non-fatal injury,02 - Angle,0
17-514,INNES RD btwn STONEHENGE CRES & STONEHENGE CRES,375218.54015,5031227.71871,-75.60024741720,45.41744089310,2017-01-14,10:43:00 AM,01 - Clear,01 - Daylight,01 - Dry,10 - No control,,03 - P.D. only,03 - Rear end,0
17-515,ST. LAURENT BLVD btwn BELFAST RD & INDUSTRIAL AVE,373069.68448,5030075.09460,-75.62786019680,45.40728309210,2017-01-14,11:28:00 AM,01 - Clear,01 - Daylight,01 - Dry,10 - No control,,02 - Non-fatal injury,99 - Other,0
17-516,HAWTHORNE RD @ HUNT CLUB RD,375507.04857,5026407.18759,-75.59725245240,45.37403916310,2017-01-14,11:30:00 AM,01 - Clear,01 - Daylight,01 - Dry,01 - Traffic signal,01 - Functioning,03 - P.D. only,05 - Turning movement,0
17-517,PLEASANT PARK RD btwn HOLT CRES & CAMROSE ST,372599.22982,5028608.37998,-75.63407115200,45.39413196460,2017-01-11,12:00:00 AM,01 - Clear,00 - Unknown,06 - Ice,10 - No control,,03 - P.D. only,06 - SMV unattended vehicle,0
17-518,TYRRELL PL @ MOODIE DR,357328.14457,5019855.15013,-75.83002748900,45.31668208930,2017-01-14,12:04:00 PM,01 - Clear,01 - Daylight,01 - Dry,01 - Traffic signal,00 - Unknown,03 - P.D. only,05 - Turning movement,0
17-519,BANK ST @ ERIE AVE,370133.97013,5026480.65200,-75.66583554640,45.37522173860,2017-01-14,12:26:00 PM,01 - Clear,01 - Daylight,01 - Dry,01 - Traffic signal,01 - Functioning,03 - P.D. only,03 - Rear end,0
17-520,SECOND LINE RD btwn THOMAS A. DOLAN PKWY & MURPHY SIDE RD,341212.64762,5030363.40806,-76.03479062420,45.41225982390,2017-01-14,12:33:00 PM,01 - Clear,01 - Daylight,01 - Dry,10 - No control,,03 - P.D. only,07 - SMV other,0
17-521,CALVINGTON AVE btwn BRETTONWOOD RIDGE & BRETTONWOOD RIDGE,349057.71530,5018370.39860,-75.93564002540,45.30389188830,2017-01-14,12:00:00 AM,01 - Clear,00 - Unknown,01 - Dry,10 - No control,,03 - P.D. only,06 - SMV unattended vehicle,0
17-522,MERIVALE RD @ SLACK RD,366017.98356,5020953.77626,-75.71906636780,45.32586352020,2017-01-14,11:45:00 AM,01 - Clear,01 - Daylight,01 - Dry,01 - Traffic signal,03 - Obscured,03 - P.D. only,04 - Sideswipe,0
17-523,PERCIFOR WAY btwn LEITA PL W & TRAVIS ST W,381057.10700,5032645.96300,-75.52543770760,45.42958923560,2017-01-08,12:00:00 AM,03 - Snow,00 - Unknown,05 - Packed snow,10 - No control,,03 - P.D. only,06 - SMV unattended vehicle,0
17-524,BRONSON AVE @ COMMISSIONER ST/SLATER ST,366769.78315,5030947.91544,-75.70822308420,45.41572261620,2017-01-14,2:01:00 PM,01 - Clear,01 - Daylight,01 - Dry,01 - Traffic signal,01 - Functioning,03 - P.D. only,05 - Turning movement,0
17-525,BANK ST @ WALKLEY RD,370336.99363,5025946.01816,-75.66331462000,45.37039231810,2017-01-14,2:17:00 PM,01 - Clear,01 - Daylight,01 - Dry,01 - Traffic signal,01 - Functioning,02 - Non-fatal injury,03 - Rear end,0