COLLISION_ID,LOCATION,X,Y,LONGITUDE,LATITUDE,DATE,TIME,ENVIRONMENT,LIGHT,SURFACE_CONDITION,TRAFFIC_CONTROL,TRAFFIC_CONTROL_CONDITION,COLLISION_CLASSIFICATION,IMPACT_TYPE,NO_OF_PEDESTRIANS
17-526,MCARTHUR AVE btwn CRETE PL & ALLEN BLVD,370729.25747,5032748.48293,-75.65739793530,45.43156150630,2017-01-13,11:30:00 PM,01 - Clear,07 - Dark,01 - Dry,10 - No control,,03 - P.D. only,07 - SMV other,0
17-527,MERIVALE RD btwn MERIVALE RD & MERIVALE RD,364929.89693,5027618.14077,-75.73213479220,45.38592255800,2017-01-14,4:40:00 PM,01 - Clear,05 - Dusk,01 - Dry,10 - No control,,03 - P.D. only,03 - Rear end,0
17-528,JEANNE D'ARC BLVD @ ORLEANS BLVD N,380030.39776,5038104.14261,-75.53772222900,45.47880896450,2017-01-14,4:58:00 PM,01 - Clear,05 - Dusk,06 - Ice,01 - Traffic signal,01 - Functioning,03 - P.D. only,03 - Rear end,0
17-529,PRINCE OF WALES DR @ WEST HUNT CLUB RD,367460.13042,5021892.21336,-75.70055246340,45.33418015440,2017-01-14,5:47:00 PM,01 - Clear,07 - Dark,01 - Dry,01 - Traffic signal,01 - Functioning,03 - P.D. only,03 - Rear end,0
17-530,CARLING AVE EB btwn WESTGATE SC E & MERIVALE RD,364852.32161,5027673.66066,-75.73311859270,45.38642877060,2017-01-14,5:57:00 PM,01 - Clear,07 - Dark,01 - Dry,10 - No control,,02 - Non-fatal injury,05 - Turning movement,0
17-531,HAWTHORNE RD btwn STEVENAGE DR & HUNT CLUB RD,375495.50147,5026433.80874,-75.59739605030,45.37427985190,2017-01-14,6:09:00 PM,01 - Clear,07 - Dark,01 - Dry,10 - No control,,03 - P.D. only,05 - Turning movement,0
17-532,BRONSON AVE @ SUNNYSIDE AVE/UNIVERSITY RD - CA,367922.16736,5028091.81847,-75.69386630780,45.38992131590,2017-01-14,6:19:00 PM,01 - Clear,07 - Dark,01 - Dry,01 - Traffic signal,01 - Functioning,03 - P.D. only,05 - Turning movement,0
17-533,BOOTH ST @ OTTAWA RIVER PKWY/WELLINGTON ST,366264.33089,5031007.63764,-75.71467309560,45.41630456190,2017-01-14,6:44:00 PM,01 - Clear,07 - Dark,01 - Dry,01 - Traffic signal,01 - Functioning,03 - P.D. only,02 - Angle,0
17-534,DALMENY RD btwn STAGECOACH RD & 4TH LINE RD,379525.00793,5000295.15359,-75.54988675420,45.13867719960,2017-01-14,10:41:00 PM,01 - Clear,07 - Dark,01 - Dry,10 - No control,,03 - P.D. only,07 - SMV other,0
17-535,GREENBANK RD btwn JOCKVALE RD & CAMBRIAN RD,364381.71497,5013360.83607,-75.74084979100,45.25768325760,2017-01-15,1:14:00 AM,01 - Clear,07 - Dark,02 - Wet,10 - No control,,03 - P.D. only,07 - SMV other,0
17-536,WEYBRIDGE DR btwn KENNEVALE DR & HOPKINTON ST,362407.03297,5014953.76310,-75.76582301400,45.27218097740,2017-01-15,3:08:00 AM,01 - Clear,07 - Dark,02 - Wet,10 - No control,,03 - P.D. only,07 - SMV other,0
17-537,BANK ST @ SLATER ST,367424.55094,5031353.87147,-75.69980645610,45.41931698740,2017-01-15,6:18:00 AM,01 - Clear,07 - Dark,02 - Wet,01 - Traffic signal,01 - Functioning,02 - Non-fatal injury,02 - Angle,0
17-538,BARRICK HILL RD btwn MOORPARK AVE & OAKGLADE AVE,354326.93600,5016049.00900,-75.86868432640,45.28265177020,2017-01-14,12:00:00 AM,01 - Clear,00 - Unknown,05 - Packed snow,10 - No control,,03 - P.D. only,06 - SMV unattended vehicle,0
17-539,CARLING AVE @ WOODROFFE AVE W,361768.63035,5025724.33007,-75.77271962890,45.36914648160,2017-01-15,10:48:00 AM,01 - Clear,01 - Daylight,01 - Dry,01 - Traffic signal,00 - Unknown,03 - P.D. only,03 - Rear end,0
17-540,SEYTON DR btwn FLORIZEL AVE & FORESTVIEW CRES,356887.31009,5019639.41001,-75.83567243400,45.31477367560,2017-01-15,11:13:00 AM,01 - Clear,01 - Daylight,01 - Dry,10 - No control,,03 - P.D. only,06 - SMV unattended vehicle,0
17-541,BOOTH ST @ NORMAN ST,367000.66285,5029318.85044,-75.70547899510,45.40104427100,2017-01-15,12:13:00 PM,01 - Clear,01 - Daylight,01 - Dry,01 - Traffic signal,01 - Functioning,03 - P.D. only,03 - Rear end,0
17-542,PRINCE ST @ SUMMERVILLE AVE,365041.03289,5026544.93076,-75.73084665370,45.37625646800,2017-01-15,12:23:00 PM,01 - Clear,01 - Daylight,01 - Dry,02 - Stop sign,01 - Functioning,03 - P.D. only,02 - Angle,0
17-543,HOLLAND AVE @ WELLINGTON ST,364931.37364,5029153.55440,-75.73192881290,45.39973776800,2017-01-15,12:47:00 PM,01 - Clear,01 - Daylight,01 - Dry,01 - Traffic signal,01 - Functioning,03 - P.D. only,05 - Turning movement,0
17-544,BANK ST @ DAVIDSON RD/LESTER RD,373672.73810,5022924.69643,-75.62115431670,45.34288779470,2017-01-15,1:00:00 PM,01 - Clear,01 - Daylight,01 - Dry,01 - Traffic signal,01 - Functioning,03 - P.D. only,03 - Rear end,0
17-545,RIVERSIDE DR NB btwn INDUSTRIAL AVE & TREMBLAY RD,370789.63058,5030924.01357,-75.65687083040,45.41514000330,2017-01-15,1:05:00 PM,01 - Clear,01 - Daylight,01 - Dry,10 - No control,,02 - Non-fatal injury,04 - Sideswipe,0
17-546,BANK ST @ WALKLEY RD,370338.71037,5025948.59327,-75.66329236300,45.37041532750,2017-01-15,2:30:00 PM,01 - Clear,01 - Daylight,01 - Dry,01 - Traffic signal,01 - Functioning,03 - P.D. only,03 - Rear end,0
17-547,TRIM RD @ DAIRY DR/TAYLOR CREEK DR,384535.05100,5039594.84455,-75.47986972870,45.49172096170,2017-01-15,2:51:00 PM,01 - Clear,01 - Daylight,01 - Dry,11 - Roundabout,01 - Functioning,02 - Non-fatal injury,04 - Sideswipe,0
17-548,DONALD B. MUNRO DR/OLD CARP RD W @ MARCH RD,343092.12702,5022592.90293,-76.01138175840,45.34223815810,2017-01-15,5:05:00 PM,01 - Clear,05 - Dusk,01 - Dry,02 - Stop sign,01 - Functioning,03 - P.D. only,02 - Angle,0
17-549,SOMERSET ST    W btwn BECKINGTON PRIV & BANK ST,367594.13843,5030855.35263,-75.69770326890,45.41481627220,2017-01-15,5:55:00 PM,01 - Clear,07 - Dark,01 - Dry,10 - No control,,03 - P.D. only,06 - SMV unattended vehicle,0
17-550,MONTREAL RD @ BATHGATE DR/BURMA RD,373225.80788,5034517.40631,-75.62524878640,45.44723754850,2017-01-15,10:12:00 PM,01 - Clear,07 - Dark,01 - Dry,01 - Traffic signal,01 - Functioning,03 - P.D. only,05 - Turning movement,0
17-551,INNES RD btwn ANDERSON RD & INNES RD,376540.04085,5031992.78431,-75.58325307490,45.42419025270,2017-01-16,6:53:00 AM,01 - Clear,07 - Dark,01 - Dry,10 - No control,,03 - P.D. only,03 - Rear end,0
17-552,OWL VALLEY DR @ SHORELINE DR,368381.01871,5015617.04360,-75.68960946580,45.27763434540,2017-01-16,8:44:00 AM,01 - Clear,01 - Daylight,01 - Dry,02 - Stop sign,01 - Functioning,03 - P.D. only,04 - Sideswipe,0
17-553,PRINCE OF WALES DR @ STRANDHERD DR,367175.66583,5014823.61917,-75.70507082750,45.27060314150,2017-01-16,8:41:00 AM,01 - Clear,01 - Daylight,01 - Dry,01 - Traffic signal,01 - Functioning,03 - P.D. only,03 - Rear end,0
17-554,CHANONHOUSE DR @ DALLAIRE CRES N,357787.98771,5006082.87349,-75.82563120020,45.19272187100,2017-01-16,9:16:00 AM,01 - Clear,01 - Daylight,01 - Dry,02 - Stop sign,00 - Unknown,03 - P.D. only,04 - Sideswipe,0
17-555,MEADOWLANDS DR/TALLWOOD DR @ WOODROFFE AVE,363056.66211,5022729.81642,-75.75663044600,45.34209625210,2017-01-16,9:50:00 AM,01 - Clear,01 - Daylight,01 - Dry,01 - Traffic signal,01 - Functioning,03 - P.D. only,03 - Rear end,0
17-556,RIVERSIDE DR @ BROOKFIELD RD/HOG'S BACK RD,368165.99426,5026220.80476,-75.69099284980,45.37306443290,2017-01-16,9:00:00 AM,01 - Clear,01 - Daylight,01 - Dry,01 - Traffic signal,01 - Functioning,03 - P.D. only,03 - Rear end,0
17-557,HUNTER'S POINT CRES btwn FOX HOLLOW CRES & BRIDLE PATH DR,371548.41863,5023447.74373,-75.64818790340,45.34779935780,2017-01-16,10:10:00 AM,01 - Clear,01 - Daylight,06 - Ice,10 - No control,,03 - P.D. only,06 - SMV unattended vehicle,0
17-558,DONALD ST @ ST. LAURENT BLVD,372093.71290,5032473.71060,-75.63999915950,45.42895927210,2017-01-16,11:25:00 AM,01 - Clear,01 - Daylight,01 - Dry,01 - Traffic signal,01 - Functioning,02 - Non-fatal injury,07 - SMV other,1
17-559,VENTNOR WAY btwn TRIPP CRES & MALVERN DR,363209.79182,5016237.97086,-75.75544194380,45.28367009220,2017-01-16,12:00:00 AM,01 - Clear,00 - Unknown,05 - Packed snow,10 - No control,,03 - P.D. only,06 - SMV unattended vehicle,0
17-560,ST. JOSEPH BLVD @ TENTH LINE RD,382891.35025,5038666.45280,-75.50104365290,45.48355400110,2017-01-16,11:41:00 AM,01 - Clear,01 - Daylight,01 - Dry,01 - Traffic signal,01 - Functioning,02 - Non-fatal injury,02 - Angle,0
17-561,RICHMOND RD btwn TWEEDSMUIR AVE & MCRAE AVE,363577.54989,5028519.63844,-75.74929552240,45.39414887230,2017-01-16,12:00:00 AM,01 - Clear,00 - Unknown,01 - Dry,10 - No control,,03 - P.D. only,06 - SMV unattended vehicle,0
17-562,CHAMPLAIN ST @ PLACE D'ORLEANS  SC E/PLACE D'O,381519.66413,5038375.93474,-75.51863324080,45.48109226390,2017-01-16,12:51:00 PM,01 - Clear,01 - Daylight,01 - Dry,01 - Traffic signal,01 - Functioning,03 - P.D. only,02 - Angle,0
17-563,MERIVALE RD @ VISCOUNT AVE,364942.37498,5027679.23858,-75.73196801500,45.38647123280,2017-01-14,3:20:00 PM,01 - Clear,01 - Daylight,01 - Dry,02 - Stop sign,00 - Unknown,03 - P.D. only,04 - Sideswipe,0
17-564,BANK ST @ GLOUCESTER ST,367523.16055,5031199.67480,-75.69856621010,45.41792074100,2017-01-16,2:16:00 PM,01 - Clear,01 - Daylight,01 - Dry,01 - Traffic signal,01 - Functioning,03 - P.D. only,02 - Angle,0
17-565,INNES RD @ TENTH LINE RD,383951.76030,5036159.01435,-75.48788476290,45.46087496980,2017-01-16,2:25:00 PM,01 - Clear,01 - Daylight,01 - Dry,01 - Traffic signal,01 - Functioning,03 - P.D. only,04 - Sideswipe,0
17-566,COLONNADE RD @ MERIVALE RD,365365.32322,5022545.31051,-75.72719658290,45.34024057270,2017-01-16,2:47:00 PM,01 - Clear,01 - Daylight,01 - Dry,01 - Traffic signal,01 - Functioning,03 - P.D. only,04 - Sideswipe,0
17-567,ROYDON PL btwn WOODFIELD DR & WEST HUNT CLUB RD,365924.31818,5022247.91625,-75.72010129930,45.33751618220,2017-01-16,2:44:00 PM,01 - Clear,01 - Daylight,01 - Dry,10 - No control,,03 - P.D. only,02 - Angle,0
17-568,WEST HUNT CLUB RD WB btwn CEDARVIEW RD & GREENBANK RD,360601.56774,5020013.74203,-75.78826174780,45.31785657970,2017-01-16,2:45:00 PM,01 - Clear,01 - Daylight,01 - Dry,10 - No control,,03 - P.D. only,04 - Sideswipe,0
17-569,O'CONNOR ST @ SLATER ST,367580.24764,5031450.84757,-75.69780486000,45.42017559340,2017-01-16,2:52:00 PM,01 - Clear,01 - Daylight,01 - Dry,01 - Traffic signal,01 - Functioning,03 - P.D. only,04 - Sideswipe,0
17-570,JEANNE D'ARC BLVD @ OR174 IC105 RAMP52,379455.53795,5036916.43224,-75.54525474370,45.46818456990,2017-01-16,3:12:00 PM,01 - Clear,01 - Daylight,01 - Dry,01 - Traffic signal,01 - Functioning,02 - Non-fatal injury,07 - SMV other,1
17-571,SMYTH RD btwn ROGER GUINDON AVE & BOTSFORD ST,372013.69290,5029234.03114,-75.64146350850,45.39981776190,2017-01-16,2:30:00 PM,01 - Clear,01 - Daylight,01 - Dry,10 - No control,,03 - P.D. only,02 - Angle,0
17-572,VICTORIA ST btwn CARTWRIGHT RD & BOUNDARY RD,390558.49477,5013866.44245,-75.40728718360,45.25952870900,2017-01-16,4:38:00 PM,01 - Clear,05 - Dusk,01 - Dry,10 - No control,,02 - Non-fatal injury,07 - SMV other,0
17-573,HINTON AVE @ WELLINGTON ST,365005.78058,5029193.28693,-75.73097363200,45.40008887770,2017-01-16,5:22:00 PM,01 - Clear,05 - Dusk,01 - Dry,02 - Stop sign,01 - Functioning,03 - P.D. only,02 - Angle,0
17-574,CARLING AVE @ ISLAND PARK DR,365348.69950,5027998.08925,-75.72674051280,45.38930517830,2017-01-16,5:36:00 PM,01 - Clear,05 - Dusk,02 - Wet,01 - Traffic signal,01 - Functioning,02 - Non-fatal injury,02 - Angle,0
17-575,MARCH RD @ RICHARDSON SIDE RD,351414.72863,5021779.54140,-75.90526489870,45.33441569900,2017-01-16,5:49:00 PM,01 - Clear,07 - Dark,01 - Dry,01 - Traffic signal,01 - Functioning,03 - P.D. only,04 - Sideswipe,0
17-576,ROSEMOUNT AVE btwn WELLINGTON ST W & GLADSTONE AVE,365389.23086,5029370.34076,-75.72605440380,45.40164888790,2017-01-14,5:15:00 PM,01 - Clear,05 - Dusk,01 - Dry,10 - No control,,03 - P.D. only,06 - SMV unattended vehicle,0
17-577,STONEHAVEN DR btwn RICHMOND RD & SAWYER WAY/SUMMITVIEW DR,356744.37830,5015871.68771,-75.83788997170,45.28088172300,2017-01-16,6:45:00 AM,01 - Clear,07 - Dark,01 - Dry,10 - No control,,03 - P.D. only,02 - Angle,0
17-578,WOODFIELD DR btwn DOWNSVIEW CRES & MERIVALE RD,365329.72959,5022257.52197,-75.72768591580,45.33765416080,2017-01-16,6:52:00 PM,01 - Clear,07 - Dark,06 - Ice,10 - No control,,03 - P.D. only,02 - Angle,0
17-579,BELFAST RD @ ST. LAURENT BLVD,372861.80958,5030577.74789,-75.63044607540,45.41182598010,2017-01-16,6:56:00 PM,01 - Clear,07 - Dark,02 - Wet,01 - Traffic signal,01 - Functioning,03 - P.D. only,05 - Turning movement,0
17-580,HARTHILL WAY btwn TARTAN DR & BROXBURN CRES,362579.84512,5013749.00962,-75.76376093410,45.26132635540,2017-01-16,12:00:00 AM,01 - Clear,00 - Unknown,01 - Dry,10 - No control,,03 - P.D. only,06 - SMV unattended vehicle,0
17-581,DALY AVE @ NICHOLAS ST,368227.70100,5032045.21685,-75.68945611320,45.42546512470,2017-01-16,7:25:00 PM,01 - Clear,07 - Dark,01 - Dry,01 - Traffic signal,01 - Functioning,03 - P.D. only,04 - Sideswipe,0
17-582,SMYTH RD E/LANCASTER RD @ ST. LAURENT BLVD N/R,373365.16183,5029424.57849,-75.62417639310,45.40140116930,2017-01-16,7:33:00 PM,01 - Clear,07 - Dark,01 - Dry,01 - Traffic signal,00 - Unknown,03 - P.D. only,04 - Sideswipe,0
17-583,EAGLESON RD @ HAZELDEAN RD/ROBERTSON RD,353674.09827,5018424.69669,-75.87677139230,45.30407444510,2017-01-14,11:30:00 AM,01 - Clear,01 - Daylight,01 - Dry,01 - Traffic signal,01 - Functioning,03 - P.D. only,03 - Rear end,0
17-584,MITCH OWENS RD btwn DOWNEY RD & MANOTICK STATION RD,372664.92470,5012740.07608,-75.63540678900,45.25134757290,2017-01-16,8:37:00 PM,01 - Clear,07 - Dark,01 - Dry,10 - No control,,03 - P.D. only,07 - SMV other,0
17-585,ST. LAURENT BLVD @ COVENTRY RD/OGILVIE RD,372304.60195,5031951.73692,-75.63737588390,45.42424247570,2017-01-16,9:15:00 PM,01 - Clear,07 - Dark,01 - Dry,01 - Traffic signal,01 - Functioning,03 - P.D. only,03 - Rear end,0
17-586,FOURTH LINE RD btwn WILLISBROOK DR & LOCKHEAD RD W,367022.14844,4998731.19699,-75.70903590100,45.12581629720,2017-01-16,11:23:00 PM,01 - Clear,07 - Dark,06 - Ice,10 - No control,,03 - P.D. only,07 - SMV other,0
17-587,BASELINE RD @ WOODROFFE AVE,362550.16357,5023770.74139,-75.76297141170,45.35150430350,2017-01-17,7:10:00 AM,01 - Clear,07 - Dark,01 - Dry,01 - Traffic signal,01 - Functioning,03 - P.D. only,03 - Rear end,0
17-588,VANIER PKWY/CRICHTON ST @ BEECHWOOD AVE/ST. PA,369127.84142,5033486.93584,-75.67776603180,45.43835495500,2017-01-17,8:43:00 AM,01 - Clear,01 - Daylight,01 - Dry,01 - Traffic signal,01 - Functioning,03 - P.D. only,03 - Rear end,0
17-589,WEST HUNT CLUB RD WB btwn CEDARVIEW RD & GREENBANK RD,361432.60012,5020478.11891,-75.77760983170,45.32196850400,2017-01-16,2:45:00 PM,01 - Clear,01 - Daylight,01 - Dry,10 - No control,,03 - P.D. only,04 - Sideswipe,0
17-590,CANDLEWOOD ST btwn BOISFRANC CIRC & CHERINGTON CRES,385420.71408,5035492.16298,-75.46921358340,45.45470731220,2017-01-17,9:52:00 AM,01 - Clear,01 - Daylight,05 - Packed snow,10 - No control,,03 - P.D. only,06 - SMV unattended vehicle,0
17-591,HERON RD btwn WILDWOOD AVE & BANK ST,369965.61967,5026848.86661,-75.66793617450,45.37855049230,2017-01-17,9:56:00 AM,01 - Clear,01 - Daylight,01 - Dry,10 - No control,,03 - P.D. only,03 - Rear end,0
17-592,BANTREE ST @ INNES RD,373705.72320,5030405.19855,-75.61968967420,45.41019088150,2017-01-17,10:34:00 AM,01 - Clear,01 - Daylight,01 - Dry,01 - Traffic signal,01 - Functioning,03 - P.D. only,05 - Turning movement,0
17-593,MOUNTSHANNON DR btwn WHITEGATE CRES & WHITEGATE CRES,364853.97872,5016859.10315,-75.73440992910,45.28912047590,2017-01-17,12:00:00 AM,01 - Clear,00 - Unknown,01 - Dry,10 - No control,,03 - P.D. only,06 - SMV unattended vehicle,0
17-594,BRONSON AVE @ RAMP 34/42A,368416.08623,5027187.05475,-75.68767571380,45.38173582400,2017-01-17,12:33:00 PM,01 - Clear,01 - Daylight,01 - Dry,10 - No control,,03 - P.D. only,03 - Rear end,0
17-595,RIVERSIDE DR @ TREMBLAY RD/HWY417 IC117 RAMP52,370801.53101,5031016.17263,-75.65670645650,45.41596809010,2017-01-17,12:05:00 PM,01 - Clear,01 - Daylight,01 - Dry,01 - Traffic signal,01 - Functioning,03 - P.D. only,03 - Rear end,0
17-596,HAWTHORNE RD/RUSSELL RD @ WALKLEY RD,374675.44406,5028499.54572,-75.60757243270,45.39294862840,2017-01-17,2:00:00 PM,01 - Clear,01 - Daylight,01 - Dry,01 - Traffic signal,01 - Functioning,03 - P.D. only,04 - Sideswipe,0
17-597,BEVERLY ST @ STITTSVILLE MAIN ST,349843.04086,5013826.23871,-75.92603878320,45.26295214020,2017-01-17,2:54:00 PM,01 - Clear,01 - Daylight,01 - Dry,01 - Traffic signal,01 - Functioning,03 - P.D. only,05 - Turning movement,0
17-598,ELGIN ST btwn ARGYLE AVE & CATHERINE ST,368516.63493,5030634.25419,-75.68594665490,45.41274351230,2017-01-17,3:12:00 PM,99 - Other,99 - Other,99 - Other,10 - No control,,03 - P.D. only,99 - Other,0
17-599,CONROY RD @ ST. LAURENT BLVD,373070.44087,5027159.06521,-75.62825404360,45.38104587230,2017-01-17,3:30:00 PM,01 - Clear,01 - Daylight,01 - Dry,01 - Traffic signal,01 - Functioning,03 - P.D. only,03 - Rear end,0
17-600,HERZBERG RD @ CARLING AVE,352037.07355,5022301.03925,-75.89727535310,45.33906661900,2017-01-17,8:45:00 AM,01 - Clear,01 - Daylight,01 - Dry,01 - Traffic signal,01 - Functioning,03 - P.D. only,04 - Sideswipe,0
17-601,LYNDA LANE @ SMYTH RD,371610.77565,5029190.83804,-75.64661534070,45.39946769370,2017-01-17,3:49:00 PM,01 - Clear,01 - Daylight,01 - Dry,02 - Stop sign,01 - Functioning,02 - Non-fatal injury,03 - Rear end,0
17-602,MERIVALE RD btwn CALDWELL AVE & CENTRAL PARK DR,364934.07196,5026022.39166,-75.73227582200,45.37156394030,2017-01-17,3:59:00 PM,01 - Clear,01 - Daylight,01 - Dry,10 - No control,,03 - P.D. only,04 - Sideswipe,0
17-603,ELWOOD ST @ SEGUIN ST,374376.42018,5034288.50042,-75.61057356920,45.44506439560,2017-01-17,12:00:00 AM,01 - Clear,00 - Unknown,01 - Dry,02 - Stop sign,01 - Functioning,03 - P.D. only,06 - SMV unattended vehicle,0
17-604,FALLOWFIELD RD @ WOODROFFE AVE,365086.86674,5017904.04837,-75.73131423860,45.29850290210,2017-01-17,4:20:00 PM,01 - Clear,01 - Daylight,01 - Dry,01 - Traffic signal,01 - Functioning,03 - P.D. only,04 - Sideswipe,0
17-605,BANK ST @ WALKLEY RD,370336.90525,5025947.02484,-75.66331561370,45.37040138340,2017-01-17,4:15:00 PM,01 - Clear,01 - Daylight,01 - Dry,01 - Traffic signal,01 - Functioning,03 - P.D. only,03 - Rear end,0
17-606,CITY PARK DR @ WILBURY RD/HARPER AVE W,373898.58587,5032653.56230,-75.61691071040,45.43040149870,2017-01-17,12:00:00 AM,01 - Clear,00 - Unknown,01 - Dry,02 - Stop sign,00 - Unknown,03 - P.D. only,06 - SMV unattended vehicle,0
17-607,"AUBEPINES, PROMENADE DES @ DECOEUR, PROMENADE",384166.17190,5034563.42850,-75.48540098450,45.44649500770,2017-01-17,12:00:00 AM,01 - Clear,00 - Unknown,01 - Dry,02 - Stop sign,00 - Unknown,03 - P.D. only,06 - SMV unattended vehicle,0
17-608,ST. LAURENT BLVD @ MCARTHUR AVE,371922.63453,5032887.71845,-75.64212882780,45.43270076180,2017-01-17,5:31:00 PM,01 - Clear,05 - Dusk,01 - Dry,01 - Traffic signal,01 - Functioning,03 - P.D. only,04 - Sideswipe,0
17-609,BELFAST RD @ COVENTRY RD,371524.19447,5031640.38117,-75.64738956720,45.42151590940,2017-01-17,5:42:00 PM,01 - Clear,07 - Dark,01 - Dry,01 - Traffic signal,01 - Functioning,02 - Non-fatal injury,03 - Rear end,0
17-610,MCKITRICK DR @ CASTLEFRANK RD,353105.70358,5017338.17963,-75.88412483090,45.29433703040,2017-01-17,5:56:00 PM,03 - Snow,07 - Dark,02 - Wet,02 - Stop sign,01 - Functioning,03 - P.D. only,05 - Turning movement,0
17-611,BANK ST btwn PHILNOR ST & SALE BARN RD,379965.30107,5013553.09593,-75.54229008190,45.25792089600,2017-01-17,5:45:00 PM,03 - Snow,07 - Dark,03 - Loose snow,10 - No control,,03 - P.D. only,07 - SMV other,0
17-612,ALDBURN PL @ ABBEYHILL DR,353286.16644,5017353.71657,-75.88182262980,45.29446440670,2017-01-17,6:21:00 PM,01 - Clear,07 - Dark,01 - Dry,10 - No control,00 - Unknown,03 - P.D. only,02 - Angle,0
17-613,CUMBERLAND ST @ MURRAY ST,368169.60400,5032680.67780,-75.69011669410,45.43118804400,2017-01-17,6:56:00 PM,03 - Snow,07 - Dark,03 - Loose snow,01 - Traffic signal,01 - Functioning,03 - P.D. only,02 - Angle,0
17-614,HWY 417 INNES IC112R57 @ INNES RD,374298.74139,5030753.47836,-75.61206533030,45.41326588910,2017-01-17,7:10:00 PM,01 - Clear,07 - Dark,01 - Dry,01 - Traffic signal,01 - Functioning,03 - P.D. only,02 - Angle,0
17-615,GOLDENBROOK WAY @ HARVEST VALLEY AVE,384939.57050,5034499.15331,-75.47552608500,45.44582847630,2017-01-17,12:00:00 AM,01 - Clear,00 - Unknown,03 - Loose snow,,01 - Functioning,03 - P.D. only,06 - SMV unattended vehicle,0
17-616,HUNTMAR DR @ PALLADIUM DR S,349676.55335,5017365.19971,-75.92784017660,45.29480754060,2017-01-17,7:45:00 PM,03 - Snow,07 - Dark,03 - Loose snow,01 - Traffic signal,01 - Functioning,02 - Non-fatal injury,05 - Turning movement,0
17-617,JOHN QUINN RD btwn STONE SCHOOL RD & BANK ST,383455.89459,5010743.93277,-75.49826612830,45.23226399380,2017-01-17,9:40:00 PM,03 - Snow,07 - Dark,06 - Ice,10 - No control,,02 - Non-fatal injury,07 - SMV other,0
17-618,DALY AVE @ NICHOLAS ST,368227.15826,5032046.84507,-75.68946283800,45.42547982390,2017-01-17,11:06:00 PM,04 - Freezing Rain,07 - Dark,06 - Ice,01 - Traffic signal,01 - Functioning,03 - P.D. only,07 - SMV other,0
17-619,GRANT CARMAN DR @ MEADOWLANDS DR,365051.15136,5023901.77877,-75.73103975810,45.35247294560,2017-01-18,12:02:00 AM,03 - Snow,07 - Dark,05 - Packed snow,01 - Traffic signal,01 - Functioning,02 - Non-fatal injury,07 - SMV other,0
17-620,MITCH OWENS RD @ DOZOIS RD/LIMEBANK RD,371673.96718,5012108.42000,-75.64811505650,45.24575890140,2017-01-18,1:13:00 AM,03 - Snow,07 - Dark,04 - Slush,01 - Traffic signal,01 - Functioning,02 - Non-fatal injury,02 - Angle,0
17-621,OR174 IC109 RAMP65 @ MONTREAL RD,376402.13861,5034983.22432,-75.58458007540,45.45111051840,2017-01-18,5:35:00 AM,04 - Freezing Rain,07 - Dark,06 - Ice,01 - Traffic signal,00 - Unknown,03 - P.D. only,04 - Sideswipe,0
17-622,FALLOWFIELD RD btwn EAGLESON RD & RICHMOND RD,356841.71882,5013018.67187,-75.83694826600,45.25520252190,2017-01-18,6:56:00 AM,04 - Freezing Rain,03 - Dawn,04 - Slush,10 - No control,,02 - Non-fatal injury,01 - Approaching,0
17-623,KATIMAVIK RD @ WHITNEY DR,352358.16454,5019381.81775,-75.89345899920,45.31277717230,2017-01-18,7:27:00 AM,01 - Clear,03 - Dawn,04 - Slush,01 - Traffic signal,01 - Functioning,03 - P.D. only,99 - Other,0
17-624,MOODIE DR @ ROBERTSON RD,357068.36884,5020456.33647,-75.83327714240,45.32211101760,2017-01-18,6:45:00 AM,04 - Freezing Rain,07 - Dark,05 - Packed snow,01 - Traffic signal,00 - Unknown,03 - P.D. only,04 - Sideswipe,0
17-625,KING EDWARD AVE NB btwn RAMP & CATHCART ST,368055.92613,5033197.30887,-75.69150301170,45.43584679750,2017-01-18,10:05:00 AM,02 - Rain,01 - Daylight,04 - Slush,10 - No control,,02 - Non-fatal injury,03 - Rear end,0
17-626,MOODIE DR @ ROBERTSON RD,357066.65210,5020454.38520,-75.83329924470,45.32209358740,2017-01-18,8:18:00 AM,02 - Rain,01 - Daylight,02 - Wet,01 - Traffic signal,01 - Functioning,03 - P.D. only,04 - Sideswipe,0
17-627,LEITRIM RD @ ALBION RD,373497.58510,5020419.80765,-75.62373672350,45.32036686510,2017-01-18,8:42:00 AM,03 - Snow,01 - Daylight,02 - Wet,01 - Traffic signal,01 - Functioning,03 - P.D. only,02 - Angle,0
17-628,BLAIR RD @ INNES RD,375579.28135,5031439.55510,-75.59560829780,45.41931047980,2017-01-18,8:50:00 AM,03 - Snow,01 - Daylight,02 - Wet,01 - Traffic signal,01 - Functioning,03 - P.D. only,04 - Sideswipe,0
17-629,OTHELLO AVE @ PLEASANT PARK RD,373447.26864,5028737.27293,-75.62322336980,45.39520906300,2017-01-18,8:49:00 AM,04 - Freezing Rain,01 - Daylight,04 - Slush,02 - Stop sign,01 - Functioning,03 - P.D. only,02 - Angle,0
17-630,CARLING AVE @ EDGEWORTH AVE,361263.28766,5025424.59152,-75.77920474170,45.36649034900,2017-01-18,9:04:00 AM,03 - Snow,01 - Daylight,04 - Slush,01 - Traffic signal,01 - Functioning,03 - P.D. only,03 - Rear end,0