COLLISION_ID,LOCATION,X,Y,LONGITUDE,LATITUDE,DATE,TIME,ENVIRONMENT,LIGHT,SURFACE_CONDITION,TRAFFIC_CONTROL,TRAFFIC_CONTROL_CONDITION,COLLISION_CLASSIFICATION,IMPACT_TYPE,NO_OF_PEDESTRIANS
17-631,EARL ARMSTRONG RD btwn RIVER RD & SPRATT RD,367655.01316,5014661.53885,-75.69898303120,45.26910207680,2017-01-18,8:00:00 AM,01 - Clear,01 - Daylight,03 - Loose snow,10 - No control,,03 - P.D. only,05 - Turning movement,0
17-632,CATHERINE ST btwn BANK ST & O'CONNOR ST,368117.29737,5030316.40143,-75.69108896710,45.40991982130,2017-01-18,10:06:00 AM,02 - Rain,01 - Daylight,02 - Wet,10 - No control,,03 - P.D. only,04 - Sideswipe,0
17-633,RIVER RD btwn LOWEN DR & MULLIGAN ST,367931.30767,5017567.20224,-75.69509268260,45.29522217030,2017-01-18,10:30:00 AM,02 - Rain,01 - Daylight,04 - Slush,10 - No control,,03 - P.D. only,07 - SMV other,0
17-634,FALLOWFIELD RD @ HOLITMAN DR,363743.43627,5017135.56980,-75.74853344410,45.29170213800,2017-01-18,11:02:00 AM,01 - Clear,01 - Daylight,01 - Dry,02 - Stop sign,01 - Functioning,03 - P.D. only,02 - Angle,0
17-635,FROBISHER LANE W @ RIVERSIDE DR,370118.60498,5029602.61747,-75.66561848090,45.40331353970,2017-01-18,8:50:00 AM,03 - Snow,01 - Daylight,04 - Slush,01 - Traffic signal,01 - Functioning,03 - P.D. only,02 - Angle,0
17-636,GIBFORD DR btwn GIBFORD DR & DEAN MARTIN CRES,370014.84832,5022909.79306,-75.66782743740,45.34310329440,2017-01-17,11:00:00 PM,04 - Freezing Rain,07 - Dark,06 - Ice,10 - No control,,03 - P.D. only,01 - Approaching,0
17-637,DALHOUSIE ST @ GUIGUES AVE,367911.83933,5032713.58810,-75.69340646010,45.43150746850,2017-01-18,11:50:00 AM,04 - Freezing Rain,01 - Daylight,06 - Ice,02 - Stop sign,00 - Unknown,03 - P.D. only,99 - Other,0
17-638,BRONSON AVE @ SUNNYSIDE AVE/UNIVERSITY RD - CA,367921.20916,5028090.42140,-75.69387872240,45.38990883150,2017-01-17,4:35:00 PM,01 - Clear,01 - Daylight,02 - Wet,01 - Traffic signal,01 - Functioning,03 - P.D. only,03 - Rear end,0
17-639,LEITRIM RD btwn HIGH RD & ALBION RD,372823.26162,5019990.98760,-75.63239586430,45.31657413630,2017-01-18,12:01:00 PM,01 - Clear,01 - Daylight,02 - Wet,10 - No control,,03 - P.D. only,07 - SMV other,0
17-640,GUIGUES AVE btwn CUMBERLAND ST & KING EDWARD AVE,368152.58949,5032870.26872,-75.69030972930,45.43289545660,2017-01-17,12:00:00 AM,04 - Freezing Rain,00 - Unknown,04 - Slush,10 - No control,,03 - P.D. only,06 - SMV unattended vehicle,0
17-641,ARGYLE AVE S @ ELGIN ST,368509.77732,5030645.35125,-75.68603282540,45.41284398460,2017-01-18,2:17:00 PM,03 - Snow,01 - Daylight,05 - Packed snow,02 - Stop sign,00 - Unknown,03 - P.D. only,03 - Rear end,0
17-642,CYRVILLE RD @ MEADOWBROOK RD,374629.25953,5031243.73953,-75.60777358880,45.41764409860,2017-01-10,2:00:00 PM,03 - Snow,01 - Daylight,03 - Loose snow,01 - Traffic signal,00 - Unknown,03 - P.D. only,03 - Rear end,0
17-643,HEMLOCK RD @ ST. LAURENT BLVD,371145.70890,5034782.41191,-75.65180192430,45.44982248300,2017-01-18,3:52:00 PM,02 - Rain,01 - Daylight,02 - Wet,01 - Traffic signal,00 - Unknown,03 - P.D. only,05 - Turning movement,0
17-644,DIEPPE ST btwn MCARTHUR AVE & END,371338.89703,5032666.90733,-75.64961838330,45.43076978740,2017-01-18,12:00:00 AM,03 - Snow,00 - Unknown,05 - Packed snow,10 - No control,,03 - P.D. only,06 - SMV unattended vehicle,0
17-645,BANTREE ST @ INNES RD,373706.47367,5030405.42970,-75.61968005500,45.41019288700,2017-01-18,4:34:00 PM,02 - Rain,01 - Daylight,06 - Ice,01 - Traffic signal,01 - Functioning,03 - P.D. only,03 - Rear end,0
17-646,ELGIN ST @ SOMERSET ST,368164.70888,5031198.57181,-75.69036990420,45.41785300990,2017-01-18,5:05:00 PM,01 - Clear,05 - Dusk,04 - Slush,01 - Traffic signal,01 - Functioning,02 - Non-fatal injury,07 - SMV other,1
17-647,HOLLY ACRES RD @ HILLVIEW RD/STONEHEDGE PK,358289.60569,5023363.30155,-75.81738623880,45.34817606220,2017-01-18,5:17:00 PM,01 - Clear,05 - Dusk,02 - Wet,02 - Stop sign,00 - Unknown,02 - Non-fatal injury,05 - Turning movement,0
17-648,DUNROBIN RD @ KERWIN RD,346290.65735,5027172.36831,-75.97018480990,45.38326352440,2017-01-18,5:36:00 PM,"07 - Fog, mist, smoke, dust",05 - Dusk,02 - Wet,02 - Stop sign,00 - Unknown,03 - P.D. only,07 - SMV other,0
17-649,INDUSTRIAL AVE btwn RIVERSIDE DR & SANDFORD FLEMING AVE,370875.25634,5030558.28006,-75.65582596790,45.41184120170,2017-01-18,6:01:00 PM,02 - Rain,07 - Dark,02 - Wet,10 - No control,,03 - P.D. only,03 - Rear end,0
17-650,GARFIELD AVE @ MAITLAND AVE,363343.63855,5025562.29101,-75.75263345200,45.36755868010,2017-01-18,6:00:00 PM,01 - Clear,07 - Dark,06 - Ice,01 - Traffic signal,01 - Functioning,03 - P.D. only,03 - Rear end,0
17-651,CALDWELL AVE btwn MORISSET AVE & MEDFORD ST,364584.01774,5026104.68961,-75.73673456070,45.37233439360,2017-01-18,12:00:00 AM,01 - Clear,00 - Unknown,02 - Wet,10 - No control,,03 - P.D. only,06 - SMV unattended vehicle,0
17-652,WOODROFFE AVE @ KNOXDALE RD/MEDHURST DR,363419.21653,5021827.19706,-75.75211148580,45.33394435090,2017-01-18,7:57:00 PM,02 - Rain,07 - Dark,02 - Wet,01 - Traffic signal,01 - Functioning,02 - Non-fatal injury,03 - Rear end,0
17-653,ST. LAURENT BLVD @ WALKLEY RD,373903.50057,5028047.98080,-75.61749351120,45.38896225650,2017-01-18,10:15:00 PM,01 - Clear,07 - Dark,03 - Loose snow,01 - Traffic signal,01 - Functioning,03 - P.D. only,07 - SMV other,0
17-654,BARNSDALE RD @ PRINCE OF WALES DR,366647.86677,5011531.74430,-75.71220625560,45.24102956890,2017-01-18,10:35:00 PM,01 - Clear,07 - Dark,01 - Dry,02 - Stop sign,00 - Unknown,02 - Non-fatal injury,05 - Turning movement,0
17-655,SUSSEX DR/PRINCESS AVE @ RIDEAU GATE,367956.00028,5034163.60911,-75.69265607630,45.44455024660,2017-01-19,5:12:00 AM,01 - Clear,07 - Dark,02 - Wet,11 - Roundabout,01 - Functioning,03 - P.D. only,07 - SMV other,0
17-656,CAMPEAU DR/HWY 417 MARCH IC138R63 @ MARCH RD,352842.80747,5020475.13689,-75.88717233730,45.32258209510,2017-01-19,6:24:00 AM,01 - Clear,07 - Dark,02 - Wet,01 - Traffic signal,00 - Unknown,03 - P.D. only,03 - Rear end,0
17-657,GLADSTONE AVE @ ROCHESTER ST,366661.60510,5029787.01915,-75.70975080900,45.40528677040,2017-01-19,6:58:00 AM,01 - Clear,07 - Dark,02 - Wet,01 - Traffic signal,01 - Functioning,02 - Non-fatal injury,02 - Angle,0
17-658,ARENA PL @ BANK ST,375400.00223,5021520.61310,-75.59931670320,45.33008273520,2017-01-19,7:39:00 AM,01 - Clear,03 - Dawn,02 - Wet,02 - Stop sign,00 - Unknown,03 - P.D. only,02 - Angle,0
17-659,METCALFE ST @ SLATER ST,367731.69660,5031549.57580,-75.69585725150,45.42105031080,2017-01-19,8:14:00 AM,01 - Clear,01 - Daylight,02 - Wet,01 - Traffic signal,00 - Unknown,03 - P.D. only,04 - Sideswipe,0
17-660,CHAMPLAIN ST @ PLACE D'ORLEANS DR,381597.24600,5038179.17656,-75.51767175700,45.47931347360,2017-01-19,10:12:00 AM,01 - Clear,01 - Daylight,02 - Wet,01 - Traffic signal,01 - Functioning,03 - P.D. only,02 - Angle,0
17-661,RICHARD AVE @ CLEMENTINE BLVD,369504.26704,5026960.72869,-75.67381165550,45.37959975140,2017-01-19,10:28:00 AM,01 - Clear,01 - Daylight,04 - Slush,02 - Stop sign,00 - Unknown,03 - P.D. only,99 - Other,0
17-662,GREENBANK RD btwn WEST HUNT CLUB RD & FALLOWFIELD RD,363041.87789,5016825.35147,-75.75751323630,45.28896928510,2017-01-19,10:33:00 AM,01 - Clear,01 - Daylight,02 - Wet,10 - No control,,02 - Non-fatal injury,01 - Approaching,0
17-663,LEBRETON ST @ SOMERSET ST,366681.69390,5030320.69270,-75.70942722490,45.41008684120,2017-01-19,10:26:00 AM,01 - Clear,01 - Daylight,02 - Wet,02 - Stop sign,00 - Unknown,03 - P.D. only,04 - Sideswipe,0
17-664,HUNT CLUB RD @ BRIDLE PATH DR/DAZE ST,371291.72890,5023864.23243,-75.65140729570,45.35157117330,2017-01-19,11:05:00 AM,01 - Clear,01 - Daylight,02 - Wet,01 - Traffic signal,01 - Functioning,02 - Non-fatal injury,07 - SMV other,1
17-665,BANK ST @ RIVERSIDE DR N,369226.61059,5027983.31030,-75.67722312940,45.38882621070,2017-01-19,11:17:00 AM,01 - Clear,01 - Daylight,01 - Dry,01 - Traffic signal,00 - Unknown,03 - P.D. only,03 - Rear end,0
17-666,FALLOWFIELD RD btwn WOODROFFE AVE & VIA PARK PL/275 W OF WOODROFFE AVE,365080.88964,5017900.11308,-75.73139092100,45.29846800540,2017-01-19,11:25:00 AM,01 - Clear,01 - Daylight,02 - Wet,10 - No control,,03 - P.D. only,03 - Rear end,0
17-667,HINCKS LANE @ RIVERSIDE DR,370166.24253,5030205.80269,-75.66493005750,45.40873632820,2017-01-19,11:59:00 AM,01 - Clear,01 - Daylight,02 - Wet,01 - Traffic signal,01 - Functioning,03 - P.D. only,03 - Rear end,0
17-668,GRENON AVE btwn MICHELE DR & RICHMOND RD,359720.91745,5024089.68378,-75.79904106640,45.35460142610,2017-01-19,12:04:00 PM,01 - Clear,01 - Daylight,04 - Slush,10 - No control,,03 - P.D. only,99 - Other,0
17-669,KRISTIN WAY btwn ROCKLEDGE RD & BRITTANY DR,371840.61928,5034130.58899,-75.64300764030,45.44389138710,2017-01-19,12:00:00 AM,01 - Clear,00 - Unknown,01 - Dry,10 - No control,,03 - P.D. only,06 - SMV unattended vehicle,0
17-670,BOOTH ST @ WELLINGTON ST S,366402.70270,5030676.11785,-75.71294673230,45.41330947200,2017-01-19,1:19:00 PM,01 - Clear,01 - Daylight,01 - Dry,02 - Stop sign,01 - Functioning,03 - P.D. only,03 - Rear end,0
17-671,WELLINGTON ST @ HAMILTON AVE,365077.69280,5029232.10845,-75.73005041480,45.40043199810,2017-01-19,1:33:00 PM,01 - Clear,01 - Daylight,02 - Wet,02 - Stop sign,01 - Functioning,03 - P.D. only,02 - Angle,0
17-672,BURLINGTON CRES btwn HUNTERSFIELD DR & HUNTERSFIELD DR,373393.71868,5025218.76036,-75.62439604330,45.36355623830,2017-01-18,12:00:00 AM,02 - Rain,00 - Unknown,03 - Loose snow,10 - No control,,03 - P.D. only,06 - SMV unattended vehicle,0
17-673,HEATHERINGTON RD btwn FAIRLEA CRES & ANGELA PRIV,371846.30841,5026600.52506,-75.64395907440,45.37613856240,2017-01-19,2:14:00 PM,04 - Freezing Rain,01 - Daylight,06 - Ice,10 - No control,,03 - P.D. only,01 - Approaching,0
17-674,BLAIR RD @ REGIONAL RD 174 N/OR174 IC112 RAMP61,374634.98978,5032990.73083,-75.60745269180,45.43336201040,2017-01-19,2:56:00 PM,01 - Clear,01 - Daylight,01 - Dry,01 - Traffic signal,01 - Functioning,03 - P.D. only,03 - Rear end,0
17-675,HUNT CLUB RD btwn RIVERSIDE DR & LINDBERGH PRIV,368213.75218,5022040.03402,-75.69091941760,45.33544251360,2017-01-19,3:06:00 PM,01 - Clear,01 - Daylight,02 - Wet,10 - No control,,03 - P.D. only,03 - Rear end,0
17-676,HERZBERG RD @ CARLING AVE,352038.56675,5022300.72949,-75.89725633110,45.33906373080,2017-01-19,3:26:00 PM,01 - Clear,01 - Daylight,01 - Dry,01 - Traffic signal,01 - Functioning,03 - P.D. only,03 - Rear end,0
17-677,RIVERSIDE DR NB btwn RIVERSIDE DR SPLIT & DATA CENTRE RD,368716.17356,5027500.67236,-75.68380363240,45.38453034800,2017-01-19,3:28:00 PM,01 - Clear,01 - Daylight,01 - Dry,10 - No control,,03 - P.D. only,02 - Angle,0
17-678,BEAUSEJOUR DR @ JEANNE D'ARC BLVD,381419.66162,5036060.84267,-75.52027321900,45.46027398510,2017-01-19,3:30:00 PM,01 - Clear,01 - Daylight,01 - Dry,01 - Traffic signal,01 - Functioning,03 - P.D. only,07 - SMV other,0
17-679,EDGECOMBE ST @ SMYTH RD,372325.04726,5029271.59466,-75.63748181410,45.40012578270,2017-01-19,2:45:00 PM,01 - Clear,01 - Daylight,01 - Dry,02 - Stop sign,01 - Functioning,03 - P.D. only,04 - Sideswipe,0
17-680,MERIVALE RD @ SHILLINGTON AVE,364845.24065,5026810.08455,-75.73331404720,45.37865908060,2017-01-19,3:55:00 PM,01 - Clear,01 - Daylight,02 - Wet,01 - Traffic signal,01 - Functioning,02 - Non-fatal injury,03 - Rear end,0
17-681,O'CONNOR ST @ WELLINGTON ST,367414.24194,5031722.03976,-75.69989137690,45.42263057110,2017-01-19,4:03:00 PM,01 - Clear,01 - Daylight,01 - Dry,01 - Traffic signal,01 - Functioning,03 - P.D. only,99 - Other,0
17-682,FALLOWFIELD RD @ MERIVALE RD,366890.76585,5018844.70589,-75.70819803770,45.30680972630,2017-01-19,4:16:00 PM,01 - Clear,01 - Daylight,02 - Wet,01 - Traffic signal,01 - Functioning,03 - P.D. only,03 - Rear end,0
17-683,RICHMOND RD btwn LOCKHART AVE & CLEARY AVE,361934.52853,5027150.41705,-75.77043690280,45.38196476730,2017-01-19,4:30:00 PM,01 - Clear,01 - Daylight,01 - Dry,10 - No control,,03 - P.D. only,03 - Rear end,0
17-684,BRONSON AVE @ SOMERSET ST,366967.69610,5030476.02575,-75.70575415110,45.41145913660,2017-01-19,4:33:00 PM,01 - Clear,01 - Daylight,02 - Wet,01 - Traffic signal,01 - Functioning,03 - P.D. only,04 - Sideswipe,0
17-685,CUMBERLAND ST @ RIDEAU ST,368373.96455,5032330.52045,-75.68755037010,45.42801890710,2017-01-19,4:51:00 PM,01 - Clear,05 - Dusk,02 - Wet,01 - Traffic signal,01 - Functioning,03 - P.D. only,04 - Sideswipe,0
17-686,LAURIER AVE @ NICHOLAS ST,368371.99766,5031796.63056,-75.68764441100,45.42321533320,2017-01-19,5:31:00 PM,01 - Clear,05 - Dusk,02 - Wet,01 - Traffic signal,00 - Unknown,03 - P.D. only,04 - Sideswipe,0
17-687,BLAIR RD @ OGILVIE RD,374507.25033,5033198.81169,-75.60905564520,45.43524695260,2017-01-19,5:36:00 PM,01 - Clear,05 - Dusk,02 - Wet,01 - Traffic signal,01 - Functioning,03 - P.D. only,03 - Rear end,0
17-688,BREEZEHILL AVE   S btwn YOUNG ST & NOLAN AVE,366243.72866,5029188.24459,-75.71516305740,45.39993595590,2017-01-19,5:38:00 PM,01 - Clear,05 - Dusk,01 - Dry,10 - No control,,03 - P.D. only,06 - SMV unattended vehicle,0
17-689,BRONSON AVE @ MACLAREN ST,367000.24234,5030399.29333,-75.70534806810,45.41076582800,2017-01-19,6:28:00 PM,01 - Clear,07 - Dark,01 - Dry,02 - Stop sign,01 - Functioning,03 - P.D. only,02 - Angle,0
17-690,GREENBANK RD @ HWY 417 IC129 RAMP57/IRIS ST,360531.40304,5023311.41474,-75.78878530240,45.34753463060,2017-01-19,6:39:00 PM,01 - Clear,07 - Dark,04 - Slush,01 - Traffic signal,00 - Unknown,03 - P.D. only,03 - Rear end,0
17-691,GREENBANK RD btwn STRANDHERD DR & MARKETPLACE AVE,363968.52960,5014699.38331,-75.74595442690,45.26976241290,2017-01-19,5:50:00 PM,01 - Clear,07 - Dark,02 - Wet,10 - No control,,02 - Non-fatal injury,04 - Sideswipe,0
17-692,BRONSON AVE @ POWELL AVE,367387.87890,5029478.57085,-75.70051309900,45.40244687980,2017-01-19,10:25:00 PM,01 - Clear,07 - Dark,02 - Wet,01 - Traffic signal,01 - Functioning,02 - Non-fatal injury,07 - SMV other,1
17-693,SMYTH RD @ BOTSFORD ST/DAUPHIN RD,372243.80728,5029261.10163,-75.63852083440,45.40003920110,2017-01-20,3:18:00 AM,01 - Clear,07 - Dark,01 - Dry,01 - Traffic signal,01 - Functioning,03 - P.D. only,07 - SMV other,0
17-694,BANK ST @ RIVERSIDE DR N,369225.16945,5027983.54600,-75.67724150070,45.38882846400,2017-01-20,6:35:00 AM,01 - Clear,07 - Dark,01 - Dry,01 - Traffic signal,01 - Functioning,03 - P.D. only,02 - Angle,0
17-695,EARL ARMSTRONG RD @ PARK N RIDE/295 E OF RIVER RD,367882.92910,5014698.17620,-75.69607413020,45.26941132960,2017-01-20,7:08:00 AM,01 - Clear,03 - Dawn,02 - Wet,01 - Traffic signal,01 - Functioning,02 - Non-fatal injury,05 - Turning movement,0
17-696,MONTREAL RD @ OGILVIE RD,375653.78825,5034556.82279,-75.59420779780,45.44735028900,2017-01-19,6:00:00 PM,02 - Rain,07 - Dark,02 - Wet,01 - Traffic signal,01 - Functioning,03 - P.D. only,03 - Rear end,0
17-697,ALBERT ST @ BOOTH ST,366428.69320,5030626.56660,-75.71262089780,45.41286133470,2017-01-20,8:59:00 AM,01 - Clear,01 - Daylight,01 - Dry,01 - Traffic signal,01 - Functioning,03 - P.D. only,04 - Sideswipe,0
17-698,GALATINA WAY btwn ABBEYDALE CIRC & HUNTERBROOK ST N,348439.58534,5022881.40038,-75.94312428600,45.34452185490,2017-01-19,10:00:00 PM,01 - Clear,07 - Dark,05 - Packed snow,10 - No control,,03 - P.D. only,06 - SMV unattended vehicle,0
17-699,MOODIE DR @ RICHMOND RD N,357393.10676,5019690.28481,-75.82921648570,45.31519375040,2017-01-20,9:41:00 AM,01 - Clear,01 - Daylight,02 - Wet,02 - Stop sign,01 - Functioning,03 - P.D. only,02 - Angle,0
17-700,FALLOWFIELD RD btwn ORR ST & GREENBANK RD,363001.14907,5016669.73341,-75.75805067310,45.28757240520,2017-01-20,9:59:00 AM,01 - Clear,01 - Daylight,02 - Wet,10 - No control,,02 - Non-fatal injury,03 - Rear end,0
17-701,SLATER ST btwn LYON ST N & KENT ST,367192.47663,5031209.63838,-75.70278979070,45.41803995700,2017-01-20,10:07:00 AM,02 - Rain,01 - Daylight,02 - Wet,10 - No control,,03 - P.D. only,06 - SMV unattended vehicle,0
17-702,PRINCE OF WALES DR @ NORMANDY CRES S/KOCHAR DR,367446.38974,5024562.32426,-75.70038956490,45.35820650800,2017-01-20,10:15:00 AM,01 - Clear,01 - Daylight,01 - Dry,01 - Traffic signal,01 - Functioning,03 - P.D. only,03 - Rear end,0
17-703,COBBLE HILL DR btwn Continuation of COBBLE HILL DR & MOFFATT POND CRT,361719.19535,5014048.20569,-75.77469228590,45.26408871110,2017-01-19,10:00:00 AM,01 - Clear,01 - Daylight,06 - Ice,10 - No control,,03 - P.D. only,06 - SMV unattended vehicle,0
17-704,ALBANY DR btwn EDGELAND PL & AGINCOURT RD,363290.86560,5025104.03745,-75.75336133990,45.36343977490,2017-01-20,12:00:00 AM,01 - Clear,00 - Unknown,05 - Packed snow,10 - No control,,03 - P.D. only,06 - SMV unattended vehicle,0
17-705,GLADSTONE AVE @ PERCY ST,367327.62302,5030206.29473,-75.70119043700,45.40900011090,2017-01-20,12:51:00 PM,02 - Rain,01 - Daylight,02 - Wet,01 - Traffic signal,01 - Functioning,02 - Non-fatal injury,05 - Turning movement,0
17-706,ISLAND PARK DR @ RICHMOND RD,364129.04736,5028866.46390,-75.74221072500,45.39722303390,2017-01-20,12:54:00 PM,01 - Clear,01 - Daylight,01 - Dry,01 - Traffic signal,01 - Functioning,03 - P.D. only,04 - Sideswipe,0
17-707,SOMERSET ST    W btwn BREEZEHILL AVE N & PRESTON ST,366208.91977,5030084.96334,-75.71549596710,45.40800745380,2017-01-20,1:01:00 PM,01 - Clear,01 - Daylight,02 - Wet,10 - No control,,03 - P.D. only,02 - Angle,0
17-708,DEAKIN ST @ PRINCE OF WALES DR,367390.71110,5021523.75917,-75.70148465400,45.33087106360,2017-01-20,1:07:00 PM,01 - Clear,01 - Daylight,02 - Wet,01 - Traffic signal,01 - Functioning,03 - P.D. only,02 - Angle,0
17-709,MOODIE DR @ FITZGERALD RD/STAFFORD RD,356921.31098,5020810.35681,-75.83511558700,45.32530746430,2017-01-20,1:15:00 PM,01 - Clear,01 - Daylight,02 - Wet,01 - Traffic signal,01 - Functioning,03 - P.D. only,03 - Rear end,0
17-710,BRUYERE ST btwn SUSSEX DR & PARENT AVE,367612.04832,5032713.90032,-75.69723748510,45.43153726780,2017-01-20,1:35:00 PM,01 - Clear,01 - Daylight,06 - Ice,10 - No control,,03 - P.D. only,06 - SMV unattended vehicle,0
17-711,HAWTHORNE RD @ HUNT CLUB RD,375507.74990,5026406.80057,-75.59724355510,45.37403561030,2017-01-20,1:41:00 PM,01 - Clear,01 - Daylight,02 - Wet,01 - Traffic signal,01 - Functioning,03 - P.D. only,99 - Other,0
17-712,CARLING AVE @ MERIVALE RD,364894.70380,5027699.73009,-75.73257423730,45.38665970300,2017-01-20,1:52:00 PM,01 - Clear,01 - Daylight,01 - Dry,01 - Traffic signal,01 - Functioning,03 - P.D. only,02 - Angle,0
17-713,LACROIX AVE btwn TO BE DETERMINED & DUFORD DR (1),382127.63246,5037127.60092,-75.51105400890,45.46979376680,2017-01-19,9:00:00 PM,01 - Clear,07 - Dark,05 - Packed snow,10 - No control,,03 - P.D. only,06 - SMV unattended vehicle,0
17-714,OGILVIE RD @ BATHGATE DR/CITYPARK DR W,373828.43567,5032800.38600,-75.61778655020,45.43172946880,2017-01-20,2:48:00 PM,04 - Freezing Rain,01 - Daylight,02 - Wet,01 - Traffic signal,01 - Functioning,02 - Non-fatal injury,03 - Rear end,0
17-715,MERIDIAN PL btwn PALLISTER PRIV & CHRYSALIS WAY,362753.80123,5022761.37119,-75.76049100580,45.34240526580,2017-01-20,12:00:00 AM,01 - Clear,00 - Unknown,02 - Wet,10 - No control,,03 - P.D. only,06 - SMV unattended vehicle,0
17-716,ST. LAURENT BLVD btwn CONROY RD & THURSTON DR,373117.73065,5027185.61758,-75.62764659570,45.38128016960,2017-01-20,12:00:00 AM,01 - Clear,00 - Unknown,02 - Wet,10 - No control,,03 - P.D. only,06 - SMV unattended vehicle,0
17-717,BRONSON AVE @ FINDLAY AVE,367728.71070,5028661.18167,-75.69626408420,45.39506169510,2017-01-20,3:56:00 PM,03 - Snow,01 - Daylight,02 - Wet,02 - Stop sign,01 - Functioning,03 - P.D. only,03 - Rear end,0
17-718,PRINCE OF WALES DR @ MERIVALE RD,367450.25775,5017616.46060,-75.70121911660,45.29570844780,2017-01-20,2:50:00 PM,01 - Clear,01 - Daylight,02 - Wet,01 - Traffic signal,01 - Functioning,03 - P.D. only,03 - Rear end,0
17-719,BANK ST btwn EVANS BLVD & CECIL AVE,369936.24508,5027013.90824,-75.66828943040,45.38003821480,2017-01-20,4:35:00 PM,01 - Clear,01 - Daylight,01 - Dry,10 - No control,,02 - Non-fatal injury,02 - Angle,0
17-720,INNES RD btwn VISENEAU DR & BELCOURT BLVD,381885.08990,5035124.37567,-75.51446951470,45.45179723400,2017-01-20,4:54:00 PM,01 - Clear,05 - Dusk,02 - Wet,10 - No control,,03 - P.D. only,03 - Rear end,0
17-721,CASTLEFRANK RD @ MCCURDY DR N,352077.64516,5018772.48889,-75.89709458310,45.30731322910,2017-01-20,4:58:00 PM,01 - Clear,05 - Dusk,02 - Wet,02 - Stop sign,01 - Functioning,02 - Non-fatal injury,07 - SMV other,1
17-722,FALLOWFIELD RD btwn SHEA RD & EAGLESON RD,355688.41006,5012491.12701,-75.85169536800,45.25053989810,2017-01-20,6:56:00 PM,01 - Clear,07 - Dark,01 - Dry,10 - No control,,01 - Fatal injury,01 - Approaching,0
17-723,CLARKE AVE @ ST. LAURENT BLVD,371733.62840,5033353.58990,-75.64448083980,45.43691057120,2017-01-20,6:45:00 PM,01 - Clear,07 - Dark,02 - Wet,01 - Traffic signal,01 - Functioning,03 - P.D. only,03 - Rear end,0
17-724,CAMPEAU DR @ TERON RD/COLCHESTER SQ,352562.97203,5020468.65150,-75.89074230380,45.32254283410,2017-01-20,7:59:00 PM,01 - Clear,07 - Dark,02 - Wet,01 - Traffic signal,01 - Functioning,02 - Non-fatal injury,05 - Turning movement,0
17-725,COLONEL BY DR/SUSSEX DR @ RIDEAU ST,367921.60329,5032045.28517,-75.69336734230,45.42549342840,2017-01-20,8:44:00 PM,01 - Clear,07 - Dark,02 - Wet,01 - Traffic signal,01 - Functioning,03 - P.D. only,04 - Sideswipe,0
17-726,BANK ST @ SOMERSET ST,367694.16016,5030916.92135,-75.69641759750,45.41536126580,2017-01-20,10:35:00 PM,01 - Clear,07 - Dark,02 - Wet,01 - Traffic signal,01 - Functioning,02 - Non-fatal injury,07 - SMV other,1
17-727,HAMILTON ST @ MCBEAN ST,356880.26466,5006102.60122,-75.83718078820,45.19296701320,2017-01-21,2:05:00 AM,01 - Clear,07 - Dark,02 - Wet,02 - Stop sign,01 - Functioning,03 - P.D. only,02 - Angle,0
17-728,RIVER RD btwn RIDEAU FOREST DR & KILBY LANE,370772.01429,5008845.25279,-75.66003611110,45.21648239410,2017-01-21,6:14:00 AM,"07 - Fog, mist, smoke, dust",07 - Dark,06 - Ice,10 - No control,,02 - Non-fatal injury,07 - SMV other,0
17-729,BANK ST btwn SOUTHKEYS SC & CAHILL DR/DAZE ST,371176.09034,5024435.34749,-75.65280628240,45.35672083920,2017-01-21,8:23:00 AM,"07 - Fog, mist, smoke, dust",01 - Daylight,02 - Wet,10 - No control,,03 - P.D. only,03 - Rear end,0
17-730,BLAIR RD btwn BRIARCLIFFE DR & SWANS WAY,373676.56957,5035307.01462,-75.61937639890,45.45429773550,2017-01-21,8:28:00 AM,04 - Freezing Rain,01 - Daylight,06 - Ice,10 - No control,,03 - P.D. only,06 - SMV unattended vehicle,0
17-731,PINECREST RD @ LISA AVE,360693.41768,5022916.42814,-75.78676255200,45.34396765640,2017-01-21,8:31:00 AM,02 - Rain,01 - Daylight,06 - Ice,02 - Stop sign,01 - Functioning,03 - P.D. only,02 - Angle,0
17-732,LAMBETH WALK btwn ELMIRA DR & GATEWAY RD,361642.87710,5024044.72220,-75.77451809320,45.35404369570,2017-01-21,9:07:00 AM,02 - Rain,01 - Daylight,02 - Wet,10 - No control,,03 - P.D. only,06 - SMV unattended vehicle,0
17-733,DU CLAIRVAUX RD @ LA CHAPELLE ST,380082.17200,5034351.12667,-75.53763477690,45.44503666230,2017-01-21,9:19:00 AM,01 - Clear,01 - Daylight,04 - Slush,02 - Stop sign,01 - Functioning,03 - P.D. only,02 - Angle,0
17-734,GREENBANK RD @ JOCKVALE RD,364121.14135,5014329.32040,-75.74405390960,45.26641972420,2017-01-21,11:44:00 AM,01 - Clear,01 - Daylight,06 - Ice,01 - Traffic signal,01 - Functioning,03 - P.D. only,03 - Rear end,0