COLLISION_ID,LOCATION,X,Y,LONGITUDE,LATITUDE,DATE,TIME,ENVIRONMENT,LIGHT,SURFACE_CONDITION,TRAFFIC_CONTROL,TRAFFIC_CONTROL_CONDITION,COLLISION_CLASSIFICATION,IMPACT_TYPE,NO_OF_PEDESTRIANS
17-735,ISLAND PARK DR @ SCOTT ST,363833.68950,5029038.91416,-75.74596226050,45.39879967490,2017-01-20,5:25:00 PM,02 - Rain,05 - Dusk,02 - Wet,01 - Traffic signal,01 - Functioning,03 - P.D. only,04 - Sideswipe,0
17-736,DUMAURIER AVE @ BARWELL AVE/GRENON AVE,359729.12595,5023649.41020,-75.79898521910,45.35063920410,2017-01-21,12:34:00 PM,01 - Clear,01 - Daylight,02 - Wet,02 - Stop sign,01 - Functioning,02 - Non-fatal injury,02 - Angle,0
17-737,BASELINE RD/HERON RD @ PRINCE OF WALES DR,366873.82115,5026439.48688,-75.70746121080,45.37514773770,2017-01-21,12:59:00 PM,01 - Clear,01 - Daylight,01 - Dry,01 - Traffic signal,01 - Functioning,03 - P.D. only,03 - Rear end,0
17-738,GLEBE AVE btwn LYON ST S & BANK ST,368200.48511,5029764.96697,-75.69009722020,45.40495065950,2017-01-21,1:18:00 PM,01 - Clear,01 - Daylight,02 - Wet,10 - No control,,03 - P.D. only,06 - SMV unattended vehicle,0
17-739,FALLOWFIELD RD @ RICHMOND RD,357720.54270,5013528.86955,-75.82569780660,45.25972783140,2017-01-21,1:27:00 PM,01 - Clear,01 - Daylight,01 - Dry,01 - Traffic signal,00 - Unknown,03 - P.D. only,03 - Rear end,0
17-740,TENTH LINE RD btwn OLD TENTH LINE RD & TOMPKINS AVE,383168.08291,5038027.06223,-75.49760621590,45.47777033750,2017-01-21,1:31:00 PM,01 - Clear,01 - Daylight,02 - Wet,10 - No control,,03 - P.D. only,03 - Rear end,0
17-741,ARMSTRONG ST @ PINHEY ST,365407.69181,5029608.72841,-75.72578931440,45.40379224580,2017-01-21,1:31:00 PM,01 - Clear,01 - Daylight,02 - Wet,02 - Stop sign,01 - Functioning,03 - P.D. only,02 - Angle,0
17-742,BRIDGE ST @ LONG ISLAND RD,369058.06966,5010347.03794,-75.68166214930,45.23015378510,2017-01-21,1:44:00 PM,01 - Clear,01 - Daylight,02 - Wet,01 - Traffic signal,01 - Functioning,02 - Non-fatal injury,03 - Rear end,0
17-743,ALERT RD/AIRPORT PKWY/UPLANDS DR RAMP 62 @ LES,371306.16506,5021355.13825,-75.65156034750,45.32899373050,2017-01-21,2:04:00 PM,01 - Clear,01 - Daylight,02 - Wet,01 - Traffic signal,00 - Unknown,03 - P.D. only,05 - Turning movement,0
17-744,MOHRS RD btwn GALETTA SIDE RD & RIDDLEDALE RD,324092.83029,5031481.34329,-76.25346735210,45.42300094580,2017-01-21,2:10:00 PM,01 - Clear,01 - Daylight,03 - Loose snow,10 - No control,,03 - P.D. only,07 - SMV other,0
17-745,PINEWOOD CRES btwn HARWOOD AVE & HENLEY ST,360396.51532,5024107.41582,-75.79041703690,45.35470773740,2017-01-21,2:52:00 PM,01 - Clear,01 - Daylight,02 - Wet,10 - No control,,03 - P.D. only,99 - Other,0
17-746,STRANDHERD DR @ TARTAN DR,362488.59080,5013843.41630,-75.76491265070,45.26218332270,2017-01-21,3:01:00 PM,01 - Clear,01 - Daylight,02 - Wet,02 - Stop sign,01 - Functioning,03 - P.D. only,03 - Rear end,0
17-747,PRINCE OF WALES DR @ WEST HUNT CLUB RD,367458.16385,5021890.41040,-75.70057777880,45.33416410690,2017-01-21,4:00:00 PM,01 - Clear,01 - Daylight,02 - Wet,01 - Traffic signal,01 - Functioning,03 - P.D. only,03 - Rear end,0
17-748,ECHOWOODS AVE btwn KITTIWAKE DR & LLOYDALEX CRES,348651.83380,5014616.38939,-75.94114724830,45.27013748170,2017-01-21,12:00:00 AM,01 - Clear,00 - Unknown,01 - Dry,10 - No control,,03 - P.D. only,06 - SMV unattended vehicle,0
17-749,TWIN ELM RD btwn CAMBRIAN RD & BARNSDALE RD,359469.21969,5009516.50254,-75.80385923090,45.22349012280,2017-01-21,5:21:00 PM,01 - Clear,05 - Dusk,02 - Wet,10 - No control,,03 - P.D. only,07 - SMV other,0
17-750,DUMAURIER AVE @ BARWELL AVE/GRENON AVE,359729.67240,5023651.85995,-75.79897797430,45.35066120460,2017-01-21,5:53:00 PM,01 - Clear,07 - Dark,02 - Wet,02 - Stop sign,01 - Functioning,02 - Non-fatal injury,07 - SMV other,1
17-751,RIVERSIDE DR SB btwn Continuation of RIVERSIDE DR & HWY417 IC117 RAMP5,370768.74477,5030907.16473,-75.65713990810,45.41499037310,2017-01-21,1:45:00 PM,01 - Clear,01 - Daylight,02 - Wet,10 - No control,,03 - P.D. only,04 - Sideswipe,0
17-752,BLAIR RD @ REGIONAL RD 174 N/OR174 IC112 RAMP61,374633.85599,5032992.76958,-75.60746689170,45.43338046760,2017-01-21,6:24:00 PM,01 - Clear,07 - Dark,02 - Wet,01 - Traffic signal,00 - Unknown,03 - P.D. only,03 - Rear end,0
17-753,DES EPINETTES AVE @ PRESTWICK DR,383334.28554,5036664.86292,-75.49569838870,45.46549582690,2017-01-21,6:48:00 PM,02 - Rain,07 - Dark,02 - Wet,02 - Stop sign,01 - Functioning,03 - P.D. only,02 - Angle,0
17-754,BEARBROOK RD/ROCKCLIFFE PKWY @ ST. JOSEPH BLVD,377128.73430,5035238.49910,-75.57525435920,45.45333249180,2017-01-21,7:08:00 PM,01 - Clear,07 - Dark,02 - Wet,01 - Traffic signal,01 - Functioning,03 - P.D. only,03 - Rear end,0
17-755,PRINCE OF WALES DR btwn WEST HUNT CLUB RD & TURN LANE,367455.97806,5021992.04975,-75.70059279590,45.33507883510,2017-01-21,7:17:00 PM,01 - Clear,07 - Dark,01 - Dry,10 - No control,,03 - P.D. only,04 - Sideswipe,0
17-756,ORLEANS BLVD @ ST. JOSEPH BLVD,380631.19496,5036980.86147,-75.53021186040,45.46863760290,2017-01-22,1:36:00 AM,02 - Rain,07 - Dark,02 - Wet,01 - Traffic signal,01 - Functioning,02 - Non-fatal injury,07 - SMV other,1
17-757,TERRY FOX DR @ EDGEWATER ST/WALTER BAKER PL,351777.06947,5017614.30595,-75.90103719560,45.29691177190,2017-01-22,1:15:00 PM,01 - Clear,01 - Daylight,02 - Wet,01 - Traffic signal,01 - Functioning,03 - P.D. only,03 - Rear end,0
17-758,CASTLEFRANK RD btwn TO BE DETERMINED & WINCHESTER DR,352833.94547,5017443.59503,-75.88757921040,45.29530421380,2017-01-22,1:31:00 PM,01 - Clear,01 - Daylight,01 - Dry,10 - No control,,03 - P.D. only,02 - Angle,0
17-759,CALDWELL AVE btwn MORISSET AVE & MEDFORD ST,364576.24553,5026102.11436,-75.73683409160,45.37231188540,2017-01-22,2:09:00 PM,01 - Clear,01 - Daylight,06 - Ice,10 - No control,,03 - P.D. only,07 - SMV other,0
17-760,BANK ST @ CAHILL DR/DAZE ST,371307.41769,5024316.28456,-75.65114628300,45.35563710560,2017-01-22,2:30:00 PM,01 - Clear,01 - Daylight,01 - Dry,01 - Traffic signal,01 - Functioning,02 - Non-fatal injury,05 - Turning movement,0
17-761,LYON ST @ WELLINGTON ST,366935.27100,5031425.62326,-75.70604864040,45.42000621280,2017-01-22,3:06:00 PM,01 - Clear,01 - Daylight,01 - Dry,01 - Traffic signal,01 - Functioning,03 - P.D. only,05 - Turning movement,0
17-762,CARP RD btwn RICHARDSON SIDE RD & HWY417 IC144 RAMP62,346939.37521,5016326.44740,-75.96282485870,45.28562994780,2017-01-22,1:45:00 PM,01 - Clear,01 - Daylight,02 - Wet,10 - No control,,03 - P.D. only,03 - Rear end,0
17-763,INNES RD @ ORLEANS BLVD,380462.13289,5034295.73410,-75.53278678110,45.44449725830,2017-01-22,4:30:00 PM,01 - Clear,01 - Daylight,01 - Dry,01 - Traffic signal,01 - Functioning,03 - P.D. only,03 - Rear end,0
17-764,OR174 IC102 RAMP15 @ PLACE D'ORLEANS DR,381879.97782,5038346.40000,-75.51402957510,45.48078684860,2017-01-22,7:47:00 PM,01 - Clear,07 - Dark,01 - Dry,01 - Traffic signal,01 - Functioning,02 - Non-fatal injury,02 - Angle,0
17-765,WOODROFFE AVE @ QUEENSBURY DR/RIDEAUCREST DR,365726.07328,5016328.17483,-75.72335836330,45.28426815060,2017-01-22,8:24:00 PM,01 - Clear,07 - Dark,01 - Dry,01 - Traffic signal,01 - Functioning,02 - Non-fatal injury,05 - Turning movement,0
17-766,MURRAY ST btwn DALHOUSIE ST & CUMBERLAND ST,368158.86258,5032671.77425,-75.69025510440,45.43110890670,2017-01-22,10:00:00 PM,01 - Clear,07 - Dark,02 - Wet,10 - No control,,03 - P.D. only,06 - SMV unattended vehicle,0
17-767,DALHOUSIE ST @ MURRAY ST,367999.60620,5032572.50170,-75.69230298540,45.43023009660,2017-01-22,10:40:00 PM,01 - Clear,07 - Dark,01 - Dry,01 - Traffic signal,01 - Functioning,03 - P.D. only,04 - Sideswipe,0
17-768,ASHTON STATION RD btwn FRANKTOWN RD & KING'S CREEK RD(BECKWITH TWP),346784.70390,4995903.74278,-75.96651627280,45.10186493140,2017-01-23,5:29:00 AM,04 - Freezing Rain,07 - Dark,06 - Ice,10 - No control,,03 - P.D. only,07 - SMV other,0
17-769,MITCH OWENS RD btwn SALE BARN RD & HAWTHORNE RD,379144.29156,5016818.54354,-75.55226050310,45.28738919670,2017-01-23,5:58:00 AM,01 - Clear,07 - Dark,06 - Ice,10 - No control,,02 - Non-fatal injury,03 - Rear end,0
17-770,ROGER STEVENS DR btwn MCKENNA RD & DWYER HILL RD,353812.16710,4988877.68736,-75.87791210220,45.03818837570,2017-01-23,6:06:00 AM,04 - Freezing Rain,07 - Dark,06 - Ice,10 - No control,,02 - Non-fatal injury,01 - Approaching,0
17-771,SLACK RD @ WOODROFFE AVE,364232.59802,5019974.20683,-75.74195734720,45.31720286930,2017-01-23,6:47:00 AM,01 - Clear,07 - Dark,06 - Ice,01 - Traffic signal,01 - Functioning,03 - P.D. only,05 - Turning movement,0
17-772,RIDEAU RD btwn BANK ST & DONCASTER RD,377830.16620,5018354.08499,-75.56878459640,45.30134311240,2017-01-23,7:11:00 AM,02 - Rain,03 - Dawn,06 - Ice,10 - No control,,03 - P.D. only,07 - SMV other,0
17-773,ABBEYHILL DR btwn SURREY LANE & EAGLESON RD,353730.31950,5017996.88916,-75.87609674290,45.30022102780,2017-01-23,7:21:00 AM,02 - Rain,03 - Dawn,02 - Wet,10 - No control,,03 - P.D. only,02 - Angle,0
17-774,ROGER STEVENS DR btwn MCCORDICK RD & CRAIGHURST DR,364788.56145,4998400.17569,-75.73746623560,45.12303079520,2017-01-23,6:09:00 AM,04 - Freezing Rain,07 - Dark,06 - Ice,10 - No control,,03 - P.D. only,07 - SMV other,0
17-775,JEANNE D'ARC BLVD  N btwn VINEYARD DR & VOYAGEUR DR,379216.78231,5037448.01685,-75.54822718470,45.47299284280,2017-01-23,7:45:00 AM,01 - Clear,03 - Dawn,01 - Dry,10 - No control,,03 - P.D. only,03 - Rear end,0
17-776,REGIONAL ROAD 174 btwn OR174 IC105 RAMP63 & OR174 IC102 RAMP36,380605.19740,5037709.92229,-75.53043181380,45.47519992300,2017-01-23,7:48:00 AM,01 - Clear,03 - Dawn,06 - Ice,10 - No control,,03 - P.D. only,03 - Rear end,0
17-777,EAGLESON RD btwn FAULKNER TR & FALLOWFIELD RD,355742.64930,5013146.29113,-75.85093726700,45.25643130220,2017-01-23,7:59:00 AM,04 - Freezing Rain,01 - Daylight,06 - Ice,10 - No control,,03 - P.D. only,01 - Approaching,0
17-778,KARSH DR btwn SOUTHLAND CRES & TOPLEY CRES,373812.42849,5026217.13142,-75.61891235410,45.37249806310,2017-01-23,10:09:00 AM,01 - Clear,01 - Daylight,01 - Dry,10 - No control,,03 - P.D. only,99 - Other,0
17-779,PRESTON ST @ SIDNEY ST,366810.03438,5028985.60957,-75.70795565260,45.39806277030,2017-01-23,11:14:00 AM,01 - Clear,01 - Daylight,01 - Dry,02 - Stop sign,01 - Functioning,03 - P.D. only,02 - Angle,0
17-780,WEST HUNT CLUB RD @ WOODROFFE AVE,363670.14455,5021245.94255,-75.74897944510,45.32869325820,2017-01-23,11:35:00 AM,01 - Clear,01 - Daylight,01 - Dry,01 - Traffic signal,01 - Functioning,03 - P.D. only,03 - Rear end,0
17-781,ANDERSON RD btwn HWY417 IC104 RAMP51 & LEITRIM RD,380319.52484,5025281.31893,-75.53599005260,45.36340719610,2017-01-23,11:30:00 AM,01 - Clear,01 - Daylight,01 - Dry,10 - No control,,03 - P.D. only,07 - SMV other,0
17-782,CONROY RD @ JOHNSTON RD,373396.80710,5026309.69437,-75.62420514790,45.37337171340,2017-01-23,12:49:00 PM,01 - Clear,01 - Daylight,01 - Dry,01 - Traffic signal,01 - Functioning,03 - P.D. only,03 - Rear end,0
17-783,MARKLAND CRES btwn ROBLYN WAY & LEWISTON AVE,365919.51761,5016054.50366,-75.72092640960,45.28178887950,2017-01-22,12:00:00 AM,01 - Clear,00 - Unknown,01 - Dry,10 - No control,,03 - P.D. only,06 - SMV unattended vehicle,0
17-784,DALHOUSIE ST @ GUIGUES AVE,367911.62823,5032712.55195,-75.69340929060,45.43149816510,2017-01-23,11:44:00 AM,01 - Clear,01 - Daylight,01 - Dry,02 - Stop sign,01 - Functioning,03 - P.D. only,06 - SMV unattended vehicle,0
17-785,BOOTH ST @ POPLAR ST,366680.48463,5030058.68619,-75.70947556050,45.40772948660,2017-01-21,6:55:00 PM,01 - Clear,07 - Dark,01 - Dry,02 - Stop sign,00 - Unknown,03 - P.D. only,05 - Turning movement,0
17-786,LEITRIM RD btwn LIMEBANK RD & HIGH RD,369613.48846,5018031.71198,-75.67358682540,45.29924859340,2017-01-23,2:00:00 PM,01 - Clear,01 - Daylight,01 - Dry,10 - No control,,03 - P.D. only,07 - SMV other,0
17-787,PORTOBELLO BLVD/SPRINGRIDGE DR S @ TRIM RD,385692.06439,5038071.50110,-75.46532026490,45.47788230850,2017-01-23,3:09:00 PM,01 - Clear,01 - Daylight,01 - Dry,01 - Traffic signal,01 - Functioning,02 - Non-fatal injury,02 - Angle,0
17-788,ST. JOSEPH BLVD/OLD MONTREAL RD @ TRIM RD,384681.47176,5039283.82572,-75.47804733210,45.48890597550,2017-01-23,2:27:00 PM,01 - Clear,01 - Daylight,01 - Dry,11 - Roundabout,01 - Functioning,03 - P.D. only,02 - Angle,0
17-789,COLONEL BY DR @ HAWTHORNE AVE/PRETORIA BRIDGE,368768.60143,5030526.25647,-75.68274183760,45.41174879910,2017-01-23,3:19:00 PM,01 - Clear,01 - Daylight,01 - Dry,01 - Traffic signal,01 - Functioning,03 - P.D. only,04 - Sideswipe,0
17-790,MERIVALE RD btwn WOODFIELD DR & 170 N OF WEST HUNT CLUB RD/COSTCO SC,365512.18558,5022181.92729,-75.72536740190,45.33695820510,2017-01-23,3:33:00 PM,01 - Clear,01 - Daylight,01 - Dry,10 - No control,,03 - P.D. only,05 - Turning movement,0
17-791,EARL ARMSTRONG RD @ RIVER RD,367573.64564,5014688.51269,-75.70001645930,45.26935205220,2017-01-23,3:50:00 PM,01 - Clear,01 - Daylight,01 - Dry,01 - Traffic signal,01 - Functioning,02 - Non-fatal injury,03 - Rear end,0
17-792,BESSERER ST @ NICHOLAS ST,368184.61600,5032112.12645,-75.68999803150,45.42607105950,2017-01-23,5:03:00 PM,01 - Clear,05 - Dusk,01 - Dry,01 - Traffic signal,01 - Functioning,03 - P.D. only,04 - Sideswipe,0
17-793,WOODROFFE AVE @ GEORGINA DR/LENESTER AVE,361909.68660,5025369.42630,-75.77096003000,45.36594160750,2017-01-23,5:24:00 PM,01 - Clear,05 - Dusk,01 - Dry,01 - Traffic signal,01 - Functioning,03 - P.D. only,04 - Sideswipe,0
17-794,MOODIE DR @ RICHMOND RD S,357434.19205,5019540.47630,-75.82870842690,45.31384267850,2017-01-23,5:34:00 PM,01 - Clear,05 - Dusk,01 - Dry,03 - Yield sign,01 - Functioning,03 - P.D. only,03 - Rear end,0
17-795,INDUSTRIAL AVE btwn TRAINYARDS DR & RUSSELL RD,371915.61470,5030490.68526,-75.64254509240,45.41113401200,2017-01-23,7:23:00 PM,01 - Clear,07 - Dark,01 - Dry,10 - No control,,02 - Non-fatal injury,03 - Rear end,0
17-796,GLADSTONE AVE @ KENT ST,367744.70420,5030459.29913,-75.69583031700,45.41123917990,2017-01-23,7:34:00 PM,01 - Clear,07 - Dark,01 - Dry,01 - Traffic signal,01 - Functioning,03 - P.D. only,05 - Turning movement,0
17-797,PAUL METIVIER DR btwn MOSS GROVE ST & WOODROFFE AVE,366287.92782,5014838.99574,-75.71638138110,45.27081967700,2017-01-23,8:07:00 PM,01 - Clear,07 - Dark,02 - Wet,10 - No control,,03 - P.D. only,99 - Other,0
17-798,JASMINE CRES btwn OGILVIE RD & ARROWSMITH DR,375443.80634,5033676.32310,-75.59701826560,45.43944933080,2017-01-23,8:53:00 PM,01 - Clear,07 - Dark,05 - Packed snow,10 - No control,,03 - P.D. only,03 - Rear end,0
17-799,OGILVIE RD btwn JASMINE CRES & ELMRIDGE DR,375414.00849,5033960.67500,-75.59735830110,45.44201077170,2017-01-23,8:53:00 PM,01 - Clear,07 - Dark,05 - Packed snow,10 - No control,,03 - P.D. only,03 - Rear end,0
17-800,PRINCE OF WALES DR btwn 187 N OF MEADOWLANDS DR & MEADOWLANDS DR/HOG'S,367339.94814,5025788.90848,-75.70159280320,45.36925254020,2017-01-23,8:57:00 PM,01 - Clear,07 - Dark,01 - Dry,10 - No control,,03 - P.D. only,04 - Sideswipe,0
17-801,ALBERT ST @ BAY ST,366941.60992,5031143.85797,-75.70600318650,45.41747041060,2017-01-23,9:30:00 PM,01 - Clear,07 - Dark,01 - Dry,01 - Traffic signal,01 - Functioning,02 - Non-fatal injury,07 - SMV other,1
17-802,HUNT CLUB RD @ BRIDLE PATH DR/DAZE ST,371291.72890,5023864.50380,-75.65140725920,45.35157361530,2017-01-23,9:31:00 PM,01 - Clear,07 - Dark,01 - Dry,01 - Traffic signal,01 - Functioning,03 - P.D. only,03 - Rear end,0
17-803,YORK ST WB btwn TO BE DETERMINED & CUMBERLAND ST,368225.87054,5032520.98730,-75.68941823160,45.42974610510,2017-01-23,8:30:00 PM,01 - Clear,07 - Dark,01 - Dry,10 - No control,,03 - P.D. only,06 - SMV unattended vehicle,0
17-804,FINDLAY CREEK DR btwn DEVONWOOD CIRC & BANK ST,375724.27123,5020386.96646,-75.59534271760,45.31984995450,2017-01-24,8:15:00 AM,04 - Freezing Rain,01 - Daylight,06 - Ice,10 - No control,,02 - Non-fatal injury,07 - SMV other,1
17-805,DEVINE RD @ ROCKDALE RD,394888.96950,5024095.90975,-75.35026110380,45.35102134510,2017-01-24,8:19:00 AM,04 - Freezing Rain,01 - Daylight,06 - Ice,02 - Stop sign,01 - Functioning,03 - P.D. only,02 - Angle,0
17-806,HERON RD btwn BANK ST & EDGE HILL PL,370006.69010,5026853.03830,-75.66741127400,45.37858420670,2017-01-24,8:56:00 AM,03 - Snow,01 - Daylight,06 - Ice,10 - No control,,03 - P.D. only,07 - SMV other,0
17-807,STRANDHERD DR btwn FALLOWFIELD RD & MARAVISTA DR,361223.85194,5014698.66231,-75.78092993280,45.26998148900,2017-01-24,8:58:00 AM,01 - Clear,01 - Daylight,01 - Dry,10 - No control,,03 - P.D. only,05 - Turning movement,0
17-808,REGIONAL ROAD 174 btwn CAMERON ST & WEST ST,389888.99612,5042622.17760,-75.41085827060,45.51832505300,2017-01-24,9:29:00 AM,01 - Clear,01 - Daylight,02 - Wet,10 - No control,,03 - P.D. only,07 - SMV other,0
17-809,FEATHERSTON DR @ SHAREL DR,372384.15324,5027754.63338,-75.63693471410,45.38647109710,2017-01-24,10:58:00 AM,04 - Freezing Rain,01 - Daylight,04 - Slush,03 - Yield sign,01 - Functioning,03 - P.D. only,02 - Angle,0
17-810,TERRY FOX DR btwn MARCH VALLEY RD & HERZBERG RD,351303.43884,5023468.56655,-75.90652594500,45.34962127270,2017-01-24,11:05:00 AM,04 - Freezing Rain,01 - Daylight,06 - Ice,10 - No control,,03 - P.D. only,07 - SMV other,0
17-811,ST. LAURENT BLVD btwn INDUSTRIAL AVE & BOURASSA ST,373171.63973,5029842.30406,-75.62659016010,45.40517859920,2017-01-24,11:17:00 AM,04 - Freezing Rain,01 - Daylight,06 - Ice,10 - No control,,03 - P.D. only,05 - Turning movement,0
17-812,CAMEO DR btwn CASTLE HILL CRES & MAITLAND AVE,364140.45187,5025184.23507,-75.74250764610,45.36408997760,2017-01-24,11:46:00 AM,03 - Snow,01 - Daylight,03 - Loose snow,10 - No control,,03 - P.D. only,99 - Other,0
17-813,CARP RD btwn MARCH RD & JOHN CAVANAUGH DR,342198.20523,5021697.77259,-76.02285570350,45.33423166340,2017-01-24,11:53:00 AM,03 - Snow,01 - Daylight,03 - Loose snow,10 - No control,,03 - P.D. only,07 - SMV other,0
17-814,VICTORIA ST btwn BOWEN ST & 8TH LINE RD,385433.60013,5011154.27597,-75.47301627410,45.23573234340,2017-01-24,9:45:00 AM,03 - Snow,01 - Daylight,03 - Loose snow,10 - No control,,03 - P.D. only,06 - SMV unattended vehicle,0
17-815,KENT ST @ SLATER ST,367260.62192,5031251.77299,-75.70191381860,45.41841299090,2017-01-24,1:30:00 PM,03 - Snow,01 - Daylight,04 - Slush,01 - Traffic signal,00 - Unknown,02 - Non-fatal injury,07 - SMV other,1
17-816,BRITTANY DR @ MONTREAL RD,371912.16535,5033994.03535,-75.64211177980,45.44265587890,2017-01-24,2:21:00 PM,03 - Snow,01 - Daylight,02 - Wet,01 - Traffic signal,01 - Functioning,03 - P.D. only,02 - Angle,0
17-817,CATHERINE ST btwn KENT ST & BANK ST,367974.91414,5030230.76442,-75.69291877990,45.40916215370,2017-01-24,2:36:00 PM,03 - Snow,01 - Daylight,03 - Loose snow,10 - No control,,03 - P.D. only,04 - Sideswipe,0
17-818,BASSANO ST @ WITHROW AVE,364134.00735,5023912.62614,-75.74274254610,45.35264874830,2017-01-24,2:44:00 PM,03 - Snow,01 - Daylight,05 - Packed snow,02 - Stop sign,01 - Functioning,03 - P.D. only,07 - SMV other,0
17-819,HUNT CLUB RD btwn RIVERSIDE DR & LINDBERGH PRIV,368344.43974,5022123.01962,-75.68924151960,45.33617737780,2017-01-24,4:00:00 PM,01 - Clear,01 - Daylight,04 - Slush,10 - No control,,03 - P.D. only,03 - Rear end,0
17-820,HERRIDGE ST @ MCGILLIVRAY ST,369000.16606,5029957.91885,-75.67985770250,45.40661388840,2017-01-24,3:45:00 PM,04 - Freezing Rain,01 - Daylight,06 - Ice,02 - Stop sign,01 - Functioning,03 - P.D. only,07 - SMV other,0
17-821,INNES RD @ JEANNE D'ARC BLVD/MER BLEUE RD,382639.07708,5035568.73597,-75.50476094230,45.45571163760,2017-01-24,4:27:00 PM,01 - Clear,01 - Daylight,02 - Wet,01 - Traffic signal,01 - Functioning,02 - Non-fatal injury,05 - Turning movement,0
17-822,HUNTMAR DR @ PALLADIUM DR S,349676.07997,5017365.19971,-75.92784621200,45.29480757090,2017-01-24,5:15:00 PM,03 - Snow,05 - Dusk,06 - Ice,01 - Traffic signal,01 - Functioning,03 - P.D. only,03 - Rear end,0
17-823,FALLOWFIELD RD @ GREENBANK RD,363081.22215,5016733.00175,-75.75702255350,45.28813505980,2017-01-24,7:25:00 AM,01 - Clear,03 - Dawn,01 - Dry,01 - Traffic signal,00 - Unknown,03 - P.D. only,03 - Rear end,0
17-824,SECOND AVE btwn BANK ST & O'CONNOR ST,368382.23186,5029673.87916,-75.68778749450,45.40411459550,2017-01-24,8:54:00 PM,01 - Clear,07 - Dark,03 - Loose snow,10 - No control,,03 - P.D. only,99 - Other,0
17-825,STONEBOAT CRES btwn LUMBERMAN WAY & LUMBERMAN WAY,380436.47041,5037441.40469,-75.53263090400,45.47280231490,2017-01-24,4:00:00 PM,03 - Snow,05 - Dusk,03 - Loose snow,10 - No control,,03 - P.D. only,06 - SMV unattended vehicle,0
17-826,RIVERSIDE DR btwn HUNT CLUB RD & KIMBERWICK CRES,368121.13740,5022411.56060,-75.69205340790,45.33879379840,2017-01-24,10:14:00 PM,01 - Clear,07 - Dark,02 - Wet,10 - No control,,02 - Non-fatal injury,07 - SMV other,0
17-827,BASELINE RD @ CENTREPOINTE DR E/HIGHGATE RD,362061.14015,5023464.95885,-75.76924740180,45.34879299160,2017-01-24,10:21:00 PM,03 - Snow,07 - Dark,03 - Loose snow,01 - Traffic signal,01 - Functioning,03 - P.D. only,02 - Angle,0
17-828,MOODIE DR btwn ARNOLD DR & SONGBIRD PRIV,357605.30267,5019188.17422,-75.82656379530,45.31065977880,2017-01-24,10:01:00 PM,03 - Snow,07 - Dark,03 - Loose snow,10 - No control,,03 - P.D. only,06 - SMV unattended vehicle,0
17-829,BLACKBURN AVE btwn OSGOODE ST & SOMERSET ST E,369395.64281,5031966.34481,-75.67454284860,45.42464858310,2017-01-24,7:00:00 PM,03 - Snow,07 - Dark,03 - Loose snow,10 - No control,,03 - P.D. only,06 - SMV unattended vehicle,0
17-830,ALLENBY RD @ AYTON LANE,349519.61440,5023314.38667,-75.92930378790,45.34834994130,2017-01-25,7:29:00 AM,03 - Snow,03 - Dawn,03 - Loose snow,02 - Stop sign,01 - Functioning,03 - P.D. only,07 - SMV other,0
17-831,BRITTANY DR btwn KRISTIN WAY & MONTREAL RD,371891.94677,5034041.57634,-75.64236372150,45.44308556960,2017-01-25,8:10:00 AM,01 - Clear,01 - Daylight,02 - Wet,10 - No control,,03 - P.D. only,04 - Sideswipe,0
17-832,TEMPLETON ST btwn BLACKBURN AVE & GOULBURN AVE,369570.13774,5031814.13801,-75.67233325390,45.42326294960,2017-01-25,8:30:00 AM,01 - Clear,01 - Daylight,04 - Slush,10 - No control,,03 - P.D. only,06 - SMV unattended vehicle,0
17-833,ROYDON PL btwn WOODFIELD DR & WEST HUNT CLUB RD,365830.92958,5022389.95616,-75.72127523520,45.33880236680,2017-01-25,8:43:00 AM,01 - Clear,01 - Daylight,02 - Wet,10 - No control,,02 - Non-fatal injury,01 - Approaching,0
17-834,SANFORD FLEMING AVE @ TERMINAL AVE,370857.70079,5030831.89768,-75.65601356010,45.41430475930,2017-01-25,9:14:00 AM,01 - Clear,01 - Daylight,02 - Wet,02 - Stop sign,01 - Functioning,02 - Non-fatal injury,02 - Angle,0
17-835,CARLING AVE @ MERIVALE RD,364894.15735,5027699.99775,-75.73258118180,45.38666215860,2017-01-24,3:00:00 PM,01 - Clear,01 - Daylight,02 - Wet,01 - Traffic signal,01 - Functioning,03 - P.D. only,03 - Rear end,0
17-836,HARDING RD @ SAMUEL DR W,372872.23111,5027856.19327,-75.63068855770,45.38733762630,2017-01-25,9:22:00 AM,01 - Clear,01 - Daylight,02 - Wet,02 - Stop sign,01 - Functioning,03 - P.D. only,03 - Rear end,0
17-837,SUSSEX DR @ JOHN ST,367859.74710,5033944.38065,-75.69391448350,45.44258639980,2017-01-25,9:36:00 AM,01 - Clear,01 - Daylight,04 - Slush,02 - Stop sign,00 - Unknown,03 - P.D. only,03 - Rear end,0
17-838,CARNEGIE ST @ DAKOTA AVE,373654.74313,5028040.95094,-75.62067094560,45.38892350430,2017-01-25,10:16:00 AM,01 - Clear,01 - Daylight,04 - Slush,02 - Stop sign,01 - Functioning,03 - P.D. only,01 - Approaching,0
17-839,MACKENZIE AVE @ MURRAY ST,367639.70190,5032383.58600,-75.69692624750,45.42856272770,2017-01-25,10:33:00 AM,01 - Clear,01 - Daylight,02 - Wet,01 - Traffic signal,01 - Functioning,03 - P.D. only,02 - Angle,0