COLLISION_ID,LOCATION,X,Y,LONGITUDE,LATITUDE,DATE,TIME,ENVIRONMENT,LIGHT,SURFACE_CONDITION,TRAFFIC_CONTROL,TRAFFIC_CONTROL_CONDITION,COLLISION_CLASSIFICATION,IMPACT_TYPE,NO_OF_PEDESTRIANS
17-840,RIVERSIDE DR @ UPLANDS DR/KIMBERWICK CRES N,368194.16955,5022792.40750,-75.69107284770,45.34221398330,2017-01-25,10:53:00 AM,01 - Clear,01 - Daylight,02 - Wet,01 - Traffic signal,01 - Functioning,03 - P.D. only,03 - Rear end,0
17-841,ST. JOSEPH BLVD @ JEANNE D'ARC BLVD,379861.09259,5036473.49964,-75.54013661160,45.46415594050,2017-01-25,11:10:00 AM,01 - Clear,01 - Daylight,02 - Wet,11 - Roundabout,01 - Functioning,03 - P.D. only,02 - Angle,0
17-842,SHERWAY DR btwn TEDWYN DR & BURNETT'S GROVE CIRC,363108.89834,5015678.19502,-75.75679370590,45.27864159220,2017-01-24,12:00:00 AM,03 - Snow,00 - Unknown,05 - Packed snow,10 - No control,,03 - P.D. only,06 - SMV unattended vehicle,0
17-843,ANDERSON RD @ INNES RD,376280.19465,5031841.56390,-75.58659509800,45.42285626100,2017-01-25,12:50:00 PM,01 - Clear,01 - Daylight,01 - Dry,01 - Traffic signal,01 - Functioning,02 - Non-fatal injury,03 - Rear end,0
17-844,SOMERSET ST    W btwn KENT ST & BECKINGTON PRIV,367536.35838,5030820.90086,-75.69844581480,45.41451146930,2017-01-25,2:09:00 PM,01 - Clear,01 - Daylight,01 - Dry,10 - No control,,03 - P.D. only,05 - Turning movement,0
17-845,HOPEWELL AVE btwn GROSVENOR AVE & BANK ST,368759.71422,5028498.58129,-75.68311835140,45.39350525350,2017-01-23,7:00:00 AM,01 - Clear,07 - Dark,01 - Dry,10 - No control,,03 - P.D. only,06 - SMV unattended vehicle,0
17-846,BANK ST btwn VANCOUVER AVE & FOXBAR AVE,370469.83785,5025631.11924,-75.66166069010,45.36754652310,2017-01-25,2:22:00 PM,01 - Clear,01 - Daylight,02 - Wet,10 - No control,,03 - P.D. only,04 - Sideswipe,0
17-847,STONEHAVEN DR @ STONEMEADOW DR,355950.39590,5016619.15100,-75.84793277080,45.28766576080,2017-01-25,3:25:00 PM,01 - Clear,01 - Daylight,02 - Wet,02 - Stop sign,01 - Functioning,02 - Non-fatal injury,03 - Rear end,0
17-848,KING EDWARD AVE @ SUSSEX DR,367662.36221,5033505.60369,-75.69649342540,45.43865621840,2017-01-25,3:33:00 PM,01 - Clear,01 - Daylight,01 - Dry,01 - Traffic signal,01 - Functioning,03 - P.D. only,05 - Turning movement,0
17-849,PRINCE OF WALES DR btwn DEAKIN ST & WATERBEND LANE,367393.47626,5021533.08033,-75.70144820120,45.33095468660,2017-01-25,4:38:00 PM,01 - Clear,01 - Daylight,01 - Dry,10 - No control,,03 - P.D. only,03 - Rear end,0
17-850,BANK ST @ WALKLEY RD,370337.85210,5025947.73510,-75.66330343330,45.37040768590,2017-01-05,4:50:00 PM,01 - Clear,05 - Dusk,06 - Ice,01 - Traffic signal,01 - Functioning,03 - P.D. only,02 - Angle,0
17-851,YORK ST EB btwn BY WARD MARKET SQ & SUSSEX DR,367834.94925,5032255.05276,-75.69444774080,45.42738866040,2017-01-24,12:00:00 AM,01 - Clear,00 - Unknown,02 - Wet,10 - No control,,03 - P.D. only,06 - SMV unattended vehicle,0
17-852,RIVERSIDE DR btwn KIMBERWICK CRES & MALHOTRA CRT,368196.90179,5022809.89384,-75.69103574670,45.34237107440,2017-01-25,5:13:00 PM,01 - Clear,05 - Dusk,02 - Wet,10 - No control,,03 - P.D. only,04 - Sideswipe,0
17-853,WALKLEY EXTENSION RD btwn WALKLEY RD & HWY417 IC110 RAMP55,375501.95574,5028915.93871,-75.59695812010,45.39661215860,2017-01-25,5:17:00 PM,01 - Clear,05 - Dusk,02 - Wet,10 - No control,,02 - Non-fatal injury,03 - Rear end,0
17-854,CARLING AVE/STATION RD @ MARCH RD,350906.93275,5022246.89383,-75.91169973350,45.33865458820,2017-01-25,5:25:00 PM,03 - Snow,05 - Dusk,02 - Wet,01 - Traffic signal,01 - Functioning,03 - P.D. only,03 - Rear end,0
17-855,UPPER DWYER HILL RD btwn MARCH RD & OLD ALMONTE RD,335836.89463,5012347.08230,-76.10459933990,45.25039923150,2017-01-25,5:49:00 PM,04 - Freezing Rain,07 - Dark,02 - Wet,10 - No control,,03 - P.D. only,07 - SMV other,0
17-856,BROWNLEE RD @ EAGLESON RD,356967.54462,5009989.56019,-75.83566299870,45.22793653690,2017-01-25,6:08:00 PM,03 - Snow,07 - Dark,06 - Ice,02 - Stop sign,01 - Functioning,03 - P.D. only,07 - SMV other,0
17-857,WOODROFFE AVE btwn 260 N OF FALLOWFIELD RD/TRANSITWAY & FALLOWFIELD RD,365011.37951,5018092.26104,-75.73225379300,45.30020290180,2017-01-25,6:28:00 PM,01 - Clear,07 - Dark,02 - Wet,08 - Traffic gate,01 - Functioning,03 - P.D. only,03 - Rear end,0
17-858,TERRY FOX DR btwn TILLSONBURG ST & KANATA AVE,349217.32444,5019259.84393,-75.93352512620,45.31188530820,2017-01-25,6:56:00 PM,01 - Clear,07 - Dark,02 - Wet,10 - No control,,02 - Non-fatal injury,03 - Rear end,0
17-859,CARP RD @ HAZELDEAN RD,348804.03316,5014359.62209,-75.93923044700,45.26781748780,2017-01-25,7:16:00 PM,01 - Clear,07 - Dark,02 - Wet,01 - Traffic signal,01 - Functioning,03 - P.D. only,05 - Turning movement,0
17-860,CUMBERLAND ST btwn CLARENCE ST & YORK ST,368249.22816,5032545.93842,-75.68911653570,45.42996848760,2017-01-25,7:43:00 PM,01 - Clear,07 - Dark,01 - Dry,10 - No control,,02 - Non-fatal injury,07 - SMV other,1
17-861,HWY 417 WOODROFF IC127R62 @ WOODROFFE AVE,362052.63270,5025018.93935,-75.76917599390,45.36277629420,2017-01-25,8:00:00 PM,03 - Snow,07 - Dark,04 - Slush,03 - Yield sign,01 - Functioning,03 - P.D. only,03 - Rear end,0
17-862,OGILVIE RD btwn BLAIR RD & DUNHAM ST,374686.25601,5033301.04343,-75.60675349880,45.43614890880,2017-01-25,8:46:00 PM,03 - Snow,07 - Dark,06 - Ice,10 - No control,,02 - Non-fatal injury,03 - Rear end,0
17-863,FALLOWFIELD RD @ GREENBANK RD,363080.13296,5016731.64119,-75.75703659740,45.28812290740,2017-01-25,10:49:00 PM,01 - Clear,07 - Dark,02 - Wet,01 - Traffic signal,01 - Functioning,02 - Non-fatal injury,05 - Turning movement,0
17-864,HUNT CLUB RD @ RIVERSIDE DR,368036.15655,5021946.04495,-75.69319709990,45.33461284680,2017-01-26,12:52:00 AM,01 - Clear,07 - Dark,02 - Wet,01 - Traffic signal,01 - Functioning,02 - Non-fatal injury,04 - Sideswipe,0
17-865,AIRPORT PKWY/BROOKFIELD RD @ FLANNERY DR/AIRPORT PKWY RAMPS 52A/53,368696.72496,5026292.71580,-75.68420828250,45.37366327610,2017-01-26,8:49:00 AM,01 - Clear,01 - Daylight,01 - Dry,11 - Roundabout,00 - Unknown,03 - P.D. only,04 - Sideswipe,0
17-866,NICHOLAS ST NB btwn HWY417 IC118 RAMP52 & WALLER ST/TRANSITWAY,369095.09942,5031302.99525,-75.67846961750,45.41870769710,2017-01-26,9:30:00 AM,01 - Clear,01 - Daylight,01 - Dry,10 - No control,,03 - P.D. only,04 - Sideswipe,0
17-867,EARL ARMSTRONG RD @ SPRATT RD,368396.16265,5015011.42910,-75.68949404130,45.27218372350,2017-01-26,7:40:00 AM,02 - Rain,03 - Dawn,02 - Wet,01 - Traffic signal,01 - Functioning,02 - Non-fatal injury,03 - Rear end,0
17-868,GRASSY PLAINS DR btwn FARMFIELD CRES & STONEHAVEN DR,356153.48395,5015933.66417,-75.84541490790,45.28148281240,2017-01-26,9:54:00 AM,01 - Clear,01 - Daylight,02 - Wet,10 - No control,,03 - P.D. only,99 - Other,0
17-869,HAWTHORNE RD @ RIDEAU RD,378618.23025,5018941.02485,-75.55864985940,45.30654175570,2017-01-26,10:08:00 AM,01 - Clear,01 - Daylight,02 - Wet,02 - Stop sign,00 - Unknown,02 - Non-fatal injury,03 - Rear end,0
17-870,CONROY RD @ WALKLEY RD,372903.17615,5027465.17064,-75.63034737270,45.38381636090,2017-01-26,10:41:00 AM,03 - Snow,01 - Daylight,02 - Wet,01 - Traffic signal,01 - Functioning,03 - P.D. only,03 - Rear end,0
17-871,BASELINE RD @ WOODROFFE AVE,362548.18926,5023770.12947,-75.76299667780,45.35149896030,2017-01-26,11:00:00 AM,03 - Snow,01 - Daylight,02 - Wet,01 - Traffic signal,01 - Functioning,02 - Non-fatal injury,04 - Sideswipe,0
17-872,MAITLAND AVE @ WOODWARD DR,363275.30510,5025662.52710,-75.75349385720,45.36846629680,2017-01-25,5:10:00 PM,01 - Clear,05 - Dusk,02 - Wet,01 - Traffic signal,01 - Functioning,03 - P.D. only,03 - Rear end,0
17-873,MONTREAL RD btwn ST. LAURENT BLVD & HILLSIDE DR,371626.57722,5033857.48541,-75.64578055880,45.44145462540,2017-01-26,2:16:00 PM,01 - Clear,01 - Daylight,02 - Wet,10 - No control,,02 - Non-fatal injury,02 - Angle,0
17-874,BEATRICE DR @ STRANDHERD DR,365527.37700,5015322.02835,-75.72601407150,45.27523207860,2017-01-26,11:00:00 AM,01 - Clear,01 - Daylight,02 - Wet,01 - Traffic signal,01 - Functioning,03 - P.D. only,03 - Rear end,0
17-875,EAGLESON RD @ HAZELDEAN RD/ROBERTSON RD,353673.62490,5018425.55290,-75.87677734420,45.30408218230,2017-01-26,3:45:00 PM,01 - Clear,01 - Daylight,01 - Dry,01 - Traffic signal,01 - Functioning,03 - P.D. only,03 - Rear end,0
17-876,GLADSTONE AVE btwn KENT ST & BANK ST,367829.32513,5030512.09560,-75.69474257260,45.41170661010,2017-01-26,6:24:00 PM,01 - Clear,07 - Dark,02 - Wet,10 - No control,,03 - P.D. only,99 - Other,0
17-877,MONTREAL RD @ BATHGATE DR/BURMA RD,373224.17966,5034517.40631,-75.62526959880,45.44723770780,2017-01-26,4:52:00 PM,01 - Clear,05 - Dusk,02 - Wet,01 - Traffic signal,01 - Functioning,02 - Non-fatal injury,07 - SMV other,1
17-878,CARP RD/HWY 417 CARP IC144R63 @ HWY 417 CARP I,347300.57740,5015925.90095,-75.95825491610,45.28200393360,2017-01-26,5:23:00 PM,01 - Clear,05 - Dusk,06 - Ice,01 - Traffic signal,01 - Functioning,03 - P.D. only,03 - Rear end,0
17-879,CARLING AVE @ RICHMOND RD,360244.58610,5024781.51230,-75.79228036200,45.36078526890,2017-01-26,5:34:00 PM,01 - Clear,05 - Dusk,01 - Dry,01 - Traffic signal,01 - Functioning,03 - P.D. only,02 - Angle,0
17-880,MACKENZIE AVE @ MURRAY ST,367639.70310,5032382.22945,-75.69692640520,45.42855052220,2017-01-26,5:35:00 PM,01 - Clear,05 - Dusk,02 - Wet,01 - Traffic signal,01 - Functioning,03 - P.D. only,07 - SMV other,0
17-881,MORIN ST btwn ST. LAURENT BLVD & COTE ST,371675.56375,5033265.36737,-75.64523490050,45.43612234240,2017-01-25,12:11:00 AM,01 - Clear,07 - Dark,04 - Slush,10 - No control,,03 - P.D. only,06 - SMV unattended vehicle,0
17-882,BRONSON AVE @ HWY 417 BRONSON IC121AR51,367288.32822,5029710.56190,-75.70175522080,45.40454316160,2017-01-26,6:13:00 PM,01 - Clear,07 - Dark,02 - Wet,01 - Traffic signal,01 - Functioning,03 - P.D. only,03 - Rear end,0
17-883,WEST HUNT CLUB RD WB btwn KNOXDALE RD & WOODROFFE AVE,361961.77576,5020573.83297,-75.77084930810,45.32278684840,2017-01-26,7:15:00 PM,01 - Clear,07 - Dark,01 - Dry,10 - No control,,02 - Non-fatal injury,03 - Rear end,0
17-884,HWY 417 MAITLAND IC126R26/62 @ MAITLAND AVE,363146.34997,5025983.06321,-75.75510212180,45.37136118910,2017-01-26,7:28:00 PM,01 - Clear,07 - Dark,02 - Wet,01 - Traffic signal,01 - Functioning,03 - P.D. only,05 - Turning movement,0
17-885,RENAUD RD btwn WEIR RD & MAURICE ST,377858.70184,5031527.88255,-75.56647343110,45.41987088580,2017-01-27,1:00:00 AM,03 - Snow,07 - Dark,02 - Wet,10 - No control,,03 - P.D. only,07 - SMV other,0
17-886,LESTER RD btwn ALBION RD & UPLANDS DR,372272.08729,5022064.90376,-75.63914241710,45.33528778010,2017-01-27,6:36:00 AM,01 - Clear,07 - Dark,01 - Dry,10 - No control,,02 - Non-fatal injury,03 - Rear end,0
17-887,MERIVALE RD @ WOODWARD AVE,364854.15295,5027068.08945,-75.73316887930,45.38097979790,2017-01-27,6:48:00 AM,01 - Clear,07 - Dark,01 - Dry,02 - Stop sign,00 - Unknown,02 - Non-fatal injury,01 - Approaching,0
17-888,BANK ST @ CATHERINE ST,368041.33362,5030267.30063,-75.69206564570,45.40948489630,2017-01-27,6:53:00 AM,01 - Clear,07 - Dark,01 - Dry,01 - Traffic signal,01 - Functioning,02 - Non-fatal injury,07 - SMV other,1
17-889,SPRUCE MEADOWS DR btwn TAMARA WAY & STEEPLE CHASE DR,355091.60241,5017161.72311,-75.85882500210,45.29260991100,2017-01-27,8:57:00 AM,03 - Snow,01 - Daylight,02 - Wet,10 - No control,,03 - P.D. only,06 - SMV unattended vehicle,0
17-890,DEAKIN ST @ PRINCE OF WALES DR,367391.79658,5021522.13095,-75.70147101280,45.33085631650,2017-01-27,9:13:00 AM,01 - Clear,01 - Daylight,01 - Dry,01 - Traffic signal,01 - Functioning,03 - P.D. only,02 - Angle,0
17-891,BEARBROOK RD @ NORTHPARK DR S,377841.94133,5033230.57954,-75.56643504390,45.43519240190,2017-01-27,8:40:00 AM,01 - Clear,01 - Daylight,01 - Dry,02 - Stop sign,01 - Functioning,03 - P.D. only,02 - Angle,0
17-892,HOLLAND AVE @ KENILWORTH ST,365215.24375,5028496.00455,-75.72838373830,45.39379684020,2017-01-27,9:33:00 AM,01 - Clear,01 - Daylight,02 - Wet,01 - Traffic signal,01 - Functioning,03 - P.D. only,03 - Rear end,0
17-893,SMYTH RD @ SOUTH HAVEN PL/GENERAL HOSPITAL ENTRANCE W,371120.21640,5029136.02712,-75.65288801110,45.39902116760,2017-01-27,9:43:00 AM,01 - Clear,01 - Daylight,01 - Dry,01 - Traffic signal,01 - Functioning,03 - P.D. only,03 - Rear end,0
17-894,ALBERT ST @ ELGIN ST/MACKENZIE KING BRIDGE,367850.71160,5031711.58140,-75.69431589220,45.42249726730,2017-01-27,10:07:00 AM,01 - Clear,01 - Daylight,02 - Wet,01 - Traffic signal,01 - Functioning,03 - P.D. only,03 - Rear end,0
17-895,MERIVALE RD @ WOODFIELD DR/ROYDON PL,365462.70110,5022298.49890,-75.72598443070,45.33801138130,2017-01-27,10:11:00 AM,01 - Clear,01 - Daylight,01 - Dry,01 - Traffic signal,01 - Functioning,02 - Non-fatal injury,03 - Rear end,0
17-896,CARP RD @ THOMAS A. DOLAN PKWY,336458.99536,5025991.51299,-76.09580235840,45.37315105380,2017-01-27,10:10:00 AM,01 - Clear,01 - Daylight,01 - Dry,02 - Stop sign,01 - Functioning,03 - P.D. only,02 - Angle,0
17-897,HIGHLAND AVE btwn PRINCETON AVE & AVONDALE AVE,362926.99911,5027484.48676,-75.75772555510,45.38488903420,2017-01-17,11:30:00 AM,01 - Clear,01 - Daylight,01 - Dry,10 - No control,,03 - P.D. only,06 - SMV unattended vehicle,0
17-898,GREENBANK RD @ MALVERN DR/FOXFIELD DR,363311.39952,5016194.82355,-75.75415193340,45.28327340180,2017-01-27,11:10:00 AM,01 - Clear,01 - Daylight,01 - Dry,01 - Traffic signal,01 - Functioning,02 - Non-fatal injury,05 - Turning movement,0
17-899,CARLING AVE WB btwn PRESTON ST & NORFOLK AVE,366843.42237,5028945.58684,-75.70753426800,45.39769969790,2017-01-19,10:30:00 AM,01 - Clear,01 - Daylight,01 - Dry,10 - No control,,02 - Non-fatal injury,07 - SMV other,1
17-900,ST. LAURENT BLVD @ WALKLEY RD,373902.20736,5028047.66921,-75.61751006800,45.38895958040,2017-01-27,12:27:00 PM,03 - Snow,01 - Daylight,02 - Wet,01 - Traffic signal,01 - Functioning,03 - P.D. only,05 - Turning movement,0
17-901,INDUSTRIAL AVE @ ALTA VISTA DR/SANDFORD FLEMIN,370885.81670,5030557.02355,-75.65569123190,45.41182889900,2017-01-27,12:13:00 PM,01 - Clear,01 - Daylight,01 - Dry,01 - Traffic signal,01 - Functioning,03 - P.D. only,03 - Rear end,0
17-902,DES GRANDS CHAMPS btwn BRETTON PL & CAVALIER WAY (2),380583.51484,5033295.28306,-75.53138938270,45.43548281000,2017-01-27,12:00:00 AM,01 - Clear,00 - Unknown,04 - Slush,10 - No control,,03 - P.D. only,06 - SMV unattended vehicle,0
17-903,BANK ST btwn RIVERSIDE DR & BILLINGS TRANSIT,369380.87579,5027813.99757,-75.67527540600,45.38728858190,2017-01-27,1:18:00 PM,01 - Clear,01 - Daylight,01 - Dry,10 - No control,,03 - P.D. only,02 - Angle,0
17-904,BRONSON AVE @ POWELL AVE,367387.87890,5029476.12110,-75.70051340990,45.40242483720,2017-01-27,1:45:00 PM,01 - Clear,01 - Daylight,01 - Dry,01 - Traffic signal,00 - Unknown,03 - P.D. only,04 - Sideswipe,0
17-905,WOODROFFE AVE btwn HWY417 IC127 RAMP52 & HWY417 IC127 RAMP53,362186.04785,5024678.60847,-75.76751261980,45.35970311570,2017-01-27,12:15:00 PM,01 - Clear,01 - Daylight,01 - Dry,10 - No control,,03 - P.D. only,99 - Other,0
17-906,RIVERSIDE DR NB btwn HWY417 IC117 RAMP25 & VANIER PKWY,370820.65074,5031055.22465,-75.65645696120,45.41631766110,2017-01-26,1:20:00 PM,03 - Snow,01 - Daylight,02 - Wet,10 - No control,,03 - P.D. only,03 - Rear end,0
17-907,CARLING AVE @ CARLINGWOOD SC,362074.05341,5025919.20517,-75.76879822210,45.37087505680,2017-01-27,2:20:00 PM,03 - Snow,01 - Daylight,02 - Wet,01 - Traffic signal,00 - Unknown,03 - P.D. only,05 - Turning movement,0
17-908,MEADOWLANDS DR @ MERIVALE RD,364858.36545,5023725.51040,-75.73352139200,45.35090344400,2017-01-26,2:34:00 PM,01 - Clear,01 - Daylight,01 - Dry,01 - Traffic signal,01 - Functioning,03 - P.D. only,07 - SMV other,0
17-909,JOLIFFE ST btwn ST. LAURENT BLVD & MARTHA AVE,373759.26361,5028419.80064,-75.61928335260,45.39232193770,2017-01-27,3:06:00 PM,03 - Snow,01 - Daylight,02 - Wet,10 - No control,,03 - P.D. only,06 - SMV unattended vehicle,0
17-910,BRONSON AVE @ FIFTH AVE/MADAWASKA DR,367612.61980,5028938.55370,-75.69771135270,45.39756783280,2017-01-27,3:50:00 PM,01 - Clear,01 - Daylight,02 - Wet,01 - Traffic signal,01 - Functioning,03 - P.D. only,04 - Sideswipe,0
17-911,NAVAHO DR @ WOODROFFE AVE/TRANSITWAY N BASELIN,362706.78835,5023493.34755,-75.76100515910,45.34899542020,2017-01-27,4:02:00 PM,03 - Snow,01 - Daylight,03 - Loose snow,01 - Traffic signal,01 - Functioning,03 - P.D. only,03 - Rear end,0
17-912,BASELINE RD @ ROCKWAY CRES,361185.00170,5022932.29387,-75.78048829740,45.34407107420,2017-01-27,4:05:00 PM,03 - Snow,01 - Daylight,02 - Wet,02 - Stop sign,01 - Functioning,02 - Non-fatal injury,02 - Angle,0
17-913,LAURIER AVE   W btwn BAY ST & LYON ST N,367078.51811,5031024.99725,-75.70426907220,45.41638876530,2017-01-27,12:00:00 AM,03 - Snow,00 - Unknown,04 - Slush,10 - No control,,03 - P.D. only,06 - SMV unattended vehicle,0
17-914,VANGUARD DR btwn VANTAGE DR & TENTH LINE RD,384000.34382,5035851.02446,-75.48731323310,45.45809845060,2017-01-27,4:18:00 PM,03 - Snow,01 - Daylight,03 - Loose snow,10 - No control,,03 - P.D. only,02 - Angle,0
17-915,NELSON ST @ WILBROD ST,368813.71110,5032224.43917,-75.68194494950,45.42702431800,2017-01-27,12:00:00 AM,01 - Clear,00 - Unknown,04 - Slush,02 - Stop sign,01 - Functioning,03 - P.D. only,06 - SMV unattended vehicle,0
17-916,REGIONAL ROAD 174 btwn QUIGLEY HILL RD & REGIONAL ROAD 174 DIVIDED,387875.37631,5042386.35409,-75.43666810660,45.51644620640,2017-01-27,4:20:00 PM,03 - Snow,01 - Daylight,03 - Loose snow,10 - No control,,03 - P.D. only,03 - Rear end,0
17-917,ST. LAURENT BLVD @ CONNERY AVE,373626.97302,5028724.44534,-75.62093021020,45.39507600560,2017-01-27,4:29:00 PM,03 - Snow,01 - Daylight,04 - Slush,02 - Stop sign,00 - Unknown,03 - P.D. only,03 - Rear end,0
17-918,RUSSELL RD btwn BELGREEN DR & BLAKE RD,376465.97661,5027182.99310,-75.58489836910,45.38092204260,2017-01-27,4:30:00 PM,03 - Snow,05 - Dusk,02 - Wet,10 - No control,,02 - Non-fatal injury,07 - SMV other,0
17-919,MARCH VALLEY RD @ TERRY FOX DR,350754.56920,5023784.55245,-75.91350084790,45.35250075650,2017-01-27,4:34:00 PM,03 - Snow,05 - Dusk,03 - Loose snow,02 - Stop sign,01 - Functioning,03 - P.D. only,02 - Angle,0
17-920,BANK ST @ JOHNSTON RD,370852.27324,5024839.25653,-75.65688490870,45.36038566410,2017-01-27,4:35:00 PM,01 - Clear,01 - Daylight,01 - Dry,01 - Traffic signal,00 - Unknown,03 - P.D. only,99 - Other,0
17-921,CEDARVIEW RD @ FALLOWFIELD RD,361293.91673,5015663.31640,-75.77992732400,45.27865589930,2017-01-27,4:46:00 PM,03 - Snow,05 - Dusk,02 - Wet,01 - Traffic signal,01 - Functioning,02 - Non-fatal injury,05 - Turning movement,0
17-922,GREENBANK RD @ WEST HUNT CLUB RD,361480.22345,5020501.93275,-75.77699968350,45.32217893790,2017-01-27,4:55:00 PM,02 - Rain,05 - Dusk,02 - Wet,01 - Traffic signal,01 - Functioning,03 - P.D. only,03 - Rear end,0
17-923,BANK ST @ HERON RD,369995.72000,5026851.81357,-75.66755149200,45.37857420820,2017-01-27,5:05:00 PM,01 - Clear,05 - Dusk,02 - Wet,01 - Traffic signal,01 - Functioning,03 - P.D. only,05 - Turning movement,0
17-924,ALTHA AVE @ MONTREAL RD,370623.21064,5033374.21667,-75.65866945020,45.43720157770,2017-01-27,5:06:00 PM,03 - Snow,05 - Dusk,02 - Wet,02 - Stop sign,00 - Unknown,03 - P.D. only,03 - Rear end,0
17-925,ANDERSON RD btwn WEIR RD & DOLMAN RIDGE RD,377886.06560,5031228.66306,-75.56616821160,45.41717584020,2017-01-27,6:09:00 PM,05 - Drifting Snow,07 - Dark,03 - Loose snow,10 - No control,,03 - P.D. only,07 - SMV other,0
17-926,ELGIN ST @ LAURIER AVE,367949.25264,5031548.21895,-75.69307776650,45.42101849880,2017-01-27,2:30:00 PM,03 - Snow,01 - Daylight,02 - Wet,01 - Traffic signal,01 - Functioning,03 - P.D. only,04 - Sideswipe,0
17-927,SUMMERGAZE ST btwn SHIMMERTON CIR & SUMMITVIEW DR,356625.25570,5015483.90670,-75.83944875830,45.27740118950,2017-01-27,7:00:00 PM,01 - Clear,07 - Dark,03 - Loose snow,10 - No control,,03 - P.D. only,06 - SMV unattended vehicle,0
17-928,BISHOPS MILLS WAY btwn CAMBRAY LANE & END,352375.00224,5019938.27549,-75.89319083090,45.31778316160,2017-01-27,7:04:00 PM,01 - Clear,07 - Dark,01 - Dry,10 - No control,,03 - P.D. only,06 - SMV unattended vehicle,0
17-929,CAMPEAU DR @ HAWKSTONE GT,352308.80739,5020329.89610,-75.89399751980,45.32131153090,2017-01-27,5:50:00 PM,01 - Clear,07 - Dark,01 - Dry,01 - Traffic signal,00 - Unknown,03 - P.D. only,03 - Rear end,0
17-930,GREENBANK RD btwn WEST HUNT CLUB RD & FALLOWFIELD RD,362882.67792,5017191.74638,-75.75949969890,45.29227928640,2017-01-27,8:08:00 PM,04 - Freezing Rain,07 - Dark,06 - Ice,10 - No control,,03 - P.D. only,07 - SMV other,0
17-931,RUSSELL RD btwn CLAYTON RD & RUISSELLET RD,397789.36007,5028645.61689,-75.31239696350,45.39157514670,2017-01-27,8:23:00 PM,03 - Snow,07 - Dark,03 - Loose snow,10 - No control,,03 - P.D. only,07 - SMV other,0
17-932,GREENBANK RD btwn WEST HUNT CLUB RD & FALLOWFIELD RD,362684.56934,5017654.09533,-75.76197122660,45.29645585420,2017-01-27,8:30:00 PM,03 - Snow,07 - Dark,06 - Ice,10 - No control,,03 - P.D. only,07 - SMV other,0
17-933,HUNT CLUB RD @ BRIDLE PATH DR/DAZE ST,371291.98721,5023864.75461,-75.65140392930,45.35157584740,2017-01-27,9:37:00 PM,01 - Clear,07 - Dark,06 - Ice,01 - Traffic signal,01 - Functioning,02 - Non-fatal injury,03 - Rear end,0
17-934,SAXONY CRES btwn NORDIC WAY & NORDIC WAY,374906.68701,5031297.72124,-75.60422158100,45.41810205440,2017-01-27,10:49:00 PM,01 - Clear,07 - Dark,05 - Packed snow,10 - No control,,03 - P.D. only,06 - SMV unattended vehicle,0
17-935,MEADOWLANDS DR btwn INDIAN RD & LAIRD ST,364046.65855,5023275.72532,-75.74393355370,45.34692537160,2017-01-27,12:00:00 AM,01 - Clear,00 - Unknown,01 - Dry,10 - No control,,03 - P.D. only,06 - SMV unattended vehicle,0
17-936,FRANK KENNY RD btwn INNES RD & FRENCH HILL RD,388178.40497,5037012.35602,-75.43370300410,45.46806079410,2017-01-28,12:31:00 AM,05 - Drifting Snow,07 - Dark,06 - Ice,10 - No control,,02 - Non-fatal injury,04 - Sideswipe,0
17-937,FLETCHER CIRC btwn Continuation of FLETCHER CIRC & Continuation of FLE,349357.62918,5019996.23375,-75.93166960980,45.31850266530,2017-01-28,2:27:00 AM,01 - Clear,07 - Dark,02 - Wet,10 - No control,,03 - P.D. only,06 - SMV unattended vehicle,0
17-938,BANK ST @ SUNNYSIDE AVE,368735.79418,5028581.27783,-75.68341310550,45.39425151510,2017-01-28,8:58:00 AM,02 - Rain,01 - Daylight,02 - Wet,01 - Traffic signal,01 - Functioning,03 - P.D. only,05 - Turning movement,0
17-939,CARP RD @ HAZELDEAN RD,348804.03316,5014359.62209,-75.93923044700,45.26781748780,2017-01-28,9:44:00 AM,03 - Snow,01 - Daylight,02 - Wet,01 - Traffic signal,01 - Functioning,03 - P.D. only,07 - SMV other,0
17-940,LORETTA AVE   S btwn LINDENPARK PRIV & CARLING AVE,366507.43565,5028854.82038,-75.71183669040,45.39691269720,2017-01-28,10:17:00 AM,03 - Snow,01 - Daylight,05 - Packed snow,10 - No control,,03 - P.D. only,01 - Approaching,0
17-941,BANK ST @ RIVERDALE AVE,369077.53510,5028116.98600,-75.67910932890,45.39004267980,2017-01-28,10:21:00 AM,03 - Snow,01 - Daylight,02 - Wet,01 - Traffic signal,01 - Functioning,02 - Non-fatal injury,04 - Sideswipe,0
17-942,BOTTRIELL WAY @ MERKLEY DR,383752.42393,5037377.89587,-75.49023749030,45.47186391010,2017-01-27,8:45:00 PM,04 - Freezing Rain,07 - Dark,03 - Loose snow,02 - Stop sign,01 - Functioning,03 - P.D. only,03 - Rear end,0