COLLISION_ID,LOCATION,X,Y,LONGITUDE,LATITUDE,DATE,TIME,ENVIRONMENT,LIGHT,SURFACE_CONDITION,TRAFFIC_CONTROL,TRAFFIC_CONTROL_CONDITION,COLLISION_CLASSIFICATION,IMPACT_TYPE,NO_OF_PEDESTRIANS
17-943,REVELL DR N @ CARRISON DR N,367744.24435,5008981.92335,-75.69856490240,45.21798915280,2017-01-28,10:28:00 AM,03 - Snow,01 - Daylight,03 - Loose snow,02 - Stop sign,01 - Functioning,02 - Non-fatal injury,02 - Angle,0
17-944,GREENBANK RD btwn LISA AVE & BASELINE RD,360551.66507,5022822.58909,-75.78858184580,45.34313457490,2017-01-28,10:29:00 AM,03 - Snow,01 - Daylight,02 - Wet,10 - No control,,03 - P.D. only,04 - Sideswipe,0
17-945,CARLING AVE btwn DEFENSE  RESEARCH COMPLEX & RIFLE RD,353674.28864,5023184.51500,-75.87629913410,45.34690412210,2017-01-28,11:55:00 AM,03 - Snow,01 - Daylight,02 - Wet,10 - No control,,03 - P.D. only,05 - Turning movement,0
17-946,TRIM RD @ DAIRY DR/TAYLOR CREEK DR,384534.50455,5039596.48390,-75.47987645200,45.49173577290,2017-01-27,3:45:00 PM,01 - Clear,01 - Daylight,01 - Dry,11 - Roundabout,01 - Functioning,03 - P.D. only,02 - Angle,0
17-947,HAZELDEAN RD @ TERRY FOX DR,352208.15745,5017242.45100,-75.89557662960,45.29353676940,2017-01-28,11:26:00 AM,03 - Snow,01 - Daylight,02 - Wet,01 - Traffic signal,01 - Functioning,03 - P.D. only,03 - Rear end,0
17-948,BASELINE RD btwn ZENA ST & MARSON ST,365792.32945,5025791.30871,-75.72134809820,45.36941052880,2017-01-28,11:46:00 AM,03 - Snow,01 - Daylight,02 - Wet,10 - No control,,03 - P.D. only,99 - Other,0
17-949,FISHER AVE @ DEER PARK RD/DYNES RD,366407.16676,5025456.34151,-75.71354135490,45.36634278580,2017-01-28,1:33:00 PM,01 - Clear,01 - Daylight,02 - Wet,01 - Traffic signal,01 - Functioning,03 - P.D. only,05 - Turning movement,0
17-950,BOOTH ST @ RAYMOND ST,366861.24535,5029640.46860,-75.70721920150,45.40395047670,2017-01-28,1:39:00 PM,01 - Clear,01 - Daylight,02 - Wet,01 - Traffic signal,01 - Functioning,03 - P.D. only,02 - Angle,0
17-951,ORLEANS BLVD @ MAPLE RUN AVE/BEAUSEJOUR DR S,380572.75390,5035315.29793,-75.53121584300,45.45365852360,2017-01-28,1:43:00 PM,01 - Clear,01 - Daylight,02 - Wet,01 - Traffic signal,01 - Functioning,02 - Non-fatal injury,05 - Turning movement,0
17-952,DATA CENTRE RD @ RIVERSIDE DR,368897.44900,5027671.36065,-75.68146685490,45.38604958550,2017-01-28,2:13:00 PM,01 - Clear,01 - Daylight,02 - Wet,01 - Traffic signal,01 - Functioning,03 - P.D. only,03 - Rear end,0
17-953,CHURCHILL AVE @ RICHMOND RD,363227.47699,5028292.27121,-75.75379318170,45.39213235580,2017-01-28,3:02:00 PM,03 - Snow,01 - Daylight,02 - Wet,01 - Traffic signal,01 - Functioning,02 - Non-fatal injury,03 - Rear end,1
17-954,WEST HUNT CLUB RD @ WOODROFFE AVE,363670.69100,5021245.39610,-75.74897254010,45.32868829500,2017-01-28,3:15:00 PM,03 - Snow,01 - Daylight,02 - Wet,01 - Traffic signal,01 - Functioning,03 - P.D. only,03 - Rear end,0
17-955,KENNEVALE DR @ STRANDHERD DR,361490.35906,5014099.17377,-75.77760224220,45.26456580670,2017-01-28,3:55:00 PM,01 - Clear,01 - Daylight,02 - Wet,01 - Traffic signal,01 - Functioning,03 - P.D. only,03 - Rear end,0
17-956,CARLING AVE @ WYLIE AVE,359140.66820,5024079.14374,-75.80644743170,45.35455179350,2017-01-28,4:06:00 PM,01 - Clear,05 - Dusk,01 - Dry,02 - Stop sign,00 - Unknown,03 - P.D. only,04 - Sideswipe,0
17-957,HWY 417 ST.LAURE IC115R51 @ ST. LAURENT BLVD,372530.45285,5031410.56900,-75.63456452370,45.41935146960,2017-01-28,3:20:00 PM,01 - Clear,01 - Daylight,01 - Dry,01 - Traffic signal,01 - Functioning,03 - P.D. only,03 - Rear end,0
17-958,ESPLANADE AVE @ GARDENWAY DR,384561.85218,5036721.28373,-75.47999351380,45.46586435750,2017-01-28,4:28:00 PM,01 - Clear,01 - Daylight,02 - Wet,02 - Stop sign,01 - Functioning,03 - P.D. only,02 - Angle,0
17-959,GLENRIDGE RD btwn WOLMSLEY CRES & VIEWMOUNT DR,364923.59891,5022818.93937,-75.73279914800,45.34274064710,2017-01-26,5:00:00 PM,01 - Clear,05 - Dusk,05 - Packed snow,10 - No control,,03 - P.D. only,06 - SMV unattended vehicle,0
17-960,BANNER RD @ GREENBANK RD,361021.12986,5021566.22053,-75.78273446230,45.33179231940,2017-01-28,4:50:00 PM,01 - Clear,05 - Dusk,02 - Wet,01 - Traffic signal,01 - Functioning,03 - P.D. only,05 - Turning movement,0
17-961,MCCARTHY RD @ PAUL ANKA DR,369699.72080,5023876.26605,-75.67172136830,45.35182858750,2017-01-28,5:00:00 PM,01 - Clear,05 - Dusk,02 - Wet,01 - Traffic signal,00 - Unknown,03 - P.D. only,04 - Sideswipe,0
17-962,RICHMOND RD btwn STINSON AVE & STAFFORD RD,358120.26651,5021076.02272,-75.81979359690,45.32760789260,2017-01-28,5:21:00 PM,01 - Clear,05 - Dusk,01 - Dry,10 - No control,,03 - P.D. only,04 - Sideswipe,0
17-963,UPPER DWYER HILL RD btwn MARCH RD & OLD ALMONTE RD,336006.77644,5012160.44100,-76.10244686590,45.24871220560,2017-01-28,5:56:00 PM,01 - Clear,07 - Dark,01 - Dry,10 - No control,,03 - P.D. only,07 - SMV other,0
17-964,WALKLEY RD btwn HALIFAX DR & ST. LAURENT BLVD,373875.88381,5028031.49433,-75.61784846520,45.38881664280,2017-01-28,6:12:00 PM,01 - Clear,07 - Dark,02 - Wet,10 - No control,,03 - P.D. only,03 - Rear end,0
17-965,HENN DR @ TRIM RD,388624.89910,5032209.06585,-75.42881227130,45.42479242260,2017-01-28,6:13:00 PM,01 - Clear,07 - Dark,02 - Wet,02 - Stop sign,00 - Unknown,03 - P.D. only,03 - Rear end,0
17-966,FISHER AVE @ PRINCE OF WALES DR,367161.70480,5023943.05775,-75.70410100970,45.35265985480,2017-01-28,6:34:00 PM,03 - Snow,07 - Dark,03 - Loose snow,01 - Traffic signal,01 - Functioning,03 - P.D. only,04 - Sideswipe,0
17-967,PLACE D'ORLEANS DR btwn CENTRUM BLVD & ST. JOSEPH BLVD,381984.33765,5038032.95851,-75.51274410750,45.47795524510,2017-01-28,6:36:00 PM,01 - Clear,07 - Dark,02 - Wet,10 - No control,,03 - P.D. only,05 - Turning movement,0
17-968,JOHNSTON RD @ TAPIOLA CRES E,372255.22450,5025675.11191,-75.63886504210,45.36777279960,2017-01-28,6:49:00 PM,01 - Clear,07 - Dark,02 - Wet,02 - Stop sign,01 - Functioning,03 - P.D. only,01 - Approaching,0
17-969,GREENLAND RD btwn ROCK FOREST RD & MAST LANE,340860.95107,5037422.36462,-76.03876645020,45.47579616310,2017-01-28,6:50:00 PM,01 - Clear,07 - Dark,02 - Wet,10 - No control,,03 - P.D. only,07 - SMV other,0
17-970,MCCARTHY RD @ PAUL ANKA DR,369700.26725,5023876.50500,-75.67171436420,45.35183068650,2017-01-28,5:03:00 PM,01 - Clear,05 - Dusk,01 - Dry,01 - Traffic signal,01 - Functioning,03 - P.D. only,03 - Rear end,0
17-971,QUEEN MARY ST @ VERA ST,370522.80416,5031973.29121,-75.66013965410,45.42460608920,2017-01-28,11:37:00 PM,03 - Snow,07 - Dark,05 - Packed snow,02 - Stop sign,00 - Unknown,02 - Non-fatal injury,01 - Approaching,0
17-972,SPRUCE RIDGE RD btwn RICHARDSON SIDE RD & HAZELDEAN RD,343535.81923,5014009.42019,-76.00639106990,45.26497609400,2017-01-29,1:15:00 AM,03 - Snow,07 - Dark,03 - Loose snow,10 - No control,,03 - P.D. only,07 - SMV other,0
17-973,GREENBANK RD btwn WEST HUNT CLUB RD & FALLOWFIELD RD,362286.53664,5018572.79326,-75.76693920610,45.30475498940,2017-01-29,1:40:00 AM,03 - Snow,07 - Dark,03 - Loose snow,10 - No control,,03 - P.D. only,07 - SMV other,0
17-974,GEORGE ST btwn DALHOUSIE ST & CUMBERLAND ST,368168.02663,5032320.41810,-75.69018320960,45.42794669760,2017-01-29,4:44:00 AM,01 - Clear,07 - Dark,02 - Wet,10 - No control,,03 - P.D. only,06 - SMV unattended vehicle,0
17-975,BARRETTE ST btwn ST. CHARLES ST & MARIER AVE,369629.02713,5033882.67444,-75.67130845670,45.44186935640,2017-01-12,1:00:00 PM,01 - Clear,01 - Daylight,03 - Loose snow,10 - No control,,03 - P.D. only,06 - SMV unattended vehicle,0
17-976,MACKAY ST btwn VAUGHAN ST & BEECHWOOD AVE,369172.14920,5033602.64304,-75.67718461900,45.43939196450,2017-01-29,10:46:00 AM,03 - Snow,01 - Daylight,02 - Wet,10 - No control,,03 - P.D. only,06 - SMV unattended vehicle,0
17-977,PIETY HILL WAY btwn DANBY CRT & GOODFELLOW CRT,358006.99080,5013936.46780,-75.82200454920,45.26337386810,2017-01-16,10:57:00 AM,01 - Clear,01 - Daylight,01 - Dry,10 - No control,,03 - P.D. only,06 - SMV unattended vehicle,0
17-978,INNES RD @ JEANNE D'ARC BLVD/MER BLEUE RD,382636.66070,5035565.91436,-75.50479227990,45.45568652040,2017-01-29,1:02:00 PM,03 - Snow,01 - Daylight,02 - Wet,01 - Traffic signal,01 - Functioning,03 - P.D. only,03 - Rear end,0
17-979,BANKFIELD RD btwn FEE ST & RIDEAU VALLEY DR,368413.92160,5010144.77360,-75.68989051680,45.22839229890,2017-01-29,1:38:00 PM,01 - Clear,01 - Daylight,02 - Wet,10 - No control,,03 - P.D. only,03 - Rear end,0
17-980,BASIL MACDONALD WAY btwn MERIVALE RD & GRANT CARMAN DR,365215.88235,5023246.02704,-75.72901766970,45.34655841180,2017-01-29,1:52:00 PM,01 - Clear,01 - Daylight,01 - Dry,10 - No control,,03 - P.D. only,02 - Angle,0
17-981,JOCKVALE RD @ STRANDHERD DR,363559.93405,5014577.29075,-75.75117557880,45.26869807860,2017-01-29,3:56:00 PM,03 - Snow,01 - Daylight,02 - Wet,01 - Traffic signal,01 - Functioning,02 - Non-fatal injury,03 - Rear end,0
17-982,MACKENZIE KING BR/WALLER ST @ NICHOLAS ST/WALL,368371.46501,5031993.80064,-75.68762577160,45.42498944810,2017-01-29,2:28:00 PM,01 - Clear,01 - Daylight,02 - Wet,01 - Traffic signal,01 - Functioning,03 - P.D. only,04 - Sideswipe,0
17-983,BOWHILL AVE btwn HILLHURST PL & CHESTERTON DR,365546.94580,5023764.14717,-75.72472963010,45.35119178470,2017-01-27,8:00:00 PM,03 - Snow,07 - Dark,02 - Wet,10 - No control,,03 - P.D. only,06 - SMV unattended vehicle,0
17-984,REGIONAL RD 174 @ WEST ST,390002.12522,5042640.55353,-75.40940728460,45.51847656210,2017-01-29,2:50:00 PM,01 - Clear,01 - Daylight,02 - Wet,02 - Stop sign,01 - Functioning,02 - Non-fatal injury,03 - Rear end,0
17-985,HWY 417 CASTLEFR IC139R61 @ KANATA AVE,351616.79853,5019225.09392,-75.90292842280,45.31141675090,2017-01-29,4:12:00 PM,01 - Clear,05 - Dusk,02 - Wet,01 - Traffic signal,01 - Functioning,02 - Non-fatal injury,03 - Rear end,0
17-986,HOPE SIDE RD @ RICHMOND RD,356951.88613,5015487.31107,-75.83528553500,45.27740767060,2017-01-30,4:04:00 AM,01 - Clear,07 - Dark,01 - Dry,02 - Stop sign,01 - Functioning,03 - P.D. only,07 - SMV other,0
17-987,OR174 IC105 RAMP36/OR174 IC105 RAMP16 @ TRANSI,379308.00047,5037036.79218,-75.54712304180,45.46928323150,2017-01-30,6:26:00 AM,01 - Clear,07 - Dark,02 - Wet,03 - Yield sign,00 - Unknown,03 - P.D. only,03 - Rear end,0
17-988,JEANNE D'ARC BLVD @ ORLEANS BLVD S,380940.19805,5036250.57960,-75.52637378540,45.46203350210,2017-01-30,7:04:00 AM,01 - Clear,03 - Dawn,06 - Ice,01 - Traffic signal,01 - Functioning,02 - Non-fatal injury,03 - Rear end,0
17-989,HWY 416 WESTHUNT IC72R34 @ WEST HUNT CLUB RD,359370.28148,5019363.08949,-75.80403705850,45.31209874870,2017-01-30,7:29:00 AM,01 - Clear,03 - Dawn,01 - Dry,01 - Traffic signal,00 - Unknown,03 - P.D. only,03 - Rear end,0
17-990,CASTLEFRANK RD @ HAZELDEAN RD,352677.87810,5017676.22255,-75.88954645740,45.29740810580,2017-01-30,7:35:00 AM,01 - Clear,03 - Dawn,01 - Dry,01 - Traffic signal,01 - Functioning,02 - Non-fatal injury,03 - Rear end,0
17-991,HWY 417 MAITLAND IC126R52 @ MAITLAND AVE,363205.41621,5025832.77323,-75.75436586760,45.37000397810,2017-01-30,7:38:00 AM,01 - Clear,03 - Dawn,01 - Dry,03 - Yield sign,01 - Functioning,03 - P.D. only,03 - Rear end,0
17-992,APPLEFORD ST @ CROWNHILL ST,374698.08876,5033713.13105,-75.60654376020,45.43985545930,2017-01-30,7:42:00 AM,01 - Clear,03 - Dawn,06 - Ice,02 - Stop sign,01 - Functioning,03 - P.D. only,02 - Angle,0
17-993,BARNSDALE RD @ EAGLESON RD,358338.17475,5006630.44280,-75.81857075620,45.19760749480,2017-01-30,8:13:00 AM,01 - Clear,01 - Daylight,06 - Ice,02 - Stop sign,00 - Unknown,03 - P.D. only,03 - Rear end,0
17-994,KENNEVALE DR btwn MERNER AVE & FLANDERS ST,362091.17749,5014389.19405,-75.76991326120,45.26712675130,2017-01-30,8:23:00 AM,01 - Clear,01 - Daylight,01 - Dry,10 - No control,,03 - P.D. only,99 - Other,0
17-995,RUSSELL RD @ SOUTHVALE CRES S,374456.06666,5028632.20641,-75.61035518380,45.39416410080,2017-01-30,8:23:00 AM,01 - Clear,01 - Daylight,01 - Dry,01 - Traffic signal,01 - Functioning,03 - P.D. only,03 - Rear end,0
17-996,8TH LINE RD btwn ANDREW SIMPSON DR & BRUCE ST,385271.41528,5011638.05442,-75.47500333430,45.24010364900,2017-01-30,8:25:00 AM,01 - Clear,01 - Daylight,01 - Dry,10 - No control,,02 - Non-fatal injury,03 - Rear end,0
17-997,BASELINE RD @ GREENBANK RD,360597.68430,5022583.40730,-75.78802164090,45.34097876080,2017-01-30,8:15:00 AM,01 - Clear,01 - Daylight,06 - Ice,01 - Traffic signal,01 - Functioning,03 - P.D. only,03 - Rear end,0
17-998,ELGIN ST btwn SOMERSET ST W & MACLAREN ST,368200.66606,5031140.06602,-75.68991804190,45.41732333700,2017-01-29,9:00:00 PM,01 - Clear,07 - Dark,01 - Dry,10 - No control,,03 - P.D. only,06 - SMV unattended vehicle,0
17-999,BASELINE RD @ GREENBANK RD,360596.04496,5022585.04665,-75.78804237190,45.34099364240,2017-01-30,9:41:00 AM,01 - Clear,01 - Daylight,01 - Dry,01 - Traffic signal,01 - Functioning,03 - P.D. only,03 - Rear end,0
17-1000,BRONSON AVE @ CATHERINE ST/RAYMOND ST,367252.72926,5029796.91546,-75.70219899030,45.40532332330,2017-01-30,9:43:00 AM,01 - Clear,01 - Daylight,06 - Ice,01 - Traffic signal,01 - Functioning,03 - P.D. only,03 - Rear end,0
17-1001,SNAKE ISLAND RD @ STAGECOACH RD,378063.85040,5006580.83875,-75.56754022940,45.19538738070,2017-01-25,6:30:00 AM,01 - Clear,07 - Dark,02 - Wet,02 - Stop sign,01 - Functioning,03 - P.D. only,02 - Angle,0
17-1002,ROOSEVELT AVE btwn PRINCETON AVE & AVONDALE AVE,363231.73632,5027621.54463,-75.75381820530,45.38609690570,2017-01-29,5:00:00 PM,01 - Clear,05 - Dusk,05 - Packed snow,10 - No control,,03 - P.D. only,06 - SMV unattended vehicle,0
17-1003,JEANNE D'ARC BLVD @ MONTCERF CRT,381118.29985,5036287.12955,-75.52409100550,45.46234291570,2017-01-30,10:28:00 AM,01 - Clear,01 - Daylight,01 - Dry,01 - Traffic signal,01 - Functioning,03 - P.D. only,03 - Rear end,0
17-1004,FRIEL ST btwn WILBROD ST & LAURIER AVE E,368988.67630,5032207.63121,-75.67971142480,45.42685705120,2017-01-30,10:00:00 AM,01 - Clear,01 - Daylight,01 - Dry,10 - No control,,03 - P.D. only,03 - Rear end,0
17-1005,KENNEVALE DR @ STRANDHERD DR,361491.31355,5014101.18834,-75.77758985020,45.26458385640,2017-01-30,8:30:00 AM,01 - Clear,01 - Daylight,06 - Ice,01 - Traffic signal,01 - Functioning,03 - P.D. only,03 - Rear end,0
17-1006,ANDERSON RD btwn HWY417 IC104 RAMP51 & LEITRIM RD,380377.31196,5025132.03987,-75.53527533120,45.36205784920,2017-01-28,2:25:00 AM,01 - Clear,07 - Dark,01 - Dry,10 - No control,,03 - P.D. only,07 - SMV other,0
17-1007,RIDEAU ST @ WURTEMBURG ST,369356.68383,5032925.16675,-75.67491495690,45.43327928900,2017-01-30,9:05:00 AM,01 - Clear,01 - Daylight,01 - Dry,01 - Traffic signal,01 - Functioning,03 - P.D. only,03 - Rear end,0
17-1008,MCLENNAN WAY E @ TURNBULL AVE E,352541.18566,5017744.17679,-75.89128267420,45.29802887600,2017-01-30,9:05:00 AM,03 - Snow,01 - Daylight,05 - Packed snow,02 - Stop sign,01 - Functioning,03 - P.D. only,02 - Angle,0
17-1009,FALLOWFIELD RD @ GREENBANK RD,363080.67570,5016733.00175,-75.75702951980,45.28813510510,2017-01-30,12:33:00 PM,01 - Clear,01 - Daylight,01 - Dry,01 - Traffic signal,01 - Functioning,03 - P.D. only,03 - Rear end,0
17-1010,RIVERSIDE DR @ SMYTH RD SOUTH SIDE RAMP,369787.35200,5028997.97590,-75.66992913890,45.39790401880,2017-01-30,1:02:00 PM,01 - Clear,01 - Daylight,01 - Dry,01 - Traffic signal,01 - Functioning,02 - Non-fatal injury,03 - Rear end,0
17-1011,BANK ST @ LEWIS ST,367810.71550,5030735.56720,-75.69495173500,45.41371901260,2017-01-30,1:17:00 PM,01 - Clear,01 - Daylight,05 - Packed snow,02 - Stop sign,00 - Unknown,03 - P.D. only,99 - Other,0
17-1012,MCRAE AVE @ RICHMOND RD,363609.35545,5028537.21731,-75.74888724230,45.39430437380,2017-01-30,1:48:00 PM,01 - Clear,01 - Daylight,01 - Dry,01 - Traffic signal,01 - Functioning,02 - Non-fatal injury,07 - SMV other,1
17-1013,BLAIR RD @ INNES RD,375579.28135,5031439.00865,-75.59560837630,45.41930556360,2017-01-30,7:45:00 AM,01 - Clear,03 - Dawn,01 - Dry,01 - Traffic signal,00 - Unknown,03 - P.D. only,03 - Rear end,0
17-1014,VIEWMOUNT DR @ MERIVALE RD,365193.15065,5022948.49540,-75.72934405590,45.34388322040,2017-01-30,4:14:00 PM,01 - Clear,01 - Daylight,01 - Dry,01 - Traffic signal,01 - Functioning,03 - P.D. only,03 - Rear end,0
17-1015,KING EDWARD AVE SB btwn GEORGE ST & RIDEAU ST,368474.54873,5032461.13018,-75.68624818900,45.42918493630,2017-01-30,2:30:00 PM,01 - Clear,01 - Daylight,02 - Wet,10 - No control,,03 - P.D. only,03 - Rear end,0
17-1016,MARCONI AVE btwn APPLECROSS CRES & KINGHORN CRES/APPLECROSS CRES,349874.35036,5024299.41233,-75.92468719970,45.35719070370,2017-01-30,8:15:00 AM,01 - Clear,01 - Daylight,01 - Dry,10 - No control,,03 - P.D. only,06 - SMV unattended vehicle,0
17-1017,WELLINGTON ST @ HAMILTON AVE,365077.14635,5029232.10845,-75.73005739360,45.40043204510,2017-01-30,2:59:00 PM,01 - Clear,01 - Daylight,01 - Dry,02 - Stop sign,00 - Unknown,03 - P.D. only,04 - Sideswipe,0
17-1018,LEES AVE btwn CHAPEL CRES & TRANSIT,369755.93395,5031278.39096,-75.67002993740,45.41842527720,2017-01-30,4:17:00 PM,01 - Clear,01 - Daylight,01 - Dry,10 - No control,,03 - P.D. only,01 - Approaching,0
17-1019,BOWESVILLE RD btwn HIGH RD & EARL ARMSTRONG RD,371850.68758,5019110.96917,-75.64491826950,45.30874952030,2017-01-30,4:22:00 PM,01 - Clear,01 - Daylight,01 - Dry,10 - No control,,02 - Non-fatal injury,01 - Approaching,0
17-1020,BONGARD AVE btwn MERIVALE RD & GIFFORD ST,365934.23926,5021352.27181,-75.72008535460,45.32945643090,2017-01-30,4:35:00 PM,01 - Clear,01 - Daylight,01 - Dry,10 - No control,,03 - P.D. only,06 - SMV unattended vehicle,0
17-1021,STRANDHERD DR @ LONGFIELDS DR,364548.81050,5015172.23180,-75.73850306380,45.27396804350,2017-01-30,4:37:00 PM,01 - Clear,05 - Dusk,01 - Dry,01 - Traffic signal,01 - Functioning,03 - P.D. only,03 - Rear end,0
17-1022,EAGLESON RD btwn HAZELDEAN RD & 146 N OF ABBEYHILL DR/HAZELDEAN MALL S,353681.22327,5018405.73544,-75.87668241150,45.30390333150,2017-01-30,4:50:00 PM,01 - Clear,05 - Dusk,01 - Dry,10 - No control,,03 - P.D. only,07 - SMV other,0
17-1023,REGIONAL RD 174 @ EAST ST/PETER HARKNESS LANE,390420.44646,5042703.91032,-75.40404266190,45.51899532500,2017-01-30,5:20:00 PM,01 - Clear,05 - Dusk,01 - Dry,02 - Stop sign,00 - Unknown,03 - P.D. only,03 - Rear end,0
17-1024,SUSSEX DR btwn KING EDWARD AVE & 262 N OF KING EDWARD AVE,367712.32433,5033611.68494,-75.69584131410,45.43960620530,2017-01-30,4:13:00 PM,01 - Clear,01 - Daylight,01 - Dry,10 - No control,,03 - P.D. only,04 - Sideswipe,0
17-1025,GREENCREST PL @ NORTHVIEW RD,365290.03375,5025022.51560,-75.72785413350,45.36253659340,2017-01-30,5:37:00 PM,01 - Clear,05 - Dusk,01 - Dry,02 - Stop sign,01 - Functioning,03 - P.D. only,02 - Angle,0
17-1026,REGIONAL ROAD 174 btwn OR174 IC109 RAMP54 & OR174 IC109 RAMP55,376441.56381,5034918.61851,-75.58408550570,45.45052519630,2017-01-30,5:41:00 PM,01 - Clear,07 - Dark,01 - Dry,10 - No control,,03 - P.D. only,03 - Rear end,0
17-1027,MACLAREN ST btwn METCALFE ST & ELGIN ST,368158.90748,5031097.76183,-75.69045698500,45.41694648050,2017-01-30,12:00:00 AM,01 - Clear,00 - Unknown,05 - Packed snow,10 - No control,,03 - P.D. only,06 - SMV unattended vehicle,0
17-1028,MERIVALE RD @ CAPILANO DR/WITHROW AVE,364642.72878,5024227.85982,-75.73621234910,45.35544195060,2017-01-30,6:20:00 PM,01 - Clear,07 - Dark,01 - Dry,01 - Traffic signal,01 - Functioning,03 - P.D. only,05 - Turning movement,0
17-1029,CARLING AVE @ KIRKWOOD AVE N,364274.44297,5027494.07084,-75.74051921450,45.38486215890,2017-01-30,6:52:00 PM,01 - Clear,07 - Dark,01 - Dry,01 - Traffic signal,01 - Functioning,03 - P.D. only,05 - Turning movement,0
17-1030,MARKETPLACE AVE btwn GREENBANK RD & TRANSITWAY SOUTHWEST,364199.86829,5014708.32176,-75.74300542810,45.26982334030,2017-01-30,6:59:00 PM,01 - Clear,07 - Dark,01 - Dry,10 - No control,,03 - P.D. only,04 - Sideswipe,0
17-1031,O'CONNOR ST @ SLATER ST,367579.70410,5031450.57700,-75.69781183850,45.42017320740,2017-01-30,7:03:00 PM,01 - Clear,07 - Dark,01 - Dry,01 - Traffic signal,01 - Functioning,03 - P.D. only,03 - Rear end,0
17-1032,BARNSDALE RD btwn MOODIE DR & TRAIL RD,363288.75812,5009614.87920,-75.75521485260,45.22406853490,2017-01-30,7:08:00 PM,01 - Clear,07 - Dark,01 - Dry,10 - No control,,03 - P.D. only,07 - SMV other,0
17-1033,HERON RD btwn HUNTLEY AVE & CLEMENTINE BLVD,369523.28509,5026784.15263,-75.67359199060,45.37800921780,2017-01-30,7:34:00 PM,06 - Strong wind,07 - Dark,06 - Ice,10 - No control,,03 - P.D. only,07 - SMV other,0
17-1034,DALY AVE @ KING EDWARD AVE,368590.20666,5032274.71140,-75.68479439280,45.42749706850,2017-01-30,7:40:00 PM,03 - Snow,07 - Dark,02 - Wet,02 - Stop sign,01 - Functioning,03 - P.D. only,02 - Angle,0
17-1035,BANK ST @ KINGSDALE AVE,373268.42862,5023499.35663,-75.62623332830,45.34809795390,2017-01-30,9:44:00 PM,01 - Clear,07 - Dark,01 - Dry,02 - Stop sign,01 - Functioning,03 - P.D. only,02 - Angle,0
17-1036,ST. LAURENT BLVD btwn MUTUAL ST & MCARTHUR AVE,371910.75998,5032919.51535,-75.64227624060,45.43298799510,2017-01-31,3:19:00 AM,01 - Clear,07 - Dark,01 - Dry,10 - No control,,03 - P.D. only,04 - Sideswipe,0
17-1037,ST. JOSEPH BLVD/OLD MONTREAL RD @ TRIM RD,384681.41036,5039285.46097,-75.47804785140,45.48892069530,2017-01-30,7:30:00 PM,01 - Clear,07 - Dark,01 - Dry,11 - Roundabout,01 - Functioning,03 - P.D. only,04 - Sideswipe,0
17-1038,PLEASANT PARK RD btwn FAIRBANKS AVE & LYNDA LANE,371007.90543,5028538.58609,-75.65440259200,45.39365625170,2017-01-31,12:07:00 AM,01 - Clear,07 - Dark,01 - Dry,10 - No control,,02 - Non-fatal injury,03 - Rear end,0
17-1039,BRAVAR DR @ LENA AVE,367596.61722,5011728.59809,-75.70009776370,45.24271686070,2017-01-31,12:18:00 AM,01 - Clear,07 - Dark,03 - Loose snow,02 - Stop sign,01 - Functioning,03 - P.D. only,07 - SMV other,0
17-1040,CLAYMOR AVE @ MEADOWLANDS DR,366921.24814,5025323.33871,-75.70699609810,45.36510068200,2017-01-31,3:31:00 AM,01 - Clear,07 - Dark,01 - Dry,01 - Traffic signal,01 - Functioning,03 - P.D. only,07 - SMV other,0
17-1041,BLACKBURN BYPASS WB btwn NAVAN RD & 1700 W OF NAVAN RD,379542.86705,5033207.10140,-75.54470171230,45.43480142280,2017-01-31,3:55:00 AM,01 - Clear,07 - Dark,01 - Dry,10 - No control,,03 - P.D. only,07 - SMV other,0
17-1042,RICHMOND RD @ WEST HUNT CLUB RD,357146.19375,5018151.91585,-75.83252793960,45.30136976300,2017-01-31,7:30:00 AM,01 - Clear,03 - Dawn,01 - Dry,01 - Traffic signal,01 - Functioning,03 - P.D. only,03 - Rear end,0
17-1043,CENTENNIAL BLVD @ MAIN ST,369480.42406,5029417.06582,-75.67379409970,45.40170326700,2017-01-31,7:48:00 AM,01 - Clear,03 - Dawn,01 - Dry,02 - Stop sign,01 - Functioning,03 - P.D. only,02 - Angle,0
17-1044,210 W OF MERIVALE RD @ WEST HUNT CLUB RD,365431.70110,5021829.49510,-75.72643739570,45.33379402420,2017-01-31,8:09:00 AM,01 - Clear,01 - Daylight,01 - Dry,01 - Traffic signal,00 - Unknown,02 - Non-fatal injury,03 - Rear end,0
17-1045,BANTREE ST @ INNES RD,373705.72320,5030404.91606,-75.61968971370,45.41018833970,2017-01-31,8:08:00 AM,01 - Clear,01 - Daylight,01 - Dry,01 - Traffic signal,01 - Functioning,03 - P.D. only,03 - Rear end,0
17-1046,RIVERSIDE DR @ SMYTH RD SOUTH SIDE RAMP,369787.89845,5028999.06880,-75.66992201530,45.39791380160,2017-01-31,8:12:00 AM,01 - Clear,01 - Daylight,01 - Dry,01 - Traffic signal,01 - Functioning,03 - P.D. only,03 - Rear end,0
17-1047,MAJESTIC DR @ WOODROFFE AVE,363527.14695,5021572.58530,-75.75076479160,45.33164434750,2017-01-31,8:15:00 AM,01 - Clear,01 - Daylight,01 - Dry,01 - Traffic signal,01 - Functioning,03 - P.D. only,03 - Rear end,0
17-1048,COLONEL BY DR @ HOG'S BACK RD,367604.20562,5025873.67166,-75.69820875330,45.36999158840,2017-01-31,8:22:00 AM,01 - Clear,01 - Daylight,02 - Wet,01 - Traffic signal,01 - Functioning,03 - P.D. only,03 - Rear end,0