COLLISION_ID,LOCATION,X,Y,LONGITUDE,LATITUDE,DATE,TIME,ENVIRONMENT,LIGHT,SURFACE_CONDITION,TRAFFIC_CONTROL,TRAFFIC_CONTROL_CONDITION,COLLISION_CLASSIFICATION,IMPACT_TYPE,NO_OF_PEDESTRIANS
17-1049,MCARTHUR AVE @ VANIER PKWY,370220.34434,5032690.58590,-75.66390904060,45.43108836500,2017-01-31,8:29:00 AM,01 - Clear,01 - Daylight,06 - Ice,01 - Traffic signal,00 - Unknown,03 - P.D. only,03 - Rear end,0
17-1050,HOLLAND AVE/TUNNEY'S PASTURE @ SCOTT ST,364737.99293,5029593.44384,-75.73434522210,45.40371238110,2017-01-31,9:01:00 AM,01 - Clear,01 - Daylight,06 - Ice,01 - Traffic signal,01 - Functioning,03 - P.D. only,07 - SMV other,0
17-1051,GARFIELD AVE @ MAITLAND AVE,363342.61761,5025562.93584,-75.75264640860,45.36756456720,2017-01-31,9:30:00 AM,01 - Clear,01 - Daylight,01 - Dry,01 - Traffic signal,00 - Unknown,03 - P.D. only,03 - Rear end,0
17-1052,LAURIER AVE @ O'CONNOR ST,367635.60780,5031357.48440,-75.69710945360,45.41933057160,2017-01-31,8:00:00 AM,01 - Clear,01 - Daylight,01 - Dry,01 - Traffic signal,01 - Functioning,03 - P.D. only,03 - Rear end,0
17-1053,JAMIE AVE @ SUNDERLAND ST,366065.78858,5022022.23463,-75.71832435620,45.33547319200,2017-01-31,12:01:00 PM,01 - Clear,01 - Daylight,01 - Dry,02 - Stop sign,01 - Functioning,03 - P.D. only,02 - Angle,0
17-1054,MERIVALE RD/LOTTA AVE @ CLYDE AVE,364521.69830,5024506.97945,-75.73772323290,45.35796375070,2017-01-31,8:44:00 AM,01 - Clear,01 - Daylight,01 - Dry,01 - Traffic signal,01 - Functioning,03 - P.D. only,03 - Rear end,0
17-1055,BELL ST @ POWELL AVE,367200.16465,5029385.55680,-75.70292246370,45.40162672270,2017-01-31,12:22:00 PM,01 - Clear,01 - Daylight,01 - Dry,02 - Stop sign,01 - Functioning,03 - P.D. only,04 - Sideswipe,0
17-1056,EAGLE LANE @ MEADOWLANDS DR,365280.11655,5024420.21810,-75.72805441440,45.35711807330,2017-01-30,12:55:00 PM,01 - Clear,01 - Daylight,01 - Dry,02 - Stop sign,01 - Functioning,03 - P.D. only,03 - Rear end,0
17-1057,MAITLAND AVE @ 30 S OF AGINCOURT RD/TRINITY UN,363464.59508,5025426.57850,-75.75110557120,45.36632744230,2017-01-31,1:05:00 PM,01 - Clear,01 - Daylight,01 - Dry,01 - Traffic signal,01 - Functioning,03 - P.D. only,03 - Rear end,0
17-1058,RIDGEBROOK DR btwn ERIC CRES & ERIC CRES,374716.70556,5031965.19867,-75.60655402070,45.42412666950,2017-01-31,1:11:00 PM,01 - Clear,01 - Daylight,03 - Loose snow,10 - No control,,03 - P.D. only,06 - SMV unattended vehicle,0
17-1059,EVELYN AVE @ MAIN ST,369038.16235,5030473.02545,-75.67930523790,45.41124515350,2017-01-31,2:19:00 PM,01 - Clear,01 - Daylight,01 - Dry,01 - Traffic signal,00 - Unknown,03 - P.D. only,04 - Sideswipe,0
17-1060,CATHERINE ST/HWY 417 O'CONN IC119BR76 @ O'CONN,368242.07166,5030392.01765,-75.68948533980,45.41058889270,2017-01-31,2:50:00 PM,01 - Clear,01 - Daylight,01 - Dry,01 - Traffic signal,01 - Functioning,03 - P.D. only,03 - Rear end,0
17-1061,MAJESTIC DR @ WOODROFFE AVE,363527.14695,5021570.94595,-75.75076498610,45.33162959710,2017-01-31,3:36:00 PM,01 - Clear,01 - Daylight,01 - Dry,01 - Traffic signal,00 - Unknown,03 - P.D. only,04 - Sideswipe,0
17-1062,MONTREAL RD @ OGILVIE RD,375654.48416,5034555.41553,-75.59419910520,45.44733755640,2017-01-31,4:02:00 PM,01 - Clear,01 - Daylight,01 - Dry,01 - Traffic signal,00 - Unknown,03 - P.D. only,04 - Sideswipe,0
17-1063,BLAIR PL btwn OGILVIE RD & END,374846.64556,5033252.08628,-75.60471070740,45.43569237160,2017-01-31,4:03:00 PM,01 - Clear,01 - Daylight,01 - Dry,10 - No control,,03 - P.D. only,02 - Angle,0
17-1064,CARLING AVE @ IRVING PL/MAPLE DR,366187.03845,5028527.55400,-75.71596932660,45.39399619740,2017-01-31,4:13:00 PM,01 - Clear,01 - Daylight,01 - Dry,01 - Traffic signal,01 - Functioning,03 - P.D. only,03 - Rear end,0
17-1065,CARLING AVE btwn DEFENSE  RESEARCH COMPLEX & RIFLE RD,353399.21726,5023007.57506,-75.87982658800,45.34533110390,2017-01-31,4:15:00 PM,01 - Clear,01 - Daylight,01 - Dry,10 - No control,,03 - P.D. only,03 - Rear end,0
17-1066,HOLLAND AVE/TUNNEY'S PASTURE @ SCOTT ST,364737.67050,5029595.56190,-75.73434908270,45.40373146690,2017-01-31,4:27:00 PM,01 - Clear,01 - Daylight,01 - Dry,01 - Traffic signal,01 - Functioning,03 - P.D. only,03 - Rear end,0
17-1067,ST. JOSEPH BLVD @ REGIONAL RD 174/TRANSITWAY,376556.32422,5035055.98505,-75.58259848120,45.45174935940,2017-01-31,4:29:00 PM,01 - Clear,01 - Daylight,03 - Loose snow,01 - Traffic signal,01 - Functioning,03 - P.D. only,02 - Angle,0
17-1068,HWY 417 INNES IC112R57 @ INNES RD,374298.99637,5030755.04195,-75.61206185220,45.41327993220,2017-01-31,4:30:00 PM,01 - Clear,01 - Daylight,01 - Dry,01 - Traffic signal,01 - Functioning,03 - P.D. only,02 - Angle,0
17-1069,INNES RD btwn PAGE RD & 473 E OF PAGE RD/BUILDERS' WAREHOUSE SC,381215.92815,5034732.29444,-75.52308437520,45.44834308760,2017-01-31,4:38:00 PM,01 - Clear,01 - Daylight,01 - Dry,10 - No control,,03 - P.D. only,04 - Sideswipe,0
17-1070,REMNOR AVE btwn BADGELEY AVE & BADGELEY AVE,349608.98917,5020453.63681,-75.92842230190,45.32260250350,2017-01-30,12:00:00 AM,01 - Clear,00 - Unknown,01 - Dry,10 - No control,,03 - P.D. only,06 - SMV unattended vehicle,0
17-1071,ALPINE AVE @ CARLING AVE,360497.15037,5024941.80884,-75.78903870130,45.36220759030,2017-01-31,4:56:00 PM,01 - Clear,05 - Dusk,01 - Dry,01 - Traffic signal,01 - Functioning,03 - P.D. only,05 - Turning movement,0
17-1072,AYLMER AVE @ BANK ST,368673.54412,5028729.00170,-75.68418895590,45.39558636960,2017-01-31,5:10:00 PM,01 - Clear,05 - Dusk,01 - Dry,01 - Traffic signal,00 - Unknown,03 - P.D. only,03 - Rear end,0
17-1073,WEST HUNT CLUB RD @ CLEOPATRA DR/LANCELOT DR,365235.60164,5021732.74810,-75.72895089410,45.33294042270,2017-01-31,5:13:00 PM,01 - Clear,05 - Dusk,01 - Dry,01 - Traffic signal,01 - Functioning,03 - P.D. only,03 - Rear end,0
17-1074,MONTREAL RD btwn CENTER ST & BRITTANY DR,371830.23320,5033956.08297,-75.64316416260,45.44232226230,2017-01-31,5:49:00 PM,01 - Clear,07 - Dark,01 - Dry,10 - No control,,02 - Non-fatal injury,07 - SMV other,1
17-1075,BANK ST @ JOHNSTON RD,370853.23144,5024838.40220,-75.65687279340,45.36037788710,2017-01-31,6:02:00 PM,01 - Clear,07 - Dark,01 - Dry,01 - Traffic signal,01 - Functioning,02 - Non-fatal injury,07 - SMV other,1
17-1076,STRANDHERD DR @ CLARIDGE DR,364949.01900,5015380.82343,-75.73337760250,45.27581082770,2017-01-31,6:12:00 PM,01 - Clear,07 - Dark,01 - Dry,01 - Traffic signal,01 - Functioning,03 - P.D. only,05 - Turning movement,0
17-1077,MOODIE DR @ ROBERTSON RD,357066.65210,5020455.47810,-75.83329912930,45.32210342140,2017-01-31,9:15:00 AM,01 - Clear,01 - Daylight,06 - Ice,01 - Traffic signal,01 - Functioning,02 - Non-fatal injury,03 - Rear end,0
17-1078,VIEWMOUNT DR btwn MERIVALE RD & GRANT CARMAN DR,365287.85198,5023006.47327,-75.72812862610,45.34439673790,2017-01-31,6:46:00 PM,01 - Clear,07 - Dark,01 - Dry,10 - No control,,03 - P.D. only,02 - Angle,0
17-1079,PINECREST RD btwn HWY417 IC129 RAMP26 & GREENBANK RD,360419.30940,5023598.10753,-75.79018342760,45.35012318550,2017-01-31,7:01:00 PM,01 - Clear,07 - Dark,02 - Wet,10 - No control,,03 - P.D. only,04 - Sideswipe,0
17-1080,RICHMOND RD btwn WEST HUNT CLUB RD & SEYTON DR,357383.89380,5019239.61111,-75.82938181260,45.31113922740,2017-01-31,11:32:00 PM,01 - Clear,07 - Dark,01 - Dry,10 - No control,,03 - P.D. only,03 - Rear end,0
17-1081,VARLEY DR btwn BEAVERBROOK RD & MILNE CRES,351433.97571,5021087.46098,-75.90508454980,45.32818693110,2017-01-31,8:50:00 PM,01 - Clear,07 - Dark,01 - Dry,10 - No control,,02 - Non-fatal injury,06 - SMV unattended vehicle,0
17-1082,CASTLEFRANK RD @ KATIMAVIK RD,351950.41596,5018945.27780,-75.89870053710,45.30887657820,2017-01-31,10:02:00 PM,01 - Clear,07 - Dark,01 - Dry,01 - Traffic signal,01 - Functioning,02 - Non-fatal injury,02 - Angle,0
17-1083,STAGECOACH RD btwn DALMENY RD & FAWN LANE,378618.00750,4997755.18012,-75.56179227080,45.11591833710,2017-01-31,10:44:00 PM,01 - Clear,07 - Dark,01 - Dry,10 - No control,,03 - P.D. only,07 - SMV other,0
17-1084,ROSEBERY AVE btwn BANK ST & END,367977.68784,5029983.72430,-75.69291500600,45.40693911400,2017-02-01,4:53:00 AM,03 - Snow,07 - Dark,03 - Loose snow,10 - No control,,03 - P.D. only,07 - SMV other,0
17-1085,MOODIE DR btwn MCKENNA CASEY DR & CAMBRIAN RD,360509.23621,5012286.17961,-75.79030683530,45.24833064110,2017-02-01,6:35:00 AM,03 - Snow,07 - Dark,03 - Loose snow,10 - No control,,03 - P.D. only,01 - Approaching,0
17-1086,RIVERSIDE DR @ SMYTH RD SOUTH SIDE RAMP,369788.11045,5028998.64480,-75.66991936490,45.39790996690,2017-02-01,6:38:00 AM,03 - Snow,03 - Dawn,03 - Loose snow,01 - Traffic signal,01 - Functioning,03 - P.D. only,07 - SMV other,0
17-1087,INNES RD btwn PAGE RD & 473 E OF PAGE RD/BUILDERS' WAREHOUSE SC,380975.72714,5034589.73483,-75.52617677710,45.44708666820,2017-02-01,6:49:00 AM,01 - Clear,03 - Dawn,03 - Loose snow,10 - No control,,03 - P.D. only,03 - Rear end,0
17-1088,REGIONAL ROAD 174 btwn OR174 IC105 RAMP35 & OR174 IC105 RAMP25,379639.45291,5037131.89375,-75.54287023390,45.47010344460,2017-02-01,7:35:00 AM,03 - Snow,01 - Daylight,04 - Slush,10 - No control,,03 - P.D. only,03 - Rear end,0
17-1089,PRINCE ALBERT ST btwn EDITH AVE & LOLA ST,371113.10912,5031968.97295,-75.65259765750,45.42451152460,2017-01-31,12:00:00 AM,01 - Clear,00 - Unknown,02 - Wet,10 - No control,,03 - P.D. only,06 - SMV unattended vehicle,0
17-1090,WENTWORTH AVE btwn LAWN AVE & CARLING AVE,361303.71286,5025532.72144,-75.77867635930,45.36746003670,2017-02-01,8:27:00 AM,01 - Clear,01 - Daylight,02 - Wet,10 - No control,,03 - P.D. only,99 - Other,0
17-1091,CAHILL DR W @ KILLDEER BAY/YORKBERRY GT,370264.72679,5023597.02567,-75.66454824930,45.34926354640,2017-02-01,8:50:00 AM,01 - Clear,01 - Daylight,01 - Dry,02 - Stop sign,01 - Functioning,03 - P.D. only,02 - Angle,0
17-1092,DALY AVE btwn NICHOLAS ST & COURT HOUSE LANE,368273.83397,5032076.69582,-75.68886258150,45.42574417610,2017-02-01,9:02:00 AM,01 - Clear,01 - Daylight,01 - Dry,10 - No control,,03 - P.D. only,07 - SMV other,0
17-1093,LEMIEUX ST @ ST. LAURENT BLVD,372391.65410,5031742.70445,-75.63629227570,45.42235329380,2017-01-31,11:00:00 AM,01 - Clear,01 - Daylight,01 - Dry,01 - Traffic signal,01 - Functioning,03 - P.D. only,03 - Rear end,0
17-1094,KENT ST @ SLATER ST,367262.71074,5031252.58710,-75.70188702850,45.41842012950,2017-02-01,9:33:00 AM,01 - Clear,01 - Daylight,01 - Dry,01 - Traffic signal,00 - Unknown,03 - P.D. only,04 - Sideswipe,0
17-1095,TRIM RD @ MILLENNIUM BLVD,386797.17923,5036713.56585,-75.45141385820,45.46553610140,2017-02-01,10:43:00 AM,01 - Clear,01 - Daylight,01 - Dry,11 - Roundabout,01 - Functioning,03 - P.D. only,04 - Sideswipe,0
17-1096,RIVER RD btwn OSGOODE MAIN ST & DALMENY RD,373040.76290,4999545.44252,-75.63242498110,45.13258740560,2017-02-01,11:07:00 AM,05 - Drifting Snow,01 - Daylight,03 - Loose snow,10 - No control,,02 - Non-fatal injury,07 - SMV other,0
17-1097,THORNBURY CRES btwn REDDING WAY & REDDING WAY,362041.22945,5023363.43041,-75.76951322780,45.34788106930,2017-02-01,11:50:00 AM,03 - Snow,01 - Daylight,03 - Loose snow,10 - No control,,03 - P.D. only,06 - SMV unattended vehicle,0
17-1098,MERIVALE RD btwn BURRIS LANE & OT/NE BOUNDARY,364928.16205,5025149.72925,-75.73245747270,45.36371237450,2017-02-01,11:49:00 AM,01 - Clear,01 - Daylight,01 - Dry,10 - No control,,03 - P.D. only,03 - Rear end,0
17-1099,ROGER GUINDON AVE btwn PETER MORAND CRES & PETER MORAND CRES,371905.36395,5029628.36182,-75.64279340770,45.40337617640,2017-02-01,12:00:00 AM,01 - Clear,00 - Unknown,01 - Dry,10 - No control,,03 - P.D. only,06 - SMV unattended vehicle,0
17-1100,CYRVILLE RD @ INNES RD,375047.18196,5031119.29283,-75.60245208300,45.41648256040,2017-02-01,12:23:00 PM,01 - Clear,01 - Daylight,02 - Wet,01 - Traffic signal,01 - Functioning,03 - P.D. only,99 - Other,0
17-1101,COVENTRY RD btwn LOLA ST & BELFAST RD,371294.31869,5031617.85069,-75.65032966550,45.42133507670,2017-02-01,12:40:00 PM,01 - Clear,01 - Daylight,02 - Wet,10 - No control,,03 - P.D. only,03 - Rear end,0
17-1102,FALLOWFIELD RD @ WOODROFFE AVE,365085.69645,5017902.09710,-75.73132939510,45.29848544480,2017-02-01,12:54:00 PM,01 - Clear,01 - Daylight,02 - Wet,01 - Traffic signal,01 - Functioning,03 - P.D. only,03 - Rear end,0
17-1103,MURRAY ST @ PARENT AVE,367862.70470,5032489.41051,-75.69406306600,45.42949482860,2017-02-01,1:36:00 PM,01 - Clear,01 - Daylight,02 - Wet,01 - Traffic signal,01 - Functioning,02 - Non-fatal injury,07 - SMV other,1
17-1104,COLONEL BY DR @ HOG'S BACK RD,367602.70940,5025873.26643,-75.69822790420,45.36998807570,2017-01-31,8:25:00 PM,01 - Clear,07 - Dark,02 - Wet,01 - Traffic signal,01 - Functioning,03 - P.D. only,02 - Angle,0
17-1105,INNES RD @ PAGE RD,380888.29545,5034541.64740,-75.52730176880,45.44666353830,2017-02-01,1:36:00 PM,01 - Clear,01 - Daylight,02 - Wet,01 - Traffic signal,01 - Functioning,03 - P.D. only,03 - Rear end,0
17-1106,WOODROFFE AVE btwn WOODROFFE AVE & NAVAHO DR,362583.86700,5023677.04916,-75.76255226110,45.35065849190,2017-01-30,7:15:00 PM,01 - Clear,07 - Dark,01 - Dry,10 - No control,,03 - P.D. only,04 - Sideswipe,0
17-1107,GRANT CARMAN DR @ MEADOWLANDS DR,365050.69076,5023903.51409,-75.73104542460,45.35248859910,2017-02-01,7:00:00 AM,01 - Clear,03 - Dawn,03 - Loose snow,01 - Traffic signal,01 - Functioning,03 - P.D. only,04 - Sideswipe,0
17-1108,ST. LAURENT BLVD @ WALKLEY RD,373903.84300,5028046.85510,-75.61748929660,45.38895209420,2017-02-01,3:04:00 PM,01 - Clear,01 - Daylight,01 - Dry,01 - Traffic signal,01 - Functioning,03 - P.D. only,03 - Rear end,0
17-1109,INNES RD @ JEANNE D'ARC BLVD/MER BLEUE RD,382637.75360,5035567.00725,-75.50477813540,45.45569623170,2017-02-01,2:30:00 PM,01 - Clear,01 - Daylight,02 - Wet,01 - Traffic signal,01 - Functioning,03 - P.D. only,03 - Rear end,0
17-1110,SHEFFIELD RD @ WALKLEY RD,375258.48557,5028784.91403,-75.60008617310,45.39545780750,2017-02-01,3:14:00 PM,01 - Clear,01 - Daylight,01 - Dry,01 - Traffic signal,01 - Functioning,03 - P.D. only,03 - Rear end,0
17-1111,LANCASTER RD btwn GLADWIN CRES & SHELBOURN LANE,373698.56623,5029506.88112,-75.61990662630,45.40210895640,2017-02-01,3:54:00 PM,01 - Clear,01 - Daylight,01 - Dry,10 - No control,,03 - P.D. only,02 - Angle,0
17-1112,BLAIR RD @ MONTREAL RD,374019.72020,5034439.85617,-75.61511158310,45.44646162420,2017-02-01,11:30:00 AM,01 - Clear,01 - Daylight,01 - Dry,01 - Traffic signal,01 - Functioning,03 - P.D. only,04 - Sideswipe,0
17-1113,CASTLEFRANK RD @ HAZELDEAN RD,352678.42084,5017675.95489,-75.88953956410,45.29740566000,2017-02-01,5:06:00 PM,01 - Clear,01 - Daylight,02 - Wet,01 - Traffic signal,01 - Functioning,02 - Non-fatal injury,07 - SMV other,1
17-1114,BASELINE RD @ NAVAHO DR,363086.23344,5024096.14945,-75.75609211010,45.35438794570,2017-01-31,9:45:00 PM,01 - Clear,07 - Dark,01 - Dry,01 - Traffic signal,01 - Functioning,03 - P.D. only,99 - Other,0
17-1115,CARLING AVE @ CONNAUGHT AVE,360770.73441,5025117.35014,-75.78552685470,45.36376531230,2017-02-01,6:12:00 PM,01 - Clear,07 - Dark,02 - Wet,01 - Traffic signal,01 - Functioning,02 - Non-fatal injury,05 - Turning movement,0
17-1116,ST. LAURENT BLVD @ COVENTRY RD/OGILVIE RD,372305.38505,5031950.90570,-75.63736599190,45.42423492130,2017-02-01,6:16:00 PM,01 - Clear,07 - Dark,02 - Wet,01 - Traffic signal,02 - Not functioning,03 - P.D. only,02 - Angle,0
17-1117,DALEHURST DR @ WOODFIELD DR,363756.61232,5021821.31061,-75.74780792190,45.33386311830,2017-02-01,6:39:00 PM,01 - Clear,07 - Dark,02 - Wet,02 - Stop sign,01 - Functioning,02 - Non-fatal injury,07 - SMV other,1
17-1118,CATHERINE ST @ METCALFE ST,368393.70900,5030486.56790,-75.68753607010,45.41142586170,2017-02-01,8:24:00 PM,03 - Snow,07 - Dark,02 - Wet,01 - Traffic signal,01 - Functioning,02 - Non-fatal injury,02 - Angle,0
17-1119,UPPER DWYER HILL RD btwn MARCH RD & OLD ALMONTE RD,336101.14882,5012053.49405,-76.10125138840,45.24774564060,2017-02-01,10:21:00 PM,01 - Clear,07 - Dark,01 - Dry,10 - No control,,03 - P.D. only,07 - SMV other,0
17-1120,RICHMOND RD @ HOLLY ACRES RD/NANAIMO DR,359059.21434,5022749.85295,-75.80763279940,45.34259712160,2017-02-02,6:48:00 AM,01 - Clear,03 - Dawn,03 - Loose snow,01 - Traffic signal,01 - Functioning,02 - Non-fatal injury,07 - SMV other,1
17-1121,BANK ST @ HUNT CLUB RD,371608.73650,5024097.05265,-75.64733051520,45.35363588520,2017-02-02,7:10:00 AM,01 - Clear,03 - Dawn,01 - Dry,01 - Traffic signal,01 - Functioning,03 - P.D. only,03 - Rear end,0
17-1122,PRINCE OF WALES DR btwn JAMES CRAIG ST & RUSSVERN DR,366511.33323,4999739.64835,-75.71540433160,45.13493530400,2017-02-02,7:51:00 AM,01 - Clear,01 - Daylight,01 - Dry,10 - No control,,03 - P.D. only,01 - Approaching,0
17-1123,OTTAWA RIVER PKWY @ VIMY PLACE PRIV,365976.99470,5030795.71530,-75.71837033990,45.41442292360,2017-02-02,7:58:00 AM,01 - Clear,01 - Daylight,02 - Wet,01 - Traffic signal,01 - Functioning,03 - P.D. only,03 - Rear end,0
17-1124,HWY 417 VANIER IC117R63 @ VANIER PKWY,370800.37783,5031396.83548,-75.65667020310,45.41939324720,2017-02-02,8:15:00 AM,01 - Clear,01 - Daylight,01 - Dry,01 - Traffic signal,00 - Unknown,03 - P.D. only,03 - Rear end,0
17-1125,HAWTHORNE RD/RUSSELL RD @ WALKLEY RD,374675.29035,5028499.54130,-75.60757439610,45.39294860420,2017-02-02,8:49:00 AM,01 - Clear,01 - Daylight,01 - Dry,01 - Traffic signal,01 - Functioning,03 - P.D. only,03 - Rear end,0
17-1126,LAURIER AVE @ NICHOLAS ST,368373.63700,5031798.26990,-75.68762325370,45.42322993410,2017-02-02,8:45:00 AM,01 - Clear,01 - Daylight,01 - Dry,01 - Traffic signal,01 - Functioning,03 - P.D. only,04 - Sideswipe,0
17-1127,CAMPEAU DR/HWY 417 MARCH IC138R63 @ MARCH RD,352841.08379,5020474.29775,-75.88719440470,45.32257466270,2017-02-02,9:10:00 AM,01 - Clear,01 - Daylight,02 - Wet,01 - Traffic signal,01 - Functioning,03 - P.D. only,03 - Rear end,0
17-1128,RIVER RD @ TEWSLEY,367968.59465,5015645.95180,-75.69486193520,45.27793163370,2017-02-02,9:15:00 AM,01 - Clear,01 - Daylight,01 - Dry,01 - Traffic signal,01 - Functioning,03 - P.D. only,03 - Rear end,0
17-1129,ALBERT ST btwn KENT ST & BANK ST,367315.13979,5031378.79748,-75.70120117160,45.41955104860,2017-02-02,9:27:00 AM,01 - Clear,01 - Daylight,02 - Wet,10 - No control,,02 - Non-fatal injury,07 - SMV other,1
17-1130,CUMMINGS AVE @ OGILVIE RD,372748.72020,5032171.13215,-75.63167099880,45.42617349010,2017-01-30,7:00:00 PM,01 - Clear,07 - Dark,01 - Dry,01 - Traffic signal,01 - Functioning,03 - P.D. only,03 - Rear end,0
17-1131,HUNT CLUB RD @ RIVERSIDE DR,368036.70300,5021946.04495,-75.69319012930,45.33461279760,2017-02-02,11:46:00 AM,01 - Clear,01 - Daylight,01 - Dry,01 - Traffic signal,00 - Unknown,03 - P.D. only,03 - Rear end,0
17-1132,EAGLESON RD @ FALLOWFIELD RD,355961.08765,5012595.49860,-75.84821101160,45.25145928880,2017-02-02,12:50:00 PM,01 - Clear,01 - Daylight,02 - Wet,01 - Traffic signal,01 - Functioning,02 - Non-fatal injury,02 - Angle,0
17-1133,NELSON ST btwn SOMERSET ST E & TEMPLETON ST,369110.47151,5031736.75855,-75.67821660100,45.42260912750,2017-01-31,12:00:00 AM,01 - Clear,00 - Unknown,01 - Dry,10 - No control,,03 - P.D. only,06 - SMV unattended vehicle,0
17-1134,MEADOWLANDS DR @ MERIVALE RD,364858.69990,5023726.05685,-75.73351705830,45.35090833270,2017-02-02,12:56:00 PM,01 - Clear,01 - Daylight,01 - Dry,01 - Traffic signal,01 - Functioning,03 - P.D. only,04 - Sideswipe,0
17-1135,ST. JOSEPH BLVD btwn JEANNE D'ARC BLVD S & NOTRE DAME ST,379902.43635,5036499.39187,-75.53960403570,45.46438445570,2017-02-02,1:30:00 PM,01 - Clear,01 - Daylight,02 - Wet,10 - No control,,02 - Non-fatal injury,03 - Rear end,0
17-1136,MONTREAL RD btwn LAJOIE ST & L'ALLEMAND ST,370553.71550,5033337.92270,-75.65956246540,45.43688155880,2017-02-02,1:52:00 PM,01 - Clear,01 - Daylight,01 - Dry,10 - No control,,03 - P.D. only,04 - Sideswipe,0
17-1137,LYON ST @ WELLINGTON ST,366936.50557,5031429.86970,-75.70603233090,45.42004431090,2017-02-02,2:36:00 PM,01 - Clear,01 - Daylight,01 - Dry,01 - Traffic signal,01 - Functioning,03 - P.D. only,04 - Sideswipe,0
17-1138,ALBION RD @ MITCH OWENS RD,375906.21136,5014805.26321,-75.59382258390,45.26960944090,2017-01-29,10:15:00 PM,03 - Snow,07 - Dark,03 - Loose snow,01 - Traffic signal,00 - Unknown,03 - P.D. only,07 - SMV other,0
17-1139,ST. LAURENT BLVD @ WALKLEY RD,373901.65720,5028047.40155,-75.61751713120,45.38895722700,2017-02-02,3:18:00 PM,01 - Clear,01 - Daylight,01 - Dry,01 - Traffic signal,01 - Functioning,02 - Non-fatal injury,03 - Rear end,0
17-1140,CLEMOW AVE @ BRONSON AVE,367420.16746,5029397.82937,-75.70011094270,45.40171750360,2017-02-02,3:57:00 PM,01 - Clear,01 - Daylight,01 - Dry,02 - Stop sign,01 - Functioning,03 - P.D. only,02 - Angle,0
17-1141,KING EDWARD AVE SB btwn GUIGUES AVE & ST. PATRICK ST,368222.72313,5032866.75788,-75.68941391540,45.43285751060,2017-02-02,4:08:00 PM,01 - Clear,01 - Daylight,02 - Wet,10 - No control,,03 - P.D. only,04 - Sideswipe,0
17-1142,COLONNADE RD @ PRINCE OF WALES DR,367394.16515,5023267.06255,-75.70122005870,45.34655667630,2017-02-02,4:18:00 PM,01 - Clear,01 - Daylight,01 - Dry,01 - Traffic signal,01 - Functioning,03 - P.D. only,03 - Rear end,0
17-1143,KNOXDALE RD @ WEST HUNT CLUB RD,361863.14296,5020585.83395,-75.77210597460,45.32290285790,2017-02-02,4:51:00 PM,01 - Clear,01 - Daylight,02 - Wet,01 - Traffic signal,01 - Functioning,03 - P.D. only,05 - Turning movement,0
17-1144,BANK ST @ HERON RD,369996.47047,5026850.79173,-75.66754204530,45.37856494360,2017-02-02,4:57:00 PM,01 - Clear,01 - Daylight,02 - Wet,01 - Traffic signal,01 - Functioning,03 - P.D. only,03 - Rear end,0
17-1145,BLAIR RD @ OGILVIE RD,374507.98352,5033198.66782,-75.60904629550,45.43524558480,2017-02-02,5:08:00 PM,01 - Clear,05 - Dusk,01 - Dry,01 - Traffic signal,01 - Functioning,03 - P.D. only,03 - Rear end,0
17-1146,COOPER ST @ ELGIN ST,368118.62110,5031271.58890,-75.69094934010,45.41851416570,2017-02-02,5:47:00 PM,01 - Clear,05 - Dusk,02 - Wet,01 - Traffic signal,01 - Functioning,03 - P.D. only,02 - Angle,0
17-1147,BANK ST btwn ARENA PL & WHITE ALDER AVE,375668.44189,5020883.23150,-75.59598373030,45.32432078370,2017-02-02,6:03:00 PM,01 - Clear,07 - Dark,01 - Dry,10 - No control,,03 - P.D. only,02 - Angle,0
17-1148,SELKIRK ST btwn NORTH RIVER RD & DUNDAS ST,369860.37944,5032768.00694,-75.66849877800,45.43181854770,2017-02-02,6:22:00 PM,01 - Clear,07 - Dark,01 - Dry,10 - No control,,03 - P.D. only,02 - Angle,0
17-1149,INDUSTRIAL AVE/INNES RD @ ST. LAURENT BLVD,373099.72740,5030006.11315,-75.62748600180,45.40665949840,2017-02-02,6:48:00 PM,01 - Clear,07 - Dark,01 - Dry,01 - Traffic signal,01 - Functioning,03 - P.D. only,03 - Rear end,0
17-1150,OTTENBRITE CRES btwn KEYROCK DR & KEYROCK DR,349251.52610,5020380.73240,-75.93298837380,45.32196921650,2017-01-30,11:00:00 PM,01 - Clear,07 - Dark,03 - Loose snow,10 - No control,,03 - P.D. only,06 - SMV unattended vehicle,0
17-1151,VIEWMOUNT DR @ MERIVALE RD,365193.69710,5022949.72997,-75.72933693340,45.34389428210,2017-02-02,9:29:00 PM,01 - Clear,07 - Dark,02 - Wet,01 - Traffic signal,00 - Unknown,03 - P.D. only,05 - Turning movement,0
17-1152,REGIONAL ROAD 174 btwn CAMERON ST & WEST ST,389869.26276,5042619.00034,-75.41111136290,45.51829887540,2017-02-02,10:33:00 PM,03 - Snow,07 - Dark,02 - Wet,10 - No control,,03 - P.D. only,07 - SMV other,0