COLLISION_ID,LOCATION,X,Y,LONGITUDE,LATITUDE,DATE,TIME,ENVIRONMENT,LIGHT,SURFACE_CONDITION,TRAFFIC_CONTROL,TRAFFIC_CONTROL_CONDITION,COLLISION_CLASSIFICATION,IMPACT_TYPE,NO_OF_PEDESTRIANS
17-1153,ROGER STEVENS DR btwn MONTAGUE BOUNDARY RD & MCKENNA RD,352348.68648,4987564.15249,-75.89661052950,45.02646796910,2017-02-03,3:38:00 AM,03 - Snow,07 - Dark,05 - Packed snow,10 - No control,,03 - P.D. only,07 - SMV other,0
17-1154,ROBERTSON RD btwn HAANEL DR & MILL HILL RD,355034.80346,5019228.92603,-75.85933962410,45.31121504830,2017-02-03,3:47:00 AM,01 - Clear,07 - Dark,01 - Dry,10 - No control,,03 - P.D. only,07 - SMV other,0
17-1155,ALBION RD @ MITCH OWENS RD,375906.21136,5014805.26321,-75.59382258390,45.26960944090,2017-02-03,6:33:00 AM,01 - Clear,03 - Dawn,01 - Dry,01 - Traffic signal,01 - Functioning,03 - P.D. only,05 - Turning movement,0
17-1156,VANIER PKWY NB btwn DESCHAMPS AVE & MONTREAL RD,370002.21800,5033139.36259,-75.66663703010,45.43514664300,2017-02-03,7:07:00 AM,01 - Clear,03 - Dawn,01 - Dry,10 - No control,,03 - P.D. only,03 - Rear end,0
17-1157,ST. PATRICK ST WB btwn FORSEY ST & ISLAND LODGE RD,368708.45520,5033244.82677,-75.68315747970,45.43621501060,2017-02-03,8:47:00 AM,01 - Clear,01 - Daylight,01 - Dry,10 - No control,,03 - P.D. only,03 - Rear end,0
17-1158,NORICE ST @ WOODROFFE AVE,363195.77690,5022398.03865,-75.75489461700,45.33909937470,2017-02-03,8:53:00 AM,01 - Clear,01 - Daylight,02 - Wet,01 - Traffic signal,01 - Functioning,03 - P.D. only,03 - Rear end,0
17-1159,CRESTWAY DR @ PRINCE OF WALES DR,367370.38760,5016577.34843,-75.70236842260,45.28636574530,2017-02-03,9:01:00 AM,01 - Clear,01 - Daylight,01 - Dry,01 - Traffic signal,01 - Functioning,02 - Non-fatal injury,02 - Angle,0
17-1160,SAUNDERSON DR @ SMYTH RD,372793.73130,5029324.36491,-75.63148858380,45.40055522430,2017-02-03,8:55:00 AM,01 - Clear,01 - Daylight,01 - Dry,01 - Traffic signal,01 - Functioning,03 - P.D. only,05 - Turning movement,0
17-1161,HENDERSON AVE btwn LAURIER AVE E & OSGOODE ST,368912.13634,5031909.07032,-75.68072831580,45.42417773020,2017-02-03,9:05:00 AM,01 - Clear,01 - Daylight,01 - Dry,10 - No control,,03 - P.D. only,06 - SMV unattended vehicle,0
17-1162,GREEN VALLEY CRES btwn PRINCE OF WALES DR & END,367124.78019,5026646.23736,-75.70423126320,45.37698575280,2017-02-03,9:47:00 AM,01 - Clear,01 - Daylight,01 - Dry,10 - No control,,03 - P.D. only,04 - Sideswipe,0
17-1163,PLEASANT PARK RD @ ALTA VISTA DR,370365.17665,5028468.09465,-75.66261990770,45.39308246880,2017-02-03,9:58:00 AM,01 - Clear,01 - Daylight,01 - Dry,01 - Traffic signal,01 - Functioning,02 - Non-fatal injury,02 - Angle,0
17-1164,ST. LAURENT BLVD @ TREMBLAY RD,372596.26035,5031241.57600,-75.63374700760,45.41782457560,2017-02-03,9:57:00 AM,01 - Clear,01 - Daylight,01 - Dry,01 - Traffic signal,01 - Functioning,03 - P.D. only,03 - Rear end,0
17-1165,MERIVALE RD @ WOODFIELD DR/ROYDON PL,365464.01812,5022297.80926,-75.72596771280,45.33800506250,2017-02-03,9:30:00 AM,01 - Clear,01 - Daylight,01 - Dry,01 - Traffic signal,01 - Functioning,03 - P.D. only,03 - Rear end,0
17-1166,MARKETPLACE AVE btwn RIOCAN AVE & Continuation of MARKETPLACE AVE,364353.83361,5014801.10272,-75.74103233310,45.27064516250,2017-02-03,10:55:00 AM,01 - Clear,01 - Daylight,01 - Dry,10 - No control,,03 - P.D. only,02 - Angle,0
17-1167,BASELINE RD @ ZENA ST,365628.69700,5025688.52990,-75.72344955660,45.36849996540,2017-02-03,1:30:00 AM,01 - Clear,07 - Dark,01 - Dry,02 - Stop sign,00 - Unknown,03 - P.D. only,03 - Rear end,0
17-1168,KANATA AVE btwn EARL GREY DR & MARITIME WAY,351401.34325,5019331.94903,-75.90566600230,45.31239259020,2017-02-03,11:20:00 AM,01 - Clear,01 - Daylight,01 - Dry,10 - No control,,03 - P.D. only,03 - Rear end,0
17-1169,CARLING AVE @ PINECREST  RD/GREENVIEW AVE,360006.67570,5024631.98155,-75.79533362850,45.35945857080,2017-02-02,3:30:00 PM,01 - Clear,01 - Daylight,02 - Wet,01 - Traffic signal,01 - Functioning,03 - P.D. only,03 - Rear end,0
17-1170,HURON AVE @ SPENCER ST,364756.89178,5029338.61670,-75.73413480900,45.40141788350,2017-02-03,12:19:00 PM,01 - Clear,01 - Daylight,02 - Wet,02 - Stop sign,01 - Functioning,03 - P.D. only,02 - Angle,0
17-1171,PALISADE ST btwn CONDIE ST & CENTREPOINTE DR,362143.32064,5022271.11007,-75.76833711290,45.33804408800,2017-02-03,12:36:00 PM,01 - Clear,01 - Daylight,01 - Dry,10 - No control,,03 - P.D. only,06 - SMV unattended vehicle,0
17-1172,DALHOUSIE ST @ ST. PATRICK ST,367959.22911,5032641.60010,-75.69281009440,45.43085546740,2017-02-03,12:38:00 PM,01 - Clear,01 - Daylight,01 - Dry,01 - Traffic signal,01 - Functioning,03 - P.D. only,04 - Sideswipe,0
17-1173,PINETRAIL CRES btwn ROCKCRESS GDN & ROCKCRESS GDN,362911.09286,5022408.13722,-75.75852557180,45.33921387810,2017-02-03,1:07:00 PM,01 - Clear,01 - Daylight,05 - Packed snow,10 - No control,,03 - P.D. only,06 - SMV unattended vehicle,0
17-1174,ST. LAURENT BLVD @ ST. LAURENT BLVD SERVICE,373495.51069,5029150.07878,-75.62254979790,45.39891856990,2017-02-03,1:08:00 PM,01 - Clear,01 - Daylight,01 - Dry,01 - Traffic signal,01 - Functioning,03 - P.D. only,02 - Angle,0
17-1175,BARNSDALE RD @ PRINCE OF WALES DR,366645.19526,5011533.53890,-75.71224005770,45.24104595140,2017-02-03,1:31:00 PM,01 - Clear,01 - Daylight,01 - Dry,02 - Stop sign,01 - Functioning,02 - Non-fatal injury,02 - Angle,0
17-1176,DALY AVE @ NICHOLAS ST,368226.59401,5032047.60418,-75.68946995070,45.42548670520,2017-02-03,1:52:00 PM,01 - Clear,01 - Daylight,01 - Dry,01 - Traffic signal,00 - Unknown,03 - P.D. only,04 - Sideswipe,0
17-1177,PRINCE OF WALES DR btwn DYNES RD & 187 N OF MEADOWLANDS DR,367243.34368,5025880.38470,-75.70281440630,45.37008423560,2017-02-03,1:54:00 PM,01 - Clear,01 - Daylight,01 - Dry,10 - No control,,03 - P.D. only,05 - Turning movement,0
17-1178,BRAEBURN PL btwn AUTUMN HILL CRES & ORIENT PARK DR,378966.72729,5033326.02632,-75.55204649440,45.43593277070,2017-02-01,6:45:00 PM,01 - Clear,07 - Dark,04 - Slush,10 - No control,,03 - P.D. only,06 - SMV unattended vehicle,0
17-1179,ALBERT ST @ BOOTH ST,366429.44367,5030627.69230,-75.71261116950,45.41287139740,2017-02-03,3:41:00 PM,01 - Clear,01 - Daylight,01 - Dry,01 - Traffic signal,01 - Functioning,03 - P.D. only,03 - Rear end,0
17-1180,PARKIN CIRC btwn MAASS GT & STEDMAN ST,372544.49911,5022916.37658,-75.63555060900,45.34292279890,2017-02-03,3:58:00 PM,01 - Clear,01 - Daylight,01 - Dry,10 - No control,,03 - P.D. only,06 - SMV unattended vehicle,0
17-1181,RENAUD RD @ MER BLEUE RD,383449.85508,5033734.26533,-75.49468930630,45.43911587850,2017-02-03,4:33:00 PM,01 - Clear,01 - Daylight,01 - Dry,02 - Stop sign,01 - Functioning,03 - P.D. only,02 - Angle,0
17-1182,JOHNSTON RD @ TAPIOLA CRES E,372255.47887,5025674.14337,-75.63886192700,45.36776406090,2017-02-03,4:50:00 PM,01 - Clear,01 - Daylight,01 - Dry,02 - Stop sign,01 - Functioning,03 - P.D. only,03 - Rear end,0
17-1183,CARLING AVE @ KIRKWOOD AVE S,364351.70050,5027338.09555,-75.73955155090,45.38345215750,2017-02-03,5:12:00 PM,01 - Clear,01 - Daylight,01 - Dry,01 - Traffic signal,01 - Functioning,03 - P.D. only,03 - Rear end,0
17-1184,JOCKVALE RD @ STRANDHERD DR,363559.93776,5014577.29446,-75.75117553120,45.26869811160,2017-02-03,5:30:00 PM,01 - Clear,07 - Dark,01 - Dry,01 - Traffic signal,01 - Functioning,03 - P.D. only,05 - Turning movement,0
17-1185,RICHMOND RD @ ROBERTSON RD,357577.29541,5020749.81486,-75.82675456560,45.32471368570,2017-02-03,6:09:00 PM,01 - Clear,07 - Dark,01 - Dry,01 - Traffic signal,01 - Functioning,02 - Non-fatal injury,03 - Rear end,0
17-1186,CARRUTHERS AVE @ SCOTT ST,365152.78150,5029849.80090,-75.72901576850,45.40598338450,2017-02-03,6:42:00 PM,01 - Clear,07 - Dark,01 - Dry,01 - Traffic signal,01 - Functioning,03 - P.D. only,04 - Sideswipe,0
17-1187,BANK ST @ HOPEWELL AVE,368769.25475,5028503.00525,-75.68299593950,45.39354418770,2017-02-03,6:44:00 PM,01 - Clear,07 - Dark,01 - Dry,02 - Stop sign,00 - Unknown,02 - Non-fatal injury,01 - Approaching,0
17-1188,MITCH OWENS RD btwn TURN LANE & SALE BARN RD,378610.57761,5016494.95370,-75.55911148980,45.28453392960,2017-02-03,6:48:00 PM,01 - Clear,07 - Dark,01 - Dry,10 - No control,,03 - P.D. only,07 - SMV other,0
17-1189,HAWTHORNE RD @ HUNT CLUB RD,375508.29635,5026407.07565,-75.59723653920,45.37403803040,2017-02-03,5:15:00 PM,01 - Clear,05 - Dusk,01 - Dry,01 - Traffic signal,01 - Functioning,03 - P.D. only,03 - Rear end,0
17-1190,ST. LAURENT BLVD @ WALKLEY RD,373904.25104,5028047.23033,-75.61748403420,45.38895542980,2017-02-03,7:06:00 PM,01 - Clear,07 - Dark,01 - Dry,01 - Traffic signal,01 - Functioning,03 - P.D. only,03 - Rear end,0
17-1191,ELGIN ST @ SOMERSET ST,368164.16586,5031198.30053,-75.69037687640,45.41785061800,2017-02-03,7:45:00 PM,01 - Clear,07 - Dark,01 - Dry,01 - Traffic signal,01 - Functioning,03 - P.D. only,04 - Sideswipe,0
17-1192,BELCOURT BLVD @ NOTRE DAME ST,381315.20326,5037215.31143,-75.52142900580,45.47067239040,2017-02-03,8:10:00 PM,01 - Clear,07 - Dark,01 - Dry,02 - Stop sign,01 - Functioning,02 - Non-fatal injury,02 - Angle,0
17-1193,RIDDELL DR btwn MARCH VALLEY RD & SIXTH LINE RD,350083.71945,5029001.57562,-75.92158378670,45.39948807090,2017-02-03,8:23:00 PM,01 - Clear,07 - Dark,01 - Dry,10 - No control,,03 - P.D. only,07 - SMV other,0
17-1194,YORK ST WB btwn BYWARD MARKE SQ & SUSSEX DR,367882.11076,5032311.68931,-75.69383784690,45.42789400430,2017-02-03,8:47:00 PM,01 - Clear,07 - Dark,01 - Dry,10 - No control,,03 - P.D. only,02 - Angle,0
17-1195,EAGLESON RD @ 146 N OF ABBEYHILL DR/HAZELDEAN,353773.29150,5018172.05500,-75.87553154290,45.30179421290,2017-02-03,8:57:00 PM,01 - Clear,07 - Dark,01 - Dry,01 - Traffic signal,01 - Functioning,02 - Non-fatal injury,05 - Turning movement,0
17-1196,BLACKBURN BYPASS @ INNES RD E,379792.29064,5033782.92175,-75.54142652200,45.43995553150,2017-02-03,9:31:00 PM,01 - Clear,07 - Dark,02 - Wet,01 - Traffic signal,01 - Functioning,02 - Non-fatal injury,05 - Turning movement,0
17-1197,BRONSON AVE @ GLADSTONE AVE,367134.79460,5030081.56400,-75.70366941030,45.40789502100,2017-02-03,11:30:00 PM,01 - Clear,07 - Dark,01 - Dry,01 - Traffic signal,01 - Functioning,03 - P.D. only,02 - Angle,0
17-1198,MEADOWGLEN DR @ ORLEANS BLVD,380345.75200,5034573.83907,-75.53423160330,45.44701202300,2017-02-04,12:13:00 AM,01 - Clear,07 - Dark,01 - Dry,01 - Traffic signal,01 - Functioning,03 - P.D. only,05 - Turning movement,0
17-1199,ALBION RD @ CAHILL DR,371726.27745,5024667.97165,-75.64575323320,45.35876161240,2017-02-04,8:50:00 AM,01 - Clear,01 - Daylight,01 - Dry,02 - Stop sign,01 - Functioning,03 - P.D. only,02 - Angle,0
17-1200,MERIVALE RD @ FAMILY BROWN LANE,365004.11718,5023386.17812,-75.73170275400,45.34783768130,2017-02-04,11:27:00 AM,01 - Clear,01 - Daylight,01 - Dry,01 - Traffic signal,00 - Unknown,03 - P.D. only,02 - Angle,0
17-1201,FRANKTOWN RD @ DWYER HILL RD,348405.07055,4998729.80085,-75.94568168880,45.12719753410,2017-02-04,11:33:00 AM,01 - Clear,01 - Daylight,01 - Dry,02 - Stop sign,00 - Unknown,03 - P.D. only,04 - Sideswipe,0
17-1202,ARGYLE AVE btwn ELGIN ST & CARTIER ST,368515.00341,5030647.63766,-75.68596576700,45.41286408110,2017-02-04,12:30:00 AM,01 - Clear,07 - Dark,01 - Dry,10 - No control,,03 - P.D. only,06 - SMV unattended vehicle,0
17-1203,CLEARBROOK DR/MARKETPLACE AVE @ LONGFIELDS DR,364632.43294,5014954.79326,-75.73746359600,45.27200442230,2017-02-04,1:54:00 PM,01 - Clear,01 - Daylight,01 - Dry,01 - Traffic signal,01 - Functioning,03 - P.D. only,05 - Turning movement,0
17-1204,FALLOWFIELD RD btwn MERIVALE RD & WOODROFFE AVE,366799.90932,5018807.31073,-75.70936123800,45.30648127470,2017-02-04,2:20:00 PM,05 - Drifting Snow,01 - Daylight,03 - Loose snow,10 - No control,,03 - P.D. only,01 - Approaching,0
17-1205,ANDERSON RD @ RIDGE RD,379030.09185,5028507.86330,-75.55196239790,45.39257541560,2017-02-04,3:41:00 PM,01 - Clear,01 - Daylight,01 - Dry,02 - Stop sign,01 - Functioning,03 - P.D. only,03 - Rear end,0
17-1206,BRONSON AVE @ FOURTH AVE,367584.94807,5029010.79507,-75.69805556590,45.39822032210,2017-02-04,3:50:00 PM,01 - Clear,01 - Daylight,01 - Dry,02 - Stop sign,00 - Unknown,03 - P.D. only,05 - Turning movement,0
17-1207,PARKDALE AVE @ WELLINGTON ST,365149.15415,5029268.91636,-75.72913319070,45.40075703090,2017-02-04,5:07:00 PM,01 - Clear,01 - Daylight,01 - Dry,01 - Traffic signal,00 - Unknown,03 - P.D. only,04 - Sideswipe,0
17-1208,BILLINGS AVE @ FAIRBANKS AVE,370845.39364,5028667.55750,-75.65646067680,45.39483203430,2017-02-02,7:30:00 AM,01 - Clear,01 - Daylight,01 - Dry,02 - Stop sign,01 - Functioning,03 - P.D. only,03 - Rear end,0
17-1209,GILMOUR ST btwn METCALFE ST & ELGIN ST,368242.76917,5031049.60759,-75.68939178310,45.41650560630,2017-02-03,7:00:00 PM,01 - Clear,07 - Dark,01 - Dry,10 - No control,,03 - P.D. only,06 - SMV unattended vehicle,0
17-1210,BRONSON AVE @ COMMISSIONER ST/SLATER ST,366768.28670,5030948.10072,-75.70824217830,45.41572441600,2017-02-04,5:29:00 PM,01 - Clear,07 - Dark,01 - Dry,01 - Traffic signal,01 - Functioning,03 - P.D. only,05 - Turning movement,0
17-1211,DUNNING RD btwn REGIMBALD RD & GIROUX RD,393296.42284,5035414.49780,-75.36855056010,45.45305558700,2017-02-04,5:42:00 PM,01 - Clear,07 - Dark,06 - Ice,10 - No control,,03 - P.D. only,07 - SMV other,0
17-1212,"DECOEUR, PROMENADE/SOUTHFIELD WAY @ TENTH LINE RD",384551.51700,5034726.57590,-75.48044915820,45.44791900010,2017-02-04,5:56:00 PM,01 - Clear,05 - Dusk,01 - Dry,02 - Stop sign,01 - Functioning,03 - P.D. only,02 - Angle,0
17-1213,TWIN ELM RD btwn CAMBRIAN RD & BARNSDALE RD,359926.86445,5008452.34691,-75.79814997860,45.21387896680,2017-02-04,3:15:00 PM,01 - Clear,01 - Daylight,05 - Packed snow,10 - No control,,03 - P.D. only,07 - SMV other,0
17-1214,BLAIR RD @ REGIONAL RD 174 N/OR174 IC112 RAMP61,374633.85599,5032992.76958,-75.60746689170,45.43338046760,2017-02-04,6:10:00 PM,01 - Clear,07 - Dark,01 - Dry,01 - Traffic signal,01 - Functioning,03 - P.D. only,04 - Sideswipe,0
17-1215,NAVAHO DR @ WOODROFFE AVE/TRANSITWAY N BASELIN,362705.69916,5023493.61521,-75.76101902670,45.34899791800,2017-01-30,7:00:00 AM,01 - Clear,03 - Dawn,02 - Wet,01 - Traffic signal,01 - Functioning,03 - P.D. only,05 - Turning movement,0
17-1216,DONALD B. MUNRO DR btwn CARRYS SIDE RD & GRANTS SIDE RD,330958.54049,5026098.14638,-76.16602095180,45.37433751250,2017-02-04,10:21:00 PM,01 - Clear,07 - Dark,03 - Loose snow,10 - No control,,03 - P.D. only,07 - SMV other,0
17-1217,FALLOWFIELD RD btwn EAGLESON RD & RICHMOND RD,356419.70737,5012775.95251,-75.84234987000,45.25304956330,2017-02-04,11:03:00 PM,01 - Clear,07 - Dark,03 - Loose snow,10 - No control,,02 - Non-fatal injury,07 - SMV other,0
17-1218,YORK ST btwn DALHOUSIE ST & TO BE DETERMINED,368106.75058,5032425.60977,-75.69095269050,45.42889872460,2017-02-05,1:22:00 AM,01 - Clear,07 - Dark,01 - Dry,10 - No control,,03 - P.D. only,04 - Sideswipe,0
17-1219,RUSSELL RD btwn HERBERT DR & FORCED RD,395707.62891,5027735.34828,-75.33914566850,45.38365899200,2017-02-05,6:45:00 AM,03 - Snow,03 - Dawn,03 - Loose snow,10 - No control,,03 - P.D. only,07 - SMV other,0
17-1220,LAURIER AVE @ O'CONNOR ST,367637.70404,5031358.57730,-75.69708253240,45.41934021690,2017-02-05,8:55:00 AM,03 - Snow,01 - Daylight,04 - Slush,01 - Traffic signal,01 - Functioning,02 - Non-fatal injury,02 - Angle,0
17-1221,STONEHENGE CRES btwn SAXONY CRES & SAXONY CRES,375060.15087,5031362.40319,-75.60225173630,45.41866863410,2017-02-05,9:19:00 AM,03 - Snow,01 - Daylight,03 - Loose snow,10 - No control,,03 - P.D. only,01 - Approaching,0
17-1222,DUNROBIN RD btwn WAYBURN AVE & RIDDELL DR,347107.37802,5026393.75388,-75.95982287180,45.37620852650,2017-02-05,10:09:00 AM,03 - Snow,01 - Daylight,03 - Loose snow,10 - No control,,03 - P.D. only,03 - Rear end,0
17-1223,ROSETTA AVE btwn CORONET AVE & AMBIANCE DR,366914.77945,5016701.62880,-75.70816028190,45.28752442050,2017-02-05,11:00:00 AM,01 - Clear,01 - Daylight,05 - Packed snow,10 - No control,,03 - P.D. only,06 - SMV unattended vehicle,0
17-1224,EAGLESON RD @ PALOMINO DR N,354009.62810,5017578.80365,-75.87257702650,45.29643949590,2017-02-05,11:20:00 AM,03 - Snow,01 - Daylight,03 - Loose snow,01 - Traffic signal,00 - Unknown,03 - P.D. only,07 - SMV other,0
17-1225,GREGOIRE RD btwn VICTORIA ST & RAY WILSON RD,391575.33911,5012997.53123,-75.39448493770,45.25158630630,2017-02-05,11:24:00 AM,01 - Clear,01 - Daylight,03 - Loose snow,10 - No control,,03 - P.D. only,07 - SMV other,0
17-1226,FAUBERT ST @ REGIONAL RD 174,390281.77600,5042683.69630,-75.40582086870,45.51883047920,2017-02-05,11:27:00 AM,03 - Snow,01 - Daylight,02 - Wet,02 - Stop sign,01 - Functioning,02 - Non-fatal injury,03 - Rear end,0
17-1227,DECARIE DR btwn CHATEAU CRES & JEANNE D'ARC BLVD N,380846.51156,5038581.56451,-75.52721083760,45.48301599710,2017-02-05,11:43:00 AM,03 - Snow,01 - Daylight,03 - Loose snow,10 - No control,,03 - P.D. only,01 - Approaching,0
17-1228,BEATRICE DR @ STRANDHERD DR,365527.37700,5015321.75327,-75.72601410520,45.27522960320,2017-02-05,11:45:00 AM,01 - Clear,01 - Daylight,02 - Wet,01 - Traffic signal,01 - Functioning,02 - Non-fatal injury,05 - Turning movement,0
17-1229,D'ERABLE PL btwn DU BOIS AVE & END,381259.35021,5038212.28733,-75.52198805720,45.47964846050,2017-02-01,9:00:00 PM,01 - Clear,07 - Dark,01 - Dry,10 - No control,,03 - P.D. only,06 - SMV unattended vehicle,0
17-1230,HAWTHORNE RD/RUSSELL RD @ WALKLEY RD,374675.18408,5028503.58508,-75.60757518090,45.39298499890,2017-02-05,3:29:00 PM,05 - Drifting Snow,01 - Daylight,05 - Packed snow,01 - Traffic signal,01 - Functioning,03 - P.D. only,03 - Rear end,0
17-1231,MONTREAL RD @ GRANVILLE ST/LAFONTAINE AVE,370827.46387,5033474.21637,-75.65604562290,45.43808207230,2017-02-05,1:31:00 PM,01 - Clear,01 - Daylight,02 - Wet,01 - Traffic signal,01 - Functioning,02 - Non-fatal injury,07 - SMV other,1
17-1232,FISHER AVE @ VIEWMOUNT DR,366919.79478,5024209.23573,-75.70715467460,45.35507634220,2017-02-05,1:30:00 PM,03 - Snow,01 - Daylight,03 - Loose snow,01 - Traffic signal,01 - Functioning,03 - P.D. only,02 - Angle,0
17-1233,CARLING AVE @ MAITLAND AVE/SHERBOURNE RD,362942.69790,5026488.52710,-75.75764238900,45.37592621770,2017-02-05,1:46:00 PM,03 - Snow,01 - Daylight,03 - Loose snow,01 - Traffic signal,00 - Unknown,03 - P.D. only,03 - Rear end,0
17-1234,BANFF AVE @ WALKLEY RD,370503.72570,5026043.90943,-75.66117322440,45.37125749960,2017-02-05,3:11:00 PM,01 - Clear,01 - Daylight,02 - Wet,01 - Traffic signal,01 - Functioning,03 - P.D. only,03 - Rear end,0
17-1235,BANNON WAY @ QUEENSDALE AVE,373051.61637,5023278.73935,-75.62903032140,45.34613405260,2017-02-05,3:40:00 PM,01 - Clear,01 - Daylight,02 - Wet,10 - No control,,03 - P.D. only,99 - Other,0
17-1236,BOYER RD @ ORLEANS BLVD,380978.49687,5035508.94323,-75.52599901880,45.45535667740,2017-02-05,5:29:00 PM,01 - Clear,05 - Dusk,01 - Dry,02 - Stop sign,01 - Functioning,03 - P.D. only,02 - Angle,0
17-1237,WESTVALLEY PRIV btwn SOUTHCREST PRIV & GLENHAVEN PRIV (2),370125.88970,5026006.22288,-75.66600145240,45.37095373030,2017-02-05,6:00:00 PM,03 - Snow,07 - Dark,02 - Wet,10 - No control,,03 - P.D. only,06 - SMV unattended vehicle,0
17-1238,SUNNYSIDE AVE btwn CARRAWAY PRIV & SENECA ST,368216.10696,5028268.69909,-75.69009004750,45.39148628160,2017-02-05,7:37:00 PM,03 - Snow,07 - Dark,02 - Wet,10 - No control,,03 - P.D. only,06 - SMV unattended vehicle,0
17-1239,DALY AVE @ WALLER ST,368340.09452,5032120.17763,-75.68801030920,45.42612939410,2017-02-05,7:55:00 PM,06 - Strong wind,07 - Dark,02 - Wet,01 - Traffic signal,01 - Functioning,03 - P.D. only,07 - SMV other,0
17-1240,RICHMOND RD btwn JOHN SUTHERLAND DR & HOLLY ACRES RD,359018.02033,5022656.29518,-75.80816866480,45.34175847100,2017-02-05,8:56:00 PM,03 - Snow,07 - Dark,04 - Slush,10 - No control,,03 - P.D. only,99 - Other,0
17-1241,BYRON AVE btwn ALLISON AVE & ANCASTER AVE,361461.37686,5026421.04679,-75.77656188930,45.37544038960,2017-02-05,9:14:00 PM,01 - Clear,07 - Dark,03 - Loose snow,10 - No control,,03 - P.D. only,06 - SMV unattended vehicle,0
17-1242,ROCKDALE RD btwn HWY417 IC88 RAMP61 & HIGHWAY LANE,395369.41479,5022782.63895,-75.34437124070,45.33914416850,2017-02-05,9:50:00 PM,05 - Drifting Snow,07 - Dark,05 - Packed snow,10 - No control,,03 - P.D. only,07 - SMV other,0
17-1243,GREENBANK RD @ PRINCE OF WALES DR,366201.69120,5009544.50690,-75.71813415970,45.22318742560,2017-02-05,10:08:00 PM,03 - Snow,07 - Dark,05 - Packed snow,02 - Stop sign,00 - Unknown,03 - P.D. only,02 - Angle,0
17-1244,PRINCE OF WALES DR btwn FALLOWFIELD RD & AMBERWOOD CRES,367367.97912,5019461.27202,-75.70203520220,45.31231515480,2017-02-05,10:13:00 PM,05 - Drifting Snow,07 - Dark,06 - Ice,10 - No control,,03 - P.D. only,06 - SMV unattended vehicle,0
17-1245,COLONIAL RD btwn LAFLEUR RD & BIRCHGROVE RD,396638.19982,5034724.77183,-75.32596270810,45.44641921730,2017-02-05,10:20:00 PM,03 - Snow,07 - Dark,05 - Packed snow,10 - No control,,03 - P.D. only,07 - SMV other,0
17-1246,TIMM DR btwn HAANEL DR & MOODIE DR,355136.63190,5020005.18539,-75.85796218530,45.31819266490,2017-02-05,10:30:00 PM,05 - Drifting Snow,07 - Dark,03 - Loose snow,10 - No control,,03 - P.D. only,07 - SMV other,0
17-1247,TRIM RD @ WALL RD,387627.78336,5034669.52700,-75.44113811800,45.44704796160,2017-02-05,10:54:00 PM,05 - Drifting Snow,07 - Dark,06 - Ice,02 - Stop sign,01 - Functioning,03 - P.D. only,07 - SMV other,0
17-1248,PAUL ANKA DR @ UPLANDS DR,369456.22246,5023575.14067,-75.67486804800,45.34914163260,2017-02-05,11:45:00 PM,01 - Clear,07 - Dark,04 - Slush,02 - Stop sign,01 - Functioning,03 - P.D. only,07 - SMV other,0
17-1249,VALLEY STREAM DR btwn SHADOW CRT & SANDCASTLE DR,359657.73392,5021691.31171,-75.80011339580,45.33302579720,2017-02-06,12:00:00 AM,03 - Snow,07 - Dark,03 - Loose snow,10 - No control,,03 - P.D. only,06 - SMV unattended vehicle,0
17-1250,BELVAL CRES btwn BELCOURT BLVD & BELCOURT BLVD,381826.04127,5036218.82300,-75.51505290860,45.46165067530,2017-02-03,6:30:00 PM,01 - Clear,07 - Dark,06 - Ice,10 - No control,,03 - P.D. only,06 - SMV unattended vehicle,0
17-1251,RIVERSIDE DR @ 175 S OF HUNT CLUB  RD/RUNWAY C,368028.16555,5021766.30000,-75.69332200610,45.33299625650,2017-02-06,7:42:00 AM,01 - Clear,01 - Daylight,01 - Dry,01 - Traffic signal,01 - Functioning,03 - P.D. only,03 - Rear end,0
17-1252,BAYCREST DR btwn CEDARWOOD DR & SANDALWOOD DR,371311.54338,5026737.41794,-75.65076770840,45.37742124020,2017-02-06,9:11:00 AM,01 - Clear,01 - Daylight,02 - Wet,10 - No control,,03 - P.D. only,05 - Turning movement,0
17-1253,BROADWAY AVE btwn TORRINGTON PL & CRAIG ST,367995.64781,5028713.19179,-75.69284839650,45.39550562640,2017-02-05,9:22:00 AM,01 - Clear,01 - Daylight,03 - Loose snow,10 - No control,,03 - P.D. only,06 - SMV unattended vehicle,0
17-1254,MARCH RD @ RICHARDSON SIDE RD,351416.14529,5021780.53193,-75.90524673130,45.33442451760,2017-02-06,8:30:00 AM,01 - Clear,01 - Daylight,06 - Ice,01 - Traffic signal,01 - Functioning,03 - P.D. only,03 - Rear end,0
17-1255,CONROY RD @ ST. LAURENT BLVD,373069.63305,5027158.63300,-75.62826441690,45.38104206220,2017-02-05,9:15:00 PM,03 - Snow,07 - Dark,03 - Loose snow,01 - Traffic signal,01 - Functioning,03 - P.D. only,04 - Sideswipe,0
17-1256,SHEFFIELD RD btwn INNES PARK WAY & BANTREE ST,374197.46854,5030479.93396,-75.61339757720,45.41081472520,2017-02-06,10:43:00 AM,01 - Clear,01 - Daylight,01 - Dry,10 - No control,,03 - P.D. only,05 - Turning movement,0