COLLISION_ID,LOCATION,X,Y,LONGITUDE,LATITUDE,DATE,TIME,ENVIRONMENT,LIGHT,SURFACE_CONDITION,TRAFFIC_CONTROL,TRAFFIC_CONTROL_CONDITION,COLLISION_CLASSIFICATION,IMPACT_TYPE,NO_OF_PEDESTRIANS
17-1257,RIDDELL AVE   N btwn LENESTER AVE & END,362998.74853,5026076.44266,-75.75697536300,45.37221367990,2017-02-05,10:46:00 AM,01 - Clear,01 - Daylight,03 - Loose snow,10 - No control,,03 - P.D. only,07 - SMV other,0
17-1258,DES EPINETTES AVE @ JEANNE D'ARC BLVD,382227.29455,5035958.57140,-75.50996375770,45.45926479700,2017-02-06,11:11:00 AM,01 - Clear,01 - Daylight,01 - Dry,01 - Traffic signal,01 - Functioning,03 - P.D. only,03 - Rear end,0
17-1259,COLONNADE RD @ MERIVALE RD,365362.94453,5022544.87163,-75.72722698570,45.34023682890,2017-02-06,11:09:00 AM,01 - Clear,01 - Daylight,02 - Wet,01 - Traffic signal,01 - Functioning,03 - P.D. only,03 - Rear end,0
17-1260,FIFTH LINE RD btwn GREENLAND RD & BERRY SIDE RD,346730.73311,5030802.77406,-75.96425686810,45.41590443860,2017-02-04,9:30:00 PM,01 - Clear,07 - Dark,05 - Packed snow,10 - No control,,03 - P.D. only,07 - SMV other,0
17-1261,BASELINE RD @ MERIVALE RD,365054.14995,5025326.60780,-75.73082780190,45.36529308030,2017-02-06,11:19:00 AM,01 - Clear,01 - Daylight,01 - Dry,01 - Traffic signal,01 - Functioning,03 - P.D. only,03 - Rear end,0
17-1262,HWY 417 WOODROFF IC127R62 @ WOODROFFE AVE,362050.86232,5025018.34224,-75.76919866020,45.36277106530,2017-02-06,1:08:00 PM,01 - Clear,01 - Daylight,01 - Dry,03 - Yield sign,00 - Unknown,03 - P.D. only,07 - SMV other,0
17-1263,CARLING AVE @ RICHMOND RD,360246.68234,5024782.18120,-75.79225353220,45.36079112190,2017-02-06,1:53:00 PM,01 - Clear,01 - Daylight,02 - Wet,01 - Traffic signal,01 - Functioning,03 - P.D. only,99 - Other,0
17-1264,ST. JOSEPH BLVD @ JEANNE D'ARC BLVD,379860.74250,5036471.03445,-75.54014146440,45.46413379910,2017-02-06,2:25:00 PM,01 - Clear,01 - Daylight,02 - Wet,11 - Roundabout,01 - Functioning,03 - P.D. only,04 - Sideswipe,0
17-1265,EAGLESON RD @ HOPE SIDE RD/TERRY FOX DR,355188.15290,5014617.09780,-75.85785249640,45.26970590880,2017-02-06,2:31:00 PM,01 - Clear,01 - Daylight,01 - Dry,01 - Traffic signal,01 - Functioning,03 - P.D. only,03 - Rear end,0
17-1266,STRANDHERD DR @ MADRID AVE,363045.36110,5014097.60940,-75.75778888780,45.26442468620,2017-02-05,4:00:00 PM,03 - Snow,01 - Daylight,03 - Loose snow,,01 - Functioning,03 - P.D. only,03 - Rear end,0
17-1267,CARLING AVE @ IRVING PL/MAPLE DR,366186.67763,5028527.55210,-75.71597393580,45.39399621190,2017-02-06,3:18:00 PM,03 - Snow,01 - Daylight,03 - Loose snow,01 - Traffic signal,01 - Functioning,03 - P.D. only,03 - Rear end,0
17-1268,RIDDELL DR btwn MARCH VALLEY RD & SIXTH LINE RD,349803.66989,5028748.61734,-75.92518380330,45.39722997410,2017-02-06,3:33:00 PM,03 - Snow,01 - Daylight,03 - Loose snow,10 - No control,,03 - P.D. only,07 - SMV other,0
17-1269,CUMMINGS AVE @ MONTREAL RD,372007.70770,5034038.94686,-75.64088447640,45.44305079200,2017-02-06,3:36:00 PM,01 - Clear,01 - Daylight,05 - Packed snow,01 - Traffic signal,01 - Functioning,03 - P.D. only,03 - Rear end,0
17-1270,STIRLING AVE btwn LADOUCEUR ST & ARMSTRONG ST,365312.18747,5029658.90479,-75.72700302980,45.40425198360,2017-02-06,4:10:00 PM,03 - Snow,01 - Daylight,05 - Packed snow,10 - No control,,03 - P.D. only,06 - SMV unattended vehicle,0
17-1271,HWY 417 VANIER IC117R63 @ VANIER PKWY,370801.06836,5031398.39612,-75.65666117070,45.41940722370,2017-02-06,4:54:00 PM,03 - Snow,01 - Daylight,03 - Loose snow,01 - Traffic signal,01 - Functioning,03 - P.D. only,03 - Rear end,0
17-1272,WEST HUNT CLUB RD @ ROYDON PL/SUNDERLAND ST,365972.06826,5022170.58310,-75.71950166190,45.33681618760,2017-02-06,5:00:00 PM,03 - Snow,05 - Dusk,02 - Wet,01 - Traffic signal,01 - Functioning,03 - P.D. only,03 - Rear end,0
17-1273,CAMERON AVE btwn SENECA ST & LEONARD AVE,368486.87282,5027995.37925,-75.68666762410,45.38900246060,2017-02-06,5:36:00 PM,01 - Clear,07 - Dark,01 - Dry,10 - No control,,03 - P.D. only,06 - SMV unattended vehicle,0
17-1274,RIVERSIDE DR btwn FROBISHER LANE & HINCKS LANE,370183.77298,5029609.60813,-75.66478518520,45.40337035470,2017-02-06,6:04:00 PM,03 - Snow,07 - Dark,05 - Packed snow,10 - No control,,03 - P.D. only,99 - Other,0
17-1275,VIEWMOUNT DR @ MERIVALE RD,365192.19616,5022947.36970,-75.72935637230,45.34387317370,2017-02-06,6:07:00 PM,03 - Snow,07 - Dark,06 - Ice,01 - Traffic signal,01 - Functioning,03 - P.D. only,99 - Other,0
17-1276,MERIVALE RD/LOTTA AVE @ CLYDE AVE,364522.86423,5024508.24683,-75.73770819980,45.35797505440,2017-02-06,7:15:00 PM,03 - Snow,07 - Dark,03 - Loose snow,01 - Traffic signal,01 - Functioning,03 - P.D. only,03 - Rear end,0
17-1277,BORRISOKANE RD btwn CAMBRIAN RD & STRANDHERD DR,362746.72600,5012142.75110,-75.76182196870,45.24685939290,2017-02-06,8:11:00 PM,03 - Snow,07 - Dark,03 - Loose snow,10 - No control,,03 - P.D. only,07 - SMV other,0
17-1278,QUEEN MARY ST @ VANIER PKWY,370364.25324,5031958.39921,-75.66216751390,45.42448697590,2017-02-06,8:58:00 PM,03 - Snow,07 - Dark,04 - Slush,01 - Traffic signal,01 - Functioning,02 - Non-fatal injury,07 - SMV other,0
17-1279,BANKFIELD RD btwn HWY416 IC57 RAMP62 & KILREEN LANE,365502.89972,5008481.20176,-75.72716111590,45.21368030740,2017-02-06,9:25:00 PM,03 - Snow,07 - Dark,03 - Loose snow,10 - No control,,03 - P.D. only,01 - Approaching,0
17-1280,DUNNING RD btwn WILHAVEN DR & INNES RD,391626.62688,5039410.49278,-75.38918917760,45.48921616360,2017-02-06,10:04:00 PM,03 - Snow,07 - Dark,03 - Loose snow,10 - No control,,03 - P.D. only,07 - SMV other,0
17-1281,MONET CRT btwn SIEVERIGHT AVE & MONET CRT,372475.08324,5024444.62111,-75.63622714400,45.35668010620,2017-02-06,7:00:00 PM,03 - Snow,07 - Dark,04 - Slush,10 - No control,,03 - P.D. only,06 - SMV unattended vehicle,0
17-1282,FALLOWFIELD RD @ TRANSITWAY/VIARAIL,364468.74990,5017549.75245,-75.73923744700,45.29536772910,2017-02-07,12:06:00 AM,03 - Snow,07 - Dark,03 - Loose snow,01 - Traffic signal,01 - Functioning,03 - P.D. only,02 - Angle,0
17-1283,HAIG DR @ SMYTH RD,372565.83356,5029298.70782,-75.63440280380,45.40034646940,2017-02-07,1:20:00 AM,03 - Snow,07 - Dark,05 - Packed snow,01 - Traffic signal,01 - Functioning,02 - Non-fatal injury,05 - Turning movement,0
17-1284,ALBION RD @ SOUTHGATE RD/ROYAL OAK CRT,371818.07586,5024441.90417,-75.64461229980,45.35671876610,2017-02-07,1:26:00 AM,03 - Snow,07 - Dark,03 - Loose snow,02 - Stop sign,00 - Unknown,03 - P.D. only,07 - SMV other,0
17-1285,ORLEANS BLVD @ NAVAN RD,380597.06084,5033091.47573,-75.53124764980,45.43364763560,2017-02-07,7:18:00 AM,01 - Clear,01 - Daylight,04 - Slush,02 - Stop sign,01 - Functioning,03 - P.D. only,02 - Angle,0
17-1286,BANK ST btwn LESTER RD & PARK LANE,373914.70871,5022738.69301,-75.61809302050,45.34119040910,2017-02-07,7:29:00 AM,01 - Clear,01 - Daylight,04 - Slush,10 - No control,,02 - Non-fatal injury,01 - Approaching,0
17-1287,MOSS GROVE ST @ SORENTO ST S,366224.41565,5014893.21490,-75.71718401350,45.27131308920,2017-02-07,7:35:00 AM,03 - Snow,01 - Daylight,05 - Packed snow,02 - Stop sign,01 - Functioning,03 - P.D. only,02 - Angle,0
17-1288,MCCLINTOCK WAY btwn MCCLURE CRES & MCCLURE CRES,352178.59035,5018853.71863,-75.89579959170,45.30803735110,2017-02-07,8:12:00 AM,03 - Snow,01 - Daylight,03 - Loose snow,10 - No control,,03 - P.D. only,99 - Other,0
17-1289,HAWTHORNE RD btwn HAWTHORNE RD & WHYTE SIDE RD,376243.91693,5024603.23092,-75.58810656690,45.35773331330,2017-02-07,8:17:00 AM,05 - Drifting Snow,01 - Daylight,01 - Dry,10 - No control,,03 - P.D. only,01 - Approaching,0
17-1290,PAUL ANKA DR @ UPLANDS DR,369459.22434,5023574.39020,-75.67482984160,45.34913460310,2017-02-07,8:34:00 AM,03 - Snow,01 - Daylight,04 - Slush,02 - Stop sign,01 - Functioning,03 - P.D. only,03 - Rear end,0
17-1291,GREENBANK RD btwn WEST HUNT CLUB RD & FALLOWFIELD RD,362680.12960,5017649.21310,-75.76202839790,45.29641228980,2017-02-07,8:39:00 AM,03 - Snow,01 - Daylight,03 - Loose snow,10 - No control,,02 - Non-fatal injury,01 - Approaching,0
17-1292,INDUSTRIAL AVE btwn TRAINYARDS DR & RUSSELL RD,372341.13844,5030341.84818,-75.63712970260,45.40975390440,2017-02-07,8:49:00 AM,01 - Clear,01 - Daylight,02 - Wet,10 - No control,,03 - P.D. only,03 - Rear end,0
17-1293,INNES RD/PRESTWICK DR @ LANTHIER DR,383540.34956,5035989.71015,-75.49317177460,45.45939821100,2017-02-07,11:12:00 AM,01 - Clear,01 - Daylight,02 - Wet,01 - Traffic signal,01 - Functioning,03 - P.D. only,03 - Rear end,0
17-1294,BANK ST btwn BANK ST EXTENSION NB & JOHNSTON RD,370627.19440,5025304.23461,-75.65969564840,45.36459055980,2017-01-29,9:00:00 PM,03 - Snow,07 - Dark,03 - Loose snow,10 - No control,,03 - P.D. only,07 - SMV other,0
17-1295,SAUNDERSON DR @ SMYTH RD,372793.18856,5029324.90765,-75.63149544030,45.40056016090,2017-02-07,12:01:00 PM,01 - Clear,01 - Daylight,02 - Wet,01 - Traffic signal,01 - Functioning,03 - P.D. only,05 - Turning movement,0
17-1296,KENT ST @ SLATER ST,367262.25014,5031251.23025,-75.70189308520,45.41840796250,2017-02-07,12:26:00 PM,01 - Clear,01 - Daylight,02 - Wet,01 - Traffic signal,01 - Functioning,03 - P.D. only,05 - Turning movement,0
17-1297,GREENBANK RD btwn WEST HUNT CLUB RD & FALLOWFIELD RD,362690.32067,5017648.26513,-75.76189858290,45.29640292010,2017-02-07,1:24:00 PM,05 - Drifting Snow,01 - Daylight,03 - Loose snow,10 - No control,,02 - Non-fatal injury,01 - Approaching,0
17-1298,SHEFFIELD RD @ WALKLEY RD,375257.73510,5028782.89946,-75.60009604520,45.39543975760,2017-02-07,6:55:00 AM,01 - Clear,03 - Dawn,03 - Loose snow,01 - Traffic signal,01 - Functioning,03 - P.D. only,03 - Rear end,0
17-1299,BANK ST @ CATHERINE ST,368042.17454,5030266.33743,-75.69205502750,45.40947615370,2017-02-07,1:35:00 PM,01 - Clear,01 - Daylight,01 - Dry,01 - Traffic signal,01 - Functioning,03 - P.D. only,02 - Angle,0
17-1300,CRYSTAL BEACH DR btwn STILL WATER DR & CORKSTOWN RD,357252.92567,5022920.60259,-75.83066198200,45.34427092570,2017-02-05,9:00:00 PM,03 - Snow,07 - Dark,03 - Loose snow,10 - No control,,03 - P.D. only,06 - SMV unattended vehicle,0
17-1301,NAVAHO DR @ WOODROFFE AVE/TRANSITWAY N BASELIN,362707.74284,5023494.67727,-75.76099282450,45.34900730590,2017-02-07,1:59:00 PM,03 - Snow,01 - Daylight,04 - Slush,01 - Traffic signal,01 - Functioning,03 - P.D. only,05 - Turning movement,0
17-1302,ISABELLA ST/HWY417 IC119AR75 @ METCALFE ST,368449.13919,5030400.24252,-75.68683912040,45.41064409520,2017-02-07,2:12:00 PM,01 - Clear,01 - Daylight,02 - Wet,01 - Traffic signal,01 - Functioning,03 - P.D. only,02 - Angle,0
17-1303,FALLOWFIELD RD btwn SHEA RD & EAGLESON RD,355553.52739,5012353.38745,-75.85342769010,45.24931022340,2017-02-07,2:41:00 PM,06 - Strong wind,01 - Daylight,03 - Loose snow,10 - No control,,03 - P.D. only,07 - SMV other,0
17-1304,SLATER ST btwn BANK ST & O'CONNOR ST,367440.16156,5031364.02266,-75.69960571730,45.41940692720,2017-02-07,3:21:00 PM,01 - Clear,01 - Daylight,02 - Wet,10 - No control,,03 - P.D. only,04 - Sideswipe,0
17-1305,SHEFFIELD RD btwn BANTREE ST & LEEDS AVE,374707.12947,5029907.36666,-75.60696827380,45.40561233540,2017-02-07,4:08:00 PM,04 - Freezing Rain,01 - Daylight,06 - Ice,10 - No control,,03 - P.D. only,99 - Other,0
17-1306,HAWTHORNE AVE/ISABELLA ST @ QUEEN ELIZABETH DR,368664.98488,5030477.75286,-75.68407178370,45.41132184380,2017-02-07,2:45:00 PM,01 - Clear,01 - Daylight,02 - Wet,01 - Traffic signal,01 - Functioning,03 - P.D. only,03 - Rear end,0
17-1307,JEANNE D'ARC BLVD @ FORTUNE DR/VINEYARD DR,379239.27134,5037374.78409,-75.54795069060,45.47233155330,2017-02-07,4:37:00 PM,01 - Clear,01 - Daylight,01 - Dry,01 - Traffic signal,01 - Functioning,02 - Non-fatal injury,07 - SMV other,1
17-1308,LONGFIELDS DR @ WOODROFFE AVE,365421.16990,5017107.32013,-75.72714949280,45.29130522340,2017-02-07,4:42:00 PM,04 - Freezing Rain,05 - Dusk,06 - Ice,01 - Traffic signal,00 - Unknown,02 - Non-fatal injury,07 - SMV other,0
17-1309,CARLING AVE @ HOLLAND AVE,365417.70204,5028037.87790,-75.72585448430,45.38965721880,2017-02-07,5:22:00 PM,01 - Clear,07 - Dark,02 - Wet,01 - Traffic signal,01 - Functioning,03 - P.D. only,03 - Rear end,0
17-1310,BASELINE RD @ CENTREPOINTE DR W/COBDEN RD,361634.41719,5023208.74817,-75.77472213870,45.34652232940,2017-02-07,6:05:00 PM,03 - Snow,07 - Dark,03 - Loose snow,01 - Traffic signal,01 - Functioning,02 - Non-fatal injury,03 - Rear end,0
17-1311,INNES RD @ JEANNE D'ARC BLVD/MER BLEUE RD,382640.82591,5035567.14962,-75.50473883680,45.45569716970,2017-02-07,6:09:00 PM,04 - Freezing Rain,07 - Dark,06 - Ice,01 - Traffic signal,01 - Functioning,03 - P.D. only,05 - Turning movement,0
17-1312,LEWIS ST btwn BANK ST & DERBY PL,367848.54183,5030759.01221,-75.69446550100,45.41392655620,2017-02-07,12:00:00 AM,01 - Clear,00 - Unknown,01 - Dry,10 - No control,,03 - P.D. only,06 - SMV unattended vehicle,0
17-1313,ROBERTSON RD btwn HAZELDEAN RD & HAANEL DR,354530.47697,5018927.84982,-75.86580127640,45.30854180440,2017-02-07,6:27:00 PM,04 - Freezing Rain,07 - Dark,06 - Ice,10 - No control,,03 - P.D. only,07 - SMV other,0
17-1314,DUROCHER ST @ MONTREAL RD,370136.70850,5033099.11646,-75.66492360400,45.43477197200,2017-02-07,6:35:00 PM,01 - Clear,07 - Dark,01 - Dry,02 - Stop sign,00 - Unknown,03 - P.D. only,02 - Angle,0
17-1315,BLACKBURN BYPASS @ NAVAN RD,379619.16080,5033275.42013,-75.54371634520,45.43540794650,2017-02-07,7:27:00 PM,04 - Freezing Rain,07 - Dark,04 - Slush,01 - Traffic signal,01 - Functioning,03 - P.D. only,03 - Rear end,0
17-1316,NAVAHO DR btwn WOODROFFE AVE & Continuation of NAVAHO DR,362796.20846,5023545.18711,-75.75985801380,45.34945447920,2017-02-07,7:30:00 PM,03 - Snow,07 - Dark,03 - Loose snow,10 - No control,,03 - P.D. only,02 - Angle,0
17-1317,RIVERSIDE DR btwn RIVERSIDE DR & RIVER RD,368370.39804,5020639.16908,-75.68910090000,45.32282363360,2017-02-07,7:36:00 PM,03 - Snow,07 - Dark,04 - Slush,10 - No control,,03 - P.D. only,02 - Angle,0
17-1318,CLARENCE ST @ COBOURG ST,368951.21034,5033056.21597,-75.68007961500,45.43449573380,2017-02-07,8:05:00 PM,03 - Snow,07 - Dark,03 - Loose snow,02 - Stop sign,01 - Functioning,02 - Non-fatal injury,07 - SMV other,1
17-1319,WALKLEY RD btwn TURN LANE & RYDER ST,372368.28699,5027145.88900,-75.63722062970,45.38099539100,2017-02-07,7:35:00 PM,03 - Snow,07 - Dark,04 - Slush,10 - No control,,03 - P.D. only,01 - Approaching,0
17-1320,CONROY RD @ DAVIDSON RD N,374573.75150,5023514.38440,-75.60957520290,45.34810452690,2017-02-07,8:55:00 PM,03 - Snow,07 - Dark,06 - Ice,02 - Stop sign,01 - Functioning,03 - P.D. only,03 - Rear end,0
17-1321,REGIONAL ROAD 174 btwn TRANSIT & OR174 IC109 RAMP56,375591.96237,5033453.90593,-75.59515673340,45.43743316670,2017-02-07,10:38:00 PM,04 - Freezing Rain,07 - Dark,04 - Slush,10 - No control,,02 - Non-fatal injury,07 - SMV other,0
17-1322,BRIAN COBURN BLVD @ MER BLEUE RD,383150.81890,5034441.16410,-75.49839848590,45.44550952730,2017-02-07,10:38:00 PM,03 - Snow,07 - Dark,03 - Loose snow,11 - Roundabout,01 - Functioning,03 - P.D. only,07 - SMV other,0
17-1323,REGIONAL ROAD 174 btwn TRANSIT & OR174 IC109 RAMP56,375888.09988,5033793.94271,-75.59132295370,45.44046256770,2017-02-07,10:51:00 PM,03 - Snow,07 - Dark,05 - Packed snow,10 - No control,,02 - Non-fatal injury,03 - Rear end,0
17-1324,LEITRIM RD btwn HIGH RD & ALBION RD,372729.77069,5019933.63245,-75.63359602370,45.31606712380,2017-02-08,12:17:00 AM,04 - Freezing Rain,07 - Dark,06 - Ice,10 - No control,,03 - P.D. only,07 - SMV other,0
17-1325,REGIONAL ROAD 174 btwn OR174 IC105 RAMP26 & OR174 IC105 RAMP63,379579.25332,5037131.00760,-75.54364015990,45.47010191940,2017-02-08,4:07:00 AM,04 - Freezing Rain,07 - Dark,06 - Ice,10 - No control,,02 - Non-fatal injury,07 - SMV other,0
17-1326,RIDEAU ST btwn CUMBERLAND ST & KING EDWARD AVE,368393.81927,5032341.80204,-75.68729520390,45.42811860910,2017-02-08,6:30:00 AM,04 - Freezing Rain,03 - Dawn,03 - Loose snow,10 - No control,,03 - P.D. only,05 - Turning movement,0
17-1327,BOYER RD @ ORLEANS BLVD,380978.49687,5035508.19277,-75.52599913500,45.45534992590,2017-02-08,7:06:00 AM,04 - Freezing Rain,03 - Dawn,06 - Ice,02 - Stop sign,01 - Functioning,03 - P.D. only,05 - Turning movement,0
17-1328,HUNT CLUB RD @ LORRY GREENBERG DR/SABLE RIDGE,372823.38329,5024808.31625,-75.63173206730,45.35991879520,2017-02-08,7:35:00 AM,04 - Freezing Rain,01 - Daylight,04 - Slush,01 - Traffic signal,01 - Functioning,03 - P.D. only,07 - SMV other,0
17-1329,OGILVIE RD @ ELMLEA GT/SHOPPERS CITY EAST SC,374987.98223,5033486.20757,-75.60287107910,45.43778468910,2017-02-08,7:41:00 AM,01 - Clear,01 - Daylight,04 - Slush,01 - Traffic signal,01 - Functioning,03 - P.D. only,04 - Sideswipe,0
17-1330,MARCH RD btwn HALTON TERR/MAXWELL BRIDGE RD & MAXWELL RD,348905.84919,5024452.06268,-75.93703457340,45.35862588020,2017-02-08,4:35:00 AM,04 - Freezing Rain,07 - Dark,04 - Slush,10 - No control,,03 - P.D. only,07 - SMV other,0
17-1331,CYRVILLE RD btwn LABRIE AVE & STAR TOP RD,373772.08889,5031539.22223,-75.61868320480,45.42038772510,2017-02-08,8:32:00 AM,01 - Clear,01 - Daylight,04 - Slush,10 - No control,,03 - P.D. only,02 - Angle,0
17-1332,ANDERSON RD @ LEITRIM RD,380472.27316,5024908.12937,-75.53409763250,45.36003299870,2017-02-08,8:53:00 AM,01 - Clear,01 - Daylight,02 - Wet,02 - Stop sign,01 - Functioning,02 - Non-fatal injury,07 - SMV other,0
17-1333,INNES RD @ TRIM RD,386567.52257,5037273.93113,-75.45425700060,45.47060461890,2017-02-08,8:30:00 AM,01 - Clear,01 - Daylight,04 - Slush,01 - Traffic signal,01 - Functioning,03 - P.D. only,04 - Sideswipe,0
17-1334,WHITMORE AVE btwn CLINE CRES & CLINE CRES,362884.88465,5024802.31178,-75.75857873070,45.36075863530,2017-02-08,12:00:00 AM,04 - Freezing Rain,00 - Unknown,06 - Ice,10 - No control,,03 - P.D. only,06 - SMV unattended vehicle,0
17-1335,HUNT CLUB RD @ LORRY GREENBERG DR/SABLE RIDGE,372822.98823,5024805.62863,-75.63173747980,45.35989465060,2017-02-08,9:03:00 AM,03 - Snow,01 - Daylight,04 - Slush,01 - Traffic signal,01 - Functioning,03 - P.D. only,05 - Turning movement,0
17-1336,BREANNA CARDILL ST btwn Continuation of BREANNA CARDILL ST & CURLY LAN,378325.99654,5012329.58416,-75.56335524370,45.24708542410,2017-02-08,8:55:00 AM,01 - Clear,01 - Daylight,03 - Loose snow,10 - No control,,03 - P.D. only,99 - Other,0
17-1337,ALBERT ST @ METCALFE ST,367687.99680,5031614.81647,-75.69640726540,45.42164125490,2017-02-08,9:30:00 AM,01 - Clear,01 - Daylight,04 - Slush,01 - Traffic signal,01 - Functioning,03 - P.D. only,04 - Sideswipe,0
17-1338,CONCORD ST @ EVELYN AVE,369283.70178,5030620.63919,-75.67614928670,45.41255074760,2017-02-08,9:31:00 AM,03 - Snow,01 - Daylight,03 - Loose snow,02 - Stop sign,01 - Functioning,03 - P.D. only,99 - Other,0
17-1339,FORESTBROOK ST btwn STATEWOOD DR & BRADY AVE,348701.40875,5022951.11513,-75.93977718300,45.34513282720,2017-02-07,6:30:00 AM,03 - Snow,03 - Dawn,04 - Slush,10 - No control,,03 - P.D. only,06 - SMV unattended vehicle,0
17-1340,MCARTHUR AVE @ VANIER PKWY,370219.03945,5032689.91700,-75.66392580340,45.43108246850,2017-02-08,10:09:00 AM,03 - Snow,01 - Daylight,02 - Wet,01 - Traffic signal,01 - Functioning,03 - P.D. only,03 - Rear end,0
17-1341,ADMIRAL AVE @ ANNA AVE,365153.94843,5027266.14710,-75.72931692800,45.38273611860,2017-02-08,10:22:00 AM,01 - Clear,01 - Daylight,02 - Wet,02 - Stop sign,01 - Functioning,03 - P.D. only,06 - SMV unattended vehicle,0
17-1342,AIRPORT PKWY/WALKLEY RD NB OFF RAMP @ WALKLEY RD,370078.24715,5025791.41701,-75.66663801230,45.36902541330,2017-02-08,11:18:00 AM,01 - Clear,01 - Daylight,06 - Ice,01 - Traffic signal,00 - Unknown,03 - P.D. only,03 - Rear end,0
17-1343,ST. LAURENT BLVD btwn SHORE ST & BELFAST RD,372828.28263,5030660.83625,-75.63086289740,45.41257683090,2017-02-08,11:31:00 AM,01 - Clear,01 - Daylight,01 - Dry,10 - No control,,03 - P.D. only,04 - Sideswipe,0
17-1344,IRWIN MILLER ST btwn MILLCRAFT CRES & MILLCRAFT CRES,371097.74522,5032627.29205,-75.65270534990,45.43043624940,2017-02-07,5:15:00 PM,03 - Snow,07 - Dark,05 - Packed snow,10 - No control,,03 - P.D. only,06 - SMV unattended vehicle,0
17-1345,PORTAGE AVE btwn DORVAL AVE & END,372047.11897,5028923.18437,-75.64107897570,45.39701768310,2017-02-08,12:17:00 PM,01 - Clear,01 - Daylight,05 - Packed snow,10 - No control,,03 - P.D. only,06 - SMV unattended vehicle,0
17-1346,MAY ST @ MCARTHUR AVE,371678.42680,5032851.81597,-75.64525448840,45.43240112490,2017-02-08,12:27:00 PM,01 - Clear,01 - Daylight,04 - Slush,01 - Traffic signal,00 - Unknown,03 - P.D. only,04 - Sideswipe,0
17-1347,ADELINE ST @ PRESTON ST,366779.70040,5029051.78907,-75.70833475100,45.39866092190,2017-02-08,11:20:00 AM,01 - Clear,01 - Daylight,04 - Slush,02 - Stop sign,00 - Unknown,03 - P.D. only,06 - SMV unattended vehicle,0
17-1348,RIVERSIDE DR @ TREMBLAY RD/HWY417 IC117 RAMP52,370803.23391,5031014.88457,-75.65668487370,45.41595634050,2017-02-08,12:36:00 PM,01 - Clear,01 - Daylight,02 - Wet,01 - Traffic signal,01 - Functioning,03 - P.D. only,04 - Sideswipe,0
17-1349,STALWART CRES btwn WHITE ALDER AVE & WHITE ALDER AVE,375441.19860,5020836.72310,-75.59888877880,45.32392522530,2017-01-28,4:30:00 PM,03 - Snow,05 - Dusk,03 - Loose snow,10 - No control,,03 - P.D. only,06 - SMV unattended vehicle,0
17-1350,RICHMOND RD btwn HIGH ST & PINECREST RD,360035.81208,5024408.97421,-75.79498667600,45.35744966050,2017-02-08,1:12:00 PM,01 - Clear,01 - Daylight,01 - Dry,10 - No control,,03 - P.D. only,04 - Sideswipe,0
17-1351,RIVERSIDE DR @ BROOKFIELD RD/HOG'S BACK RD,368169.96241,5026222.89673,-75.69094192490,45.37308289650,2017-02-08,1:19:00 PM,04 - Freezing Rain,01 - Daylight,06 - Ice,01 - Traffic signal,01 - Functioning,03 - P.D. only,03 - Rear end,0
17-1352,ARLINGTON AVE @ KENT ST,367868.37505,5030258.23990,-75.69427620160,45.40941897820,2017-02-08,1:49:00 PM,01 - Clear,01 - Daylight,01 - Dry,01 - Traffic signal,01 - Functioning,03 - P.D. only,02 - Angle,0
17-1353,PLACE D'ORLEANS DR btwn OR174 IC102 RAMP51 & ST. JOSEPH BLVD (1),381404.60244,5037969.04978,-75.52016830520,45.47744409410,2017-02-08,2:15:00 PM,01 - Clear,01 - Daylight,01 - Dry,10 - No control,,03 - P.D. only,05 - Turning movement,0
17-1354,RICHMOND RD btwn WOODROFFE AVE & LOCKHART AVE,361640.04579,5026738.58599,-75.77424432350,45.37828310710,2017-02-08,2:59:00 PM,01 - Clear,01 - Daylight,02 - Wet,10 - No control,,03 - P.D. only,02 - Angle,0
17-1355,CELTIC CRT btwn Continuation of CELTIC CRT & Continuation of CELTIC CR,371759.42702,5025140.44998,-75.64526614800,45.36300964280,2017-02-08,3:06:00 PM,01 - Clear,01 - Daylight,05 - Packed snow,10 - No control,,03 - P.D. only,99 - Other,0
17-1356,RICHMOND RD btwn WESTMINSTER AVE & WESTMINSTER AVE,362363.66361,5027575.09780,-75.76490811290,45.38575086130,2017-02-08,3:40:00 PM,01 - Clear,01 - Daylight,02 - Wet,10 - No control,,03 - P.D. only,03 - Rear end,0
17-1357,ST. LAURENT BLVD @ COVENTRY RD/OGILVIE RD,372306.46997,5031951.19937,-75.63735208960,45.42423745920,2017-02-08,3:48:00 PM,01 - Clear,01 - Daylight,01 - Dry,01 - Traffic signal,01 - Functioning,03 - P.D. only,03 - Rear end,0
17-1358,ORLEANS BLVD @ ST. JOSEPH BLVD,380631.73770,5036980.21487,-75.53020502070,45.46863172640,2017-02-08,4:02:00 PM,01 - Clear,01 - Daylight,02 - Wet,01 - Traffic signal,01 - Functioning,02 - Non-fatal injury,07 - SMV other,1
17-1359,CUMMINGS AVE @ OGILVIE RD,372748.72020,5032171.71140,-75.63167091890,45.42617870140,2017-02-08,4:20:00 PM,01 - Clear,01 - Daylight,03 - Loose snow,01 - Traffic signal,01 - Functioning,03 - P.D. only,03 - Rear end,0