COLLISION_ID,LOCATION,X,Y,LONGITUDE,LATITUDE,DATE,TIME,ENVIRONMENT,LIGHT,SURFACE_CONDITION,TRAFFIC_CONTROL,TRAFFIC_CONTROL_CONDITION,COLLISION_CLASSIFICATION,IMPACT_TYPE,NO_OF_PEDESTRIANS
17-1360,INNES RD @ JEANNE D'ARC BLVD/MER BLEUE RD,382638.15758,5035568.28691,-75.50477276810,45.45570769940,2017-02-08,4:26:00 PM,01 - Clear,01 - Daylight,02 - Wet,01 - Traffic signal,01 - Functioning,03 - P.D. only,02 - Angle,0
17-1361,SOMERSET ST    W btwn RADSTOCK PRIV & KENT ST,367509.44041,5030803.18216,-75.69879195470,45.41435445470,2017-02-08,4:10:00 PM,01 - Clear,01 - Daylight,03 - Loose snow,10 - No control,,03 - P.D. only,06 - SMV unattended vehicle,0
17-1362,BOOTH ST @ WELLINGTON ST S,366402.66683,5030676.47157,-75.71294714670,45.41331265760,2017-02-08,6:15:00 PM,01 - Clear,05 - Dusk,01 - Dry,02 - Stop sign,01 - Functioning,03 - P.D. only,04 - Sideswipe,0
17-1363,PRINCE OF WALES DR @ RIDEAU SHORE CRT,367236.45917,5023622.13517,-75.70318756210,45.34976560600,2017-02-08,7:00:00 PM,01 - Clear,07 - Dark,03 - Loose snow,02 - Stop sign,00 - Unknown,03 - P.D. only,07 - SMV other,0
17-1364,BEGIN ST @ MONTREAL RD,370466.70730,5033287.81898,-75.66068113270,45.43643892420,2017-02-08,7:08:00 PM,01 - Clear,07 - Dark,01 - Dry,02 - Stop sign,01 - Functioning,02 - Non-fatal injury,05 - Turning movement,0
17-1365,MACLAREN ST btwn BRONSON AVE & PERCY ST,367080.88415,5030449.81588,-75.70431152750,45.41121324370,2017-02-08,7:45:00 PM,01 - Clear,07 - Dark,04 - Slush,10 - No control,,03 - P.D. only,06 - SMV unattended vehicle,0
17-1366,KINGBROOK DR btwn BRIDGESTONE DR & FOXHALL WAY,355376.95318,5016416.80446,-75.85526320010,45.28588650610,2017-02-08,12:00:00 AM,01 - Clear,00 - Unknown,01 - Dry,10 - No control,,03 - P.D. only,06 - SMV unattended vehicle,0
17-1367,ELGIN ST @ MCLEOD ST,368426.21304,5030779.94663,-75.68708297380,45.41406263080,2017-02-08,9:15:00 PM,03 - Snow,07 - Dark,04 - Slush,02 - Stop sign,00 - Unknown,03 - P.D. only,04 - Sideswipe,0
17-1368,ALBERT ST @ KENT ST (OTTAWA),367220.02256,5031320.24240,-75.70242384890,45.41903268060,2017-02-09,2:17:00 AM,01 - Clear,07 - Dark,02 - Wet,01 - Traffic signal,01 - Functioning,02 - Non-fatal injury,03 - Rear end,0
17-1369,RIVERGATE WAY @ RIVERSIDE DR,368116.71170,5023242.13857,-75.69200356730,45.34626756260,2017-02-09,6:03:00 AM,01 - Clear,07 - Dark,01 - Dry,01 - Traffic signal,01 - Functioning,03 - P.D. only,07 - SMV other,0
17-1370,ROGER STEVENS DR btwn DWYER HILL RD & MALAKOFF RD,355153.66520,4990088.51385,-75.86076482660,45.04899010140,2017-02-09,7:47:00 AM,01 - Clear,01 - Daylight,01 - Dry,10 - No control,,03 - P.D. only,07 - SMV other,0
17-1371,"DECOEUR, PROMENADE/SOUTHFIELD WAY @ TENTH LINE RD",384551.51700,5034726.57590,-75.48044915820,45.44791900010,2017-02-09,6:45:00 PM,01 - Clear,07 - Dark,01 - Dry,02 - Stop sign,00 - Unknown,03 - P.D. only,05 - Turning movement,0
17-1372,JEANNE D'ARC BLVD @ OR174 IC105 RAMP52,379456.44088,5036917.98933,-75.54524296190,45.46819848300,2017-02-09,8:25:00 AM,01 - Clear,01 - Daylight,06 - Ice,01 - Traffic signal,00 - Unknown,03 - P.D. only,03 - Rear end,0
17-1373,OGILVIE WALK CRES btwn AMBASSADOR AVE & AMBASSADOR AVE,374048.04019,5032652.34250,-75.61500106470,45.43037574140,2017-02-09,8:40:00 AM,01 - Clear,01 - Daylight,05 - Packed snow,10 - No control,,03 - P.D. only,06 - SMV unattended vehicle,0
17-1374,ST. LAURENT BLVD @ COVENTRY RD/OGILVIE RD,372306.46997,5031950.44890,-75.63735219250,45.42423070660,2017-02-09,8:54:00 AM,01 - Clear,01 - Daylight,01 - Dry,01 - Traffic signal,01 - Functioning,03 - P.D. only,03 - Rear end,0
17-1375,CARLING AVE @ KIRKWOOD AVE S,364353.20144,5027336.42340,-75.73953258860,45.38343698370,2017-02-09,8:54:00 AM,01 - Clear,01 - Daylight,02 - Wet,01 - Traffic signal,01 - Functioning,03 - P.D. only,03 - Rear end,0
17-1376,RIVERSIDE DR RAMP 42A @ RIVERSIDE DR,368443.13314,5027269.05058,-75.68731981180,45.38247114220,2017-02-09,9:01:00 AM,01 - Clear,01 - Daylight,01 - Dry,03 - Yield sign,01 - Functioning,03 - P.D. only,03 - Rear end,0
17-1377,MURRAY ST @ SUSSEX DR,367708.27957,5032392.62113,-75.69604877640,45.42863785760,2017-02-09,9:16:00 AM,01 - Clear,01 - Daylight,04 - Slush,01 - Traffic signal,01 - Functioning,03 - P.D. only,03 - Rear end,0
17-1378,MONTGOMERY ST @ MONTREAL RD,369812.75427,5032921.24293,-75.66908715090,45.43320173200,2017-02-09,9:50:00 AM,01 - Clear,01 - Daylight,01 - Dry,01 - Traffic signal,00 - Unknown,03 - P.D. only,03 - Rear end,0
17-1379,RIVERSIDE DR @ BROOKFIELD RD/HOG'S BACK RD,368169.78923,5026223.83382,-75.69094401580,45.37309134390,2017-02-09,9:52:00 AM,01 - Clear,01 - Daylight,01 - Dry,01 - Traffic signal,01 - Functioning,03 - P.D. only,03 - Rear end,0
17-1380,RICHMOND RD btwn NEW ORCHARD AVE & WOODROFFE AVE,361443.25471,5026456.32322,-75.77678920430,45.37575926880,2017-02-09,10:23:00 AM,01 - Clear,01 - Daylight,01 - Dry,10 - No control,,02 - Non-fatal injury,07 - SMV other,1
17-1381,BRONSON AVE/BRONSON/HERON RAMP 35 @ HERON RD,368642.21871,5026698.69589,-75.68485162970,45.37732113930,2017-02-09,10:23:00 AM,01 - Clear,01 - Daylight,03 - Loose snow,01 - Traffic signal,01 - Functioning,03 - P.D. only,03 - Rear end,0
17-1382,MONTREAL RD @ STE. ANNE ST,370707.04305,5033416.59600,-75.65759237320,45.43757499090,2017-02-09,10:18:00 AM,01 - Clear,01 - Daylight,02 - Wet,02 - Stop sign,01 - Functioning,03 - P.D. only,02 - Angle,0
17-1383,ALBERT ST @ BOOTH ST,366429.44367,5030625.44090,-75.71261145100,45.41285113990,2017-02-09,9:10:00 AM,01 - Clear,01 - Daylight,01 - Dry,01 - Traffic signal,00 - Unknown,03 - P.D. only,03 - Rear end,0
17-1384,ALBION RD @ RIDEAU RD,375093.50267,5016674.83493,-75.60391371040,45.28651295670,2017-02-09,12:09:00 PM,01 - Clear,01 - Daylight,01 - Dry,01 - Traffic signal,01 - Functioning,02 - Non-fatal injury,02 - Angle,0
17-1385,GLADSTONE AVE @ KENT ST,367746.37644,5030459.57050,-75.69580892070,45.41124147150,2017-02-09,12:11:00 PM,01 - Clear,01 - Daylight,02 - Wet,01 - Traffic signal,01 - Functioning,03 - P.D. only,02 - Angle,0
17-1386,BASELINE RD @ MERIVALE RD,365053.94593,5025325.89013,-75.73083049340,45.36528664010,2017-02-09,12:12:00 PM,01 - Clear,01 - Daylight,01 - Dry,01 - Traffic signal,01 - Functioning,03 - P.D. only,03 - Rear end,0
17-1387,PARKDALE AVE btwn KENILWORTH ST & HUTCHISON AVE,365464.46153,5028551.27293,-75.72519425600,45.39427258630,2017-02-08,3:50:00 PM,01 - Clear,01 - Daylight,01 - Dry,10 - No control,,03 - P.D. only,01 - Approaching,0
17-1388,HUNT CLUB RD @ BRIDLE PATH DR/DAZE ST,371292.35098,5023864.39084,-75.65139933580,45.35157253950,2017-02-09,1:11:00 PM,01 - Clear,01 - Daylight,01 - Dry,01 - Traffic signal,01 - Functioning,02 - Non-fatal injury,03 - Rear end,0
17-1389,TERRY FOX DR @ WESTPHALIAN AVE,353455.22610,5015759.78900,-75.87982363390,45.28011017200,2017-02-09,1:18:00 PM,01 - Clear,01 - Daylight,01 - Dry,01 - Traffic signal,01 - Functioning,02 - Non-fatal injury,03 - Rear end,0
17-1390,BASELINE RD @ JOHN SUTHERLAND DR/VALLEY STREAM,359310.72220,5021789.70113,-75.80452947960,45.33393815030,2017-02-09,1:41:00 PM,01 - Clear,01 - Daylight,01 - Dry,01 - Traffic signal,01 - Functioning,03 - P.D. only,05 - Turning movement,0
17-1391,BASELINE RD @ WOODROFFE AVE,362549.69020,5023770.12947,-75.76297752430,45.35149883670,2017-02-08,7:00:00 PM,01 - Clear,07 - Dark,02 - Wet,01 - Traffic signal,01 - Functioning,02 - Non-fatal injury,03 - Rear end,0
17-1392,MADELEINE MEILLEUR PRIV @ VANIER PKWY,369654.81520,5033359.30610,-75.67104781180,45.43715791250,2017-02-09,2:27:00 PM,01 - Clear,01 - Daylight,02 - Wet,01 - Traffic signal,01 - Functioning,03 - P.D. only,03 - Rear end,0
17-1393,GLADSTONE AVE @ ROCHESTER ST,366661.94753,5029789.44177,-75.70974613150,45.40530853800,2017-02-09,12:15:00 PM,01 - Clear,01 - Daylight,01 - Dry,01 - Traffic signal,01 - Functioning,03 - P.D. only,02 - Angle,0
17-1394,HOLLY ACRES RD @ TRANSITWAY - BAYSHORE/278 N O,358495.46636,5022987.03993,-75.81480016070,45.34477471660,2017-02-09,1:17:00 PM,01 - Clear,01 - Daylight,01 - Dry,01 - Traffic signal,00 - Unknown,03 - P.D. only,07 - SMV other,0
17-1395,KENT ST @ WELLINGTON ST,367096.94733,5031525.44780,-75.70397035290,45.42089002520,2017-02-09,3:01:00 PM,01 - Clear,01 - Daylight,01 - Dry,01 - Traffic signal,01 - Functioning,03 - P.D. only,03 - Rear end,0
17-1396,SNAKE ISLAND RD @ STAGECOACH RD,378063.09195,5006581.38520,-75.56754980030,45.19539237590,2017-02-09,3:14:00 PM,01 - Clear,01 - Daylight,01 - Dry,02 - Stop sign,01 - Functioning,02 - Non-fatal injury,02 - Angle,0
17-1397,BANK ST/PRETORIA AVE @ CHAMBERLAIN AVE S,368108.74855,5030104.34498,-75.69122540370,45.40801257880,2017-02-09,3:52:00 PM,01 - Clear,01 - Daylight,01 - Dry,02 - Stop sign,01 - Functioning,03 - P.D. only,02 - Angle,0
17-1398,MADELEINE MEILLEUR PRIV @ VANIER PKWY,369654.81520,5033359.30610,-75.67104781180,45.43715791250,2017-02-09,12:00:00 AM,01 - Clear,00 - Unknown,01 - Dry,01 - Traffic signal,01 - Functioning,03 - P.D. only,02 - Angle,0
17-1399,FOXLIGHT CIR btwn FOXLIGHT CIR & FOXLIGHT CIR,356787.84300,5015728.75300,-75.83735095730,45.27959235790,2017-02-09,12:00:00 AM,01 - Clear,00 - Unknown,04 - Slush,10 - No control,,03 - P.D. only,06 - SMV unattended vehicle,0
17-1400,MONTREAL RD @ DEN HAAG DR/LANG'S RD,372387.05245,5034220.91480,-75.63601087540,45.44465147510,2017-02-09,4:08:00 PM,01 - Clear,01 - Daylight,01 - Dry,01 - Traffic signal,01 - Functioning,02 - Non-fatal injury,03 - Rear end,0
17-1401,BEAUSOLEIL DR @ CLARENCE ST,368601.24864,5032846.12077,-75.68457926440,45.43263739350,2017-02-09,4:12:00 PM,01 - Clear,01 - Daylight,05 - Packed snow,02 - Stop sign,00 - Unknown,03 - P.D. only,99 - Other,0
17-1402,WILLOW ST btwn PRESTON ST & ROCHESTER ST,366504.72131,5029894.19621,-75.71174131260,45.40626496750,2017-02-09,8:00:00 AM,01 - Clear,01 - Daylight,01 - Dry,10 - No control,,03 - P.D. only,06 - SMV unattended vehicle,0
17-1403,TENTH LINE RD btwn BLACKBURN BYPS & SOUTHFIELD WAY,384535.72136,5034763.35700,-75.48064509730,45.44825172510,2017-02-09,4:16:00 PM,01 - Clear,01 - Daylight,01 - Dry,10 - No control,,03 - P.D. only,01 - Approaching,0
17-1404,MELFORT ST @ WALKLEY RD,374446.48807,5028373.16387,-75.61051407200,45.39183431400,2017-02-09,4:26:00 PM,01 - Clear,01 - Daylight,01 - Dry,01 - Traffic signal,01 - Functioning,03 - P.D. only,03 - Rear end,0
17-1405,CHAPEL ST @ STEWART ST,369012.70476,5032439.26050,-75.67937418780,45.42893895930,2017-02-09,4:33:00 PM,01 - Clear,01 - Daylight,01 - Dry,02 - Stop sign,01 - Functioning,03 - P.D. only,07 - SMV other,1
17-1406,RIVERSIDE DR btwn FROBISHER LANE & END,370080.30284,5029396.26069,-75.66613501810,45.40146038940,2017-02-09,12:00:00 AM,01 - Clear,00 - Unknown,01 - Dry,10 - No control,,03 - P.D. only,06 - SMV unattended vehicle,0
17-1407,ENFIELD AVE @ MCARTHUR AVE,370341.46467,5032704.46170,-75.66235940610,45.43120187300,2017-02-09,4:41:00 PM,01 - Clear,01 - Daylight,03 - Loose snow,02 - Stop sign,01 - Functioning,03 - P.D. only,03 - Rear end,0
17-1408,BANK ST @ HERON RD,369995.38555,5026851.54220,-75.66755579720,45.37857179730,2017-02-09,4:55:00 PM,01 - Clear,01 - Daylight,01 - Dry,01 - Traffic signal,01 - Functioning,03 - P.D. only,05 - Turning movement,0
17-1409,CYRVILLE RD @ OGILVIE RD,372453.71910,5032005.94503,-75.63546312730,45.42471580870,2017-02-09,4:58:00 PM,01 - Clear,01 - Daylight,01 - Dry,01 - Traffic signal,01 - Functioning,03 - P.D. only,03 - Rear end,0
17-1410,BRIAN COBURN BLVD @ STRASBOURG ST,384046.55210,5034850.02790,-75.48688377220,45.44908714550,2017-02-09,4:58:00 PM,01 - Clear,05 - Dusk,06 - Ice,02 - Stop sign,01 - Functioning,03 - P.D. only,03 - Rear end,0
17-1411,RICHMOND RD btwn POULIN AVE & 140 E OF POULIN AVE,360391.05633,5025006.06235,-75.79038563560,45.36279416300,2017-02-09,4:20:00 PM,01 - Clear,01 - Daylight,02 - Wet,10 - No control,,03 - P.D. only,04 - Sideswipe,0
17-1412,BANK ST @ DAVIDSON RD/LESTER RD,373686.38923,5022936.62473,-75.62097848240,45.34299378070,2017-02-09,5:39:00 PM,01 - Clear,05 - Dusk,01 - Dry,01 - Traffic signal,01 - Functioning,03 - P.D. only,05 - Turning movement,0
17-1413,ALTA VISTA DR @ SMYTH RD,370431.96543,5029081.55750,-75.66168537770,45.39859592680,2017-02-09,5:43:00 PM,01 - Clear,05 - Dusk,01 - Dry,01 - Traffic signal,01 - Functioning,03 - P.D. only,05 - Turning movement,0
17-1414,ASPER TRAIL CIR btwn ASPER TRAIL CIR & RIVERTREE ST,356098.57840,5015425.97180,-75.84616719620,45.27691850460,2017-02-09,5:47:00 PM,05 - Drifting Snow,05 - Dusk,02 - Wet,10 - No control,,03 - P.D. only,06 - SMV unattended vehicle,0
17-1415,SMYTH RD btwn LYNDA LANE & ROGER GUINDON AVE,371640.24022,5029195.67568,-75.64623837240,45.39950840900,2017-02-09,6:15:00 PM,01 - Clear,07 - Dark,01 - Dry,10 - No control,,03 - P.D. only,03 - Rear end,0
17-1416,FERNBANK RD btwn LUCAS LANE & JINKINSON RD,345476.22997,5007291.52548,-75.98221475040,45.20441567240,2017-02-09,6:26:00 PM,01 - Clear,07 - Dark,01 - Dry,10 - No control,,03 - P.D. only,07 - SMV other,0
17-1417,CEDAROW CRT @ HAZELDEAN RD,350593.60330,5015763.06647,-75.91629660660,45.28033189220,2017-02-09,6:41:00 PM,01 - Clear,07 - Dark,01 - Dry,02 - Stop sign,01 - Functioning,03 - P.D. only,02 - Angle,0
17-1418,BRIAN COBURN BLVD @ TENTH LINE RD,384428.33890,5035022.30790,-75.48197576030,45.45059377220,2017-02-09,7:08:00 PM,01 - Clear,07 - Dark,01 - Dry,01 - Traffic signal,01 - Functioning,03 - P.D. only,03 - Rear end,0
17-1419,ST. JOSEPH BLVD @ JEANNE D'ARC BLVD,379860.74250,5036472.70660,-75.54014120910,45.46414884330,2017-02-09,7:08:00 PM,01 - Clear,07 - Dark,01 - Dry,11 - Roundabout,01 - Functioning,03 - P.D. only,02 - Angle,0
17-1420,MERIVALE RD @ SLACK RD,366021.20124,5020957.36917,-75.71902488180,45.32589556800,2017-02-09,7:10:00 PM,01 - Clear,07 - Dark,02 - Wet,01 - Traffic signal,00 - Unknown,03 - P.D. only,04 - Sideswipe,0
17-1421,CEDAR CREEK DR @ HILLMAN MARSH WAY/OLD CROW WA,375548.24907,5020080.27410,-75.59763144920,45.31710821780,2017-02-09,6:00:00 PM,01 - Clear,07 - Dark,01 - Dry,,00 - Unknown,03 - P.D. only,06 - SMV unattended vehicle,0
17-1422,LEVIS AVE btwn OLMSTEAD ST & DUPUIS ST,370456.30121,5033139.99808,-75.66083383860,45.43510987250,2017-02-09,6:00:00 PM,01 - Clear,07 - Dark,02 - Wet,10 - No control,,03 - P.D. only,06 - SMV unattended vehicle,0
17-1423,MACDONALD-CARTIER BR RAMP NB-3 btwn MACDONALD-CARTIER BR RAMP NB-1/NB-,367960.79129,5033293.51919,-75.69270649850,45.43672106310,2017-02-09,10:12:00 PM,01 - Clear,07 - Dark,01 - Dry,10 - No control,,03 - P.D. only,07 - SMV other,0
17-1424,BLACKBURN BYPASS WB btwn NAVAN RD & 1700 W OF NAVAN RD,378569.98627,5032633.18343,-75.55722050710,45.42974100940,2017-02-09,10:40:00 PM,01 - Clear,07 - Dark,01 - Dry,10 - No control,,03 - P.D. only,07 - SMV other,0
17-1425,PRINCE OF WALES DR btwn FALLOWFIELD RD & AMBERWOOD CRES,367487.32200,5020156.93386,-75.70042527670,45.31856397250,2017-02-10,5:20:00 AM,01 - Clear,07 - Dark,01 - Dry,10 - No control,,02 - Non-fatal injury,01 - Approaching,0
17-1426,CARLING AVE @ MAITLAND AVE/SHERBOURNE RD,362942.66915,5026489.73691,-75.75764261290,45.37593710570,2017-02-10,6:45:00 AM,01 - Clear,03 - Dawn,06 - Ice,01 - Traffic signal,01 - Functioning,03 - P.D. only,03 - Rear end,0
17-1427,ANDERSON RD @ INNES RD,376280.74110,5031841.18867,-75.58658817120,45.42285282940,2017-02-10,7:29:00 AM,01 - Clear,01 - Daylight,06 - Ice,01 - Traffic signal,00 - Unknown,03 - P.D. only,03 - Rear end,0
17-1428,CARLING AVE @ FAIRLAWN AVE/WOODROFFE AVE E,361934.68410,5025830.52790,-75.77058762240,45.37008852270,2017-02-03,7:30:00 AM,01 - Clear,01 - Daylight,01 - Dry,01 - Traffic signal,01 - Functioning,03 - P.D. only,03 - Rear end,0
17-1429,VIEWMOUNT DR @ MERIVALE RD,365194.03155,5022949.16430,-75.72933273440,45.34388916320,2017-02-10,7:33:00 AM,01 - Clear,01 - Daylight,01 - Dry,01 - Traffic signal,01 - Functioning,03 - P.D. only,03 - Rear end,0
17-1430,CARLING AVE @ IROQUOIS RD,362214.00282,5026027.08662,-75.76699913480,45.37183431160,2017-02-10,7:44:00 AM,01 - Clear,01 - Daylight,01 - Dry,01 - Traffic signal,01 - Functioning,03 - P.D. only,05 - Turning movement,0
17-1431,BRITTANY DR btwn KRISTIN WAY & MONTREAL RD,371893.19960,5034040.73565,-75.64234782340,45.44307788610,2017-02-10,7:40:00 AM,01 - Clear,01 - Daylight,01 - Dry,10 - No control,,03 - P.D. only,04 - Sideswipe,0
17-1432,FISHER AVE @ SHILLINGTON AVE,365626.69260,5027297.67090,-75.72327694450,45.38297887420,2017-02-10,7:52:00 AM,03 - Snow,01 - Daylight,02 - Wet,01 - Traffic signal,01 - Functioning,03 - P.D. only,05 - Turning movement,0
17-1433,AVIATION PKWY @ MONTREAL RD,372147.24776,5034108.25957,-75.63909145300,45.44366100430,2017-02-10,8:06:00 AM,01 - Clear,01 - Daylight,01 - Dry,01 - Traffic signal,01 - Functioning,03 - P.D. only,02 - Angle,0
17-1434,REGIONAL ROAD 174 btwn OR174 IC102 RAMP51 & REGIONAL ROAD 174,381449.40719,5038153.90893,-75.51956645540,45.47910238210,2017-02-08,5:35:00 PM,01 - Clear,07 - Dark,02 - Wet,10 - No control,,03 - P.D. only,99 - Other,0
17-1435,GRENON AVE @ RICHMOND RD,359806.67050,5024034.63580,-75.79795280170,45.35409938310,2017-02-10,8:20:00 AM,01 - Clear,01 - Daylight,02 - Wet,01 - Traffic signal,01 - Functioning,02 - Non-fatal injury,03 - Rear end,0
17-1436,DESCHAMPS AVE @ VANIER PKWY,369851.74445,5033267.60061,-75.66854311340,45.43631449040,2017-02-10,8:43:00 AM,01 - Clear,01 - Daylight,01 - Dry,01 - Traffic signal,01 - Functioning,03 - P.D. only,02 - Angle,0
17-1437,INNES RD btwn ORCHARDVIEW AVE & PORTOBELLO BLVD,385607.86073,5036881.63717,-75.46659281290,45.46718683860,2017-02-10,8:49:00 AM,01 - Clear,01 - Daylight,01 - Dry,10 - No control,,03 - P.D. only,04 - Sideswipe,0
17-1438,BASELINE RD @ CLYDE AVE,364358.70330,5024889.38720,-75.73975740610,45.36141846800,2017-02-10,8:51:00 AM,01 - Clear,01 - Daylight,06 - Ice,01 - Traffic signal,01 - Functioning,03 - P.D. only,03 - Rear end,0
17-1439,SOUTHFIELD WAY btwn BRANTHAVEN ST & ST. ALEXI WALK,384657.67368,5034784.99841,-75.47908277460,45.44843251180,2017-02-10,8:50:00 AM,01 - Clear,01 - Daylight,01 - Dry,10 - No control,,03 - P.D. only,03 - Rear end,0
17-1440,BANK ST btwn 112 N OF ALBION RD & OT/GL BOUNDARY,371838.57166,5024119.92644,-75.64439439110,45.35381976030,2017-02-10,9:01:00 AM,01 - Clear,01 - Daylight,01 - Dry,10 - No control,,03 - P.D. only,05 - Turning movement,0
17-1441,MACKENZIE AVE @ RIDEAU ST,367870.44967,5032009.95543,-75.69402549430,45.42518015700,2017-02-10,9:06:00 AM,01 - Clear,01 - Daylight,01 - Dry,01 - Traffic signal,01 - Functioning,03 - P.D. only,02 - Angle,0
17-1442,LACROIX AVE btwn TO BE DETERMINED & DUFORD DR (1),382083.16416,5037109.99590,-75.51162539910,45.46964029410,2017-02-09,9:19:00 AM,01 - Clear,01 - Daylight,01 - Dry,10 - No control,,03 - P.D. only,06 - SMV unattended vehicle,0
17-1443,REGIONAL ROAD 174 btwn QUIGLEY HILL RD & CAMERON ST,389661.86656,5042586.49886,-75.41377118510,45.51803173990,2017-02-10,9:44:00 AM,01 - Clear,01 - Daylight,01 - Dry,10 - No control,,02 - Non-fatal injury,03 - Rear end,0
17-1444,HOLLAND AVE/TUNNEY'S PASTURE @ SCOTT ST,364737.91839,5029596.15679,-75.73434584400,45.40373679850,2017-02-10,9:48:00 AM,01 - Clear,01 - Daylight,06 - Ice,01 - Traffic signal,01 - Functioning,03 - P.D. only,03 - Rear end,0
17-1445,MEADOWLANDS DR @ ROWLEY AVE,364325.71331,5023430.38407,-75.74035414260,45.34829334630,2017-02-10,8:45:00 AM,01 - Clear,01 - Daylight,01 - Dry,02 - Stop sign,00 - Unknown,03 - P.D. only,04 - Sideswipe,0
17-1446,CARLING AVE @ CHURCHILL AVE,363774.69226,5027013.53780,-75.74695781480,45.38058065260,2017-02-10,9:52:00 AM,01 - Clear,01 - Daylight,01 - Dry,01 - Traffic signal,01 - Functioning,03 - P.D. only,03 - Rear end,0
17-1447,ST. JOSEPH BLVD @ TENTH LINE RD,382892.64050,5038666.95397,-75.50102707130,45.48355836610,2017-02-10,10:33:00 AM,01 - Clear,01 - Daylight,01 - Dry,01 - Traffic signal,01 - Functioning,03 - P.D. only,04 - Sideswipe,0
17-1448,ALBION RD @ MITCH OWENS RD,375905.51953,5014803.21453,-75.59383169370,45.26959107730,2017-02-10,9:50:00 AM,01 - Clear,01 - Daylight,01 - Dry,01 - Traffic signal,01 - Functioning,03 - P.D. only,03 - Rear end,0
17-1449,CONROY RD @ JOHNSTON RD,373397.55757,5026307.33410,-75.62419589500,45.37335040290,2017-02-09,10:10:00 PM,01 - Clear,07 - Dark,01 - Dry,01 - Traffic signal,01 - Functioning,03 - P.D. only,02 - Angle,0
17-1450,NAVAHO DR @ WOODROFFE AVE/TRANSITWAY N BASELIN,362706.24190,5023490.92493,-75.76101241650,45.34897366600,2017-02-10,8:00:00 AM,01 - Clear,01 - Daylight,02 - Wet,01 - Traffic signal,01 - Functioning,03 - P.D. only,05 - Turning movement,0
17-1451,BASELINE RD @ ROCKWAY CRES,361185.01035,5022930.49711,-75.78048839120,45.34405490600,2017-02-10,10:40:00 AM,01 - Clear,01 - Daylight,01 - Dry,02 - Stop sign,00 - Unknown,03 - P.D. only,02 - Angle,0
17-1452,SMYTH RD @ BOTSFORD ST/DAUPHIN RD,372245.23434,5029262.67060,-75.63850239440,45.40005318080,2017-02-09,4:00:00 PM,01 - Clear,01 - Daylight,01 - Dry,01 - Traffic signal,01 - Functioning,03 - P.D. only,03 - Rear end,0
17-1453,GREENBANK RD @ LISA AVE,360553.17416,5022893.86733,-75.78855455690,45.34377581540,2017-02-10,11:17:00 AM,01 - Clear,01 - Daylight,01 - Dry,01 - Traffic signal,01 - Functioning,02 - Non-fatal injury,03 - Rear end,0
17-1454,BOURASSA ST @ ST. LAURENT BLVD,373235.98153,5029695.43277,-75.62578870920,45.40385083170,2017-02-10,12:23:00 PM,01 - Clear,01 - Daylight,01 - Dry,01 - Traffic signal,01 - Functioning,03 - P.D. only,05 - Turning movement,0
17-1455,ARMSTRONG ST @ GARLAND ST,365582.94363,5029876.43860,-75.72351783030,45.40618584190,2017-02-10,12:25:00 PM,01 - Clear,01 - Daylight,06 - Ice,,00 - Unknown,03 - P.D. only,07 - SMV other,0
17-1456,BANK ST @ HUNT CLUB RD,371608.73650,5024096.13097,-75.64733063980,45.35362759200,2017-02-10,12:40:00 PM,01 - Clear,01 - Daylight,01 - Dry,01 - Traffic signal,01 - Functioning,03 - P.D. only,03 - Rear end,0
17-1457,KIRKWOOD AVE btwn MACY BLVD & DOVERCOURT AVE,364180.06497,5027710.22467,-75.74169829860,45.38681508100,2017-02-10,9:15:00 AM,01 - Clear,01 - Daylight,01 - Dry,10 - No control,,03 - P.D. only,04 - Sideswipe,0
17-1458,CARLING AVE @ SCRIVENS ST,359422.76315,5024257.35235,-75.80282761650,45.35613339680,2017-02-10,1:22:00 PM,01 - Clear,01 - Daylight,01 - Dry,01 - Traffic signal,01 - Functioning,03 - P.D. only,03 - Rear end,0
17-1459,CARLING AVE @ PRESTON ST,366829.71000,5028935.77888,-75.70771062970,45.39761266400,2017-02-10,1:45:00 PM,01 - Clear,01 - Daylight,01 - Dry,01 - Traffic signal,01 - Functioning,03 - P.D. only,03 - Rear end,0
17-1460,AIRPORT PKWY @ HUNT CLUB RD,371019.76257,5023706.70190,-75.65489894840,45.35017949610,2017-02-10,2:26:00 PM,01 - Clear,01 - Daylight,01 - Dry,01 - Traffic signal,01 - Functioning,03 - P.D. only,03 - Rear end,0
17-1461,ST. LAURENT BLVD @ COVENTRY RD/OGILVIE RD,372303.90921,5031951.88702,-75.63738471550,45.42424389300,2017-02-10,2:18:00 PM,01 - Clear,01 - Daylight,01 - Dry,01 - Traffic signal,01 - Functioning,03 - P.D. only,04 - Sideswipe,0
17-1462,HUNT CLUB RD @ LINDBERGH PRIV,368361.39826,5022133.56147,-75.68902381390,45.33627069560,2017-02-10,2:38:00 PM,01 - Clear,01 - Daylight,01 - Dry,02 - Stop sign,01 - Functioning,03 - P.D. only,02 - Angle,0
17-1463,STRANDHERD DR @ LONGFIELDS DR,364550.31144,5015173.69993,-75.73848375990,45.27398112590,2017-02-10,9:10:00 AM,01 - Clear,01 - Daylight,01 - Dry,01 - Traffic signal,01 - Functioning,02 - Non-fatal injury,03 - Rear end,0