COLLISION_ID,LOCATION,X,Y,LONGITUDE,LATITUDE,DATE,TIME,ENVIRONMENT,LIGHT,SURFACE_CONDITION,TRAFFIC_CONTROL,TRAFFIC_CONTROL_CONDITION,COLLISION_CLASSIFICATION,IMPACT_TYPE,NO_OF_PEDESTRIANS
17-1464,CATHERINE ST @ KENT ST,367906.47293,5030189.79897,-75.69379829650,45.40879973430,2017-02-10,4:01:00 PM,01 - Clear,01 - Daylight,01 - Dry,01 - Traffic signal,01 - Functioning,03 - P.D. only,05 - Turning movement,0
17-1465,BRIGADE AVE @ STITTSVILLE MAIN ST,350950.59050,5012494.53013,-75.91205024260,45.25089717470,2017-02-10,4:00:00 PM,01 - Clear,01 - Daylight,02 - Wet,02 - Stop sign,01 - Functioning,03 - P.D. only,03 - Rear end,0
17-1466,RIDEAU ST btwn WELLINGTON ST & MACKENZIE AVE,367835.18821,5031986.63039,-75.69447903960,45.42497346500,2017-02-10,4:15:00 PM,01 - Clear,01 - Daylight,01 - Dry,10 - No control,,03 - P.D. only,03 - Rear end,0
17-1467,WOODROFFE AVE @ KNOXDALE RD/MEDHURST DR,363419.73858,5021825.97970,-75.75210496940,45.33393335320,2017-02-08,7:45:00 AM,01 - Clear,01 - Daylight,02 - Wet,01 - Traffic signal,00 - Unknown,02 - Non-fatal injury,03 - Rear end,0
17-1468,FALLOWFIELD RD @ WOODROFFE AVE,365086.15334,5017904.52779,-75.73132327570,45.29850727690,2017-02-10,5:02:00 PM,01 - Clear,01 - Daylight,01 - Dry,01 - Traffic signal,01 - Functioning,03 - P.D. only,03 - Rear end,0
17-1469,CARLING AVE @ FAIRLAWN AVE/WOODROFFE AVE E,361934.68410,5025830.52790,-75.77058762240,45.37008852270,2017-02-10,5:30:00 PM,01 - Clear,05 - Dusk,01 - Dry,01 - Traffic signal,01 - Functioning,02 - Non-fatal injury,03 - Rear end,0
17-1470,ALTA VISTA DR @ SMYTH RD,370433.05035,5029080.88860,-75.66167160950,45.39858980660,2017-02-10,5:58:00 PM,01 - Clear,07 - Dark,01 - Dry,01 - Traffic signal,01 - Functioning,03 - P.D. only,05 - Turning movement,0
17-1471,CHURCHILL AVE @ SCOTT ST,363097.15874,5028584.54950,-75.75542286600,45.39477309060,2017-02-10,12:00:00 AM,01 - Clear,00 - Unknown,01 - Dry,02 - Stop sign,00 - Unknown,03 - P.D. only,06 - SMV unattended vehicle,0
17-1472,MARCH RD btwn HWY417 IC138 RAMP26 & EAGLESON RD,352929.91675,5020269.19148,-75.88608126150,45.32072299010,2017-02-10,6:41:00 PM,01 - Clear,07 - Dark,01 - Dry,10 - No control,,03 - P.D. only,99 - Other,0
17-1473,VANIER PKWY NB btwn MCARTHUR AVE & VANIER PKWY,370233.71438,5032622.66845,-75.66374721010,45.43047602160,2017-02-10,6:50:00 PM,03 - Snow,07 - Dark,03 - Loose snow,10 - No control,,03 - P.D. only,03 - Rear end,0
17-1474,UPPER DWYER HILL RD btwn MARCH RD & OLD ALMONTE RD,335979.82512,5012180.07717,-76.10278896730,45.24889009880,2017-02-10,7:06:00 PM,03 - Snow,07 - Dark,03 - Loose snow,10 - No control,,03 - P.D. only,07 - SMV other,0
17-1475,BANNER RD @ GREENBANK RD,361019.20346,5021570.19560,-75.78275858580,45.33182824170,2017-02-02,12:00:00 AM,03 - Snow,00 - Unknown,05 - Packed snow,01 - Traffic signal,00 - Unknown,03 - P.D. only,06 - SMV unattended vehicle,0
17-1476,REGIONAL ROAD 174 btwn OR174 IC112 RAMP36 & OR174 IC112 RAMP26,374612.19732,5032703.85619,-75.60778463660,45.43078314640,2017-02-10,6:50:00 PM,01 - Clear,07 - Dark,01 - Dry,10 - No control,,03 - P.D. only,99 - Other,0
17-1477,BLOHM DR @ HUNT CLUB RD,375129.74490,5026189.52600,-75.60210004920,45.37211871610,2017-02-10,7:55:00 PM,03 - Snow,07 - Dark,03 - Loose snow,01 - Traffic signal,01 - Functioning,03 - P.D. only,05 - Turning movement,0
17-1478,MONTREAL RD @ VANIER PKWY,370072.70980,5033065.21687,-75.66574598640,45.43447293440,2017-02-10,8:15:00 PM,03 - Snow,07 - Dark,02 - Wet,01 - Traffic signal,01 - Functioning,03 - P.D. only,04 - Sideswipe,0
17-1479,HUNT CLUB RD @ MALAK ST,374193.73500,5025651.64033,-75.61412420120,45.36737236640,2017-02-10,8:26:00 PM,03 - Snow,07 - Dark,03 - Loose snow,02 - Stop sign,01 - Functioning,03 - P.D. only,07 - SMV other,0
17-1480,DUNROBIN RD btwn HARWOOD LANE & KERWIN RD,346276.34479,5027190.30325,-75.97036605990,45.38342575530,2017-02-10,9:25:00 PM,03 - Snow,07 - Dark,05 - Packed snow,10 - No control,,03 - P.D. only,07 - SMV other,0
17-1481,ARCH ST btwn FLEMING AVE & CANTERBURY AVE,372865.19923,5028178.15295,-75.63073394270,45.39023516580,2017-02-10,9:29:00 PM,03 - Snow,07 - Dark,03 - Loose snow,10 - No control,,03 - P.D. only,05 - Turning movement,0
17-1482,BASELINE RD btwn MORLEY BLVD & PRINCE OF WALES DR,366694.56606,5026355.68162,-75.70976016670,45.37440953320,2017-02-10,9:36:00 PM,03 - Snow,07 - Dark,03 - Loose snow,10 - No control,,02 - Non-fatal injury,07 - SMV other,0
17-1483,SHORELINE DR @ TOTEM DR/COVEHEAD CRES E,368237.45060,5015640.75503,-75.69143614160,45.27786066640,2017-02-10,9:57:00 PM,03 - Snow,07 - Dark,03 - Loose snow,02 - Stop sign,01 - Functioning,03 - P.D. only,07 - SMV other,0
17-1484,BORRISOKANE RD btwn CAMBRIAN RD & STRANDHERD DR,362297.85892,5013339.30775,-75.76740115860,45.25766293060,2017-02-10,10:39:00 PM,04 - Freezing Rain,07 - Dark,06 - Ice,10 - No control,,03 - P.D. only,07 - SMV other,0
17-1485,FARM GATE CRES E @ VIEWMOUNT DR E,366870.45699,5024181.64000,-75.70778778540,45.35483241070,2017-02-10,10:30:00 AM,03 - Snow,01 - Daylight,03 - Loose snow,02 - Stop sign,00 - Unknown,03 - P.D. only,07 - SMV other,0
17-1486,CAMBRIAN RD/GOLFLINKS DR W @ LONGFIELDS DR,365383.02525,5013222.74760,-75.72810975550,45.25635522860,2017-02-10,11:55:00 PM,03 - Snow,07 - Dark,03 - Loose snow,11 - Roundabout,01 - Functioning,03 - P.D. only,07 - SMV other,0
17-1487,CARTIER ST @ FRANK ST,368508.45769,5030979.94593,-75.68600643110,45.41585467360,2017-02-11,1:43:00 AM,03 - Snow,07 - Dark,05 - Packed snow,02 - Stop sign,01 - Functioning,02 - Non-fatal injury,07 - SMV other,1
17-1488,BRIDLE PATH DR @ PIMLICO CRES N,371329.72990,5023792.51210,-75.65093201560,45.35092225290,2017-02-11,2:37:00 AM,03 - Snow,07 - Dark,06 - Ice,02 - Stop sign,01 - Functioning,03 - P.D. only,07 - SMV other,0
17-1489,BRONSON AVE RAMP 26 btwn BRONSON AVE RAMP 24B/24C & HERON RD WB,368739.16927,5026862.70636,-75.68359263670,45.37878801810,2017-02-11,2:51:00 AM,05 - Drifting Snow,07 - Dark,06 - Ice,10 - No control,,03 - P.D. only,04 - Sideswipe,0
17-1490,RICHMOND RD @ HOLLY ACRES RD/NANAIMO DR,359059.42207,5022747.37040,-75.80763042030,45.34257476700,2017-02-11,4:13:00 AM,03 - Snow,07 - Dark,03 - Loose snow,01 - Traffic signal,01 - Functioning,03 - P.D. only,07 - SMV other,0
17-1491,WALKLEY RD @ GLENHAVEN PRIV,370211.70246,5025874.68350,-75.66492343770,45.36976217630,2017-02-11,6:14:00 AM,01 - Clear,03 - Dawn,04 - Slush,01 - Traffic signal,01 - Functioning,03 - P.D. only,07 - SMV other,0
17-1492,LEITRIM RD W @ RUSSELL RD,382610.72745,5026166.19492,-75.50660774850,45.37111810780,2017-02-11,6:40:00 AM,03 - Snow,03 - Dawn,03 - Loose snow,02 - Stop sign,00 - Unknown,03 - P.D. only,07 - SMV other,0
17-1493,CAMPEAU DR @ TERRY FOX DR,350457.10164,5019010.83043,-75.91773742190,45.30956510610,2017-02-11,7:30:00 AM,01 - Clear,01 - Daylight,02 - Wet,01 - Traffic signal,01 - Functioning,03 - P.D. only,05 - Turning movement,0
17-1494,MARCOUX DR S @ ST. GEORGES ST,382762.24576,5036568.19507,-75.50302788350,45.46469017360,2017-02-11,8:21:00 AM,03 - Snow,01 - Daylight,05 - Packed snow,02 - Stop sign,01 - Functioning,03 - P.D. only,02 - Angle,0
17-1495,BYRON AVE @ ROOSEVELT AVE,363035.68940,5028061.92423,-75.75626957550,45.39007570360,2017-02-11,8:55:00 AM,01 - Clear,01 - Daylight,05 - Packed snow,01 - Traffic signal,00 - Unknown,03 - P.D. only,99 - Other,0
17-1496,BUFFLEHEAD WAY btwn SPARTINA ST & FINDLAY CREEK DR,374729.25007,5019842.94348,-75.60810970990,45.31505485100,2017-02-11,8:57:00 AM,03 - Snow,01 - Daylight,04 - Slush,10 - No control,,03 - P.D. only,02 - Angle,0
17-1497,EARL ARMSTRONG RD @ SHORELINE DR,368840.79027,5015288.59103,-75.68379227820,45.27463724190,2017-02-11,9:08:00 AM,01 - Clear,01 - Daylight,04 - Slush,01 - Traffic signal,01 - Functioning,03 - P.D. only,07 - SMV other,0
17-1498,MOORE ST btwn DR. NEELIN DR & MARY HILL CRES,356857.66579,5007085.15746,-75.83736577070,45.20181002930,2017-02-11,10:04:00 AM,03 - Snow,01 - Daylight,03 - Loose snow,10 - No control,,03 - P.D. only,01 - Approaching,0
17-1499,SCHNEIDER RD btwn LEGGET DR & CARLING AVE,351615.89820,5022303.90190,-75.90264880340,45.33912060850,2017-02-10,6:00:00 PM,01 - Clear,05 - Dusk,01 - Dry,10 - No control,,03 - P.D. only,06 - SMV unattended vehicle,0
17-1500,JAMIE AVE @ SUNDERLAND ST,366066.87441,5022020.05420,-75.71831077390,45.33545347830,2017-02-11,11:19:00 AM,01 - Clear,01 - Daylight,05 - Packed snow,02 - Stop sign,01 - Functioning,02 - Non-fatal injury,02 - Angle,0
17-1501,OR174 IC109 RAMP65 @ MONTREAL RD,376403.48148,5034983.17440,-75.58456291620,45.45110993190,2017-02-11,11:30:00 AM,03 - Snow,01 - Daylight,02 - Wet,01 - Traffic signal,00 - Unknown,03 - P.D. only,99 - Other,0
17-1502,ARGYLE AVE S @ ELGIN ST,368509.05236,5030646.25944,-75.68604196850,45.41285222140,2017-02-11,5:00:00 AM,03 - Snow,07 - Dark,05 - Packed snow,02 - Stop sign,01 - Functioning,03 - P.D. only,02 - Angle,0
17-1503,EAGLESON RD btwn EAGLESON RD & FLEWELLYN RD,355311.85990,5014300.33337,-75.85630828990,45.26684671470,2017-02-11,12:08:00 PM,01 - Clear,01 - Daylight,02 - Wet,10 - No control,,02 - Non-fatal injury,03 - Rear end,0
17-1504,MAGWOOD AVE @ RICHMOND RD,359425.41657,5023437.86783,-75.80288428810,45.34875946660,2017-02-11,12:17:00 PM,03 - Snow,01 - Daylight,02 - Wet,02 - Stop sign,01 - Functioning,03 - P.D. only,02 - Angle,0
17-1505,COVENTRY RD @ VANIER PKWY,370677.13537,5031611.32777,-75.65821610070,45.42133477580,2017-02-11,12:34:00 PM,03 - Snow,01 - Daylight,02 - Wet,01 - Traffic signal,01 - Functioning,02 - Non-fatal injury,03 - Rear end,0
17-1506,PRESTON ST btwn CARLING AVE & PRINCE OF WALES DR,366888.08938,5028794.85454,-75.70698277400,45.39633948920,2017-02-11,12:45:00 PM,03 - Snow,01 - Daylight,04 - Slush,10 - No control,,03 - P.D. only,04 - Sideswipe,0
17-1507,CARLING AVE @ FAIRMONT AVE,366115.70190,5028486.55210,-75.71688544230,45.39363352210,2017-02-10,12:00:00 AM,03 - Snow,00 - Unknown,04 - Slush,02 - Stop sign,00 - Unknown,03 - P.D. only,06 - SMV unattended vehicle,0
17-1508,BAYSHORE DR @ RICHMOND RD,359370.43379,5023367.40020,-75.80359368830,45.34812967880,2017-02-11,1:37:00 PM,03 - Snow,01 - Daylight,03 - Loose snow,01 - Traffic signal,01 - Functioning,03 - P.D. only,03 - Rear end,0
17-1509,LEITRIM RD @ ALBION RD,373496.08416,5020418.88597,-75.62375599360,45.32035871880,2017-02-11,2:17:00 PM,01 - Clear,01 - Daylight,02 - Wet,01 - Traffic signal,01 - Functioning,03 - P.D. only,02 - Angle,0
17-1510,GIBBARD AVE @ GREENBANK RD,361428.93343,5020618.35637,-75.77764056310,45.32323065680,2017-02-09,2:28:00 PM,01 - Clear,01 - Daylight,02 - Wet,02 - Stop sign,00 - Unknown,03 - P.D. only,05 - Turning movement,0
17-1511,KENT ST @ MCLEOD ST,367785.95423,5030392.44007,-75.69531191010,45.41063389220,2017-02-11,3:17:00 PM,03 - Snow,01 - Daylight,03 - Loose snow,02 - Stop sign,01 - Functioning,03 - P.D. only,02 - Angle,0
17-1512,HUNT CLUB RD btwn BLOHM DR & HAWTHORNE RD,375453.61499,5026375.45237,-75.59793911710,45.37375901460,2017-02-11,3:42:00 PM,03 - Snow,01 - Daylight,04 - Slush,10 - No control,,03 - P.D. only,03 - Rear end,0
17-1513,NANTES ST btwn BRIAN COBURN BLVD & IVANY WAY,386090.10300,5035721.84700,-75.46061847180,45.45669623560,2017-02-11,12:00:00 AM,01 - Clear,00 - Unknown,04 - Slush,10 - No control,,03 - P.D. only,06 - SMV unattended vehicle,0
17-1514,SOMERSET ST @ SPADINA AVE,365712.71680,5029866.64850,-75.72186138330,45.40608647170,2017-02-11,3:50:00 PM,01 - Clear,01 - Daylight,03 - Loose snow,02 - Stop sign,00 - Unknown,03 - P.D. only,99 - Other,0
17-1515,CATHERINE ST/HWY 417 O'CONN IC119BR76 @ O'CONN,368244.07958,5030391.94420,-75.68945969960,45.41058804930,2017-02-11,3:35:00 PM,01 - Clear,01 - Daylight,02 - Wet,01 - Traffic signal,01 - Functioning,03 - P.D. only,02 - Angle,0
17-1516,HOLLAND AVE @ ISLAND PARK DR/N.C.C. DRIVEWAY,365427.94901,5027917.15987,-75.72573846310,45.38857013690,2017-02-11,5:05:00 PM,01 - Clear,07 - Dark,04 - Slush,01 - Traffic signal,01 - Functioning,03 - P.D. only,05 - Turning movement,0
17-1517,WOODRIDGE CRES btwn BAYSHORE DR & BAYSHORE PS,358988.84261,5023822.76237,-75.80841314670,45.35225662140,2017-02-11,4:30:00 PM,01 - Clear,01 - Daylight,03 - Loose snow,10 - No control,,03 - P.D. only,05 - Turning movement,0
17-1518,MEADOWLANDS DR btwn NESS ST & NE/OT BOUNDARY,366478.26507,5024984.17254,-75.71269275710,45.36208805130,2017-02-11,12:00:00 AM,01 - Clear,00 - Unknown,02 - Wet,10 - No control,,03 - P.D. only,06 - SMV unattended vehicle,0
17-1519,HWY417 IC140 RAMP36 btwn TERRY FOX DR & HIGHWAY 417,350767.68378,5018527.98550,-75.91382157500,45.30520007820,2017-02-11,12:45:00 PM,03 - Snow,01 - Daylight,03 - Loose snow,10 - No control,,03 - P.D. only,04 - Sideswipe,0
17-1520,BOOTH ST @ POPLAR ST,366679.70300,5030058.09220,-75.70948561910,45.40772421110,2017-02-11,6:34:00 PM,03 - Snow,07 - Dark,03 - Loose snow,02 - Stop sign,01 - Functioning,03 - P.D. only,03 - Rear end,0
17-1521,GREENBANK RD @ CANFIELD RD/CRAIG HENRY DR,361107.68227,5021363.93328,-75.78165333010,45.32996520090,2017-02-11,6:47:00 PM,01 - Clear,07 - Dark,02 - Wet,01 - Traffic signal,01 - Functioning,02 - Non-fatal injury,03 - Rear end,0
17-1522,RAMSAYVILLE RD btwn WHYTE SIDE RD & LEITRIM RD,378654.61842,5024059.67137,-75.55742225560,45.35259288100,2017-02-11,8:05:00 PM,01 - Clear,07 - Dark,05 - Packed snow,10 - No control,,03 - P.D. only,07 - SMV other,0
17-1523,CEDARHILL DR N @ CEDARVIEW RD,360635.17306,5017192.82493,-75.78815091420,45.29247116220,2017-02-11,10:10:00 PM,03 - Snow,07 - Dark,03 - Loose snow,02 - Stop sign,01 - Functioning,02 - Non-fatal injury,05 - Turning movement,0
17-1524,REGIONAL ROAD 174 EB btwn HWY417 IC113 RAMP65 & OR174 BLAIR IC112 RAMP51,374754.80635,5032785.19601,-75.60595072810,45.43150074680,2017-02-12,2:56:00 AM,03 - Snow,07 - Dark,04 - Slush,10 - No control,,03 - P.D. only,07 - SMV other,0
17-1525,TIVERTON DR btwn KILMORY CRES & BELIVEAU ST,365598.34052,5024424.35870,-75.72399258780,45.35712780780,2017-02-12,3:56:00 AM,03 - Snow,07 - Dark,03 - Loose snow,10 - No control,,03 - P.D. only,99 - Other,0
17-1526,FOUNTAINHEAD DR btwn STARCROSS ST & WINTERHAVEN DR,381995.39240,5032101.66980,-75.51353355070,45.42458918030,2017-02-11,12:00:00 AM,03 - Snow,00 - Unknown,03 - Loose snow,10 - No control,,03 - P.D. only,06 - SMV unattended vehicle,0
17-1527,COTE DE NEIGES RD btwn CORDOVA ST & END,363640.88213,5023886.06236,-75.74903873290,45.35245128160,2017-02-12,10:13:00 AM,01 - Clear,01 - Daylight,05 - Packed snow,10 - No control,,03 - P.D. only,06 - SMV unattended vehicle,0
17-1528,TERRY FOX DR btwn HUNTSVILLE DR & OLD SECOND LINE RD,348328.97300,5022031.16800,-75.94461052580,45.33687811260,2017-02-12,11:18:00 AM,03 - Snow,01 - Daylight,03 - Loose snow,10 - No control,,03 - P.D. only,05 - Turning movement,0
17-1529,BLAIR RD @ REGIONAL RD 174 S/OR174 IC112 RAMP15,374906.40109,5032661.74386,-75.60403110380,45.43037481340,2017-02-11,11:51:00 AM,01 - Clear,01 - Daylight,02 - Wet,01 - Traffic signal,00 - Unknown,03 - P.D. only,99 - Other,0
17-1530,BASELINE RD/HERON RD @ PRINCE OF WALES DR,366873.28395,5026439.02798,-75.70746812660,45.37514365620,2017-02-12,12:11:00 PM,03 - Snow,01 - Daylight,03 - Loose snow,01 - Traffic signal,01 - Functioning,03 - P.D. only,03 - Rear end,0
17-1531,ROGER STEVENS DR @ SECOND LINE RD,369960.38970,5001498.84596,-75.67132832760,45.15045501210,2017-02-12,12:13:00 PM,03 - Snow,01 - Daylight,05 - Packed snow,02 - Stop sign,00 - Unknown,03 - P.D. only,07 - SMV other,0
17-1532,CARLING AVE @ IROQUOIS RD,362213.35155,5026024.19231,-75.76700778430,45.37180832230,2017-02-12,12:19:00 PM,03 - Snow,01 - Daylight,04 - Slush,01 - Traffic signal,01 - Functioning,03 - P.D. only,02 - Angle,0
17-1533,JOHN QUINN RD btwn STONE SCHOOL RD & BANK ST,383459.37369,5010744.75010,-75.49822169730,45.23227095880,2017-02-12,12:32:00 PM,03 - Snow,01 - Daylight,03 - Loose snow,10 - No control,,03 - P.D. only,07 - SMV other,0
17-1534,MONTREAL RD btwn BETHAMY LANE & OGILVIE RD,375594.57445,5034520.02124,-75.59496998520,45.44702517050,2017-02-12,12:35:00 PM,03 - Snow,01 - Daylight,03 - Loose snow,10 - No control,,03 - P.D. only,02 - Angle,0
17-1535,BASELINE RD @ MERIVALE RD,365055.03085,5025326.18380,-75.73081660830,45.36528918950,2017-02-12,12:49:00 PM,03 - Snow,01 - Daylight,03 - Loose snow,01 - Traffic signal,01 - Functioning,03 - P.D. only,03 - Rear end,0
17-1536,CAMPEAU DR @ KANATA AVE,350596.53934,5019401.94410,-75.91592312490,45.31307537210,2017-02-12,12:57:00 PM,03 - Snow,01 - Daylight,03 - Loose snow,01 - Traffic signal,01 - Functioning,03 - P.D. only,01 - Approaching,0
17-1537,BLAIR RD @ REGIONAL RD 174 S/OR174 IC112 RAMP15,374908.13089,5032662.94972,-75.60400882780,45.43038548910,2017-02-12,2:45:00 AM,03 - Snow,07 - Dark,03 - Loose snow,01 - Traffic signal,00 - Unknown,03 - P.D. only,03 - Rear end,0
17-1538,RAYMOND ST/HWY 417 ROCHEST IC121BR16 @ ROCHEST,366737.71956,5029618.31279,-75.70879977100,45.40376206540,2017-02-12,12:00:00 PM,03 - Snow,01 - Daylight,05 - Packed snow,01 - Traffic signal,01 - Functioning,03 - P.D. only,03 - Rear end,0
17-1539,LEITRIM RD @ RIVER RD,368019.70320,5017177.83343,-75.69401540620,45.29171073280,2017-02-12,1:32:00 PM,03 - Snow,01 - Daylight,03 - Loose snow,02 - Stop sign,00 - Unknown,02 - Non-fatal injury,03 - Rear end,0
17-1540,CARTIER ST @ MACLAREN ST,368362.40077,5031217.73911,-75.68784171720,45.41800753920,2017-02-12,1:32:00 PM,03 - Snow,01 - Daylight,03 - Loose snow,02 - Stop sign,01 - Functioning,03 - P.D. only,02 - Angle,0
17-1541,GREENBANK RD btwn BATEMAN DR/BELLMAN DR & GREENBANK SQUARE SC,361278.43910,5020969.83412,-75.77952002790,45.32640537750,2017-02-12,1:35:00 PM,03 - Snow,01 - Daylight,03 - Loose snow,10 - No control,,03 - P.D. only,03 - Rear end,0
17-1542,BRONSON AVE @ HOLMWOOD AVE,367699.70436,5028729.54350,-75.69662580480,45.39567940120,2017-02-12,1:35:00 PM,03 - Snow,01 - Daylight,04 - Slush,01 - Traffic signal,01 - Functioning,03 - P.D. only,03 - Rear end,0
17-1543,BANK ST btwn HERON RD & ANOKA ST,370003.01730,5026826.95126,-75.66746160980,45.37834982620,2017-02-12,2:19:00 PM,03 - Snow,01 - Daylight,04 - Slush,10 - No control,,03 - P.D. only,02 - Angle,0
17-1544,BAYSWATER AVE @ GLADSTONE AVE,366002.20534,5029479.19067,-75.71821170460,45.40257497210,2017-02-12,1:39:00 PM,03 - Snow,01 - Daylight,03 - Loose snow,01 - Traffic signal,01 - Functioning,03 - P.D. only,02 - Angle,0
17-1545,TENTH LINE RD @ CHARLEMAGNE BLVD N/TOMPKINS AV,383183.38912,5037979.11486,-75.49741811780,45.47733723320,2017-02-12,1:49:00 PM,03 - Snow,01 - Daylight,05 - Packed snow,01 - Traffic signal,01 - Functioning,03 - P.D. only,03 - Rear end,0
17-1546,ST. LAURENT BLVD @ WALKLEY RD,373901.24916,5028046.47987,-75.61752247010,45.38894897420,2017-02-12,2:18:00 PM,03 - Snow,01 - Daylight,03 - Loose snow,01 - Traffic signal,01 - Functioning,03 - P.D. only,03 - Rear end,0
17-1547,CARLING AVE @ RICHMOND RD,360245.67900,5024780.38660,-75.79226653910,45.36077505350,2017-02-12,2:25:00 PM,01 - Clear,01 - Daylight,06 - Ice,01 - Traffic signal,01 - Functioning,03 - P.D. only,03 - Rear end,0
17-1548,WOODROFFE AVE @ KNOXDALE RD/MEDHURST DR,363420.54646,5021827.77672,-75.75209444990,45.33394945500,2017-02-12,3:10:00 PM,03 - Snow,01 - Daylight,03 - Loose snow,01 - Traffic signal,01 - Functioning,02 - Non-fatal injury,02 - Angle,0
17-1549,KILSPINDIE RIDGE btwn FERGUSLEA LANE & KILSPINDIE RIDGE,366272.98900,5012620.92400,-75.71684619180,45.25086283770,2017-02-12,3:21:00 PM,03 - Snow,01 - Daylight,03 - Loose snow,10 - No control,,03 - P.D. only,06 - SMV unattended vehicle,0
17-1550,NAVAN RD @ TRIM RD,388560.54967,5032375.15027,-75.42960619710,45.42629438880,2017-02-12,3:30:00 PM,03 - Snow,01 - Daylight,05 - Packed snow,02 - Stop sign,01 - Functioning,03 - P.D. only,01 - Approaching,0
17-1551,OLD TENTH LINE RD/OR174 IC101 RAMP63 @ ST. JOS,383121.28302,5038784.02249,-75.49808401910,45.48458602640,2017-02-12,4:23:00 PM,03 - Snow,01 - Daylight,04 - Slush,01 - Traffic signal,01 - Functioning,03 - P.D. only,02 - Angle,0
17-1552,EAGLESON RD btwn Continuation of EAGLESON RD & FERNBANK RD,354758.82997,5015686.42136,-75.86321584920,45.27935856340,2017-02-12,4:54:00 PM,03 - Snow,05 - Dusk,03 - Loose snow,10 - No control,,02 - Non-fatal injury,01 - Approaching,0
17-1553,WOODROFFE AVE NB btwn WEST HUNT CLUB RD & SPORTSPLEX N,363714.35793,5021174.29769,-75.74842398010,45.32804489230,2017-02-12,4:56:00 PM,03 - Snow,01 - Daylight,03 - Loose snow,10 - No control,,03 - P.D. only,04 - Sideswipe,0
17-1554,CEDARVIEW RD @ HWY 416 WESTHUNT IC72R24,359608.63647,5019744.15123,-75.80095526620,45.31550900150,2017-02-12,4:57:00 PM,03 - Snow,01 - Daylight,05 - Packed snow,02 - Stop sign,00 - Unknown,03 - P.D. only,03 - Rear end,0
17-1555,ST. JOSEPH BLVD/OLD MONTREAL RD @ TRIM RD,384683.19018,5039284.75270,-75.47802520060,45.48891411900,2017-02-12,5:19:00 PM,03 - Snow,05 - Dusk,05 - Packed snow,11 - Roundabout,01 - Functioning,03 - P.D. only,07 - SMV other,0
17-1556,DONALD ST @ EVE ST,370914.22006,5032338.20667,-75.65508938030,45.42785255760,2017-02-12,6:15:00 PM,03 - Snow,07 - Dark,03 - Loose snow,02 - Stop sign,01 - Functioning,02 - Non-fatal injury,05 - Turning movement,0
17-1557,MARKETPLACE AVE btwn GREENBANK RD & TRANSITWAY SOUTHWEST,364096.39132,5014651.12315,-75.74433085810,45.26931739870,2017-02-12,3:00:00 PM,03 - Snow,01 - Daylight,03 - Loose snow,10 - No control,,03 - P.D. only,07 - SMV other,0
17-1558,BANK ST @ MARCO ST,377859.10275,5015733.46880,-75.56880161350,45.27776090730,2017-02-12,7:01:00 PM,03 - Snow,07 - Dark,03 - Loose snow,02 - Stop sign,01 - Functioning,02 - Non-fatal injury,02 - Angle,0
17-1559,JOCKVALE RD/RIDEAU VALLEY DR @ PRINCE OF WALES,366708.61875,5012191.59601,-75.71135034390,45.24696156550,2017-02-12,8:42:00 PM,03 - Snow,07 - Dark,05 - Packed snow,01 - Traffic signal,01 - Functioning,03 - P.D. only,03 - Rear end,0
17-1560,BRONSON AVE @ SUNNYSIDE AVE/UNIVERSITY RD - CA,367922.71010,5028094.01624,-75.69385909650,45.38994104130,2017-02-12,9:44:00 PM,01 - Clear,07 - Dark,03 - Loose snow,01 - Traffic signal,01 - Functioning,03 - P.D. only,99 - Other,0
17-1561,HERZBERG RD @ CARLING AVE,352036.11906,5022299.36710,-75.89728769100,45.33905163650,2017-02-12,9:53:00 PM,03 - Snow,07 - Dark,05 - Packed snow,01 - Traffic signal,01 - Functioning,03 - P.D. only,07 - SMV other,0
17-1562,OLD TENTH LINE RD @ TENTH LINE RD,383042.76557,5038357.85320,-75.49915618930,45.48076054900,2017-02-12,9:56:00 PM,03 - Snow,07 - Dark,06 - Ice,01 - Traffic signal,01 - Functioning,03 - P.D. only,02 - Angle,0
17-1563,HIGHWAY 417 btwn HWY417 IC115 RAMP61 & REGIONAL ROAD 174,373232.77274,5031706.98125,-75.62555040770,45.42195010030,2017-02-12,9:30:00 PM,03 - Snow,07 - Dark,03 - Loose snow,10 - No control,,03 - P.D. only,07 - SMV other,0
17-1564,BOOTH ST btwn ECCLES ST & ANDERSON ST,366635.14366,5030160.08015,-75.71004201860,45.40864580900,2017-02-12,11:06:00 PM,03 - Snow,07 - Dark,05 - Packed snow,10 - No control,,03 - P.D. only,06 - SMV unattended vehicle,0
17-1565,AIRPORT PKWY @ HUNT CLUB RD,371018.52863,5023702.99883,-75.65491519090,45.35014629330,2017-02-12,12:03:00 AM,03 - Snow,07 - Dark,05 - Packed snow,01 - Traffic signal,01 - Functioning,03 - P.D. only,99 - Other,0
17-1566,WOODROFFE AVE @ CLARIDGE DR/STONEWAY DR N,365577.05351,5016708.14268,-75.72521124260,45.28769998320,2017-02-13,12:02:00 AM,03 - Snow,07 - Dark,05 - Packed snow,01 - Traffic signal,01 - Functioning,03 - P.D. only,07 - SMV other,0