COLLISION_ID,LOCATION,X,Y,LONGITUDE,LATITUDE,DATE,TIME,ENVIRONMENT,LIGHT,SURFACE_CONDITION,TRAFFIC_CONTROL,TRAFFIC_CONTROL_CONDITION,COLLISION_CLASSIFICATION,IMPACT_TYPE,NO_OF_PEDESTRIANS
17-1567,BRONSON AVE @ CATHERINE ST/RAYMOND ST,367252.56474,5029797.00578,-75.70220108130,45.40532415050,2017-02-13,5:50:00 AM,03 - Snow,07 - Dark,06 - Ice,01 - Traffic signal,01 - Functioning,03 - P.D. only,03 - Rear end,0
17-1568,CARLING AVE EB btwn EDGEWORTH AVE & FOX CRES,361440.33405,5025523.83689,-75.77693341780,45.36736906740,2017-02-13,6:01:00 AM,03 - Snow,07 - Dark,06 - Ice,10 - No control,,03 - P.D. only,03 - Rear end,0
17-1569,CRESTHAVEN DR btwn WOODROFFE AVE & SERENA WAY,366372.37076,5014862.48133,-75.71530240610,45.27102361100,2017-02-13,7:03:00 AM,01 - Clear,03 - Dawn,03 - Loose snow,10 - No control,,03 - P.D. only,06 - SMV unattended vehicle,0
17-1570,GENTLE GATE CRES btwn TAPIOLA CRES & TAPIOLA CRES,371680.89865,5025167.30438,-75.64626481160,45.36325876580,2017-02-13,12:00:00 AM,03 - Snow,00 - Unknown,05 - Packed snow,10 - No control,,03 - P.D. only,06 - SMV unattended vehicle,0
17-1571,BRONSON AVE @ SOMERSET ST,366968.93067,5030475.33763,-75.70573846640,45.41145283470,2017-02-13,7:45:00 AM,01 - Clear,01 - Daylight,05 - Packed snow,01 - Traffic signal,01 - Functioning,03 - P.D. only,04 - Sideswipe,0
17-1572,AIRPORT PKWY btwn RAMP & RAMP (4),371289.57328,5022111.54139,-75.65167038280,45.33580120010,2017-02-13,7:51:00 AM,01 - Clear,01 - Daylight,04 - Slush,10 - No control,,03 - P.D. only,01 - Approaching,0
17-1573,LA VERENDRYE DR btwn GATINEAU VIEW CRES & OGILVIE RD,375394.17435,5035182.14949,-75.59743653840,45.45300286960,2017-02-12,12:00:00 AM,03 - Snow,00 - Unknown,03 - Loose snow,10 - No control,,03 - P.D. only,06 - SMV unattended vehicle,0
17-1574,OWL DR @ PIGEON TER,370223.22536,5024078.87973,-75.66501407450,45.35360300310,2017-02-13,8:45:00 AM,01 - Clear,01 - Daylight,04 - Slush,03 - Yield sign,01 - Functioning,02 - Non-fatal injury,07 - SMV other,1
17-1575,MOODIE DR @ ROBERTSON RD,357067.65544,5020456.14700,-75.83328626170,45.32210936560,2017-02-13,8:40:00 AM,01 - Clear,01 - Daylight,04 - Slush,01 - Traffic signal,00 - Unknown,02 - Non-fatal injury,03 - Rear end,0
17-1576,LAKERIDGE DR btwn GOLDENBROOK WAY & TO BE DETERMINED,385023.16308,5034632.08445,-75.47443596690,45.44701487980,2017-02-13,7:00:00 AM,01 - Clear,03 - Dawn,03 - Loose snow,10 - No control,,03 - P.D. only,06 - SMV unattended vehicle,0
17-1577,IONA ST btwn CLARENDON AVE & HARMER AVE N,364952.44449,5028648.92778,-75.73172123020,45.39519543530,2017-02-13,9:00:00 AM,03 - Snow,01 - Daylight,03 - Loose snow,10 - No control,,03 - P.D. only,04 - Sideswipe,0
17-1578,"MCARTHUR AVE @ EGLISE, RUE DE L/MOORVALE ST",371447.21764,5032824.95403,-75.64821278440,45.43218150580,2017-02-13,9:17:00 AM,01 - Clear,01 - Daylight,03 - Loose snow,01 - Traffic signal,01 - Functioning,03 - P.D. only,02 - Angle,0
17-1579,CONROY RD btwn CONROY RD & ROSEBELLA AVE,374170.01820,5024467.42838,-75.61459315720,45.35671967640,2017-02-13,9:22:00 AM,03 - Snow,01 - Daylight,03 - Loose snow,10 - No control,,03 - P.D. only,07 - SMV other,0
17-1580,ARMSTRONG ST btwn MERTON ST & GARLAND ST,365545.94716,5029819.16939,-75.72399745920,45.40567375930,2017-02-13,9:40:00 AM,01 - Clear,01 - Daylight,01 - Dry,10 - No control,,03 - P.D. only,99 - Other,0
17-1581,HERON RD WB btwn TURN LANE & DATA CENTRE RD,368986.00267,5026741.92156,-75.68045696840,45.37767866240,2017-02-13,10:10:00 AM,03 - Snow,01 - Daylight,04 - Slush,10 - No control,,03 - P.D. only,04 - Sideswipe,0
17-1582,AVIATION PKWY @ MONTREAL RD,372145.21566,5034110.45897,-75.63911712560,45.44368098910,2017-02-13,10:18:00 AM,03 - Snow,01 - Daylight,03 - Loose snow,01 - Traffic signal,01 - Functioning,03 - P.D. only,03 - Rear end,0
17-1583,RAINSFORD AVE btwn WILSON ST & CLARKE AVE,372201.98516,5033807.70187,-75.63843298220,45.44095145860,2017-02-13,10:28:00 AM,01 - Clear,01 - Daylight,03 - Loose snow,10 - No control,,03 - P.D. only,99 - Other,0
17-1584,KING GEORGE ST btwn VERA ST & QUILL ST,370635.93662,5032055.92908,-75.65868306620,45.42533899200,2017-02-13,12:00:00 AM,03 - Snow,00 - Unknown,03 - Loose snow,10 - No control,,03 - P.D. only,06 - SMV unattended vehicle,0
17-1585,KLONDIKE RD @ MARCH RD,349263.72147,5024061.24587,-75.93250208230,45.35508662000,2017-02-13,10:42:00 AM,03 - Snow,01 - Daylight,04 - Slush,01 - Traffic signal,01 - Functioning,03 - P.D. only,02 - Angle,0
17-1586,HEMMINGWOOD WAY @ NORTHGATE ST,362062.67640,5023090.62313,-75.76927113930,45.34542461370,2017-02-13,11:34:00 AM,01 - Clear,01 - Daylight,02 - Wet,02 - Stop sign,00 - Unknown,03 - P.D. only,04 - Sideswipe,0
17-1587,TROJAN AVE btwn PAUL AVE & CLARKE AVE,372020.25742,5033583.07411,-75.64078633630,45.43894786300,2017-02-13,12:34:00 PM,01 - Clear,01 - Daylight,03 - Loose snow,10 - No control,,03 - P.D. only,06 - SMV unattended vehicle,0
17-1588,MARIER AVE btwn BARRETTE ST & LAVAL ST,369659.44365,5033875.55035,-75.67092062960,45.44180243630,2017-02-09,12:42:00 PM,01 - Clear,01 - Daylight,01 - Dry,10 - No control,,03 - P.D. only,06 - SMV unattended vehicle,0
17-1589,BASELINE RD @ CLYDE AVE,364359.32496,5024890.18589,-75.73974937480,45.36142560170,2017-02-11,2:30:00 PM,01 - Clear,01 - Daylight,05 - Packed snow,01 - Traffic signal,01 - Functioning,03 - P.D. only,03 - Rear end,0
17-1590,BELL ST    N btwn CHRISTIE ST & WILLOW ST,366896.35423,5030081.79326,-75.70671517700,45.40791827920,2017-02-13,12:53:00 PM,01 - Clear,01 - Daylight,03 - Loose snow,10 - No control,,03 - P.D. only,05 - Turning movement,0
17-1591,HAWTHORNE RD @ HUNT CLUB RD,375508.50037,5026405.40350,-75.59723417440,45.37402296410,2017-02-13,1:04:00 PM,01 - Clear,01 - Daylight,04 - Slush,01 - Traffic signal,01 - Functioning,03 - P.D. only,03 - Rear end,0
17-1592,CAHILL DR @ HUNT CLUB RD,372408.48517,5024541.38360,-75.63706383850,45.35755716500,2017-02-13,1:05:00 PM,01 - Clear,01 - Daylight,02 - Wet,01 - Traffic signal,01 - Functioning,03 - P.D. only,02 - Angle,0
17-1593,ADELINE ST @ PRESTON ST,366780.03485,5029049.21671,-75.70833080210,45.39863774650,2017-02-12,6:40:00 PM,03 - Snow,07 - Dark,03 - Loose snow,02 - Stop sign,00 - Unknown,03 - P.D. only,02 - Angle,0
17-1594,EAGLESON RD btwn HWY417 IC138 RAMP51 & KATIMAVIK RD,353161.81958,5019706.87754,-75.88317831060,45.31564723880,2017-02-13,1:25:00 PM,01 - Clear,01 - Daylight,02 - Wet,10 - No control,,03 - P.D. only,04 - Sideswipe,0
17-1595,MCWATTERS RD btwn LISA AVE & STANTON RD,360617.37078,5023101.99095,-75.78771194630,45.34564340380,2017-02-13,1:49:00 PM,01 - Clear,01 - Daylight,05 - Packed snow,10 - No control,,03 - P.D. only,99 - Other,0
17-1596,CARLING AVE @ KIRKWOOD AVE S,364353.20144,5027336.42340,-75.73953258860,45.38343698370,2017-02-13,1:49:00 PM,01 - Clear,01 - Daylight,01 - Dry,01 - Traffic signal,01 - Functioning,03 - P.D. only,04 - Sideswipe,0
17-1597,LERNER WAY @ MISS OTTAWA ST,375847.29585,5034516.63306,-75.59174011980,45.44696904410,2017-02-13,2:15:00 PM,01 - Clear,01 - Daylight,05 - Packed snow,02 - Stop sign,01 - Functioning,03 - P.D. only,02 - Angle,0
17-1598,CONCORD ST @ MONTCALM ST,369076.75559,5031013.21671,-75.67874178010,45.41610205910,2017-02-13,12:00:00 AM,01 - Clear,00 - Unknown,01 - Dry,02 - Stop sign,00 - Unknown,03 - P.D. only,06 - SMV unattended vehicle,0
17-1599,ST. JOSEPH BLVD/OLD MONTREAL RD @ TRIM RD,384683.03365,5039290.91029,-75.47802620050,45.48896953700,2017-02-13,2:36:00 PM,01 - Clear,01 - Daylight,03 - Loose snow,11 - Roundabout,01 - Functioning,03 - P.D. only,04 - Sideswipe,0
17-1600,ALTA VISTA DR btwn CRESTVIEW RD & ROGER RD,370395.43956,5028847.36655,-75.66218301240,45.39649218590,2017-02-09,12:00:00 AM,01 - Clear,00 - Unknown,01 - Dry,10 - No control,,03 - P.D. only,06 - SMV unattended vehicle,0
17-1601,BRONSON AVE @ GLADSTONE AVE,367133.70410,5030081.56490,-75.70368334000,45.40789512620,2017-02-13,3:13:00 PM,03 - Snow,01 - Daylight,03 - Loose snow,01 - Traffic signal,01 - Functioning,03 - P.D. only,05 - Turning movement,0
17-1602,QUEEN MARY ST @ VANIER PKWY,370364.12270,5031957.99686,-75.66216923490,45.42448336840,2017-02-13,3:15:00 PM,01 - Clear,01 - Daylight,03 - Loose snow,01 - Traffic signal,00 - Unknown,03 - P.D. only,03 - Rear end,0
17-1603,BRONSON AVE btwn GILMOUR ST & CHRISTIE ST,367045.35014,5030289.84447,-75.70478566030,45.40977702910,2017-02-13,3:32:00 PM,01 - Clear,01 - Daylight,02 - Wet,10 - No control,,02 - Non-fatal injury,02 - Angle,0
17-1604,HERON RD @ BAYCREST DR,371146.08738,5026979.17943,-75.65284756580,45.37961221040,2017-02-13,3:36:00 PM,03 - Snow,01 - Daylight,06 - Ice,01 - Traffic signal,01 - Functioning,03 - P.D. only,03 - Rear end,0
17-1605,BOUNDARY RD @ NINTH LINE RD,387598.82000,5023364.99359,-75.44340565510,45.34534378250,2017-02-13,3:44:00 PM,03 - Snow,01 - Daylight,03 - Loose snow,02 - Stop sign,01 - Functioning,03 - P.D. only,05 - Turning movement,0
17-1606,ST. LAURENT BLVD @ TREMBLAY RD,372595.71390,5031244.04514,-75.63375364990,45.41784684440,2017-02-13,3:47:00 PM,01 - Clear,01 - Daylight,02 - Wet,01 - Traffic signal,01 - Functioning,03 - P.D. only,05 - Turning movement,0
17-1607,BATHGATE DR btwn GULF PL & THE ROCKERY PRIV,373235.51603,5034418.10769,-75.62513850510,45.44634316200,2017-02-13,5:02:00 PM,01 - Clear,01 - Daylight,05 - Packed snow,10 - No control,,02 - Non-fatal injury,07 - SMV other,1
17-1608,EAGLESON RD btwn SHATNER GT & HAZELDEAN RD,353613.21624,5018572.40493,-75.87753315150,45.30540778830,2017-02-13,4:00:00 PM,01 - Clear,01 - Daylight,02 - Wet,10 - No control,,03 - P.D. only,03 - Rear end,0
17-1609,QUEEN MARY ST @ VANIER PKWY,370364.71384,5031958.25400,-75.66216164790,45.42448562620,2017-02-11,4:33:00 PM,01 - Clear,01 - Daylight,01 - Dry,01 - Traffic signal,01 - Functioning,03 - P.D. only,07 - SMV other,0
17-1610,INVERKIP AVE btwn ZAIDAN DR & PENNARD WAY,372693.25254,5025589.68601,-75.63328554670,45.36696187680,2017-02-08,7:30:00 PM,03 - Snow,07 - Dark,03 - Loose snow,10 - No control,,03 - P.D. only,06 - SMV unattended vehicle,0
17-1611,BEARBROOK RD @ CENTREPARK DR N,377787.49447,5033366.69523,-75.56711066690,45.43642276660,2017-02-13,5:05:00 PM,01 - Clear,01 - Daylight,04 - Slush,02 - Stop sign,00 - Unknown,03 - P.D. only,03 - Rear end,0
17-1612,CAESAR AVE btwn CLEOPATRA DR & CLEOPATRA DR,365777.93645,5021062.74880,-75.72211484900,45.32686493670,2017-02-13,5:28:00 PM,01 - Clear,07 - Dark,04 - Slush,10 - No control,,03 - P.D. only,02 - Angle,0
17-1613,GARLAND ST @ SOMERSET ST W/WELLINGTON ST,365654.17064,5029846.79577,-75.72261167150,45.40591293440,2017-02-13,12:00:00 AM,03 - Snow,00 - Unknown,04 - Slush,01 - Traffic signal,00 - Unknown,03 - P.D. only,06 - SMV unattended vehicle,0
17-1614,CEDAROCK DR @ STONEHAVEN DR,354727.12300,5016853.96030,-75.86350249150,45.28986658750,2017-02-13,5:10:00 PM,01 - Clear,01 - Daylight,01 - Dry,02 - Stop sign,01 - Functioning,03 - P.D. only,02 - Angle,0
17-1615,FIFTH AVE btwn ADELAIDE ST & O'CONNOR ST,368668.37921,5029561.66890,-75.68414709520,45.40307891430,2017-02-12,12:00:00 AM,03 - Snow,00 - Unknown,03 - Loose snow,10 - No control,,03 - P.D. only,06 - SMV unattended vehicle,0
17-1616,NERTA ST @ ST. LAURENT BLVD,373676.52715,5028602.67935,-75.62031437120,45.39397553960,2017-02-13,6:31:00 PM,01 - Clear,07 - Dark,03 - Loose snow,02 - Stop sign,01 - Functioning,03 - P.D. only,03 - Rear end,0
17-1617,REGIONAL ROAD 174 btwn OR174 IC105 RAMP63 & OR174 IC102 RAMP36,380300.03038,5037538.56383,-75.53436075340,45.47369123870,2017-02-13,6:59:00 PM,01 - Clear,07 - Dark,04 - Slush,10 - No control,,03 - P.D. only,99 - Other,0
17-1618,EAGLESON RD @ MICHAEL COWPLAND DR/STONEHAVEN D,354381.62266,5016623.44410,-75.86792988160,45.28781681230,2017-02-13,6:57:00 PM,01 - Clear,07 - Dark,02 - Wet,01 - Traffic signal,01 - Functioning,03 - P.D. only,99 - Other,0
17-1619,KANATA AVE @ ROBSON CRT,350385.10256,5019565.09357,-75.91860458130,45.31455719220,2017-02-13,7:20:00 PM,01 - Clear,07 - Dark,06 - Ice,02 - Stop sign,01 - Functioning,02 - Non-fatal injury,03 - Rear end,0
17-1620,QUEEN MARY ST @ VANIER PKWY,370364.71384,5031958.92289,-75.66216155890,45.42449164470,2017-02-13,8:45:00 PM,01 - Clear,07 - Dark,00 - Unknown,01 - Traffic signal,01 - Functioning,02 - Non-fatal injury,03 - Rear end,0
17-1621,BASELINE RD @ CLYDE AVE,364359.45377,5024889.38720,-75.73974782720,45.36141840420,2017-02-13,8:44:00 PM,01 - Clear,07 - Dark,02 - Wet,01 - Traffic signal,01 - Functioning,02 - Non-fatal injury,03 - Rear end,0
17-1622,MONTFORT ST btwn BRADLEY AVE & STE. ANNE ST,370517.62009,5033567.62119,-75.65999310570,45.43895167940,2017-02-13,9:54:00 PM,01 - Clear,07 - Dark,03 - Loose snow,10 - No control,,03 - P.D. only,02 - Angle,0
17-1623,BANK ST @ HUNT CLUB RD,371608.73650,5024097.63190,-75.64733043690,45.35364109660,2017-02-14,12:08:00 AM,01 - Clear,07 - Dark,01 - Dry,01 - Traffic signal,01 - Functioning,03 - P.D. only,07 - SMV other,0
17-1624,BANK ST @ JOHN QUINN RD,383418.60370,5010702.30708,-75.49874755610,45.23189363150,2017-02-14,4:40:00 AM,01 - Clear,07 - Dark,01 - Dry,02 - Stop sign,00 - Unknown,03 - P.D. only,07 - SMV other,0
17-1625,O'CONNOR ST @ WELLINGTON ST,367414.44967,5031722.20727,-75.69988870050,45.42263205960,2017-02-14,6:15:00 AM,03 - Snow,03 - Dawn,03 - Loose snow,01 - Traffic signal,01 - Functioning,03 - P.D. only,05 - Turning movement,0
17-1626,CARLING AVE @ WOODROFFE AVE W,361766.18266,5025725.13827,-75.77275078130,45.36915395270,2017-02-10,9:15:00 AM,03 - Snow,01 - Daylight,04 - Slush,01 - Traffic signal,01 - Functioning,03 - P.D. only,03 - Rear end,0
17-1627,CARLING AVE @ WOODROFFE AVE W,361766.93313,5025723.63733,-75.77274137530,45.36914038580,2017-02-14,8:01:00 AM,01 - Clear,01 - Daylight,02 - Wet,01 - Traffic signal,00 - Unknown,02 - Non-fatal injury,03 - Rear end,0
17-1628,RIVERSIDE DR RAMP 42A @ RIVERSIDE DR RAMP 42B,368480.70964,5027090.54503,-75.68686305900,45.38086158500,2017-02-12,3:35:00 PM,02 - Rain,01 - Daylight,03 - Loose snow,03 - Yield sign,01 - Functioning,03 - P.D. only,04 - Sideswipe,0
17-1629,JAMES ST btwn BAY ST & LYON ST N,367388.07969,5030436.59426,-75.70038891970,45.41106687380,2017-02-13,12:00:00 AM,03 - Snow,00 - Unknown,03 - Loose snow,10 - No control,,03 - P.D. only,06 - SMV unattended vehicle,0
17-1630,ALBION RD @ BANK ST,371945.97743,5024129.12417,-75.64302248930,45.35389224260,2017-02-14,8:39:00 AM,01 - Clear,01 - Daylight,04 - Slush,01 - Traffic signal,01 - Functioning,03 - P.D. only,03 - Rear end,0
17-1632,REGIONAL ROAD 174 EB btwn HWY417 IC113 RAMP65 & OR174 BLAIR IC112 RAMP51,374782.80256,5032804.78837,-75.60559018520,45.43167422730,2017-02-14,8:50:00 AM,01 - Clear,01 - Daylight,01 - Dry,10 - No control,,03 - P.D. only,03 - Rear end,0
17-1633,ESPRIT DR btwn VISTAPARK DR & Continuation of ESPRIT DR,385423.27942,5035125.15703,-75.46924094850,45.45140504460,2017-02-14,9:01:00 AM,03 - Snow,01 - Daylight,04 - Slush,10 - No control,,03 - P.D. only,03 - Rear end,0
17-1634,BANNER RD @ GREENBANK RD,361020.66926,5021567.82969,-75.78274015540,45.33180683590,2017-02-14,9:12:00 AM,01 - Clear,01 - Daylight,02 - Wet,01 - Traffic signal,01 - Functioning,03 - P.D. only,05 - Turning movement,0
17-1635,GLADSTONE AVE @ O'CONNOR ST,368076.96261,5030658.19447,-75.69156033670,45.41299881350,2017-02-14,9:11:00 AM,02 - Rain,01 - Daylight,04 - Slush,01 - Traffic signal,01 - Functioning,03 - P.D. only,05 - Turning movement,0
17-1636,HENRY FARM DR @ TERREBONNE DR,363885.02096,5024897.17581,-75.74580230790,45.36152863170,2017-02-14,9:28:00 AM,03 - Snow,01 - Daylight,03 - Loose snow,02 - Stop sign,01 - Functioning,03 - P.D. only,02 - Angle,0
17-1637,FERNBANK RD @ JINKINSON RD,345887.61709,5007695.05878,-75.97694496730,45.20802301600,2017-02-12,6:20:00 PM,03 - Snow,07 - Dark,04 - Slush,02 - Stop sign,00 - Unknown,03 - P.D. only,07 - SMV other,0
17-1638,DONALD ST @ ST. LAURENT BLVD,372092.96243,5032472.96013,-75.64000885220,45.42895259160,2017-02-13,1:15:00 AM,03 - Snow,07 - Dark,04 - Slush,01 - Traffic signal,01 - Functioning,03 - P.D. only,04 - Sideswipe,0
17-1639,RIVERSIDE DR btwn HOG'S BACK RD & RIDGEWOOD AVE,368271.47970,5025657.77192,-75.68971857480,45.36798886370,2017-02-14,10:17:00 AM,01 - Clear,01 - Daylight,01 - Dry,10 - No control,,03 - P.D. only,04 - Sideswipe,0
17-1640,PALLADIUM DR btwn SILVER SEVEN RD & TERRY FOX DR,351142.19063,5017956.01263,-75.90909959960,45.30002870380,2017-02-14,10:32:00 AM,01 - Clear,01 - Daylight,02 - Wet,10 - No control,,02 - Non-fatal injury,02 - Angle,0
17-1641,RICHMOND RD btwn STINSON AVE & STAFFORD RD,358098.82958,5021063.82734,-75.82006836090,45.32749978570,2017-02-14,7:10:00 AM,01 - Clear,03 - Dawn,01 - Dry,10 - No control,,03 - P.D. only,02 - Angle,0
17-1642,KING GEORGE ST btwn VERA ST & QUILL ST,370686.22476,5032063.72636,-75.65803946040,45.42540441390,2017-02-08,12:00:00 AM,01 - Clear,00 - Unknown,05 - Packed snow,10 - No control,,03 - P.D. only,06 - SMV unattended vehicle,0
17-1643,COLONIAL RD btwn BIRCHGROVE RD & CANAAN RD,398428.90732,5035550.90818,-75.30291848170,45.45361402980,2017-02-14,10:35:00 AM,01 - Clear,01 - Daylight,01 - Dry,10 - No control,,01 - Fatal injury,01 - Approaching,0
17-1644,BANNER RD @ GREENBANK RD,361021.67260,5021564.61573,-75.78272772140,45.33177783590,2017-02-14,10:38:00 AM,01 - Clear,01 - Daylight,02 - Wet,01 - Traffic signal,01 - Functioning,02 - Non-fatal injury,03 - Rear end,0
17-1645,WILLARD ST btwn SCOTIA PL & BELLWOOD AVE,368975.50899,5028343.97777,-75.68038265210,45.39209443710,2017-02-13,10:00:00 PM,03 - Snow,07 - Dark,04 - Slush,10 - No control,,03 - P.D. only,06 - SMV unattended vehicle,0
17-1646,MOODIE DR @ RICHMOND RD N,357393.71279,5019688.74429,-75.82920892070,45.31517984340,2017-02-14,10:57:00 AM,01 - Clear,01 - Daylight,01 - Dry,02 - Stop sign,01 - Functioning,02 - Non-fatal injury,02 - Angle,0
17-1647,BASELINE RD @ GREENBANK RD,360597.68430,5022585.62590,-75.78802139070,45.34099872370,2017-02-13,4:00:00 PM,01 - Clear,01 - Daylight,02 - Wet,01 - Traffic signal,01 - Functioning,03 - P.D. only,99 - Other,0
17-1648,MARCH RD btwn TERRY FOX DR & SOLANDT RD,350482.40442,5022718.01273,-75.91707270890,45.34292159080,2017-02-14,11:55:00 AM,03 - Snow,01 - Daylight,02 - Wet,10 - No control,,02 - Non-fatal injury,03 - Rear end,0
17-1649,OGILVIE RD btwn MURDOCK GT & CUMMINGS AVE,372737.46316,5032164.95718,-75.63181568920,45.42611902380,2017-02-14,12:09:00 PM,03 - Snow,01 - Daylight,02 - Wet,10 - No control,,03 - P.D. only,05 - Turning movement,0
17-1650,RICHMOND RD btwn JOHN SUTHERLAND DR & HOLLY ACRES RD,359017.39580,5022657.31411,-75.80817652120,45.34176768730,2017-02-14,12:11:00 PM,03 - Snow,01 - Daylight,02 - Wet,10 - No control,,02 - Non-fatal injury,04 - Sideswipe,0
17-1651,LAURIER AVE @ QUEEN ELIZABETH DRWY/LAURIER AVE,368076.24886,5031624.78585,-75.69144533390,45.42169594700,2017-02-14,1:22:00 PM,01 - Clear,01 - Daylight,02 - Wet,01 - Traffic signal,01 - Functioning,03 - P.D. only,07 - SMV other,1
17-1652,MARIE ST btwn BRITANNIA RD & POULIN AVE,360191.01905,5024929.84435,-75.79294743790,45.36212419080,2017-02-14,1:39:00 PM,01 - Clear,01 - Daylight,01 - Dry,10 - No control,,03 - P.D. only,04 - Sideswipe,0
17-1653,BRITTANY DR @ MONTREAL RD,371913.46227,5033995.70750,-75.64209497550,45.44267079920,2017-02-14,1:43:00 PM,01 - Clear,01 - Daylight,01 - Dry,01 - Traffic signal,01 - Functioning,03 - P.D. only,04 - Sideswipe,0
17-1654,BANK ST @ CATHERINE ST,368040.45587,5030266.44630,-75.69207696710,45.40947728890,2017-02-14,2:17:00 PM,01 - Clear,01 - Daylight,02 - Wet,01 - Traffic signal,01 - Functioning,03 - P.D. only,02 - Angle,0
17-1655,NAIRN ST btwn HALKIRK AVE & KINCARDINE DR,352324.27975,5016846.91114,-75.89413412570,45.28996975430,2017-02-14,2:18:00 PM,03 - Snow,01 - Daylight,03 - Loose snow,10 - No control,,03 - P.D. only,06 - SMV unattended vehicle,0
17-1656,MANN AVE btwn TURN LANE & RUSSELL AVE,369398.09762,5031461.95845,-75.67457762120,45.42011007890,2017-02-14,12:00:00 AM,01 - Clear,00 - Unknown,04 - Slush,10 - No control,,03 - P.D. only,06 - SMV unattended vehicle,0
17-1657,ELGIN ST @ GLOUCESTER ST,367987.78767,5031478.69022,-75.69259433080,45.42038942250,2017-02-14,12:00:00 AM,03 - Snow,00 - Unknown,03 - Loose snow,10 - No control,,03 - P.D. only,06 - SMV unattended vehicle,0
17-1658,JOCKVALE RD/RIDEAU VALLEY DR @ PRINCE OF WALES,366708.56112,5012196.85301,-75.71135042430,45.24700887290,2017-02-10,2:40:00 PM,03 - Snow,01 - Daylight,06 - Ice,01 - Traffic signal,01 - Functioning,03 - P.D. only,05 - Turning movement,0
17-1659,BLAIR RD @ INNES RD,375577.98443,5031439.93033,-75.59562481440,45.41931398690,2017-02-14,2:44:00 PM,03 - Snow,01 - Daylight,06 - Ice,01 - Traffic signal,01 - Functioning,03 - P.D. only,03 - Rear end,0
17-1660,RIVER RD btwn OSGOODE MAIN ST & DALMENY RD,374083.06785,4998066.21758,-75.61938007920,45.11917597010,2017-02-14,3:15:00 PM,01 - Clear,01 - Daylight,01 - Dry,10 - No control,,03 - P.D. only,07 - SMV other,0
17-1661,CARP RD @ HWY 417 CARP IC144R51,347518.31637,5015683.95326,-75.95550039810,45.27981359950,2017-02-14,2:48:00 PM,01 - Clear,01 - Daylight,02 - Wet,02 - Stop sign,01 - Functioning,03 - P.D. only,04 - Sideswipe,0
17-1662,INNES RD @ TENTH LINE RD,383951.76030,5036160.31127,-75.48788455420,45.46088663810,2017-02-14,3:20:00 PM,01 - Clear,01 - Daylight,02 - Wet,01 - Traffic signal,01 - Functioning,03 - P.D. only,99 - Other,0
17-1663,CONROY RD @ LORRY GREENBERG DR,373570.43741,5025878.55823,-75.62204864620,45.36947551270,2017-02-14,3:25:00 PM,01 - Clear,01 - Daylight,02 - Wet,01 - Traffic signal,01 - Functioning,03 - P.D. only,05 - Turning movement,0
17-1664,BRIAN GOOD AVE @ SUMMERHILL ST,368156.68410,5014392.54600,-75.69262474580,45.26663668900,2017-02-14,3:42:00 PM,03 - Snow,01 - Daylight,05 - Packed snow,02 - Stop sign,01 - Functioning,03 - P.D. only,02 - Angle,0
17-1665,FLORA ST @ KENT ST,367828.71340,5030323.56740,-75.69477449280,45.41001034760,2017-02-14,3:58:00 PM,01 - Clear,01 - Daylight,02 - Wet,02 - Stop sign,01 - Functioning,03 - P.D. only,05 - Turning movement,0
17-1666,GREENBANK RD @ HWY 417 IC129 RAMP57/IRIS ST,360531.44479,5023312.45221,-75.78878465210,45.34754396270,2017-02-14,5:21:00 PM,01 - Clear,05 - Dusk,01 - Dry,01 - Traffic signal,01 - Functioning,03 - P.D. only,02 - Angle,0
17-1667,MARCH RD @ MAXWELL RD,347978.86101,5025470.14367,-75.94877710180,45.36784451530,2017-02-14,4:55:00 PM,03 - Snow,05 - Dusk,03 - Loose snow,02 - Stop sign,01 - Functioning,03 - P.D. only,03 - Rear end,0
17-1668,JEANNE D'ARC BLVD @ GREY NUNS DR/YOUVILLE DR,379664.45849,5036710.66196,-75.54261464630,45.46631084650,2017-02-14,5:18:00 PM,03 - Snow,05 - Dusk,03 - Loose snow,01 - Traffic signal,01 - Functioning,03 - P.D. only,05 - Turning movement,0
17-1669,HEMLOCK RD @ LANSDOWNE RD,369848.29223,5034512.80627,-75.66842264720,45.44751864690,2017-02-14,5:34:00 PM,04 - Freezing Rain,07 - Dark,03 - Loose snow,02 - Stop sign,00 - Unknown,03 - P.D. only,01 - Approaching,0
17-1670,KERR AVE btwn BROADVIEW AVE & NADOLNY SACHS PRIV,363275.87853,5026558.58042,-75.75338045380,45.37652882150,2017-02-14,12:00:00 AM,01 - Clear,00 - Unknown,02 - Wet,10 - No control,,03 - P.D. only,06 - SMV unattended vehicle,0
17-1671,TERON RD btwn BEAVERBROOK LANE & BEAVERBROOK RD,351777.20135,5021325.06928,-75.90068366860,45.33030209140,2017-02-14,8:05:00 PM,03 - Snow,07 - Dark,05 - Packed snow,10 - No control,,03 - P.D. only,02 - Angle,0