COLLISION_ID,LOCATION,X,Y,LONGITUDE,LATITUDE,DATE,TIME,ENVIRONMENT,LIGHT,SURFACE_CONDITION,TRAFFIC_CONTROL,TRAFFIC_CONTROL_CONDITION,COLLISION_CLASSIFICATION,IMPACT_TYPE,NO_OF_PEDESTRIANS
17-1672,ROBERTSON RD btwn FITZGERALD RD & MOODIE DR,356928.09459,5020372.92311,-75.83507510540,45.32137088500,2017-02-09,2:00:00 PM,01 - Clear,01 - Daylight,01 - Dry,10 - No control,,03 - P.D. only,99 - Other,0
17-1673,BANK ST @ KILBORN AVE/BELANGER AVE,369655.97131,5027427.92303,-75.67181341930,45.38378938950,2017-02-14,6:03:00 PM,03 - Snow,07 - Dark,03 - Loose snow,01 - Traffic signal,01 - Functioning,03 - P.D. only,05 - Turning movement,0
17-1674,ROCHESTER ST btwn Continuation of ROCHESTER ST & PRIMROSE AVE,366359.40741,5030482.71605,-75.71352398740,45.41157310590,2017-02-14,6:00:00 PM,03 - Snow,05 - Dusk,05 - Packed snow,10 - No control,,03 - P.D. only,06 - SMV unattended vehicle,0
17-1675,DONALD ST btwn LOLA ST & AVE. DU PERE CHARLEBOIS AVE,371120.04476,5032361.22334,-75.65245622090,45.42804016490,2017-02-14,6:23:00 PM,03 - Snow,07 - Dark,03 - Loose snow,10 - No control,,02 - Non-fatal injury,04 - Sideswipe,0
17-1676,VANIER PKWY NB btwn PRESLAND RD & COVENTRY RD,370663.49308,5031619.16289,-75.65838935690,45.42140655730,2017-02-14,6:30:00 PM,03 - Snow,07 - Dark,05 - Packed snow,10 - No control,,03 - P.D. only,03 - Rear end,0
17-1677,ARLINGTON AVE @ KENT ST,367871.17864,5030255.10186,-75.69424079080,45.40939049090,2017-02-14,6:32:00 PM,01 - Clear,07 - Dark,03 - Loose snow,01 - Traffic signal,00 - Unknown,03 - P.D. only,04 - Sideswipe,0
17-1678,PINECREST RD/HWY 417 PINECRE IC129R63 @ TRANSI,360388.08665,5023677.83575,-75.79057290010,45.35084305470,2017-02-14,7:09:00 PM,03 - Snow,07 - Dark,02 - Wet,01 - Traffic signal,01 - Functioning,02 - Non-fatal injury,07 - SMV other,1
17-1679,HERRIDGE ST @ MAIN ST,369218.71180,5030048.92603,-75.67705423000,45.40741265920,2017-02-14,7:09:00 PM,03 - Snow,07 - Dark,05 - Packed snow,02 - Stop sign,01 - Functioning,03 - P.D. only,03 - Rear end,0
17-1680,ST. ANDREW ST btwn KING EDWARD AVE & ROSE ST,368196.60531,5032978.30011,-75.68973332280,45.43386349530,2017-02-14,12:00:00 AM,01 - Clear,00 - Unknown,02 - Wet,10 - No control,,03 - P.D. only,06 - SMV unattended vehicle,0
17-1681,CARP RD @ MARCH RD,342164.55530,5021732.88323,-76.02328235930,45.33454939480,2017-02-14,7:30:00 PM,03 - Snow,07 - Dark,03 - Loose snow,01 - Traffic signal,00 - Unknown,03 - P.D. only,07 - SMV other,0
17-1682,HOLLAND AVE btwn RUSKIN ST & INGLEWOOD PL,365296.67708,5028314.54249,-75.72736602660,45.39215705280,2017-02-14,12:00:00 AM,03 - Snow,00 - Unknown,03 - Loose snow,10 - No control,,03 - P.D. only,06 - SMV unattended vehicle,0
17-1683,BAYSHORE DR btwn WOODRIDGE CRES S & BAYSHORE CS,359209.85006,5023546.57258,-75.80562312950,45.34975435030,2017-02-14,7:59:00 PM,03 - Snow,07 - Dark,03 - Loose snow,10 - No control,,03 - P.D. only,04 - Sideswipe,0
17-1684,EARL ARMSTRONG RD @ RIVER RD,367574.39074,5014684.39750,-75.70000748490,45.26931495750,2017-02-14,8:42:00 PM,03 - Snow,07 - Dark,03 - Loose snow,01 - Traffic signal,01 - Functioning,02 - Non-fatal injury,05 - Turning movement,0
17-1685,GREENBANK RD btwn WEST HUNT CLUB RD & FALLOWFIELD RD,361870.62981,5019591.49867,-75.77212504640,45.31395522530,2017-02-14,8:57:00 PM,03 - Snow,07 - Dark,03 - Loose snow,10 - No control,,02 - Non-fatal injury,01 - Approaching,0
17-1686,GEORGE ST @ PRESTON ST,366620.20234,5029415.43410,-75.71032624110,45.40194700530,2017-02-14,9:27:00 PM,03 - Snow,07 - Dark,05 - Packed snow,01 - Traffic signal,01 - Functioning,03 - P.D. only,06 - SMV unattended vehicle,0
17-1687,BANK ST @ 80 S OF HUNT CLUB RD/TOWNGATE PLAZA,371688.31243,5024096.28711,-75.64631511720,45.35362141060,2017-02-13,2:20:00 PM,01 - Clear,01 - Daylight,02 - Wet,01 - Traffic signal,00 - Unknown,03 - P.D. only,02 - Angle,0
17-1688,GREENBANK RD @ STRANDHERD DR,363932.93343,5014784.79243,-75.74639785610,45.27053391950,2017-02-14,11:00:00 PM,03 - Snow,07 - Dark,03 - Loose snow,01 - Traffic signal,01 - Functioning,02 - Non-fatal injury,05 - Turning movement,0
17-1689,GREENBANK RD @ BERRIGAN DR/WESSEX RD,363724.68504,5015276.42470,-75.74899324170,45.27497511670,2017-02-14,10:27:00 PM,03 - Snow,07 - Dark,03 - Loose snow,01 - Traffic signal,01 - Functioning,03 - P.D. only,02 - Angle,0
17-1690,FROBISHER LANE @ OLD RIVERSIDE DR,370170.49746,5029577.58623,-75.66495899380,45.40308347330,2017-02-14,10:42:00 PM,03 - Snow,07 - Dark,05 - Packed snow,02 - Stop sign,01 - Functioning,03 - P.D. only,01 - Approaching,0
17-1691,ANTOCHI LANE @ MANOTICK MAIN ST,369646.68035,5009135.39180,-75.67432471210,45.21919751950,2017-02-14,10:46:00 PM,03 - Snow,07 - Dark,03 - Loose snow,02 - Stop sign,01 - Functioning,03 - P.D. only,07 - SMV other,0
17-1693,CEDARVIEW RD btwn BRUIN RD & HWY416 IC72 RAMP62,359285.04045,5020743.05127,-75.80497230800,45.32452234600,2017-02-14,10:57:00 PM,03 - Snow,07 - Dark,03 - Loose snow,10 - No control,,03 - P.D. only,07 - SMV other,0
17-1694,LONGFIELDS DR @ WOODROFFE AVE,365421.16990,5017107.17038,-75.72714951110,45.29130387640,2017-02-14,11:36:00 PM,03 - Snow,07 - Dark,03 - Loose snow,01 - Traffic signal,01 - Functioning,03 - P.D. only,07 - SMV other,0
17-1695,ROCHESTER ST @ SOMERSET ST,366481.70510,5030202.19047,-75.71199677610,45.40903824530,2017-02-14,11:43:00 PM,03 - Snow,07 - Dark,05 - Packed snow,01 - Traffic signal,01 - Functioning,03 - P.D. only,03 - Rear end,0
17-1696,ALADDIN LANE @ ALBION RD,372584.73540,5022591.87613,-75.63508169560,45.33999916720,2017-02-15,12:04:00 AM,03 - Snow,07 - Dark,03 - Loose snow,02 - Stop sign,00 - Unknown,03 - P.D. only,02 - Angle,0
17-1697,RIVERSIDE DR @ WALKLEY RD,368419.47437,5024853.15407,-75.68793304760,45.36073570060,2017-02-15,4:32:00 AM,03 - Snow,07 - Dark,05 - Packed snow,01 - Traffic signal,00 - Unknown,03 - P.D. only,07 - SMV other,0
17-1698,BOUNDARY RD btwn HWY417 IC96 RAMP16 & HWY417 IC96 RAMP15,387407.57647,5023858.26431,-75.44576330650,45.34980436140,2017-02-15,6:51:00 AM,03 - Snow,07 - Dark,06 - Ice,10 - No control,,03 - P.D. only,03 - Rear end,0
17-1699,CUMMINGS AVE @ OGILVIE RD,372749.95477,5032173.05484,-75.63165495820,45.42619066870,2017-02-15,8:17:00 AM,03 - Snow,01 - Daylight,03 - Loose snow,01 - Traffic signal,01 - Functioning,03 - P.D. only,05 - Turning movement,0
17-1700,LEMIEUX ST @ ST. LAURENT BLVD,372390.97423,5031743.69010,-75.63630082750,45.42236222750,2017-02-15,8:17:00 AM,03 - Snow,01 - Daylight,05 - Packed snow,01 - Traffic signal,01 - Functioning,03 - P.D. only,02 - Angle,0
17-1701,HALIFAX DR @ WALKLEY RD,373642.98653,5027899.16817,-75.62084084660,45.38764896300,2017-02-15,8:24:00 AM,03 - Snow,01 - Daylight,04 - Slush,01 - Traffic signal,00 - Unknown,03 - P.D. only,05 - Turning movement,0
17-1702,BANK ST btwn WILTON CRES & ECHO DR,368634.58197,5028821.85119,-75.68467452560,45.39642535330,2017-02-15,8:26:00 AM,03 - Snow,01 - Daylight,03 - Loose snow,10 - No control,,03 - P.D. only,04 - Sideswipe,0
17-1703,CRESTHAVEN DR btwn WATERBRIDGE DR & DAYBREAK ST,366940.66629,5016012.30948,-75.70791663160,45.28131969590,2017-02-15,8:35:00 AM,03 - Snow,01 - Daylight,03 - Loose snow,10 - No control,,02 - Non-fatal injury,02 - Angle,0
17-1704,WALKLEY RD btwn HARDING RD & HALIFAX DR,373596.96257,5027872.89164,-75.62143218800,45.38741706000,2017-02-15,8:37:00 AM,03 - Snow,01 - Daylight,05 - Packed snow,10 - No control,,03 - P.D. only,05 - Turning movement,0
17-1705,VANIER PKWY/CRICHTON ST @ BEECHWOOD AVE/ST. PA,369128.01007,5033486.97127,-75.67776387110,45.43835525890,2017-02-15,8:56:00 AM,03 - Snow,01 - Daylight,03 - Loose snow,01 - Traffic signal,01 - Functioning,02 - Non-fatal injury,03 - Rear end,0
17-1706,ALBERT ST btwn BRONSON AVE & BAY ST,366916.61852,5031127.61985,-75.70632452310,45.41732652420,2017-02-15,8:58:00 AM,03 - Snow,01 - Daylight,03 - Loose snow,10 - No control,,02 - Non-fatal injury,03 - Rear end,0
17-1707,OR174 IC109 RAMP65 @ MONTREAL RD,376403.65692,5034983.34059,-75.58456064980,45.45111140930,2017-02-15,9:00:00 AM,03 - Snow,01 - Daylight,03 - Loose snow,01 - Traffic signal,01 - Functioning,02 - Non-fatal injury,02 - Angle,0
17-1708,MOHRS RD btwn KINBURN SIDE RD & CARRYS SIDE RD,328181.00150,5027066.19865,-76.20143681480,45.38314672030,2017-02-15,9:06:00 AM,03 - Snow,01 - Daylight,03 - Loose snow,10 - No control,,03 - P.D. only,07 - SMV other,0
17-1709,SPRATT RD btwn CANYON WALK DR & HOLLOW TRAIL GT,368702.49509,5016198.95727,-75.68543748640,45.28284118530,2017-02-15,9:09:00 AM,03 - Snow,01 - Daylight,05 - Packed snow,10 - No control,,03 - P.D. only,02 - Angle,0
17-1710,BRONSON AVE @ COMMISSIONER ST/SLATER ST,366769.70874,5030948.56770,-75.70822395260,45.41572849200,2017-02-15,8:40:00 AM,03 - Snow,01 - Daylight,03 - Loose snow,01 - Traffic signal,01 - Functioning,03 - P.D. only,02 - Angle,0
17-1711,AIRPORT PKWY @ HUNT CLUB RD,371018.53416,5023702.98280,-75.65491512160,45.35014614880,2017-02-15,9:12:00 AM,03 - Snow,01 - Daylight,03 - Loose snow,01 - Traffic signal,01 - Functioning,02 - Non-fatal injury,03 - Rear end,0
17-1712,CENTREPOINTE DR @ DALECROFT CRT W,362244.93809,5022242.71614,-75.76704394360,45.33778028750,2017-02-15,9:11:00 AM,03 - Snow,01 - Daylight,03 - Loose snow,02 - Stop sign,01 - Functioning,03 - P.D. only,02 - Angle,0
17-1713,OR174 IC109 RAMP65 @ MONTREAL RD,376403.27024,5034982.49641,-75.58456571600,45.45110385330,2017-02-15,9:24:00 AM,03 - Snow,01 - Daylight,04 - Slush,01 - Traffic signal,00 - Unknown,02 - Non-fatal injury,03 - Rear end,0
17-1714,CHAPMAN MILLS DR @ LONGFIELDS DR,364841.82600,5014582.92110,-75.73484018070,45.26864047110,2017-02-15,9:24:00 AM,03 - Snow,01 - Daylight,03 - Loose snow,02 - Stop sign,01 - Functioning,03 - P.D. only,02 - Angle,0
17-1715,OGILVIE RD btwn BATHGATE DR & CITY PARK DR (1),373841.76626,5032808.18669,-75.61761510590,45.43179833940,2017-02-15,9:37:00 AM,03 - Snow,01 - Daylight,05 - Packed snow,10 - No control,,02 - Non-fatal injury,03 - Rear end,0
17-1716,CATHERINE ST @ ELGIN ST,368552.70960,5030577.19667,-75.68549318600,45.41222684260,2017-02-15,8:20:00 AM,03 - Snow,01 - Daylight,03 - Loose snow,01 - Traffic signal,01 - Functioning,03 - P.D. only,04 - Sideswipe,0
17-1717,WEST HUNT CLUB RD btwn TURN LANE & PRINCE OF WALES DR (1),367448.64115,5021904.27988,-75.70069750760,45.33428975250,2017-02-15,9:37:00 AM,03 - Snow,01 - Daylight,04 - Slush,10 - No control,,03 - P.D. only,03 - Rear end,0
17-1718,CRESTWAY DR @ STRANDHERD DR,366345.40186,5015470.75827,-75.71557067130,45.27649921680,2017-02-15,9:46:00 AM,03 - Snow,01 - Daylight,03 - Loose snow,01 - Traffic signal,01 - Functioning,03 - P.D. only,04 - Sideswipe,0
17-1719,ST. LAURENT BLVD @ TRANSITWAY,372444.34745,5031616.36307,-75.63563636710,45.42121143970,2017-02-15,9:48:00 AM,03 - Snow,01 - Daylight,03 - Loose snow,01 - Traffic signal,00 - Unknown,02 - Non-fatal injury,03 - Rear end,0
17-1720,CATHCART ST btwn CATHCART SQ & RAMP,368033.98749,5033085.04103,-75.69179780920,45.43483863560,2017-02-15,12:00:00 AM,03 - Snow,00 - Unknown,03 - Loose snow,10 - No control,,03 - P.D. only,06 - SMV unattended vehicle,0
17-1721,SECOND AVE btwn O'CONNOR ST & QUEEN ELIZABETH DRWY,368638.85717,5029828.11475,-75.68448967510,45.40547900040,2017-02-15,9:50:00 AM,03 - Snow,01 - Daylight,03 - Loose snow,10 - No control,,03 - P.D. only,01 - Approaching,0
17-1722,BAY ST @ WELLINGTON ST,366815.79305,5031351.32180,-75.70758450890,45.41934827110,2017-02-15,9:54:00 AM,03 - Snow,01 - Daylight,03 - Loose snow,01 - Traffic signal,01 - Functioning,03 - P.D. only,02 - Angle,0
17-1723,MONTREAL RD btwn OR174 IC109 RAMP66 & OR174 IC109 RAMP65,376390.36307,5034977.05011,-75.58473150220,45.45105617330,2017-02-15,8:30:00 AM,03 - Snow,01 - Daylight,03 - Loose snow,10 - No control,,03 - P.D. only,04 - Sideswipe,0
17-1724,ESCALLONIA CRT btwn ESCALLONIA CRT & ESCALLONIA CRT,349760.30400,5015963.18900,-75.92689950100,45.28218644760,2017-02-15,9:51:00 AM,03 - Snow,01 - Daylight,03 - Loose snow,10 - No control,,03 - P.D. only,01 - Approaching,0
17-1725,BANK ST btwn WALKLEY RD & SURREY AVE,370369.18204,5025851.66461,-75.66291625110,45.36954034390,2017-02-15,9:56:00 AM,03 - Snow,01 - Daylight,03 - Loose snow,10 - No control,,03 - P.D. only,03 - Rear end,0
17-1726,WOODROFFE AVE @ KNOXDALE RD/MEDHURST DR,363418.93943,5021826.11177,-75.75211514940,45.33393460860,2017-02-15,10:07:00 AM,03 - Snow,01 - Daylight,03 - Loose snow,01 - Traffic signal,01 - Functioning,03 - P.D. only,07 - SMV other,0
17-1727,CONROY RD @ THURSTON DR,373203.48605,5026791.82986,-75.62660626240,45.37772866590,2017-02-15,10:15:00 AM,03 - Snow,01 - Daylight,04 - Slush,01 - Traffic signal,01 - Functioning,03 - P.D. only,03 - Rear end,0
17-1728,BAYSWATER AVE @ SOMERSET ST,365812.70050,5029911.19237,-75.72057873330,45.40647855850,2017-02-15,10:15:00 AM,03 - Snow,01 - Daylight,03 - Loose snow,01 - Traffic signal,01 - Functioning,03 - P.D. only,03 - Rear end,0
17-1729,GREENBANK RD @ MALVERN DR/FOXFIELD DR,363311.52688,5016194.25693,-75.75415037630,45.28326829200,2017-02-15,10:35:00 AM,03 - Snow,01 - Daylight,05 - Packed snow,01 - Traffic signal,01 - Functioning,03 - P.D. only,07 - SMV other,0
17-1730,JEANNE D'ARC BLVD @ OR174 IC105 RAMP52,379455.54248,5036917.88692,-75.54525446520,45.46819765770,2017-02-15,9:30:00 AM,02 - Rain,01 - Daylight,03 - Loose snow,01 - Traffic signal,01 - Functioning,03 - P.D. only,03 - Rear end,0
17-1731,BASELINE RD @ FISHER AVE,366166.35915,5026028.53270,-75.71654406640,45.37151237200,2017-02-15,10:48:00 AM,03 - Snow,01 - Daylight,03 - Loose snow,01 - Traffic signal,01 - Functioning,02 - Non-fatal injury,07 - SMV other,1
17-1732,BASELINE RD @ GREENBANK RD,360598.43477,5022583.37450,-75.78801206900,45.34097840590,2017-02-15,10:51:00 AM,03 - Snow,01 - Daylight,03 - Loose snow,01 - Traffic signal,01 - Functioning,03 - P.D. only,03 - Rear end,0
17-1733,ALBERT ST @ BOOTH ST,366427.68986,5030627.23550,-75.71263363130,45.41286744170,2017-02-15,10:54:00 AM,01 - Clear,01 - Daylight,01 - Dry,01 - Traffic signal,01 - Functioning,03 - P.D. only,03 - Rear end,0
17-1734,SOLARIS DR btwn SOLARIS DR & SOLARIS DR,356784.15450,5015804.14810,-75.83739007180,45.28027104940,2017-02-14,12:00:00 AM,03 - Snow,00 - Unknown,03 - Loose snow,10 - No control,,03 - P.D. only,06 - SMV unattended vehicle,0
17-1735,KING EDWARD AVE @ SOMERSET ST/MARIE CURIE PRIV,368957.90867,5031673.38193,-75.68017415860,45.42205289560,2017-02-15,8:45:00 AM,03 - Snow,01 - Daylight,03 - Loose snow,01 - Traffic signal,01 - Functioning,03 - P.D. only,03 - Rear end,0
17-1736,ORLEANS BLVD @ PINEGLADE CRES/CRESTMONT PL,380610.00353,5034138.43167,-75.53092100940,45.44306595090,2017-02-15,9:00:00 AM,03 - Snow,01 - Daylight,03 - Loose snow,02 - Stop sign,01 - Functioning,03 - P.D. only,05 - Turning movement,0
17-1737,DUMAURIER AVE btwn SPLINTER CRES & ALENMEDE CRES,359840.01205,5023418.71325,-75.79759585550,45.34855470050,2017-02-15,12:00:00 AM,03 - Snow,00 - Unknown,03 - Loose snow,10 - No control,,03 - P.D. only,06 - SMV unattended vehicle,0
17-1738,ROTHBOURNE RD @ MOONSTONE RD,347246.55742,5013967.10399,-75.95911092710,45.26438117390,2017-02-15,11:23:00 AM,01 - Clear,01 - Daylight,03 - Loose snow,02 - Stop sign,01 - Functioning,02 - Non-fatal injury,99 - Other,0
17-1739,INNES RD @ TRIM RD,386566.77210,5037272.43020,-75.45426684700,45.47059120320,2017-02-15,11:28:00 AM,03 - Snow,01 - Daylight,04 - Slush,01 - Traffic signal,01 - Functioning,03 - P.D. only,03 - Rear end,0
17-1740,SLACK RD @ VAAN DR,364945.54613,5020367.98161,-75.73281693440,45.32068530960,2017-02-15,10:45:00 AM,03 - Snow,01 - Daylight,03 - Loose snow,02 - Stop sign,00 - Unknown,03 - P.D. only,04 - Sideswipe,0
17-1741,GRAVELLE CRES btwn INNES RD & INNES RD,377681.84142,5032697.75314,-75.56855991320,45.43041508120,2017-02-15,12:00:00 AM,03 - Snow,00 - Unknown,03 - Loose snow,10 - No control,,03 - P.D. only,06 - SMV unattended vehicle,0
17-1742,ROYDON PL btwn WOODFIELD DR & WEST HUNT CLUB RD,365754.99482,5022393.04020,-75.72224365640,45.33883671760,2017-02-15,12:30:00 PM,01 - Clear,01 - Daylight,02 - Wet,10 - No control,,03 - P.D. only,02 - Angle,0
17-1743,WOODROFFE AVE @ KNOXDALE RD/MEDHURST DR,363419.68990,5021827.72157,-75.75210538440,45.33394903080,2017-02-15,12:34:00 PM,03 - Snow,01 - Daylight,03 - Loose snow,01 - Traffic signal,01 - Functioning,03 - P.D. only,02 - Angle,0
17-1744,JOCKVALE RD/RIDEAU VALLEY DR @ PRINCE OF WALES,366709.52007,5012194.89868,-75.71133845220,45.24699120380,2017-02-15,8:35:00 AM,03 - Snow,01 - Daylight,03 - Loose snow,01 - Traffic signal,01 - Functioning,03 - P.D. only,03 - Rear end,0
17-1745,RIVERSIDE DR @ BROOKFIELD RD/HOG'S BACK RD,368168.46147,5026223.64720,-75.69096098910,45.37308978500,2017-02-12,8:50:00 PM,03 - Snow,07 - Dark,05 - Packed snow,01 - Traffic signal,01 - Functioning,03 - P.D. only,03 - Rear end,0
17-1746,GREENBANK RD @ MALVERN DR/FOXFIELD DR,363311.35195,5016195.10220,-75.75415250590,45.28327591260,2017-02-15,1:23:00 PM,01 - Clear,01 - Daylight,02 - Wet,01 - Traffic signal,01 - Functioning,02 - Non-fatal injury,05 - Turning movement,0
17-1747,FOUR SEASONS DR btwn SHADETREE CRES & SHADETREE CRES,366539.15547,5024012.45609,-75.71203694760,45.35333937400,2017-02-15,2:19:00 PM,01 - Clear,01 - Daylight,03 - Loose snow,10 - No control,,03 - P.D. only,01 - Approaching,0
17-1748,DUNNING RD @ WILHAVEN DR,391044.29216,5040825.68533,-75.39638914150,45.50202052520,2017-02-15,2:44:00 PM,03 - Snow,01 - Daylight,02 - Wet,02 - Stop sign,01 - Functioning,03 - P.D. only,02 - Angle,0
17-1749,CARLING AVE @ BAYSHORE DR/BIRCHDALE AVE,359005.87434,5023990.61210,-75.80817739310,45.35376561850,2017-02-15,2:47:00 PM,01 - Clear,01 - Daylight,02 - Wet,01 - Traffic signal,01 - Functioning,03 - P.D. only,05 - Turning movement,0
17-1750,AYLMER AVE btwn ROSEDALE AVE & GROSVENOR AVE,368396.16273,5028560.31116,-75.68775313650,45.39409379160,2017-02-15,12:00:00 AM,03 - Snow,00 - Unknown,03 - Loose snow,10 - No control,,03 - P.D. only,06 - SMV unattended vehicle,0
17-1751,HENRY FARM DR btwn TERREBONNE DR & BASELINE RD,363953.01206,5024756.44691,-75.74495134680,45.36025663720,2017-02-15,3:21:00 PM,03 - Snow,01 - Daylight,03 - Loose snow,10 - No control,,03 - P.D. only,06 - SMV unattended vehicle,0
17-1752,ALBION RD @ FINDLAY CREEK DR,374010.02490,5019208.54300,-75.61737035090,45.30941798830,2017-02-15,3:30:00 PM,01 - Clear,01 - Daylight,01 - Dry,01 - Traffic signal,01 - Functioning,03 - P.D. only,04 - Sideswipe,0
17-1753,"MCARTHUR AVE @ EGLISE, RUE DE L/MOORVALE ST",371446.46717,5032824.95403,-75.64822237390,45.43218157740,2017-02-15,12:00:00 AM,03 - Snow,00 - Unknown,02 - Wet,01 - Traffic signal,00 - Unknown,03 - P.D. only,06 - SMV unattended vehicle,0
17-1754,ELGIN ST @ SLATER ST,367890.70770,5031649.04424,-75.69381286780,45.42193097250,2017-02-15,4:17:00 PM,03 - Snow,01 - Daylight,03 - Loose snow,01 - Traffic signal,01 - Functioning,03 - P.D. only,04 - Sideswipe,0
17-1755,ELDERBERRY TER @ LAVEROCK BAY,382050.07365,5038621.58201,-75.51181082880,45.48324389480,2017-02-15,4:34:00 PM,03 - Snow,01 - Daylight,02 - Wet,10 - No control,00 - Unknown,03 - P.D. only,02 - Angle,0
17-1756,PLYMOUTH ST btwn LEBRETON ST S & BELL ST S,367077.15170,5029573.33183,-75.70446992250,45.40332722360,2017-02-15,4:15:00 PM,03 - Snow,01 - Daylight,03 - Loose snow,10 - No control,,03 - P.D. only,06 - SMV unattended vehicle,0
17-1757,"MONTREAL RD btwn EGLISE, RUE DE L & ST. LAURENT BLVD",371441.84747,5033768.45196,-75.64815368320,45.44067117830,2017-02-15,4:57:00 PM,03 - Snow,05 - Dusk,04 - Slush,10 - No control,,02 - Non-fatal injury,02 - Angle,0
17-1758,STEVENS AVE @ BEAUDRY ST,370815.57317,5032556.31382,-75.65632066940,45.42982430930,2017-02-15,5:12:00 PM,03 - Snow,01 - Daylight,04 - Slush,02 - Stop sign,01 - Functioning,03 - P.D. only,02 - Angle,0
17-1759,MONTREAL RD btwn ELWOOD ST & BECKENHAM LANE,374455.14470,5034388.93382,-75.60955310330,45.44596019810,2017-02-15,5:20:00 PM,03 - Snow,07 - Dark,03 - Loose snow,10 - No control,,02 - Non-fatal injury,07 - SMV other,1
17-1760,RIVER RD btwn OLD MILL WAY & BRIDGE ST,369466.14698,5010786.58891,-75.67640862520,45.23407148040,2017-02-15,5:19:00 PM,03 - Snow,07 - Dark,03 - Loose snow,10 - No control,,03 - P.D. only,02 - Angle,0
17-1761,HWY417 IC117 RAMP36 btwn HIGHWAY 417 & VANIER PKWY,370756.71645,5031323.51917,-75.65723784540,45.41873769470,2017-02-15,10:00:00 AM,03 - Snow,01 - Daylight,03 - Loose snow,10 - No control,,03 - P.D. only,03 - Rear end,0
17-1762,KINNEAR ST btwn REID AVE & FAIRMONT AVE,365752.74710,5029046.19842,-75.72145146390,45.39870077610,2017-02-15,12:00:00 AM,03 - Snow,00 - Unknown,05 - Packed snow,10 - No control,,03 - P.D. only,06 - SMV unattended vehicle,0
17-1763,BYRON AVE @ SHERBOURNE RD,361905.01435,5027045.86210,-75.77082583780,45.38102639910,2017-02-15,5:56:00 PM,03 - Snow,05 - Dusk,04 - Slush,02 - Stop sign,01 - Functioning,03 - P.D. only,02 - Angle,0
17-1764,MERIVALE RD @ WEST HUNT CLUB RD,365613.02965,5021943.16710,-75.72411018100,45.33480113910,2017-02-15,5:58:00 PM,03 - Snow,07 - Dark,03 - Loose snow,01 - Traffic signal,01 - Functioning,03 - P.D. only,04 - Sideswipe,0
17-1765,BANK ST @ RIVERSIDE DR N,369225.38145,5027985.55269,-75.67723853160,45.38884650010,2017-02-15,5:57:00 PM,03 - Snow,07 - Dark,03 - Loose snow,01 - Traffic signal,01 - Functioning,03 - P.D. only,03 - Rear end,0
17-1766,WOODROFFE AVE @ KNOXDALE RD/MEDHURST DR,363420.69324,5021827.15590,-75.75209265200,45.33394385680,2017-02-15,5:59:00 PM,03 - Snow,07 - Dark,03 - Loose snow,01 - Traffic signal,01 - Functioning,02 - Non-fatal injury,05 - Turning movement,0
17-1767,HERON RD @ BRIAR HILL DR/SANDALWOOD DR,371453.06225,5027011.19991,-75.64892401050,45.37987118180,2017-02-15,6:05:00 PM,03 - Snow,07 - Dark,04 - Slush,01 - Traffic signal,01 - Functioning,03 - P.D. only,03 - Rear end,0
17-1768,BEARBROOK RD/ROCKCLIFFE PKWY @ ST. JOSEPH BLVD,377129.15412,5035240.83125,-75.57524864970,45.45335343190,2017-02-15,6:06:00 PM,03 - Snow,07 - Dark,04 - Slush,01 - Traffic signal,01 - Functioning,03 - P.D. only,99 - Other,0
17-1769,BASELINE RD btwn FERGUSON ST & CORDOVA ST,363573.95576,5024398.15516,-75.74983193230,45.35706464990,2017-02-15,6:05:00 PM,03 - Snow,07 - Dark,03 - Loose snow,10 - No control,,03 - P.D. only,04 - Sideswipe,0
17-1770,ST. LAURENT BLVD @ WALKLEY RD,373903.75344,5028044.84841,-75.61749072170,45.38893404760,2017-02-15,6:06:00 PM,03 - Snow,07 - Dark,03 - Loose snow,01 - Traffic signal,01 - Functioning,03 - P.D. only,05 - Turning movement,0
17-1771,CEDARVIEW RD @ FALLOWFIELD RD,361296.33944,5015665.11100,-75.77989624240,45.27867185260,2017-02-15,6:11:00 PM,03 - Snow,07 - Dark,03 - Loose snow,01 - Traffic signal,01 - Functioning,03 - P.D. only,02 - Angle,0
17-1772,DONALD ST @ QUILL ST,370700.94037,5032316.04864,-75.65781766920,45.42767331630,2017-02-15,6:24:00 PM,02 - Rain,07 - Dark,03 - Loose snow,01 - Traffic signal,01 - Functioning,03 - P.D. only,03 - Rear end,0
17-1773,GREENBANK RD @ JOCKVALE RD,364123.18874,5014332.28947,-75.74402746790,45.26644626750,2017-02-15,6:31:00 PM,03 - Snow,07 - Dark,05 - Packed snow,01 - Traffic signal,00 - Unknown,03 - P.D. only,03 - Rear end,0
17-1774,BATHGATE DR @ MATHESON RD,373641.71620,5033372.20657,-75.62009266650,45.43689281620,2017-02-15,6:28:00 PM,03 - Snow,07 - Dark,04 - Slush,02 - Stop sign,01 - Functioning,03 - P.D. only,03 - Rear end,0
17-1775,VALOUR DR btwn ALTA VISTA DR & REMEMBRANCE CRES,370698.69198,5029267.88081,-75.65825396400,45.40024733940,2017-02-15,5:00:00 PM,03 - Snow,07 - Dark,03 - Loose snow,10 - No control,,03 - P.D. only,02 - Angle,0