COLLISION_ID,LOCATION,X,Y,LONGITUDE,LATITUDE,DATE,TIME,ENVIRONMENT,LIGHT,SURFACE_CONDITION,TRAFFIC_CONTROL,TRAFFIC_CONTROL_CONDITION,COLLISION_CLASSIFICATION,IMPACT_TYPE,NO_OF_PEDESTRIANS
17-1776,TERRY FOX DR btwn MARCH VALLEY RD & HERZBERG RD,351148.68842,5023563.75093,-75.90849183280,45.35048800350,2017-02-15,6:35:00 PM,03 - Snow,07 - Dark,02 - Wet,10 - No control,,03 - P.D. only,02 - Angle,0
17-1777,COLONIAL RD/SMITH RD @ TRIM RD,388795.79714,5031788.50231,-75.42670047990,45.42098812230,2017-02-15,6:45:00 PM,01 - Clear,07 - Dark,03 - Loose snow,02 - Stop sign,01 - Functioning,03 - P.D. only,02 - Angle,0
17-1778,BASELINE RD @ NAVAHO DR,363085.35625,5024097.50630,-75.75610314370,45.35440022700,2017-02-15,6:44:00 PM,03 - Snow,07 - Dark,03 - Loose snow,01 - Traffic signal,01 - Functioning,03 - P.D. only,05 - Turning movement,0
17-1779,CARLING AVE WB btwn ANCASTER AVE & WOODROFFE AVE,361899.56194,5025827.18912,-75.77103636090,45.37006134290,2017-02-15,6:49:00 PM,03 - Snow,07 - Dark,04 - Slush,10 - No control,,02 - Non-fatal injury,04 - Sideswipe,0
17-1780,GREENBANK RD @ STRANDHERD DR,363934.01835,5014784.41720,-75.74638407580,45.27053045220,2017-02-15,6:57:00 PM,03 - Snow,07 - Dark,04 - Slush,01 - Traffic signal,01 - Functioning,02 - Non-fatal injury,05 - Turning movement,0
17-1781,CATHERINE ST @ ELGIN ST,368554.38184,5030576.90300,-75.68547186210,45.41222404770,2017-02-15,7:11:00 PM,03 - Snow,07 - Dark,03 - Loose snow,01 - Traffic signal,01 - Functioning,03 - P.D. only,04 - Sideswipe,0
17-1782,MEADOWLANDS DR btwn VIEWMOUNT DR & INDIAN RD,363879.97703,5023182.17112,-75.74607162310,45.34609764030,2017-02-15,7:12:00 PM,03 - Snow,07 - Dark,05 - Packed snow,10 - No control,,03 - P.D. only,03 - Rear end,0
17-1783,FERNBANK RD @ SHEA RD,352053.78295,5013123.49680,-75.89793674950,45.25648361050,2017-02-15,7:14:00 PM,03 - Snow,07 - Dark,03 - Loose snow,11 - Roundabout,01 - Functioning,03 - P.D. only,02 - Angle,0
17-1784,TENTH LINE RD @ CHARLEMAGNE BLVD S/DES EPINETT,383640.97510,5036900.45590,-75.49173924100,45.46758093120,2017-02-15,7:31:00 PM,03 - Snow,07 - Dark,03 - Loose snow,01 - Traffic signal,01 - Functioning,02 - Non-fatal injury,05 - Turning movement,0
17-1785,CAMEO DR @ MAITLAND AVE,364153.54338,5025146.81080,-75.74234504040,45.36375213050,2017-02-15,7:57:00 PM,03 - Snow,07 - Dark,03 - Loose snow,02 - Stop sign,01 - Functioning,03 - P.D. only,02 - Angle,0
17-1786,HAZELDEAN RD @ HUNTMAR DR/IBER RD,350941.84743,5016079.05697,-75.91182860390,45.28315250050,2017-02-15,9:02:00 PM,03 - Snow,07 - Dark,02 - Wet,01 - Traffic signal,01 - Functioning,03 - P.D. only,03 - Rear end,0
17-1787,HUNT CLUB RD @ RIVERSIDE DR,368037.45347,5021945.12327,-75.69318067270,45.33460443670,2017-02-15,9:07:00 PM,03 - Snow,07 - Dark,06 - Ice,01 - Traffic signal,01 - Functioning,03 - P.D. only,03 - Rear end,0
17-1788,WOODROFFE AVE btwn GRENFELL CRES & 260 N OF FALLOWFIELD RD/TRANSITWAY,364564.69418,5019194.31216,-75.73781602430,45.31015724070,2017-02-15,9:20:00 PM,03 - Snow,07 - Dark,03 - Loose snow,10 - No control,,03 - P.D. only,07 - SMV other,0
17-1789,MERIVALE RD/LOTTA AVE @ CLYDE AVE,364522.11376,5024508.24683,-75.73771777690,45.35797511830,2017-02-15,9:00:00 PM,03 - Snow,07 - Dark,03 - Loose snow,01 - Traffic signal,01 - Functioning,03 - P.D. only,05 - Turning movement,0
17-1790,WOODROFFE AVE btwn 260 N OF FALLOWFIELD RD/TRANSITWAY & FALLOWFIELD RD,365009.89916,5018093.82545,-75.73227247630,45.30021710600,2017-02-15,9:31:00 PM,03 - Snow,07 - Dark,03 - Loose snow,10 - No control,,03 - P.D. only,04 - Sideswipe,0
17-1791,GREENBANK RD @ WEST HUNT CLUB RD,361481.09840,5020501.97753,-75.77698851930,45.32217926950,2017-02-15,6:40:00 PM,03 - Snow,07 - Dark,04 - Slush,01 - Traffic signal,01 - Functioning,03 - P.D. only,04 - Sideswipe,0
17-1792,CARLING AVE @ WOODROFFE AVE W,361767.76721,5025726.01517,-75.77273045360,45.36916171420,2017-02-15,9:38:00 PM,01 - Clear,07 - Dark,05 - Packed snow,01 - Traffic signal,01 - Functioning,03 - P.D. only,04 - Sideswipe,0
17-1793,MAIN ST btwn HERRIDGE ST & CLEGG ST,369265.35278,5029937.62211,-75.67647300870,45.40640689130,2017-02-15,10:19:00 PM,03 - Snow,07 - Dark,05 - Packed snow,10 - No control,,03 - P.D. only,06 - SMV unattended vehicle,0
17-1794,BASELINE RD @ WOODROFFE AVE,362550.02465,5023771.17360,-75.76297313380,45.35150820390,2017-02-15,11:03:00 PM,01 - Clear,07 - Dark,05 - Packed snow,01 - Traffic signal,01 - Functioning,02 - Non-fatal injury,02 - Angle,0
17-1795,BRONSON AVE btwn PLYMOUTH ST & RENFREW AVE,367328.40230,5029619.47143,-75.70125490280,45.40371997700,2017-02-15,11:50:00 PM,01 - Clear,07 - Dark,04 - Slush,10 - No control,,03 - P.D. only,05 - Turning movement,0
17-1796,CARLING AVE @ KIRKWOOD AVE S,364352.03495,5027338.21800,-75.73954726510,45.38345323040,2017-02-15,7:40:00 PM,03 - Snow,07 - Dark,03 - Loose snow,01 - Traffic signal,01 - Functioning,03 - P.D. only,04 - Sideswipe,0
17-1797,BESSERER ST @ WALLER ST,368316.26775,5032191.97780,-75.68830550460,45.42677759100,2017-02-16,12:59:00 AM,01 - Clear,07 - Dark,01 - Dry,01 - Traffic signal,01 - Functioning,02 - Non-fatal injury,03 - Rear end,0
17-1798,OGILVIE RD btwn ELMLEA GT & 125 E OF ELMLEA GT (2),375170.32196,5033598.45387,-75.60052468930,45.43877628870,2017-02-16,5:22:00 AM,01 - Clear,07 - Dark,03 - Loose snow,10 - No control,,03 - P.D. only,02 - Angle,0
17-1799,GREENBANK RD @ WEST HUNT CLUB RD,361479.34255,5020502.47920,-75.77701085660,45.32218392550,2017-02-16,7:02:00 AM,03 - Snow,03 - Dawn,06 - Ice,01 - Traffic signal,01 - Functioning,03 - P.D. only,02 - Angle,0
17-1800,BASELINE RD @ CLYDE AVE,364357.69996,5024890.51290,-75.73977007610,45.36142868210,2017-02-16,7:00:00 AM,03 - Snow,03 - Dawn,05 - Packed snow,01 - Traffic signal,01 - Functioning,03 - P.D. only,04 - Sideswipe,0
17-1801,LEITRIM RD btwn 810 W OF HAWTHORNE & HAWTHORNE RD,376797.73703,5022456.81401,-75.58135111670,45.33836424040,2017-02-16,7:15:00 AM,03 - Snow,01 - Daylight,05 - Packed snow,10 - No control,,03 - P.D. only,03 - Rear end,0
17-1802,BASELINE RD btwn PINECREST RD & ROCKWAY CRES,360800.69433,5022706.90823,-75.78541745610,45.34207384390,2017-02-16,7:23:00 AM,03 - Snow,01 - Daylight,06 - Ice,10 - No control,,03 - P.D. only,03 - Rear end,0
17-1803,FISHER AVE btwn EMPEROR AVE & TRENT ST,365727.88786,5027056.13392,-75.72201466580,45.38079678060,2017-02-16,7:10:00 AM,03 - Snow,03 - Dawn,06 - Ice,10 - No control,,03 - P.D. only,01 - Approaching,0
17-1804,GREENBANK RD @ LISA AVE,360555.67844,5022892.15431,-75.78852279730,45.34376020280,2017-02-16,7:31:00 AM,03 - Snow,01 - Daylight,03 - Loose snow,01 - Traffic signal,01 - Functioning,03 - P.D. only,03 - Rear end,0
17-1805,RICHMOND RD btwn POULIN AVE & 140 E OF POULIN AVE,360384.40939,5024992.42263,-75.79047201030,45.36267195970,2017-02-16,7:36:00 AM,03 - Snow,01 - Daylight,06 - Ice,10 - No control,,03 - P.D. only,99 - Other,0
17-1806,GREENBANK RD @ WEST HUNT CLUB RD,361479.34255,5020501.81030,-75.77701093320,45.32217790680,2017-02-16,7:44:00 AM,03 - Snow,01 - Daylight,06 - Ice,01 - Traffic signal,01 - Functioning,03 - P.D. only,03 - Rear end,0
17-1807,WEST HUNT CLUB RD WB btwn GREENBANK RD & KNOXDALE RD,361559.61011,5020543.95077,-75.77598231110,45.32255060140,2017-02-16,7:57:00 AM,01 - Clear,01 - Daylight,06 - Ice,10 - No control,,03 - P.D. only,07 - SMV other,0
17-1808,JEANNE D'ARC BLVD  S btwn HENRI LAUZON ST & BOYER RD,380620.91912,5036181.01817,-75.53046663470,45.46144236850,2017-02-16,8:04:00 AM,01 - Clear,01 - Daylight,04 - Slush,10 - No control,,02 - Non-fatal injury,03 - Rear end,0
17-1809,CONSTELLATION CRES @ BASELINE RD,362273.38800,5023598.19407,-75.76652348570,45.34997447230,2017-02-16,8:11:00 AM,03 - Snow,01 - Daylight,05 - Packed snow,01 - Traffic signal,01 - Functioning,03 - P.D. only,03 - Rear end,0
17-1810,CEDARVIEW RD @ HWY 416 WESTHUNT IC72R42,359598.18700,5019763.17399,-75.80108642790,45.31568098540,2017-02-16,8:15:00 AM,03 - Snow,01 - Daylight,05 - Packed snow,10 - No control,,03 - P.D. only,04 - Sideswipe,0
17-1811,WEST HUNT CLUB RD @ WOODROFFE AVE,363669.68766,5021246.48900,-75.74898520840,45.32869821300,2017-02-16,8:27:00 AM,03 - Snow,01 - Daylight,06 - Ice,01 - Traffic signal,01 - Functioning,03 - P.D. only,03 - Rear end,0
17-1812,BASELINE RD @ CLYDE AVE,364359.93787,5024888.04376,-75.73974181030,45.36140627540,2017-02-16,8:30:00 AM,03 - Snow,01 - Daylight,06 - Ice,01 - Traffic signal,01 - Functioning,03 - P.D. only,03 - Rear end,0
17-1813,GLOUCESTER ST btwn KENT ST & BANK ST,367379.44043,5031109.27454,-75.70041386940,45.41712021660,2017-02-16,8:25:00 AM,01 - Clear,01 - Daylight,03 - Loose snow,10 - No control,,03 - P.D. only,06 - SMV unattended vehicle,0
17-1814,PRESTON ST @ PRIMROSE AVE,366210.81100,5030349.40827,-75.71543886690,45.41038669350,2017-02-15,9:10:00 AM,03 - Snow,01 - Daylight,03 - Loose snow,02 - Stop sign,00 - Unknown,03 - P.D. only,03 - Rear end,0
17-1815,BASELINE RD @ CLYDE AVE,364358.70330,5024890.88813,-75.73975722530,45.36143197290,2017-02-16,8:45:00 AM,01 - Clear,01 - Daylight,04 - Slush,01 - Traffic signal,01 - Functioning,03 - P.D. only,03 - Rear end,0
17-1816,BASELINE RD btwn CORDOVA ST & BASSANO ST,363616.76512,5024422.90433,-75.74928263330,45.35728374970,2017-02-16,8:48:00 AM,03 - Snow,01 - Daylight,06 - Ice,10 - No control,,03 - P.D. only,99 - Other,0
17-1817,WEST HUNT CLUB RD @ WOODROFFE AVE,363671.02545,5021245.15121,-75.74896830360,45.32868606330,2017-02-16,8:52:00 AM,04 - Freezing Rain,01 - Daylight,06 - Ice,01 - Traffic signal,01 - Functioning,03 - P.D. only,03 - Rear end,0
17-1818,WOODROFFE AVE btwn MEADOWLANDS DR/TALLWOOD DR & NORICE ST,363078.42873,5022677.65149,-75.75635886740,45.34162506830,2017-02-16,8:48:00 AM,03 - Snow,01 - Daylight,05 - Packed snow,10 - No control,,03 - P.D. only,05 - Turning movement,0
17-1819,STEWART ST btwn CUMBERLAND ST & KING EDWARD AVE,368516.26244,5032133.21003,-75.68575757210,45.42623062970,2017-02-16,8:51:00 AM,03 - Snow,01 - Daylight,05 - Packed snow,10 - No control,,03 - P.D. only,06 - SMV unattended vehicle,0
17-1820,MAITLAND AVE/HWY 417 MAITLAND IC126R53 @ HWY 4,363230.05593,5025774.64248,-75.75405820680,45.36947887130,2017-02-16,8:54:00 AM,01 - Clear,01 - Daylight,06 - Ice,01 - Traffic signal,00 - Unknown,03 - P.D. only,04 - Sideswipe,0
17-1821,CARLING AVE @ BEDALE DR,357223.65990,5023712.38350,-75.83095148070,45.35139760660,2017-02-16,8:54:00 AM,01 - Clear,01 - Daylight,01 - Dry,01 - Traffic signal,01 - Functioning,03 - P.D. only,03 - Rear end,0
17-1822,CEDARVIEW RD @ WEST HUNT CLUB RD,359720.45636,5019555.03304,-75.79955015560,45.31379856830,2017-02-15,9:06:00 AM,01 - Clear,01 - Daylight,02 - Wet,01 - Traffic signal,00 - Unknown,03 - P.D. only,03 - Rear end,0
17-1823,CLYDE AVE btwn DOHENY ST & DOBBIE ST,363603.69812,5026670.99323,-75.74918182980,45.37751286030,2017-02-16,9:00:00 AM,01 - Clear,01 - Daylight,01 - Dry,10 - No control,,02 - Non-fatal injury,03 - Rear end,0
17-1824,WOODROFFE AVE @ GEORGINA DR/LENESTER AVE,361908.18566,5025370.14397,-75.77097910540,45.36594818760,2017-02-16,9:22:00 AM,05 - Drifting Snow,01 - Daylight,04 - Slush,01 - Traffic signal,00 - Unknown,02 - Non-fatal injury,01 - Approaching,0
17-1825,FALLOWFIELD RD @ GREENBANK RD,363080.34125,5016733.79309,-75.75703369070,45.28814225300,2017-02-16,9:23:00 AM,03 - Snow,01 - Daylight,04 - Slush,01 - Traffic signal,01 - Functioning,02 - Non-fatal injury,03 - Rear end,0
17-1826,FALLOWFIELD RD @ GREENBANK RD,363081.42617,5016734.33147,-75.75701979690,45.28814700750,2017-02-16,9:32:00 AM,01 - Clear,01 - Daylight,04 - Slush,01 - Traffic signal,01 - Functioning,02 - Non-fatal injury,03 - Rear end,0
17-1827,GREENBANK RD @ BERRIGAN DR/WESSEX RD,363724.01615,5015275.75580,-75.74900184560,45.27496915390,2017-02-16,9:36:00 AM,03 - Snow,01 - Daylight,03 - Loose snow,01 - Traffic signal,01 - Functioning,03 - P.D. only,05 - Turning movement,0
17-1828,BASELINE RD @ CENTREPOINTE DR W/COBDEN RD,361633.68140,5023208.74497,-75.77473152800,45.34652236020,2017-02-16,9:38:00 AM,01 - Clear,01 - Daylight,06 - Ice,01 - Traffic signal,01 - Functioning,03 - P.D. only,03 - Rear end,0
17-1829,ST. LAURENT BLVD @ MCARTHUR AVE,371922.91358,5032888.67263,-75.64212513100,45.43270931950,2017-02-16,9:30:00 AM,03 - Snow,01 - Daylight,04 - Slush,01 - Traffic signal,00 - Unknown,03 - P.D. only,03 - Rear end,0
17-1830,SMYTH RD btwn CUBA AVE & RUSSELL RD,373192.01644,5029367.16604,-75.62639578500,45.40090153420,2017-02-16,9:57:00 AM,01 - Clear,01 - Daylight,02 - Wet,10 - No control,,02 - Non-fatal injury,02 - Angle,0
17-1831,EPWORTH AVE btwn BASSANO ST & PENDER ST,364293.44495,5023823.29546,-75.74071863220,45.35183145420,2017-02-16,10:03:00 AM,01 - Clear,01 - Daylight,03 - Loose snow,10 - No control,,03 - P.D. only,01 - Approaching,0
17-1832,THORNDALE DR btwn PROVOST DR & STANSTEAD RD,369524.89785,5025281.16413,-75.67376834030,45.36448562710,2017-02-16,12:00:00 AM,03 - Snow,00 - Unknown,03 - Loose snow,10 - No control,,03 - P.D. only,06 - SMV unattended vehicle,0
17-1833,BANK ST btwn BELMONT AVE & GROVE AVE,368837.18099,5028387.08101,-75.68214353250,45.39249492890,2017-02-16,10:20:00 AM,01 - Clear,01 - Daylight,02 - Wet,10 - No control,,03 - P.D. only,02 - Angle,0
17-1834,CENTRAL PARK DR btwn CRYSTAL PARK CRES & MERIVALE RD,364924.47581,5025868.90553,-75.73241700640,45.37018372080,2017-02-16,10:33:00 AM,01 - Clear,01 - Daylight,05 - Packed snow,10 - No control,,03 - P.D. only,03 - Rear end,0
17-1835,GLEBE AVE btwn BRONSON AVE & PERCY ST,367678.56766,5029447.21750,-75.69680425360,45.40213872170,2017-02-16,10:50:00 AM,03 - Snow,01 - Daylight,05 - Packed snow,10 - No control,,03 - P.D. only,99 - Other,0
17-1836,EARL ARMSTRONG RD @ RIVER RD,367572.38405,5014685.06640,-75.70003296980,45.26932115530,2017-02-16,10:58:00 AM,03 - Snow,01 - Daylight,02 - Wet,01 - Traffic signal,01 - Functioning,02 - Non-fatal injury,03 - Rear end,0
17-1837,RAINROCK CRES btwn COMPASS ST & DRAGONFLY WALK,382149.83240,5033483.20420,-75.51134327410,45.43700206560,2017-02-16,12:00:00 AM,01 - Clear,00 - Unknown,03 - Loose snow,10 - No control,,03 - P.D. only,06 - SMV unattended vehicle,0
17-1838,DORCHESTER AVE btwn HOLLINGTON ST & CHEVRIER ST,365496.30824,5026951.80723,-75.72498424900,45.37987817180,2017-02-16,11:13:00 AM,01 - Clear,01 - Daylight,03 - Loose snow,10 - No control,,03 - P.D. only,06 - SMV unattended vehicle,0
17-1839,HWY 417 WOODROFF IC127R35 @ WOODROFFE AVE,362149.91098,5024770.95573,-75.76796312530,45.36053700550,2017-02-16,8:50:00 AM,01 - Clear,01 - Daylight,06 - Ice,10 - No control,,03 - P.D. only,03 - Rear end,0
17-1840,BESSERER ST @ WALLER ST,368316.26775,5032191.97780,-75.68830550460,45.42677759100,2017-02-16,11:46:00 AM,01 - Clear,01 - Daylight,02 - Wet,01 - Traffic signal,01 - Functioning,03 - P.D. only,04 - Sideswipe,0
17-1841,MACKENZIE AVE @ RIDEAU ST,367870.03365,5032010.24910,-75.69403077220,45.42518283720,2017-02-16,11:45:00 AM,01 - Clear,01 - Daylight,02 - Wet,01 - Traffic signal,01 - Functioning,02 - Non-fatal injury,03 - Rear end,0
17-1842,BLACKBURN BYPASS @ NAVAN RD,379617.66066,5033274.52511,-75.54373565170,45.43540005440,2017-02-16,11:57:00 AM,03 - Snow,01 - Daylight,05 - Packed snow,01 - Traffic signal,01 - Functioning,02 - Non-fatal injury,03 - Rear end,0
17-1843,ASSINIBOINE DR btwn REDPINE DR & CHESTERTON DR,365631.27366,5023532.07265,-75.72368206040,45.34909630470,2017-02-16,12:26:00 PM,01 - Clear,01 - Daylight,05 - Packed snow,10 - No control,,03 - P.D. only,01 - Approaching,0
17-1844,ERINDALE DR btwn FORLAN DR & AINSLEY DR,363776.55376,5024729.08494,-75.74720678830,45.36002530380,2017-02-16,12:00:00 AM,03 - Snow,00 - Unknown,03 - Loose snow,10 - No control,,03 - P.D. only,06 - SMV unattended vehicle,0
17-1845,WOODROFFE AVE btwn GEORGINA DR & HWY417 IC127 RAMP36,362019.54076,5025096.24716,-75.76958942260,45.36347460550,2017-02-16,12:45:00 PM,01 - Clear,01 - Daylight,02 - Wet,10 - No control,,02 - Non-fatal injury,03 - Rear end,0
17-1846,INNES RD @ ORLEANS BLVD,380460.46065,5034297.74079,-75.53280784580,45.44451549410,2017-02-15,9:00:00 AM,03 - Snow,01 - Daylight,03 - Loose snow,01 - Traffic signal,01 - Functioning,03 - P.D. only,03 - Rear end,0
17-1847,STIRLING AVE @ WELLINGTON ST,365394.35210,5029471.30777,-75.72597658760,45.40255692220,2017-02-16,12:00:00 AM,01 - Clear,00 - Unknown,02 - Wet,10 - No control,00 - Unknown,03 - P.D. only,06 - SMV unattended vehicle,0
17-1848,FALLOWFIELD RD @ GREENBANK RD,363081.01015,5016731.11751,-75.75702547720,45.28811812240,2017-02-16,7:50:00 AM,03 - Snow,01 - Daylight,03 - Loose snow,01 - Traffic signal,01 - Functioning,03 - P.D. only,03 - Rear end,0
17-1849,BYRON AVE btwn GOLDEN AVE & ROOSEVELT AVE,362918.02073,5027995.83495,-75.75777998390,45.38949081730,2017-02-16,1:36:00 PM,03 - Snow,01 - Daylight,03 - Loose snow,10 - No control,,03 - P.D. only,06 - SMV unattended vehicle,0
17-1850,ABERDEEN ST @ PRESTON ST,366651.69470,5029340.32803,-75.70993342410,45.40126843880,2017-02-15,12:00:00 AM,03 - Snow,00 - Unknown,03 - Loose snow,02 - Stop sign,00 - Unknown,03 - P.D. only,06 - SMV unattended vehicle,0
17-1851,RIVER RD btwn OSGOODE MAIN ST & DALMENY RD,373923.88028,4998531.33426,-75.62133894830,45.12337666090,2017-02-16,2:26:00 PM,01 - Clear,01 - Daylight,02 - Wet,10 - No control,,03 - P.D. only,07 - SMV other,0
17-1852,PEPPERVILLE CRES btwn TEMPLEFORD AVE & TABARET ST,354528.17418,5015417.04140,-75.86618263550,45.27695097200,2017-02-16,2:32:00 PM,01 - Clear,01 - Daylight,05 - Packed snow,10 - No control,,03 - P.D. only,02 - Angle,0
17-1853,RIDGEWOOD AVE @ RIVERSIDE DR,368281.03915,5025608.19451,-75.68960292010,45.36754191320,2017-02-16,2:52:00 PM,01 - Clear,01 - Daylight,03 - Loose snow,01 - Traffic signal,01 - Functioning,03 - P.D. only,03 - Rear end,0
17-1854,LEES AVE btwn CHESTNUT ST & HWY417 IC118 RAMP45,369442.11786,5030822.69592,-75.67409905600,45.41435416490,2017-02-16,3:17:00 PM,01 - Clear,01 - Daylight,02 - Wet,10 - No control,,03 - P.D. only,05 - Turning movement,0
17-1855,INNES RD @ TENTH LINE RD,383952.51077,5036161.43697,-75.48787477780,45.46089668110,2017-02-06,3:34:00 PM,01 - Clear,01 - Daylight,03 - Loose snow,01 - Traffic signal,01 - Functioning,02 - Non-fatal injury,03 - Rear end,0
17-1856,SOUTHMORE DR @ WALKLEY RD,369710.38965,5025575.19780,-75.67136210620,45.36711410340,2017-02-16,3:40:00 PM,01 - Clear,01 - Daylight,02 - Wet,02 - Stop sign,01 - Functioning,02 - Non-fatal injury,02 - Angle,0
17-1857,HINCHEY AVE btwn LADOUCEUR ST & OXFORD ST,365173.90930,5029616.31390,-75.72877448170,45.40388070040,2017-02-16,4:07:00 PM,01 - Clear,01 - Daylight,05 - Packed snow,10 - No control,,03 - P.D. only,99 - Other,0
17-1858,RICHMOND RD btwn WOODROFFE AVE & LOCKHART AVE,361640.79026,5026738.31830,-75.77423484900,45.37828063790,2017-02-16,4:17:00 PM,01 - Clear,01 - Daylight,01 - Dry,10 - No control,,03 - P.D. only,02 - Angle,0
17-1859,ALEUTIAN RD btwn CHINOOK CRES & CHINOOK CRES,359389.54994,5022218.82150,-75.80347650120,45.33779326000,2017-02-16,4:30:00 PM,01 - Clear,01 - Daylight,02 - Wet,10 - No control,,02 - Non-fatal injury,07 - SMV other,1
17-1860,BASELINE RD @ CLYDE AVE,364356.23416,5024890.51290,-75.73978878470,45.36142880660,2017-02-16,4:49:00 PM,01 - Clear,01 - Daylight,05 - Packed snow,01 - Traffic signal,01 - Functioning,02 - Non-fatal injury,03 - Rear end,0
17-1861,INNES RD btwn JEANNE D'ARC BLVD S & WILDFLOWER DR,382822.36898,5035645.22725,-75.50240562020,45.45637939860,2017-02-16,5:04:00 PM,01 - Clear,01 - Daylight,01 - Dry,10 - No control,,02 - Non-fatal injury,03 - Rear end,0
17-1862,BASELINE RD btwn COBDEN RD & BARBARA ANN PRIV,361642.12280,5023212.60036,-75.77462337080,45.34655636690,2017-02-16,5:05:00 PM,01 - Clear,01 - Daylight,02 - Wet,10 - No control,,02 - Non-fatal injury,03 - Rear end,0
17-1863,BELFAST RD @ ST. LAURENT BLVD,372861.72744,5030579.23090,-75.63044692070,45.41183933140,2017-02-16,5:22:00 PM,01 - Clear,05 - Dusk,03 - Loose snow,01 - Traffic signal,01 - Functioning,03 - P.D. only,05 - Turning movement,0
17-1864,SMYTH RD @ BOTSFORD ST/DAUPHIN RD,372243.35615,5029262.52367,-75.63852640130,45.40005204000,2017-02-16,8:55:00 AM,01 - Clear,01 - Daylight,03 - Loose snow,01 - Traffic signal,01 - Functioning,03 - P.D. only,02 - Angle,0
17-1865,CARLING AVE @ PARKDALE AVE,365627.21457,5028172.87000,-75.72316241680,45.39085368280,2017-02-16,5:43:00 PM,03 - Snow,05 - Dusk,04 - Slush,01 - Traffic signal,00 - Unknown,03 - P.D. only,06 - SMV unattended vehicle,0
17-1866,TERRY FOX DR btwn MARCH VALLEY RD & HERZBERG RD,351330.44139,5023460.29960,-75.90618213590,45.34954509360,2017-02-16,6:17:00 PM,01 - Clear,07 - Dark,01 - Dry,10 - No control,,03 - P.D. only,02 - Angle,0
17-1867,HUNT CLUB RD btwn MCCARTHY RD & RAMP,370610.14433,5023462.66826,-75.66015843300,45.34802231090,2017-02-16,4:00:00 PM,01 - Clear,01 - Daylight,02 - Wet,10 - No control,,03 - P.D. only,04 - Sideswipe,0
17-1868,PICCADILLY AVE btwn BYRON AVE & IONA ST,364387.95432,5028521.51507,-75.73894575580,45.39409726550,2017-01-31,6:00:00 PM,03 - Snow,07 - Dark,03 - Loose snow,10 - No control,,03 - P.D. only,06 - SMV unattended vehicle,0
17-1869,MARCH RD @ SOLANDT RD,350489.27405,5022710.50240,-75.91698574680,45.34285356400,2017-02-16,7:15:00 PM,01 - Clear,07 - Dark,01 - Dry,01 - Traffic signal,01 - Functioning,03 - P.D. only,05 - Turning movement,0
17-1870,WARWICK PL btwn SHERWOOD DR & END,365413.50430,5028868.81420,-75.72580600550,45.39713416500,2017-02-16,6:00:00 PM,03 - Snow,05 - Dusk,03 - Loose snow,10 - No control,,03 - P.D. only,06 - SMV unattended vehicle,0
17-1871,CARLING AVE @ KIRKWOOD AVE S,364352.03495,5027337.54910,-75.73954734580,45.38344721170,2017-02-16,7:30:00 PM,01 - Clear,07 - Dark,02 - Wet,01 - Traffic signal,01 - Functioning,03 - P.D. only,04 - Sideswipe,0
17-1872,CLARENCE ST btwn WILLIAM ST & DALHOUSIE ST,368001.19102,5032478.62887,-75.69229478130,45.42938531870,2017-02-17,12:15:00 AM,01 - Clear,07 - Dark,01 - Dry,10 - No control,,03 - P.D. only,06 - SMV unattended vehicle,0
17-1873,WILSON ST btwn CUMMINGS AVE & RAINSFORD AVE,372159.89110,5033834.85900,-75.63896727270,45.44119986190,2017-02-17,1:33:00 AM,01 - Clear,07 - Dark,05 - Packed snow,10 - No control,,03 - P.D. only,06 - SMV unattended vehicle,0
17-1874,FRANK KENNY RD btwn HUISMANS RD & MCFADDEN RD,390938.25864,5030215.73680,-75.39960396120,45.40657759110,2017-02-17,3:18:00 AM,01 - Clear,07 - Dark,01 - Dry,10 - No control,,03 - P.D. only,07 - SMV other,0
17-1875,ST. LAURENT BLVD btwn HWY417 IC115 RAMP51 & HWY417 IC115 RAMP25,372539.59900,5031377.36813,-75.63445223600,45.41905185790,2017-02-17,7:19:00 AM,01 - Clear,01 - Daylight,01 - Dry,10 - No control,,03 - P.D. only,04 - Sideswipe,0
17-1876,MOODIE DR @ WEST HUNT CLUB RD,357917.40322,5018551.29460,-75.82265205520,45.30490552970,2017-02-17,7:38:00 AM,01 - Clear,01 - Daylight,01 - Dry,01 - Traffic signal,00 - Unknown,03 - P.D. only,03 - Rear end,0
17-1877,CARLING AVE @ PINECREST  RD/GREENVIEW AVE,360007.01015,5024634.53469,-75.79532907400,45.35948151720,2017-02-16,10:25:00 AM,01 - Clear,01 - Daylight,01 - Dry,01 - Traffic signal,01 - Functioning,03 - P.D. only,04 - Sideswipe,0
17-1878,VIEWMOUNT DR @ MERIVALE RD,365193.36265,5022949.83319,-75.72934118880,45.34389523950,2017-02-17,9:32:00 AM,01 - Clear,01 - Daylight,02 - Wet,01 - Traffic signal,01 - Functioning,03 - P.D. only,02 - Angle,0