COLLISION_ID,LOCATION,X,Y,LONGITUDE,LATITUDE,DATE,TIME,ENVIRONMENT,LIGHT,SURFACE_CONDITION,TRAFFIC_CONTROL,TRAFFIC_CONTROL_CONDITION,COLLISION_CLASSIFICATION,IMPACT_TYPE,NO_OF_PEDESTRIANS
17-1879,VANIER PKWY NB btwn MCARTHUR AVE & VANIER PKWY,370250.97517,5032543.86920,-75.66353711150,45.42976540300,2017-02-17,10:05:00 AM,01 - Clear,01 - Daylight,01 - Dry,10 - No control,,03 - P.D. only,03 - Rear end,0
17-1880,INDUSTRIAL AVE @ RIVERSIDE DR,370685.46907,5030590.67723,-75.65824608520,45.41215059130,2017-02-17,10:33:00 AM,01 - Clear,01 - Daylight,02 - Wet,01 - Traffic signal,01 - Functioning,03 - P.D. only,03 - Rear end,0
17-1881,LONGFIELDS DR @ WOODROFFE AVE,365420.41943,5017106.56967,-75.72715915160,45.29129853610,2017-02-17,11:29:00 AM,01 - Clear,01 - Daylight,01 - Dry,01 - Traffic signal,00 - Unknown,03 - P.D. only,03 - Rear end,0
17-1882,ST. LAURENT BLVD @ JOLIFFE ST,373750.98183,5028418.66910,-75.61938926950,45.39231257240,2017-02-17,12:03:00 PM,01 - Clear,01 - Daylight,01 - Dry,01 - Traffic signal,01 - Functioning,03 - P.D. only,03 - Rear end,0
17-1883,MAPLE GROVE RD @ SANTOLINA ST,349722.74440,5016214.02810,-75.92735553430,45.28444598130,2017-02-17,12:18:00 PM,01 - Clear,01 - Daylight,02 - Wet,02 - Stop sign,01 - Functioning,03 - P.D. only,02 - Angle,0
17-1884,MONTREAL RD @ SHEFFORD RD,376125.39605,5034852.90580,-75.58813662030,45.44996629290,2017-02-17,12:53:00 PM,05 - Drifting Snow,01 - Daylight,02 - Wet,01 - Traffic signal,01 - Functioning,03 - P.D. only,02 - Angle,0
17-1885,LENESTER AVE @ MAITLAND AVE,363079.56011,5026146.65334,-75.75593544260,45.37283871030,2017-02-17,1:28:00 PM,01 - Clear,01 - Daylight,01 - Dry,02 - Stop sign,01 - Functioning,03 - P.D. only,02 - Angle,0
17-1886,ROSLYN AVE btwn AYLMER AVE & WOODBINE PL,368247.04542,5028366.84852,-75.68968234120,45.39236659860,2017-02-17,12:00:00 AM,01 - Clear,00 - Unknown,05 - Packed snow,10 - No control,,03 - P.D. only,06 - SMV unattended vehicle,0
17-1887,MERIVALE RD @ WEST HUNT CLUB RD,365613.02965,5021941.16041,-75.72411042760,45.33478308300,2017-02-17,1:42:00 PM,01 - Clear,01 - Daylight,01 - Dry,01 - Traffic signal,01 - Functioning,03 - P.D. only,04 - Sideswipe,0
17-1888,CYRVILLE RD @ INNES RD,375046.72136,5031118.89530,-75.60245802400,45.41647903010,2017-02-17,1:47:00 PM,01 - Clear,01 - Daylight,03 - Loose snow,01 - Traffic signal,01 - Functioning,03 - P.D. only,04 - Sideswipe,0
17-1889,INNES RD @ TENTH LINE RD,383952.76364,5036158.89190,-75.48787195550,45.46087375400,2017-02-17,1:47:00 PM,01 - Clear,01 - Daylight,01 - Dry,01 - Traffic signal,01 - Functioning,03 - P.D. only,05 - Turning movement,0
17-1890,MORRISON DR @ GREENBANK RD,360553.33906,5023128.92570,-75.78852595840,45.34589085440,2017-02-17,2:00:00 PM,01 - Clear,01 - Daylight,04 - Slush,02 - Stop sign,00 - Unknown,03 - P.D. only,03 - Rear end,0
17-1891,BANK ST btwn ALBION RD & SIEVERIGHT AVE,372067.61396,5024140.61633,-75.64146866480,45.35398398670,2017-02-17,2:04:00 PM,01 - Clear,01 - Daylight,01 - Dry,10 - No control,,03 - P.D. only,05 - Turning movement,0
17-1892,MOODIE DR btwn WEST HUNT CLUB RD & ALTI PL,358462.89477,5016968.01236,-75.81586784000,45.29061751590,2017-02-17,2:08:00 PM,01 - Clear,01 - Daylight,02 - Wet,10 - No control,,03 - P.D. only,05 - Turning movement,0
17-1893,HAZELDEAN RD @ TERRY FOX DR,352208.91144,5017243.51666,-75.89556691650,45.29354630800,2017-02-17,4:30:00 AM,01 - Clear,07 - Dark,06 - Ice,01 - Traffic signal,01 - Functioning,03 - P.D. only,03 - Rear end,0
17-1894,LYON ST @ SOMERSET ST,367366.95114,5030717.23420,-75.70062320380,45.41359387580,2017-02-17,2:30:00 PM,01 - Clear,01 - Daylight,02 - Wet,01 - Traffic signal,01 - Functioning,02 - Non-fatal injury,02 - Angle,0
17-1895,WURTEMBURG ST btwn HENEY ST & BRIGADIER PRIV,369274.25964,5033062.44826,-75.67595031540,45.43452209830,2017-02-17,12:00:00 AM,01 - Clear,00 - Unknown,05 - Packed snow,10 - No control,,03 - P.D. only,06 - SMV unattended vehicle,0
17-1896,BY WARD MARKET SQ btwn YORK ST & GEORGE ST,367968.21620,5032294.12125,-75.69273982020,45.42772816230,2017-02-16,12:00:00 AM,01 - Clear,00 - Unknown,03 - Loose snow,10 - No control,,03 - P.D. only,06 - SMV unattended vehicle,0
17-1897,SANSONNET ST btwn WINDFLOWER WAY & WINDFLOWER WAY,379828.78563,5034518.75382,-75.54084790870,45.44657208940,2017-02-17,3:02:00 PM,01 - Clear,01 - Daylight,04 - Slush,10 - No control,,03 - P.D. only,02 - Angle,0
17-1898,LAURIER AVE   W btwn O'CONNOR ST & METCALFE ST,367710.46333,5031402.54783,-75.69614731810,45.41972931050,2017-02-17,12:00:00 AM,01 - Clear,00 - Unknown,01 - Dry,10 - No control,,03 - P.D. only,06 - SMV unattended vehicle,0
17-1899,CARLING AVE @ VISCOUNT AVE,365131.03915,5027850.21740,-75.72953804790,45.38799344070,2017-02-17,3:14:00 PM,01 - Clear,01 - Daylight,02 - Wet,01 - Traffic signal,00 - Unknown,03 - P.D. only,04 - Sideswipe,0
17-1900,REGIONAL ROAD 174 btwn HWY417 IC113 RAMP67 & Continuation of REGIONAL,373796.38542,5032092.39769,-75.61829530730,45.42536252040,2017-02-17,3:20:00 PM,01 - Clear,01 - Daylight,01 - Dry,10 - No control,,03 - P.D. only,03 - Rear end,0
17-1901,MCEWEN AVE btwn AMBLESIDE DR & END,360927.32755,5026126.14782,-75.78341347190,45.37282989120,2017-02-17,3:23:00 PM,01 - Clear,01 - Daylight,02 - Wet,10 - No control,,03 - P.D. only,06 - SMV unattended vehicle,0
17-1902,CARLING AVE @ MOODIE DR/JAMES CUMMINGS AVE W,356001.32045,5023936.84200,-75.84652711490,45.35350761260,2017-02-17,4:43:00 PM,01 - Clear,01 - Daylight,01 - Dry,01 - Traffic signal,01 - Functioning,03 - P.D. only,02 - Angle,0
17-1903,COLONNADE RD @ PRINCE OF WALES DR,367395.04605,5023267.85389,-75.70120871820,45.34656371760,2017-02-17,12:15:00 PM,01 - Clear,01 - Daylight,02 - Wet,01 - Traffic signal,01 - Functioning,03 - P.D. only,03 - Rear end,0
17-1904,COLONEL BY DR @ MAIN ST,368858.95323,5030913.44870,-75.68153730380,45.41522435530,2017-02-17,4:25:00 PM,01 - Clear,01 - Daylight,02 - Wet,02 - Stop sign,01 - Functioning,03 - P.D. only,03 - Rear end,0
17-1905,AIRPORT PARKWAY PRIV @ AIR CARGO PRIV,370592.94403,5020832.43336,-75.66072760150,45.32435778940,2017-02-17,4:31:00 PM,01 - Clear,01 - Daylight,02 - Wet,02 - Stop sign,01 - Functioning,03 - P.D. only,05 - Turning movement,0
17-1906,LEITRIM RD @ ALBION RD,373501.79059,5020421.36250,-75.62368287140,45.32038044310,2017-02-17,4:40:00 PM,01 - Clear,01 - Daylight,01 - Dry,01 - Traffic signal,01 - Functioning,03 - P.D. only,05 - Turning movement,0
17-1907,CYRVILLE RD @ INNES RD,375048.47517,5031119.18897,-75.60243557660,45.41648149660,2017-02-17,5:00:00 PM,01 - Clear,05 - Dusk,01 - Dry,01 - Traffic signal,00 - Unknown,03 - P.D. only,03 - Rear end,0
17-1908,COOPER ST @ BANK ST,367649.71364,5030991.24070,-75.69697594590,45.41603396090,2017-02-17,5:20:00 PM,01 - Clear,07 - Dark,01 - Dry,02 - Stop sign,01 - Functioning,03 - P.D. only,02 - Angle,0
17-1909,RICHMOND RD @ STONEHAVEN DR,356781.30665,5015891.43700,-75.83741722630,45.28105670110,2017-02-17,5:49:00 PM,01 - Clear,05 - Dusk,01 - Dry,01 - Traffic signal,01 - Functioning,03 - P.D. only,05 - Turning movement,0
17-1910,BANK ST @ SIEVERIGHT AVE,372194.87326,5024132.45970,-75.63984575990,45.35389837720,2017-02-17,5:54:00 PM,01 - Clear,07 - Dark,01 - Dry,02 - Stop sign,00 - Unknown,03 - P.D. only,02 - Angle,0
17-1911,SOMERSET ST    W btwn PERCY ST & BAY ST,367145.79903,5030586.17877,-75.70346502120,45.41243441660,2017-02-17,12:00:00 AM,01 - Clear,00 - Unknown,01 - Dry,10 - No control,,03 - P.D. only,06 - SMV unattended vehicle,0
17-1912,CYRVILLE RD @ INNES RD,375048.72804,5031120.23310,-75.60243219810,45.41649086550,2017-02-17,6:38:00 PM,01 - Clear,07 - Dark,01 - Dry,01 - Traffic signal,01 - Functioning,03 - P.D. only,03 - Rear end,0
17-1913,WOODWARD DR btwn COURTWOOD CRES & COURTWOOD CRES,363421.28136,5025963.36451,-75.75159475770,45.37116099890,2017-02-17,6:50:00 PM,01 - Clear,07 - Dark,05 - Packed snow,10 - No control,,03 - P.D. only,07 - SMV other,0
17-1914,OGILVIE RD @ CITY PARK DR E/CSIS HQ ACCESS,374187.72486,5033009.23901,-75.61316579720,45.43357305980,2017-02-17,6:51:00 PM,01 - Clear,07 - Dark,01 - Dry,01 - Traffic signal,01 - Functioning,03 - P.D. only,05 - Turning movement,0
17-1915,VALIN ST @ INNES RD,387068.72906,5037473.08202,-75.44781470130,45.47233751230,2017-02-17,8:27:00 PM,01 - Clear,07 - Dark,01 - Dry,02 - Stop sign,01 - Functioning,03 - P.D. only,02 - Angle,0
17-1916,BOUNDARY RD btwn HWY417 IC96 RAMP16 & HWY417 IC96 RAMP15,387322.68556,5024074.12766,-75.44681047550,45.35175651020,2017-02-18,2:46:00 AM,01 - Clear,07 - Dark,01 - Dry,10 - No control,,02 - Non-fatal injury,03 - Rear end,0
17-1917,BRONSON AVE @ HWY 417 BRONSON IC121AR51,367289.71574,5029711.22710,-75.70173741390,45.40454902300,2017-02-17,11:12:00 PM,01 - Clear,07 - Dark,01 - Dry,01 - Traffic signal,01 - Functioning,03 - P.D. only,04 - Sideswipe,0
17-1919,FRASER FIELDS WAY @ STRANDHERD DR,362949.58710,5013991.96410,-75.75902158460,45.26348200810,2017-02-18,7:46:00 AM,01 - Clear,01 - Daylight,01 - Dry,02 - Stop sign,01 - Functioning,03 - P.D. only,02 - Angle,0
17-1920,FIFTH AVE @ O'CONNOR ST,368718.70654,5029590.56655,-75.68350053570,45.40333433290,2017-02-18,12:00:00 AM,01 - Clear,00 - Unknown,05 - Packed snow,02 - Stop sign,00 - Unknown,03 - P.D. only,06 - SMV unattended vehicle,0
17-1921,KING EDWARD AVE @ OSGOODE ST/THOMAS MORE PRIV,368849.62319,5031851.73888,-75.68153452630,45.42366760970,2017-02-18,8:39:00 AM,01 - Clear,01 - Daylight,02 - Wet,01 - Traffic signal,01 - Functioning,03 - P.D. only,02 - Angle,0
17-1922,GLANDRIEL CRES btwn TIMBERTRAIL TER & CLENDENAN CRES,386987.59243,5037888.23920,-75.44878278360,45.47608221790,2017-02-17,8:15:00 AM,01 - Clear,01 - Daylight,01 - Dry,10 - No control,,03 - P.D. only,01 - Approaching,0
17-1923,DATA CENTRE RD @ RIVERSIDE DR,368897.19816,5027671.90710,-75.68146998630,45.38605452480,2017-02-18,8:43:00 AM,01 - Clear,01 - Daylight,01 - Dry,01 - Traffic signal,01 - Functioning,02 - Non-fatal injury,03 - Rear end,0
17-1924,INNES RD @ STONEHENGE CRES W,375200.74454,5031215.89470,-75.60047645770,45.41733629800,2017-02-18,9:32:00 AM,01 - Clear,01 - Daylight,01 - Dry,01 - Traffic signal,01 - Functioning,03 - P.D. only,03 - Rear end,0
17-1925,PRINCE OF WALES DR btwn FOREST HILL AVE & BASELINE RD/HERON RD,366843.38641,5026333.37035,-75.70786308640,45.37419562110,2017-02-18,9:58:00 AM,01 - Clear,01 - Daylight,01 - Dry,10 - No control,,03 - P.D. only,02 - Angle,0
17-1926,LYNDA LANE @ SMYTH RD,371614.19154,5029194.01724,-75.64657128430,45.39949597290,2017-02-17,12:00:00 AM,01 - Clear,00 - Unknown,05 - Packed snow,02 - Stop sign,00 - Unknown,03 - P.D. only,06 - SMV unattended vehicle,0
17-1927,SMYTH RD E/LANCASTER RD @ ST. LAURENT BLVD N/R,373363.89675,5029425.33750,-75.62419244420,45.40140812240,2017-02-18,11:57:00 AM,01 - Clear,01 - Daylight,02 - Wet,01 - Traffic signal,01 - Functioning,03 - P.D. only,04 - Sideswipe,0
17-1928,OGILVIE RD @ BATHGATE DR/CITYPARK DR W,373829.05655,5032801.24540,-75.61777849530,45.43173713990,2017-02-18,12:10:00 PM,01 - Clear,01 - Daylight,02 - Wet,01 - Traffic signal,01 - Functioning,02 - Non-fatal injury,02 - Angle,0
17-1929,METCALFE ST @ LAURIER AVE,367790.24026,5031451.57630,-75.69512178230,45.42016327480,2017-02-16,12:00:00 PM,01 - Clear,01 - Daylight,04 - Slush,01 - Traffic signal,00 - Unknown,03 - P.D. only,06 - SMV unattended vehicle,0
17-1930,ADELINE ST @ PRESTON ST,366778.69706,5029049.88560,-75.70834780410,45.39864388350,2017-02-18,12:46:00 PM,01 - Clear,01 - Daylight,04 - Slush,02 - Stop sign,01 - Functioning,03 - P.D. only,06 - SMV unattended vehicle,0
17-1931,RICHMOND RD @ WOODROFFE AVE,361585.02085,5026654.52320,-75.77495651330,45.37753117970,2017-02-18,1:04:00 PM,01 - Clear,01 - Daylight,06 - Ice,01 - Traffic signal,01 - Functioning,03 - P.D. only,03 - Rear end,0
17-1932,ST. PATRICK ST WB btwn ISLAND LODGE RD & CRICHTON ST,368900.77926,5033259.29354,-75.68069766820,45.43632757180,2017-02-18,1:35:00 PM,01 - Clear,01 - Daylight,02 - Wet,10 - No control,,03 - P.D. only,03 - Rear end,0
17-1933,SLACK RD @ WOODROFFE AVE,364233.34905,5019974.47820,-75.74194773550,45.31720524770,2017-02-18,1:47:00 PM,01 - Clear,01 - Daylight,01 - Dry,01 - Traffic signal,01 - Functioning,03 - P.D. only,03 - Rear end,0
17-1934,HUNTERSWOOD CRES btwn FOLKWAY GT (2) & HUNTERSWOOD CRES,375137.60418,5026784.96297,-75.60191491930,45.37747538720,2017-01-28,6:00:00 PM,03 - Snow,07 - Dark,03 - Loose snow,10 - No control,,03 - P.D. only,06 - SMV unattended vehicle,0
17-1935,TERRY FOX DR btwn CASTLEFRANK RD & TRANS CANADA TRAIL,353068.74797,5016209.36042,-75.88470580430,45.28418217410,2017-02-18,2:40:00 PM,01 - Clear,01 - Daylight,01 - Dry,10 - No control,,03 - P.D. only,03 - Rear end,0
17-1936,INNES RD @ TENTH LINE RD,383950.25936,5036158.43510,-75.48790404520,45.46086992780,2017-02-18,3:04:00 PM,01 - Clear,01 - Daylight,01 - Dry,01 - Traffic signal,01 - Functioning,03 - P.D. only,03 - Rear end,0
17-1937,WEST HUNT CLUB RD @ WOODROFFE AVE,363670.35655,5021245.82010,-75.74897675540,45.32869213810,2017-02-18,2:30:00 PM,01 - Clear,01 - Daylight,02 - Wet,01 - Traffic signal,01 - Functioning,03 - P.D. only,03 - Rear end,0
17-1938,SPARTAN AVE btwn EVE ST & LOLA ST,371026.50390,5032523.57503,-75.65362967240,45.42950979810,2017-02-18,12:00:00 AM,01 - Clear,00 - Unknown,02 - Wet,10 - No control,,03 - P.D. only,06 - SMV unattended vehicle,0
17-1939,MERIVALE RD/LOTTA AVE @ CLYDE AVE,364522.44877,5024506.40020,-75.73771372450,45.35795847430,2017-02-18,3:55:00 PM,01 - Clear,01 - Daylight,01 - Dry,01 - Traffic signal,01 - Functioning,03 - P.D. only,05 - Turning movement,0
17-1940,JEANNE D'ARC BLVD  N btwn ORLEANS BLVD & MILLWOOD CRT,380062.88134,5038117.29908,-75.53730477320,45.47892383530,2017-02-18,4:15:00 PM,01 - Clear,01 - Daylight,01 - Dry,10 - No control,,03 - P.D. only,03 - Rear end,0
17-1941,BY WARD MARKET SQ btwn YORK ST & GEORGE ST,367971.67400,5032286.96970,-75.69269655280,45.42766350240,2017-02-18,4:37:00 PM,01 - Clear,01 - Daylight,05 - Packed snow,10 - No control,,03 - P.D. only,06 - SMV unattended vehicle,0
17-1942,PINECREST RD btwn FALLIS AVE & HARWOOD AVE,360158.85607,5024240.52526,-75.79343516330,45.35592425700,2017-02-18,4:40:00 PM,01 - Clear,01 - Daylight,01 - Dry,10 - No control,,03 - P.D. only,03 - Rear end,0
17-1943,MANN AVE btwn TURN LANE & RUSSELL AVE,369262.45717,5031381.22243,-75.67632119140,45.41939615630,2017-02-18,4:30:00 PM,01 - Clear,01 - Daylight,01 - Dry,10 - No control,,03 - P.D. only,01 - Approaching,0
17-1944,ELGIN ST btwn LISGAR ST & COOPER ST,368083.74130,5031333.53597,-75.69138701420,45.41907470080,2017-02-18,5:01:00 PM,01 - Clear,01 - Daylight,02 - Wet,10 - No control,,03 - P.D. only,04 - Sideswipe,0
17-1945,TERRY FOX DR btwn CAMPEAU DR & DIDSBURY RD,350556.30109,5018966.05625,-75.91647653590,45.30915576060,2017-02-18,5:08:00 PM,01 - Clear,05 - Dusk,01 - Dry,10 - No control,,03 - P.D. only,02 - Angle,0
17-1946,GLADSTONE AVE @ O'CONNOR ST,368073.70786,5030657.90080,-75.69160195290,45.41299646520,2017-02-18,5:39:00 PM,01 - Clear,07 - Dark,03 - Loose snow,01 - Traffic signal,01 - Functioning,03 - P.D. only,03 - Rear end,0
17-1947,GREENBANK RD @ HWY 417 IC129 RAMP57/IRIS ST,360531.64345,5023313.16290,-75.78878203650,45.34755034180,2017-02-18,4:10:00 PM,01 - Clear,01 - Daylight,01 - Dry,01 - Traffic signal,01 - Functioning,03 - P.D. only,04 - Sideswipe,0
17-1948,CANON SMITH DR btwn FITZROY ST & GALETTA SIDE RD,328840.67492,5036639.02047,-76.19254598830,45.46926468420,2017-02-18,6:18:00 PM,01 - Clear,07 - Dark,01 - Dry,10 - No control,,02 - Non-fatal injury,07 - SMV other,0
17-1949,ASTORIA CRES @ STONEWAY DR,366342.69620,5016245.97936,-75.71550902960,45.28347484530,2017-02-18,6:52:00 PM,01 - Clear,07 - Dark,01 - Dry,02 - Stop sign,00 - Unknown,03 - P.D. only,04 - Sideswipe,0
17-1950,MACKENZIE KING BRIDGE @ MACKENZIE KING BRIDGE,368164.84413,5031867.76135,-75.69028210990,45.42387413840,2017-02-18,7:40:00 PM,01 - Clear,07 - Dark,02 - Wet,01 - Traffic signal,01 - Functioning,03 - P.D. only,03 - Rear end,0
17-1951,BRONSON AVE @ IMPERIAL AVE/PLYMOUTH ST,367319.70664,5029642.88280,-75.70136300360,45.40393140270,2017-02-18,8:00:00 PM,01 - Clear,07 - Dark,02 - Wet,10 - No control,00 - Unknown,03 - P.D. only,05 - Turning movement,0
17-1952,LAURIER AVE @ NICHOLAS ST,368374.64034,5031798.93880,-75.68761034800,45.42323586140,2017-02-18,9:10:00 PM,01 - Clear,07 - Dark,02 - Wet,01 - Traffic signal,01 - Functioning,03 - P.D. only,03 - Rear end,0
17-1953,BYRON AVE @ TWEEDSMUIR AVE,363594.36234,5028304.55250,-75.74910644420,45.39221215450,2017-02-19,12:44:00 AM,01 - Clear,07 - Dark,02 - Wet,02 - Stop sign,01 - Functioning,03 - P.D. only,02 - Angle,0
17-1954,GREENBANK RD btwn BANNER RD & CANFIELD RD,361076.24502,5021436.73320,-75.78204608430,45.33062277570,2017-02-19,3:17:00 AM,01 - Clear,07 - Dark,02 - Wet,10 - No control,,02 - Non-fatal injury,07 - SMV other,0
17-1955,INNES RD btwn 298 E OF WILDFLOWER DR & LANTHIER DR/PRESTWICK DR,383360.96345,5035901.36080,-75.49547928940,45.45862351490,2017-02-19,4:47:00 AM,01 - Clear,07 - Dark,04 - Slush,10 - No control,,03 - P.D. only,03 - Rear end,0
17-1956,CUMMINGS AVE btwn QUEBEC ST & BURN ST,372260.76078,5033401.14937,-75.63773748900,45.43728782900,2017-02-19,6:33:00 AM,01 - Clear,03 - Dawn,02 - Wet,10 - No control,,03 - P.D. only,06 - SMV unattended vehicle,0
17-1957,KLONDIKE RD @ MARCONI AVE,349695.62566,5024461.84400,-75.92695350930,45.35866376520,2017-02-19,7:10:00 AM,01 - Clear,03 - Dawn,01 - Dry,02 - Stop sign,01 - Functioning,03 - P.D. only,02 - Angle,0
17-1958,PALLADIUM DR btwn SILVER SEVEN RD & TERRY FOX DR,351261.35680,5018173.07955,-75.90755987340,45.30197406000,2017-02-19,7:40:00 AM,01 - Clear,01 - Daylight,01 - Dry,10 - No control,,03 - P.D. only,04 - Sideswipe,0
17-1959,HWY 417 ST.LAURE IC115R35 @ ST. LAURENT BLVD,372481.71455,5031534.04165,-75.63517025160,45.42046713610,2017-02-19,8:37:00 AM,03 - Snow,01 - Daylight,03 - Loose snow,10 - No control,00 - Unknown,03 - P.D. only,07 - SMV other,0
17-1960,DALHOUSIE ST @ YORK ST,368093.37265,5032418.92080,-75.69112449990,45.42883975010,2017-02-19,11:48:00 AM,01 - Clear,01 - Daylight,01 - Dry,01 - Traffic signal,01 - Functioning,02 - Non-fatal injury,07 - SMV other,1
17-1961,TENTH LINE RD @ CHARLEMAGNE BLVD S/DES EPINETT,383640.97510,5036900.45590,-75.49173924100,45.46758093120,2017-02-19,12:05:00 PM,01 - Clear,01 - Daylight,03 - Loose snow,01 - Traffic signal,01 - Functioning,03 - P.D. only,04 - Sideswipe,0
17-1962,COPE DR @ TERRY FOX,353997.60455,5015345.97660,-75.87295171820,45.27634883920,2017-02-19,12:15:00 PM,01 - Clear,01 - Daylight,02 - Wet,01 - Traffic signal,01 - Functioning,02 - Non-fatal injury,05 - Turning movement,0
17-1963,SCALA AVE btwn ESPRIT DR & MARSHFIELD ST,384893.50370,5036397.46174,-75.47580574810,45.46291296550,2017-02-19,12:55:00 PM,01 - Clear,01 - Daylight,03 - Loose snow,10 - No control,,03 - P.D. only,06 - SMV unattended vehicle,0
17-1964,MCARTHUR AVE @ CARMEN AVE,370907.68192,5032766.58410,-75.65511541960,45.43170752960,2017-02-19,1:24:00 PM,01 - Clear,01 - Daylight,05 - Packed snow,02 - Stop sign,00 - Unknown,03 - P.D. only,06 - SMV unattended vehicle,0
17-1965,PRINCE OF WALES DR @ FALLOWFIELD RD,367398.95953,5019167.59590,-75.70167723000,45.30966993760,2017-02-19,3:03:00 PM,01 - Clear,01 - Daylight,01 - Dry,01 - Traffic signal,00 - Unknown,02 - Non-fatal injury,03 - Rear end,0
17-1966,RIOCAN AVE @ STRANDHERD DR,364173.21214,5014945.91039,-75.74331669820,45.27196341620,2017-02-19,2:20:00 PM,01 - Clear,01 - Daylight,01 - Dry,01 - Traffic signal,01 - Functioning,03 - P.D. only,03 - Rear end,0
17-1967,FALLOWFIELD RD btwn MOODIE DR & HWY416 IC66 RAMP53,359587.60908,5014661.83096,-75.80178482700,45.26977945090,2017-02-19,3:19:00 PM,01 - Clear,01 - Daylight,01 - Dry,10 - No control,,03 - P.D. only,04 - Sideswipe,0
17-1968,CUMBERLAND ST btwn YORK ST & GEORGE ST,368286.55688,5032483.19499,-75.68864761060,45.42940055740,2017-02-19,5:42:00 PM,01 - Clear,07 - Dark,02 - Wet,10 - No control,,02 - Non-fatal injury,07 - SMV other,1
17-1969,ST. LAURENT BLVD @ COVENTRY RD/OGILVIE RD,372304.43231,5031951.75028,-75.63737805040,45.42424261260,2017-02-19,6:10:00 PM,01 - Clear,07 - Dark,02 - Wet,01 - Traffic signal,01 - Functioning,02 - Non-fatal injury,03 - Rear end,0
17-1970,DWYER HILL RD btwn PADEN RD & DONNELLY DR,359022.87657,4983983.65210,-75.81230694310,44.99376975920,2017-02-19,6:00:00 PM,01 - Clear,07 - Dark,01 - Dry,10 - No control,,03 - P.D. only,07 - SMV other,0
17-1971,RAMSAYVILLE RD btwn GENERATION CRT & RUSSELL RD,377890.45507,5025887.76364,-75.56690331830,45.36912113040,2017-02-19,6:45:00 AM,01 - Clear,07 - Dark,02 - Wet,10 - No control,,03 - P.D. only,07 - SMV other,0
17-1972,SOMERSET ST @ PERCY ST,367116.70724,5030569.90879,-75.70383872130,45.41229061520,2017-02-19,7:47:00 PM,01 - Clear,07 - Dark,01 - Dry,01 - Traffic signal,01 - Functioning,02 - Non-fatal injury,02 - Angle,0
17-1973,EAGLESON RD @ 300 N OF MICHAEL COWPLAND/EAGLES,354273.55495,5016903.49210,-75.86927952410,45.29034436200,2017-02-19,8:12:00 PM,01 - Clear,07 - Dark,02 - Wet,01 - Traffic signal,01 - Functioning,03 - P.D. only,03 - Rear end,0
17-1974,MAJESTIC DR @ WOODROFFE AVE,363528.02785,5021570.82350,-75.75075376310,45.33162842120,2017-02-19,8:51:00 PM,01 - Clear,07 - Dark,01 - Dry,01 - Traffic signal,01 - Functioning,02 - Non-fatal injury,07 - SMV other,1
17-1975,PERTH ST @ QUEEN CHARLOTTE ST/ROCHELLE DR,356182.83002,5005742.23955,-75.84609350540,45.18977552440,2017-02-20,1:58:00 AM,01 - Clear,07 - Dark,06 - Ice,02 - Stop sign,00 - Unknown,02 - Non-fatal injury,07 - SMV other,0
17-1976,BOOTH ST @ OTTAWA RIVER PKWY/WELLINGTON ST,366262.56892,5031006.67508,-75.71469572650,45.41629605630,2017-02-20,8:05:00 AM,01 - Clear,01 - Daylight,02 - Wet,01 - Traffic signal,01 - Functioning,03 - P.D. only,04 - Sideswipe,0
17-1977,CAHILL DR @ MCCARTHY RD,370272.06795,5023734.84250,-75.66443632550,45.35050289730,2017-02-20,8:11:00 AM,01 - Clear,01 - Daylight,01 - Dry,02 - Stop sign,01 - Functioning,03 - P.D. only,02 - Angle,0
17-1978,LAMPLIGHTERS DR btwn COBBLE HILL DR & FOSTERBROOK WAY,361503.35340,5014625.89530,-75.77737653610,45.26930424520,2017-02-20,9:47:00 AM,01 - Clear,01 - Daylight,02 - Wet,10 - No control,,03 - P.D. only,06 - SMV unattended vehicle,0
17-1979,SOMERSET ST    W btwn BAY ST & LYON ST N,367296.26787,5030674.54467,-75.70153160140,45.41321608480,2017-02-20,12:00:00 PM,01 - Clear,01 - Daylight,01 - Dry,10 - No control,,03 - P.D. only,02 - Angle,0
17-1980,PALMERSTON DR btwn PEREZ CRES & HALMONT DR,373443.81899,5032364.80103,-75.62276225530,45.42784815510,2017-02-20,12:30:00 PM,01 - Clear,01 - Daylight,01 - Dry,10 - No control,,03 - P.D. only,01 - Approaching,0
17-1981,WENTWORTH AVE btwn LAWN AVE & CARLING AVE,361289.19685,5025567.89393,-75.77885763350,45.36777768650,2017-02-20,9:00:00 AM,01 - Clear,01 - Daylight,04 - Slush,10 - No control,,03 - P.D. only,06 - SMV unattended vehicle,0
17-1982,CATHERINE ST @ ELGIN ST,368553.04405,5030578.90969,-75.68548869130,45.41224222520,2017-02-20,1:15:00 PM,01 - Clear,01 - Daylight,01 - Dry,01 - Traffic signal,01 - Functioning,03 - P.D. only,04 - Sideswipe,0
17-1983,BRONSON AVE @ CATHERINE ST/RAYMOND ST,367253.04295,5029796.56650,-75.70219502750,45.40532015520,2017-02-20,1:41:00 PM,01 - Clear,01 - Daylight,01 - Dry,01 - Traffic signal,01 - Functioning,03 - P.D. only,05 - Turning movement,0