COLLISION_ID,LOCATION,X,Y,LONGITUDE,LATITUDE,DATE,TIME,ENVIRONMENT,LIGHT,SURFACE_CONDITION,TRAFFIC_CONTROL,TRAFFIC_CONTROL_CONDITION,COLLISION_CLASSIFICATION,IMPACT_TYPE,NO_OF_PEDESTRIANS
17-1984,KING EDWARD AVE @ YORK ST,368397.71244,5032621.58930,-75.68720932370,45.43063568050,2017-02-20,1:15:00 PM,01 - Clear,01 - Daylight,01 - Dry,01 - Traffic signal,01 - Functioning,03 - P.D. only,03 - Rear end,0
17-1985,MONTREAL RD @ ST. LAURENT BLVD,371546.03735,5033818.26360,-75.64681527370,45.44110942020,2017-02-20,1:50:00 PM,01 - Clear,01 - Daylight,01 - Dry,01 - Traffic signal,01 - Functioning,03 - P.D. only,04 - Sideswipe,0
17-1986,HUNT CLUB RD btwn CAHILL DR & LORRY GREENBERG DR,372441.51396,5024565.92067,-75.63663895840,45.35777475530,2017-02-20,2:14:00 PM,01 - Clear,01 - Daylight,01 - Dry,10 - No control,,03 - P.D. only,04 - Sideswipe,0
17-1987,PRINCE OF WALES DR @ MEADOWLANDS DR/HOG'S BACK,367372.25335,5025693.47700,-75.70119250980,45.36839098630,2017-02-20,2:44:00 PM,01 - Clear,01 - Daylight,01 - Dry,01 - Traffic signal,01 - Functioning,02 - Non-fatal injury,02 - Angle,0
17-1988,MONTEREY DR btwn COSTELLO AVE & ABINGDON DR,360187.84996,5022185.97106,-75.79329521470,45.33743510540,2017-02-20,3:01:00 PM,01 - Clear,01 - Daylight,01 - Dry,10 - No control,,03 - P.D. only,06 - SMV unattended vehicle,0
17-1989,CARP RD @ WESTBROOK RD,347738.31557,5015442.06547,-75.95271728010,45.27762360010,2017-02-16,4:20:00 PM,01 - Clear,01 - Daylight,03 - Loose snow,01 - Traffic signal,00 - Unknown,03 - P.D. only,03 - Rear end,0
17-1990,LEWIS ST @ METCALFE ST,368121.04655,5030921.56861,-75.69096332850,45.41536457980,2017-02-20,4:29:00 PM,01 - Clear,01 - Daylight,01 - Dry,02 - Stop sign,00 - Unknown,03 - P.D. only,05 - Turning movement,0
17-1991,INDUSTRIAL AVE btwn SANDFORD FLEMING AVE & NEIGHBORHOOD WAY,370925.86092,5030551.54993,-75.65518041970,45.41177586630,2017-02-20,4:29:00 PM,01 - Clear,01 - Daylight,01 - Dry,10 - No control,,03 - P.D. only,04 - Sideswipe,0
17-1992,GLADSTONE AVE @ KENT ST,367744.36975,5030458.23271,-75.69583472620,45.41122961490,2017-02-20,4:40:00 PM,01 - Clear,01 - Daylight,01 - Dry,01 - Traffic signal,01 - Functioning,03 - P.D. only,02 - Angle,0
17-1993,VANIER PKWY/CRICHTON ST @ BEECHWOOD AVE/ST. PA,369127.86994,5033486.86229,-75.67776567720,45.43835429110,2017-02-20,6:00:00 PM,01 - Clear,07 - Dark,01 - Dry,01 - Traffic signal,01 - Functioning,02 - Non-fatal injury,07 - SMV other,1
17-1994,LAURIER AVE   W btwn METCALFE ST & ELGIN ST,367843.22082,5031481.05614,-75.69444110200,45.42042375220,2017-02-20,6:09:00 PM,01 - Clear,07 - Dark,01 - Dry,10 - No control,,03 - P.D. only,06 - SMV unattended vehicle,0
17-1995,ROCHESTER ST @ SOMERSET ST,366483.37734,5030203.23460,-75.71197528460,45.40904749250,2017-02-20,6:40:00 PM,01 - Clear,07 - Dark,01 - Dry,01 - Traffic signal,01 - Functioning,03 - P.D. only,05 - Turning movement,0
17-1996,PRINCE OF WALES DR @ WEST HUNT CLUB RD,367458.37585,5021890.83440,-75.70057502060,45.33416790310,2017-02-20,7:33:00 PM,01 - Clear,07 - Dark,01 - Dry,01 - Traffic signal,01 - Functioning,03 - P.D. only,04 - Sideswipe,0
17-1997,EAGLESON RD @ HAZELDEAN RD/ROBERTSON RD,353675.12584,5018424.08477,-75.87675835100,45.30406886760,2017-02-20,8:47:00 PM,01 - Clear,07 - Dark,02 - Wet,01 - Traffic signal,01 - Functioning,02 - Non-fatal injury,03 - Rear end,0
17-1998,NELSON ST @ SOMERSET ST,369095.70994,5031760.23841,-75.67840214630,45.42282174700,2017-02-20,10:33:00 PM,01 - Clear,07 - Dark,01 - Dry,02 - Stop sign,01 - Functioning,03 - P.D. only,02 - Angle,0
17-1999,MORISSET AVE btwn CALDWELL AVE & MERIVALE RD,364612.74305,5026338.34533,-75.73633955870,45.37443433780,2017-02-15,4:25:00 PM,03 - Snow,01 - Daylight,03 - Loose snow,10 - No control,,03 - P.D. only,99 - Other,0
17-2000,CARLING AVE @ BROADVIEW AVE,363182.18754,5026637.41590,-75.75456727730,45.37724598580,2017-02-21,8:11:00 AM,01 - Clear,01 - Daylight,01 - Dry,01 - Traffic signal,01 - Functioning,03 - P.D. only,04 - Sideswipe,0
17-2002,DALHOUSIE ST @ RIDEAU ST,368207.09973,5032227.58120,-75.68969587430,45.42710784270,2017-02-21,8:58:00 AM,01 - Clear,01 - Daylight,02 - Wet,01 - Traffic signal,01 - Functioning,02 - Non-fatal injury,07 - SMV other,1
17-2003,MERIVALE RD @ 210 S OF MEADOWLANDS DR,364943.34595,5023530.53500,-75.73246066250,45.34914179920,2017-02-21,9:31:00 AM,01 - Clear,01 - Daylight,01 - Dry,01 - Traffic signal,00 - Unknown,03 - P.D. only,07 - SMV other,0
17-2004,WILLOW ST btwn PRESTON ST & ROCHESTER ST,366500.10146,5029892.83413,-75.71180049400,45.40625311890,2017-02-19,12:00:00 AM,01 - Clear,07 - Dark,05 - Packed snow,10 - No control,,03 - P.D. only,06 - SMV unattended vehicle,0
17-2005,BASIL MACDONALD WAY @ GRANT CARMAN DR,365354.31466,5023326.40186,-75.72724142090,45.34726967610,2017-02-21,10:51:00 AM,01 - Clear,01 - Daylight,01 - Dry,02 - Stop sign,01 - Functioning,03 - P.D. only,07 - SMV other,1
17-2006,CREMONA CRES btwn CREMONA PL & KNOXDALE RD,362311.44479,5021250.61787,-75.76631071620,45.32884797940,2017-02-21,12:00:00 AM,03 - Snow,00 - Unknown,03 - Loose snow,10 - No control,,03 - P.D. only,06 - SMV unattended vehicle,0
17-2007,PRESTON ST btwn BALSAM ST & GLADSTONE AVE,366472.85325,5029752.20202,-75.71216613830,45.40499015030,2017-02-21,11:51:00 AM,01 - Clear,01 - Daylight,01 - Dry,10 - No control,,03 - P.D. only,03 - Rear end,0
17-2008,ISABELLA ST/HWY417 IC119AR75 @ METCALFE ST,368448.45910,5030400.19563,-75.68684781430,45.41064373510,2017-02-21,11:50:00 AM,01 - Clear,01 - Daylight,01 - Dry,01 - Traffic signal,01 - Functioning,03 - P.D. only,04 - Sideswipe,0
17-2009,BEAVERPOND DR btwn APPLETON DR & BLAIR RD,375318.46174,5031844.90838,-75.59888252080,45.42298396110,2017-02-21,11:52:00 AM,01 - Clear,01 - Daylight,01 - Dry,10 - No control,,03 - P.D. only,02 - Angle,0
17-2010,MARCH RD btwn HALTON TERR/MAXWELL BRIDGE RD & MAXWELL RD,348890.48663,5024457.51820,-75.93723016490,45.35867593630,2017-02-21,11:58:00 AM,01 - Clear,01 - Daylight,01 - Dry,10 - No control,,02 - Non-fatal injury,04 - Sideswipe,0
17-2011,PRINCE OF WALES DR btwn MELFA CRES & NORMANDY CRES,367415.60532,5025326.40080,-75.70068564710,45.36508424790,2017-02-21,12:20:00 PM,01 - Clear,01 - Daylight,01 - Dry,10 - No control,,03 - P.D. only,07 - SMV other,0
17-2012,GREENBANK RD @ STRANDHERD DR,363932.68056,5014784.41720,-75.74640112220,45.27053056470,2017-02-21,12:50:00 PM,01 - Clear,01 - Daylight,01 - Dry,01 - Traffic signal,01 - Functioning,03 - P.D. only,03 - Rear end,0
17-2013,CARLING AVE EB btwn KIRKWOOD AVE & HWY417 IC124 RAMP55,364371.43294,5027363.63606,-75.73929651720,45.38368028860,2017-02-21,1:18:00 PM,01 - Clear,01 - Daylight,02 - Wet,10 - No control,,03 - P.D. only,04 - Sideswipe,0
17-2014,FALLOWFIELD RD @ WOLFGANG DR,363407.69384,5016944.79339,-75.75283597990,45.29001361290,2017-02-21,1:28:00 PM,01 - Clear,01 - Daylight,01 - Dry,02 - Stop sign,01 - Functioning,02 - Non-fatal injury,02 - Angle,0
17-2015,ST. LAURENT BLVD btwn CONROY RD & THURSTON DR,373417.17702,5027347.79797,-75.62380085420,45.38271013330,2017-02-21,1:30:00 PM,01 - Clear,01 - Daylight,01 - Dry,10 - No control,,03 - P.D. only,02 - Angle,0
17-2016,BRIDLEWOOD CRES @ AINTREE PL W/FILION CRES N,354658.45969,5017395.29999,-75.86432337800,45.29474255000,2017-02-21,2:41:00 PM,01 - Clear,01 - Daylight,01 - Dry,02 - Stop sign,01 - Functioning,02 - Non-fatal injury,02 - Angle,0
17-2018,FRANK KENNY RD E @ INNES RD,387873.50836,5037728.81587,-75.43748041800,45.47454306400,2017-02-21,3:19:00 PM,01 - Clear,01 - Daylight,01 - Dry,02 - Stop sign,00 - Unknown,03 - P.D. only,05 - Turning movement,0
17-2019,WEST HUNT CLUB RD @ ANTARES DR/LASER ST,367108.04575,5022082.17060,-75.70502017480,45.33592070850,2017-02-21,3:18:00 PM,03 - Snow,01 - Daylight,03 - Loose snow,01 - Traffic signal,01 - Functioning,02 - Non-fatal injury,03 - Rear end,0
17-2020,WEST HUNT CLUB RD @ WOODROFFE AVE,363671.02545,5021246.48900,-75.74896814450,45.32869810080,2017-02-21,11:00:00 AM,01 - Clear,01 - Daylight,01 - Dry,01 - Traffic signal,01 - Functioning,03 - P.D. only,03 - Rear end,0
17-2021,DONALD ST @ VANIER PKWY,370311.37865,5032269.91650,-75.66280168040,45.42729483470,2017-02-21,3:38:00 PM,01 - Clear,01 - Daylight,02 - Wet,01 - Traffic signal,01 - Functioning,03 - P.D. only,03 - Rear end,0
17-2022,RIVERSIDE DR RAMP 42A @ RIVERSIDE DR RAMP 42B,368479.95660,5027091.45672,-75.68687255540,45.38086985660,2017-02-21,4:23:00 PM,01 - Clear,01 - Daylight,01 - Dry,03 - Yield sign,01 - Functioning,02 - Non-fatal injury,03 - Rear end,0
17-2023,QUEENSDALE AVE btwn BANNON WAY & BANK ST,373198.26424,5023365.51796,-75.62714714310,45.34690056960,2017-02-21,4:28:00 PM,01 - Clear,01 - Daylight,01 - Dry,10 - No control,,03 - P.D. only,02 - Angle,0
17-2024,MONTREAL RD @ VANIER PKWY,370072.37535,5033064.92320,-75.66575029880,45.43447032300,2017-02-21,4:41:00 PM,02 - Rain,01 - Daylight,02 - Wet,01 - Traffic signal,00 - Unknown,03 - P.D. only,04 - Sideswipe,0
17-2025,COBBLE HILL DR @ MARAVISTA DR,361396.58710,5014648.17810,-75.77873451020,45.26951334790,2017-02-21,5:09:00 PM,01 - Clear,07 - Dark,01 - Dry,02 - Stop sign,01 - Functioning,03 - P.D. only,02 - Angle,0
17-2026,VALOUR DR @ REMEMBRANCE CRES,370674.43157,5029152.27197,-75.65857925710,45.39920941830,2017-02-21,5:15:00 PM,02 - Rain,01 - Daylight,02 - Wet,02 - Stop sign,01 - Functioning,03 - P.D. only,02 - Angle,0
17-2027,ALBERT ST btwn LORNE AVE & PERKINS ST,366519.32865,5030686.76727,-75.71145549560,45.41339501580,2017-02-21,5:44:00 PM,02 - Rain,05 - Dusk,02 - Wet,10 - No control,,03 - P.D. only,04 - Sideswipe,0
17-2028,BOTTRIELL WAY btwn MARSALA CRES & CANTEVAL TER,383893.13619,5037242.90284,-75.48845986010,45.47063344500,2017-02-21,8:05:00 PM,04 - Freezing Rain,07 - Dark,06 - Ice,10 - No control,,03 - P.D. only,06 - SMV unattended vehicle,0
17-2029,ELGIN ST @ LAURIER AVE,367949.04435,5031549.57580,-75.69308025270,45.42103072570,2017-02-21,9:24:00 PM,01 - Clear,07 - Dark,01 - Dry,01 - Traffic signal,01 - Functioning,03 - P.D. only,04 - Sideswipe,0
17-2030,STRANDHERD DR @ LONGFIELDS DR,364547.89754,5015174.50932,-75.73851442490,45.27398861400,2017-02-21,9:27:00 PM,02 - Rain,07 - Dark,02 - Wet,01 - Traffic signal,01 - Functioning,03 - P.D. only,04 - Sideswipe,0
17-2031,ALTA VISTA DR btwn BANK ST & EDGE HILL PL,370313.89757,5026238.22257,-75.66357069020,45.37302363850,2017-02-21,10:15:00 PM,01 - Clear,07 - Dark,01 - Dry,10 - No control,,03 - P.D. only,02 - Angle,0
17-2032,BLACKWELL ST @ LEEDS AVE,374658.45930,5029476.10008,-75.60765103300,45.40173687560,2017-02-21,11:24:00 PM,01 - Clear,07 - Dark,01 - Dry,02 - Stop sign,01 - Functioning,03 - P.D. only,03 - Rear end,0
17-2033,BANK ST @ HERON RD,369996.95457,5026849.07306,-75.66753609160,45.37854943520,2017-02-22,3:05:00 AM,01 - Clear,07 - Dark,02 - Wet,01 - Traffic signal,01 - Functioning,03 - P.D. only,07 - SMV other,0
17-2034,THIRD (3RD) ST @ WEST ST,389950.70977,5042758.34504,-75.41004482200,45.51954258650,2017-02-22,7:32:00 AM,01 - Clear,01 - Daylight,06 - Ice,10 - No control,,02 - Non-fatal injury,07 - SMV other,0
17-2035,EDGEWORTH AVE btwn LAWN AVE & CARLING AVE,361229.11392,5025502.41121,-75.77963207270,45.36719331750,2017-02-22,7:56:00 AM,01 - Clear,01 - Daylight,05 - Packed snow,10 - No control,,03 - P.D. only,04 - Sideswipe,0
17-2036,AUTOPARK PRIV btwn HUNTMAR DR & END,349420.90073,5017465.23355,-75.93109049360,45.29572395850,2017-02-22,8:02:00 AM,01 - Clear,01 - Daylight,02 - Wet,10 - No control,,03 - P.D. only,02 - Angle,0
17-2037,ROBERGE CRES btwn HEARST WAY & HEARST WAY,352421.82563,5019557.11505,-75.89263028330,45.31435022230,2017-02-21,6:00:00 PM,01 - Clear,07 - Dark,01 - Dry,10 - No control,,03 - P.D. only,06 - SMV unattended vehicle,0
17-2038,FARMERS WAY @ LEITRIM RD W,381293.44635,5025418.18260,-75.52353851940,45.36453300840,2017-02-22,8:34:00 AM,01 - Clear,01 - Daylight,01 - Dry,02 - Stop sign,01 - Functioning,02 - Non-fatal injury,02 - Angle,0
17-2039,POWELL AVE btwn LYON ST S & BANK ST,368097.98404,5029903.12352,-75.69138874250,45.40620302480,2017-02-21,4:20:00 PM,01 - Clear,01 - Daylight,01 - Dry,10 - No control,,03 - P.D. only,02 - Angle,0
17-2040,TENTH LINE RD btwn ST. JOSEPH BLVD & OLD TENTH LINE RD,383018.00009,5038405.88322,-75.49946527970,45.48119545430,2017-02-22,8:48:00 AM,04 - Freezing Rain,01 - Daylight,06 - Ice,10 - No control,,03 - P.D. only,03 - Rear end,0
17-2041,ALTA VISTA DR @ SMYTH RD,370433.71924,5029083.56419,-75.66166271180,45.39861381800,2017-02-22,8:55:00 AM,01 - Clear,01 - Daylight,01 - Dry,01 - Traffic signal,01 - Functioning,03 - P.D. only,05 - Turning movement,0
17-2042,TANDALEE CRES btwn Continuation of TANDALEE CRES & Continuation of TAN,355948.50620,5016015.58980,-75.84801907510,45.28223493900,2017-02-20,6:30:00 PM,01 - Clear,07 - Dark,05 - Packed snow,10 - No control,,03 - P.D. only,06 - SMV unattended vehicle,0
17-2043,ACKLAM TER btwn AYTON LANE & AYTON LANE,349725.97816,5023305.10343,-75.92667122020,45.34825321950,2017-02-21,12:00:00 AM,01 - Clear,00 - Unknown,01 - Dry,10 - No control,,03 - P.D. only,06 - SMV unattended vehicle,0
17-2044,CLARENCE ST @ KING EDWARD AVE,368336.19966,5032681.96023,-75.68798759850,45.43118446710,2017-02-22,7:00:00 AM,01 - Clear,03 - Dawn,02 - Wet,02 - Stop sign,00 - Unknown,03 - P.D. only,04 - Sideswipe,0
17-2045,CITY CENTRE AVE btwn SPRUCE ST & END,366065.96471,5030090.89431,-75.71732132170,45.40807334740,2017-02-22,9:30:00 AM,01 - Clear,01 - Daylight,02 - Wet,10 - No control,,03 - P.D. only,06 - SMV unattended vehicle,0
17-2046,ASSALY RD @ RICHMOND RD,360729.67390,5025529.76907,-75.78600427240,45.36747951430,2017-02-21,5:45:00 PM,02 - Rain,07 - Dark,02 - Wet,01 - Traffic signal,00 - Unknown,03 - P.D. only,06 - SMV unattended vehicle,0
17-2047,BELCOURT BLVD @ ST. JOSEPH BLVD,381204.40575,5037357.92770,-75.52282363830,45.47196766330,2017-02-22,12:06:00 PM,01 - Clear,01 - Daylight,01 - Dry,01 - Traffic signal,01 - Functioning,03 - P.D. only,05 - Turning movement,0
17-2048,OGILVIE RD @ MATHESON RD/PALMERSTON DR,373381.69594,5032537.38670,-75.62353203360,45.42940708790,2017-02-22,12:24:00 PM,02 - Rain,01 - Daylight,02 - Wet,01 - Traffic signal,01 - Functioning,02 - Non-fatal injury,03 - Rear end,0
17-2049,LAURIER AVE   W btwn BANK ST & O'CONNOR ST,367614.82657,5031344.77991,-75.69737658170,45.41921812670,2017-02-22,12:26:00 PM,01 - Clear,01 - Daylight,01 - Dry,10 - No control,,03 - P.D. only,04 - Sideswipe,0
17-2050,VIEWMOUNT DR btwn GLENMANOR DR & MERIVALE RD,365173.96466,5022937.12416,-75.72959024730,45.34378255540,2017-02-22,1:09:00 PM,01 - Clear,01 - Daylight,01 - Dry,10 - No control,,03 - P.D. only,04 - Sideswipe,0
17-2051,GREENBANK RD btwn CANFIELD RD & BELLMAN DR,361200.99768,5021146.19270,-75.78048775780,45.32799847890,2017-02-22,1:32:00 PM,01 - Clear,01 - Daylight,02 - Wet,10 - No control,,03 - P.D. only,02 - Angle,0
17-2052,EMPRESS AVE @ PRIMROSE AVE,366657.42190,5030537.23010,-75.70971011020,45.41203732940,2017-02-22,1:34:00 PM,01 - Clear,01 - Daylight,01 - Dry,10 - No control,00 - Unknown,03 - P.D. only,06 - SMV unattended vehicle,0
17-2053,FALLOWFIELD RD btwn RICHMOND RD & STEEPLE HILL CRES,357875.14731,5013617.71031,-75.82371851510,45.26051558980,2017-02-13,2:30:00 PM,01 - Clear,01 - Daylight,01 - Dry,10 - No control,,03 - P.D. only,99 - Other,0
17-2054,BANK ST @ ECHO DR,368662.04555,5028758.87750,-75.68433193550,45.39585623150,2017-02-22,2:35:00 PM,01 - Clear,01 - Daylight,01 - Dry,02 - Stop sign,01 - Functioning,03 - P.D. only,02 - Angle,0
17-2055,SMYTH RD E/LANCASTER RD @ ST. LAURENT BLVD N/R,373365.15408,5029424.64778,-75.62417648180,45.40140179360,2017-02-22,2:50:00 PM,01 - Clear,01 - Daylight,01 - Dry,01 - Traffic signal,01 - Functioning,03 - P.D. only,03 - Rear end,0
17-2056,ANDERSON RD/WEIR RD @ RENAUD RD,377768.49857,5031503.93653,-75.56762941860,45.41966484750,2017-02-22,3:14:00 PM,01 - Clear,01 - Daylight,01 - Dry,11 - Roundabout,01 - Functioning,03 - P.D. only,03 - Rear end,0
17-2057,BREWER RD @ BRONSON AVE,368107.54616,5027766.06067,-75.69154085820,45.38697350770,2017-02-22,3:21:00 PM,01 - Clear,01 - Daylight,02 - Wet,01 - Traffic signal,01 - Functioning,03 - P.D. only,03 - Rear end,0
17-2058,RIVER RD btwn OLD MILL WAY & BRIDGE ST,369426.37785,5010806.71859,-75.67691245930,45.23425625710,2017-02-22,3:34:00 PM,01 - Clear,01 - Daylight,01 - Dry,10 - No control,,03 - P.D. only,02 - Angle,0
17-2059,CEDARVIEW RD @ HWY 416 WESTHUNT IC72R42,359598.85590,5019763.17399,-75.80107789720,45.31568093320,2017-02-22,4:27:00 PM,02 - Rain,01 - Daylight,02 - Wet,10 - No control,,03 - P.D. only,03 - Rear end,0
17-2060,CARLING AVE @ MOODIE DR/JAMES CUMMINGS AVE W,356003.32714,5023938.84869,-75.84650129890,45.35352552260,2017-02-22,5:15:00 AM,01 - Clear,07 - Dark,02 - Wet,01 - Traffic signal,00 - Unknown,03 - P.D. only,07 - SMV other,0
17-2061,HUNT CLUB RD @ RIVERSIDE DR,368036.08258,5021947.50238,-75.69319785770,45.33462596690,2017-02-22,6:00:00 PM,01 - Clear,07 - Dark,01 - Dry,01 - Traffic signal,01 - Functioning,03 - P.D. only,03 - Rear end,0
17-2062,ISABELLA ST btwn O'CONNOR ST & METCALFE ST,368386.52890,5030361.14199,-75.68764397220,45.41029797320,2017-02-22,4:13:00 PM,01 - Clear,01 - Daylight,01 - Dry,10 - No control,,03 - P.D. only,03 - Rear end,0
17-2063,GREENBANK RD @ STRANDHERD DR,363934.01835,5014785.08610,-75.74638399620,45.27053647100,2017-02-22,6:44:00 PM,01 - Clear,07 - Dark,01 - Dry,01 - Traffic signal,01 - Functioning,03 - P.D. only,05 - Turning movement,0
17-2064,BOOTH ST btwn FLEET ST & END,366345.74883,5030822.53753,-75.71365603780,45.41463192630,2017-02-22,6:49:00 PM,01 - Clear,07 - Dark,01 - Dry,10 - No control,,03 - P.D. only,04 - Sideswipe,0
17-2065,MEADOWLANDS DR/PETER ST @ PERRY ST,364438.14850,5023493.34280,-75.73891181970,45.34885028950,2017-02-22,6:57:00 PM,01 - Clear,07 - Dark,01 - Dry,01 - Traffic signal,01 - Functioning,02 - Non-fatal injury,03 - Rear end,0
17-2066,CLEARBROOK DR/MARKETPLACE AVE @ LONGFIELDS DR,364631.37086,5014952.07663,-75.73747745680,45.27198006780,2017-02-22,7:00:00 PM,01 - Clear,07 - Dark,01 - Dry,01 - Traffic signal,01 - Functioning,03 - P.D. only,02 - Angle,0
17-2067,BERRIGAN DR @ COLINDALE AVE/OAKWELL DR,364154.77555,5015568.78290,-75.74347717440,45.27756958300,2017-02-22,8:40:00 PM,01 - Clear,07 - Dark,01 - Dry,02 - Stop sign,01 - Functioning,02 - Non-fatal injury,02 - Angle,0
17-2068,GALETTA SIDE RD btwn HOMESTEADERS RD & CARP RD,327339.21231,5034629.12323,-76.21183994770,45.45122892630,2017-02-23,6:46:00 AM,01 - Clear,03 - Dawn,02 - Wet,10 - No control,,03 - P.D. only,07 - SMV other,0
17-2069,ST. LAURENT BLVD btwn INDUSTRIAL AVE & BOURASSA ST,373159.62012,5029863.64259,-75.62674072760,45.40537176710,2017-02-23,8:31:00 AM,01 - Clear,01 - Daylight,01 - Dry,10 - No control,,03 - P.D. only,02 - Angle,0
17-2070,ARDMORE ST btwn EARNSCLIFFE GROVE & GUERNSEY PL,367939.35410,5014186.17770,-75.69542021250,45.26479934730,2017-02-23,8:30:00 AM,01 - Clear,01 - Daylight,02 - Wet,10 - No control,,03 - P.D. only,06 - SMV unattended vehicle,0
17-2071,ANDALUSIAN CRES btwn DANZIG TERR & WESTPHALIAN AVE,353352.67890,5015619.48880,-75.88114438390,45.27885480430,2017-02-23,12:00:00 AM,01 - Clear,00 - Unknown,01 - Dry,10 - No control,,03 - P.D. only,06 - SMV unattended vehicle,0
17-2072,LABELLE ST/RAMP @ LEMIEUX ST/HWY417 IC115 RAMP,372542.08546,5031689.83863,-75.63437750520,45.42186308060,2017-02-23,11:04:00 AM,01 - Clear,01 - Daylight,01 - Dry,02 - Stop sign,01 - Functioning,03 - P.D. only,02 - Angle,0
17-2073,CEDARVIEW RD @ WEST HUNT CLUB RD,359720.20591,5019557.53471,-75.79955307290,45.31382109830,2017-02-22,9:50:00 AM,01 - Clear,01 - Daylight,02 - Wet,01 - Traffic signal,01 - Functioning,03 - P.D. only,05 - Turning movement,0
17-2074,TERRY FOX DR btwn HWY417 IC140 RAMP16 & HWY417 IC140 RAMP35,350912.21976,5018592.96122,-75.91197250910,45.30577527310,2017-02-23,1:05:00 PM,01 - Clear,01 - Daylight,01 - Dry,10 - No control,,03 - P.D. only,03 - Rear end,0
17-2075,AVIATION PKWY @ OGILVIE RD,373110.37975,5032377.25450,-75.62702123510,45.42799285040,2017-02-23,1:27:00 PM,01 - Clear,01 - Daylight,02 - Wet,01 - Traffic signal,01 - Functioning,03 - P.D. only,03 - Rear end,0
17-2076,CRESTWAY DR @ HATHAWAY DR,366392.47935,5015842.82820,-75.71492453180,45.27984295700,2017-02-23,1:15:00 PM,01 - Clear,01 - Daylight,01 - Dry,02 - Stop sign,01 - Functioning,03 - P.D. only,03 - Rear end,0
17-2077,LANCASTER RD @ WALKLEY RD,374909.25000,5028600.50319,-75.60457235640,45.39383362530,2017-02-23,2:12:00 PM,01 - Clear,01 - Daylight,01 - Dry,01 - Traffic signal,01 - Functioning,03 - P.D. only,04 - Sideswipe,0
17-2078,ELM ST btwn PRESTON ST & ROCHESTER ST,366271.95774,5030282.92066,-75.71466604480,45.40978308780,2017-02-18,12:00:00 AM,03 - Snow,00 - Unknown,04 - Slush,10 - No control,,03 - P.D. only,06 - SMV unattended vehicle,0
17-2079,SHAUGHNESSY CRES btwn KNUDSON DR & WINDEYER CRES (2),350638.17082,5020397.68481,-75.91530005200,45.32203258390,2017-02-20,12:00:00 AM,01 - Clear,00 - Unknown,01 - Dry,10 - No control,,03 - P.D. only,06 - SMV unattended vehicle,0
17-2080,CARLING AVE @ MAITLAND AVE/SHERBOURNE RD,362942.36345,5026490.53379,-75.75764642190,45.37594430150,2017-02-23,3:53:00 PM,01 - Clear,01 - Daylight,01 - Dry,01 - Traffic signal,01 - Functioning,03 - P.D. only,04 - Sideswipe,0
17-2081,ST. LAURENT BLVD btwn HEMLOCK RD & MEADOW PARK PL,371176.24046,5034710.97840,-75.65142127390,45.44917685930,2017-02-23,4:23:00 PM,01 - Clear,01 - Daylight,02 - Wet,10 - No control,,03 - P.D. only,05 - Turning movement,0
17-2082,THURSTON DR btwn CONROY RD & THOMAS SPRATT PL,373582.20179,5026990.74673,-75.62174358120,45.37948135770,2017-02-23,1:45:00 PM,01 - Clear,01 - Daylight,01 - Dry,10 - No control,,03 - P.D. only,06 - SMV unattended vehicle,0
17-2083,PRINCE OF WALES DR btwn FALLOWFIELD RD & AMBERWOOD CRES,367393.58342,5019281.60515,-75.70173138370,45.31069625660,2017-02-23,4:15:00 PM,01 - Clear,01 - Daylight,01 - Dry,10 - No control,,03 - P.D. only,03 - Rear end,0
17-2084,MAITLAND AVE @ TERREBONNE DR,364011.04597,5025134.74106,-75.74416532340,45.36365558000,2017-02-23,12:00:00 AM,01 - Clear,00 - Unknown,01 - Dry,02 - Stop sign,00 - Unknown,03 - P.D. only,06 - SMV unattended vehicle,0
17-2085,PRESTON ST @ PRINCE OF WALES DR/QUEEN ELIZABET,366900.37705,5028777.21690,-75.70682806530,45.39617970100,2017-02-23,6:13:00 PM,01 - Clear,05 - Dusk,02 - Wet,01 - Traffic signal,01 - Functioning,03 - P.D. only,03 - Rear end,0
17-2086,QUARRY RD @ BRITTANY DR,371787.87131,5034284.57918,-75.64366088800,45.44528197310,2017-02-23,6:17:00 PM,01 - Clear,07 - Dark,02 - Wet,02 - Stop sign,00 - Unknown,02 - Non-fatal injury,03 - Rear end,0
17-2087,MERIVALE RD @ 170 N OF HUNTCLUB RD/COSTCO/CANA,365548.86095,5022098.75641,-75.72490971010,45.33620666980,2017-02-23,6:30:00 PM,01 - Clear,07 - Dark,02 - Wet,01 - Traffic signal,01 - Functioning,02 - Non-fatal injury,02 - Angle,0
17-2088,KING EDWARD AVE @ GEORGE ST,368463.41840,5032481.18644,-75.68638782540,45.42936640800,2017-02-23,7:54:00 PM,01 - Clear,07 - Dark,02 - Wet,02 - Stop sign,00 - Unknown,03 - P.D. only,05 - Turning movement,0
17-2089,CARLING AVE @ EDGEWORTH AVE,361262.68020,5025422.64823,-75.77921271840,45.36647291220,2017-02-23,8:48:00 PM,01 - Clear,07 - Dark,01 - Dry,01 - Traffic signal,01 - Functioning,03 - P.D. only,05 - Turning movement,0