COLLISION_ID,LOCATION,X,Y,LONGITUDE,LATITUDE,DATE,TIME,ENVIRONMENT,LIGHT,SURFACE_CONDITION,TRAFFIC_CONTROL,TRAFFIC_CONTROL_CONDITION,COLLISION_CLASSIFICATION,IMPACT_TYPE,NO_OF_PEDESTRIANS
17-2090,INNES RD @ TRIM RD,386567.77544,5037273.55590,-75.45425383040,45.47060121360,2017-02-23,9:07:00 PM,01 - Clear,07 - Dark,01 - Dry,01 - Traffic signal,01 - Functioning,03 - P.D. only,05 - Turning movement,0
17-2091,BEECH ST @ ROCHESTER ST,366857.03295,5029343.90049,-75.70731032470,45.40128241150,2017-02-23,10:16:00 PM,01 - Clear,07 - Dark,02 - Wet,02 - Stop sign,01 - Functioning,03 - P.D. only,02 - Angle,0
17-2092,MONTREAL RD @ NORTH RIVER RD,369738.20776,5032887.20967,-75.67004430040,45.43290244150,2017-02-23,10:34:00 PM,01 - Clear,07 - Dark,01 - Dry,01 - Traffic signal,01 - Functioning,03 - P.D. only,03 - Rear end,0
17-2093,HALIFAX DR @ WALKLEY RD,373642.98653,5027899.91863,-75.62084074190,45.38765571470,2017-02-23,11:53:00 PM,01 - Clear,07 - Dark,01 - Dry,01 - Traffic signal,01 - Functioning,02 - Non-fatal injury,03 - Rear end,0
17-2094,TRIM RD btwn WATTERS RD & SPRINGRIDGE DR,385308.62740,5038422.64803,-75.47016640060,45.48108589820,2017-02-24,7:36:00 AM,01 - Clear,01 - Daylight,02 - Wet,10 - No control,,03 - P.D. only,04 - Sideswipe,0
17-2095,HUNT CLUB RD @ RIVERSIDE DR,368037.03745,5021945.49850,-75.69318593180,45.33460785020,2017-02-24,7:37:00 AM,01 - Clear,01 - Daylight,01 - Dry,01 - Traffic signal,01 - Functioning,03 - P.D. only,04 - Sideswipe,0
17-2096,HUNTER'S RUN DR @ JEANNE D'ARC BLVD,380568.75054,5036173.23451,-75.53113482590,45.46137799680,2017-02-24,7:45:00 AM,01 - Clear,01 - Daylight,06 - Ice,01 - Traffic signal,01 - Functioning,03 - P.D. only,03 - Rear end,0
17-2097,MOODIE DR @ TIMM DR,356813.52758,5021095.09661,-75.83646051790,45.32787757820,2017-02-24,8:54:00 AM,01 - Clear,01 - Daylight,01 - Dry,02 - Stop sign,00 - Unknown,03 - P.D. only,03 - Rear end,0
17-2098,PARKDALE AVE @ SCOTT ST,364950.70694,5029726.55980,-75.73161199640,45.40489188330,2017-02-24,9:50:00 AM,01 - Clear,01 - Daylight,01 - Dry,01 - Traffic signal,01 - Functioning,03 - P.D. only,02 - Angle,0
17-2099,SHEPPARD'S GLEN AVE btwn CROWNRIDGE DR & GRASSY PLAINS DR,355976.06606,5015445.04569,-75.84772662470,45.27709906350,2017-02-24,12:00:00 AM,01 - Clear,07 - Dark,01 - Dry,10 - No control,,03 - P.D. only,06 - SMV unattended vehicle,0
17-2100,CAMPEAU DR @ TERRY FOX DR,350455.60070,5019010.07997,-75.91775663090,45.30955845140,2017-02-24,10:20:00 AM,01 - Clear,01 - Daylight,01 - Dry,01 - Traffic signal,01 - Functioning,03 - P.D. only,03 - Rear end,0
17-2101,BASELINE RD @ CLYDE AVE,364358.70330,5024891.63860,-75.73975713480,45.36143872580,2017-02-24,12:07:00 PM,01 - Clear,01 - Daylight,01 - Dry,01 - Traffic signal,01 - Functioning,03 - P.D. only,03 - Rear end,0
17-2102,CORONATION AVE @ CHOMLEY CRES,371632.51534,5030425.11819,-75.64617039530,45.41057115950,2017-02-24,12:37:00 PM,02 - Rain,01 - Daylight,02 - Wet,02 - Stop sign,01 - Functioning,03 - P.D. only,02 - Angle,0
17-2103,BRIAN COBURN BLVD @ STRASBOURG ST,384046.55210,5034850.02790,-75.48688377220,45.44908714550,2017-02-24,2:22:00 PM,01 - Clear,01 - Daylight,02 - Wet,02 - Stop sign,01 - Functioning,02 - Non-fatal injury,02 - Angle,0
17-2104,HWY417 IC129 RAMP61 btwn HWY417 IC129 RAMP63 & HIGHWAY 417,360618.99112,5023715.45812,-75.78762203010,45.35116323860,2017-02-24,2:31:00 PM,03 - Snow,01 - Daylight,02 - Wet,10 - No control,,03 - P.D. only,07 - SMV other,0
17-2105,STRANDHERD DR @ WOODROFFE AVE,366106.90447,5015393.27283,-75.71861973400,45.27582284200,2017-02-24,2:35:00 PM,01 - Clear,01 - Daylight,01 - Dry,01 - Traffic signal,01 - Functioning,03 - P.D. only,03 - Rear end,0
17-2106,INDUSTRIAL AVE/INNES RD @ ST. LAURENT BLVD,373098.97693,5030004.44100,-75.62749581980,45.40664452590,2017-02-24,3:07:00 PM,01 - Clear,01 - Daylight,02 - Wet,01 - Traffic signal,01 - Functioning,02 - Non-fatal injury,03 - Rear end,0
17-2107,LEITRIM RD btwn HIGH RD & ALBION RD,373416.25875,5020355.97778,-75.62478279190,45.31980049820,2017-02-24,3:26:00 PM,04 - Freezing Rain,01 - Daylight,06 - Ice,10 - No control,,02 - Non-fatal injury,02 - Angle,0
17-2108,QUEENSDALE AVE @ SIXTH ST,373623.07125,5023613.84080,-75.62169212130,45.34909332860,2017-02-24,4:10:00 PM,02 - Rain,01 - Daylight,02 - Wet,02 - Stop sign,01 - Functioning,03 - P.D. only,02 - Angle,0
17-2109,GLADSTONE AVE @ METCALFE ST,368229.70836,5030750.56860,-75.68959713250,45.41381613690,2017-02-24,4:12:00 PM,01 - Clear,01 - Daylight,02 - Wet,01 - Traffic signal,01 - Functioning,03 - P.D. only,02 - Angle,0
17-2110,CARLING AVE @ FAIRLAWN AVE/WOODROFFE AVE E,361934.68410,5025830.52790,-75.77058762240,45.37008852270,2017-02-24,4:56:00 PM,02 - Rain,01 - Daylight,02 - Wet,01 - Traffic signal,01 - Functioning,03 - P.D. only,04 - Sideswipe,0
17-2111,BRONSON AVE @ POWELL AVE,367388.21335,5029476.54510,-75.70050908370,45.40242862230,2017-02-24,6:11:00 PM,01 - Clear,05 - Dusk,02 - Wet,01 - Traffic signal,01 - Functioning,02 - Non-fatal injury,05 - Turning movement,0
17-2112,ST. LAURENT BLVD btwn MCARTHUR AVE & DONALD ST,372006.67677,5032677.99955,-75.64108345790,45.43080573790,2017-02-24,7:30:00 AM,01 - Clear,01 - Daylight,01 - Dry,10 - No control,,03 - P.D. only,02 - Angle,0
17-2113,CATHERINE ST @ LYON ST/HWY 417 LYON IC120BR36,367749.20754,5030092.18987,-75.69581966720,45.40793564000,2017-02-24,6:35:00 PM,02 - Rain,07 - Dark,02 - Wet,01 - Traffic signal,01 - Functioning,02 - Non-fatal injury,03 - Rear end,0
17-2114,PERTH ST btwn SHEA RD & EAGLESON RD,357620.06796,5007056.61616,-75.82766495790,45.20149649220,2017-02-24,7:29:00 PM,02 - Rain,07 - Dark,02 - Wet,10 - No control,,03 - P.D. only,03 - Rear end,0
17-2115,RIVERSIDE DR @ HERON RD,368119.43266,5026647.22110,-75.69153258030,45.37690542280,2017-02-24,8:13:00 PM,01 - Clear,07 - Dark,02 - Wet,01 - Traffic signal,01 - Functioning,03 - P.D. only,05 - Turning movement,0
17-2116,TENTH LINE RD btwn ST. JOSEPH BLVD & OLD TENTH LINE RD,382934.22130,5038579.08693,-75.50050922530,45.48276316520,2017-02-24,8:45:00 PM,02 - Rain,07 - Dark,02 - Wet,10 - No control,,03 - P.D. only,03 - Rear end,0
17-2117,BRITANNIA RD @ CARLING AVE,360173.67416,5024740.53489,-75.79319003530,45.36042216020,2017-02-24,9:30:00 PM,01 - Clear,07 - Dark,02 - Wet,02 - Stop sign,01 - Functioning,02 - Non-fatal injury,07 - SMV other,1
17-2118,ST. JOSEPH BLVD/OLD MONTREAL RD @ TRIM RD,384683.75734,5039286.25080,-75.47801770290,45.48892753250,2017-02-24,9:30:00 PM,02 - Rain,07 - Dark,02 - Wet,11 - Roundabout,01 - Functioning,03 - P.D. only,04 - Sideswipe,0
17-2119,GLOUCESTER ST @ LYON ST,367193.69476,5031000.23501,-75.70280074100,45.41615570070,2017-02-24,10:29:00 PM,01 - Clear,07 - Dark,02 - Wet,01 - Traffic signal,01 - Functioning,03 - P.D. only,04 - Sideswipe,0
17-2120,CUMMINGS AVE @ MONTREAL RD,372007.37325,5034041.25510,-75.64088843530,45.44307159220,2017-02-24,10:15:00 PM,02 - Rain,07 - Dark,02 - Wet,01 - Traffic signal,01 - Functioning,03 - P.D. only,04 - Sideswipe,0
17-2121,KING EDWARD AVE @ ST. PATRICK ST,368248.36685,5032824.25770,-75.68909167970,45.43247278290,2017-02-24,10:45:00 PM,02 - Rain,07 - Dark,02 - Wet,01 - Traffic signal,01 - Functioning,03 - P.D. only,02 - Angle,0
17-2122,CHAPEL CRES @ LEES AVE,369691.37725,5031285.23261,-75.67085381700,45.41849282570,2017-02-24,11:11:00 PM,02 - Rain,07 - Dark,02 - Wet,02 - Stop sign,01 - Functioning,02 - Non-fatal injury,07 - SMV other,0
17-2123,LAURIER AVE @ NICHOLAS ST,368372.63366,5031798.26990,-75.68763607310,45.42323002520,2017-02-24,11:28:00 PM,01 - Clear,07 - Dark,02 - Wet,01 - Traffic signal,01 - Functioning,03 - P.D. only,99 - Other,0
17-2124,FLEWELLYN RD btwn POPLARWOOD AVE & SHEA RD,352191.73257,5011439.39719,-75.89633976900,45.24132024480,2017-02-25,9:28:00 AM,02 - Rain,01 - Daylight,02 - Wet,10 - No control,,03 - P.D. only,07 - SMV other,0
17-2125,ST. JOSEPH BLVD @ JEANNE D'ARC BLVD,379861.74584,5036471.58090,-75.54012855280,45.46413860740,2017-02-25,12:15:00 PM,02 - Rain,01 - Daylight,02 - Wet,11 - Roundabout,01 - Functioning,03 - P.D. only,02 - Angle,0
17-2126,RICHMOND RD btwn WINSTON AVE & CHURCHILL AVE N,363220.48843,5028287.44421,-75.75388300050,45.39208950630,2017-02-25,12:35:00 PM,03 - Snow,01 - Daylight,02 - Wet,10 - No control,,03 - P.D. only,06 - SMV unattended vehicle,0
17-2127,BRONSON AVE @ RAMP 34/42A,368415.41733,5027186.38585,-75.68768434040,45.38172986620,2017-02-25,12:42:00 PM,02 - Rain,01 - Daylight,02 - Wet,10 - No control,,03 - P.D. only,03 - Rear end,0
17-2128,BEAUSEJOUR DR @ JEANNE D'ARC BLVD,381420.41265,5036059.90240,-75.52026376270,45.46026544270,2017-02-25,2:03:00 PM,02 - Rain,01 - Daylight,02 - Wet,01 - Traffic signal,01 - Functioning,03 - P.D. only,05 - Turning movement,0
17-2129,STONEHENGE CRES btwn WHITTAKER CRES & WHITTAKER CRES,375404.15892,5031530.08987,-75.59783269610,45.42014275600,2017-02-25,2:20:00 PM,02 - Rain,01 - Daylight,02 - Wet,10 - No control,,02 - Non-fatal injury,01 - Approaching,0
17-2130,WALKLEY RD btwn ST. LAURENT BLVD & MARTHA AVE,373932.69181,5028064.40301,-75.61711846040,45.38910713510,2017-02-25,2:20:00 PM,02 - Rain,01 - Daylight,02 - Wet,10 - No control,,03 - P.D. only,04 - Sideswipe,0
17-2131,FOXFIELD DR btwn GREENBANK RD & KADEER WAY,363345.14423,5016209.18497,-75.75372013010,45.28339981620,2017-02-25,2:22:00 PM,02 - Rain,01 - Daylight,02 - Wet,10 - No control,,03 - P.D. only,02 - Angle,0
17-2132,BRIAN COBURN BLVD btwn AQUAVIEW DR & TENTH LINE RD,384484.87445,5035046.84333,-75.48124911020,45.45080807570,2017-02-25,2:45:00 PM,01 - Clear,01 - Daylight,02 - Wet,10 - No control,,03 - P.D. only,03 - Rear end,0
17-2133,PAMILLA ST @ PRESTON ST,366749.70654,5029121.23010,-75.70870910400,45.39928838820,2017-02-25,3:11:00 PM,02 - Rain,01 - Daylight,02 - Wet,01 - Traffic signal,01 - Functioning,03 - P.D. only,02 - Angle,0
17-2134,LICHEN AVE btwn CHAREST WAY & MARCHANT DR,385519.97228,5036689.83956,-75.46774808410,45.46547139290,2017-02-25,1:15:00 PM,02 - Rain,01 - Daylight,02 - Wet,10 - No control,,03 - P.D. only,06 - SMV unattended vehicle,0
17-2135,INNES RD @ TRIM RD,386567.77544,5037273.55590,-75.45425383040,45.47060121360,2017-02-25,3:21:00 PM,02 - Rain,01 - Daylight,02 - Wet,01 - Traffic signal,01 - Functioning,03 - P.D. only,02 - Angle,0
17-2136,TENTH LINE RD @ OR174 IC101 RAMP61,382703.49257,5039061.45540,-75.50338372060,45.48712886620,2017-02-25,3:28:00 PM,02 - Rain,01 - Daylight,02 - Wet,02 - Stop sign,00 - Unknown,03 - P.D. only,03 - Rear end,0
17-2137,JEANNE D'ARC BLVD @ ORLEANS BLVD N,380028.72780,5038105.97393,-75.53774330660,45.47882562100,2017-02-25,3:00:00 PM,02 - Rain,01 - Daylight,02 - Wet,01 - Traffic signal,01 - Functioning,03 - P.D. only,03 - Rear end,0
17-2138,OLD MONTREAL RD btwn MEADOW LANE RD & KING ARTHUR ST,386838.42049,5040903.29629,-75.45018657630,45.50322604510,2017-02-25,3:57:00 PM,02 - Rain,01 - Daylight,02 - Wet,10 - No control,,03 - P.D. only,07 - SMV other,0
17-2139,BRONSON AVE @ CATHERINE ST/RAYMOND ST,367251.03626,5029796.56650,-75.70222065950,45.40532033420,2017-02-25,5:09:00 PM,02 - Rain,01 - Daylight,02 - Wet,01 - Traffic signal,01 - Functioning,03 - P.D. only,04 - Sideswipe,0
17-2140,INNES RD @ WILDFLOWER DR,382937.75854,5035689.88660,-75.50092337900,45.45676831040,2017-02-25,5:24:00 PM,02 - Rain,05 - Dusk,02 - Wet,01 - Traffic signal,01 - Functioning,03 - P.D. only,05 - Turning movement,0
17-2141,OSGOODE ST btwn BLACKBURN AVE & GOULBURN AVE,369356.94610,5032163.17316,-75.67501149840,45.42642314230,2017-02-25,6:53:00 PM,01 - Clear,07 - Dark,01 - Dry,10 - No control,,03 - P.D. only,06 - SMV unattended vehicle,0
17-2142,BOOTH ST @ ECCLES ST,366624.03435,5030185.89530,-75.71018069150,45.40887906750,2017-02-25,7:16:00 PM,02 - Rain,07 - Dark,02 - Wet,01 - Traffic signal,01 - Functioning,03 - P.D. only,02 - Angle,0
17-2143,CONROY RD @ THURSTON DR,373204.19605,5026796.08570,-75.62659660850,45.37776688850,2017-02-25,7:52:00 PM,02 - Rain,07 - Dark,02 - Wet,01 - Traffic signal,01 - Functioning,03 - P.D. only,04 - Sideswipe,0
17-2144,CENTURY RD S @ MCCORDICK RD S,360469.74856,5003121.85012,-75.79183382620,45.16587121300,2017-02-25,7:53:00 PM,01 - Clear,07 - Dark,02 - Wet,02 - Stop sign,01 - Functioning,02 - Non-fatal injury,02 - Angle,0
17-2145,HALTON TER btwn BANNOCK CRES & FLAMBOROUGH WAY,349232.44741,5023331.07132,-75.93296683360,45.34851832480,2017-02-26,4:43:00 AM,03 - Snow,07 - Dark,03 - Loose snow,10 - No control,,03 - P.D. only,06 - SMV unattended vehicle,0
17-2146,RICHMOND RD @ WEST HUNT CLUB RD,357145.31285,5018153.13120,-75.83253904300,45.30138076410,2017-02-26,5:10:00 AM,03 - Snow,07 - Dark,03 - Loose snow,01 - Traffic signal,01 - Functioning,03 - P.D. only,07 - SMV other,0
17-2147,HUNT CLUB RD @ DOWNPATRICK RD/MCCARTHY RD,370509.40664,5023399.84010,-75.66145221440,45.34746644600,2017-02-26,10:08:00 AM,01 - Clear,01 - Daylight,01 - Dry,01 - Traffic signal,01 - Functioning,03 - P.D. only,03 - Rear end,0
17-2148,COOPER ST @ ELGIN ST,368121.38624,5031270.25111,-75.69091418460,45.41850187840,2017-02-26,10:19:00 AM,01 - Clear,01 - Daylight,01 - Dry,01 - Traffic signal,01 - Functioning,02 - Non-fatal injury,07 - SMV other,1
17-2149,TENTH LINE RD @ WALL RD,385154.45384,5033308.21440,-75.47297397780,45.43508883360,2017-02-26,9:15:00 AM,01 - Clear,01 - Daylight,01 - Dry,02 - Stop sign,01 - Functioning,03 - P.D. only,99 - Other,0
17-2150,CONROY RD btwn CONROY RD & ROSEBELLA AVE,373824.27512,5025272.08133,-75.61889316190,45.36399373470,2017-02-26,12:23:00 PM,01 - Clear,01 - Daylight,01 - Dry,10 - No control,,03 - P.D. only,06 - SMV unattended vehicle,0
17-2151,CARP RD @ MCGEE SIDE RD,344196.88795,5019442.15570,-75.99753596750,45.31382542430,2017-02-26,12:50:00 PM,01 - Clear,01 - Daylight,01 - Dry,02 - Stop sign,01 - Functioning,03 - P.D. only,03 - Rear end,0
17-2152,FALLOWFIELD RD @ STRANDHERD DR,360752.55925,5014961.48540,-75.78690603890,45.27238405180,2017-02-26,2:09:00 PM,01 - Clear,01 - Daylight,01 - Dry,01 - Traffic signal,01 - Functioning,03 - P.D. only,04 - Sideswipe,0
17-2153,BELANGER AVE btwn CLEMENTINE BLVD & BANK ST,369613.88911,5027419.37482,-75.67235185930,45.38371637040,2017-02-25,4:30:00 PM,02 - Rain,01 - Daylight,02 - Wet,10 - No control,,03 - P.D. only,06 - SMV unattended vehicle,0
17-2154,SADDLESMITH CIRC btwn TO BE DETERMINED & CEDAR VALLEY DR (2),355809.80877,5015833.16621,-75.84980566180,45.28060353300,2017-02-26,6:06:00 PM,01 - Clear,07 - Dark,01 - Dry,10 - No control,,03 - P.D. only,03 - Rear end,0
17-2155,INDUSTRIAL AVE btwn RIVERSIDE DR & SANDFORD FLEMING AVE,370782.71711,5030574.29241,-75.65700597160,45.41199400510,2017-02-26,8:46:00 PM,01 - Clear,07 - Dark,02 - Wet,10 - No control,,03 - P.D. only,04 - Sideswipe,0
17-2156,GLENBRAE AVE btwn MARCONI AVE & CELTIC RIDGE CRES,349546.25962,5024788.11319,-75.92883037970,45.36160915240,2017-02-26,10:49:00 PM,01 - Clear,07 - Dark,01 - Dry,10 - No control,,03 - P.D. only,06 - SMV unattended vehicle,0
17-2157,ALBION RD btwn LESTER RD & LEITRIM RD,373394.41014,5020648.75639,-75.62502089470,45.32243695760,2017-02-27,7:07:00 AM,01 - Clear,03 - Dawn,01 - Dry,10 - No control,,03 - P.D. only,07 - SMV other,0
17-2158,CASTLEFRANK RD @ HAZELDEAN RD,352676.87476,5017678.10679,-75.88955906700,45.29742512870,2017-02-27,10:00:00 AM,01 - Clear,01 - Daylight,01 - Dry,01 - Traffic signal,01 - Functioning,03 - P.D. only,03 - Rear end,0
17-2159,MONTREAL RD @ NORTH RIVER RD,369740.04315,5032888.25380,-75.67002070740,45.43291166550,2017-02-27,10:06:00 AM,01 - Clear,01 - Daylight,01 - Dry,01 - Traffic signal,01 - Functioning,02 - Non-fatal injury,07 - SMV other,0
17-2160,LEEDS AVE btwn BLACKWELL ST & SHEFFIELD RD,374757.71338,5029509.51869,-75.60637860830,45.40202764790,2017-02-27,10:58:00 AM,01 - Clear,01 - Daylight,01 - Dry,10 - No control,,03 - P.D. only,02 - Angle,0
17-2161,ALBERT ST @ ELGIN ST/MACKENZIE KING BRIDGE,367851.71494,5031712.25030,-75.69430298740,45.42250319540,2017-02-27,11:12:00 AM,01 - Clear,01 - Daylight,01 - Dry,01 - Traffic signal,01 - Functioning,03 - P.D. only,07 - SMV other,0
17-2162,CARLING AVE EB btwn BAYSHORE DR & CARLING AVE,359132.30700,5024052.75524,-75.80655703820,45.35431499760,2017-02-27,12:29:00 PM,01 - Clear,01 - Daylight,01 - Dry,10 - No control,,02 - Non-fatal injury,04 - Sideswipe,0
17-2163,CENTRAL PARK DR N @ MERIVALE RD,364954.57614,5025873.58780,-75.73203219350,45.37022326840,2017-02-27,12:33:00 PM,01 - Clear,01 - Daylight,01 - Dry,01 - Traffic signal,01 - Functioning,03 - P.D. only,04 - Sideswipe,0
17-2164,FIFTH AVE btwn ADELAIDE ST & O'CONNOR ST,368687.60332,5029571.16861,-75.68390032140,45.40316263530,2017-02-27,12:37:00 PM,01 - Clear,01 - Daylight,05 - Packed snow,10 - No control,,03 - P.D. only,04 - Sideswipe,0
17-2165,MACKENZIE AVE @ RIDEAU ST,367870.70254,5032010.91799,-75.69402214080,45.42518879540,2017-02-27,1:57:00 PM,01 - Clear,01 - Daylight,01 - Dry,01 - Traffic signal,01 - Functioning,03 - P.D. only,02 - Angle,0
17-2166,JEANNE D'ARC BLVD @ ORLEANS BLVD N,380027.72446,5038106.26760,-75.53775609310,45.47882837160,2017-02-27,2:35:00 PM,01 - Clear,01 - Daylight,01 - Dry,01 - Traffic signal,01 - Functioning,03 - P.D. only,05 - Turning movement,0
17-2167,BANK ST @ CHAMBERLAIN AVE N/ISABELLA ST,368081.70876,5030166.56220,-75.69156281860,45.40857483470,2017-02-27,2:49:00 PM,01 - Clear,01 - Daylight,01 - Dry,01 - Traffic signal,01 - Functioning,03 - P.D. only,02 - Angle,0
17-2168,MERIVALE RD @ SHILLINGTON AVE,364845.69754,5026808.86920,-75.73330836280,45.37864810550,2017-02-27,3:02:00 PM,01 - Clear,01 - Daylight,01 - Dry,01 - Traffic signal,01 - Functioning,03 - P.D. only,03 - Rear end,0
17-2169,GRASSY PLAINS DR btwn FARMFIELD CRES & STONEHAVEN DR,356188.91874,5015953.72876,-75.84496118610,45.28166076800,2017-02-27,3:06:00 PM,01 - Clear,01 - Daylight,01 - Dry,10 - No control,,03 - P.D. only,03 - Rear end,0
17-2170,ST. JOSEPH BLVD @ REGIONAL RD 174/TRANSITWAY,376556.32711,5035055.53681,-75.58259850950,45.45174532560,2017-02-27,3:31:00 PM,01 - Clear,01 - Daylight,01 - Dry,01 - Traffic signal,01 - Functioning,02 - Non-fatal injury,03 - Rear end,0
17-2171,LEES AVE btwn CHESTNUT ST & HWY417 IC118 RAMP45,369403.07554,5030799.62207,-75.67460085420,45.41415016080,2017-02-27,3:30:00 PM,01 - Clear,01 - Daylight,01 - Dry,10 - No control,,03 - P.D. only,06 - SMV unattended vehicle,0
17-2172,INNES RD @ TENTH LINE RD,383953.28881,5036158.54180,-75.48786529710,45.46087054460,2017-02-27,3:46:00 PM,01 - Clear,01 - Daylight,01 - Dry,01 - Traffic signal,01 - Functioning,02 - Non-fatal injury,03 - Rear end,0
17-2173,CENTREPOINTE DR @ SUMMERWALK PL,361816.34415,5022578.49970,-75.77247335470,45.34083661620,2017-02-27,4:22:00 PM,01 - Clear,01 - Daylight,01 - Dry,02 - Stop sign,00 - Unknown,03 - P.D. only,03 - Rear end,0
17-2174,BRONSON AVE btwn PLYMOUTH ST & RENFREW AVE,367352.36377,5029566.27862,-75.70095559320,45.40323922280,2017-02-27,4:22:00 PM,01 - Clear,01 - Daylight,01 - Dry,10 - No control,,03 - P.D. only,04 - Sideswipe,0
17-2175,BOOTH ST @ SOMERSET ST,366592.36835,5030253.90180,-75.71057667060,45.40949376770,2017-02-25,7:20:00 PM,02 - Rain,07 - Dark,02 - Wet,01 - Traffic signal,01 - Functioning,03 - P.D. only,04 - Sideswipe,0
17-2176,CARP RD @ STITTSVILLE MAIN ST,349525.12055,5014329.53440,-75.93004436400,45.26750126210,2017-02-27,1:50:00 PM,01 - Clear,01 - Daylight,01 - Dry,01 - Traffic signal,01 - Functioning,03 - P.D. only,05 - Turning movement,0
17-2177,BOTELER ST @ SUSSEX DR,367452.31484,5032951.30220,-75.69924853240,45.43368765820,2017-02-27,4:45:00 PM,01 - Clear,01 - Daylight,01 - Dry,01 - Traffic signal,01 - Functioning,03 - P.D. only,03 - Rear end,0
17-2178,HAWTHORNE RD @ HUNT CLUB RD,375506.99943,5026405.40350,-75.59725333590,45.37402311560,2017-02-27,4:40:00 PM,01 - Clear,01 - Daylight,01 - Dry,01 - Traffic signal,01 - Functioning,03 - P.D. only,03 - Rear end,0
17-2179,WEST HUNT CLUB RD @ WOODROFFE AVE,363671.02545,5021245.82010,-75.74896822410,45.32869208200,2017-02-27,5:05:00 PM,01 - Clear,01 - Daylight,01 - Dry,01 - Traffic signal,01 - Functioning,03 - P.D. only,03 - Rear end,0
17-2180,SUSSEX DR btwn GEORGE ST & RIDEAU ST,367904.31590,5032073.81356,-75.69358458140,45.42575167700,2017-02-27,5:25:00 PM,01 - Clear,07 - Dark,01 - Dry,10 - No control,,03 - P.D. only,04 - Sideswipe,0
17-2181,EVANS BLVD btwn BANK ST & WILLOWDALE AVE,369947.91429,5027035.02053,-75.66813765890,45.38022709130,2017-02-27,12:00:00 AM,01 - Clear,00 - Unknown,01 - Dry,10 - No control,,03 - P.D. only,06 - SMV unattended vehicle,0
17-2182,BOTELER ST btwn SUSSEX DR & PARENT AVE,367489.77304,5032957.99117,-75.69876897910,45.43374448650,2017-02-27,7:45:00 AM,01 - Clear,01 - Daylight,01 - Dry,10 - No control,,03 - P.D. only,06 - SMV unattended vehicle,0
17-2183,VIEWMOUNT DR @ MERIVALE RD,365194.70044,5022947.82650,-75.72932436420,45.34387706830,2017-02-26,3:45:00 PM,01 - Clear,01 - Daylight,01 - Dry,01 - Traffic signal,01 - Functioning,03 - P.D. only,04 - Sideswipe,0
17-2184,HUNT CLUB RD btwn CONROY RD & MALAK ST,373983.47244,5025528.93752,-75.61682526000,45.36628912450,2017-02-27,7:07:00 PM,01 - Clear,07 - Dark,01 - Dry,10 - No control,,03 - P.D. only,04 - Sideswipe,0
17-2185,DALHOUSIE ST @ MURRAY ST,368001.03355,5032573.59460,-75.69228460460,45.43023980110,2017-02-27,7:33:00 PM,01 - Clear,07 - Dark,01 - Dry,01 - Traffic signal,00 - Unknown,03 - P.D. only,04 - Sideswipe,0
17-2186,SOMERSET ST    E btwn NELSON ST & SWEETLAND AVE,369106.14039,5031767.79599,-75.67826788820,45.42288878870,2017-02-27,8:02:00 PM,01 - Clear,07 - Dark,01 - Dry,10 - No control,,02 - Non-fatal injury,05 - Turning movement,0
17-2187,HILLMAN MARSH WAY btwn CEDAR CREEK DR & OLD CROW WAY,375605.38066,5020114.52377,-75.59689795160,45.31741062400,2017-02-28,7:20:00 AM,01 - Clear,01 - Daylight,01 - Dry,10 - No control,,02 - Non-fatal injury,02 - Angle,0
17-2188,DONALD ST @ ST. LAURENT BLVD,372094.71624,5032473.92269,-75.63998630990,45.42896108390,2017-02-28,7:55:00 AM,01 - Clear,01 - Daylight,01 - Dry,01 - Traffic signal,01 - Functioning,03 - P.D. only,03 - Rear end,0
17-2189,JEANNE D'ARC BLVD N/OR174 IC105 RAMP63 @ TRANS,379342.53553,5037117.73780,-75.54666915950,45.47000783320,2017-02-28,7:58:00 AM,01 - Clear,01 - Daylight,01 - Dry,01 - Traffic signal,00 - Unknown,03 - P.D. only,03 - Rear end,0
17-2190,BUNCHBERRY WAY btwn CREEKVIEW WAY & ROCKROSE WAY,374145.72570,5019799.08320,-75.61555733010,45.31471808160,2017-02-28,8:30:00 AM,01 - Clear,01 - Daylight,01 - Dry,10 - No control,,03 - P.D. only,02 - Angle,0
17-2191,OLD PRESCOTT RD @ PARKWAY RD,377888.89033,5013684.22177,-75.56872358160,45.25931948540,2017-02-28,8:52:00 AM,01 - Clear,01 - Daylight,01 - Dry,01 - Traffic signal,01 - Functioning,03 - P.D. only,02 - Angle,0
17-2192,BOOTH ST @ LOUISA ST,366802.70500,5029769.43830,-75.70795071640,45.40511609820,2017-02-28,9:32:00 AM,01 - Clear,01 - Daylight,01 - Dry,02 - Stop sign,00 - Unknown,02 - Non-fatal injury,03 - Rear end,0
17-2193,HERZBERG RD/MARCH VALLEY RD @ SANDHILL RD,351526.76111,5023530.71796,-75.90367020140,45.35016567870,2017-02-28,9:44:00 AM,01 - Clear,01 - Daylight,01 - Dry,02 - Stop sign,01 - Functioning,03 - P.D. only,03 - Rear end,0
17-2194,CARLING AVE @ RICHMOND RD,360246.01345,5024782.85009,-75.79226199340,45.36079719350,2017-02-28,10:13:00 AM,01 - Clear,01 - Daylight,01 - Dry,01 - Traffic signal,01 - Functioning,03 - P.D. only,02 - Angle,0