COLLISION_ID,LOCATION,X,Y,LONGITUDE,LATITUDE,DATE,TIME,ENVIRONMENT,LIGHT,SURFACE_CONDITION,TRAFFIC_CONTROL,TRAFFIC_CONTROL_CONDITION,COLLISION_CLASSIFICATION,IMPACT_TYPE,NO_OF_PEDESTRIANS
17-2195,HUNT CLUB RD @ RIVERSIDE DR,368035.95253,5021945.87373,-75.69319972550,45.33461132390,2017-02-28,10:47:00 AM,01 - Clear,01 - Daylight,01 - Dry,01 - Traffic signal,01 - Functioning,03 - P.D. only,03 - Rear end,0
17-2196,HAZELDEAN RD @ TERRY FOX DR,352207.61100,5017242.07577,-75.89558363250,45.29353343010,2017-02-28,11:10:00 AM,01 - Clear,01 - Daylight,01 - Dry,01 - Traffic signal,01 - Functioning,03 - P.D. only,03 - Rear end,0
17-2197,BEAVERPOND DR @ BLAIR RD,375398.97943,5031877.19374,-75.59784912970,45.42326632490,2017-02-28,1:28:00 PM,01 - Clear,01 - Daylight,01 - Dry,01 - Traffic signal,01 - Functioning,03 - P.D. only,03 - Rear end,0
17-2198,PRINCE OF WALES DR btwn FISHER AVE & NE/OT BOUNDARY,367163.84308,5024003.94569,-75.70406604210,45.35320752170,2017-02-28,2:53:00 PM,01 - Clear,01 - Daylight,01 - Dry,10 - No control,,02 - Non-fatal injury,05 - Turning movement,0
17-2199,PETER MORAND CRES btwn ROGER GUINDON AVE & ROGER GUINDON AVE,372140.79471,5029633.90815,-75.63978558950,45.40340347230,2017-02-28,3:18:00 PM,01 - Clear,01 - Daylight,01 - Dry,10 - No control,,03 - P.D. only,02 - Angle,0
17-2200,EARL ARMSTRONG RD @ BOWESVILLE RD,372560.98449,5017440.61540,-75.63608934470,45.29365196590,2017-02-28,4:44:00 PM,01 - Clear,01 - Daylight,01 - Dry,02 - Stop sign,01 - Functioning,02 - Non-fatal injury,02 - Angle,0
17-2201,WALKLEY RD btwn HOLLY LANE & TURN LANE,372196.78094,5027044.69996,-75.63942415530,45.38010145250,2017-02-28,3:30:00 PM,01 - Clear,01 - Daylight,01 - Dry,10 - No control,,03 - P.D. only,05 - Turning movement,0
17-2202,CAMERON ST @ REGIONAL RD 174,389860.75926,5042617.57295,-75.41122043580,45.51828707180,2017-02-28,3:52:00 PM,01 - Clear,01 - Daylight,01 - Dry,01 - Traffic signal,01 - Functioning,02 - Non-fatal injury,03 - Rear end,0
17-2203,CARLING AVE @ PINECREST  RD/GREENVIEW AVE,360007.01015,5024631.19021,-75.79532944760,45.35945142350,2017-02-28,3:56:00 PM,01 - Clear,01 - Daylight,01 - Dry,01 - Traffic signal,01 - Functioning,03 - P.D. only,03 - Rear end,0
17-2204,CARLING AVE btwn MOODIE DR & JAMES CUMMINGS AVE,356134.43082,5023880.65471,-75.84483419830,45.35299230300,2017-02-28,4:05:00 PM,01 - Clear,01 - Daylight,01 - Dry,10 - No control,,03 - P.D. only,07 - SMV other,0
17-2205,DONALD ST btwn FINDON GT & BELGATE WAY,372479.14999,5032427.63251,-75.63508024210,45.42850749220,2017-02-28,4:34:00 PM,01 - Clear,01 - Daylight,01 - Dry,10 - No control,,03 - P.D. only,02 - Angle,0
17-2206,BANK ST btwn ALBION RD & SIEVERIGHT AVE,372110.27305,5024142.20843,-75.64092405480,45.35399421840,2017-02-28,6:29:00 PM,01 - Clear,07 - Dark,01 - Dry,10 - No control,,03 - P.D. only,02 - Angle,0
17-2207,CARLING AVE @ WOODROFFE AVE W,361766.01136,5025724.84460,-75.77275300190,45.36915132390,2017-02-28,7:12:00 PM,01 - Clear,07 - Dark,02 - Wet,01 - Traffic signal,01 - Functioning,03 - P.D. only,05 - Turning movement,0
17-2208,ISABELLA ST/HWY417 IC119AR75 @ METCALFE ST,368448.37205,5030398.22691,-75.68684917990,45.41062602930,2017-02-28,8:07:00 PM,01 - Clear,07 - Dark,01 - Dry,01 - Traffic signal,01 - Functioning,02 - Non-fatal injury,03 - Rear end,0
17-2209,BANK ST @ ROSEBELLA AVE,373205.23160,5023550.53427,-75.62703265020,45.34856459830,2017-02-28,8:53:00 PM,01 - Clear,07 - Dark,01 - Dry,01 - Traffic signal,01 - Functioning,02 - Non-fatal injury,03 - Rear end,0
17-2210,GEORGE ST @ DALHOUSIE ST,368156.63469,5032315.73273,-75.69032938140,45.42790557200,2017-02-28,8:57:00 PM,01 - Clear,07 - Dark,01 - Dry,01 - Traffic signal,01 - Functioning,02 - Non-fatal injury,07 - SMV other,1
17-2211,BANK ST @ RIVERSIDE DR N,369226.71924,5027984.21490,-75.67722162450,45.38883434000,2017-02-28,9:04:00 PM,01 - Clear,07 - Dark,01 - Dry,01 - Traffic signal,01 - Functioning,03 - P.D. only,05 - Turning movement,0
17-2212,BOOTH ST @ GLADSTONE AVE,366769.03985,5029850.56170,-75.70837053210,45.40584900530,2017-02-28,11:24:00 PM,02 - Rain,07 - Dark,02 - Wet,01 - Traffic signal,01 - Functioning,03 - P.D. only,99 - Other,0
17-2213,BILLINGS BRIDGESC RAMP NB @ RIVERSIDE DR EB,369081.49818,5027761.89269,-75.67910497300,45.38684729790,2017-02-28,6:00:00 PM,01 - Clear,07 - Dark,01 - Dry,02 - Stop sign,01 - Functioning,03 - P.D. only,02 - Angle,0
17-2214,RIVERSIDE DR btwn KIMBERWICK CRES & MALHOTRA CRT,368193.04376,5022969.42013,-75.69106452820,45.34380680640,2017-03-01,7:46:00 AM,02 - Rain,01 - Daylight,02 - Wet,10 - No control,,02 - Non-fatal injury,03 - Rear end,0
17-2215,KLONDIKE RD @ MARCH VALLEY RD,350279.61984,5024993.19160,-75.91945091090,45.36340729320,2017-03-01,8:06:00 AM,02 - Rain,01 - Daylight,02 - Wet,02 - Stop sign,01 - Functioning,03 - P.D. only,02 - Angle,0
17-2216,INNES RD @ PROVENCE AVE,386111.19204,5037083.96010,-75.46012357650,45.46894872680,2017-03-01,7:45:00 AM,02 - Rain,01 - Daylight,02 - Wet,01 - Traffic signal,01 - Functioning,03 - P.D. only,03 - Rear end,0
17-2217,BANK ST @ KILBORN AVE/BELANGER AVE,369654.72324,5027426.87890,-75.67182949250,45.38378011050,2017-03-01,8:36:00 AM,02 - Rain,01 - Daylight,02 - Wet,01 - Traffic signal,01 - Functioning,02 - Non-fatal injury,05 - Turning movement,1
17-2218,MAYFIELD ST @ MCARTHUR AVE,370066.04145,5032673.24661,-75.66588316280,45.43094677020,2017-02-28,4:40:00 PM,01 - Clear,01 - Daylight,01 - Dry,02 - Stop sign,01 - Functioning,03 - P.D. only,99 - Other,0
17-2219,TERRY FOX DR btwn COPE DR & TRANS CANADA TRAIL,353528.81436,5015662.97274,-75.87889521250,45.27923389750,2017-03-01,9:12:00 AM,02 - Rain,01 - Daylight,02 - Wet,10 - No control,,03 - P.D. only,03 - Rear end,0
17-2220,WALKLEY RD btwn HOLLY LANE & TURN LANE,372196.53708,5027044.69996,-75.63942726790,45.38010147590,2017-02-28,6:15:00 PM,01 - Clear,07 - Dark,01 - Dry,10 - No control,,03 - P.D. only,03 - Rear end,0
17-2221,CARP RD @ WESTBROOK RD,347737.23065,5015443.10960,-75.95273101700,45.27763306150,2017-03-01,11:19:00 AM,01 - Clear,01 - Daylight,01 - Dry,01 - Traffic signal,01 - Functioning,03 - P.D. only,03 - Rear end,0
17-2222,BASELINE RD btwn MERIVALE RD & FARLANE BLVD,365207.06155,5025420.55720,-75.72886450470,45.36612526010,2017-02-28,11:37:00 AM,01 - Clear,01 - Daylight,01 - Dry,10 - No control,,03 - P.D. only,02 - Angle,0
17-2223,RICHMOND RD btwn WEST HUNT CLUB RD & SEYTON DR,357331.72991,5019013.07941,-75.83007104310,45.30910477210,2017-02-27,3:00:00 PM,01 - Clear,01 - Daylight,01 - Dry,10 - No control,,03 - P.D. only,04 - Sideswipe,0
17-2224,CARP RD @ DONALD B. MUNRO DR,341193.54374,5022821.52310,-76.03559057140,45.34439643890,2017-03-01,11:50:00 AM,02 - Rain,01 - Daylight,02 - Wet,02 - Stop sign,01 - Functioning,02 - Non-fatal injury,02 - Angle,0
17-2225,BANK ST btwn CHAMBERLAIN AVE S & PRETORIA AVE,368103.11344,5030121.07725,-75.69129523820,45.40816364040,2017-03-01,11:55:00 AM,02 - Rain,01 - Daylight,02 - Wet,10 - No control,,03 - P.D. only,04 - Sideswipe,0
17-2226,ST. LAURENT BLVD @ COVENTRY RD/OGILVIE RD,372306.05395,5031952.24350,-75.63735726190,45.42424689370,2017-02-28,12:47:00 PM,01 - Clear,01 - Daylight,01 - Dry,01 - Traffic signal,01 - Functioning,02 - Non-fatal injury,03 - Rear end,0
17-2227,RIOCAN AVE btwn MARKETPLACE AVE & END,364375.47889,5014606.32375,-75.74077987200,45.26889070700,2017-03-01,1:27:00 PM,01 - Clear,01 - Daylight,01 - Dry,10 - No control,,03 - P.D. only,01 - Approaching,0
17-2228,GILMOUR ST @ O'CONNOR ST,367944.04585,5030868.57000,-75.69323138550,45.41490371050,2017-03-01,11:30:00 AM,02 - Rain,01 - Daylight,02 - Wet,01 - Traffic signal,01 - Functioning,02 - Non-fatal injury,07 - SMV other,1
17-2229,GEORGETON PRIV btwn JARDIN PRIV & LONDON TER,371266.59978,5035050.10490,-75.65022039150,45.45221957000,2017-02-20,4:30:00 PM,01 - Clear,01 - Daylight,05 - Packed snow,10 - No control,,03 - P.D. only,06 - SMV unattended vehicle,0
17-2230,ORLEANS BLVD btwn LUMBERMAN WAY & ST. JOSEPH BLVD,380628.16701,5036985.09094,-75.53024992660,45.46867598440,2017-03-01,4:00:00 PM,02 - Rain,01 - Daylight,02 - Wet,10 - No control,,03 - P.D. only,02 - Angle,0
17-2231,TRIM RD btwn WALL RD & NAVAN RD,387938.93015,5033994.37213,-75.43727520460,45.44093667160,2017-03-01,4:10:00 PM,"07 - Fog, mist, smoke, dust",01 - Daylight,02 - Wet,10 - No control,,03 - P.D. only,03 - Rear end,0
17-2232,BASELINE RD/HERON RD @ PRINCE OF WALES DR,366874.81631,5026440.23203,-75.70744841330,45.37515435380,2017-03-01,4:30:00 PM,02 - Rain,01 - Daylight,02 - Wet,01 - Traffic signal,01 - Functioning,02 - Non-fatal injury,04 - Sideswipe,0
17-2233,CARP RD btwn KITTIWAKE DR & HAZELDEAN RD,348632.40277,5014526.58711,-75.94140279400,45.26933061860,2017-03-01,5:14:00 PM,02 - Rain,01 - Daylight,02 - Wet,10 - No control,,03 - P.D. only,02 - Angle,0
17-2234,BILLINGS BRIDGESC RAMP NB @ RIVERSIDE DR EB,369083.94222,5027762.60489,-75.67907367280,45.38685348180,2017-02-28,6:15:00 PM,01 - Clear,05 - Dusk,01 - Dry,02 - Stop sign,01 - Functioning,03 - P.D. only,02 - Angle,0
17-2235,HOPE SIDE RD @ RICHMOND RD,356954.16511,5015484.41590,-75.83525679360,45.27738145000,2017-03-01,5:25:00 PM,02 - Rain,05 - Dusk,02 - Wet,02 - Stop sign,01 - Functioning,03 - P.D. only,02 - Angle,0
17-2236,ALBERT ST @ EMPRESS AVE,366577.45147,5030720.94093,-75.71070868750,45.41369737150,2017-03-01,12:00:00 PM,02 - Rain,01 - Daylight,02 - Wet,01 - Traffic signal,01 - Functioning,03 - P.D. only,03 - Rear end,0
17-2237,ARMAGH WAY @ WOODFORD WAY,365039.36655,5017137.45440,-75.73201294750,45.29160920230,2017-03-01,5:36:00 PM,02 - Rain,01 - Daylight,02 - Wet,03 - Yield sign,01 - Functioning,03 - P.D. only,02 - Angle,0
17-2238,MERIVALE RD btwn MERIVALE RD & MERIVALE RD,364922.29214,5027582.53718,-75.73223623430,45.38560285650,2017-03-01,5:57:00 PM,02 - Rain,05 - Dusk,02 - Wet,10 - No control,,02 - Non-fatal injury,05 - Turning movement,0
17-2239,ALBION RD/COLLISTON CRES E @ WALKLEY RD,371034.31332,5026355.31446,-75.65435829510,45.37400946950,2017-03-01,6:22:00 PM,02 - Rain,07 - Dark,02 - Wet,01 - Traffic signal,01 - Functioning,03 - P.D. only,05 - Turning movement,0
17-2240,EARL ARMSTRONG RD @ RIVER RD,367573.72184,5014686.40419,-75.70001575480,45.26933307330,2017-03-01,5:52:00 PM,01 - Clear,05 - Dusk,02 - Wet,01 - Traffic signal,00 - Unknown,03 - P.D. only,03 - Rear end,0
17-2241,BROPHY DR @ MOODIE DR,362745.65676,5006862.00461,-75.76245027450,45.19934265970,2017-03-01,6:35:00 PM,"07 - Fog, mist, smoke, dust",07 - Dark,02 - Wet,02 - Stop sign,01 - Functioning,03 - P.D. only,07 - SMV other,0
17-2242,TENTH LINE RD @ CHARLEMAGNE BLVD N/TOMPKINS AV,383182.92656,5037978.55080,-75.49742412260,45.47733220990,2017-03-01,7:15:00 PM,02 - Rain,07 - Dark,02 - Wet,01 - Traffic signal,01 - Functioning,02 - Non-fatal injury,07 - SMV other,1
17-2243,THORNCLIFF PL @ NORTHSIDE RD,358364.37272,5021186.30341,-75.81666782550,45.32858161840,2017-03-01,8:11:00 PM,02 - Rain,07 - Dark,02 - Wet,02 - Stop sign,01 - Functioning,03 - P.D. only,02 - Angle,0
17-2244,DES EPINETTES AVE @ JEANNE D'ARC BLVD,382226.50022,5035958.87789,-75.50997386570,45.45926764270,2017-03-01,8:37:00 PM,02 - Rain,07 - Dark,02 - Wet,01 - Traffic signal,01 - Functioning,02 - Non-fatal injury,05 - Turning movement,0
17-2245,MARCH RD btwn HWY417 IC155 RAMP36 & DIAMONDVIEW RD,340000.32846,5019728.45979,-76.05103638200,45.31662463050,2017-03-03,5:31:00 AM,03 - Snow,07 - Dark,05 - Packed snow,10 - No control,,03 - P.D. only,07 - SMV other,0
17-2246,GREENBANK RD @ HWY 417 IC129 RAMP57/IRIS ST,360531.64345,5023313.16290,-75.78878203650,45.34755034180,2017-03-02,6:22:00 AM,05 - Drifting Snow,03 - Dawn,06 - Ice,01 - Traffic signal,01 - Functioning,03 - P.D. only,02 - Angle,0
17-2247,COLONNADE RD    N btwn CORINTH PRIV & CITIPLACE DR,366777.59241,5023360.61222,-75.70907581970,45.34745317140,2017-03-02,7:01:00 AM,01 - Clear,01 - Daylight,05 - Packed snow,10 - No control,,03 - P.D. only,01 - Approaching,0
17-2248,MACDONALD-CARTIER BR btwn RAMP & END (2),367421.14457,5033210.15572,-75.69961395010,45.43601952560,2017-03-02,7:11:00 AM,03 - Snow,01 - Daylight,06 - Ice,10 - No control,,03 - P.D. only,03 - Rear end,0
17-2249,BOWESVILLE RD @ RIDEAU RD,373362.73864,5015566.45270,-75.62612762800,45.27671099240,2017-03-02,7:57:00 AM,03 - Snow,01 - Daylight,06 - Ice,02 - Stop sign,01 - Functioning,03 - P.D. only,02 - Angle,0
17-2250,STRANDHERD DR btwn KENNEVALE DR & Continuation of STRANDHERD DR,361523.08313,5014036.91988,-75.77719238680,45.26400300230,2017-03-02,8:33:00 AM,03 - Snow,01 - Daylight,03 - Loose snow,10 - No control,,02 - Non-fatal injury,03 - Rear end,0
17-2251,MEADOWLANDS DR/TALLWOOD DR @ WOODROFFE AVE,363057.02405,5022729.82540,-75.75662582620,45.34209630300,2017-03-02,9:07:00 AM,03 - Snow,01 - Daylight,05 - Packed snow,01 - Traffic signal,01 - Functioning,03 - P.D. only,03 - Rear end,0
17-2252,ROGER STEVENS DR btwn HWY416 IC49 RAMP24 & SECOND LINE RD S,369464.49337,5001124.86641,-75.67768258280,45.14713550270,2017-03-02,9:10:00 AM,03 - Snow,01 - Daylight,06 - Ice,10 - No control,,03 - P.D. only,07 - SMV other,0
17-2253,RICHMOND RD btwn CROYDON AVE & ASSALY RD,360689.20567,5025488.40072,-75.78652552710,45.36711051170,2017-03-02,9:30:00 AM,03 - Snow,01 - Daylight,02 - Wet,10 - No control,,03 - P.D. only,03 - Rear end,0
17-2254,TERRY FOX DR @ EDGEWATER ST/WALTER BAKER PL,351776.21777,5017609.99107,-75.90104846300,45.29687300220,2017-03-02,9:15:00 AM,03 - Snow,01 - Daylight,06 - Ice,01 - Traffic signal,01 - Functioning,03 - P.D. only,03 - Rear end,0
17-2255,REGIONAL RD 174 WB btwn REGIONAL RD 174 & TRIM RD,384436.46868,5040047.86578,-75.48105728350,45.49580805850,2017-03-02,9:31:00 AM,01 - Clear,01 - Daylight,06 - Ice,10 - No control,,03 - P.D. only,03 - Rear end,0
17-2256,SPARKLING LAKE WAY btwn OLD PRESCOTT RD & Continuation of SPARKLING LA,377427.04656,5014659.73547,-75.57446485810,45.26814462810,2017-03-02,9:37:00 AM,05 - Drifting Snow,01 - Daylight,05 - Packed snow,10 - No control,,03 - P.D. only,02 - Angle,0
17-2257,BANK ST @ RIDEAU RD,376956.42474,5017845.14150,-75.57999837900,45.29685413420,2017-03-02,1:25:00 PM,01 - Clear,01 - Daylight,01 - Dry,01 - Traffic signal,01 - Functioning,03 - P.D. only,05 - Turning movement,0
17-2258,ISABELLA ST/HWY 417 O'CONN IC119BR57 @ O'CONNO,368297.71903,5030310.03423,-75.68878504060,45.40984618520,2017-03-02,10:04:00 AM,02 - Rain,01 - Daylight,02 - Wet,01 - Traffic signal,01 - Functioning,03 - P.D. only,04 - Sideswipe,0
17-2259,GOUGH RD btwn DOZOIS RD & QUEENSCOURT CRES,372550.12864,5010168.45053,-75.63721940680,45.22821959830,2017-03-02,10:39:00 AM,03 - Snow,01 - Daylight,06 - Ice,10 - No control,,03 - P.D. only,06 - SMV unattended vehicle,0
17-2260,PERTH ST btwn GAMBLE DR & SHEA RD,357493.90177,5006939.02164,-75.82928322240,45.20044778400,2017-03-02,10:51:00 AM,01 - Clear,01 - Daylight,01 - Dry,10 - No control,,02 - Non-fatal injury,05 - Turning movement,0
17-2261,FALLOWFIELD RD btwn WOLFGANG DR & HOLITMAN DR,363565.94378,5017032.84390,-75.75080826150,45.29079267600,2017-03-02,12:02:00 PM,05 - Drifting Snow,01 - Daylight,03 - Loose snow,10 - No control,,03 - P.D. only,04 - Sideswipe,0
17-2262,GREENBANK RD @ STRANDHERD DR,363932.68056,5014784.41720,-75.74640112220,45.27053056470,2017-03-02,12:08:00 PM,01 - Clear,01 - Daylight,01 - Dry,01 - Traffic signal,01 - Functioning,03 - P.D. only,03 - Rear end,0
17-2263,KING EDWARD AVE @ MURRAY ST,368292.03425,5032752.91310,-75.68854284010,45.43182688680,2017-03-02,12:18:00 PM,01 - Clear,01 - Daylight,01 - Dry,01 - Traffic signal,01 - Functioning,03 - P.D. only,04 - Sideswipe,0
17-2264,NAVAN RD @ PAGE RD,381660.76334,5032771.21880,-75.51770459430,45.43065011120,2017-03-02,7:00:00 AM,04 - Freezing Rain,03 - Dawn,06 - Ice,02 - Stop sign,01 - Functioning,03 - P.D. only,02 - Angle,0
17-2265,FALLOWFIELD RD @ WOODROFFE AVE,365084.81555,5017903.85890,-75.73134041180,45.29850137300,2017-03-02,1:40:00 PM,01 - Clear,01 - Daylight,01 - Dry,01 - Traffic signal,01 - Functioning,03 - P.D. only,03 - Rear end,0
17-2266,BASELINE RD @ CORDOVA ST,363592.93773,5024409.90163,-75.74958827850,45.35716875130,2017-03-02,1:58:00 PM,01 - Clear,01 - Daylight,01 - Dry,01 - Traffic signal,01 - Functioning,03 - P.D. only,03 - Rear end,0
17-2267,CUMBERLAND ST btwn CLARENCE ST & YORK ST,368236.78413,5032567.95178,-75.68927272000,45.43016768520,2017-03-02,2:09:00 PM,01 - Clear,01 - Daylight,01 - Dry,10 - No control,,03 - P.D. only,03 - Rear end,0
17-2268,MITCH OWENS RD btwn RIVER RD & SPRATT RD,369542.37331,5010794.75131,-75.67543684180,45.23413792060,2017-03-02,2:41:00 PM,01 - Clear,01 - Daylight,01 - Dry,10 - No control,,03 - P.D. only,02 - Angle,0
17-2269,ALTA VISTA DR @ RANDALL AVE,370408.38715,5027366.54190,-75.66221453350,45.38316703700,2017-03-02,2:49:00 PM,01 - Clear,01 - Daylight,01 - Dry,01 - Traffic signal,01 - Functioning,03 - P.D. only,03 - Rear end,0
17-2270,ARLINGTON AVE @ BANK ST,368005.70046,5030344.23171,-75.69251096400,45.41018031680,2017-03-02,2:53:00 PM,01 - Clear,01 - Daylight,01 - Dry,02 - Stop sign,01 - Functioning,03 - P.D. only,03 - Rear end,0
17-2271,ORLEANS BLVD btwn LUMBERMAN WAY & ST. JOSEPH BLVD,380575.12918,5037061.33108,-75.53091636240,45.46936768840,2017-03-02,3:06:00 PM,01 - Clear,01 - Daylight,01 - Dry,10 - No control,,03 - P.D. only,05 - Turning movement,0
17-2272,MEADOWLANDS DR btwn CLAYMOR AVE & DEBRA AVE,367152.38786,5025542.81778,-75.70401808960,45.36705498340,2017-03-02,3:14:00 PM,01 - Clear,01 - Daylight,01 - Dry,10 - No control,,03 - P.D. only,02 - Angle,0
17-2273,CUMMINGS AVE @ OGILVIE RD,372750.22114,5032170.96093,-75.63165184440,45.42617180300,2017-03-02,3:28:00 PM,01 - Clear,01 - Daylight,01 - Dry,01 - Traffic signal,01 - Functioning,03 - P.D. only,03 - Rear end,0
17-2274,CHAPMAN MILLS DR btwn BEATRICE DR & MEADGATE GT,365675.46287,5014978.36897,-75.72416898890,45.27212703750,2017-03-02,3:38:00 PM,01 - Clear,01 - Daylight,01 - Dry,10 - No control,,03 - P.D. only,02 - Angle,0
17-2275,CORKSTOWN RD btwn MOODIE DR & CRYSTAL BEACH DR,356388.69848,5022757.54102,-75.84170642610,45.34286777550,2017-03-02,3:41:00 PM,01 - Clear,01 - Daylight,03 - Loose snow,10 - No control,,03 - P.D. only,01 - Approaching,0
17-2276,ST. JOSEPH BLVD @ JEANNE D'ARC BLVD,379861.07695,5036472.91869,-75.54013689980,45.46415071570,2017-03-02,3:55:00 PM,01 - Clear,01 - Daylight,01 - Dry,11 - Roundabout,01 - Functioning,03 - P.D. only,04 - Sideswipe,0
17-2277,RENAUD RD @ MER BLEUE RD,383444.58592,5033736.04133,-75.49475636360,45.43913245010,2017-03-02,4:06:00 PM,01 - Clear,01 - Daylight,01 - Dry,02 - Stop sign,01 - Functioning,03 - P.D. only,03 - Rear end,0
17-2278,BLAIR RD @ REGIONAL RD 174 S/OR174 IC112 RAMP15,374908.26627,5032662.14793,-75.60400721170,45.43037826140,2017-03-02,4:09:00 PM,01 - Clear,01 - Daylight,01 - Dry,01 - Traffic signal,01 - Functioning,03 - P.D. only,03 - Rear end,0
17-2279,ST. LAURENT BLVD btwn HWY417 IC115 RAMP36 & TRANSIT,372410.57628,5031698.74722,-75.63605654220,45.42195595800,2017-03-02,5:05:00 PM,01 - Clear,01 - Daylight,01 - Dry,10 - No control,,03 - P.D. only,03 - Rear end,0
17-2280,COVENTRY RD @ VANIER PKWY,370677.38824,5031612.37190,-75.65821273120,45.42134414640,2017-03-02,5:10:00 PM,01 - Clear,01 - Daylight,01 - Dry,01 - Traffic signal,01 - Functioning,03 - P.D. only,03 - Rear end,0
17-2281,PLACE D'ORLEANS DR W @ ST. JOSEPH BLVD,381602.90634,5037683.46100,-75.51767686990,45.47485282510,2017-03-02,5:50:00 PM,01 - Clear,01 - Daylight,01 - Dry,01 - Traffic signal,01 - Functioning,03 - P.D. only,05 - Turning movement,0
17-2282,CARLING AVE @ WOODROFFE AVE W,361768.01805,5025725.51350,-75.77272730860,45.36915717950,2017-03-02,6:21:00 PM,01 - Clear,05 - Dusk,01 - Dry,01 - Traffic signal,01 - Functioning,02 - Non-fatal injury,07 - SMV other,1
17-2283,RICHMOND RD @ EDGEWORTH AVE/MCEWEN AVE,361076.74610,5025883.34047,-75.78153363530,45.37063314470,2017-03-02,6:44:00 PM,01 - Clear,05 - Dusk,01 - Dry,01 - Traffic signal,01 - Functioning,02 - Non-fatal injury,07 - SMV other,1
17-2284,TERRY FOX DR @ PALLADIUM DR/KATIMAVIK RD,351269.38355,5018180.43741,-75.90745683750,45.30203973650,2017-03-02,7:04:00 PM,01 - Clear,07 - Dark,01 - Dry,01 - Traffic signal,01 - Functioning,03 - P.D. only,03 - Rear end,0
17-2285,REGIONAL ROAD 174 EB btwn OR174 IC109 RAMP55 & TRANSIT,376512.44262,5035066.54659,-75.58315789350,45.45184888920,2017-03-02,7:32:00 PM,02 - Rain,07 - Dark,02 - Wet,10 - No control,,03 - P.D. only,03 - Rear end,0
17-2286,WOODROFFE AVE btwn GRENFELL CRES & 260 N OF FALLOWFIELD RD/TRANSITWAY,364973.45087,5018187.32101,-75.73272583400,45.30106149590,2017-03-02,9:41:00 PM,01 - Clear,07 - Dark,01 - Dry,10 - No control,,03 - P.D. only,03 - Rear end,0
17-2287,REGIONAL ROAD 174 btwn OR174 IC105 RAMP63 & OR174 IC102 RAMP36,379824.61015,5037258.92527,-75.54048317640,45.47122650940,2017-03-02,10:03:00 PM,01 - Clear,07 - Dark,01 - Dry,10 - No control,,03 - P.D. only,07 - SMV other,0
17-2288,PANMURE RD btwn MISSISSIPPI MILLS TWP & UPPER DWYER HILL RD,328977.89080,5019483.15480,-76.19163184570,45.31488331980,2017-03-02,10:26:00 PM,01 - Clear,07 - Dark,01 - Dry,10 - No control,,01 - Fatal injury,07 - SMV other,0
17-2289,PRINCE OF WALES DR btwn RIDEAU GLEN DR & FALLOWFIELD RD,367413.42237,5019090.88492,-75.70150249520,45.30897841340,2017-03-02,10:46:00 PM,01 - Clear,07 - Dark,01 - Dry,10 - No control,,03 - P.D. only,03 - Rear end,0
17-2290,BYRON AVE @ HOLLAND AVE,365015.70364,5028960.56229,-75.73087530560,45.39799401900,2017-03-03,12:06:00 AM,01 - Clear,07 - Dark,01 - Dry,02 - Stop sign,00 - Unknown,03 - P.D. only,07 - SMV other,0
17-2291,PRINCE OF WALES DR @ STRANDHERD DR,367174.77577,5014824.05732,-75.70508211370,45.27060716240,2017-03-03,2:10:00 AM,01 - Clear,07 - Dark,01 - Dry,01 - Traffic signal,01 - Functioning,03 - P.D. only,07 - SMV other,0
17-2292,AXIS WAY btwn COMPASS ST & LYNN VALLEY TERR,382138.64140,5033613.72310,-75.51146578580,45.43817760720,2017-03-03,7:06:00 AM,01 - Clear,03 - Dawn,01 - Dry,10 - No control,,03 - P.D. only,06 - SMV unattended vehicle,0
17-2293,ROGER STEVENS DR btwn DWYER HILL RD & MALAKOFF RD,355609.40347,4990433.43339,-75.85494474790,45.05206135700,2017-03-03,7:34:00 AM,01 - Clear,01 - Daylight,01 - Dry,10 - No control,,03 - P.D. only,07 - SMV other,0
17-2294,JOCKVALE RD btwn GOLFLINKS DR & PRINCE OF WALES DR,366107.76192,5012579.24824,-75.71895609600,45.25050225280,2017-03-03,7:30:00 AM,01 - Clear,01 - Daylight,01 - Dry,10 - No control,,03 - P.D. only,01 - Approaching,0
17-2295,MERIVALE RD btwn 170 N OF WEST HUNT CLUB RD/COSTCO SC & WEST HUNT CLUB,365600.70569,5021972.29358,-75.72426382530,45.33506428350,2017-03-03,8:45:00 AM,03 - Snow,01 - Daylight,03 - Loose snow,10 - No control,,03 - P.D. only,04 - Sideswipe,0
17-2296,HWY 417 RIVERSID IC117R53 @ RIVERSIDE DR,370770.30552,5030914.23566,-75.65711902320,45.41505384790,2017-03-03,9:31:00 AM,01 - Clear,01 - Daylight,01 - Dry,03 - Yield sign,01 - Functioning,02 - Non-fatal injury,03 - Rear end,0
17-2297,LAURIER AVE   W btwn KENT ST & BANK ST,367439.56318,5031241.50803,-75.69962893780,45.41830463220,2017-03-03,9:51:00 AM,01 - Clear,01 - Daylight,01 - Dry,10 - No control,,03 - P.D. only,05 - Turning movement,0
17-2298,VANIER PKWY/CRICHTON ST @ BEECHWOOD AVE/ST. PA,369128.40114,5033487.17912,-75.67775884670,45.43835709270,2017-03-03,10:15:00 AM,01 - Clear,01 - Daylight,01 - Dry,01 - Traffic signal,01 - Functioning,03 - P.D. only,99 - Other,0