COLLISION_ID,LOCATION,X,Y,LONGITUDE,LATITUDE,DATE,TIME,ENVIRONMENT,LIGHT,SURFACE_CONDITION,TRAFFIC_CONTROL,TRAFFIC_CONTROL_CONDITION,COLLISION_CLASSIFICATION,IMPACT_TYPE,NO_OF_PEDESTRIANS
17-2299,CUMMINGS AVE btwn CLARKE AVE & QUEBEC ST,372210.59355,5033529.57747,-75.63836104970,45.43844820110,2017-03-03,11:48:00 AM,01 - Clear,01 - Daylight,01 - Dry,10 - No control,,03 - P.D. only,03 - Rear end,0
17-2300,BAYSHORE DR btwn WOODRIDGE CRES S & BAYSHORE CS,359178.48505,5023615.86052,-75.80601575990,45.35038023620,2017-03-03,11:42:00 AM,01 - Clear,01 - Daylight,01 - Dry,10 - No control,,03 - P.D. only,05 - Turning movement,0
17-2301,DORION AVE btwn ALTA VISTA DR & BLAIR ST,370761.44016,5030107.51100,-75.65734023380,45.40779609730,2017-03-03,12:18:00 PM,01 - Clear,01 - Daylight,01 - Dry,10 - No control,,03 - P.D. only,02 - Angle,0
17-2302,TENTH LINE RD @ CHARLEMAGNE BLVD N/TOMPKINS AV,383184.93324,5037979.88859,-75.49739824720,45.47734402090,2017-03-03,12:18:00 PM,01 - Clear,01 - Daylight,01 - Dry,01 - Traffic signal,01 - Functioning,03 - P.D. only,04 - Sideswipe,0
17-2303,CRICHTON ST btwn VAUGHAN ST & ST. PATRICK ST,369110.46047,5033503.78093,-75.67798596940,45.43850811950,2017-03-03,1:05:00 PM,01 - Clear,01 - Daylight,01 - Dry,10 - No control,,03 - P.D. only,02 - Angle,0
17-2304,ALPINE AVE @ CARLING AVE,360497.68034,5024941.85000,-75.78903193310,45.36220791890,2017-03-03,1:41:00 PM,01 - Clear,01 - Daylight,01 - Dry,01 - Traffic signal,01 - Functioning,03 - P.D. only,02 - Angle,0
17-2305,MERIVALE RD btwn CLYDE AVE & RITA AVE,364547.52124,5024452.56667,-75.73740024040,45.35747195180,2017-03-03,2:30:00 PM,01 - Clear,01 - Daylight,01 - Dry,10 - No control,,03 - P.D. only,04 - Sideswipe,0
17-2306,EARL ARMSTRONG RD @ BOWESVILLE RD,372561.25050,5017440.46360,-75.63608597450,45.29365057440,2017-03-03,2:32:00 PM,01 - Clear,01 - Daylight,01 - Dry,02 - Stop sign,01 - Functioning,03 - P.D. only,02 - Angle,0
17-2307,MANN AVE btwn TURN LANE & RUSSELL AVE,369446.29978,5031487.85899,-75.67395836850,45.42033866960,2017-03-03,2:42:00 PM,01 - Clear,01 - Daylight,01 - Dry,10 - No control,,03 - P.D. only,04 - Sideswipe,0
17-2308,LAURIER AVE @ NICHOLAS ST,368374.64034,5031798.26990,-75.68761043430,45.42322984290,2017-03-03,4:25:00 PM,01 - Clear,01 - Daylight,02 - Wet,01 - Traffic signal,01 - Functioning,03 - P.D. only,02 - Angle,0
17-2309,FISHER AVE @ DEER PARK RD/DYNES RD,366407.20000,5025457.56541,-75.71354077850,45.36635379530,2017-03-03,3:55:00 PM,01 - Clear,01 - Daylight,01 - Dry,01 - Traffic signal,01 - Functioning,03 - P.D. only,04 - Sideswipe,0
17-2310,BRONSON AVE @ COMMISSIONER ST/SLATER ST,366769.70874,5030947.89880,-75.70822403680,45.41572247340,2017-03-03,4:33:00 PM,01 - Clear,01 - Daylight,01 - Dry,01 - Traffic signal,01 - Functioning,03 - P.D. only,04 - Sideswipe,0
17-2311,SHEFFIELD RD @ WALKLEY RD,375257.40065,5028785.87659,-75.60009989050,45.39546657770,2017-03-03,4:44:00 PM,01 - Clear,01 - Daylight,01 - Dry,01 - Traffic signal,01 - Functioning,03 - P.D. only,03 - Rear end,0
17-2312,HWY417 IC138 RAMP25 btwn EAGLESON RD & EAGLESON RD,353034.17107,5020032.51700,-75.88477457660,45.31858619020,2017-03-03,4:58:00 PM,01 - Clear,01 - Daylight,01 - Dry,10 - No control,,03 - P.D. only,03 - Rear end,0
17-2313,HERZBERG RD @ MARCH RD,352323.95665,5021527.15051,-75.89368937180,45.33208364570,2017-03-03,5:15:00 PM,01 - Clear,01 - Daylight,01 - Dry,01 - Traffic signal,01 - Functioning,02 - Non-fatal injury,03 - Rear end,0
17-2314,HAWTHORNE RD btwn HUNT CLUB RD & HAWTHORNE RD,375518.78669,5026381.78004,-75.59710624370,45.37380937330,2017-03-03,5:19:00 PM,01 - Clear,01 - Daylight,01 - Dry,10 - No control,,03 - P.D. only,05 - Turning movement,0
17-2315,HUNT CLUB RD/AIRPORT PKWY/HUNT CLUB RD RAMP 53,370949.29723,5023662.86442,-75.65580399840,45.34979170960,2017-03-03,5:37:00 PM,01 - Clear,01 - Daylight,01 - Dry,02 - Stop sign,01 - Functioning,02 - Non-fatal injury,07 - SMV other,1
17-2316,MARCH RD btwn HERZBERG RD & CORKSTOWN RD,352610.45591,5020991.84720,-75.89008612250,45.32724742200,2017-03-03,5:44:00 PM,01 - Clear,05 - Dusk,01 - Dry,10 - No control,,02 - Non-fatal injury,03 - Rear end,0
17-2317,HUNT CLUB RD @ RIVERSIDE DR,368037.70634,5021945.49850,-75.69317739970,45.33460778990,2017-03-03,6:15:00 PM,01 - Clear,05 - Dusk,02 - Wet,01 - Traffic signal,01 - Functioning,03 - P.D. only,03 - Rear end,0
17-2318,BANK ST @ WALKLEY RD,370338.85534,5025947.06600,-75.66329071600,45.37040157170,2017-03-03,7:14:00 PM,01 - Clear,07 - Dark,01 - Dry,01 - Traffic signal,01 - Functioning,03 - P.D. only,03 - Rear end,0
17-2319,DALY AVE @ NICHOLAS ST,368228.03545,5032046.57370,-75.68945166430,45.42547730240,2017-03-03,6:30:00 PM,01 - Clear,07 - Dark,04 - Slush,01 - Traffic signal,01 - Functioning,03 - P.D. only,05 - Turning movement,0
17-2320,MERIVALE RD btwn SUMMERVILLE AVE & MAYVIEW AVE,364876.37384,5026432.48277,-75.73296249940,45.37525881790,2017-03-03,8:16:00 PM,01 - Clear,07 - Dark,01 - Dry,10 - No control,,03 - P.D. only,03 - Rear end,0
17-2321,DILWORTH RD btwn FOURTH LINE RD & HWY416 IC42 RAMP34,371045.02775,4994896.14585,-75.65840995450,45.09094259520,2017-03-03,7:08:00 PM,01 - Clear,07 - Dark,01 - Dry,10 - No control,,03 - P.D. only,07 - SMV other,0
17-2322,HARVEST VALLEY AVE/SWEETVALLEY DR @ TENTH LINE RD,384697.19960,5034388.90190,-75.47864186880,45.44486427980,2017-03-03,9:55:00 PM,01 - Clear,07 - Dark,01 - Dry,02 - Stop sign,01 - Functioning,03 - P.D. only,02 - Angle,0
17-2323,PALLADIUM DR btwn CYCLONE TAYLOR BLVD & SILVER SEVEN RD,350246.45067,5017580.81786,-75.92055480340,45.29671110840,2017-03-04,12:39:00 AM,01 - Clear,07 - Dark,01 - Dry,10 - No control,,03 - P.D. only,03 - Rear end,0
17-2324,BRIAN COBURN BLVD @ TENTH LINE RD,384428.33890,5035022.30790,-75.48197576030,45.45059377220,2017-03-04,3:40:00 AM,04 - Freezing Rain,07 - Dark,02 - Wet,01 - Traffic signal,01 - Functioning,03 - P.D. only,07 - SMV other,0
17-2325,FALLOWFIELD RD @ TRANSITWAY/VIARAIL,364466.30085,5017548.62960,-75.73926880350,45.29535783330,2017-03-04,5:24:00 AM,01 - Clear,07 - Dark,01 - Dry,01 - Traffic signal,01 - Functioning,03 - P.D. only,07 - SMV other,0
17-2326,BANTREE ST btwn EDINBURGH PL & BLACKWELL ST,374312.60071,5029902.68952,-75.61200824830,45.40560954300,2017-03-04,6:46:00 AM,01 - Clear,01 - Daylight,01 - Dry,10 - No control,,03 - P.D. only,03 - Rear end,0
17-2327,DES SOLDATS-RIENDEAU ST btwn ANDRE AUDET AVE & WHIMBREL WAY,364883.16400,5011750.42900,-75.73465588100,45.24315012930,2017-03-04,5:45:00 AM,01 - Clear,07 - Dark,01 - Dry,10 - No control,,03 - P.D. only,06 - SMV unattended vehicle,0
17-2328,CYRVILLE RD @ OGILVIE RD,372453.38465,5032007.57649,-75.63546717600,45.42473052050,2017-03-03,7:15:00 PM,01 - Clear,07 - Dark,01 - Dry,01 - Traffic signal,01 - Functioning,02 - Non-fatal injury,07 - SMV other,1
17-2329,OGILVIE RD @ BATHGATE DR/CITYPARK DR W,373829.05655,5032799.90760,-75.61777868280,45.43172510310,2017-03-04,12:30:00 AM,03 - Snow,07 - Dark,06 - Ice,01 - Traffic signal,01 - Functioning,03 - P.D. only,07 - SMV other,0
17-2330,BRIDGE ST/MAPLE AVE @ MANOTICK MAIN ST,368701.37514,5009932.38870,-75.68625749750,45.22645524600,2017-03-04,10:42:00 AM,01 - Clear,01 - Daylight,01 - Dry,01 - Traffic signal,01 - Functioning,03 - P.D. only,03 - Rear end,0
17-2331,HERZBERG RD @ CARLING AVE,352037.95445,5022300.49280,-75.89726416600,45.33906164220,2017-03-03,5:30:00 PM,01 - Clear,01 - Daylight,01 - Dry,01 - Traffic signal,01 - Functioning,03 - P.D. only,03 - Rear end,0
17-2332,FOURTH LINE RD btwn COMMUNITY WAY & WILLISBROOK DR,366765.51913,4999011.40425,-75.71226314280,45.12836019660,2017-03-04,12:05:00 PM,01 - Clear,01 - Daylight,01 - Dry,10 - No control,,03 - P.D. only,05 - Turning movement,0
17-2333,MONTREAL RD @ FOXVIEW PL/DESLOGES PRIV,372909.15784,5034447.40948,-75.62930603970,45.44663868080,2017-03-04,12:22:00 PM,01 - Clear,01 - Daylight,01 - Dry,02 - Stop sign,01 - Functioning,03 - P.D. only,03 - Rear end,0
17-2334,GREY'S CREEK RD @ SNAKE ISLAND RD,381964.11795,5009057.41430,-75.51752348050,45.21725451220,2017-03-04,12:24:00 PM,01 - Clear,01 - Daylight,01 - Dry,02 - Stop sign,01 - Functioning,03 - P.D. only,07 - SMV other,0
17-2335,RIVERSIDE DR NB btwn INDUSTRIAL AVE & TREMBLAY RD,370772.98111,5030873.43298,-75.65709030370,45.41468646950,2017-03-04,12:48:00 PM,01 - Clear,01 - Daylight,01 - Dry,10 - No control,,02 - Non-fatal injury,03 - Rear end,0
17-2336,LAURIER AVE   W btwn BRONSON AVE & PERCY ST,366889.03854,5030910.57368,-75.70670423050,45.41537605480,2017-03-04,12:58:00 PM,01 - Clear,01 - Daylight,01 - Dry,10 - No control,,03 - P.D. only,07 - SMV other,0
17-2337,HUNT CLUB RD @ UPLANDS DR,370157.06165,5023120.82320,-75.66598503890,45.34498885020,2017-03-04,2:34:00 PM,01 - Clear,01 - Daylight,01 - Dry,01 - Traffic signal,01 - Functioning,03 - P.D. only,03 - Rear end,0
17-2338,WEST HUNT CLUB RD @ WOODROFFE AVE,363671.69434,5021247.15790,-75.74895953240,45.32870406340,2017-03-04,2:45:00 PM,01 - Clear,01 - Daylight,01 - Dry,01 - Traffic signal,01 - Functioning,02 - Non-fatal injury,03 - Rear end,0
17-2339,BLOHM DR @ HUNT CLUB RD,375130.74934,5026188.84940,-75.60208732400,45.37211252750,2017-03-04,3:00:00 PM,01 - Clear,01 - Daylight,01 - Dry,01 - Traffic signal,01 - Functioning,02 - Non-fatal injury,03 - Rear end,0
17-2340,DONALD ST @ ST. LAURENT BLVD,372093.23953,5032473.76833,-75.64000520080,45.42895983680,2017-03-04,4:23:00 PM,01 - Clear,01 - Daylight,01 - Dry,01 - Traffic signal,00 - Unknown,03 - P.D. only,04 - Sideswipe,0
17-2341,MEADOWLANDS DR/TALLWOOD DR @ WOODROFFE AVE,363056.35515,5022729.82540,-75.75663436080,45.34209635860,2017-03-04,4:25:00 PM,01 - Clear,01 - Daylight,01 - Dry,01 - Traffic signal,01 - Functioning,03 - P.D. only,03 - Rear end,0
17-2342,MARKETPLACE AVE @ RIOCAN AVE,364287.21135,5014761.59500,-75.74188604110,45.27029531050,2017-03-04,5:06:00 PM,01 - Clear,01 - Daylight,01 - Dry,02 - Stop sign,01 - Functioning,03 - P.D. only,04 - Sideswipe,0
17-2343,DALY AVE @ FRIEL ST,368852.37704,5032431.25321,-75.68142397650,45.42888161400,2017-03-04,5:12:00 PM,01 - Clear,01 - Daylight,01 - Dry,02 - Stop sign,03 - Obscured,03 - P.D. only,02 - Angle,0
17-2344,BILBERRY DR btwn DU BOIS AVE S & JEANNE D'ARC BLVD N,380842.16990,5037995.94744,-75.52735703770,45.47774757500,2017-03-04,5:22:00 PM,01 - Clear,01 - Daylight,01 - Dry,10 - No control,,02 - Non-fatal injury,06 - SMV unattended vehicle,0
17-2345,KENT ST btwn GLOUCESTER ST & NEPEAN ST,367395.02477,5031040.27794,-75.70022352910,45.41649801270,2017-03-04,5:35:00 PM,01 - Clear,01 - Daylight,01 - Dry,10 - No control,,02 - Non-fatal injury,07 - SMV other,1
17-2346,PARKDALE AVE @ SCOTT ST,364950.03805,5029725.89090,-75.73162062080,45.40488592220,2017-03-04,6:39:00 PM,01 - Clear,05 - Dusk,01 - Dry,01 - Traffic signal,01 - Functioning,03 - P.D. only,03 - Rear end,0
17-2347,TAMBLYN CRES btwn DRESSLER DR & DRESSLER DR,352456.89860,5018257.63072,-75.89230794990,45.30265478190,2017-03-04,10:41:00 PM,01 - Clear,07 - Dark,01 - Dry,10 - No control,,03 - P.D. only,07 - SMV other,0
17-2348,HAWTHORNE RD @ HUNT CLUB RD,375507.24040,5026408.56721,-75.59724980640,45.37405155670,2017-03-04,10:48:00 PM,01 - Clear,07 - Dark,01 - Dry,01 - Traffic signal,01 - Functioning,02 - Non-fatal injury,03 - Rear end,0
17-2349,KILBORN AVE btwn ASTER ST & VIRGINIA DR,371653.60362,5027894.54465,-75.64624400280,45.38780007360,2017-03-05,2:07:00 AM,01 - Clear,07 - Dark,01 - Dry,10 - No control,,03 - P.D. only,06 - SMV unattended vehicle,0
17-2350,RICHMOND RD btwn WOODROFFE AVE & LOCKHART AVE,361639.87035,5026736.79745,-75.77424677010,45.37826702860,2017-03-05,6:52:00 AM,01 - Clear,01 - Daylight,01 - Dry,10 - No control,,03 - P.D. only,05 - Turning movement,0
17-2351,BASELINE RD @ FISHER AVE,366166.35915,5026029.87049,-75.71654390020,45.37152440920,2017-03-05,9:38:00 AM,01 - Clear,01 - Daylight,01 - Dry,01 - Traffic signal,01 - Functioning,03 - P.D. only,03 - Rear end,0
17-2352,COPE DR @ TERRY FOX,353996.26676,5015345.30770,-75.87296883440,45.27634291390,2017-03-05,10:33:00 AM,01 - Clear,01 - Daylight,01 - Dry,01 - Traffic signal,01 - Functioning,02 - Non-fatal injury,05 - Turning movement,0
17-2353,WHITBURN CRES btwn HEXHAM RD & MARSDEN PL (2),357326.68036,5023458.64034,-75.82966374160,45.34910670260,2017-03-04,12:00:00 AM,01 - Clear,00 - Unknown,01 - Dry,10 - No control,,03 - P.D. only,06 - SMV unattended vehicle,0
17-2354,INNES RD btwn PRESTWICK DR & TENTH LINE RD,383910.62318,5036141.50060,-75.48841351950,45.46072205590,2017-03-05,11:51:00 AM,01 - Clear,01 - Daylight,01 - Dry,10 - No control,,03 - P.D. only,02 - Angle,0
17-2355,FOXHOUND WAY btwn BURRITTS RAPIDS PL & PRENTISS WAY,364026.06171,5012597.96156,-75.74547180090,45.25084890940,2017-03-05,8:45:00 AM,01 - Clear,01 - Daylight,01 - Dry,10 - No control,,03 - P.D. only,06 - SMV unattended vehicle,0
17-2356,EVELYN AVE btwn MAIN ST & ROSEMERE AVE,369184.96075,5030560.23465,-75.67741857180,45.41201634100,2017-03-05,12:38:00 PM,01 - Clear,01 - Daylight,01 - Dry,10 - No control,,03 - P.D. only,06 - SMV unattended vehicle,0
17-2357,MERIVALE RD @ WOODFIELD DR/ROYDON PL,365463.03555,5022298.49890,-75.72598016310,45.33801135240,2017-03-05,1:44:00 PM,01 - Clear,01 - Daylight,01 - Dry,01 - Traffic signal,01 - Functioning,03 - P.D. only,03 - Rear end,0
17-2358,MARKETPLACE AVE btwn GREENBANK RD & TRANSITWAY SOUTHWEST,364116.64279,5014663.93614,-75.74407126650,45.26943098160,2017-03-05,1:39:00 PM,01 - Clear,01 - Daylight,01 - Dry,10 - No control,,03 - P.D. only,02 - Angle,0
17-2359,MCARTHUR AVE btwn MAY ST & ST. LAURENT BLVD,371831.25790,5032869.82655,-75.64329898480,45.43254854350,2017-03-05,3:40:00 PM,01 - Clear,01 - Daylight,01 - Dry,10 - No control,,03 - P.D. only,04 - Sideswipe,0
17-2360,REGIONAL ROAD 174 btwn OR174 IC109 RAMP64 & OR174 IC105 RAMP16,376690.61344,5035425.48105,-75.58082781350,45.45506004260,2017-03-05,3:55:00 PM,01 - Clear,01 - Daylight,01 - Dry,10 - No control,,03 - P.D. only,07 - SMV other,0
17-2361,HURON AVE @ SPENCER ST,364756.78931,5029337.83960,-75.73413621270,45.40141090000,2017-03-05,4:20:00 PM,01 - Clear,01 - Daylight,01 - Dry,02 - Stop sign,01 - Functioning,03 - P.D. only,02 - Angle,0
17-2362,BRONSON AVE @ IMPERIAL AVE/PLYMOUTH ST,367319.03775,5029645.55839,-75.70137120690,45.40395553670,2017-03-05,5:04:00 PM,01 - Clear,01 - Daylight,01 - Dry,10 - No control,,02 - Non-fatal injury,05 - Turning movement,0
17-2363,ROCKINGHAM AVE btwn BRULE AVE & CLEMENTINE BLVD,369445.01836,5027280.40720,-75.67452624510,45.38248158820,2017-03-05,5:32:00 PM,01 - Clear,01 - Daylight,05 - Packed snow,10 - No control,,03 - P.D. only,06 - SMV unattended vehicle,0
17-2364,CATHERINE ST btwn BRONSON AVE & HWY417 IC121A RAMP61,367316.30163,5029830.76558,-75.70138267480,45.40562222180,2017-03-05,5:52:00 PM,01 - Clear,01 - Daylight,01 - Dry,10 - No control,,03 - P.D. only,03 - Rear end,0
17-2365,BREEZEWOOD ST/RUSTIC HILLS CRES @ VALIN ST,386508.39814,5037632.06300,-75.45495347630,45.47383364400,2017-03-05,6:53:00 PM,01 - Clear,07 - Dark,01 - Dry,02 - Stop sign,01 - Functioning,03 - P.D. only,05 - Turning movement,0
17-2366,EAGLESON RD @ KAKULU RD,353383.14611,5019152.48780,-75.88040997050,45.31064344820,2017-03-06,12:23:00 AM,01 - Clear,07 - Dark,01 - Dry,01 - Traffic signal,01 - Functioning,03 - P.D. only,03 - Rear end,0
17-2367,JEANNE D'ARC BLVD @ GREY NUNS DR/YOUVILLE DR,379673.25652,5036700.97085,-75.54250362740,45.46622271050,2017-03-06,6:42:00 AM,01 - Clear,01 - Daylight,01 - Dry,01 - Traffic signal,01 - Functioning,02 - Non-fatal injury,02 - Angle,0
17-2368,CHAMPLAIN BRIDGE/ISLAND PARK DR btwn BATE ISLAND & OTTAWA RIVER PKWY,363136.56629,5029606.30558,-75.75479874300,45.40396339850,2017-03-06,8:13:00 AM,01 - Clear,01 - Daylight,01 - Dry,10 - No control,,03 - P.D. only,04 - Sideswipe,0
17-2369,PRINCE OF WALES DR @ FALLOWFIELD RD,367399.37555,5019165.80130,-75.70167215070,45.30965375290,2017-03-06,7:55:00 AM,01 - Clear,01 - Daylight,01 - Dry,01 - Traffic signal,01 - Functioning,03 - P.D. only,03 - Rear end,0
17-2370,RIVERSIDE DR @ SMYTH RD NORTH SIDE RAMP,369938.56934,5029318.08269,-75.66795559950,45.40077017380,2017-03-06,8:52:00 AM,01 - Clear,01 - Daylight,02 - Wet,01 - Traffic signal,01 - Functioning,03 - P.D. only,04 - Sideswipe,0
17-2371,ROGER STEVENS DR btwn DORACK DR & FIRST LINE RD,371238.02391,5002260.60664,-75.65498058290,45.15719029320,2017-03-06,9:05:00 AM,01 - Clear,01 - Daylight,01 - Dry,10 - No control,,03 - P.D. only,07 - SMV other,0
17-2372,MAITLAND AVE/GLENMOUNT AVE @ ERINDALE DR,363698.69454,5025213.52059,-75.74814278420,45.36439074220,2017-03-06,9:25:00 AM,01 - Clear,01 - Daylight,01 - Dry,01 - Traffic signal,01 - Functioning,02 - Non-fatal injury,03 - Rear end,0
17-2373,HOLLAND AVE @ WELLINGTON ST,364929.36695,5029154.89219,-75.73195427820,45.39974997760,2017-03-06,9:31:00 AM,01 - Clear,01 - Daylight,01 - Dry,01 - Traffic signal,01 - Functioning,03 - P.D. only,05 - Turning movement,0
17-2374,CARLING AVE @ FAIRLAWN AVE/WOODROFFE AVE E,361934.68410,5025830.52790,-75.77058762240,45.37008852270,2017-03-06,10:30:00 AM,01 - Clear,01 - Daylight,01 - Dry,01 - Traffic signal,01 - Functioning,03 - P.D. only,04 - Sideswipe,0
17-2375,CARP RD @ HAZELDEAN RD,348804.91035,5014361.10510,-75.93921913740,45.26783077750,2017-03-06,12:08:00 PM,01 - Clear,01 - Daylight,01 - Dry,01 - Traffic signal,01 - Functioning,03 - P.D. only,03 - Rear end,0
17-2376,MCARTHUR AVE @ VANIER PKWY,370219.03945,5032690.58590,-75.66392571450,45.43108848700,2017-03-06,12:22:00 PM,01 - Clear,01 - Daylight,01 - Dry,01 - Traffic signal,01 - Functioning,03 - P.D. only,03 - Rear end,0
17-2377,MILTON RD @ NAVAN RD,387268.78820,5031812.52164,-75.44620525070,45.42138589200,2017-03-06,1:00:00 PM,01 - Clear,01 - Daylight,01 - Dry,02 - Stop sign,01 - Functioning,01 - Fatal injury,02 - Angle,0
17-2378,LAURIER AVE   W btwn LYON ST N & KENT ST,367202.19147,5031097.78750,-75.70267983670,45.41703269060,2017-03-06,1:51:00 PM,01 - Clear,01 - Daylight,01 - Dry,10 - No control,,03 - P.D. only,04 - Sideswipe,0
17-2379,KING EDWARD AVE btwn DALY AVE & STEWART ST,368615.65085,5032237.01723,-75.68447414640,45.42715558870,2017-03-06,2:03:00 PM,01 - Clear,01 - Daylight,01 - Dry,10 - No control,,03 - P.D. only,02 - Angle,0
17-2380,CYRVILLE RD @ ST. LAURENT BLVD,372242.23030,5032110.56100,-75.63815107930,45.42567751710,2017-03-06,2:15:00 PM,01 - Clear,01 - Daylight,01 - Dry,01 - Traffic signal,01 - Functioning,03 - P.D. only,03 - Rear end,0
17-2381,ALBION RD btwn KILLYMOON WAY & MITCH OWENS RD,375888.10035,5014855.19767,-75.59404621330,45.27006056610,2017-03-06,3:36:00 PM,01 - Clear,01 - Daylight,01 - Dry,10 - No control,,03 - P.D. only,05 - Turning movement,0
17-2382,CYRVILLE RD @ INNES RD,375047.39025,5031119.56420,-75.60244938320,45.41648498140,2017-03-06,4:28:00 PM,02 - Rain,01 - Daylight,02 - Wet,01 - Traffic signal,01 - Functioning,03 - P.D. only,02 - Angle,0
17-2383,INNES RD btwn HWY417 IC112 RAMP57 & HWY417 IC112 RAMP65,374386.90587,5030805.67470,-75.61093168370,45.41372676310,2017-03-06,4:32:00 PM,04 - Freezing Rain,01 - Daylight,06 - Ice,10 - No control,,03 - P.D. only,03 - Rear end,0
17-2384,INNES RD @ ORLEANS BLVD,380460.46065,5034295.73410,-75.53280815430,45.44449743930,2017-03-06,4:38:00 PM,04 - Freezing Rain,01 - Daylight,02 - Wet,01 - Traffic signal,01 - Functioning,02 - Non-fatal injury,05 - Turning movement,0
17-2385,DES EPINETTES AVE @ JEANNE D'ARC BLVD,382227.75144,5035957.90250,-75.50995802300,45.45925872820,2017-03-06,4:45:00 PM,04 - Freezing Rain,01 - Daylight,02 - Wet,01 - Traffic signal,01 - Functioning,03 - P.D. only,04 - Sideswipe,0
17-2386,ALTA VISTA DR btwn KILBORN AVE & CAVENDISH RD,370354.68631,5027861.23810,-75.66283449190,45.38762316980,2017-03-06,4:54:00 PM,02 - Rain,01 - Daylight,06 - Ice,10 - No control,,03 - P.D. only,03 - Rear end,0
17-2387,CARLING AVE @ PRESTON ST,366830.04445,5028934.88450,-75.70770647010,45.39760458680,2017-03-06,4:53:00 PM,03 - Snow,01 - Daylight,06 - Ice,01 - Traffic signal,00 - Unknown,03 - P.D. only,02 - Angle,0
17-2388,CASTLEFRANK RD @ HAZELDEAN RD,352678.88144,5017675.43121,-75.88953374220,45.29740091620,2017-03-06,5:40:00 PM,02 - Rain,05 - Dusk,02 - Wet,01 - Traffic signal,01 - Functioning,03 - P.D. only,04 - Sideswipe,0
17-2389,ALLENBY RD/IPSWICH TER @ FLAMBOROUGH WAY,349321.19868,5023067.50232,-75.93185799920,45.34614104110,2017-03-06,6:09:00 PM,04 - Freezing Rain,05 - Dusk,02 - Wet,02 - Stop sign,00 - Unknown,03 - P.D. only,02 - Angle,0
17-2390,BANK ST @ JOHNSTON RD,370852.06495,5024839.52790,-75.65688752970,45.36038812570,2017-03-06,6:16:00 PM,04 - Freezing Rain,05 - Dusk,06 - Ice,01 - Traffic signal,01 - Functioning,02 - Non-fatal injury,05 - Turning movement,0
17-2391,RUSSELL RD @ SAUMURE RD/LANGLADE RD,399946.89536,5029465.82229,-75.28469022920,45.39866439070,2017-03-06,6:16:00 PM,04 - Freezing Rain,05 - Dusk,04 - Slush,02 - Stop sign,00 - Unknown,03 - P.D. only,07 - SMV other,0
17-2392,CONNAUGHT AVE btwn CARLING AVE & SACKVILLE ST,360807.39882,5025009.40288,-75.78507110030,45.36279108030,2017-03-06,12:00:00 AM,01 - Clear,07 - Dark,01 - Dry,10 - No control,,03 - P.D. only,06 - SMV unattended vehicle,0
17-2393,MARCH RD btwn HWY417 IC138 RAMP36 & HWY417 IC138 RAMP26,352912.50200,5020299.75069,-75.88630041360,45.32099916170,2017-03-06,5:40:00 PM,01 - Clear,05 - Dusk,02 - Wet,10 - No control,,03 - P.D. only,03 - Rear end,0
17-2394,BRONSON AVE @ LAURIER AVE,366805.03545,5030860.23151,-75.70778374600,45.41493053920,2017-03-06,6:41:00 PM,04 - Freezing Rain,07 - Dark,04 - Slush,01 - Traffic signal,01 - Functioning,02 - Non-fatal injury,07 - SMV other,1
17-2395,ARGYLE AVE W @ METCALFE ST,368336.71376,5030579.90979,-75.68825212700,45.41227089810,2017-03-06,6:56:00 PM,04 - Freezing Rain,07 - Dark,06 - Ice,01 - Traffic signal,01 - Functioning,03 - P.D. only,04 - Sideswipe,0
17-2396,KANATA AVE @ TERRY FOX DR,349305.53305,5019210.24681,-75.93240466970,45.31143343420,2017-03-06,7:13:00 PM,04 - Freezing Rain,07 - Dark,06 - Ice,01 - Traffic signal,01 - Functioning,02 - Non-fatal injury,05 - Turning movement,0
17-2397,IRIS ST @ WOODROFFE AVE,362282.35765,5024442.18840,-75.76631089710,45.35756793670,2017-03-06,7:35:00 PM,04 - Freezing Rain,07 - Dark,06 - Ice,01 - Traffic signal,01 - Functioning,03 - P.D. only,05 - Turning movement,0
17-2398,LEITRIM RD @ ALBION RD,373493.89497,5020422.94162,-75.62378335190,45.32039542400,2017-03-06,7:40:00 PM,04 - Freezing Rain,07 - Dark,06 - Ice,01 - Traffic signal,01 - Functioning,03 - P.D. only,03 - Rear end,0
17-2399,VANIER PKWY/CRICHTON ST @ BEECHWOOD AVE/ST. PA,369128.00576,5033487.63116,-75.67776383980,45.43836119680,2017-03-06,7:49:00 PM,03 - Snow,07 - Dark,02 - Wet,01 - Traffic signal,01 - Functioning,03 - P.D. only,05 - Turning movement,0
17-2400,ELGIN ST @ LAURIER AVE,367949.04435,5031550.24470,-75.69308016690,45.42103674420,2017-03-06,8:04:00 PM,01 - Clear,07 - Dark,02 - Wet,01 - Traffic signal,01 - Functioning,03 - P.D. only,05 - Turning movement,0
17-2401,KATIMAVIK RD @ CURRAN ST/DAVIS AVE,351461.24161,5018494.69602,-75.90498095760,45.30485479940,2017-03-06,8:04:00 PM,04 - Freezing Rain,07 - Dark,06 - Ice,02 - Stop sign,01 - Functioning,03 - P.D. only,03 - Rear end,0
17-2402,ST. PATRICK ST btwn PARENT AVE & DALHOUSIE ST,367907.66920,5032608.50454,-75.69347321780,45.43056233920,2017-03-06,9:04:00 PM,04 - Freezing Rain,07 - Dark,06 - Ice,10 - No control,,03 - P.D. only,05 - Turning movement,0