COLLISION_ID,LOCATION,X,Y,LONGITUDE,LATITUDE,DATE,TIME,ENVIRONMENT,LIGHT,SURFACE_CONDITION,TRAFFIC_CONTROL,TRAFFIC_CONTROL_CONDITION,COLLISION_CLASSIFICATION,IMPACT_TYPE,NO_OF_PEDESTRIANS
17-2403,SMYTH RD btwn LYNDA LANE & ROGER GUINDON AVE,371778.64983,5029209.91537,-75.64446870760,45.39962330440,2017-03-06,12:00:00 AM,02 - Rain,07 - Dark,04 - Slush,10 - No control,,03 - P.D. only,06 - SMV unattended vehicle,0
17-2404,REGIONAL ROAD 174 btwn OR174 IC109 RAMP64 & OR174 IC105 RAMP16,378742.65793,5036656.46056,-75.55440939020,45.46592137090,2017-03-06,9:57:00 PM,02 - Rain,07 - Dark,04 - Slush,10 - No control,,03 - P.D. only,07 - SMV other,0
17-2405,EAGLESON RD btwn KATIMAVIK RD & KAKULU RD,353327.22407,5019287.28174,-75.88110991160,45.31186021820,2017-03-06,10:25:00 PM,04 - Freezing Rain,07 - Dark,06 - Ice,10 - No control,,03 - P.D. only,07 - SMV other,0
17-2406,RICHARDSON SIDE RD btwn CARP RD & OAK CREEK RD,346434.32311,5017366.13090,-75.96917551050,45.29501551300,2017-03-06,10:30:00 PM,04 - Freezing Rain,07 - Dark,06 - Ice,10 - No control,,03 - P.D. only,07 - SMV other,0
17-2407,PRINCE OF WALES DR @ MERIVALE RD,367451.38354,5017616.46060,-75.70120476550,45.29570834740,2017-03-06,10:55:00 PM,04 - Freezing Rain,07 - Dark,06 - Ice,01 - Traffic signal,01 - Functioning,03 - P.D. only,07 - SMV other,0
17-2408,GRADY CRES btwn JANSEN RD & JANSEN RD,360068.29978,5021149.51893,-75.79493619750,45.32811851820,2017-03-07,12:51:00 AM,01 - Clear,07 - Dark,06 - Ice,10 - No control,,03 - P.D. only,07 - SMV other,0
17-2409,HARWOOD AVE @ PINECREST RD,360209.34065,5024121.17740,-75.79280423630,45.35484637960,2017-03-07,1:09:00 AM,01 - Clear,07 - Dark,06 - Ice,02 - Stop sign,01 - Functioning,03 - P.D. only,02 - Angle,0
17-2410,RIDEAU RD btwn BOWESVILLE RD & ALBION RD,374291.53480,5016112.82656,-75.61421449190,45.28153592150,2017-03-07,2:25:00 AM,04 - Freezing Rain,07 - Dark,06 - Ice,10 - No control,,03 - P.D. only,07 - SMV other,0
17-2411,RICHMOND RD btwn MCEWEN AVE & HARTLEIGH AVE,361134.66149,5025969.93241,-75.78078443190,45.37140763940,2017-03-07,3:48:00 AM,04 - Freezing Rain,07 - Dark,06 - Ice,10 - No control,,03 - P.D. only,07 - SMV other,0
17-2412,BOWESVILLE RD btwn HIGH RD & EARL ARMSTRONG RD,372430.72800,5017717.47190,-75.63771209120,45.29615559700,2017-03-07,7:09:00 AM,04 - Freezing Rain,01 - Daylight,06 - Ice,10 - No control,,03 - P.D. only,07 - SMV other,0
17-2413,IPSWICH TER btwn BEACON WAY & BEACON WAY,349069.56055,5023029.46065,-75.93507244130,45.34581466110,2017-03-07,7:25:00 AM,02 - Rain,01 - Daylight,06 - Ice,10 - No control,,02 - Non-fatal injury,01 - Approaching,0
17-2414,COLONEL BY DR/SUSSEX DR @ RIDEAU ST,367921.14416,5032044.75467,-75.69337327650,45.42548869660,2017-03-06,12:10:00 PM,01 - Clear,01 - Daylight,01 - Dry,01 - Traffic signal,01 - Functioning,03 - P.D. only,03 - Rear end,0
17-2415,DUMAURIER AVE btwn ALENMEDE CRES & RAMSEY CRES,359939.44927,5023271.24917,-75.79634340480,45.34722000850,2017-03-06,10:00:00 PM,04 - Freezing Rain,99 - Other,06 - Ice,10 - No control,,03 - P.D. only,06 - SMV unattended vehicle,0
17-2416,PEACOCK CRES btwn FLANDERS ST & FLANDERS ST,361975.39679,5014534.57108,-75.77137184950,45.26844428580,2017-03-07,8:07:00 AM,04 - Freezing Rain,01 - Daylight,06 - Ice,10 - No control,,03 - P.D. only,06 - SMV unattended vehicle,0
17-2417,ASTURCON ST @ LIVERY ST,352651.39810,5015239.66190,-75.89011905680,45.27548509790,2017-03-07,8:24:00 AM,04 - Freezing Rain,01 - Daylight,06 - Ice,02 - Stop sign,01 - Functioning,03 - P.D. only,02 - Angle,0
17-2418,GREY SEAL CIRC btwn BOOKTON PL & NORTH BLUFF DR,369429.82395,5016366.08100,-75.67614544550,45.28427844440,2017-03-07,12:00:00 AM,04 - Freezing Rain,07 - Dark,06 - Ice,10 - No control,,03 - P.D. only,06 - SMV unattended vehicle,0
17-2419,ASTURCON ST @ LIVERY ST,352651.39810,5015239.66190,-75.89011905680,45.27548509790,2017-03-07,8:36:00 AM,04 - Freezing Rain,01 - Daylight,06 - Ice,02 - Stop sign,01 - Functioning,03 - P.D. only,02 - Angle,0
17-2420,COTTER'S CRES btwn DOWNPATRICK RD & DOWNPATRICK RD,370373.52697,5022991.40753,-75.66324019680,45.34380420140,2017-03-07,8:52:00 AM,01 - Clear,01 - Daylight,01 - Dry,10 - No control,,03 - P.D. only,06 - SMV unattended vehicle,0
17-2421,FAIRLEA CRES btwn HEATHERINGTON RD & GORE PRIV,371839.72524,5026707.12523,-75.64402864700,45.37709834000,2017-03-07,8:59:00 AM,04 - Freezing Rain,01 - Daylight,06 - Ice,10 - No control,,03 - P.D. only,01 - Approaching,0
17-2422,KIMBERWICK CRES btwn CHANCELLOR CRT & RIVERSIDE DR,367990.48468,5022464.35219,-75.69371356410,45.33928058610,2017-03-07,9:20:00 AM,04 - Freezing Rain,01 - Daylight,06 - Ice,10 - No control,,03 - P.D. only,04 - Sideswipe,0
17-2423,WOODFORD WAY btwn WOODPARK WAY & ARMAGH WAY,364960.09808,5017025.39773,-75.73303703480,45.29060771130,2017-03-07,9:11:00 AM,04 - Freezing Rain,01 - Daylight,06 - Ice,10 - No control,,03 - P.D. only,06 - SMV unattended vehicle,0
17-2424,WILLOWDALE AVE btwn EVANS BLVD & RENFIELD RD,370175.08876,5027083.53447,-75.66523079250,45.38064244230,2017-03-07,9:23:00 AM,04 - Freezing Rain,01 - Daylight,06 - Ice,10 - No control,,03 - P.D. only,06 - SMV unattended vehicle,0
17-2425,COLLISTON CRES btwn WALKLEY RD & WALKLEY RD,370925.91542,5026461.92654,-75.65572783170,45.37497896490,2017-03-07,9:17:00 AM,04 - Freezing Rain,01 - Daylight,06 - Ice,10 - No control,,03 - P.D. only,01 - Approaching,0
17-2426,ODESSA WAY btwn COBBLE HILL DR & NEWBURGH PL,360934.64100,5015220.78500,-75.78455634180,45.27470274170,2017-03-07,10:00:00 AM,04 - Freezing Rain,01 - Daylight,06 - Ice,10 - No control,,03 - P.D. only,06 - SMV unattended vehicle,0
17-2427,CANFIELD RD btwn KEPPLER CRES & VALLEYVIEW RD,360723.13289,5021275.66271,-75.78656881690,45.32920168960,2017-03-07,10:05:00 AM,04 - Freezing Rain,01 - Daylight,06 - Ice,10 - No control,,03 - P.D. only,01 - Approaching,0
17-2428,KINGSMERE AVE @ CARLING AVE,362297.35315,5026060.19811,-75.76593123900,45.37212541180,2017-03-07,10:15:00 AM,04 - Freezing Rain,01 - Daylight,06 - Ice,02 - Stop sign,01 - Functioning,03 - P.D. only,07 - SMV other,0
17-2429,EARL ARMSTRONG RD btwn LIMEBANK RD & BOWESVILLE RD,371816.73118,5016947.27928,-75.64564370090,45.28928441900,2017-03-07,10:16:00 AM,02 - Rain,01 - Daylight,02 - Wet,10 - No control,,03 - P.D. only,07 - SMV other,0
17-2430,SHANDON AVE btwn GRANDFIELD LANE & EARL MULLIGAN DR,364860.25988,5017572.61608,-75.73424346380,45.29554009870,2017-03-07,10:21:00 AM,04 - Freezing Rain,01 - Daylight,06 - Ice,10 - No control,,03 - P.D. only,07 - SMV other,0
17-2431,TWYFORD ST btwn MCCARTHY RD & CAHILL DR W,370102.12763,5023487.94323,-75.66663750060,45.34829721110,2017-03-07,10:31:00 AM,04 - Freezing Rain,01 - Daylight,05 - Packed snow,10 - No control,,03 - P.D. only,04 - Sideswipe,0
17-2432,KILMORY CRES btwn BOWMOOR AVE & INVERNESS AVE,365841.10890,5024387.55017,-75.72089881480,45.35677551810,2017-03-07,10:00:00 AM,04 - Freezing Rain,01 - Daylight,06 - Ice,10 - No control,,03 - P.D. only,07 - SMV other,0
17-2433,BERRY GLEN ST @ ROCKY HILL DR,366634.78259,5014444.70360,-75.71201048370,45.26724144460,2017-03-07,8:33:00 AM,04 - Freezing Rain,01 - Daylight,06 - Ice,02 - Stop sign,01 - Functioning,03 - P.D. only,07 - SMV other,0
17-2434,SANFORD AVE btwn LEXINGTON ST & MORLEY BLVD,366661.33426,5026131.64872,-75.71021247370,45.37239666920,2017-03-07,11:16:00 AM,04 - Freezing Rain,01 - Daylight,06 - Ice,10 - No control,,03 - P.D. only,06 - SMV unattended vehicle,0
17-2435,MERNER AVE @ TIBER GT,362140.33815,5014144.42540,-75.76931509320,45.26492029860,2017-03-07,11:23:00 AM,04 - Freezing Rain,01 - Daylight,06 - Ice,02 - Stop sign,00 - Unknown,03 - P.D. only,07 - SMV other,0
17-2436,REGATTA AVE btwn BRAMBLING WAY & EGRET WAY,364702.26610,5012424.31520,-75.73687877940,45.24922919970,2017-03-07,11:32:00 AM,04 - Freezing Rain,01 - Daylight,06 - Ice,10 - No control,,03 - P.D. only,06 - SMV unattended vehicle,0
17-2437,FOUR SEASONS DR btwn SCHOLARS CRT & SHADETREE CRES,366388.05779,5024010.61233,-75.71396542080,45.35333607070,2017-03-07,11:41:00 AM,04 - Freezing Rain,01 - Daylight,06 - Ice,10 - No control,,03 - P.D. only,06 - SMV unattended vehicle,0
17-2438,HUNTLEY RD @ FALLOWFIELD RD,352403.92415,5009614.71920,-75.89381167540,45.22488683140,2017-03-07,12:00:00 PM,02 - Rain,01 - Daylight,02 - Wet,02 - Stop sign,01 - Functioning,03 - P.D. only,02 - Angle,0
17-2439,FOUR SEASONS DR btwn SCHOLARS CRT & SHADETREE CRES,366410.72738,5024019.14505,-75.71367505790,45.35341085590,2017-03-07,8:15:00 AM,04 - Freezing Rain,01 - Daylight,06 - Ice,10 - No control,,03 - P.D. only,01 - Approaching,0
17-2440,HUNT CLUB RD @ PAUL ANKA DR,369777.39075,5022897.49040,-75.67085880480,45.34301463320,2017-03-01,2:30:00 PM,02 - Rain,01 - Daylight,02 - Wet,01 - Traffic signal,01 - Functioning,03 - P.D. only,03 - Rear end,0
17-2441,MONTREAL RD btwn ST. LAURENT BLVD & HILLSIDE DR,371558.07748,5033821.60808,-75.64666093400,45.44113836290,2017-03-07,3:44:00 PM,02 - Rain,01 - Daylight,02 - Wet,10 - No control,,03 - P.D. only,04 - Sideswipe,0
17-2442,LEES AVE @ KING EDWARD AVE/MANN AVE,369178.81093,5031334.84188,-75.67739594390,45.41898654340,2017-03-07,4:00:00 PM,01 - Clear,01 - Daylight,01 - Dry,01 - Traffic signal,01 - Functioning,03 - P.D. only,99 - Other,0
17-2443,MONTREAL RD btwn ST. LAURENT BLVD & HILLSIDE DR,371683.16109,5033882.47764,-75.64505395220,45.44167408230,2017-03-07,3:45:00 PM,04 - Freezing Rain,01 - Daylight,06 - Ice,10 - No control,,03 - P.D. only,04 - Sideswipe,0
17-2444,MEADOWLANDS DR btwn NE/OT BOUNDARY & FISHER AVE,366559.34584,5025034.74366,-75.71165156120,45.36253594250,2017-03-07,5:31:00 PM,02 - Rain,05 - Dusk,02 - Wet,10 - No control,,03 - P.D. only,02 - Angle,0
17-2445,HAZELDEAN RD btwn CASTLEFRANK RD & 246 E OF CASTLEFRANK RD,352692.92827,5017688.80913,-75.88935335930,45.29752033650,2017-03-07,5:40:00 PM,02 - Rain,01 - Daylight,02 - Wet,10 - No control,,02 - Non-fatal injury,03 - Rear end,0
17-2446,RICHARDSON SIDE RD btwn OAK CREEK RD & HUNTMAR DR,347444.35549,5018306.86050,-75.95621758180,45.30341995040,2017-03-07,6:57:00 PM,03 - Snow,07 - Dark,05 - Packed snow,10 - No control,,03 - P.D. only,05 - Turning movement,0
17-2447,BLACKBURN BYPASS EB btwn 1700 W OF NAVAN RD & NAVAN RD,378878.57103,5032783.69879,-75.55325469660,45.43106262720,2017-03-07,9:14:00 PM,02 - Rain,07 - Dark,02 - Wet,10 - No control,,03 - P.D. only,07 - SMV other,0
17-2448,RAMSAYVILLE RD @ WALKLEY EXTENSION RD,376464.41015,5029419.88130,-75.58459350370,45.40104850960,2017-03-07,10:14:00 PM,02 - Rain,07 - Dark,06 - Ice,10 - No control,,03 - P.D. only,07 - SMV other,0
17-2449,BANK ST btwn RIDEAU RD & TURN LANE,377626.65868,5016235.08492,-75.57169031070,45.28229836360,2017-03-08,3:46:00 AM,01 - Clear,07 - Dark,02 - Wet,10 - No control,,03 - P.D. only,07 - SMV other,0
17-2450,HERON RD @ ALTA VISTA DR,370493.72574,5026903.87489,-75.66118648550,45.37899612010,2017-03-08,4:00:00 AM,02 - Rain,07 - Dark,02 - Wet,01 - Traffic signal,01 - Functioning,02 - Non-fatal injury,07 - SMV other,0
17-2451,RAMSAYVILLE RD @ RIDGE RD,376683.41135,5028864.20530,-75.58187742870,45.39602639680,2017-03-08,5:51:00 AM,01 - Clear,03 - Dawn,06 - Ice,02 - Stop sign,01 - Functioning,03 - P.D. only,07 - SMV other,0
17-2452,DUNROBIN RD @ GALETTA SIDE RD,333687.60644,5040340.35330,-76.13034243800,45.50238661700,2017-03-08,5:57:00 AM,01 - Clear,07 - Dark,06 - Ice,02 - Stop sign,01 - Functioning,03 - P.D. only,07 - SMV other,0
17-2453,HARBOUR ST btwn LEARMONTH AVE & TO BE DETERMINED,328047.61508,5035483.12328,-76.20274288660,45.45889034140,2017-03-08,6:29:00 AM,01 - Clear,01 - Daylight,06 - Ice,10 - No control,,02 - Non-fatal injury,07 - SMV other,0
17-2454,DAVIDSON RD btwn BANK ST & CONROY RD,373728.34588,5022955.90380,-75.62044047300,45.34316312530,2017-03-08,6:49:00 AM,01 - Clear,01 - Daylight,06 - Ice,10 - No control,,03 - P.D. only,07 - SMV other,0
17-2455,BANFF AVE @ WALKLEY RD,370505.39794,5026043.53420,-75.66115192800,45.37125396690,2017-03-08,6:45:00 AM,03 - Snow,01 - Daylight,05 - Packed snow,01 - Traffic signal,01 - Functioning,02 - Non-fatal injury,05 - Turning movement,0
17-2456,WOODROFFE AVE btwn PINELAND AVE & SLACK RD,364212.79391,5020028.48543,-75.74220340940,45.31769294070,2017-03-08,6:53:00 AM,01 - Clear,03 - Dawn,06 - Ice,10 - No control,,02 - Non-fatal injury,07 - SMV other,0
17-2457,STANLEY AVE @ SUSSEX DR,367831.09256,5033873.26379,-75.69428984290,45.44194910010,2017-03-08,7:06:00 AM,01 - Clear,01 - Daylight,01 - Dry,01 - Traffic signal,01 - Functioning,03 - P.D. only,02 - Angle,0
17-2458,HAZELDEAN RD @ HUNTMAR DR/IBER RD,350943.60124,5016079.43220,-75.91180621440,45.28315576160,2017-03-08,7:12:00 AM,01 - Clear,01 - Daylight,02 - Wet,01 - Traffic signal,00 - Unknown,02 - Non-fatal injury,03 - Rear end,0
17-2459,SOMERSET ST @ PERCY ST,367116.70724,5030568.57100,-75.70383889050,45.41227857810,2017-03-08,7:20:00 AM,01 - Clear,01 - Daylight,06 - Ice,01 - Traffic signal,01 - Functioning,03 - P.D. only,04 - Sideswipe,0
17-2460,BRIAN COBURN BLVD @ MER BLEUE RD,383150.81890,5034441.16410,-75.49839848590,45.44550952730,2017-03-08,7:20:00 AM,04 - Freezing Rain,01 - Daylight,06 - Ice,11 - Roundabout,00 - Unknown,03 - P.D. only,07 - SMV other,0
17-2461,SECOND LINE RD btwn WILD ACRE LANE & SHARNE LANE,346789.20254,5024600.25644,-75.96403756570,45.36008932860,2017-03-08,7:20:00 AM,01 - Clear,01 - Daylight,06 - Ice,10 - No control,,02 - Non-fatal injury,01 - Approaching,0
17-2462,BELFAST RD @ TRIOLE ST,372979.05666,5030624.89419,-75.62894178560,45.41223876770,2017-03-08,7:26:00 AM,04 - Freezing Rain,01 - Daylight,06 - Ice,02 - Stop sign,00 - Unknown,03 - P.D. only,07 - SMV other,0
17-2463,FEATHERSTON DR @ RYDER ST,372406.73136,5027551.20860,-75.63667428100,45.38463858470,2017-03-08,7:29:00 AM,01 - Clear,01 - Daylight,06 - Ice,02 - Stop sign,01 - Functioning,02 - Non-fatal injury,03 - Rear end,0
17-2464,HEMLOCK RD @ LANSDOWNE RD,369848.52346,5034511.57170,-75.66841985380,45.44750751690,2017-03-08,7:32:00 AM,04 - Freezing Rain,01 - Daylight,06 - Ice,02 - Stop sign,01 - Functioning,03 - P.D. only,03 - Rear end,0
17-2465,SNAKE ISLAND RD btwn MCGUIRE RD & BLANCHFIELD RD,376773.04221,5005482.38348,-75.58412530310,45.18563667070,2017-03-08,7:38:00 AM,01 - Clear,01 - Daylight,06 - Ice,10 - No control,,03 - P.D. only,07 - SMV other,0
17-2466,INNES RD btwn ANDERSON RD & INNES RD,376457.66418,5031939.89166,-75.58431330370,45.42372279990,2017-03-08,7:39:00 AM,01 - Clear,01 - Daylight,06 - Ice,10 - No control,,03 - P.D. only,04 - Sideswipe,0
17-2467,CAMBRIAN RD btwn TWIN ELM RD & MOODIE DR,360949.75530,5010705.04855,-75.78487390650,45.23406839180,2017-03-08,7:39:00 AM,01 - Clear,01 - Daylight,06 - Ice,10 - No control,,02 - Non-fatal injury,01 - Approaching,0
17-2468,DELAMERE DR @ WEST RIDGE DR,348643.17725,5013722.73470,-75.94133644720,45.26209657990,2017-03-08,7:43:00 AM,01 - Clear,01 - Daylight,06 - Ice,02 - Stop sign,00 - Unknown,03 - P.D. only,03 - Rear end,0
17-2469,MAIN ST @ RIVERDALE AVE,369432.74444,5029531.82510,-75.67438804030,45.40274023510,2017-03-08,7:46:00 AM,01 - Clear,01 - Daylight,06 - Ice,01 - Traffic signal,01 - Functioning,03 - P.D. only,03 - Rear end,0
17-2470,MERIVALE RD @ WEST HUNT CLUB RD,365614.36744,5021943.16710,-75.72409311540,45.33480102310,2017-03-08,7:48:00 AM,01 - Clear,01 - Daylight,01 - Dry,01 - Traffic signal,01 - Functioning,03 - P.D. only,05 - Turning movement,0
17-2471,HEMLOCK RD @ LANSDOWNE RD,369851.02774,5034509.69553,-75.66838809160,45.44749040260,2017-03-08,7:55:00 AM,04 - Freezing Rain,01 - Daylight,06 - Ice,02 - Stop sign,01 - Functioning,03 - P.D. only,03 - Rear end,0
17-2472,BYRON AVE @ ISLAND PARK DR,364255.18050,5028601.51329,-75.74063174510,45.39482836000,2017-03-08,8:01:00 AM,01 - Clear,01 - Daylight,02 - Wet,01 - Traffic signal,01 - Functioning,03 - P.D. only,05 - Turning movement,0
17-2473,MUNSTER RD btwn DOGWOOD DR & COPELAND RD,349560.47630,5002083.93648,-75.93069429010,45.15730768200,2017-03-08,8:00:00 AM,03 - Snow,01 - Daylight,06 - Ice,10 - No control,,03 - P.D. only,07 - SMV other,0
17-2474,VANGUARD DR @ VANTAGE DR,383940.38324,5035826.27953,-75.48808377510,45.45788261160,2017-03-08,8:11:00 AM,01 - Clear,01 - Daylight,06 - Ice,02 - Stop sign,01 - Functioning,03 - P.D. only,03 - Rear end,0
17-2475,MCARTHUR AVE @ VANIER PKWY,370218.37055,5032689.91700,-75.66393435120,45.43108253110,2017-03-08,8:13:00 AM,04 - Freezing Rain,01 - Daylight,06 - Ice,01 - Traffic signal,00 - Unknown,03 - P.D. only,03 - Rear end,0
17-2476,PRINCE OF WALES DR btwn RIDEAU GLEN DR & FALLOWFIELD RD,367440.17823,5018965.13241,-75.70117721120,45.30784452380,2017-03-08,8:40:00 AM,01 - Clear,01 - Daylight,06 - Ice,10 - No control,,02 - Non-fatal injury,07 - SMV other,0
17-2477,SPRATT RD btwn SHORELINE DR & CANYON WALK DR,368638.31563,5016086.19302,-75.68627000260,45.28183237810,2017-03-08,9:03:00 AM,01 - Clear,01 - Daylight,02 - Wet,10 - No control,,03 - P.D. only,03 - Rear end,0
17-2478,BASELINE RD @ CENTREPOINTE DR E/HIGHGATE RD,362062.02105,5023467.51199,-75.76923586530,45.34881589230,2017-03-08,9:04:00 AM,01 - Clear,01 - Daylight,02 - Wet,01 - Traffic signal,01 - Functioning,03 - P.D. only,03 - Rear end,0
17-2479,CHARLEMAGNE BLVD btwn ORCHARDVIEW AVE & BOTTRIELL WAY,384458.26172,5037202.44162,-75.48124004610,45.47020518540,2017-03-08,9:06:00 AM,01 - Clear,01 - Daylight,06 - Ice,10 - No control,,03 - P.D. only,03 - Rear end,0
17-2480,CUMMINGS AVE btwn WELDON DR & OGILVIE RD,372739.69010,5032185.97032,-75.63178433600,45.42630787330,2017-03-08,9:19:00 AM,01 - Clear,01 - Daylight,02 - Wet,10 - No control,,03 - P.D. only,03 - Rear end,0
17-2481,CENTRAL PARK DR N @ MERIVALE RD,364953.90724,5025872.25001,-75.73204089520,45.37021128850,2017-03-08,9:22:00 AM,01 - Clear,01 - Daylight,01 - Dry,01 - Traffic signal,01 - Functioning,03 - P.D. only,04 - Sideswipe,0
17-2482,BANK ST @ FIRST AVE,368274.04465,5029705.57419,-75.68916528210,45.40440959540,2017-03-08,9:51:00 AM,01 - Clear,01 - Daylight,01 - Dry,01 - Traffic signal,00 - Unknown,03 - P.D. only,04 - Sideswipe,0
17-2483,BEAUSEJOUR DR N @ ORLEANS BLVD,381056.75414,5035896.25420,-75.52493852410,45.45883285540,2017-03-08,10:29:00 AM,01 - Clear,01 - Daylight,06 - Ice,01 - Traffic signal,01 - Functioning,03 - P.D. only,01 - Approaching,0
17-2484,CUMMINGS AVE @ OGILVIE RD,372749.72354,5032170.58570,-75.63165825430,45.42616847550,2017-03-08,10:45:00 AM,01 - Clear,01 - Daylight,01 - Dry,01 - Traffic signal,01 - Functioning,02 - Non-fatal injury,03 - Rear end,0
17-2485,ST. JOSEPH BLVD @ JEANNE D'ARC BLVD,379861.07695,5036471.58090,-75.54013710410,45.46413867920,2017-03-08,10:59:00 AM,01 - Clear,01 - Daylight,01 - Dry,11 - Roundabout,01 - Functioning,03 - P.D. only,02 - Angle,0
17-2486,WOODROFFE AVE @ GEORGINA DR/LENESTER AVE,361910.02105,5025371.18810,-75.77095555670,45.36595743280,2017-03-08,11:01:00 AM,01 - Clear,01 - Daylight,01 - Dry,01 - Traffic signal,01 - Functioning,03 - P.D. only,03 - Rear end,0
17-2487,ELGIN ST btwn WAVERLEY ST & FRANK ST,368330.23110,5030931.60909,-75.68828960710,45.41543595980,2017-03-08,12:25:00 PM,01 - Clear,01 - Daylight,01 - Dry,10 - No control,,03 - P.D. only,06 - SMV unattended vehicle,0
17-2488,AIRPORT PKWY btwn AIRPORT PKWY/WALKLEY RD SOUTHBOUND ON RAMP,370185.03839,5025343.30666,-75.66533413120,45.36498350150,2017-03-08,12:23:00 PM,02 - Rain,01 - Daylight,02 - Wet,10 - No control,,03 - P.D. only,03 - Rear end,0
17-2489,ERIC CZAPNIK WAY btwn Continuation of ERIC CZAPNIK WAY & ST. JOSEPH ST,382999.65236,5038788.02901,-75.49963908750,45.48463570920,2017-03-08,10:00:00 AM,01 - Clear,01 - Daylight,02 - Wet,10 - No control,,03 - P.D. only,06 - SMV unattended vehicle,0
17-2490,BLAIR RD @ MONTREAL RD,374020.05465,5034440.25370,-75.61510725150,45.44646516760,2017-03-08,1:30:00 PM,01 - Clear,01 - Daylight,01 - Dry,01 - Traffic signal,01 - Functioning,03 - P.D. only,02 - Angle,0
17-2491,JEANNE D'ARC BLVD  S btwn SAPINIER ST & INNES RD,382630.06129,5035592.30286,-75.50487246970,45.45592467670,2017-03-08,2:14:00 PM,01 - Clear,01 - Daylight,01 - Dry,10 - No control,,03 - P.D. only,03 - Rear end,0
17-2492,DALY AVE @ NICHOLAS ST,368227.70085,5032046.57375,-75.68945593980,45.42547733360,2017-03-08,2:17:00 PM,01 - Clear,01 - Daylight,02 - Wet,01 - Traffic signal,01 - Functioning,03 - P.D. only,03 - Rear end,0
17-2493,ORLEANS BLVD btwn BOYER RD & BEAUSEJOUR DR,381103.34622,5035721.48847,-75.52436997780,45.45725536760,2017-03-08,7:45:00 AM,01 - Clear,01 - Daylight,02 - Wet,10 - No control,,03 - P.D. only,04 - Sideswipe,0
17-2494,NORICE ST @ PERRY ST,364560.19510,5023221.53060,-75.73738727160,45.34639416790,2017-03-08,2:38:00 PM,01 - Clear,01 - Daylight,01 - Dry,02 - Stop sign,01 - Functioning,02 - Non-fatal injury,07 - SMV other,1
17-2495,ALTA VISTA DR @ SMYTH RD,370431.71256,5029082.22640,-75.66168851730,45.39860196900,2017-03-08,2:43:00 PM,01 - Clear,01 - Daylight,01 - Dry,01 - Traffic signal,01 - Functioning,02 - Non-fatal injury,02 - Angle,0
17-2496,BANK ST btwn CAHILL DR & TURN LANE (1),371414.27067,5024208.44983,-75.64979716760,45.35465670030,2017-03-08,3:01:00 PM,01 - Clear,01 - Daylight,01 - Dry,10 - No control,,03 - P.D. only,02 - Angle,0
17-2497,BASELINE RD @ CENTREPOINTE DR E/HIGHGATE RD,362062.02105,5023465.50530,-75.76923609760,45.34879783620,2017-03-08,5:27:00 PM,01 - Clear,05 - Dusk,01 - Dry,01 - Traffic signal,01 - Functioning,02 - Non-fatal injury,05 - Turning movement,0
17-2498,BLAIR RD @ REGIONAL RD 174 S/OR174 IC112 RAMP15,374906.51171,5032661.04682,-75.60402978970,45.43036853020,2017-03-08,3:18:00 PM,01 - Clear,01 - Daylight,01 - Dry,01 - Traffic signal,01 - Functioning,03 - P.D. only,03 - Rear end,0
17-2499,CARLING AVE @ CROYDON AVE,360659.68394,5025043.18640,-75.78695270060,45.36310684890,2017-03-08,3:28:00 PM,01 - Clear,01 - Daylight,01 - Dry,01 - Traffic signal,01 - Functioning,03 - P.D. only,02 - Angle,0
17-2500,DES PERES BLANCS AVE btwn JOLLIET AVE & LAVERGNE ST,370268.96318,5033886.17574,-75.66312873830,45.44184122340,2017-03-08,3:22:00 PM,01 - Clear,01 - Daylight,01 - Dry,10 - No control,,03 - P.D. only,99 - Other,0
17-2501,STONEHAVEN DR @ HARNESS LANE/BLUEMEADOW WAY,354573.43414,5016744.97880,-75.86547261300,45.28889685020,2017-03-08,3:41:00 PM,01 - Clear,01 - Daylight,02 - Wet,01 - Traffic signal,01 - Functioning,02 - Non-fatal injury,04 - Sideswipe,0
17-2502,GEORGE ST btwn 26 W OF BYWARD MARKET/FREIMAN MALL & BY WARD MARKET SQ,368010.42144,5032204.46254,-75.69221201860,45.42691763040,2017-03-08,11:44:00 AM,01 - Clear,01 - Daylight,01 - Dry,10 - No control,,03 - P.D. only,02 - Angle,0
17-2503,BANK ST btwn ARENA PL & WHITE ALDER AVE,375536.85666,5021212.53578,-75.59761501110,45.32729700210,2017-03-08,4:03:00 PM,02 - Rain,01 - Daylight,02 - Wet,10 - No control,,03 - P.D. only,03 - Rear end,0
17-2504,MONTREAL RD @ PALACE ST,369956.71894,5032999.25450,-75.66723704430,45.43389024940,2017-03-08,5:17:00 PM,01 - Clear,01 - Daylight,01 - Dry,10 - No control,,03 - P.D. only,05 - Turning movement,0
17-2505,STEWART ST @ WALLER ST,368372.62934,5032041.08551,-75.68760479180,45.42541479510,2017-03-08,5:21:00 PM,01 - Clear,05 - Dusk,01 - Dry,02 - Stop sign,00 - Unknown,03 - P.D. only,05 - Turning movement,0
17-2506,CHESTERTON DR @ MEADOWLANDS DR,365103.37584,5024010.84559,-75.73035999800,45.35344982380,2017-03-08,5:47:00 PM,01 - Clear,01 - Daylight,01 - Dry,01 - Traffic signal,01 - Functioning,03 - P.D. only,03 - Rear end,0