COLLISION_ID,LOCATION,X,Y,LONGITUDE,LATITUDE,DATE,TIME,ENVIRONMENT,LIGHT,SURFACE_CONDITION,TRAFFIC_CONTROL,TRAFFIC_CONTROL_CONDITION,COLLISION_CLASSIFICATION,IMPACT_TYPE,NO_OF_PEDESTRIANS
17-2507,CARP RD @ STITTSVILLE MAIN ST,349525.12055,5014331.54109,-75.93004418330,45.26751931910,2017-03-08,5:58:00 PM,01 - Clear,01 - Daylight,01 - Dry,01 - Traffic signal,01 - Functioning,03 - P.D. only,03 - Rear end,0
17-2508,VANIER PKWY NB btwn RIVERSIDE DR & HWY417 IC117 RAMP26,370805.05508,5031326.07866,-75.65661992320,45.41875616550,2017-03-08,6:37:00 PM,01 - Clear,05 - Dusk,01 - Dry,10 - No control,,03 - P.D. only,03 - Rear end,0
17-2509,DONALD ST @ VANIER PKWY,370312.04755,5032271.92319,-75.66279286630,45.42731282750,2017-03-08,6:54:00 PM,01 - Clear,05 - Dusk,01 - Dry,01 - Traffic signal,01 - Functioning,03 - P.D. only,05 - Turning movement,0
17-2510,RIVERSIDE DR @ BROOKFIELD RD/HOG'S BACK RD,368168.71434,5026221.18371,-75.69095807790,45.37306759620,2017-03-08,7:01:00 PM,01 - Clear,07 - Dark,01 - Dry,01 - Traffic signal,01 - Functioning,03 - P.D. only,03 - Rear end,0
17-2511,BOOTH ST @ WELLINGTON ST S,366402.70271,5030675.57137,-75.71294680060,45.41330455470,2017-03-08,7:05:00 PM,01 - Clear,07 - Dark,02 - Wet,02 - Stop sign,01 - Functioning,03 - P.D. only,03 - Rear end,0
17-2512,SEYTON DR btwn LOVELL LANE & TYRRELL PL,357121.25058,5019770.26495,-75.83267511270,45.31593373130,2017-03-08,7:22:00 PM,01 - Clear,07 - Dark,01 - Dry,10 - No control,,03 - P.D. only,03 - Rear end,0
17-2513,INNES RD @ JEANNE D'ARC BLVD/MER BLEUE RD,382639.42584,5035567.55370,-75.50475667160,45.45570096140,2017-03-08,7:45:00 PM,01 - Clear,07 - Dark,01 - Dry,01 - Traffic signal,01 - Functioning,03 - P.D. only,03 - Rear end,0
17-2514,HAZELDEAN RD @ HAZELDEAN RD 2,351545.54984,5016628.81358,-75.90408181470,45.28805948100,2017-03-08,8:33:00 PM,01 - Clear,07 - Dark,01 - Dry,01 - Traffic signal,01 - Functioning,02 - Non-fatal injury,03 - Rear end,0
17-2515,CLOVER ST btwn HERON RD & GREGG ST,369309.11187,5026598.65166,-75.67635057250,45.37635988870,2017-03-08,2:00:00 PM,01 - Clear,01 - Daylight,01 - Dry,10 - No control,,03 - P.D. only,06 - SMV unattended vehicle,0
17-2516,RIVERSIDE DR btwn OLD RIVERSIDE DR & RIVERGATE WAY,368038.14532,5023821.84303,-75.69293193950,45.35149070310,2017-03-09,3:00:00 AM,01 - Clear,07 - Dark,02 - Wet,10 - No control,,03 - P.D. only,07 - SMV other,0
17-2517,COLONIAL RD btwn DUNNING RD & DESSAINT ST,394700.27360,5033987.49253,-75.35086630650,45.44003805560,2017-03-09,6:23:00 AM,05 - Drifting Snow,01 - Daylight,03 - Loose snow,10 - No control,,03 - P.D. only,07 - SMV other,0
17-2518,PRINCE OF WALES DR @ WEST HUNT CLUB RD,367459.04475,5021892.17220,-75.70056631790,45.33417988060,2017-03-09,7:46:00 AM,01 - Clear,01 - Daylight,01 - Dry,01 - Traffic signal,01 - Functioning,03 - P.D. only,04 - Sideswipe,0
17-2519,INNES RD @ ORCHARDVIEW AVE/ESPRIT DR,384845.09905,5036559.22171,-75.47639828190,45.46437387690,2017-03-09,8:18:00 AM,01 - Clear,01 - Daylight,01 - Dry,01 - Traffic signal,01 - Functioning,03 - P.D. only,03 - Rear end,0
17-2520,CASA GRANDE CIR btwn CASA GRANDE CIR & CASA GRANDE CIR,384382.08630,5034279.79180,-75.48268709500,45.44391855060,2017-03-09,9:20:00 AM,01 - Clear,01 - Daylight,01 - Dry,10 - No control,,03 - P.D. only,06 - SMV unattended vehicle,0
17-2521,ENTERPRISE AVE btwn TRADE ST & MERIVALE RD,365730.43353,5021361.84831,-75.72268396950,45.32956032260,2017-03-09,9:23:00 AM,01 - Clear,01 - Daylight,01 - Dry,10 - No control,,03 - P.D. only,04 - Sideswipe,0
17-2522,MONTREAL RD @ CARSON'S RD/CODD'S RD,372771.72174,5034397.91190,-75.63106963000,45.44620670540,2017-03-08,4:50:00 PM,01 - Clear,01 - Daylight,01 - Dry,01 - Traffic signal,00 - Unknown,03 - P.D. only,04 - Sideswipe,0
17-2523,ST. JEAN ST @ ST. JOSEPH BLVD,380970.07175,5037200.92250,-75.52584456080,45.47058065730,2017-03-09,10:13:00 AM,01 - Clear,01 - Daylight,01 - Dry,01 - Traffic signal,00 - Unknown,03 - P.D. only,03 - Rear end,0
17-2524,O'CONNOR ST @ QUEEN ST,367499.37234,5031586.91699,-75.69882085230,45.42140715500,2017-03-09,10:40:00 AM,01 - Clear,01 - Daylight,01 - Dry,01 - Traffic signal,01 - Functioning,02 - Non-fatal injury,07 - SMV other,1
17-2525,VANIER PKWY SB btwn MONTREAL RD & MCARTHUR AVE,370200.31035,5032732.72637,-75.66415945520,45.43146940150,2017-03-09,10:40:00 AM,01 - Clear,01 - Daylight,01 - Dry,10 - No control,,03 - P.D. only,04 - Sideswipe,0
17-2526,PARKDALE AVE btwn BULLMAN ST & OXFORD ST,365059.14265,5029475.66143,-75.73025758190,45.40262502980,2017-03-09,10:48:00 AM,01 - Clear,01 - Daylight,01 - Dry,10 - No control,,03 - P.D. only,03 - Rear end,0
17-2527,HAZELDEAN RD @ HUNTMAR DR/IBER RD,350942.26345,5016078.76330,-75.91182332740,45.28314983040,2017-03-08,4:10:00 PM,01 - Clear,01 - Daylight,01 - Dry,01 - Traffic signal,01 - Functioning,03 - P.D. only,03 - Rear end,0
17-2528,CARLING AVE @ ISLAND PARK DR,365349.03395,5027996.87390,-75.72673639040,45.38929421350,2017-03-09,11:46:00 AM,01 - Clear,01 - Daylight,01 - Dry,01 - Traffic signal,01 - Functioning,03 - P.D. only,02 - Angle,0
17-2529,BASELINE RD @ FISHER AVE,366167.69694,5026027.86380,-75.71652707290,45.37150623620,2017-03-09,11:52:00 AM,01 - Clear,01 - Daylight,01 - Dry,01 - Traffic signal,01 - Functioning,03 - P.D. only,04 - Sideswipe,0
17-2530,ALBERT ST btwn CITY CENTRE AVE & PRESTON ST,366132.93780,5030447.17970,-75.71642148640,45.41127324340,2017-03-09,12:03:00 PM,01 - Clear,01 - Daylight,01 - Dry,10 - No control,,03 - P.D. only,04 - Sideswipe,0
17-2531,BRIAN COBURN BLVD @ ESPRIT DR,385141.91475,5035343.55200,-75.47280190610,45.45340236010,2017-03-07,6:15:00 PM,02 - Rain,05 - Dusk,02 - Wet,02 - Stop sign,01 - Functioning,03 - P.D. only,03 - Rear end,0
17-2532,FISHER AVE @ NORMANDY CRES S,366868.37355,5024341.18870,-75.70779434190,45.35626818270,2017-03-09,12:25:00 PM,01 - Clear,01 - Daylight,01 - Dry,02 - Stop sign,00 - Unknown,03 - P.D. only,05 - Turning movement,0
17-2533,PANMURE RD @ UPPER DWYER HILL RD,329349.08805,5019816.87420,-76.18688107650,45.31787344440,2017-03-09,12:25:00 PM,01 - Clear,01 - Daylight,01 - Dry,02 - Stop sign,01 - Functioning,02 - Non-fatal injury,02 - Angle,0
17-2534,PRINCE OF WALES DR @ WEST HUNT CLUB RD,367459.04475,5021891.50330,-75.70056640260,45.33417386200,2017-03-09,12:47:00 PM,01 - Clear,01 - Daylight,01 - Dry,01 - Traffic signal,01 - Functioning,02 - Non-fatal injury,03 - Rear end,0
17-2535,LADOUCEUR ST btwn PINHEY ST & MERTON ST,365404.13938,5029751.73974,-75.72581711230,45.40507933520,2017-02-16,9:00:00 AM,01 - Clear,01 - Daylight,01 - Dry,10 - No control,,03 - P.D. only,06 - SMV unattended vehicle,0
17-2536,MEADOWLANDS DR btwn PERRY ST & PETER ST,364444.46493,5023496.25891,-75.73883086670,45.34887599110,2017-03-09,1:25:00 PM,01 - Clear,01 - Daylight,01 - Dry,10 - No control,,02 - Non-fatal injury,01 - Approaching,0
17-2537,LETT ST btwn Continuation of LETT ST & END,366403.63942,5031070.08074,-75.71288552010,45.41685415610,2017-03-09,1:27:00 PM,01 - Clear,01 - Daylight,01 - Dry,10 - No control,,03 - P.D. only,06 - SMV unattended vehicle,0
17-2538,BARRETTE ST @ ST. CHARLES ST,369470.38005,5033731.94409,-75.67335599140,45.44052784080,2017-03-09,1:49:00 PM,01 - Clear,01 - Daylight,01 - Dry,02 - Stop sign,01 - Functioning,02 - Non-fatal injury,02 - Angle,0
17-2539,FALLOWFIELD RD @ GREENBANK RD,363080.34125,5016732.45530,-75.75703384780,45.28813021540,2017-03-09,11:35:00 AM,01 - Clear,01 - Daylight,01 - Dry,01 - Traffic signal,01 - Functioning,03 - P.D. only,04 - Sideswipe,0
17-2540,ST. JOSEPH BLVD btwn ST. JEAN ST & BELCOURT BLVD,381067.15800,5037261.97062,-75.52459361040,45.47111932250,2017-03-09,2:00:00 PM,01 - Clear,01 - Daylight,01 - Dry,10 - No control,,03 - P.D. only,03 - Rear end,0
17-2541,BRONSON AVE btwn RENFREW AVE & POWELL AVE,367368.00326,5029525.94917,-75.70076095060,45.40287495280,2017-03-09,2:19:00 PM,01 - Clear,01 - Daylight,01 - Dry,10 - No control,,03 - P.D. only,02 - Angle,0
17-2542,GLOUCESTER ST btwn BANK ST & O'CONNOR ST,367569.27793,5031225.74276,-75.69797369200,45.41815115680,2017-03-09,2:18:00 PM,01 - Clear,01 - Daylight,01 - Dry,10 - No control,,03 - P.D. only,02 - Angle,0
17-2543,BANTREE ST @ INNES RD,373706.72654,5030407.89319,-75.61967648130,45.41021502750,2017-03-09,2:33:00 PM,01 - Clear,01 - Daylight,01 - Dry,01 - Traffic signal,01 - Functioning,03 - P.D. only,05 - Turning movement,0
17-2544,RIVERSIDE DR NB btwn SAN REMO PRIV & INDUSTRIAL AVE,370638.23031,5030496.90123,-75.65886206920,45.41131127790,2017-03-09,2:40:00 PM,01 - Clear,01 - Daylight,01 - Dry,10 - No control,,03 - P.D. only,04 - Sideswipe,0
17-2545,BASELINE RD @ LOBLAWS SC,364742.65110,5025129.49660,-75.73482778250,45.36354621170,2017-03-09,2:51:00 PM,01 - Clear,01 - Daylight,01 - Dry,01 - Traffic signal,00 - Unknown,02 - Non-fatal injury,05 - Turning movement,0
17-2546,O'CONNOR ST @ SOMERSET ST,367855.37565,5031012.57390,-75.69434575450,45.41620740710,2017-03-09,3:18:00 PM,01 - Clear,01 - Daylight,01 - Dry,01 - Traffic signal,01 - Functioning,02 - Non-fatal injury,05 - Turning movement,0
17-2547,OTTAWA RIVER PKWY @ VIMY PLACE PRIV,365975.74094,5030796.72791,-75.71838623200,45.41443214430,2017-03-09,3:16:00 PM,01 - Clear,01 - Daylight,01 - Dry,01 - Traffic signal,01 - Functioning,03 - P.D. only,03 - Rear end,0
17-2548,BANK ST btwn ALTA VISTA DR & ERIE AVE,370170.50655,5026383.87413,-75.66538191900,45.37434755480,2017-03-09,3:50:00 PM,01 - Clear,01 - Daylight,01 - Dry,10 - No control,,03 - P.D. only,03 - Rear end,0
17-2549,BANK ST @ JOHNSTON RD,370853.23144,5024839.15267,-75.65687269310,45.36038463990,2017-03-09,4:12:00 PM,01 - Clear,01 - Daylight,01 - Dry,01 - Traffic signal,01 - Functioning,03 - P.D. only,03 - Rear end,0
17-2550,MITCH OWENS RD btwn RIVER RD & SPRATT RD,369564.63931,5010808.01546,-75.67515156340,45.23425522320,2017-03-09,4:21:00 PM,01 - Clear,01 - Daylight,01 - Dry,10 - No control,,03 - P.D. only,02 - Angle,0
17-2551,BELFAST RD @ OC TRANSPO GARAGE ENT N/530 E OF TRAINYARDS DR,372349.83830,5030664.10590,-75.63697440830,45.41265259560,2017-03-09,5:08:00 PM,01 - Clear,01 - Daylight,01 - Dry,01 - Traffic signal,01 - Functioning,03 - P.D. only,04 - Sideswipe,0
17-2552,EGRET WAY @ GREENBANK RD,364969.07700,5012404.25810,-75.73348249060,45.24902596500,2017-03-09,5:09:00 PM,01 - Clear,01 - Daylight,01 - Dry,02 - Stop sign,01 - Functioning,03 - P.D. only,02 - Angle,0
17-2553,BAXTER RD @ IRIS ST,361058.68814,5023611.17820,-75.78202279610,45.35018979630,2017-03-09,5:19:00 PM,01 - Clear,01 - Daylight,01 - Dry,02 - Stop sign,00 - Unknown,03 - P.D. only,03 - Rear end,0
17-2554,CARLING AVE @ RICHMOND RD,360244.67566,5024782.18120,-75.79227914340,45.36079128060,2017-03-09,5:46:00 PM,01 - Clear,01 - Daylight,06 - Ice,01 - Traffic signal,01 - Functioning,03 - P.D. only,03 - Rear end,0
17-2555,SMYTH RD E/LANCASTER RD @ ST. LAURENT BLVD N/R,373365.14812,5029424.39897,-75.62417659300,45.40139955560,2017-03-09,6:42:00 PM,01 - Clear,07 - Dark,01 - Dry,01 - Traffic signal,01 - Functioning,03 - P.D. only,03 - Rear end,0
17-2556,HUNTER'S GLEN CRES btwn STREAMWOOD LANE & LORRY GREENBERG DR,372604.83257,5024957.61162,-75.63450090220,45.36128326970,2017-03-09,6:58:00 PM,01 - Clear,07 - Dark,01 - Dry,10 - No control,,02 - Non-fatal injury,06 - SMV unattended vehicle,0
17-2557,BASELINE RD @ WOODROFFE AVE,362549.35575,5023769.16691,-75.76298190410,45.35149020280,2017-03-09,8:08:00 PM,01 - Clear,07 - Dark,01 - Dry,01 - Traffic signal,01 - Functioning,03 - P.D. only,03 - Rear end,0
17-2558,RAMSAYVILLE RD @ RUSSELL RD N,377777.42705,5026757.86430,-75.56821751980,45.37696159110,2017-03-10,1:23:00 AM,01 - Clear,07 - Dark,01 - Dry,02 - Stop sign,01 - Functioning,02 - Non-fatal injury,07 - SMV other,0
17-2559,WELLINGTON ST    W btwn IRVING AVE & GARLAND ST,365631.49656,5029812.54738,-75.72290552160,45.40560674660,2017-03-10,6:26:00 AM,01 - Clear,01 - Daylight,01 - Dry,10 - No control,,03 - P.D. only,06 - SMV unattended vehicle,0
17-2560,GREENBANK RD @ WEST HUNT CLUB RD,361480.01145,5020501.81030,-75.77700240150,45.32217785280,2017-03-10,8:09:00 AM,01 - Clear,01 - Daylight,01 - Dry,01 - Traffic signal,01 - Functioning,02 - Non-fatal injury,03 - Rear end,0
17-2561,BOOTH ST @ GLADSTONE AVE,366770.37764,5029850.56170,-75.70835344510,45.40584888690,2017-03-10,8:30:00 AM,01 - Clear,01 - Daylight,01 - Dry,01 - Traffic signal,01 - Functioning,03 - P.D. only,03 - Rear end,0
17-2562,LONGFIELDS DR @ WOODROFFE AVE,365422.84214,5017107.61380,-75.72712814020,45.29130772180,2017-03-10,9:11:00 AM,01 - Clear,01 - Daylight,01 - Dry,01 - Traffic signal,01 - Functioning,02 - Non-fatal injury,05 - Turning movement,0
17-2563,LEES AVE @ KING EDWARD AVE/MANN AVE,369179.05062,5031335.04100,-75.67739285540,45.41898831280,2017-03-10,9:30:00 AM,01 - Clear,01 - Daylight,01 - Dry,01 - Traffic signal,01 - Functioning,03 - P.D. only,03 - Rear end,0
17-2564,ELGIN ST @ WELLINGTON ST W,367664.36935,5031877.57740,-75.69667561900,45.42400761470,2017-03-10,10:05:00 AM,01 - Clear,01 - Daylight,01 - Dry,01 - Traffic signal,01 - Functioning,03 - P.D. only,04 - Sideswipe,0
17-2565,INNES RD btwn PRESTWICK DR & TENTH LINE RD,383901.31959,5036137.14271,-75.48853316700,45.46068390090,2017-03-10,9:35:00 AM,01 - Clear,01 - Daylight,01 - Dry,10 - No control,,03 - P.D. only,02 - Angle,0
17-2566,WEST HUNT CLUB RD btwn PRINCE OF WALES DR & TURN LANE,367488.91029,5021890.16856,-75.70018557080,45.33415918510,2017-03-10,10:15:00 AM,01 - Clear,01 - Daylight,01 - Dry,10 - No control,,03 - P.D. only,03 - Rear end,0
17-2567,WELLINGTON ST    W btwn ROSS AVE & CLARENDON AVE,364519.98961,5029022.22411,-75.73719894200,45.39859129710,2017-03-10,9:45:00 AM,01 - Clear,01 - Daylight,01 - Dry,10 - No control,,03 - P.D. only,04 - Sideswipe,0
17-2568,MARCH RD btwn SECOND LINE RD & DUNROBIN RD,346212.28525,5025427.85955,-75.97133182960,45.36757063940,2017-03-10,10:27:00 AM,01 - Clear,01 - Daylight,01 - Dry,10 - No control,,03 - P.D. only,07 - SMV other,0
17-2569,GREENBANK RD @ HWY 417 IC129 RAMP57/IRIS ST,360530.30566,5023312.49400,-75.78879918280,45.34754442940,2017-03-10,10:36:00 AM,01 - Clear,01 - Daylight,01 - Dry,01 - Traffic signal,01 - Functioning,03 - P.D. only,03 - Rear end,0
17-2570,WOODPARK WAY btwn MASONBROOK ST & MULLCRAFT CRES,365232.39082,5017069.06794,-75.72956065150,45.29097729130,2017-03-10,10:15:00 AM,01 - Clear,01 - Daylight,06 - Ice,10 - No control,,03 - P.D. only,07 - SMV other,0
17-2571,MERIVALE RD @ WEST HUNT CLUB RD,365613.69854,5021942.49820,-75.72410173100,45.33479506240,2017-03-10,12:01:00 PM,01 - Clear,01 - Daylight,01 - Dry,01 - Traffic signal,01 - Functioning,03 - P.D. only,05 - Turning movement,0
17-2572,ORLEANS BLVD @ ST. JOSEPH BLVD,380631.57864,5036980.70455,-75.53020697950,45.46863614960,2017-03-10,12:01:00 PM,01 - Clear,01 - Daylight,01 - Dry,01 - Traffic signal,01 - Functioning,03 - P.D. only,07 - SMV other,0
17-2573,ARLINGTON AVE @ BRONSON AVE,367222.37495,5029866.22561,-75.70257793820,45.40594966320,2017-03-10,12:42:00 PM,01 - Clear,01 - Daylight,01 - Dry,01 - Traffic signal,03 - Obscured,03 - P.D. only,05 - Turning movement,0
17-2574,ST. LAURENT BLVD @ COVENTRY RD/OGILVIE RD,372306.72284,5031952.24350,-75.63734871640,45.42424682910,2017-03-10,1:12:00 PM,01 - Clear,01 - Daylight,01 - Dry,01 - Traffic signal,01 - Functioning,02 - Non-fatal injury,03 - Rear end,0
17-2575,RIVERSIDE DR @ TREMBLAY RD/HWY417 IC117 RAMP52,370801.74365,5031015.90790,-75.65670377590,45.41596568830,2017-03-10,2:03:00 PM,01 - Clear,01 - Daylight,01 - Dry,01 - Traffic signal,01 - Functioning,03 - P.D. only,03 - Rear end,0
17-2576,HUNT CLUB RD @ RIVERSIDE DR,368037.03745,5021946.16740,-75.69318584640,45.33461386880,2017-03-10,2:07:00 PM,01 - Clear,01 - Daylight,01 - Dry,01 - Traffic signal,01 - Functioning,03 - P.D. only,03 - Rear end,0
17-2577,HAZELDEAN RD @ 246 E OF CASTLEFRANK RD/FARMBOY,352859.45205,5017842.89989,-75.88721532650,45.29889551120,2017-03-10,2:26:00 PM,01 - Clear,01 - Daylight,01 - Dry,01 - Traffic signal,01 - Functioning,02 - Non-fatal injury,02 - Angle,0
17-2578,REGIONAL ROAD 174 btwn OR174 IC105 RAMP63 & OR174 IC102 RAMP36,380757.82466,5037793.96803,-75.52846695840,45.47593951150,2017-03-10,1:15:00 PM,01 - Clear,01 - Daylight,01 - Dry,10 - No control,,03 - P.D. only,04 - Sideswipe,0
17-2579,BASELINE RD @ MERIVALE RD,365055.03085,5025325.51490,-75.73081668980,45.36528317090,2017-03-09,5:30:00 PM,01 - Clear,05 - Dusk,01 - Dry,01 - Traffic signal,01 - Functioning,03 - P.D. only,04 - Sideswipe,0
17-2580,DONALD ST @ ST. LAURENT BLVD,372093.37845,5032471.91600,-75.64000367780,45.42894315730,2017-03-10,3:51:00 PM,01 - Clear,01 - Daylight,01 - Dry,01 - Traffic signal,01 - Functioning,02 - Non-fatal injury,05 - Turning movement,0
17-2581,PRINCE OF WALES DR btwn BORDEN SIDE RD & NE/OT BOUNDARY,367168.15399,5024112.57123,-75.70399732590,45.35418452840,2017-03-10,3:53:00 PM,01 - Clear,01 - Daylight,01 - Dry,10 - No control,,02 - Non-fatal injury,03 - Rear end,0
17-2582,OTTERSON DR btwn BLANCHARD CRES & BLANCHARD CRES,368663.67999,5024739.83673,-75.68483085870,45.35969389600,2017-03-10,4:55:00 PM,03 - Snow,01 - Daylight,03 - Loose snow,10 - No control,,03 - P.D. only,06 - SMV unattended vehicle,0
17-2583,DWYER HILL RD btwn ROGER STEVENS DR & FLOOD RD,355746.88883,4986901.99729,-75.85355730200,45.02027352220,2017-03-10,6:46:00 PM,01 - Clear,05 - Dusk,01 - Dry,10 - No control,,03 - P.D. only,07 - SMV other,0
17-2584,RIDEAU ST btwn CUMBERLAND ST & KING EDWARD AVE,368484.46277,5032396.40937,-75.68612987050,45.42860169930,2017-03-10,8:16:00 PM,01 - Clear,07 - Dark,01 - Dry,10 - No control,,03 - P.D. only,04 - Sideswipe,0
17-2585,CARLING AVE @ GWYNNE AVE,366060.33743,5028447.91537,-75.71759728000,45.39329072390,2017-03-10,9:56:00 PM,01 - Clear,07 - Dark,01 - Dry,10 - No control,,02 - Non-fatal injury,03 - Rear end,0
17-2586,CLARENCE ST btwn WILLIAM ST & DALHOUSIE ST,368021.62927,5032488.88218,-75.69203229160,45.42947572710,2017-03-11,2:29:00 AM,01 - Clear,07 - Dark,01 - Dry,10 - No control,,03 - P.D. only,04 - Sideswipe,0
17-2587,ARLINGTON AVE @ KENT ST,367869.04395,5030255.56431,-75.69426799930,45.40939484380,2017-03-11,8:46:00 AM,01 - Clear,01 - Daylight,01 - Dry,01 - Traffic signal,01 - Functioning,03 - P.D. only,05 - Turning movement,0
17-2588,CARLING AVE @ FAIRLAWN AVE/WOODROFFE AVE E,361934.68410,5025830.52790,-75.77058762240,45.37008852270,2017-03-11,11:47:00 AM,01 - Clear,01 - Daylight,01 - Dry,01 - Traffic signal,01 - Functioning,03 - P.D. only,03 - Rear end,0
17-2589,TRAINYARDS DR @ RAILMARKET,371756.19635,5030717.26190,-75.64455078000,45.41318792100,2017-03-11,12:27:00 PM,01 - Clear,01 - Daylight,01 - Dry,01 - Traffic signal,01 - Functioning,03 - P.D. only,04 - Sideswipe,0
17-2590,UPPER LORNE PL btwn SOMERSET ST W & END,366625.74863,5030369.46409,-75.71013577170,45.41053061700,2017-03-11,12:27:00 PM,01 - Clear,01 - Daylight,01 - Dry,10 - No control,,03 - P.D. only,02 - Angle,0
17-2591,MITCH OWENS RD btwn TURN LANE & SALE BARN RD,377917.54734,5016061.39693,-75.56800848120,45.28070539500,2017-03-10,11:30:00 PM,01 - Clear,07 - Dark,01 - Dry,10 - No control,,03 - P.D. only,07 - SMV other,0
17-2592,MCARTHUR AVE btwn MAYFIELD ST & VANIER PKWY,370117.36721,5032679.21466,-75.66522648550,45.43099567690,2017-03-11,1:42:00 PM,01 - Clear,01 - Daylight,01 - Dry,10 - No control,,03 - P.D. only,05 - Turning movement,0
17-2593,BASELINE RD @ NAVAHO DR,363085.35625,5024097.50630,-75.75610314370,45.35440022700,2017-03-11,1:59:00 PM,01 - Clear,01 - Daylight,01 - Dry,01 - Traffic signal,01 - Functioning,03 - P.D. only,04 - Sideswipe,0
17-2594,LEWIS ST @ METCALFE ST,368120.50023,5030924.33298,-75.69096995380,45.41538950240,2017-03-11,2:38:00 PM,01 - Clear,01 - Daylight,01 - Dry,02 - Stop sign,00 - Unknown,03 - P.D. only,05 - Turning movement,0
17-2595,DOVERCOURT AVE @ WINDERMERE AVE,362536.69614,5026938.54709,-75.76277310910,45.38000901680,2017-03-11,3:07:00 PM,01 - Clear,01 - Daylight,01 - Dry,02 - Stop sign,01 - Functioning,03 - P.D. only,02 - Angle,0
17-2596,BANK ST @ CATHERINE ST,368041.37764,5030266.90310,-75.69206513460,45.40948131570,2017-03-11,4:35:00 PM,01 - Clear,01 - Daylight,01 - Dry,01 - Traffic signal,00 - Unknown,03 - P.D. only,04 - Sideswipe,0
17-2597,EARL ARMSTRONG RD @ RIVER RD,367571.04626,5014684.39750,-75.70005010150,45.26931525600,2017-03-11,7:34:00 PM,01 - Clear,07 - Dark,01 - Dry,01 - Traffic signal,01 - Functioning,03 - P.D. only,99 - Other,0
17-2598,MEADOWLANDS DR @ MERIVALE RD,364859.70324,5023726.84819,-75.73350415900,45.35091536680,2017-03-11,9:43:00 PM,01 - Clear,07 - Dark,01 - Dry,01 - Traffic signal,01 - Functioning,03 - P.D. only,05 - Turning movement,0
17-2599,MAPLE FOREST DR btwn STILLWOOD DR & END,368085.77263,4999691.57688,-75.69539500320,45.13436348640,2017-03-11,9:43:00 PM,01 - Clear,07 - Dark,01 - Dry,10 - No control,,03 - P.D. only,07 - SMV other,0
17-2600,BRONSON AVE @ SOMERSET ST,366967.69650,5030476.57224,-75.70575407710,45.41146405300,2017-03-12,6:28:00 AM,01 - Clear,03 - Dawn,01 - Dry,01 - Traffic signal,01 - Functioning,03 - P.D. only,07 - SMV other,0
17-2601,ST. JOSEPH BLVD/OLD MONTREAL RD @ TRIM RD,384683.75734,5039287.58859,-75.47801748520,45.48893956880,2017-03-12,9:43:00 AM,01 - Clear,01 - Daylight,01 - Dry,11 - Roundabout,01 - Functioning,03 - P.D. only,04 - Sideswipe,0
17-2602,RICHMOND RD btwn STINSON AVE & STAFFORD RD,357886.69425,5020936.89666,-75.82278798440,45.32637373140,2017-03-12,10:15:00 AM,01 - Clear,01 - Daylight,01 - Dry,10 - No control,,03 - P.D. only,07 - SMV other,0
17-2603,HALIFAX DR @ WALKLEY RD,373644.07145,5027899.54340,-75.62082693990,45.38765223220,2017-03-11,4:30:00 PM,01 - Clear,01 - Daylight,01 - Dry,01 - Traffic signal,01 - Functioning,03 - P.D. only,03 - Rear end,0
17-2604,MARRISSA AVE btwn STEEL ST & INDIGO ST (2),374812.36513,5034043.96408,-75.60503616510,45.44282067130,2017-03-11,6:00:00 PM,01 - Clear,05 - Dusk,01 - Dry,10 - No control,,03 - P.D. only,06 - SMV unattended vehicle,0
17-2605,COLONEL BY DR @ HOG'S BACK RD,367603.04385,5025874.20670,-75.69822351460,45.36999650640,2017-03-12,11:33:00 AM,01 - Clear,01 - Daylight,01 - Dry,01 - Traffic signal,01 - Functioning,03 - P.D. only,05 - Turning movement,0
17-2606,CAMPEAU DR @ TERRY FOX DR,350457.27294,5019009.78630,-75.91773533360,45.30955569990,2017-03-12,11:37:00 AM,01 - Clear,01 - Daylight,01 - Dry,01 - Traffic signal,01 - Functioning,03 - P.D. only,03 - Rear end,0
17-2607,REMNOR AVE btwn BADGELEY AVE & BADGELEY AVE,349568.49983,5020494.75946,-75.92893503600,45.32297512000,2017-03-11,12:00:00 AM,01 - Clear,00 - Unknown,01 - Dry,10 - No control,,03 - P.D. only,06 - SMV unattended vehicle,0
17-2608,CEDARWOOD DR @ WALKLEY RD,371193.22766,5026456.64970,-75.65231596750,45.37490620920,2017-03-12,11:48:00 AM,01 - Clear,01 - Daylight,01 - Dry,01 - Traffic signal,01 - Functioning,03 - P.D. only,03 - Rear end,0
17-2609,NICHOLAS ST SB btwn Continuation of WALLER ST & HWY417 IC118 RAMP35,369007.63297,5031335.15929,-75.67958291240,45.41900512950,2017-03-12,11:54:00 AM,01 - Clear,01 - Daylight,01 - Dry,10 - No control,,03 - P.D. only,03 - Rear end,0
17-2610,RIOCAN AVE @ STRANDHERD DR,364173.21214,5014944.57260,-75.74331685810,45.27195137870,2017-03-12,1:14:00 PM,01 - Clear,01 - Daylight,01 - Dry,01 - Traffic signal,01 - Functioning,03 - P.D. only,04 - Sideswipe,0