COLLISION_ID,LOCATION,X,Y,LONGITUDE,LATITUDE,DATE,TIME,ENVIRONMENT,LIGHT,SURFACE_CONDITION,TRAFFIC_CONTROL,TRAFFIC_CONTROL_CONDITION,COLLISION_CLASSIFICATION,IMPACT_TYPE,NO_OF_PEDESTRIANS
17-2611,HUNT CLUB RD btwn BILLY BISHOP PRIV & HUNT CLUB PL,369586.08640,5022791.13588,-75.67331360870,45.34207537640,2017-03-12,1:14:00 PM,01 - Clear,01 - Daylight,01 - Dry,10 - No control,,03 - P.D. only,03 - Rear end,0
17-2612,CARLSEN AVE btwn HERON RD & GREGG ST,369369.25814,5026747.15776,-75.67556329020,45.37769056160,2017-03-12,12:00:00 AM,01 - Clear,00 - Unknown,01 - Dry,10 - No control,,03 - P.D. only,06 - SMV unattended vehicle,0
17-2613,HUNT CLUB RD btwn HUNT CLUB PL & PAUL ANKA DR,369761.08786,5022887.87436,-75.67106807810,45.34292962090,2017-03-12,2:29:00 PM,01 - Clear,01 - Daylight,01 - Dry,10 - No control,,02 - Non-fatal injury,03 - Rear end,0
17-2614,BANK ST btwn ALTA VISTA DR & ERIE AVE,370243.05238,5026214.11733,-75.66447828250,45.37281336650,2017-03-12,2:52:00 PM,01 - Clear,01 - Daylight,01 - Dry,10 - No control,,03 - P.D. only,04 - Sideswipe,0
17-2615,GREENBANK RD @ STRANDHERD DR,363934.01835,5014783.07941,-75.74638423510,45.27051841470,2017-03-12,3:12:00 PM,01 - Clear,01 - Daylight,01 - Dry,01 - Traffic signal,00 - Unknown,03 - P.D. only,04 - Sideswipe,0
17-2616,WOODROFFE AVE btwn HWY417 IC127 RAMP53 & IRIS ST,362278.34427,5024452.22184,-75.76636095210,45.35765854550,2017-03-12,5:12:00 PM,01 - Clear,01 - Daylight,01 - Dry,10 - No control,,03 - P.D. only,03 - Rear end,0
17-2617,OGILVIE RD @ BATHGATE DR/CITYPARK DR W,373829.05655,5032801.24540,-75.61777849530,45.43173713990,2017-03-12,2:00:00 PM,01 - Clear,01 - Daylight,01 - Dry,01 - Traffic signal,01 - Functioning,03 - P.D. only,03 - Rear end,0
17-2618,COLONNADE RD @ PRINCE OF WALES DR,367396.38384,5023267.18500,-75.70119173380,45.34655757960,2017-03-12,7:36:00 PM,01 - Clear,07 - Dark,01 - Dry,01 - Traffic signal,01 - Functioning,03 - P.D. only,03 - Rear end,0
17-2619,KING EDWARD AVE @ OSGOODE ST/THOMAS MORE PRIV,368851.23531,5031852.57500,-75.68151381930,45.42367498500,2017-03-12,9:49:00 PM,01 - Clear,07 - Dark,01 - Dry,01 - Traffic signal,01 - Functioning,03 - P.D. only,05 - Turning movement,0
17-2620,CONROY RD @ HUNT CLUB RD,373764.74334,5025403.85390,-75.61963461440,45.36518522930,2017-03-13,6:30:00 AM,01 - Clear,03 - Dawn,01 - Dry,01 - Traffic signal,01 - Functioning,02 - Non-fatal injury,05 - Turning movement,0
17-2621,BASELINE RD/HERON RD @ PRINCE OF WALES DR,366873.37205,5026438.53230,-75.70746706420,45.37513918820,2017-03-13,7:54:00 AM,01 - Clear,01 - Daylight,01 - Dry,01 - Traffic signal,01 - Functioning,03 - P.D. only,03 - Rear end,0
17-2622,ALBERT ST @ EMPRESS AVE,366577.03545,5030721.23460,-75.71071396520,45.41370005080,2017-03-13,9:31:00 AM,01 - Clear,01 - Daylight,01 - Dry,01 - Traffic signal,01 - Functioning,03 - P.D. only,04 - Sideswipe,0
17-2623,MONTREAL RD @ ST. LAURENT BLVD,371544.69956,5033818.26360,-75.64683237230,45.44110954800,2017-03-13,10:27:00 AM,01 - Clear,01 - Daylight,01 - Dry,01 - Traffic signal,00 - Unknown,03 - P.D. only,04 - Sideswipe,0
17-2624,CUMBERLAND ST @ RIDEAU ST,368374.84545,5032328.63621,-75.68753935690,45.42800187280,2017-03-13,10:51:00 AM,01 - Clear,01 - Daylight,01 - Dry,01 - Traffic signal,01 - Functioning,02 - Non-fatal injury,03 - Rear end,0
17-2625,BASELINE RD @ WOODROFFE AVE,362550.69354,5023771.17360,-75.76296459900,45.35150814880,2017-03-13,3:02:00 PM,01 - Clear,01 - Daylight,01 - Dry,01 - Traffic signal,01 - Functioning,03 - P.D. only,03 - Rear end,0
17-2626,BRONSON AVE @ HOLMWOOD AVE,367700.37325,5028728.87460,-75.69661734760,45.39567332250,2017-03-13,3:37:00 PM,01 - Clear,01 - Daylight,01 - Dry,01 - Traffic signal,00 - Unknown,03 - P.D. only,03 - Rear end,0
17-2627,BRONSON AVE btwn FOURTH AVE & MADAWASKA DR,367600.00033,5028973.33631,-75.69786809400,45.39788192860,2017-03-13,3:47:00 PM,01 - Clear,01 - Daylight,01 - Dry,10 - No control,,03 - P.D. only,04 - Sideswipe,0
17-2628,GREENBANK RD @ WEST HUNT CLUB RD,361480.01145,5020501.81030,-75.77700240150,45.32217785280,2017-03-13,7:20:00 AM,01 - Clear,01 - Daylight,01 - Dry,01 - Traffic signal,01 - Functioning,03 - P.D. only,03 - Rear end,0
17-2629,PARKDALE AVE @ HWY 417 PARKDAL IC122R15/HWY 41,365338.94961,5028844.42900,-75.72676117060,45.39692120250,2017-03-13,6:02:00 PM,01 - Clear,05 - Dusk,01 - Dry,01 - Traffic signal,00 - Unknown,03 - P.D. only,03 - Rear end,0
17-2630,MARAVISTA DR @ STRANDHERD DR,361288.43810,5014584.95810,-75.78011984030,45.26895318370,2017-03-13,3:20:00 PM,01 - Clear,01 - Daylight,01 - Dry,01 - Traffic signal,01 - Functioning,03 - P.D. only,03 - Rear end,0
17-2631,BESSERER ST @ DALHOUSIE ST,368253.70504,5032156.90560,-75.68910945230,45.42646770200,2017-03-13,8:20:00 PM,01 - Clear,07 - Dark,01 - Dry,01 - Traffic signal,01 - Functioning,03 - P.D. only,06 - SMV unattended vehicle,0
17-2632,ALBION RD @ MITCH OWENS RD,375906.41965,5014805.78689,-75.59381985590,45.26961413190,2017-03-14,6:37:00 AM,03 - Snow,03 - Dawn,02 - Wet,01 - Traffic signal,01 - Functioning,02 - Non-fatal injury,05 - Turning movement,0
17-2633,CARLING AVE @ KIRKWOOD AVE N,364275.35775,5027492.19641,-75.74050775960,45.38484521570,2017-03-14,8:52:00 AM,01 - Clear,01 - Daylight,01 - Dry,01 - Traffic signal,01 - Functioning,03 - P.D. only,04 - Sideswipe,0
17-2634,MERIVALE RD @ BONGARD AVE,365870.52626,5021316.80770,-75.72090246690,45.32914287650,2017-03-14,9:52:00 AM,03 - Snow,01 - Daylight,02 - Wet,02 - Stop sign,01 - Functioning,02 - Non-fatal injury,02 - Angle,0
17-2635,GLOUCESTER ST @ LYON ST,367195.03255,5031001.57280,-75.70278348040,45.41616761850,2017-03-14,11:59:00 AM,03 - Snow,01 - Daylight,04 - Slush,01 - Traffic signal,01 - Functioning,03 - P.D. only,04 - Sideswipe,0
17-2636,KITCHENER AVE @ BANK ST,370541.21055,5025500.64060,-75.66076700790,45.36636582770,2017-03-14,11:20:00 AM,03 - Snow,01 - Daylight,03 - Loose snow,01 - Traffic signal,01 - Functioning,02 - Non-fatal injury,07 - SMV other,0
17-2637,TRIM RD btwn ST. JOSEPH BLVD & WATTERS RD,384904.11698,5038808.54580,-75.47527695140,45.48460435830,2017-03-14,12:23:00 PM,03 - Snow,01 - Daylight,02 - Wet,10 - No control,,03 - P.D. only,07 - SMV other,0
17-2638,ARCH ST @ CHAPMAN BLVD,372782.73334,5028923.54220,-75.63168429330,45.39694986600,2017-03-14,12:25:00 PM,03 - Snow,01 - Daylight,02 - Wet,02 - Stop sign,01 - Functioning,02 - Non-fatal injury,02 - Angle,0
17-2639,BANK ST @ LEITRIM RD,375357.41975,5021617.49041,-75.59984607480,45.33095867990,2017-03-14,12:36:00 PM,03 - Snow,01 - Daylight,03 - Loose snow,01 - Traffic signal,01 - Functioning,03 - P.D. only,04 - Sideswipe,0
17-2640,CARLING AVE @ MERIVALE RD,364894.36935,5027699.20641,-75.73257857110,45.38665501960,2017-03-14,12:39:00 PM,03 - Snow,01 - Daylight,03 - Loose snow,01 - Traffic signal,01 - Functioning,03 - P.D. only,03 - Rear end,0
17-2641,MAITLAND AVE btwn HWY417 IC126 RAMP63 & HWY417 IC126 RAMP52,363186.36511,5025882.10153,-75.75460323280,45.37044941550,2017-03-14,1:01:00 PM,03 - Snow,01 - Daylight,03 - Loose snow,10 - No control,,03 - P.D. only,03 - Rear end,0
17-2642,FALLOWFIELD RD @ MERIVALE RD,366892.04705,5018845.13810,-75.70818164690,45.30681350200,2017-03-14,1:08:00 PM,03 - Snow,01 - Daylight,06 - Ice,01 - Traffic signal,01 - Functioning,03 - P.D. only,03 - Rear end,0
17-2643,MILTON RD btwn CANARY ST & SMITH RD,387362.09984,5031582.42077,-75.44505166670,45.41930466170,2017-03-14,1:15:00 PM,03 - Snow,01 - Daylight,03 - Loose snow,10 - No control,,03 - P.D. only,04 - Sideswipe,0
17-2644,KENASTON ST btwn ALGOMA RD & LABRIE AVE,373387.48446,5031391.93015,-75.62361755600,45.41910027500,2017-03-14,1:21:00 PM,03 - Snow,01 - Daylight,03 - Loose snow,10 - No control,,03 - P.D. only,02 - Angle,0
17-2645,CYRVILLE RD @ OGILVIE RD,372454.05355,5032006.23870,-75.63545881290,45.42471841890,2017-03-14,1:30:00 PM,03 - Snow,01 - Daylight,04 - Slush,01 - Traffic signal,01 - Functioning,03 - P.D. only,03 - Rear end,0
17-2646,ALBERT ST @ BOOTH ST,366428.35875,5030627.90439,-75.71262500250,45.41287340130,2017-03-14,1:45:00 PM,03 - Snow,01 - Daylight,03 - Loose snow,01 - Traffic signal,01 - Functioning,03 - P.D. only,05 - Turning movement,0
17-2647,BAYSHORE DR @ WOODRIDGE CRES S,359234.87493,5023509.29399,-75.80530789090,45.34941697510,2017-03-14,2:09:00 PM,01 - Clear,01 - Daylight,01 - Dry,01 - Traffic signal,01 - Functioning,03 - P.D. only,03 - Rear end,0
17-2648,WILHAVEN DR btwn EMMETT RD & BECKETT'S CREEK RD,394678.35290,5041209.73414,-75.34982536260,45.50501695950,2017-03-14,7:40:00 AM,03 - Snow,01 - Daylight,03 - Loose snow,10 - No control,,03 - P.D. only,07 - SMV other,0
17-2649,PRINCE ALBERT ST btwn LOLA ST & NAUGHTON ST,371302.96567,5031992.18905,-75.65016865060,45.42470238900,2017-03-14,2:49:00 PM,03 - Snow,01 - Daylight,03 - Loose snow,10 - No control,,02 - Non-fatal injury,02 - Angle,0
17-2650,MAIN ST btwn HAZEL ST & HERRIDGE ST,369208.57797,5030072.98629,-75.67718053210,45.40763007800,2017-03-14,2:51:00 PM,03 - Snow,01 - Daylight,03 - Loose snow,10 - No control,,03 - P.D. only,99 - Other,0
17-2651,GLADSTONE AVE @ ROCHESTER ST,366662.36355,5029788.90339,-75.70974088410,45.40530365690,2017-03-14,3:04:00 PM,03 - Snow,01 - Daylight,03 - Loose snow,01 - Traffic signal,01 - Functioning,03 - P.D. only,03 - Rear end,0
17-2652,CARLING AVE @ WOODROFFE AVE W,361768.68694,5025726.18240,-75.77271869410,45.36916314390,2017-03-14,3:20:00 PM,03 - Snow,01 - Daylight,03 - Loose snow,01 - Traffic signal,01 - Functioning,03 - P.D. only,04 - Sideswipe,0
17-2653,ELMRIDGE DR btwn APPLEGROVE CRT & BURFIELD AVE,374915.43233,5033909.71478,-75.60373795240,45.44160244360,2017-03-14,3:28:00 PM,03 - Snow,01 - Daylight,05 - Packed snow,10 - No control,,03 - P.D. only,99 - Other,0
17-2654,MARKETPLACE AVE @ RIOCAN AVE,364287.88024,5014762.93279,-75.74187735700,45.27030729140,2017-03-14,3:28:00 PM,03 - Snow,01 - Daylight,02 - Wet,02 - Stop sign,01 - Functioning,03 - P.D. only,02 - Angle,0
17-2655,OLD TENTH LINE RD @ TENTH LINE RD,383042.34955,5038358.97890,-75.49916133040,45.48077072360,2017-03-14,2:15:00 PM,03 - Snow,01 - Daylight,03 - Loose snow,01 - Traffic signal,01 - Functioning,03 - P.D. only,03 - Rear end,0
17-2656,BANK ST @ SUNNYSIDE AVE,368735.71204,5028580.21141,-75.68341429340,45.39424192750,2017-03-14,12:42:00 PM,01 - Clear,01 - Daylight,03 - Loose snow,01 - Traffic signal,01 - Functioning,03 - P.D. only,05 - Turning movement,0
17-2657,MEADOWLANDS DR btwn EAGLE LANE & BELIVEAU ST,365474.37255,5024543.73669,-75.72556007070,45.35821269030,2017-03-14,3:46:00 PM,03 - Snow,01 - Daylight,03 - Loose snow,10 - No control,,02 - Non-fatal injury,07 - SMV other,0
17-2658,METCALFE ST @ SLATER ST,367732.69994,5031550.24470,-75.69584434720,45.42105623910,2017-03-14,3:53:00 PM,03 - Snow,01 - Daylight,03 - Loose snow,01 - Traffic signal,01 - Functioning,02 - Non-fatal injury,07 - SMV other,1
17-2659,BASELINE RD @ CENTREPOINTE DR E/HIGHGATE RD,362062.02105,5023465.50530,-75.76923609760,45.34879783620,2017-03-14,4:20:00 PM,03 - Snow,01 - Daylight,05 - Packed snow,01 - Traffic signal,01 - Functioning,03 - P.D. only,03 - Rear end,0
17-2660,ALBION RD btwn LESTER RD & LEITRIM RD,372773.33852,5022149.88720,-75.63273615360,45.33600405400,2017-03-14,4:27:00 PM,03 - Snow,01 - Daylight,03 - Loose snow,10 - No control,,03 - P.D. only,03 - Rear end,0
17-2661,WOODROFFE AVE/HWY 417 WOODROFF IC127R25 @ HWY,362179.34242,5024694.70155,-75.76759633490,45.35984846900,2017-03-14,4:28:00 PM,03 - Snow,01 - Daylight,05 - Packed snow,01 - Traffic signal,01 - Functioning,03 - P.D. only,07 - SMV other,0
17-2662,BANKFIELD RD btwn PRINCE OF WALES DR & FIRST LINE RD,366396.07786,5008984.75095,-75.71572839760,45.21813375280,2017-03-14,4:35:00 PM,03 - Snow,01 - Daylight,03 - Loose snow,10 - No control,,03 - P.D. only,01 - Approaching,0
17-2663,EAGLESON RD btwn EMERALD MEADOWS DR & TERRY FOX DR,355036.64788,5015005.74849,-75.85974383680,45.27321391750,2017-03-14,4:40:00 PM,03 - Snow,01 - Daylight,03 - Loose snow,10 - No control,,03 - P.D. only,99 - Other,0
17-2664,RIVER RD btwn KILBY LANE & WATERFRONT CRT,371876.57981,5007913.68636,-75.64609965050,45.20799597290,2017-03-14,4:45:00 PM,05 - Drifting Snow,01 - Daylight,03 - Loose snow,10 - No control,,03 - P.D. only,07 - SMV other,0
17-2665,STRANDHERD DR @ 215 W OF GREENBANK RD/BARRHAVE,363745.52794,5014681.36099,-75.74879826100,45.26961897430,2017-03-14,4:45:00 PM,03 - Snow,01 - Daylight,03 - Loose snow,01 - Traffic signal,01 - Functioning,03 - P.D. only,07 - SMV other,0
17-2666,TERRY FOX DR btwn HUNTSVILLE DR & OLD SECOND LINE RD,347956.93500,5020084.84700,-75.94952683320,45.31938753270,2017-03-14,4:54:00 PM,03 - Snow,01 - Daylight,03 - Loose snow,10 - No control,,02 - Non-fatal injury,07 - SMV other,0
17-2667,DALHOUSIE ST @ MURRAY ST,367999.69576,5032573.59460,-75.69230170010,45.43023992200,2017-03-14,5:00:00 PM,03 - Snow,01 - Daylight,03 - Loose snow,01 - Traffic signal,01 - Functioning,03 - P.D. only,05 - Turning movement,0
17-2668,SLATER ST btwn COMMISSIONER ST & BAY ST,366960.62088,5031064.52348,-75.70577030990,45.41675489390,2017-03-14,5:15:00 PM,03 - Snow,01 - Daylight,03 - Loose snow,10 - No control,,03 - P.D. only,03 - Rear end,0
17-2669,BLACKBURN BYPASS @ INNES RD E,379790.74456,5033781.56490,-75.54144648730,45.43994348900,2017-03-14,5:15:00 PM,03 - Snow,01 - Daylight,02 - Wet,01 - Traffic signal,01 - Functioning,02 - Non-fatal injury,05 - Turning movement,0
17-2670,ST. LAURENT BLVD btwn CONNERY AVE & NERTA ST,373661.46902,5028641.81261,-75.62050120730,45.39432912310,2017-03-14,5:21:00 PM,03 - Snow,01 - Daylight,03 - Loose snow,10 - No control,,02 - Non-fatal injury,03 - Rear end,0
17-2671,RIVERSIDE DR @ BROOKFIELD RD/HOG'S BACK RD,368168.94880,5026223.15995,-75.69095483070,45.37308535720,2017-03-14,5:23:00 PM,03 - Snow,01 - Daylight,03 - Loose snow,01 - Traffic signal,01 - Functioning,03 - P.D. only,03 - Rear end,0
17-2672,OTTAWA ROAD 29 btwn GALETTA SIDE RD & WALTER BRADLEY RD,320676.81840,5025002.47350,-76.29732691420,45.36478640730,2017-03-14,5:05:00 PM,05 - Drifting Snow,01 - Daylight,05 - Packed snow,10 - No control,,03 - P.D. only,07 - SMV other,0
17-2673,DUNNING RD btwn FRENCH HILL RD & INNES RD,391818.24948,5038969.79102,-75.38681623960,45.48522741380,2017-03-14,5:35:00 PM,03 - Snow,05 - Dusk,06 - Ice,10 - No control,,03 - P.D. only,01 - Approaching,0
17-2674,DUNROBIN RD btwn CONSTANCE BAY RD & KINBURN SIDE RD,336835.54274,5037151.76081,-76.09026922220,45.47355749190,2017-03-14,5:58:00 PM,03 - Snow,05 - Dusk,03 - Loose snow,10 - No control,,03 - P.D. only,07 - SMV other,0
17-2675,FIRST ST @ ST. JOSEPH BLVD,383646.02391,5039063.35968,-75.49132751920,45.48704016860,2017-03-14,6:01:00 PM,03 - Snow,05 - Dusk,03 - Loose snow,02 - Stop sign,01 - Functioning,03 - P.D. only,07 - SMV other,0
17-2676,ROGER STEVENS DR btwn HWY416 IC49 RAMP24 & SECOND LINE RD S,369940.29804,5001481.24821,-75.67158610930,45.15029851980,2017-03-14,6:11:00 PM,03 - Snow,05 - Dusk,03 - Loose snow,10 - No control,,03 - P.D. only,07 - SMV other,0
17-2677,ALBERT ST @ O'CONNOR ST,367538.70250,5031522.44917,-75.69832654600,45.42082356850,2017-03-14,6:17:00 PM,03 - Snow,05 - Dusk,03 - Loose snow,01 - Traffic signal,00 - Unknown,03 - P.D. only,03 - Rear end,0
17-2678,WALKLEY RD @ DON REID DR/RYDER ST,372602.73024,5027283.87510,-75.63420841720,45.38221428320,2017-03-14,6:18:00 PM,03 - Snow,05 - Dusk,03 - Loose snow,01 - Traffic signal,01 - Functioning,03 - P.D. only,07 - SMV other,0
17-2679,PRINCE OF WALES DR @ WEST HUNT CLUB RD,367458.71030,5021890.37760,-75.70057081240,45.33416376300,2017-03-14,6:24:00 PM,03 - Snow,05 - Dusk,03 - Loose snow,01 - Traffic signal,01 - Functioning,03 - P.D. only,03 - Rear end,0
17-2680,BANKFIELD RD btwn KILREEN LANE & PRINCE OF WALES DR,366200.76013,5008878.39643,-75.71822816150,45.21719381870,2017-03-14,7:57:00 PM,03 - Snow,07 - Dark,03 - Loose snow,10 - No control,,02 - Non-fatal injury,01 - Approaching,0
17-2681,GREENBANK RD @ WEST HUNT CLUB RD,361480.01145,5020502.47920,-75.77700232500,45.32218387150,2017-03-14,8:11:00 PM,03 - Snow,07 - Dark,03 - Loose snow,01 - Traffic signal,01 - Functioning,02 - Non-fatal injury,07 - SMV other,0
17-2682,SLACK RD @ WOODROFFE AVE,364233.17400,5019974.47820,-75.74194996860,45.31720526250,2017-03-14,8:20:00 PM,03 - Snow,07 - Dark,03 - Loose snow,01 - Traffic signal,01 - Functioning,03 - P.D. only,07 - SMV other,0
17-2683,CHARLEMAGNE BLVD @ GARDENWAY DR/BOTTRIELL WAY,384050.35952,5037034.40235,-75.48648303610,45.46873972880,2017-03-14,8:29:00 PM,03 - Snow,07 - Dark,03 - Loose snow,01 - Traffic signal,01 - Functioning,02 - Non-fatal injury,07 - SMV other,0
17-2684,TERRY FOX DR @ WESTPHALIAN AVE,353455.22610,5015759.78900,-75.87982363390,45.28011017200,2017-03-14,8:45:00 PM,03 - Snow,07 - Dark,05 - Packed snow,01 - Traffic signal,01 - Functioning,03 - P.D. only,07 - SMV other,0
17-2685,DOWNPATRICK RD btwn MCCARTHY RD & DOWNPATRICK RD,370513.85968,5023386.07488,-75.66139722150,45.34734217350,2017-03-14,9:56:00 PM,05 - Drifting Snow,07 - Dark,03 - Loose snow,10 - No control,,03 - P.D. only,01 - Approaching,0
17-2686,KING EDWARD AVE btwn RAMP & BOLTON ST,367992.77196,5033241.03873,-75.69230451300,45.43624597290,2017-03-14,10:24:00 PM,03 - Snow,07 - Dark,03 - Loose snow,10 - No control,,03 - P.D. only,07 - SMV other,0
17-2687,LEITRIM RD btwn RIVER RD & LIMEBANK RD,368969.20430,5017735.72288,-75.68183931650,45.29664447430,2017-03-14,11:30:00 PM,03 - Snow,07 - Dark,03 - Loose snow,10 - No control,,03 - P.D. only,07 - SMV other,0
17-2688,BRONSON AVE @ COMMISSIONER ST/SLATER ST,366769.70874,5030949.23660,-75.70822386850,45.41573451060,2017-03-14,11:43:00 PM,03 - Snow,07 - Dark,05 - Packed snow,01 - Traffic signal,01 - Functioning,03 - P.D. only,03 - Rear end,0
17-2689,BANK ST btwn RIDEAU RD & TURN LANE,376988.88914,5017752.76222,-75.57959795590,45.29601960800,2017-03-15,2:05:00 AM,03 - Snow,07 - Dark,03 - Loose snow,10 - No control,,02 - Non-fatal injury,01 - Approaching,0
17-2690,MERIVALE RD @ WOODFIELD DR/ROYDON PL,365463.70444,5022298.49890,-75.72597163050,45.33801129460,2017-03-15,3:20:00 AM,03 - Snow,07 - Dark,05 - Packed snow,01 - Traffic signal,01 - Functioning,03 - P.D. only,07 - SMV other,0
17-2691,WEST HUNT CLUB RD @ CLEOPATRA DR/LANCELOT DR,365234.69666,5021731.15621,-75.72896263230,45.33292617690,2017-03-15,5:44:00 AM,03 - Snow,03 - Dawn,03 - Loose snow,01 - Traffic signal,01 - Functioning,02 - Non-fatal injury,02 - Angle,0
17-2692,INNES RD @ STAR TOP RD/WINDMILL LANE,374146.72246,5030667.22940,-75.61401946580,45.41250494520,2017-03-15,6:00:00 AM,03 - Snow,07 - Dark,05 - Packed snow,01 - Traffic signal,01 - Functioning,03 - P.D. only,03 - Rear end,0
17-2693,BOUNDARY RD btwn DEVINE RD & PARKWAY RD,388367.18782,5021436.74210,-75.43392784280,45.32790392900,2017-03-15,6:44:00 AM,03 - Snow,01 - Daylight,03 - Loose snow,10 - No control,,02 - Non-fatal injury,01 - Approaching,0
17-2694,ROGER STEVENS DR btwn RIDEAU VALLEY DR N & ROGER STEVENS DR,372300.66307,5002862.79079,-75.64138509510,45.16250792840,2017-03-15,6:45:00 AM,03 - Snow,03 - Dawn,03 - Loose snow,10 - No control,,03 - P.D. only,01 - Approaching,0
17-2695,HUNTER'S RUN DR @ JEANNE D'ARC BLVD,380568.08165,5036173.90340,-75.53114327360,45.46138408750,2017-03-15,7:05:00 AM,03 - Snow,01 - Daylight,03 - Loose snow,01 - Traffic signal,01 - Functioning,03 - P.D. only,07 - SMV other,0
17-2696,HOLLAND AVE/TUNNEY'S PASTURE @ SCOTT ST,364736.69366,5029594.88820,-75.73436164120,45.40372548870,2017-03-15,6:20:00 AM,03 - Snow,01 - Daylight,05 - Packed snow,01 - Traffic signal,01 - Functioning,03 - P.D. only,05 - Turning movement,0
17-2697,MACDONALD-CARTIER BR btwn RAMP & END (2),367301.05724,5033249.86341,-75.70114364390,45.43638754630,2017-03-15,7:09:00 AM,03 - Snow,01 - Daylight,03 - Loose snow,10 - No control,,03 - P.D. only,03 - Rear end,0
17-2698,AIRPORT PKWY @ HUNT CLUB RD,371019.53134,5023702.99820,-75.65490239590,45.35014619320,2017-03-15,7:51:00 AM,03 - Snow,01 - Daylight,04 - Slush,01 - Traffic signal,01 - Functioning,03 - P.D. only,03 - Rear end,0
17-2699,LEITRIM RD S @ RAMSAYVILLE RD,378785.76710,5023729.50490,-75.55579808380,45.34960840120,2017-03-15,7:49:00 AM,03 - Snow,01 - Daylight,03 - Loose snow,,00 - Unknown,03 - P.D. only,03 - Rear end,0
17-2700,HOLLAND AVE btwn SPENCER ST & ARMSTRONG ST,364839.05572,5029356.50209,-75.73308319760,45.40157177070,2017-03-15,7:55:00 AM,03 - Snow,01 - Daylight,03 - Loose snow,10 - No control,,03 - P.D. only,04 - Sideswipe,0
17-2701,MCCARTHY RD @ WALKLEY RD,369248.71396,5025301.19130,-75.67729092770,45.36469127360,2017-03-15,8:25:00 AM,03 - Snow,01 - Daylight,03 - Loose snow,01 - Traffic signal,01 - Functioning,03 - P.D. only,03 - Rear end,0
17-2702,CARLING AVE WB btwn HARE AVE & BROMLEY RD,362540.62365,5026235.49026,-75.76280516980,45.37368266970,2017-03-15,8:37:00 AM,03 - Snow,01 - Daylight,05 - Packed snow,10 - No control,,03 - P.D. only,07 - SMV other,0
17-2703,O'CONNOR ST btwn GLOUCESTER ST & NEPEAN ST,367695.23495,5031266.85987,-75.69635920230,45.41850980390,2017-03-15,12:00:00 AM,03 - Snow,00 - Unknown,05 - Packed snow,10 - No control,,03 - P.D. only,06 - SMV unattended vehicle,0
17-2704,ST. JOSEPH BLVD @ DUFORD DR/PLACE D'ORLEANS DR,381999.25123,5037996.24751,-75.51255914870,45.47762330270,2017-03-15,8:20:00 AM,03 - Snow,01 - Daylight,03 - Loose snow,01 - Traffic signal,01 - Functioning,03 - P.D. only,03 - Rear end,0
17-2705,NORMAN ST @ PRESTON ST,366717.04245,5029194.22720,-75.70911712270,45.39994808620,2017-03-15,9:13:00 AM,03 - Snow,01 - Daylight,03 - Loose snow,02 - Stop sign,01 - Functioning,03 - P.D. only,02 - Angle,0
17-2706,ALBERT ST btwn SCOTT ST & CITY CENTRE AVE (1),365654.52279,5030150.41341,-75.72256969690,45.40864477970,2017-03-15,9:10:00 AM,05 - Drifting Snow,01 - Daylight,03 - Loose snow,10 - No control,,03 - P.D. only,03 - Rear end,0
17-2707,COLONEL BY DR @ COLONEL BY DR SB ON RAMP 43,367640.23285,5028441.26763,-75.69742203620,45.39309091570,2017-03-15,9:55:00 AM,03 - Snow,01 - Daylight,03 - Loose snow,02 - Stop sign,00 - Unknown,03 - P.D. only,03 - Rear end,0
17-2708,EAGLESON RD @ HAZELDEAN RD/ROBERTSON RD,353675.29714,5018424.46000,-75.87675612980,45.30407223180,2017-03-15,9:54:00 AM,03 - Snow,01 - Daylight,06 - Ice,01 - Traffic signal,01 - Functioning,03 - P.D. only,03 - Rear end,0
17-2709,BRONSON AVE @ SUNNYSIDE AVE/UNIVERSITY RD - CA,367922.37565,5028091.54710,-75.69386368260,45.38991885510,2017-03-15,10:00:00 AM,03 - Snow,01 - Daylight,03 - Loose snow,01 - Traffic signal,01 - Functioning,03 - P.D. only,03 - Rear end,0
17-2710,ST. LAURENT BLVD btwn THURSTON DR & WALKLEY RD,373923.01279,5028006.71868,-75.61725013400,45.38858907360,2017-03-15,10:05:00 AM,03 - Snow,01 - Daylight,03 - Loose snow,10 - No control,,03 - P.D. only,03 - Rear end,0
17-2711,YORK ST EB btwn TO BE DETERMINED & CUMBERLAND ST,368216.79850,5032493.06679,-75.68953775550,45.42949570910,2017-03-15,10:29:00 AM,03 - Snow,01 - Daylight,03 - Loose snow,10 - No control,,03 - P.D. only,06 - SMV unattended vehicle,0
17-2712,PARKWAY RD btwn BANK ST & SALE BARN RD,378802.30153,5014239.03063,-75.55700410520,45.26421594340,2017-03-15,10:40:00 AM,03 - Snow,01 - Daylight,03 - Loose snow,10 - No control,,03 - P.D. only,05 - Turning movement,0
17-2713,BOOTH ST btwn LOUISA ST & ARLINGTON AVE,366820.56062,5029732.69281,-75.70772726500,45.40478389050,2017-03-15,11:11:00 AM,03 - Snow,01 - Daylight,03 - Loose snow,10 - No control,,03 - P.D. only,06 - SMV unattended vehicle,0