COLLISION_ID,LOCATION,X,Y,LONGITUDE,LATITUDE,DATE,TIME,ENVIRONMENT,LIGHT,SURFACE_CONDITION,TRAFFIC_CONTROL,TRAFFIC_CONTROL_CONDITION,COLLISION_CLASSIFICATION,IMPACT_TYPE,NO_OF_PEDESTRIANS
17-2714,RIDEAU RD btwn LIMEBANK RD & DOWNEY RD,371693.95547,5014482.70023,-75.64754085750,45.26712035550,2017-03-15,12:00:00 PM,03 - Snow,01 - Daylight,03 - Loose snow,10 - No control,,03 - P.D. only,07 - SMV other,0
17-2715,EAGLESON RD @ FALLOWFIELD RD,355961.96855,5012595.07460,-75.84819983340,45.25145540950,2017-03-15,11:28:00 AM,03 - Snow,01 - Daylight,03 - Loose snow,01 - Traffic signal,01 - Functioning,03 - P.D. only,03 - Rear end,0
17-2716,HAZELDEAN RD btwn JINKINSON RD/HAZELDEAN IC RAMP 62 & KITTIWAKE DR,346943.25189,5012454.05933,-75.96310404900,45.25078439560,2017-03-15,11:31:00 AM,03 - Snow,01 - Daylight,03 - Loose snow,10 - No control,,03 - P.D. only,07 - SMV other,0
17-2717,MCLEOD ST btwn METCALFE ST & METCALFE ST,368331.07892,5030721.79842,-75.68830582240,45.41354807630,2017-03-15,11:40:00 AM,03 - Snow,01 - Daylight,03 - Loose snow,10 - No control,,03 - P.D. only,05 - Turning movement,0
17-2718,EARL ARMSTRONG RD @ BOWESVILLE RD,372568.42970,5017446.23070,-75.63599366660,45.29370177290,2017-03-15,12:20:00 PM,05 - Drifting Snow,01 - Daylight,06 - Ice,02 - Stop sign,01 - Functioning,02 - Non-fatal injury,07 - SMV other,0
17-2719,BELMONT AVE btwn BANK ST & WILLARD ST,368819.76028,5028434.06176,-75.68235990390,45.39291924030,2017-03-15,12:20:00 PM,03 - Snow,01 - Daylight,05 - Packed snow,10 - No control,,03 - P.D. only,02 - Angle,0
17-2720,ELGIN ST @ LAURIER AVE,367949.71324,5031550.24470,-75.69307162180,45.42103668380,2017-03-14,4:30:00 PM,01 - Clear,01 - Daylight,03 - Loose snow,01 - Traffic signal,01 - Functioning,03 - P.D. only,05 - Turning movement,0
17-2721,BRONSON AVE @ SUNNYSIDE AVE/UNIVERSITY RD - CA,367923.04455,5028092.88489,-75.69385496980,45.38993083200,2017-03-15,9:30:00 AM,03 - Snow,01 - Daylight,03 - Loose snow,01 - Traffic signal,01 - Functioning,03 - P.D. only,03 - Rear end,0
17-2722,MCCLURE CRES btwn MCCLINTOCK WAY & CHIMO DR (2),352185.05971,5019077.20442,-75.89569572670,45.31004789260,2017-03-14,9:05:00 AM,03 - Snow,01 - Daylight,03 - Loose snow,10 - No control,,03 - P.D. only,06 - SMV unattended vehicle,0
17-2723,DALEHURST DR btwn CRESTLEA CRES & LAVONNE CRT,363592.92846,5021719.57796,-75.74990816990,45.33296146920,2017-03-15,1:38:00 PM,03 - Snow,01 - Daylight,03 - Loose snow,10 - No control,,03 - P.D. only,01 - Approaching,0
17-2724,HAZELDEAN RD @ SPRINGBROOK DR,349869.58526,5015110.43870,-75.92558401230,45.27450611870,2017-03-15,1:50:00 PM,03 - Snow,01 - Daylight,05 - Packed snow,01 - Traffic signal,01 - Functioning,03 - P.D. only,04 - Sideswipe,0
17-2725,BELFAST RD @ ST. LAURENT BLVD,372860.38965,5030579.23090,-75.63046400910,45.41183946150,2017-03-15,2:38:00 PM,03 - Snow,01 - Daylight,02 - Wet,01 - Traffic signal,01 - Functioning,03 - P.D. only,05 - Turning movement,0
17-2726,LAURIER AVE @ O'CONNOR ST,367636.36625,5031358.57730,-75.69709962330,45.41934033700,2017-03-15,1:00:00 PM,03 - Snow,01 - Daylight,03 - Loose snow,01 - Traffic signal,01 - Functioning,03 - P.D. only,03 - Rear end,0
17-2727,LEPAGE AVE btwn CAVAN ST & KIRKWOOD AVE,364668.62656,5026561.92329,-75.73559902470,45.37644128230,2017-03-15,12:00:00 AM,03 - Snow,00 - Unknown,05 - Packed snow,10 - No control,,03 - P.D. only,06 - SMV unattended vehicle,0
17-2728,DATA CENTRE RD @ RIVERSIDE DR,368898.45234,5027672.57600,-75.68145388610,45.38606042860,2017-03-14,4:10:00 PM,03 - Snow,01 - Daylight,03 - Loose snow,01 - Traffic signal,01 - Functioning,03 - P.D. only,03 - Rear end,0
17-2729,BOUNDARY RD btwn MITCH OWENS RD & DEVINE RD,388342.43865,5021501.62505,-75.43423256530,45.32849063720,2017-03-15,3:00:00 PM,03 - Snow,01 - Daylight,03 - Loose snow,10 - No control,,03 - P.D. only,07 - SMV other,0
17-2730,CARP RD @ RIVINGTON ST,341348.88196,5022642.87590,-76.03362160140,45.34278082610,2017-03-15,4:10:00 PM,03 - Snow,01 - Daylight,03 - Loose snow,02 - Stop sign,01 - Functioning,03 - P.D. only,02 - Angle,0
17-2731,BANK ST @ RIDEAU RD,376955.75584,5017843.80370,-75.58000710110,45.29684216590,2017-03-15,4:20:00 PM,03 - Snow,01 - Daylight,06 - Ice,01 - Traffic signal,01 - Functioning,02 - Non-fatal injury,03 - Rear end,0
17-2732,BANK ST btwn ALTA VISTA DR & ERIE AVE,370229.00555,5026251.57552,-75.66465263900,45.37315171490,2017-03-15,4:24:00 PM,03 - Snow,01 - Daylight,03 - Loose snow,10 - No control,,03 - P.D. only,02 - Angle,0
17-2733,WEST HUNT CLUB RD EB btwn CEDARVIEW RD & GREENBANK RD,359900.28275,5019648.12318,-75.79724648810,45.31462211100,2017-03-15,4:41:00 PM,03 - Snow,01 - Daylight,04 - Slush,10 - No control,,02 - Non-fatal injury,99 - Other,0
17-2734,ST. JOSEPH BLVD @ TENTH LINE RD,382891.13825,5038666.45280,-75.50104636440,45.48355402480,2017-03-15,5:17:00 PM,01 - Clear,01 - Daylight,02 - Wet,01 - Traffic signal,01 - Functioning,02 - Non-fatal injury,02 - Angle,0
17-2735,MOODIE DR @ 200 N OF ROBERTSON RD,356987.31405,5020642.15400,-75.83429140430,45.32378905370,2017-03-15,5:34:00 PM,01 - Clear,01 - Daylight,01 - Dry,01 - Traffic signal,01 - Functioning,03 - P.D. only,04 - Sideswipe,0
17-2736,MERIVALE RD @ EMERALD PLAZA SC,364736.13166,5024006.11870,-75.73504721330,45.35343877710,2017-03-15,5:36:00 PM,03 - Snow,01 - Daylight,03 - Loose snow,01 - Traffic signal,01 - Functioning,03 - P.D. only,03 - Rear end,0
17-2737,CARLING AVE @ CROYDON AVE,360659.19010,5025043.53650,-75.78695896390,45.36311003850,2017-03-15,5:42:00 PM,03 - Snow,01 - Daylight,03 - Loose snow,01 - Traffic signal,01 - Functioning,02 - Non-fatal injury,05 - Turning movement,0
17-2738,EAGLESON RD @ MICHAEL COWPLAND DR/STONEHAVEN D,354382.29155,5016622.10631,-75.86792148870,45.28780472720,2017-03-15,5:57:00 PM,03 - Snow,01 - Daylight,03 - Loose snow,01 - Traffic signal,01 - Functioning,03 - P.D. only,03 - Rear end,0
17-2739,SAUNDERSON DR @ SMYTH RD,372794.73464,5029324.21970,-75.63147578970,45.40055382040,2017-03-15,6:20:00 PM,01 - Clear,07 - Dark,05 - Packed snow,01 - Traffic signal,01 - Functioning,02 - Non-fatal injury,07 - SMV other,1
17-2740,BRONSON AVE RAMP 42B btwn BRONSON AVE RAMP 42A-2/42A-3 & BRONSON AVE R,368494.65947,5027071.29906,-75.68668743410,45.38068714770,2017-03-14,7:30:00 PM,03 - Snow,07 - Dark,03 - Loose snow,10 - No control,,03 - P.D. only,01 - Approaching,0
17-2741,FOXLIGHT CIR btwn FOXLIGHT CIR & FOXLIGHT CIR,356791.00600,5015682.05800,-75.83731553490,45.27917195390,2017-03-15,12:00:00 AM,03 - Snow,00 - Unknown,03 - Loose snow,10 - No control,,03 - P.D. only,06 - SMV unattended vehicle,0
17-2742,BANK ST btwn BOYD RD & KENNEDY RD,387307.23368,5001938.67109,-75.45068190390,45.15259875590,2017-03-15,7:16:00 PM,03 - Snow,07 - Dark,06 - Ice,10 - No control,,03 - P.D. only,07 - SMV other,0
17-2743,JOCKVALE RD @ STRANDHERD DR,363561.48384,5014578.50610,-75.75115568760,45.26870888440,2017-03-15,7:52:00 PM,03 - Snow,07 - Dark,03 - Loose snow,01 - Traffic signal,01 - Functioning,03 - P.D. only,05 - Turning movement,0
17-2744,MAPLE GROVE RD btwn HUNTMAR DR & ROSEHILL AVE,350287.78177,5016729.78412,-75.92010590600,45.28905057550,2017-03-15,8:05:00 PM,01 - Clear,07 - Dark,05 - Packed snow,10 - No control,,03 - P.D. only,01 - Approaching,0
17-2745,CHAPMAN MILLS DR @ BEATRICE DR,365540.87266,5014927.16085,-75.72589038860,45.27167790660,2017-03-15,9:44:00 PM,03 - Snow,07 - Dark,03 - Loose snow,01 - Traffic signal,01 - Functioning,03 - P.D. only,03 - Rear end,0
17-2746,MEDHURST DR btwn WOODROFFE AVE & BROCKINGTON CRES,363466.17819,5021845.21610,-75.75151024430,45.33410255990,2017-03-16,7:52:00 AM,01 - Clear,01 - Daylight,02 - Wet,10 - No control,,03 - P.D. only,03 - Rear end,0
17-2747,EAGLESON RD @ MICHAEL COWPLAND DR/STONEHAVEN D,354383.62934,5016622.77520,-75.86790436980,45.28781065180,2017-03-16,7:55:00 AM,01 - Clear,01 - Daylight,04 - Slush,01 - Traffic signal,01 - Functioning,03 - P.D. only,03 - Rear end,0
17-2748,SECOND LINE RD    S btwn CENTURY RD E & CARSONBY RD E,366365.51559,5005493.43422,-75.71654880820,45.18672133630,2017-03-16,8:23:00 AM,01 - Clear,01 - Daylight,05 - Packed snow,10 - No control,,03 - P.D. only,02 - Angle,0
17-2749,METCALFE ST btwn FRANK ST & GLADSTONE AVE,368216.23674,5030774.01206,-75.68976621840,45.41402829470,2017-03-16,10:55:00 AM,01 - Clear,01 - Daylight,03 - Loose snow,10 - No control,,03 - P.D. only,04 - Sideswipe,0
17-2750,CYRVILLE RD @ INNES RD,375048.05915,5031119.56420,-75.60244083770,45.41648491420,2017-03-16,1:05:00 PM,01 - Clear,01 - Daylight,01 - Dry,01 - Traffic signal,01 - Functioning,03 - P.D. only,99 - Other,0
17-2751,ALBION RD @ BANK ST,371945.72456,5024129.49940,-75.64302566450,45.35389564270,2017-03-16,1:10:00 PM,01 - Clear,01 - Daylight,02 - Wet,01 - Traffic signal,01 - Functioning,03 - P.D. only,02 - Angle,0
17-2752,INNES RD/PRESTWICK DR @ LANTHIER DR,383541.12800,5035987.92994,-75.49316210810,45.45938210570,2017-03-16,1:21:00 PM,01 - Clear,01 - Daylight,01 - Dry,01 - Traffic signal,01 - Functioning,03 - P.D. only,03 - Rear end,0
17-2753,LYON ST @ SPARKS ST,366976.12510,5031353.21729,-75.70553580300,45.41935109600,2017-03-16,2:07:00 PM,01 - Clear,01 - Daylight,01 - Dry,01 - Traffic signal,00 - Unknown,03 - P.D. only,04 - Sideswipe,0
17-2754,FALLOWFIELD RD btwn MUNSTER RD & CONLEY RD,349000.93134,5006639.18087,-75.93740725070,45.19833335000,2017-03-16,5:43:00 PM,05 - Drifting Snow,01 - Daylight,05 - Packed snow,10 - No control,,03 - P.D. only,07 - SMV other,0
17-2755,COOKSHIRE CRES btwn BEAUREGARD CRES & MONTCREST DR,384835.37258,5038702.32789,-75.47617352740,45.48365659870,2017-03-15,12:00:00 AM,03 - Snow,00 - Unknown,03 - Loose snow,10 - No control,,03 - P.D. only,06 - SMV unattended vehicle,0
17-2756,CEDARVIEW RD @ WEST HUNT CLUB RD,359718.34295,5019554.47770,-75.79957716920,45.31379373700,2017-03-14,5:30:00 PM,03 - Snow,01 - Daylight,03 - Loose snow,01 - Traffic signal,01 - Functioning,03 - P.D. only,03 - Rear end,0
17-2757,SLATER ST btwn BAY ST & LYON ST N,367092.40552,5031145.50305,-75.70407641730,45.41747180370,2017-03-16,12:00:00 AM,01 - Clear,00 - Unknown,01 - Dry,10 - No control,,03 - P.D. only,06 - SMV unattended vehicle,0
17-2758,BEECHWOOD AVE btwn MARQUETTE AVE & BLACK MAPLE PRIV,369688.77818,5034073.39807,-75.67051960700,45.44357986490,2017-03-16,3:41:00 PM,01 - Clear,01 - Daylight,01 - Dry,10 - No control,,03 - P.D. only,06 - SMV unattended vehicle,0
17-2759,HAWTHORNE RD @ HUNT CLUB RD,375507.41545,5026405.86030,-75.59724795860,45.37402718370,2017-03-16,3:53:00 PM,01 - Clear,01 - Daylight,01 - Dry,01 - Traffic signal,01 - Functioning,02 - Non-fatal injury,03 - Rear end,0
17-2760,EAGLESON RD btwn FALLOWFIELD RD & AKINS RD,355986.71771,5012538.88731,-75.84789033790,45.25094802270,2017-03-16,3:55:00 PM,01 - Clear,01 - Daylight,06 - Ice,10 - No control,,03 - P.D. only,07 - SMV other,0
17-2761,SMYTH RD btwn HAIG DR & SAUNDERSON DR,372636.62067,5029305.01914,-75.63349785070,45.40039640030,2017-03-16,4:13:00 PM,01 - Clear,01 - Daylight,01 - Dry,10 - No control,,03 - P.D. only,04 - Sideswipe,0
17-2762,INNES RD/PRESTWICK DR @ LANTHIER DR,383541.09755,5035989.23320,-75.49316228800,45.45939383500,2017-03-13,10:10:00 PM,01 - Clear,07 - Dark,01 - Dry,01 - Traffic signal,01 - Functioning,03 - P.D. only,03 - Rear end,0
17-2763,BINSCARTH CRES btwn SHELDRAKE DR & SHELDRAKE DR,353355.55354,5016905.94291,-75.88098186100,45.29043044130,2017-03-05,12:00:00 AM,01 - Clear,00 - Unknown,01 - Dry,10 - No control,,03 - P.D. only,06 - SMV unattended vehicle,0
17-2764,NAVAHO DR @ 265 E OF WOODROFFE AVE,362922.04456,5023625.91179,-75.75824275290,45.35017041620,2017-03-16,4:56:00 PM,01 - Clear,01 - Daylight,01 - Dry,01 - Traffic signal,01 - Functioning,03 - P.D. only,05 - Turning movement,0
17-2765,SMYTH RD E/LANCASTER RD @ ST. LAURENT BLVD N/R,373365.06385,5029423.88170,-75.62417774160,45.40139490940,2017-03-16,5:03:00 PM,01 - Clear,01 - Daylight,01 - Dry,01 - Traffic signal,01 - Functioning,03 - P.D. only,04 - Sideswipe,0
17-2766,DALMENY RD @ RIVER RD,374386.70736,4996966.93931,-75.61567392870,45.10925487280,2017-03-16,5:18:00 PM,01 - Clear,01 - Daylight,01 - Dry,02 - Stop sign,01 - Functioning,03 - P.D. only,07 - SMV other,0
17-2767,BOYER RD @ ST. JOSEPH BLVD,380405.40755,5036832.91700,-75.53312174960,45.46733099370,2017-03-16,5:35:00 PM,01 - Clear,01 - Daylight,01 - Dry,02 - Stop sign,01 - Functioning,03 - P.D. only,05 - Turning movement,0
17-2768,ARROWGRASS WAY btwn MONTMERE AVE & LINARIA WALK,386567.56916,5036419.91216,-75.45439848210,45.46292101680,2017-03-16,5:56:00 PM,01 - Clear,01 - Daylight,05 - Packed snow,10 - No control,,03 - P.D. only,06 - SMV unattended vehicle,0
17-2769,BESSERER ST @ WALLER ST,368315.59885,5032193.98449,-75.68831379310,45.42679570730,2017-03-16,6:11:00 PM,01 - Clear,05 - Dusk,01 - Dry,01 - Traffic signal,01 - Functioning,03 - P.D. only,04 - Sideswipe,0
17-2770,CONROY RD @ HUNT CLUB RD,373764.07445,5025403.85390,-75.61964315100,45.36518529510,2017-03-16,5:30:00 PM,01 - Clear,01 - Daylight,01 - Dry,01 - Traffic signal,01 - Functioning,03 - P.D. only,03 - Rear end,0
17-2771,HWY 417 MAITLAND IC126R26/62 @ MAITLAND AVE,363146.45377,5025983.25838,-75.75510077360,45.37136293680,2017-03-16,6:52:00 PM,05 - Drifting Snow,07 - Dark,06 - Ice,01 - Traffic signal,01 - Functioning,03 - P.D. only,05 - Turning movement,0
17-2772,HAZELDEAN RD @ TERRY FOX DR,352207.61091,5017242.45092,-75.89558359800,45.29353680540,2017-03-16,7:00:00 PM,01 - Clear,07 - Dark,01 - Dry,01 - Traffic signal,01 - Functioning,03 - P.D. only,03 - Rear end,0
17-2773,REGIONAL RD 174 @ TRIM RD,384353.38181,5039992.37871,-75.48212919990,45.49531831740,2017-03-16,6:28:00 PM,01 - Clear,05 - Dusk,01 - Dry,01 - Traffic signal,01 - Functioning,03 - P.D. only,05 - Turning movement,0
17-2774,KING EDWARD AVE btwn MANN AVE & TEMPLETON ST,369138.66306,5031378.83601,-75.67790313700,45.41938607940,2017-03-16,7:25:00 PM,01 - Clear,07 - Dark,01 - Dry,10 - No control,,02 - Non-fatal injury,07 - SMV other,1
17-2775,MERIVALE RD @ PINEGLEN CRES,366242.37565,5020411.81160,-75.71627139980,45.32096738510,2017-03-16,7:29:00 PM,01 - Clear,07 - Dark,01 - Dry,02 - Stop sign,00 - Unknown,03 - P.D. only,03 - Rear end,0
17-2776,GREENBANK RD @ CANFIELD RD/CRAIG HENRY DR,361107.01425,5021365.83019,-75.78166163570,45.32998232280,2017-03-16,7:31:00 PM,01 - Clear,07 - Dark,03 - Loose snow,01 - Traffic signal,01 - Functioning,03 - P.D. only,03 - Rear end,0
17-2777,ST. LAURENT BLVD btwn DONALD ST & 125 N OF QUEEN MARY ST,372125.75804,5032396.60989,-75.63960021590,45.42826247210,2017-03-16,7:42:00 PM,01 - Clear,07 - Dark,02 - Wet,10 - No control,,03 - P.D. only,04 - Sideswipe,0
17-2778,WEST HUNT CLUB RD @ WOODROFFE AVE,363671.02545,5021246.48900,-75.74896814450,45.32869810080,2017-03-16,7:25:00 PM,01 - Clear,07 - Dark,01 - Dry,01 - Traffic signal,01 - Functioning,02 - Non-fatal injury,03 - Rear end,0
17-2779,OTTAWA ROAD 29 btwn GALETTA SIDE RD & GALETTA SIDE RD,319537.95382,5027734.14384,-76.31178330290,45.38939243450,2017-03-16,10:18:00 PM,03 - Snow,07 - Dark,05 - Packed snow,10 - No control,,03 - P.D. only,07 - SMV other,0
17-2780,CYCLONE TAYLOR BLVD btwn FRANK FINNIGAN WAY & PALLADIUM DR,350128.13968,5017724.63110,-75.92205005300,45.29801282510,2017-03-16,11:25:00 PM,01 - Clear,07 - Dark,02 - Wet,10 - No control,,03 - P.D. only,02 - Angle,0
17-2781,REGINA ST btwn LINCOLN HEIGHTS RD & END,360734.85775,5025692.47380,-75.78591967870,45.36894310830,2017-03-17,3:32:00 AM,03 - Snow,07 - Dark,02 - Wet,10 - No control,,02 - Non-fatal injury,07 - SMV other,0
17-2782,DONALD ST @ VANIER PKWY,370312.71644,5032272.59209,-75.66278423130,45.42731878340,2017-03-17,6:36:00 AM,01 - Clear,01 - Daylight,01 - Dry,01 - Traffic signal,01 - Functioning,03 - P.D. only,03 - Rear end,0
17-2783,HERON RD WB btwn HERON RD WB OFF RAMP/VINCENT MASSEY PARK & RIVERSIDE,368028.61179,5026638.12070,-75.69269323800,45.37683174140,2017-03-17,7:15:00 AM,01 - Clear,01 - Daylight,06 - Ice,10 - No control,,02 - Non-fatal injury,04 - Sideswipe,0
17-2784,HAZELDEAN RD @ TERRY FOX DR,352208.61434,5017243.78879,-75.89557067810,45.29354877650,2017-03-17,7:30:00 AM,01 - Clear,01 - Daylight,01 - Dry,01 - Traffic signal,01 - Functioning,02 - Non-fatal injury,02 - Angle,0
17-2785,SMYTH RD E/LANCASTER RD @ ST. LAURENT BLVD N/R,373364.59334,5029424.61478,-75.62418364900,45.40140155160,2017-03-17,7:50:00 AM,01 - Clear,01 - Daylight,01 - Dry,01 - Traffic signal,01 - Functioning,03 - P.D. only,02 - Angle,0
17-2786,CONROY RD @ HUNT CLUB RD,373763.40555,5025404.52280,-75.61965159540,45.36519137940,2017-03-17,6:35:00 AM,01 - Clear,01 - Daylight,01 - Dry,01 - Traffic signal,01 - Functioning,03 - P.D. only,03 - Rear end,0
17-2787,ALTA VISTA DR btwn SMYTH RD & VALOUR DR,370419.00353,5029161.15616,-75.66184033220,45.39931334150,2017-03-17,8:34:00 AM,01 - Clear,01 - Daylight,01 - Dry,10 - No control,,03 - P.D. only,03 - Rear end,0
17-2788,CARLING AVE/STATION RD @ MARCH RD,350909.28904,5022246.50760,-75.91166970720,45.33865095830,2017-03-17,9:14:00 AM,01 - Clear,01 - Daylight,01 - Dry,01 - Traffic signal,00 - Unknown,03 - P.D. only,03 - Rear end,0
17-2789,BRONSON AVE @ POWELL AVE,367388.21335,5029479.22069,-75.70050874410,45.40245269660,2017-03-17,9:33:00 AM,01 - Clear,01 - Daylight,01 - Dry,01 - Traffic signal,01 - Functioning,03 - P.D. only,03 - Rear end,0
17-2790,O'CONNOR ST @ PRETORIA AVE,368337.71414,5030238.90040,-75.68828330320,45.40920251660,2017-03-17,9:41:00 AM,01 - Clear,01 - Daylight,01 - Dry,02 - Stop sign,01 - Functioning,03 - P.D. only,02 - Angle,0
17-2791,HUNT CLUB RD @ UPLANDS DR,370156.39275,5023122.82989,-75.66599330730,45.34500696820,2017-03-16,5:30:00 PM,01 - Clear,01 - Daylight,06 - Ice,01 - Traffic signal,01 - Functioning,03 - P.D. only,03 - Rear end,0
17-2792,SPRUCE MEADOWS DR btwn BRIDLEWOOD DR & TAMARA WAY,354972.80376,5017221.86561,-75.86033340410,45.29315957750,2017-03-17,12:00:00 AM,01 - Clear,00 - Unknown,01 - Dry,10 - No control,,03 - P.D. only,06 - SMV unattended vehicle,0
17-2793,RICHMOND RD @ WEST HUNT CLUB RD,357145.31285,5018152.46230,-75.83253911360,45.30137474520,2017-03-17,10:21:00 AM,01 - Clear,01 - Daylight,01 - Dry,01 - Traffic signal,01 - Functioning,02 - Non-fatal injury,03 - Rear end,0
17-2794,MERIVALE RD @ WEST HUNT CLUB RD,365613.02965,5021943.83599,-75.72411009880,45.33480715770,2017-03-17,10:36:00 AM,01 - Clear,01 - Daylight,01 - Dry,01 - Traffic signal,01 - Functioning,03 - P.D. only,03 - Rear end,0
17-2795,DONALD ST @ VANIER PKWY,370311.37865,5032269.91650,-75.66280168040,45.42729483470,2017-03-17,11:15:00 AM,01 - Clear,01 - Daylight,01 - Dry,01 - Traffic signal,01 - Functioning,02 - Non-fatal injury,02 - Angle,0
17-2796,MANOTICK STATION RD @ MITCH OWENS RD,373509.07955,5013268.43080,-75.62458054060,45.25601967510,2017-03-17,11:18:00 AM,01 - Clear,01 - Daylight,01 - Dry,02 - Stop sign,01 - Functioning,03 - P.D. only,02 - Angle,0
17-2797,CATHERINE ST @ KENT ST,367908.04195,5030188.56440,-75.69377841090,45.40878848430,2017-03-17,11:45:00 AM,01 - Clear,01 - Daylight,01 - Dry,01 - Traffic signal,01 - Functioning,03 - P.D. only,04 - Sideswipe,0
17-2798,BRONSON AVE btwn POWELL AVE & CLEMOW AVE,367402.92907,5029443.76918,-75.70032528700,45.40213239840,2017-03-17,12:13:00 PM,01 - Clear,01 - Daylight,01 - Dry,10 - No control,,03 - P.D. only,04 - Sideswipe,0
17-2799,BANK ST @ HOLMWOOD AVE,368480.70466,5029196.88980,-75.68659130220,45.39981384530,2017-03-17,12:17:00 PM,01 - Clear,01 - Daylight,01 - Dry,01 - Traffic signal,01 - Functioning,03 - P.D. only,05 - Turning movement,0
17-2800,HOLMWOOD AVE btwn TORRINGTON PL & CRAIG ST,367979.26168,5028898.55455,-75.69303392340,45.39717494490,2017-03-14,11:30:00 AM,01 - Clear,01 - Daylight,01 - Dry,10 - No control,,03 - P.D. only,06 - SMV unattended vehicle,0
17-2801,MERIVALE RD @ 170 N OF HUNTCLUB RD/COSTCO/CANA,365548.19205,5022100.76310,-75.72491799740,45.33622478370,2017-03-17,12:26:00 PM,01 - Clear,01 - Daylight,01 - Dry,01 - Traffic signal,01 - Functioning,02 - Non-fatal injury,07 - SMV other,1
17-2802,INDUSTRIAL AVE @ RIVERSIDE DR,370685.72194,5030592.55340,-75.65824260500,45.41216744880,2017-03-17,12:49:00 PM,01 - Clear,01 - Daylight,01 - Dry,01 - Traffic signal,01 - Functioning,03 - P.D. only,04 - Sideswipe,0
17-2803,ST. JOSEPH BLVD/OLD MONTREAL RD @ TRIM RD,384683.08845,5039285.58190,-75.47802636660,45.48892159100,2017-03-17,1:01:00 PM,01 - Clear,01 - Daylight,01 - Dry,11 - Roundabout,01 - Functioning,03 - P.D. only,04 - Sideswipe,0
17-2804,NICHOLAS ST btwn DALY AVE & SB RAMP FROM WALLER/NICHOLAS/MACKENZIE KIN,368270.29649,5031983.96723,-75.68891973170,45.42491015760,2017-03-17,1:48:00 PM,01 - Clear,01 - Daylight,01 - Dry,10 - No control,,03 - P.D. only,99 - Other,0
17-2805,ST. JOSEPH BLVD @ TENTH LINE RD,382890.46935,5038667.12170,-75.50105481340,45.48356011780,2017-03-17,2:18:00 PM,01 - Clear,01 - Daylight,01 - Dry,01 - Traffic signal,01 - Functioning,03 - P.D. only,03 - Rear end,0
17-2806,BERRIGAN DR btwn CROXLEY WAY & CLARIDGE DR,364551.33827,5015786.99965,-75.73839685260,45.27949950540,2017-03-17,3:11:00 PM,01 - Clear,01 - Daylight,01 - Dry,10 - No control,,03 - P.D. only,99 - Other,0
17-2807,IVANHOE AVE btwn CARLING AVE & ELMHURST ST,360475.79181,5024765.36409,-75.78933119540,45.36062164440,2017-03-17,3:39:00 PM,01 - Clear,01 - Daylight,01 - Dry,10 - No control,,03 - P.D. only,06 - SMV unattended vehicle,0
17-2808,WEST HUNT CLUB RD @ WOODROFFE AVE,363670.35655,5021247.15790,-75.74897659630,45.32870417560,2017-03-17,3:45:00 PM,01 - Clear,01 - Daylight,02 - Wet,01 - Traffic signal,01 - Functioning,03 - P.D. only,03 - Rear end,0
17-2809,CARLING AVE btwn BEDALE DR & NAUTICA PRIV,357357.16026,5023659.71785,-75.82925341830,45.35091372640,2017-03-17,3:30:00 PM,01 - Clear,01 - Daylight,02 - Wet,10 - No control,,03 - P.D. only,07 - SMV other,0
17-2810,BEECH ST btwn BAYSWATER AVE & BREEZEHILL AVE S,366256.28540,5029088.21242,-75.71501514650,45.39903478930,2017-03-17,3:00:00 PM,01 - Clear,01 - Daylight,01 - Dry,10 - No control,,03 - P.D. only,06 - SMV unattended vehicle,0
17-2811,PRINCE OF WALES DR @ STRANDHERD DR,367175.62425,5014825.52879,-75.70507111650,45.27062032760,2017-03-17,5:10:00 PM,01 - Clear,01 - Daylight,01 - Dry,01 - Traffic signal,01 - Functioning,03 - P.D. only,04 - Sideswipe,0
17-2812,MARCH RD btwn SOLANDT RD & STATION RD,350885.99432,5022268.86146,-75.91196483750,45.33885363410,2017-03-17,5:29:00 PM,01 - Clear,01 - Daylight,01 - Dry,10 - No control,,03 - P.D. only,03 - Rear end,0
17-2813,GLADSTONE AVE @ LEBRETON ST,366856.70374,5029922.56870,-75.70724170720,45.40648913770,2017-03-17,5:40:00 PM,01 - Clear,01 - Daylight,01 - Dry,02 - Stop sign,01 - Functioning,03 - P.D. only,02 - Angle,0
17-2814,EAGLESON RD @ COPE DR/CADENCE GT,354621.62564,5016026.75830,-75.86493040780,45.28243072910,2017-03-17,5:43:00 PM,01 - Clear,01 - Daylight,01 - Dry,01 - Traffic signal,01 - Functioning,02 - Non-fatal injury,05 - Turning movement,0
17-2815,FISHER AVE btwn FOREST PARK AVE & MEADOWLANDS DR,366568.44137,5025065.82609,-75.71153158330,45.36281481430,2017-03-17,5:50:00 PM,01 - Clear,01 - Daylight,01 - Dry,10 - No control,,03 - P.D. only,03 - Rear end,0
17-2816,BASELINE RD @ GREENBANK RD,360598.68764,5022584.50020,-75.78800871660,45.34098851490,2017-03-17,6:08:00 PM,01 - Clear,05 - Dusk,01 - Dry,01 - Traffic signal,01 - Functioning,03 - P.D. only,03 - Rear end,0