COLLISION_ID,LOCATION,X,Y,LONGITUDE,LATITUDE,DATE,TIME,ENVIRONMENT,LIGHT,SURFACE_CONDITION,TRAFFIC_CONTROL,TRAFFIC_CONTROL_CONDITION,COLLISION_CLASSIFICATION,IMPACT_TYPE,NO_OF_PEDESTRIANS
17-2817,EAGLESON RD @ KAKULU RD,353381.28315,5019151.46880,-75.88043382820,45.31063440790,2017-03-17,6:18:00 PM,01 - Clear,05 - Dusk,01 - Dry,01 - Traffic signal,00 - Unknown,02 - Non-fatal injury,03 - Rear end,0
17-2818,MACKENZIE KING BR/WALLER ST @ NICHOLAS ST/WALL,368370.78827,5031992.79848,-75.68763454760,45.42498049300,2017-03-17,6:32:00 PM,01 - Clear,05 - Dusk,01 - Dry,01 - Traffic signal,01 - Functioning,03 - P.D. only,07 - SMV other,0
17-2819,MERIVALE RD btwn CLYDE AVE & GILBEY DR,364555.43237,5024523.11580,-75.73729074470,45.35810606860,2017-03-17,8:04:00 PM,01 - Clear,07 - Dark,01 - Dry,10 - No control,,03 - P.D. only,05 - Turning movement,0
17-2820,CHARDONNAY DR btwn VALDOR WAY & ASSOMPTION ST,384786.63870,5036061.38188,-75.47722674150,45.45990147920,2017-03-18,1:01:00 AM,01 - Clear,07 - Dark,01 - Dry,10 - No control,,03 - P.D. only,06 - SMV unattended vehicle,0
17-2821,LISGAR ST btwn O'CONNOR ST & METCALFE ST,367846.51121,5031207.58993,-75.69443405360,45.41796289650,2017-03-18,2:41:00 AM,01 - Clear,07 - Dark,01 - Dry,10 - No control,,03 - P.D. only,04 - Sideswipe,0
17-2822,HOPE SIDE RD btwn Continuation of HOPE SIDE RD & CROWNRIDGE DR,356020.82759,5014949.94731,-75.84720722710,45.27264080650,2017-03-18,6:07:00 AM,01 - Clear,03 - Dawn,01 - Dry,10 - No control,,02 - Non-fatal injury,07 - SMV other,0
17-2823,ROLLING MEADOW CRES btwn ESTERBROOK DR S & KNOTRIDGE ST,381842.43873,5032492.69927,-75.51542666460,45.42812422150,2017-03-18,8:18:00 AM,01 - Clear,01 - Daylight,01 - Dry,10 - No control,,03 - P.D. only,06 - SMV unattended vehicle,0
17-2824,FISHER AVE btwn TRENT ST & 220 S OF TRENT ST,365828.01395,5026826.65224,-75.72076464520,45.37872323700,2017-03-18,10:22:00 AM,01 - Clear,01 - Daylight,01 - Dry,10 - No control,,03 - P.D. only,03 - Rear end,0
17-2825,NELSON ST @ SOMERSET ST,369095.70994,5031762.24510,-75.67840188440,45.42283980250,2017-03-18,10:26:00 AM,01 - Clear,01 - Daylight,01 - Dry,02 - Stop sign,00 - Unknown,03 - P.D. only,02 - Angle,0
17-2826,ANALDEA DR/ WHITE ALDER AVE @ BANK ST,375696.07766,5020814.15820,-75.59564113420,45.32369649980,2017-03-18,10:31:00 AM,01 - Clear,01 - Daylight,01 - Dry,01 - Traffic signal,01 - Functioning,02 - Non-fatal injury,03 - Rear end,0
17-2827,DUNROBIN RD @ KINBURN SIDE RD,338029.26435,5035928.95970,-76.07508475900,45.46249865330,2017-03-18,10:41:00 AM,01 - Clear,01 - Daylight,01 - Dry,02 - Stop sign,01 - Functioning,03 - P.D. only,02 - Angle,0
17-2828,WELLINGTON ST    W btwn HOLLAND AVE & HINTON AVE N,364970.53125,5029175.53395,-75.73142600690,45.39993217140,2017-03-17,12:00:00 AM,01 - Clear,00 - Unknown,01 - Dry,10 - No control,,03 - P.D. only,06 - SMV unattended vehicle,0
17-2829,KING EDWARD AVE SB btwn GEORGE ST & RIDEAU ST,368485.95469,5032447.03402,-75.68610425960,45.42905706530,2017-03-18,11:41:00 AM,01 - Clear,01 - Daylight,01 - Dry,10 - No control,,03 - P.D. only,04 - Sideswipe,0
17-2830,MAITLAND AVE @ WOODWARD DR,363274.02905,5025661.85850,-75.75351022460,45.36846038730,2017-03-18,12:13:00 PM,01 - Clear,01 - Daylight,01 - Dry,01 - Traffic signal,01 - Functioning,02 - Non-fatal injury,03 - Rear end,0
17-2831,WELLINGTON ST    W btwn SHERBROOKE AVE & PINHEY ST,365438.67843,5029525.29851,-75.72540378300,45.40303887970,2017-03-18,10:30:00 AM,01 - Clear,01 - Daylight,01 - Dry,10 - No control,,03 - P.D. only,06 - SMV unattended vehicle,0
17-2832,CARLING AVE WB btwn BRITANNIA RD & RICHMOND RD,360219.25760,5024763.45210,-75.79260566680,45.36062476650,2017-03-18,1:00:00 PM,01 - Clear,01 - Daylight,01 - Dry,10 - No control,,03 - P.D. only,04 - Sideswipe,0
17-2833,ATHLONE AVE btwn RICHMOND RD & BYRON AVE,363469.40856,5028408.77978,-75.75068976250,45.39316045410,2017-03-18,1:08:00 PM,01 - Clear,01 - Daylight,01 - Dry,10 - No control,,03 - P.D. only,06 - SMV unattended vehicle,0
17-2834,OAKBROOK CIRC btwn SANDY OAKS DR & SHAKEWOOD ST,380692.46814,5033927.86604,-75.52989948830,45.44116249420,2017-03-18,12:00:00 AM,01 - Clear,00 - Unknown,01 - Dry,10 - No control,,03 - P.D. only,06 - SMV unattended vehicle,0
17-2835,BLACKBURN BYPASS @ INNES RD E,379792.75124,5033781.56490,-75.54142084200,45.43994327370,2017-03-18,2:10:00 PM,01 - Clear,01 - Daylight,01 - Dry,01 - Traffic signal,01 - Functioning,03 - P.D. only,07 - SMV other,0
17-2836,ST. LAURENT BLVD btwn CONROY RD & THURSTON DR,373621.46815,5027465.29154,-75.62117610920,45.38374724790,2017-03-18,2:40:00 PM,01 - Clear,01 - Daylight,01 - Dry,10 - No control,,02 - Non-fatal injury,03 - Rear end,0
17-2837,LISGAR ST btwn BRONSON AVE & PERCY ST,366979.23813,5030687.52114,-75.70558002600,45.41336108410,2017-03-18,12:00:00 AM,01 - Clear,00 - Unknown,01 - Dry,10 - No control,,03 - P.D. only,06 - SMV unattended vehicle,0
17-2838,BURNABY DR btwn ROSEHILL AVE & ETESIAN ST,350250.23617,5016323.44713,-75.92062174990,45.28539665790,2017-03-18,3:54:00 PM,01 - Clear,01 - Daylight,01 - Dry,10 - No control,,03 - P.D. only,02 - Angle,0
17-2839,CUMBERLAND ST @ YORK ST,368263.03315,5032522.26850,-75.68894317680,45.42975426170,2017-03-18,4:08:00 PM,01 - Clear,01 - Daylight,01 - Dry,01 - Traffic signal,01 - Functioning,03 - P.D. only,03 - Rear end,0
17-2840,NAVAN RD btwn MER BLEUE RD & NAVAN RD,384056.52396,5032226.44065,-75.48717871980,45.42548127140,2017-03-18,4:10:00 PM,01 - Clear,01 - Daylight,01 - Dry,10 - No control,,03 - P.D. only,02 - Angle,0
17-2841,ANALDEA DR/ WHITE ALDER AVE @ BANK ST,375698.08435,5020812.82040,-75.59561573120,45.32368426010,2017-03-18,4:13:00 PM,01 - Clear,01 - Daylight,01 - Dry,01 - Traffic signal,01 - Functioning,03 - P.D. only,07 - SMV other,0
17-2842,HWY 417 TERRYFO IC140R52 @ TERRY FOX DR,351052.33677,5018433.04164,-75.91020074100,45.30432706130,2017-03-18,5:10:00 PM,01 - Clear,01 - Daylight,01 - Dry,01 - Traffic signal,00 - Unknown,03 - P.D. only,03 - Rear end,0
17-2843,ALBION RD @ HUNT CLUB RD,371866.73036,5024319.84890,-75.64400792460,45.35561590220,2017-03-18,5:24:00 PM,01 - Clear,01 - Daylight,01 - Dry,01 - Traffic signal,01 - Functioning,03 - P.D. only,05 - Turning movement,0
17-2844,PALLADIUM DR/HWY 417 PALLADIU IC142R52 @ HWY 4,349053.27655,5017058.25130,-75.93581372950,45.29208504980,2017-03-18,5:31:00 PM,01 - Clear,05 - Dusk,01 - Dry,02 - Stop sign,00 - Unknown,03 - P.D. only,03 - Rear end,0
17-2845,LYON ST @ SPARKS ST,366975.02276,5031353.57680,-75.70554984100,45.41935442870,2017-03-18,5:43:00 PM,01 - Clear,01 - Daylight,01 - Dry,01 - Traffic signal,01 - Functioning,03 - P.D. only,04 - Sideswipe,0
17-2846,BLAIR RD @ REGIONAL RD 174 N/OR174 IC112 RAMP61,374636.13139,5032992.26931,-75.60743788480,45.43337573890,2017-03-18,10:00:00 AM,01 - Clear,01 - Daylight,01 - Dry,01 - Traffic signal,01 - Functioning,02 - Non-fatal injury,03 - Rear end,0
17-2847,MCCARTHY RD @ SOUTHMORE DR,369450.05695,5024836.85880,-75.67478173030,45.36049479990,2017-03-18,6:41:00 PM,01 - Clear,05 - Dusk,01 - Dry,02 - Stop sign,01 - Functioning,02 - Non-fatal injury,07 - SMV other,1
17-2848,PAGE RD btwn MEADOWGLEN DR & INNES RD,380881.39448,5034559.95249,-75.52738714650,45.44682898450,2017-03-18,6:52:00 PM,01 - Clear,07 - Dark,01 - Dry,10 - No control,,03 - P.D. only,02 - Angle,0
17-2850,KENT ST @ SLATER ST,367262.04185,5031253.25600,-75.70189548840,45.41842620770,2017-03-18,8:15:00 PM,01 - Clear,07 - Dark,01 - Dry,01 - Traffic signal,01 - Functioning,03 - P.D. only,04 - Sideswipe,0
17-2851,ST. LAURENT BLVD @ WALKLEY RD,373903.75344,5028047.52400,-75.61749034710,45.38895812150,2017-03-18,9:05:00 PM,01 - Clear,07 - Dark,01 - Dry,01 - Traffic signal,01 - Functioning,03 - P.D. only,04 - Sideswipe,0
17-2852,CARLING AVE @ KIRKWOOD AVE N,364276.02665,5027494.20310,-75.74049897680,45.38486321480,2017-03-18,9:31:00 PM,01 - Clear,07 - Dark,01 - Dry,01 - Traffic signal,01 - Functioning,02 - Non-fatal injury,05 - Turning movement,0
17-2853,BLAIR RD @ REGIONAL RD 174 N/OR174 IC112 RAMP61,374635.24080,5032993.61301,-75.60744907540,45.43338791780,2017-03-18,9:47:00 PM,01 - Clear,07 - Dark,01 - Dry,01 - Traffic signal,01 - Functioning,03 - P.D. only,05 - Turning movement,0
17-2854,RENAUD RD @ RENAUD RD S,379962.09415,5031599.88829,-75.53958954810,45.42029593590,2017-03-18,11:12:00 PM,01 - Clear,07 - Dark,01 - Dry,10 - No control,00 - Unknown,03 - P.D. only,07 - SMV other,0
17-2855,EAGLESON RD btwn PALOMINO DR & ROTHESAY DR,354085.50397,5017386.10776,-75.87162881740,45.29470025820,2017-03-18,11:24:00 PM,01 - Clear,07 - Dark,01 - Dry,10 - No control,,03 - P.D. only,07 - SMV other,0
17-2856,CARP RD @ RICHARDSON SIDE RD,346209.22125,5017160.45660,-75.97206253740,45.29317807990,2017-03-19,1:18:00 AM,01 - Clear,07 - Dark,01 - Dry,01 - Traffic signal,01 - Functioning,03 - P.D. only,07 - SMV other,0
17-2857,CRAIG HENRY DR btwn BERTONA ST & SOVEREIGN AVE,362769.23573,5021942.70928,-75.76038998480,45.33503772050,2017-03-19,1:55:00 AM,01 - Clear,07 - Dark,01 - Dry,10 - No control,,03 - P.D. only,06 - SMV unattended vehicle,0
17-2858,WOODROFFE AVE @ HWY 417 WOODROFF IC127R26/HWY4,362082.35245,5024939.51760,-75.76880586070,45.36205923540,2017-03-19,10:37:00 AM,01 - Clear,01 - Daylight,01 - Dry,01 - Traffic signal,01 - Functioning,03 - P.D. only,03 - Rear end,0
17-2859,LAVERGNE ST btwn DES PERES BLANCS AVE & PERRIER AVE,370399.05752,5033912.99218,-75.66146238410,45.44207031130,2017-03-19,12:00:00 AM,01 - Clear,00 - Unknown,01 - Dry,10 - No control,,03 - P.D. only,06 - SMV unattended vehicle,0
17-2860,CENTER ST btwn MONTREAL RD & PAUL AVE,371864.45935,5033846.80597,-75.64274159570,45.44133575800,2017-03-19,11:16:00 AM,01 - Clear,01 - Daylight,01 - Dry,10 - No control,,03 - P.D. only,01 - Approaching,0
17-2861,FIFTH AVE btwn BANK ST & HOWICK PL,368436.50604,5029419.95629,-75.68712702330,45.40182494620,2017-03-18,1:30:00 AM,01 - Clear,07 - Dark,01 - Dry,10 - No control,,03 - P.D. only,04 - Sideswipe,0
17-2862,QUEENSBURY DR btwn GRENADIER WAY & DOULTON GT,365462.77550,5016227.49594,-75.72672669380,45.28338501850,2017-03-18,12:00:00 AM,01 - Clear,00 - Unknown,01 - Dry,10 - No control,,03 - P.D. only,06 - SMV unattended vehicle,0
17-2863,INNES RD @ TRIM RD,386567.10655,5037271.54921,-75.45426271630,45.47058323770,2017-03-19,1:01:00 PM,01 - Clear,01 - Daylight,01 - Dry,01 - Traffic signal,01 - Functioning,02 - Non-fatal injury,05 - Turning movement,0
17-2864,LAURIER AVE   E btwn RUSSELL AVE & CHAPEL ST,369101.65234,5032253.21356,-75.67826186480,45.42725680770,2017-03-16,7:50:00 AM,01 - Clear,01 - Daylight,05 - Packed snow,10 - No control,,03 - P.D. only,06 - SMV unattended vehicle,0
17-2865,DALHOUSIE ST @ RIDEAU ST,368207.45957,5032227.20597,-75.68969132370,45.42710443420,2017-03-19,11:00:00 AM,01 - Clear,01 - Daylight,01 - Dry,01 - Traffic signal,01 - Functioning,03 - P.D. only,03 - Rear end,0
17-2866,MERIVALE RD btwn CLEOPATRA DR & SLACK RD,365995.95448,5021017.03146,-75.71933954000,45.32643460350,2017-03-19,11:00:00 AM,01 - Clear,01 - Daylight,01 - Dry,10 - No control,,03 - P.D. only,05 - Turning movement,0
17-2867,ANDERSON ST @ PRESTON ST,366360.36785,5030006.57680,-75.71357117590,45.40728884890,2017-02-11,9:25:00 AM,01 - Clear,01 - Daylight,01 - Dry,02 - Stop sign,00 - Unknown,03 - P.D. only,05 - Turning movement,0
17-2868,EAGLESON RD @ KATIMAVIK RD/TIMM DR,353214.28965,5019566.13880,-75.88252288340,45.31437722730,2017-03-19,3:46:00 PM,01 - Clear,01 - Daylight,01 - Dry,01 - Traffic signal,00 - Unknown,03 - P.D. only,03 - Rear end,0
17-2869,FISHER AVE @ MEADOWLANDS DR,366574.06156,5025046.11490,-75.71146231280,45.36263696160,2017-03-19,4:20:00 PM,01 - Clear,01 - Daylight,01 - Dry,01 - Traffic signal,01 - Functioning,03 - P.D. only,03 - Rear end,0
17-2870,ST. LAURENT BLVD @ QUEEN MARY ST,372214.92637,5032177.45790,-75.63849080180,45.42628205620,2017-03-19,3:15:00 PM,01 - Clear,01 - Daylight,01 - Dry,02 - Stop sign,01 - Functioning,03 - P.D. only,99 - Other,0
17-2871,BRONSON AVE @ SUNNYSIDE AVE/UNIVERSITY RD - CA,367922.37565,5028090.87820,-75.69386376810,45.38991283660,2017-03-19,5:27:00 PM,01 - Clear,01 - Daylight,01 - Dry,01 - Traffic signal,01 - Functioning,03 - P.D. only,05 - Turning movement,0
17-2872,LAURIER AVE @ NICHOLAS ST,368372.63366,5031797.60100,-75.68763615940,45.42322400670,2017-03-19,5:36:00 PM,01 - Clear,01 - Daylight,01 - Dry,01 - Traffic signal,01 - Functioning,03 - P.D. only,03 - Rear end,0
17-2873,BAYCREST DR @ WALKLEY RD,371421.26782,5026590.69307,-75.64938667580,45.37609063930,2017-03-19,5:41:00 PM,01 - Clear,05 - Dusk,01 - Dry,01 - Traffic signal,01 - Functioning,03 - P.D. only,03 - Rear end,0
17-2874,LYON ST @ WELLINGTON ST,366934.93655,5031424.82821,-75.70605301310,45.41999908840,2017-03-19,5:20:00 PM,01 - Clear,01 - Daylight,01 - Dry,01 - Traffic signal,01 - Functioning,03 - P.D. only,05 - Turning movement,0
17-2875,FALLOWFIELD RD btwn MERIVALE RD & WOODROFFE AVE,366859.94002,5018830.42238,-75.70859289060,45.30668392950,2017-03-19,11:32:00 PM,01 - Clear,07 - Dark,01 - Dry,10 - No control,,02 - Non-fatal injury,07 - SMV other,0
17-2876,MCNAUGHTON AVE @ MAIN ST,369299.66206,5029855.12131,-75.67604555480,45.40566141710,2017-03-20,7:38:00 AM,01 - Clear,01 - Daylight,01 - Dry,02 - Stop sign,01 - Functioning,03 - P.D. only,03 - Rear end,0
17-2877,GEORGINA DR @ PARKHAVEN AVE,361450.34975,5025203.84430,-75.77684225700,45.36448898710,2017-03-20,8:00:00 AM,01 - Clear,01 - Daylight,01 - Dry,02 - Stop sign,01 - Functioning,02 - Non-fatal injury,03 - Rear end,0
17-2878,APPLETON DR @ MEADOWBROOK RD,374929.06885,5032231.89929,-75.60380265140,45.42650503730,2017-03-20,9:09:00 AM,01 - Clear,01 - Daylight,01 - Dry,02 - Stop sign,01 - Functioning,03 - P.D. only,05 - Turning movement,0
17-2879,BAYVIEW DR btwn HUNTER CRES & DUNSTER ST,337974.99575,5039036.49618,-76.07556882550,45.49046354550,2017-03-20,8:15:00 AM,01 - Clear,01 - Daylight,01 - Dry,10 - No control,,03 - P.D. only,07 - SMV other,0
17-2880,HINES RD @ INNOVATION DR,350051.30821,5022869.90407,-75.92255950650,45.34431628540,2017-03-20,9:26:00 AM,01 - Clear,01 - Daylight,01 - Dry,02 - Stop sign,01 - Functioning,03 - P.D. only,03 - Rear end,0
17-2881,FOXFIELD DR btwn HENFIELD AVE & KNOLLSBROOK DR,363598.12837,5016333.66616,-75.75048084590,45.28449878310,2017-03-18,9:00:00 AM,01 - Clear,01 - Daylight,01 - Dry,10 - No control,,03 - P.D. only,06 - SMV unattended vehicle,0
17-2882,CHURCHILL AVE @ WORKMAN AVE,363064.69653,5028628.05624,-75.75583230300,45.39516725890,2017-03-19,4:00:00 PM,01 - Clear,01 - Daylight,01 - Dry,02 - Stop sign,00 - Unknown,03 - P.D. only,02 - Angle,0
17-2883,BASELINE RD @ GREENBANK RD,360598.68764,5022583.83130,-75.78800879200,45.34098249610,2017-03-20,9:58:00 AM,01 - Clear,01 - Daylight,01 - Dry,01 - Traffic signal,01 - Functioning,03 - P.D. only,03 - Rear end,0
17-2884,INNES RD @ VISENEAU DR,381799.75444,5035074.89379,-75.51556811020,45.45136144380,2017-03-20,10:17:00 AM,01 - Clear,01 - Daylight,01 - Dry,01 - Traffic signal,01 - Functioning,03 - P.D. only,05 - Turning movement,0
17-2885,EAGLESON RD @ MICHAEL COWPLAND DR/STONEHAVEN D,354382.96045,5016624.11300,-75.86791276150,45.28782273680,2017-03-20,8:40:00 AM,01 - Clear,01 - Daylight,01 - Dry,01 - Traffic signal,01 - Functioning,03 - P.D. only,03 - Rear end,0
17-2886,CARLING AVE @ KIRKWOOD AVE N,364276.69554,5027492.19641,-75.74049067880,45.38484510210,2017-03-20,11:02:00 AM,01 - Clear,01 - Daylight,01 - Dry,01 - Traffic signal,01 - Functioning,03 - P.D. only,04 - Sideswipe,0
17-2887,BEATRICE DR @ STRANDHERD DR,365525.70476,5015322.15080,-75.72603536720,45.27523332430,2017-03-20,11:16:00 AM,01 - Clear,01 - Daylight,01 - Dry,01 - Traffic signal,01 - Functioning,02 - Non-fatal injury,02 - Angle,0
17-2888,ST. LAURENT BLVD @ MCARTHUR AVE,371920.96853,5032887.95013,-75.64215008640,45.43270300550,2017-03-20,10:30:00 AM,01 - Clear,01 - Daylight,01 - Dry,01 - Traffic signal,01 - Functioning,03 - P.D. only,03 - Rear end,0
17-2889,WALKLEY RD btwn COLLISTON CRES & CEDARWOOD DR,371080.55915,5026382.76371,-75.65376423500,45.37425207510,2017-03-20,12:15:00 PM,01 - Clear,01 - Daylight,01 - Dry,10 - No control,,02 - Non-fatal injury,03 - Rear end,0
17-2890,CARLING AVE @ BAYSHORE DR/BIRCHDALE AVE,359005.87434,5023989.94320,-75.80817746640,45.35375959970,2017-03-20,2:02:00 PM,01 - Clear,01 - Daylight,01 - Dry,01 - Traffic signal,01 - Functioning,02 - Non-fatal injury,03 - Rear end,0
17-2891,TENTH LINE RD btwn TOMPKINS AVE & CANOTIA PL,383190.28442,5037958.48391,-75.49733322760,45.47715084020,2017-03-15,7:00:00 AM,03 - Snow,03 - Dawn,03 - Loose snow,10 - No control,,03 - P.D. only,04 - Sideswipe,0
17-2892,ALBERT ST btwn BANK ST & O'CONNOR ST,367526.99681,5031511.20845,-75.69847753760,45.42072347790,2017-03-20,3:13:00 PM,01 - Clear,01 - Daylight,01 - Dry,10 - No control,,03 - P.D. only,04 - Sideswipe,0
17-2893,BASELINE RD/HERON RD @ PRINCE OF WALES DR,366873.28395,5026439.02798,-75.70746812660,45.37514365620,2017-03-20,4:03:00 PM,01 - Clear,01 - Daylight,01 - Dry,01 - Traffic signal,01 - Functioning,03 - P.D. only,03 - Rear end,0
17-2894,SUSSEX DR btwn ST. ANDREW ST & GUIGUES AVE,367597.63267,5032566.04849,-75.69744055940,45.43020824220,2017-03-20,4:28:00 PM,01 - Clear,01 - Daylight,01 - Dry,10 - No control,,03 - P.D. only,04 - Sideswipe,0
17-2895,WALSH AVE btwn RICHARDSON AVE & WOODLAND AVE,361470.63250,5025679.31689,-75.77652882660,45.36876561570,2017-03-20,4:32:00 PM,01 - Clear,01 - Daylight,01 - Dry,10 - No control,,03 - P.D. only,06 - SMV unattended vehicle,0
17-2896,CANDLEWOOD ST/CHERINGTON CRES E @ CAPREOL ST E,385632.16105,5035617.26730,-75.46648998060,45.45580845370,2017-03-20,5:06:00 PM,01 - Clear,01 - Daylight,01 - Dry,02 - Stop sign,01 - Functioning,03 - P.D. only,02 - Angle,0
17-2897,GREENBANK RD btwn LARKIN DR & MALVERN DR,363269.21148,5016294.09885,-75.75467796310,45.28417019270,2017-03-20,5:09:00 PM,01 - Clear,01 - Daylight,01 - Dry,10 - No control,,03 - P.D. only,03 - Rear end,0
17-2898,FRANKTOWN RD btwn GREEN'S RD & CONLEY RD,352377.87351,5002221.30349,-75.89484885180,45.15835953420,2017-03-20,5:24:00 PM,01 - Clear,01 - Daylight,02 - Wet,10 - No control,,03 - P.D. only,05 - Turning movement,0
17-2899,ALERT RD/AIRPORT PKWY/UPLANDS DR RAMP 62 @ LES,371305.03556,5021354.45030,-75.65157484780,45.32898764710,2017-03-20,5:33:00 PM,01 - Clear,01 - Daylight,01 - Dry,01 - Traffic signal,01 - Functioning,03 - P.D. only,04 - Sideswipe,0
17-2900,BELISLE ST btwn MCARTHUR AVE & END,371297.14397,5032924.42397,-75.65011715920,45.43309077830,2017-03-20,5:32:00 PM,01 - Clear,01 - Daylight,01 - Dry,10 - No control,,03 - P.D. only,06 - SMV unattended vehicle,0
17-2901,NICHOLAS ST NB btwn HWY417 IC118 RAMP52 & WALLER ST/TRANSITWAY,368947.91145,5031376.62350,-75.68034053080,45.41938368760,2017-03-20,5:37:00 PM,01 - Clear,01 - Daylight,01 - Dry,10 - No control,,03 - P.D. only,03 - Rear end,0
17-2902,ALBION RD btwn RIDEAU RD & TULLAMORE ST,375489.62799,5015757.94120,-75.59899522020,45.27822332690,2017-03-15,9:30:00 AM,03 - Snow,01 - Daylight,03 - Loose snow,10 - No control,,02 - Non-fatal injury,07 - SMV other,0
17-2903,DONNELLY DR btwn BURRITTS AVE & JOE DREW LANE,361539.87311,4983442.76206,-75.78044797590,44.98870586910,2017-03-20,6:01:00 PM,01 - Clear,05 - Dusk,01 - Dry,10 - No control,,03 - P.D. only,07 - SMV other,0
17-2904,MONTREAL RD btwn CODY AVE & OLMSTEAD ST,370277.06338,5033180.68226,-75.66311905510,45.43549273810,2017-03-20,6:41:00 PM,01 - Clear,05 - Dusk,01 - Dry,10 - No control,,03 - P.D. only,04 - Sideswipe,0
17-2905,OLD ALMONTE RD btwn UPPER DWYER HILL RD & CORKERY RD,337942.09233,5012089.24122,-76.07779765490,45.24798303090,2017-03-20,6:54:00 PM,01 - Clear,05 - Dusk,04 - Slush,10 - No control,,03 - P.D. only,07 - SMV other,0
17-2906,CYRVILLE RD @ INNES RD,375046.72136,5031119.56420,-75.60245792860,45.41648504850,2017-03-20,5:00:00 PM,01 - Clear,01 - Daylight,01 - Dry,01 - Traffic signal,01 - Functioning,03 - P.D. only,03 - Rear end,0
17-2907,AVIATION PKWY NB @ LA CITE PRIV,372501.16715,5033246.48191,-75.63468631210,45.43587297080,2017-03-20,7:29:00 PM,01 - Clear,07 - Dark,01 - Dry,02 - Stop sign,01 - Functioning,03 - P.D. only,02 - Angle,0
17-2908,STAGECOACH RD btwn DALMENY RD & FAWN LANE,378110.76390,4998678.66463,-75.56810308250,45.12428048280,2017-03-20,7:33:00 PM,01 - Clear,07 - Dark,01 - Dry,10 - No control,,03 - P.D. only,07 - SMV other,0
17-2909,BASELINE RD @ CEDARVIEW RD,358966.13639,5021674.49010,-75.80893813520,45.33292816070,2017-03-20,9:38:00 PM,01 - Clear,07 - Dark,01 - Dry,01 - Traffic signal,01 - Functioning,03 - P.D. only,04 - Sideswipe,0
17-2910,RUSSELL RD @ SOUTHVALE CRES S,374457.97605,5028632.40534,-75.61033077190,45.39416570050,2017-03-20,11:11:00 PM,01 - Clear,07 - Dark,01 - Dry,01 - Traffic signal,01 - Functioning,02 - Non-fatal injury,02 - Angle,0
17-2911,BESSERER ST @ KING EDWARD AVE,368550.37075,5032341.25100,-75.68529480990,45.42809939970,2017-03-20,11:23:00 PM,01 - Clear,07 - Dark,01 - Dry,01 - Traffic signal,01 - Functioning,03 - P.D. only,03 - Rear end,0
17-2912,RIVERSIDE DR @ WALKLEY RD,368419.05835,5024855.53599,-75.68793805180,45.36075717010,2017-03-21,3:06:00 AM,01 - Clear,07 - Dark,02 - Wet,01 - Traffic signal,01 - Functioning,03 - P.D. only,07 - SMV other,0
17-2913,PERTH ST btwn SHEA RD & EAGLESON RD,357598.59153,5007037.44208,-75.82794034000,45.20132556700,2017-03-21,3:39:00 AM,01 - Clear,07 - Dark,01 - Dry,10 - No control,,03 - P.D. only,07 - SMV other,0
17-2914,STAGECOACH RD btwn CABIN RD & SNAKE ISLAND RD,378125.31820,5005542.56735,-75.56691067860,45.18603890650,2017-03-21,6:40:00 AM,03 - Snow,03 - Dawn,02 - Wet,10 - No control,,03 - P.D. only,02 - Angle,0
17-2915,AIRPORT PKWY btwn RAMP & TO BE DETERMINED,370060.88903,5025553.07154,-75.66689107300,45.36688247070,2017-03-21,7:02:00 AM,02 - Rain,01 - Daylight,02 - Wet,10 - No control,,03 - P.D. only,07 - SMV other,0
17-2916,RUSSELL RD @ TUPPER AVE,374257.73894,5028749.21420,-75.61287144060,45.39523658110,2017-03-21,7:03:00 AM,01 - Clear,01 - Daylight,02 - Wet,01 - Traffic signal,01 - Functioning,03 - P.D. only,02 - Angle,0
17-2917,INNES RD btwn PROVENCE AVE & TRIM RD,386126.57666,5037090.64906,-75.45992574960,45.46900711650,2017-03-21,7:58:00 AM,02 - Rain,01 - Daylight,02 - Wet,10 - No control,,03 - P.D. only,04 - Sideswipe,0
17-2918,HOPE SIDE RD @ RICHMOND RD,356953.63994,5015486.10380,-75.83526330980,45.27739667700,2017-03-21,8:52:00 AM,01 - Clear,01 - Daylight,01 - Dry,02 - Stop sign,01 - Functioning,03 - P.D. only,03 - Rear end,0
17-2919,FAIRMONT AVE btwn WELLINGTON ST W & DUHAMEL ST,365588.33127,5029643.77297,-75.72347769420,45.40409190540,2017-03-21,9:02:00 AM,01 - Clear,01 - Daylight,02 - Wet,10 - No control,,03 - P.D. only,06 - SMV unattended vehicle,0
17-2920,BASELINE RD/HWY 416 RICHMOND IC75R53 @ RICHMON,358635.60094,5021821.89060,-75.81313883120,45.33427991380,2017-03-16,8:49:00 AM,01 - Clear,01 - Daylight,01 - Dry,01 - Traffic signal,01 - Functioning,03 - P.D. only,03 - Rear end,0
17-2921,CARLING AVE EB @ SAIGON CRT,364067.03304,5027113.94005,-75.74321321820,45.38145938580,2017-03-21,11:14:00 AM,01 - Clear,01 - Daylight,01 - Dry,02 - Stop sign,01 - Functioning,03 - P.D. only,05 - Turning movement,0
17-2922,KIRKWOOD AVE @ LAPERRIERE AVE,364520.44447,5026958.16727,-75.73744291680,45.38001926390,2017-03-21,11:28:00 AM,02 - Rain,01 - Daylight,02 - Wet,01 - Traffic signal,00 - Unknown,03 - P.D. only,03 - Rear end,0