COLLISION_ID,LOCATION,X,Y,LONGITUDE,LATITUDE,DATE,TIME,ENVIRONMENT,LIGHT,SURFACE_CONDITION,TRAFFIC_CONTROL,TRAFFIC_CONTROL_CONDITION,COLLISION_CLASSIFICATION,IMPACT_TYPE,NO_OF_PEDESTRIANS
17-2923,LOLA ST btwn QUEEN MARY ST & PRINCE ALBERT ST,371131.76883,5032029.18685,-75.65235112650,45.42505153410,2017-03-21,12:15:00 PM,01 - Clear,01 - Daylight,01 - Dry,10 - No control,,03 - P.D. only,02 - Angle,0
17-2924,WOODROFFE AVE @ SPORTSPLEX S,363831.79835,5020898.11121,-75.74695884000,45.32554991740,2017-03-21,12:42:00 PM,01 - Clear,01 - Daylight,01 - Dry,01 - Traffic signal,01 - Functioning,03 - P.D. only,03 - Rear end,0
17-2925,BANK ST btwn LANSDOWNE PARK & WILTON CRES,368539.06130,5029066.19011,-75.68586286500,45.39863254020,2017-03-21,1:16:00 PM,01 - Clear,01 - Daylight,01 - Dry,10 - No control,,03 - P.D. only,06 - SMV unattended vehicle,0
17-2926,FRANK BENDER ST @ JEANNE D'ARC BLVD,381870.41625,5035884.24310,-75.51453800770,45.45863551080,2017-03-21,2:29:00 PM,01 - Clear,01 - Daylight,02 - Wet,01 - Traffic signal,01 - Functioning,03 - P.D. only,05 - Turning movement,0
17-2927,ST. JOSEPH BLVD btwn MAISONNEUVE ST & GABRIEL ST,381510.08999,5037614.19470,-75.51887464710,45.47423982770,2017-03-21,2:43:00 PM,01 - Clear,01 - Daylight,01 - Dry,10 - No control,,02 - Non-fatal injury,02 - Angle,0
17-2928,HUNT CLUB RD btwn WEST HUNT CLUB RD & TURN LANE,367847.73979,5021895.33128,-75.69560725080,45.33417348930,2017-03-21,2:47:00 PM,01 - Clear,01 - Daylight,01 - Dry,10 - No control,,03 - P.D. only,04 - Sideswipe,0
17-2929,BANK ST @ WALKLEY RD,370336.84866,5025948.40380,-75.66331615320,45.37041379650,2017-03-21,3:22:00 PM,01 - Clear,01 - Daylight,01 - Dry,01 - Traffic signal,01 - Functioning,02 - Non-fatal injury,03 - Rear end,0
17-2930,LYON ST @ WELLINGTON ST,366934.93655,5031424.82821,-75.70605301310,45.41999908840,2017-03-21,4:39:00 PM,01 - Clear,01 - Daylight,01 - Dry,01 - Traffic signal,01 - Functioning,03 - P.D. only,04 - Sideswipe,0
17-2931,FALLOWFIELD RD btwn ORR ST & GREENBANK RD,363014.12052,5016680.28139,-75.75788408970,45.28766624200,2017-03-21,5:01:00 PM,01 - Clear,01 - Daylight,01 - Dry,10 - No control,,03 - P.D. only,03 - Rear end,0
17-2932,CASTLEFRANK RD @ TERRY FOX DR,352994.34345,5016304.13900,-75.88564499860,45.28504012180,2017-03-21,5:04:00 PM,01 - Clear,01 - Daylight,01 - Dry,01 - Traffic signal,00 - Unknown,03 - P.D. only,05 - Turning movement,0
17-2933,CLEARBROOK DR btwn KENTMARE CRES & CHAPMAN MILLS DR,365900.26718,5015126.65857,-75.72128597400,45.27344184510,2017-03-21,5:09:00 PM,01 - Clear,01 - Daylight,02 - Wet,10 - No control,,03 - P.D. only,99 - Other,0
17-2934,CEDARVIEW RD @ FALLOWFIELD RD,361295.00165,5015664.44210,-75.77991336750,45.27866594130,2017-03-21,5:18:00 PM,01 - Clear,01 - Daylight,02 - Wet,01 - Traffic signal,01 - Functioning,03 - P.D. only,03 - Rear end,0
17-2935,BRIAN GOOD AVE @ EARL ARMSTRONG RD,368110.03520,5014834.15270,-75.69316285280,45.27061442570,2017-03-21,5:25:00 PM,01 - Clear,01 - Daylight,01 - Dry,02 - Stop sign,00 - Unknown,03 - P.D. only,02 - Angle,0
17-2936,BRONSON AVE @ HOLMWOOD AVE,367699.95723,5028728.41780,-75.69662271980,45.39566924980,2017-03-21,5:34:00 PM,02 - Rain,01 - Daylight,02 - Wet,01 - Traffic signal,01 - Functioning,03 - P.D. only,03 - Rear end,0
17-2937,RICHMOND RD btwn BROADVIEW AVE & GOLDEN AVE,362723.74024,5027903.87537,-75.76027170810,45.38867947290,2017-03-21,5:30:00 PM,01 - Clear,01 - Daylight,01 - Dry,10 - No control,,03 - P.D. only,02 - Angle,0
17-2938,INNES RD @ JEANNE D'ARC BLVD/MER BLEUE RD,382639.42584,5035566.88480,-75.50475677750,45.45569494320,2017-03-21,6:06:00 PM,01 - Clear,05 - Dusk,01 - Dry,01 - Traffic signal,01 - Functioning,03 - P.D. only,05 - Turning movement,0
17-2939,CARLING AVE @ PRESTON ST,366830.04445,5028936.89119,-75.70770621780,45.39762264250,2017-03-21,6:10:00 PM,01 - Clear,05 - Dusk,01 - Dry,01 - Traffic signal,01 - Functioning,03 - P.D. only,05 - Turning movement,0
17-2940,COLONNADE RD @ PRINCE OF WALES DR,367393.96113,5023266.14087,-75.70122277960,45.34654840120,2017-03-21,5:20:00 PM,01 - Clear,01 - Daylight,01 - Dry,01 - Traffic signal,00 - Unknown,03 - P.D. only,03 - Rear end,0
17-2941,BOOTH ST @ OTTAWA RIVER PKWY/WELLINGTON ST,366264.03526,5031006.09246,-75.71467706480,45.41629068540,2017-03-21,6:19:00 PM,01 - Clear,05 - Dusk,01 - Dry,01 - Traffic signal,01 - Functioning,03 - P.D. only,04 - Sideswipe,0
17-2942,TERRY FOX DR btwn 135 S OF HAZELDEAN RD/SOBEY'S SC & HALKIRK AVE,352445.33772,5016950.94355,-75.89258090720,45.29089766890,2017-03-21,6:35:00 PM,01 - Clear,05 - Dusk,01 - Dry,10 - No control,,02 - Non-fatal injury,03 - Rear end,0
17-2943,EARL ARMSTRONG RD @ SPRATT RD,368397.21860,5015011.42910,-75.68948058560,45.27218362800,2017-03-21,6:44:00 PM,01 - Clear,05 - Dusk,01 - Dry,01 - Traffic signal,01 - Functioning,03 - P.D. only,05 - Turning movement,0
17-2944,BAYVIEW RD @ SCOTT ST/ALBERT ST,365520.07463,5030071.48364,-75.72429686600,45.40794626590,2017-03-21,8:01:00 PM,01 - Clear,07 - Dark,01 - Dry,01 - Traffic signal,01 - Functioning,02 - Non-fatal injury,05 - Turning movement,0
17-2945,BANK ST btwn CENOTE RD & STONE SCHOOL RD,381402.64306,5012093.03230,-75.52420399990,45.24462891860,2017-03-21,8:22:00 PM,01 - Clear,07 - Dark,01 - Dry,10 - No control,,03 - P.D. only,07 - SMV other,0
17-2946,INNES RD @ JEANNE D'ARC BLVD/MER BLEUE RD,382637.41915,5035568.89149,-75.50478211210,45.45571322130,2017-03-22,8:12:00 AM,01 - Clear,01 - Daylight,01 - Dry,01 - Traffic signal,01 - Functioning,02 - Non-fatal injury,05 - Turning movement,0
17-2947,BANNER RD @ GREENBANK RD,361022.18210,5021566.49190,-75.78272100860,45.33179467720,2017-03-22,8:22:00 AM,01 - Clear,01 - Daylight,01 - Dry,01 - Traffic signal,01 - Functioning,03 - P.D. only,03 - Rear end,0
17-2948,SLATER ST btwn COMMISSIONER ST & BAY ST,366968.15730,5031069.33263,-75.70567341950,45.41679749520,2017-03-22,9:09:00 AM,01 - Clear,01 - Daylight,01 - Dry,10 - No control,,02 - Non-fatal injury,07 - SMV other,1
17-2949,MARCH RD @ SOLANDT RD,350490.61184,5022710.50240,-75.91696867810,45.34285347690,2017-03-22,9:35:00 AM,01 - Clear,01 - Daylight,01 - Dry,01 - Traffic signal,01 - Functioning,02 - Non-fatal injury,05 - Turning movement,0
17-2950,OTTAWA RIVER PKWY @ PORTAGE BRIDGE,366516.28288,5031313.65012,-75.71141589560,45.41903579660,2017-03-22,10:12:00 AM,01 - Clear,01 - Daylight,01 - Dry,01 - Traffic signal,01 - Functioning,02 - Non-fatal injury,03 - Rear end,0
17-2951,CEDAR CREEK DR @ HILLMAN MARSH WAY S,375681.72490,5020158.42710,-75.59591804300,45.31779794530,2017-03-22,10:27:00 AM,01 - Clear,01 - Daylight,01 - Dry,,01 - Functioning,03 - P.D. only,02 - Angle,0
17-2952,RANDALL AVE btwn RALSTON ST & RIDGECREST PL,370136.07572,5027333.63537,-75.66569579550,45.38289640630,2017-03-22,10:38:00 AM,01 - Clear,01 - Daylight,01 - Dry,10 - No control,,03 - P.D. only,06 - SMV unattended vehicle,0
17-2953,GREENBANK RD btwn JOCKVALE RD & CAMBRIAN RD,364499.27833,5013205.60404,-75.73937065990,45.25627650960,2017-03-22,11:12:00 AM,01 - Clear,01 - Daylight,01 - Dry,10 - No control,,03 - P.D. only,03 - Rear end,0
17-2954,SHADY BRANCH TR btwn TRAILWAY CIRC & TRAILWAY CIRC,350699.27097,5014313.08034,-75.91508384420,45.26727755670,2017-03-22,12:05:00 PM,01 - Clear,01 - Daylight,01 - Dry,10 - No control,,03 - P.D. only,05 - Turning movement,0
17-2955,BANK ST btwn EVANS BLVD & CECIL AVE,369938.03605,5027010.53700,-75.66826700870,45.38000771530,2017-03-21,10:00:00 PM,01 - Clear,07 - Dark,01 - Dry,10 - No control,,03 - P.D. only,03 - Rear end,0
17-2956,CONROY RD @ DAVIDSON RD N,374573.41705,5023514.84120,-75.60957940540,45.34810867020,2017-03-22,12:22:00 PM,01 - Clear,01 - Daylight,01 - Dry,02 - Stop sign,01 - Functioning,03 - P.D. only,02 - Angle,0
17-2957,REGIONAL ROAD 174 btwn OR174 IC102 RAMP51 & REGIONAL ROAD 174,381402.10569,5038127.58147,-75.52017551250,45.47887070170,2017-03-22,2:09:00 PM,01 - Clear,01 - Daylight,01 - Dry,10 - No control,,02 - Non-fatal injury,07 - SMV other,0
17-2958,BRIDLE PATH DR @ TRAPPER'S RD,371771.39705,5023568.51520,-75.64532631920,45.34886476450,2017-03-22,2:54:00 PM,01 - Clear,01 - Daylight,01 - Dry,02 - Stop sign,01 - Functioning,03 - P.D. only,02 - Angle,0
17-2959,CARLING AVE WB btwn KIRKWOOD AVE & HWY417 IC124 RAMP67,364304.12029,5027507.58102,-75.74013864420,45.38498120090,2017-03-22,3:14:00 PM,01 - Clear,01 - Daylight,01 - Dry,10 - No control,,03 - P.D. only,04 - Sideswipe,0
17-2960,ROSS AVE btwn SPENCER ST & WELLINGTON ST W,364472.13409,5029099.77156,-75.73780076230,45.39929313410,2017-03-22,12:00:00 AM,01 - Clear,00 - Unknown,01 - Dry,10 - No control,,03 - P.D. only,06 - SMV unattended vehicle,0
17-2961,BRONSON AVE btwn OLD SUNSET BLVD & LAKESIDE AVE,367652.70307,5028844.56407,-75.69721140580,45.39671854430,2017-03-22,3:51:00 PM,01 - Clear,01 - Daylight,01 - Dry,10 - No control,,02 - Non-fatal injury,03 - Rear end,0
17-2962,INNES RD @ TENTH LINE RD,383951.42585,5036159.56080,-75.48788895030,45.46087992370,2017-03-22,4:59:00 PM,01 - Clear,01 - Daylight,01 - Dry,01 - Traffic signal,01 - Functioning,02 - Non-fatal injury,03 - Rear end,0
17-2963,FINDLAY CREEK DR btwn DEVONWOOD CIRC & BANK ST,375725.18590,5020381.95732,-75.59533176910,45.31980479130,2017-03-22,5:25:00 PM,01 - Clear,01 - Daylight,01 - Dry,10 - No control,,03 - P.D. only,02 - Angle,0
17-2964,HAWTHORNE RD @ HUNT CLUB RD,375508.75324,5026408.53589,-75.59723049870,45.37405112240,2017-03-22,6:12:00 PM,01 - Clear,05 - Dusk,01 - Dry,01 - Traffic signal,00 - Unknown,03 - P.D. only,03 - Rear end,0
17-2965,GREENBANK RD btwn HARRISON ST & BANNER RD,360844.02953,5021994.11657,-75.78494526730,45.33565669290,2017-03-22,7:12:00 PM,01 - Clear,07 - Dark,01 - Dry,10 - No control,,03 - P.D. only,03 - Rear end,0
17-2966,CENTRAL PARK DR N @ MERIVALE RD,364952.00198,5025873.81328,-75.73206502550,45.37022551830,2017-03-22,7:55:00 PM,01 - Clear,07 - Dark,01 - Dry,01 - Traffic signal,01 - Functioning,03 - P.D. only,03 - Rear end,0
17-2967,BRONSON AVE btwn CARLING AVE & FIRST AVE,367488.17523,5029243.92320,-75.69926188310,45.40032661350,2017-03-22,9:32:00 PM,01 - Clear,07 - Dark,01 - Dry,10 - No control,,03 - P.D. only,06 - SMV unattended vehicle,0
17-2968,INNES RD @ TENTH LINE RD,383951.42585,5036160.89859,-75.48788873490,45.46089196000,2017-03-23,6:31:00 AM,01 - Clear,01 - Daylight,01 - Dry,01 - Traffic signal,01 - Functioning,03 - P.D. only,03 - Rear end,0
17-2969,MCARTHUR AVE @ VANIER PKWY,370217.95453,5032690.96113,-75.66393952980,45.43109196440,2017-03-23,7:29:00 AM,01 - Clear,01 - Daylight,01 - Dry,01 - Traffic signal,01 - Functioning,03 - P.D. only,03 - Rear end,0
17-2970,OSGOODE MAIN ST btwn ELIZABETH ST & VANCE ST,375160.77330,5001137.08265,-75.60525161560,45.14670092300,2017-03-23,8:24:00 AM,01 - Clear,01 - Daylight,01 - Dry,10 - No control,,03 - P.D. only,06 - SMV unattended vehicle,0
17-2971,MCARTHUR AVE @ OLMSTEAD ST,370482.37455,5032722.92020,-75.66055626520,45.43135473490,2017-03-23,8:50:00 AM,01 - Clear,01 - Daylight,01 - Dry,01 - Traffic signal,01 - Functioning,02 - Non-fatal injury,07 - SMV other,1
17-2972,HENLEY ST @ TAVISTOCK RD,360896.68284,5024583.52320,-75.78397982750,45.35895189640,2017-03-23,9:07:00 AM,01 - Clear,01 - Daylight,01 - Dry,02 - Stop sign,01 - Functioning,03 - P.D. only,05 - Turning movement,0
17-2973,INNES RD @ TENTH LINE RD,383951.76110,5036160.17348,-75.48788456610,45.46088539820,2017-03-23,7:50:00 AM,01 - Clear,01 - Daylight,01 - Dry,01 - Traffic signal,01 - Functioning,03 - P.D. only,03 - Rear end,0
17-2974,BEAUSEJOUR DR @ HUNTER'S RUN DR,380676.74346,5035905.90750,-75.52979535950,45.45896108010,2017-03-23,9:30:00 AM,01 - Clear,01 - Daylight,01 - Dry,02 - Stop sign,01 - Functioning,03 - P.D. only,02 - Angle,0
17-2975,SAVAGE DR btwn HAZELDEAN RD & IVA ST,350457.12897,5015347.29586,-75.91807431580,45.27659953170,2017-03-23,8:50:00 AM,01 - Clear,01 - Daylight,01 - Dry,10 - No control,,03 - P.D. only,01 - Approaching,0
17-2976,CARLING AVE @ MELROSE AVE,365970.37085,5028393.55759,-75.71875294410,45.39280948970,2017-03-23,10:48:00 AM,01 - Clear,01 - Daylight,01 - Dry,02 - Stop sign,01 - Functioning,03 - P.D. only,02 - Angle,0
17-2977,COVENTRY RD @ VANIER PKWY,370676.05045,5031610.36521,-75.65823009090,45.42132621690,2017-03-23,10:57:00 AM,01 - Clear,01 - Daylight,01 - Dry,01 - Traffic signal,01 - Functioning,03 - P.D. only,03 - Rear end,0
17-2978,WEST HUNT CLUB RD @ CLEOPATRA DR/LANCELOT DR,365235.65122,5021732.39644,-75.72895030430,45.33293725390,2017-03-23,11:29:00 AM,01 - Clear,01 - Daylight,01 - Dry,01 - Traffic signal,01 - Functioning,03 - P.D. only,03 - Rear end,0
17-2979,FERNBANK RD btwn JINKINSON RD & BLACK'S SIDE RD,347032.75690,5008669.28183,-75.96228509860,45.21672186400,2017-03-23,11:41:00 AM,01 - Clear,01 - Daylight,01 - Dry,10 - No control,,03 - P.D. only,07 - SMV other,0
17-2980,DALY AVE @ NICHOLAS ST,368227.95201,5032047.67746,-75.68945258910,45.42548724160,2017-03-23,12:37:00 PM,01 - Clear,01 - Daylight,01 - Dry,01 - Traffic signal,01 - Functioning,03 - P.D. only,05 - Turning movement,0
17-2981,RIVERSIDE DR SB btwn HWY417 IC117 RAMP52 & HWY417 IC117 RAMP35,370805.64461,5031072.97214,-75.65664629550,45.41647876070,2017-03-23,11:00:00 AM,01 - Clear,01 - Daylight,01 - Dry,10 - No control,,03 - P.D. only,03 - Rear end,0
17-2982,TRIM RD @ 150 S OF INNES RD,386621.77524,5037140.89339,-75.45358541950,45.46940132760,2017-03-23,1:41:00 PM,01 - Clear,01 - Daylight,01 - Dry,01 - Traffic signal,01 - Functioning,03 - P.D. only,02 - Angle,0
17-2983,DOMALATCHY PL @ WOODROFFE AVE,362403.69490,5024140.63610,-75.76479744860,45.35484463480,2017-03-23,1:30:00 PM,01 - Clear,01 - Daylight,01 - Dry,02 - Stop sign,01 - Functioning,03 - P.D. only,03 - Rear end,0
17-2984,GREENBANK RD @ CANFIELD RD/CRAIG HENRY DR,361108.35204,5021363.15461,-75.78164487560,45.32995814040,2017-03-23,2:21:00 PM,01 - Clear,01 - Daylight,01 - Dry,01 - Traffic signal,00 - Unknown,03 - P.D. only,02 - Angle,0
17-2985,NOTRE DAME ST    W btwn ST. JOSEPH BLVD & END,379627.99858,5036256.10676,-75.54315003410,45.46222501350,2017-03-23,3:06:00 PM,01 - Clear,01 - Daylight,01 - Dry,10 - No control,,03 - P.D. only,06 - SMV unattended vehicle,0
17-2986,CARLING AVE @ CARLING RMP 56,360874.81662,5025163.05438,-75.78419315060,45.36416823880,2017-03-17,6:00:00 PM,01 - Clear,01 - Daylight,01 - Dry,10 - No control,,03 - P.D. only,03 - Rear end,0
17-2987,COURTICE AVE btwn KILBORN AVE & ORCHARD AVE,370931.10398,5027693.75947,-75.65549659580,45.38606207160,2017-03-22,12:00:00 AM,01 - Clear,00 - Unknown,01 - Dry,10 - No control,,03 - P.D. only,06 - SMV unattended vehicle,0
17-2988,BLOHM DR @ MALAK ST,374090.28445,5025833.69856,-75.61541915110,45.36902068320,2017-03-23,3:39:00 PM,01 - Clear,01 - Daylight,01 - Dry,02 - Stop sign,01 - Functioning,03 - P.D. only,02 - Angle,0
17-2989,INDUSTRIAL AVE btwn TRAINYARDS DR & RUSSELL RD,372450.00954,5030285.57317,-75.63574670390,45.40923705210,2017-03-23,3:43:00 PM,01 - Clear,01 - Daylight,01 - Dry,10 - No control,,02 - Non-fatal injury,07 - SMV other,0
17-2990,YORKS CORNERS RD btwn PARKWAY RD & COOPER HILL RD,386869.10550,5018292.55730,-75.45355655420,45.29979175710,2017-03-23,4:21:00 PM,01 - Clear,01 - Daylight,01 - Dry,10 - No control,,02 - Non-fatal injury,07 - SMV other,0
17-2991,HUNT CLUB RD btwn NORTH BOWESVILLE RD & BILLY BISHOP PRIV,368845.10455,5022418.70311,-75.68281595670,45.33879235110,2017-03-23,4:36:00 PM,01 - Clear,01 - Daylight,01 - Dry,10 - No control,,03 - P.D. only,03 - Rear end,0
17-2992,COLONEL BY DR @ HAWTHORNE AVE/PRETORIA BRIDGE,368768.04465,5030525.56690,-75.68274904000,45.41174264520,2017-03-23,5:00:00 PM,01 - Clear,01 - Daylight,01 - Dry,01 - Traffic signal,01 - Functioning,03 - P.D. only,02 - Angle,0
17-2993,RICHMOND RD btwn NEW ORCHARD AVE & WOODROFFE AVE,361414.08566,5026419.57469,-75.77716581180,45.37543096630,2017-03-23,4:49:00 PM,01 - Clear,01 - Daylight,01 - Dry,10 - No control,,03 - P.D. only,02 - Angle,0
17-2994,FALLOWFIELD RD @ HWY 416 FALLOWFI IC66R34,359823.14605,5014727.02929,-75.79877613640,45.27034772450,2017-03-23,4:58:00 PM,01 - Clear,01 - Daylight,01 - Dry,01 - Traffic signal,01 - Functioning,03 - P.D. only,03 - Rear end,0
17-2995,HUNT CLUB RD @ DOWNPATRICK RD/MCCARTHY RD,370508.06885,5023401.17790,-75.66146910590,45.34747860850,2017-03-23,5:32:00 PM,01 - Clear,01 - Daylight,01 - Dry,01 - Traffic signal,01 - Functioning,03 - P.D. only,03 - Rear end,0
17-2996,EAGLESON RD @ FALLOWFIELD RD,355962.63744,5012593.06791,-75.84819152000,45.25143730410,2017-03-23,5:52:00 PM,01 - Clear,01 - Daylight,01 - Dry,01 - Traffic signal,01 - Functioning,03 - P.D. only,07 - SMV other,0
17-2997,AMBERCREST ST btwn MEADOWCROFT CRES & END,372810.06656,5033048.54810,-75.63076595390,45.43406208510,2017-03-23,12:00:00 AM,01 - Clear,00 - Unknown,01 - Dry,10 - No control,,03 - P.D. only,06 - SMV unattended vehicle,0
17-2998,ROSETTA AVE btwn CORONET AVE & AMBIANCE DR,366978.50119,5016729.34868,-75.70734456110,45.28776820720,2017-03-23,8:51:00 PM,01 - Clear,07 - Dark,01 - Dry,10 - No control,,03 - P.D. only,02 - Angle,0
17-2999,RUSSELL AVE btwn LAURIER AVE E & OSGOODE ST,369064.80100,5032172.77074,-75.67874325090,45.42653639950,2017-03-23,12:00:00 AM,01 - Clear,00 - Unknown,02 - Wet,10 - No control,,03 - P.D. only,06 - SMV unattended vehicle,0
17-3000,AIRPORT PKWY btwn RAMP & AIRPORT PKWY (2),371031.34358,5023665.19738,-75.65475672590,45.34980495780,2017-03-24,12:45:00 AM,01 - Clear,07 - Dark,01 - Dry,10 - No control,,03 - P.D. only,05 - Turning movement,0
17-3001,BANKFIELD RD btwn KILREEN LANE & PRINCE OF WALES DR,366254.27184,5008906.49008,-75.71754343210,45.21744194160,2017-03-24,6:32:00 AM,03 - Snow,03 - Dawn,03 - Loose snow,10 - No control,,03 - P.D. only,01 - Approaching,0
17-3002,RIVERSIDE DR @ WALKLEY RD,368419.05835,5024852.19151,-75.68793848230,45.36072707710,2017-03-24,6:50:00 AM,03 - Snow,01 - Daylight,04 - Slush,01 - Traffic signal,01 - Functioning,03 - P.D. only,07 - SMV other,0
17-3003,BOUNDARY RD btwn MITCH OWENS RD & DEVINE RD,388080.21337,5022133.70696,-75.43747090460,45.33420873790,2017-03-24,6:56:00 AM,03 - Snow,01 - Daylight,05 - Packed snow,10 - No control,,02 - Non-fatal injury,01 - Approaching,0
17-3004,HAZELDEAN RD @ HWY 7 HAZELDEAN IC RAMP 24,346572.84860,5012283.07170,-75.96783707060,45.24926785820,2017-03-24,6:56:00 AM,03 - Snow,01 - Daylight,03 - Loose snow,02 - Stop sign,01 - Functioning,03 - P.D. only,07 - SMV other,0
17-3005,REGIONAL ROAD 174 btwn OLD MONTREAL RD & OLD MONTREAL RD,392915.45791,5042735.93935,-75.37210644660,45.51897263390,2017-03-24,7:24:00 AM,03 - Snow,01 - Daylight,03 - Loose snow,10 - No control,,03 - P.D. only,07 - SMV other,0
17-3006,BRONSON AVE @ SUNNYSIDE AVE/UNIVERSITY RD - CA,367923.46057,5028091.92233,-75.69384978070,45.38992213330,2017-03-24,7:28:00 AM,03 - Snow,01 - Daylight,05 - Packed snow,01 - Traffic signal,01 - Functioning,03 - P.D. only,03 - Rear end,0
17-3007,RIVERSIDE DR @ SMYTH RD NORTH SIDE RAMP,369939.23824,5029316.74490,-75.66794723300,45.40075807450,2017-03-24,7:53:00 AM,03 - Snow,01 - Daylight,04 - Slush,01 - Traffic signal,01 - Functioning,03 - P.D. only,05 - Turning movement,0
17-3008,BRIDGESTONE DR @ EAGLESON RD,354873.02545,5015402.56921,-75.86178901930,45.27679627270,2017-03-24,8:04:00 AM,03 - Snow,01 - Daylight,03 - Loose snow,02 - Stop sign,01 - Functioning,03 - P.D. only,03 - Rear end,0
17-3009,AIRPORT PKWY btwn RAMP & RAMP (4),371306.77932,5021653.25723,-75.65151246030,45.33167606120,2017-03-24,8:08:00 AM,03 - Snow,01 - Daylight,03 - Loose snow,10 - No control,,03 - P.D. only,07 - SMV other,0
17-3010,CARP RD @ HAZELDEAN RD,348805.57924,5014360.43620,-75.93921067420,45.26782471670,2017-03-24,8:18:00 AM,03 - Snow,01 - Daylight,03 - Loose snow,01 - Traffic signal,01 - Functioning,03 - P.D. only,05 - Turning movement,0
17-3011,PALLADIUM DR @ SILVER SEVEN RD,351052.11720,5017886.42780,-75.91025453840,45.29940849660,2017-03-24,8:27:00 AM,05 - Drifting Snow,01 - Daylight,03 - Loose snow,01 - Traffic signal,01 - Functioning,02 - Non-fatal injury,02 - Angle,0
17-3013,HUNT CLUB RD btwn MOUNTAIN CRES & TURN LANE,371529.47229,5024017.57643,-75.64835276580,45.35292833080,2017-03-24,8:31:00 AM,03 - Snow,01 - Daylight,03 - Loose snow,10 - No control,,03 - P.D. only,05 - Turning movement,0
17-3014,BEARBROOK RD btwn ROCKCLIFFE PKWY & Continuation of BEARBROOK RD,376961.54953,5034518.35748,-75.57749722960,45.44687041280,2017-03-24,6:50:00 AM,03 - Snow,01 - Daylight,03 - Loose snow,10 - No control,,03 - P.D. only,01 - Approaching,0
17-3015,SUSSEX DR btwn 151 W OF KING EDWARD AVE/L.B. PEARSON BUILDING & RAMP,367627.58869,5033422.75179,-75.69694843140,45.43791387180,2017-03-24,8:41:00 AM,03 - Snow,01 - Daylight,06 - Ice,10 - No control,,03 - P.D. only,07 - SMV other,0
17-3016,BOTELER ST @ SUSSEX DR,367450.30816,5032953.30889,-75.69927392060,45.43370589350,2017-03-23,5:35:00 PM,01 - Clear,01 - Daylight,01 - Dry,01 - Traffic signal,01 - Functioning,02 - Non-fatal injury,03 - Rear end,0
17-3017,RIVERSIDE DR @ SMYTH RD SOUTH SIDE RAMP,369787.44156,5028999.31369,-75.66992781840,45.39791604750,2017-03-24,8:40:00 AM,03 - Snow,01 - Daylight,03 - Loose snow,01 - Traffic signal,01 - Functioning,03 - P.D. only,05 - Turning movement,0
17-3018,CARLING AVE WB btwn CORKSTOWN RD & HOLLY ACRES RD,358097.25081,5023461.54058,-75.81983023650,45.34907466430,2017-03-24,8:54:00 AM,03 - Snow,01 - Daylight,03 - Loose snow,10 - No control,,02 - Non-fatal injury,99 - Other,0
17-3019,GREENBANK RD @ STRANDHERD DR,363934.01835,5014785.75499,-75.74638391650,45.27054248980,2017-03-24,9:00:00 AM,03 - Snow,01 - Daylight,03 - Loose snow,01 - Traffic signal,01 - Functioning,03 - P.D. only,03 - Rear end,0
17-3020,CARLING AVE EB btwn HOLLY ACRES RD & BAYSHORE DR,358497.50519,5023660.32410,-75.81470104350,45.35083279270,2017-03-24,9:01:00 AM,03 - Snow,01 - Daylight,03 - Loose snow,10 - No control,,02 - Non-fatal injury,04 - Sideswipe,0
17-3021,STRANDHERD DR btwn ANDORA AVE & JOCKVALE RD,363461.04539,5014518.09473,-75.75244268020,45.26817368520,2017-03-24,9:07:00 AM,03 - Snow,01 - Daylight,04 - Slush,10 - No control,,03 - P.D. only,07 - SMV other,0
17-3022,LIMEBANK RD btwn TOM ROBERTS RD & LEITRIM RD,369247.74302,5018145.93822,-75.67823498230,45.30031002690,2017-03-24,9:16:00 AM,03 - Snow,01 - Daylight,04 - Slush,10 - No control,,03 - P.D. only,07 - SMV other,0
17-3023,BELMEADE RD btwn 3RD LINE RD & 4TH LINE RD,381835.39988,4997817.83895,-75.52089626610,45.11613890000,2017-03-24,9:16:00 AM,03 - Snow,01 - Daylight,03 - Loose snow,10 - No control,,03 - P.D. only,03 - Rear end,0
17-3024,DONALD ST btwn LOLA ST & AVE. DU PERE CHARLEBOIS AVE,371105.72508,5032360.44111,-75.65263930610,45.42803448470,2017-03-24,9:26:00 AM,03 - Snow,01 - Daylight,03 - Loose snow,10 - No control,,03 - P.D. only,07 - SMV other,0
17-3025,LONGFIELDS DR @ WOODROFFE AVE,365422.17324,5017106.94490,-75.72713674890,45.29130176080,2017-03-24,9:28:00 AM,03 - Snow,01 - Daylight,03 - Loose snow,01 - Traffic signal,00 - Unknown,03 - P.D. only,03 - Rear end,0
17-3026,WOODWARD DR btwn COURTWOOD CRES & COURTWOOD CRES,363433.28730,5026011.06861,-75.75143583160,45.37158922980,2017-03-24,9:35:00 AM,03 - Snow,01 - Daylight,03 - Loose snow,10 - No control,,02 - Non-fatal injury,01 - Approaching,0