COLLISION_ID,LOCATION,X,Y,LONGITUDE,LATITUDE,DATE,TIME,ENVIRONMENT,LIGHT,SURFACE_CONDITION,TRAFFIC_CONTROL,TRAFFIC_CONTROL_CONDITION,COLLISION_CLASSIFICATION,IMPACT_TYPE,NO_OF_PEDESTRIANS
17-3027,SUSSEX DR btwn CATHCART ST & BRUYERE ST,367488.37493,5032750.19803,-75.69881330270,45.43187495920,2017-03-24,9:37:00 AM,03 - Snow,01 - Daylight,03 - Loose snow,10 - No control,,02 - Non-fatal injury,03 - Rear end,0
17-3028,ROBERTSON RD btwn HAANEL DR & MILL HILL RD,355248.76188,5019359.45411,-75.85659782760,45.31237422380,2017-03-24,9:09:00 AM,03 - Snow,01 - Daylight,03 - Loose snow,10 - No control,,03 - P.D. only,07 - SMV other,0
17-3029,HAWTHORNE RD/RUSSELL RD @ WALKLEY RD,374674.23440,5028498.52230,-75.60758802560,45.39293954110,2017-03-24,9:39:00 AM,03 - Snow,01 - Daylight,03 - Loose snow,01 - Traffic signal,01 - Functioning,03 - P.D. only,03 - Rear end,0
17-3030,RIVERSIDE DR @ TREMBLAY RD/HWY417 IC117 RAMP52,370800.40586,5031017.24569,-75.65672068650,45.41597785150,2017-03-24,9:41:00 AM,03 - Snow,01 - Daylight,03 - Loose snow,01 - Traffic signal,01 - Functioning,03 - P.D. only,03 - Rear end,0
17-3031,ALBERT ST btwn LYON ST N & KENT ST,367179.26705,5031291.92602,-75.70294813920,45.41878153330,2017-03-24,9:47:00 AM,03 - Snow,01 - Daylight,03 - Loose snow,10 - No control,,03 - P.D. only,03 - Rear end,0
17-3032,WARBONNET DR @ WALLFORD WAY,365267.26202,5024908.66545,-75.72815871550,45.36151415350,2017-03-22,1:00:00 PM,01 - Clear,01 - Daylight,01 - Dry,03 - Yield sign,01 - Functioning,03 - P.D. only,02 - Angle,0
17-3033,ELGIN ST @ LAURIER AVE,367949.71324,5031548.90690,-75.69307179330,45.42102464680,2017-03-24,9:52:00 AM,03 - Snow,01 - Daylight,03 - Loose snow,01 - Traffic signal,01 - Functioning,03 - P.D. only,04 - Sideswipe,0
17-3034,HAWTHORNE RD btwn RUSSELL RD & AGES DR,374912.54388,5027859.34182,-75.60463559800,45.38716469010,2017-03-24,10:01:00 AM,03 - Snow,01 - Daylight,03 - Loose snow,10 - No control,,03 - P.D. only,07 - SMV other,0
17-3035,HIGH RD btwn EARL ARMSTRONG RD & ALBION RD,374331.75347,5017893.20971,-75.61345235870,45.29755127880,2017-03-24,10:58:00 AM,03 - Snow,01 - Daylight,03 - Loose snow,10 - No control,,03 - P.D. only,07 - SMV other,0
17-3036,DUNROBIN RD btwn HARWOOD LANE & KERWIN RD,346214.68397,5027244.77751,-75.97114883600,45.38391957520,2017-03-24,10:12:00 AM,01 - Clear,01 - Daylight,01 - Dry,10 - No control,,03 - P.D. only,07 - SMV other,0
17-3037,GLOUCESTER ST btwn METCALFE ST & ELGIN ST,367948.24497,5031454.24550,-75.69310268510,45.42017304750,2017-03-24,10:24:00 AM,01 - Clear,01 - Daylight,03 - Loose snow,10 - No control,,03 - P.D. only,06 - SMV unattended vehicle,0
17-3038,INNES RD @ BEARBROOK RD/GLEN PARK DR E,377994.41336,5032843.34419,-75.56454409290,45.43169237140,2017-03-24,10:15:00 AM,03 - Snow,01 - Daylight,05 - Packed snow,01 - Traffic signal,01 - Functioning,03 - P.D. only,02 - Angle,0
17-3039,RUSSELL RD btwn FARMERS WAY & TO BE DETERMINED,382234.12613,5026226.14733,-75.51140561540,45.37169922960,2017-03-24,10:35:00 AM,03 - Snow,01 - Daylight,05 - Packed snow,10 - No control,,03 - P.D. only,07 - SMV other,0
17-3040,DONALD ST @ ST. LAURENT BLVD,372092.70956,5032473.25380,-75.64001204240,45.42895525850,2017-03-24,10:37:00 AM,03 - Snow,01 - Daylight,03 - Loose snow,01 - Traffic signal,01 - Functioning,03 - P.D. only,03 - Rear end,0
17-3041,BYRON AVE @ ROOSEVELT AVE,363034.68606,5028060.88010,-75.75628251080,45.39006639240,2017-03-24,10:41:00 AM,03 - Snow,01 - Daylight,05 - Packed snow,01 - Traffic signal,01 - Functioning,03 - P.D. only,99 - Other,0
17-3042,HAWTHORNE AVE @ MAIN ST,368970.37515,5030633.23610,-75.68015032780,45.41269289170,2017-03-24,10:44:00 AM,03 - Snow,01 - Daylight,03 - Loose snow,01 - Traffic signal,01 - Functioning,03 - P.D. only,05 - Turning movement,0
17-3043,210 W OF MERIVALE RD @ WEST HUNT CLUB RD,365431.35217,5021829.48397,-75.72644184810,45.33379395450,2017-03-24,10:45:00 AM,03 - Snow,01 - Daylight,03 - Loose snow,01 - Traffic signal,01 - Functioning,03 - P.D. only,03 - Rear end,0
17-3044,MONTEREY DR btwn BASELINE RD & GRAHAM CREEK PRIV,359857.30979,5022105.45507,-75.79752128290,45.33673663710,2017-03-24,9:30:00 AM,03 - Snow,01 - Daylight,03 - Loose snow,10 - No control,,03 - P.D. only,01 - Approaching,0
17-3045,SCRIVENS DR btwn BANK ST & MITCHELL ST,382743.71297,5010447.30670,-75.50738131250,45.22967428520,2017-03-24,11:09:00 AM,03 - Snow,01 - Daylight,03 - Loose snow,10 - No control,,03 - P.D. only,02 - Angle,0
17-3046,WALKLEY RD @ DON REID DR/RYDER ST,372602.73024,5027285.21290,-75.63420823340,45.38222632020,2017-03-24,11:16:00 AM,03 - Snow,01 - Daylight,02 - Wet,01 - Traffic signal,01 - Functioning,03 - P.D. only,07 - SMV other,0
17-3047,BEARBROOK RD/ROCKCLIFFE PKWY @ ST. JOSEPH BLVD,377129.48477,5035239.21677,-75.57524465950,45.45333887150,2017-03-24,11:30:00 AM,03 - Snow,01 - Daylight,03 - Loose snow,01 - Traffic signal,01 - Functioning,03 - P.D. only,03 - Rear end,0
17-3048,EAGLESON RD @ HAZELDEAN RD/ROBERTSON RD,353673.95935,5018423.12221,-75.87677331860,45.30406028710,2017-03-24,11:35:00 AM,03 - Snow,01 - Daylight,04 - Slush,01 - Traffic signal,01 - Functioning,03 - P.D. only,99 - Other,0
17-3049,CENTENNIAL BLVD @ MAIN ST,369480.38525,5029416.55980,-75.67379466170,45.40169871780,2017-03-24,9:15:00 AM,03 - Snow,01 - Daylight,03 - Loose snow,02 - Stop sign,01 - Functioning,03 - P.D. only,02 - Angle,0
17-3050,RIVERSIDE DR @ HERON RD,368121.85537,5026646.84587,-75.69150169830,45.37690182790,2017-03-24,8:07:00 AM,03 - Snow,01 - Daylight,03 - Loose snow,01 - Traffic signal,01 - Functioning,03 - P.D. only,03 - Rear end,0
17-3051,RUSSELL RD btwn ANDERSON RD & FARMERS WAY,379926.26122,5026662.00062,-75.54079940320,45.37587196820,2017-03-24,11:48:00 AM,03 - Snow,01 - Daylight,03 - Loose snow,10 - No control,,03 - P.D. only,07 - SMV other,0
17-3052,VANESSA TER btwn MAPLE RIDGE CRES & SPRING GROVE LANE,362803.18844,5015421.96682,-75.76071990350,45.27636132950,2017-03-24,12:08:00 PM,03 - Snow,01 - Daylight,03 - Loose snow,10 - No control,,03 - P.D. only,01 - Approaching,0
17-3053,GREENBANK RD @ STRANDHERD DR,363933.68390,5014784.79243,-75.74638829240,45.27053385640,2017-03-24,12:07:00 PM,02 - Rain,01 - Daylight,02 - Wet,01 - Traffic signal,00 - Unknown,03 - P.D. only,03 - Rear end,0
17-3054,WEST HUNT CLUB RD @ WOODROFFE AVE,363671.69434,5021247.15790,-75.74895953240,45.32870406340,2017-03-24,12:32:00 PM,03 - Snow,01 - Daylight,05 - Packed snow,01 - Traffic signal,01 - Functioning,03 - P.D. only,03 - Rear end,0
17-3055,LABELLE ST/RAMP @ LEMIEUX ST/HWY417 IC115 RAMP,372542.05485,5031687.23141,-75.63437825460,45.42183962520,2017-03-24,12:40:00 PM,03 - Snow,01 - Daylight,02 - Wet,02 - Stop sign,01 - Functioning,03 - P.D. only,02 - Angle,0
17-3056,BASSANO ST @ LOTTA AVE,363971.68686,5024179.18300,-75.74478209800,45.35506091160,2017-03-24,12:48:00 PM,03 - Snow,01 - Daylight,03 - Loose snow,02 - Stop sign,01 - Functioning,03 - P.D. only,02 - Angle,0
17-3057,MARCH RD btwn PETER ROBINSON RD & CORKERY RD,335074.02341,5015342.15588,-76.11413532710,45.27738394560,2017-03-24,12:47:00 PM,03 - Snow,01 - Daylight,03 - Loose snow,10 - No control,,03 - P.D. only,07 - SMV other,0
17-3058,GREENBANK RD btwn BATEMAN DR/BELLMAN DR & GREENBANK SQUARE SC,361325.69056,5020857.60214,-75.77893011410,45.32539171060,2017-03-24,11:15:00 AM,03 - Snow,01 - Daylight,04 - Slush,10 - No control,,03 - P.D. only,03 - Rear end,0
17-3059,CARLING AVE @ PINECREST  RD/GREENVIEW AVE,360006.67554,5024632.52801,-75.79533357000,45.35946348740,2017-03-24,2:19:00 PM,03 - Snow,01 - Daylight,02 - Wet,01 - Traffic signal,01 - Functioning,02 - Non-fatal injury,02 - Angle,0
17-3060,BLAIR RD @ INNES RD,375577.73156,5031438.88620,-75.59562819420,45.41930461820,2017-03-24,2:09:00 PM,03 - Snow,01 - Daylight,05 - Packed snow,01 - Traffic signal,01 - Functioning,03 - P.D. only,03 - Rear end,0
17-3061,CEDARVIEW RD @ WEST HUNT CLUB RD,359719.01185,5019553.80880,-75.79956871290,45.31378766590,2017-03-24,3:42:00 PM,03 - Snow,01 - Daylight,04 - Slush,01 - Traffic signal,01 - Functioning,03 - P.D. only,04 - Sideswipe,0
17-3062,STANLEY AVE @ SUSSEX DR,367832.00201,5033872.53638,-75.69427831260,45.44194247320,2017-03-24,4:08:00 PM,02 - Rain,01 - Daylight,02 - Wet,01 - Traffic signal,01 - Functioning,02 - Non-fatal injury,02 - Angle,0
17-3063,INNES RD @ TENTH LINE RD,383951.42585,5036160.22970,-75.48788884260,45.46088594180,2017-03-24,2:00:00 PM,03 - Snow,01 - Daylight,03 - Loose snow,01 - Traffic signal,01 - Functioning,03 - P.D. only,03 - Rear end,0
17-3064,BRIAN GOOD AVE @ EARL ARMSTRONG RD,368110.03520,5014834.15270,-75.69316285280,45.27061442570,2017-03-24,4:40:00 PM,03 - Snow,01 - Daylight,02 - Wet,02 - Stop sign,01 - Functioning,02 - Non-fatal injury,05 - Turning movement,0
17-3065,CONDOR DR btwn LOON LANE & PLANTE DR,370085.70075,5024461.04098,-75.66671862450,45.35705439710,2017-03-24,4:49:00 PM,03 - Snow,01 - Daylight,05 - Packed snow,10 - No control,,03 - P.D. only,99 - Other,0
17-3066,KENT ST btwn GILMOUR ST & JAMES ST,367638.63356,5030634.82706,-75.69716294360,45.41282805860,2017-03-24,4:55:00 PM,01 - Clear,01 - Daylight,03 - Loose snow,10 - No control,,03 - P.D. only,07 - SMV other,0
17-3067,BANK ST @ WALKLEY RD,370338.85534,5025949.07269,-75.66329044970,45.37041962740,2017-03-24,2:55:00 PM,02 - Rain,01 - Daylight,02 - Wet,01 - Traffic signal,01 - Functioning,03 - P.D. only,02 - Angle,0
17-3068,ST. PATRICK ST @ SUSSEX DR,367668.44281,5032461.34490,-75.69654905650,45.42925979310,2017-03-24,5:54:00 PM,03 - Snow,01 - Daylight,04 - Slush,01 - Traffic signal,01 - Functioning,03 - P.D. only,02 - Angle,0
17-3069,WOODROFFE AVE btwn CARLINGWOOD SC & CARLING AVE,361910.26428,5025880.03193,-75.77089363010,45.37053594560,2017-03-24,6:00:00 PM,03 - Snow,01 - Daylight,02 - Wet,10 - No control,,03 - P.D. only,02 - Angle,0
17-3070,KEYWORTH AVE @ SUNNYMEDE AVE,363865.69004,5029333.89300,-75.74551822750,45.40145113960,2017-03-24,6:04:00 PM,03 - Snow,05 - Dusk,03 - Loose snow,02 - Stop sign,01 - Functioning,02 - Non-fatal injury,02 - Angle,0
17-3071,SWEETNAM DR btwn HAZELDEAN RD & ORCHARD DR,350525.61902,5015593.62275,-75.91717872660,45.27881160920,2017-03-24,6:26:00 PM,03 - Snow,07 - Dark,04 - Slush,10 - No control,,03 - P.D. only,07 - SMV other,0
17-3072,EARL ARMSTRONG RD @ LIMEBANK RD,370156.05535,5015961.11960,-75.66694227830,45.28056752390,2017-03-24,6:44:00 PM,03 - Snow,07 - Dark,03 - Loose snow,01 - Traffic signal,01 - Functioning,03 - P.D. only,07 - SMV other,0
17-3073,PLEASANT PARK RD @ ST. LAURENT BLVD,373598.06235,5028794.88100,-75.62128959510,45.39571259480,2017-03-24,6:55:00 PM,03 - Snow,07 - Dark,04 - Slush,01 - Traffic signal,01 - Functioning,03 - P.D. only,03 - Rear end,0
17-3074,EAGLESON RD btwn AKINS RD & RUSHMORE RD,356506.01850,5011171.34990,-75.84141717930,45.23860462460,2017-03-24,7:02:00 PM,03 - Snow,07 - Dark,06 - Ice,10 - No control,,02 - Non-fatal injury,07 - SMV other,0
17-3075,BASELINE RD/HERON RD @ PRINCE OF WALES DR,366872.83905,5026438.38350,-75.70747388870,45.37513789660,2017-03-24,7:13:00 PM,03 - Snow,07 - Dark,04 - Slush,01 - Traffic signal,01 - Functioning,03 - P.D. only,03 - Rear end,0
17-3076,BERKSHIRE WAY btwn FABLE ST & SHERWAY DR,362722.70657,5015261.17347,-75.76176436000,45.27492113940,2017-03-24,7:14:00 PM,03 - Snow,07 - Dark,04 - Slush,10 - No control,,03 - P.D. only,01 - Approaching,0
17-3077,JOCKVALE RD/RIDEAU VALLEY DR @ PRINCE OF WALES,366713.52515,5012194.86694,-75.71128744030,45.24699056540,2017-03-24,7:21:00 PM,03 - Snow,07 - Dark,03 - Loose snow,01 - Traffic signal,01 - Functioning,03 - P.D. only,02 - Angle,0
17-3078,GRENON AVE btwn MICHELE DR & RICHMOND RD,359692.40074,5024120.39160,-75.79940158990,45.35487996760,2017-03-24,7:32:00 PM,03 - Snow,07 - Dark,03 - Loose snow,10 - No control,,03 - P.D. only,06 - SMV unattended vehicle,0
17-3079,MOODIE DR btwn WEST HUNT CLUB RD & ALTI PL,358795.77585,5016303.99835,-75.81169661290,45.28461714010,2017-03-24,7:41:00 PM,05 - Drifting Snow,07 - Dark,03 - Loose snow,10 - No control,,03 - P.D. only,07 - SMV other,0
17-3080,LEITRIM RD btwn HAWTHORNE RD & RAMSAYVILLE RD,377767.82474,5023138.94588,-75.56887439280,45.34440150080,2017-03-24,7:43:00 PM,03 - Snow,07 - Dark,03 - Loose snow,10 - No control,,03 - P.D. only,07 - SMV other,0
17-3081,GREENBANK RD btwn GIBBARD AVE & WEST HUNT CLUB RD,361435.35031,5020602.34162,-75.77756054710,45.32308603790,2017-03-24,7:42:00 PM,03 - Snow,07 - Dark,04 - Slush,10 - No control,,03 - P.D. only,07 - SMV other,0
17-3082,MAJESTIC DR @ PRITCHARD DR,363353.68976,5021508.81750,-75.75298509550,45.33108506320,2017-03-24,7:42:00 PM,03 - Snow,07 - Dark,03 - Loose snow,03 - Yield sign,01 - Functioning,03 - P.D. only,02 - Angle,0
17-3083,MEADOWLANDS DR btwn HOGAN ST & NESS ST,366391.11028,5024928.64166,-75.71381208100,45.36159605870,2017-03-24,7:54:00 PM,03 - Snow,07 - Dark,03 - Loose snow,10 - No control,,03 - P.D. only,99 - Other,0
17-3084,MITCH OWENS RD btwn RAMSAYVILLE RD & 8TH LINE RD,382072.66305,5018607.01948,-75.51465645930,45.30316503240,2017-03-24,7:59:00 PM,03 - Snow,07 - Dark,03 - Loose snow,10 - No control,,03 - P.D. only,01 - Approaching,0
17-3085,INNES RD @ 260 E OF BELCOURT BLVD/WALMART SC,382346.44925,5035398.99183,-75.50852863990,45.45421695840,2017-03-24,8:26:00 PM,03 - Snow,07 - Dark,02 - Wet,01 - Traffic signal,01 - Functioning,03 - P.D. only,07 - SMV other,0
17-3086,HINES RD @ SOLANDT RD,350332.47425,5022566.63081,-75.91899971610,45.34156917080,2017-03-24,8:32:00 PM,03 - Snow,07 - Dark,05 - Packed snow,10 - No control,00 - Unknown,03 - P.D. only,99 - Other,0
17-3087,LIMEBANK RD btwn TOM ROBERTS RD & LEITRIM RD,369243.23635,5018169.61827,-75.67828936160,45.30052350970,2017-03-24,8:57:00 PM,03 - Snow,07 - Dark,03 - Loose snow,10 - No control,,03 - P.D. only,04 - Sideswipe,0
17-3088,8TH LINE RD @ MITCH OWENS RD,382361.80636,5018774.91796,-75.51094372490,45.30464381730,2017-03-24,9:18:00 PM,03 - Snow,07 - Dark,03 - Loose snow,02 - Stop sign,01 - Functioning,03 - P.D. only,07 - SMV other,0
17-3089,ALBION RD btwn DEL ZOTTO AVE & HIGH RD,374204.28748,5018734.97490,-75.61495954860,45.30513781070,2017-03-24,9:05:00 PM,03 - Snow,07 - Dark,03 - Loose snow,10 - No control,,03 - P.D. only,04 - Sideswipe,0
17-3090,FROBISHER LANE W @ RIVERSIDE DR,370120.38734,5029602.56379,-75.66559572330,45.40331289020,2017-03-24,9:28:00 PM,04 - Freezing Rain,07 - Dark,03 - Loose snow,01 - Traffic signal,01 - Functioning,03 - P.D. only,03 - Rear end,0
17-3091,PARENT AVE @ ST. PATRICK ST,367822.70564,5032556.59300,-75.69456560290,45.43010291900,2017-03-24,9:30:00 PM,03 - Snow,07 - Dark,04 - Slush,01 - Traffic signal,01 - Functioning,03 - P.D. only,05 - Turning movement,0
17-3092,GREENBANK RD btwn WEST HUNT CLUB RD & FALLOWFIELD RD,362269.98052,5018621.62397,-75.76714464850,45.30519572310,2017-03-24,9:37:00 PM,03 - Snow,07 - Dark,03 - Loose snow,10 - No control,,03 - P.D. only,07 - SMV other,0
17-3093,MARAVISTA DR @ STRANDHERD DR,361288.43810,5014584.95810,-75.78011984030,45.26895318370,2017-03-24,9:54:00 PM,04 - Freezing Rain,07 - Dark,04 - Slush,01 - Traffic signal,01 - Functioning,03 - P.D. only,07 - SMV other,0
17-3094,GREENBANK RD btwn WEST HUNT CLUB RD & FALLOWFIELD RD,362251.41521,5018663.09219,-75.76737656670,45.30557037300,2017-03-24,9:55:00 PM,03 - Snow,07 - Dark,03 - Loose snow,10 - No control,,02 - Non-fatal injury,07 - SMV other,0
17-3095,LIMEBANK RD btwn RIVER RD & BALMORAL DR,368451.10700,5020288.19827,-75.68811659310,45.31965835040,2017-03-24,10:08:00 PM,03 - Snow,07 - Dark,04 - Slush,10 - No control,,03 - P.D. only,04 - Sideswipe,0
17-3096,KINBURN SIDE RD btwn WOODKILTON RD & DUNROBIN RD,337411.30296,5035391.03256,-76.08302233470,45.45768736710,2017-03-24,10:13:00 PM,03 - Snow,07 - Dark,03 - Loose snow,10 - No control,,03 - P.D. only,07 - SMV other,0
17-3097,FALLOWFIELD RD @ WOLFGANG DR,363407.02495,5016944.79339,-75.75284450670,45.29001366870,2017-03-24,10:36:00 PM,03 - Snow,07 - Dark,04 - Slush,02 - Stop sign,01 - Functioning,03 - P.D. only,07 - SMV other,0
17-3098,RAMSAYVILLE RD @ RIDGE RD,376683.41135,5028861.52971,-75.58187781860,45.39600232320,2017-03-24,10:15:00 PM,03 - Snow,07 - Dark,03 - Loose snow,02 - Stop sign,01 - Functioning,03 - P.D. only,05 - Turning movement,0
17-3099,BASELINE RD @ MONTEREY DR,359792.66776,5022155.49880,-75.79834042950,45.33719200060,2017-03-25,12:27:00 AM,03 - Snow,07 - Dark,04 - Slush,01 - Traffic signal,01 - Functioning,03 - P.D. only,07 - SMV other,0
17-3100,WOODROFFE AVE @ KNOXDALE RD/MEDHURST DR,363420.79749,5021826.23884,-75.75209143000,45.33393559610,2017-03-25,12:48:00 AM,02 - Rain,07 - Dark,02 - Wet,01 - Traffic signal,01 - Functioning,03 - P.D. only,03 - Rear end,0
17-3101,PINECREST RD/HWY 417 PINECRE IC129R63 @ TRANSI,360388.29471,5023676.66929,-75.79057037690,45.35083254210,2017-03-25,1:32:00 AM,02 - Rain,07 - Dark,02 - Wet,01 - Traffic signal,01 - Functioning,03 - P.D. only,03 - Rear end,0
17-3102,MERIVALE RD btwn RAVEN AVE & LAROSE AVE,364843.48086,5026888.21885,-75.73332701350,45.37936226980,2017-03-25,2:33:00 AM,03 - Snow,07 - Dark,02 - Wet,10 - No control,,01 - Fatal injury,07 - SMV other,0
17-3103,MERIVALE RD btwn WEST HUNT CLUB RD & JAMIE AVE,365623.73199,5021920.42462,-75.72397644210,45.33459557740,2017-03-25,5:53:00 AM,03 - Snow,03 - Dawn,03 - Loose snow,10 - No control,,03 - P.D. only,07 - SMV other,0
17-3104,GRENON AVE btwn CARLING AVE & MICHELE DR,359630.73897,5024261.29908,-75.80017289830,45.35615267650,2017-03-25,12:00:00 AM,01 - Clear,00 - Unknown,03 - Loose snow,10 - No control,,03 - P.D. only,06 - SMV unattended vehicle,0
17-3105,RIVERSIDE DR @ SAN REMO PRIV,370385.86375,5030402.20944,-75.66209851300,45.41048297420,2017-03-24,9:15:00 PM,03 - Snow,07 - Dark,03 - Loose snow,01 - Traffic signal,01 - Functioning,03 - P.D. only,07 - SMV other,0
17-3106,RIVERSIDE DR RAMP 42A @ RIVERSIDE DR,368441.89827,5027267.53192,-75.68733577360,45.38245758960,2017-03-25,8:38:00 AM,01 - Clear,01 - Daylight,01 - Dry,03 - Yield sign,01 - Functioning,03 - P.D. only,03 - Rear end,0
17-3107,BANK ST @ RIVERSIDE DR S,369305.05155,5027893.21511,-75.67623325810,45.38800834280,2017-03-25,9:09:00 AM,01 - Clear,01 - Daylight,01 - Dry,01 - Traffic signal,01 - Functioning,03 - P.D. only,02 - Angle,0
17-3108,BANK ST btwn WALKLEY RD & SURREY AVE,370344.20652,5025925.66132,-75.66322524670,45.37020847870,2017-03-25,11:02:00 AM,01 - Clear,01 - Daylight,01 - Dry,10 - No control,,03 - P.D. only,02 - Angle,0
17-3109,SOMERSET ST    W btwn PERCY ST & BAY ST,367179.52263,5030605.95534,-75.70303170480,45.41260935440,2017-03-25,12:00:00 AM,01 - Clear,00 - Unknown,01 - Dry,10 - No control,,03 - P.D. only,06 - SMV unattended vehicle,0
17-3110,BOUDREAU ST btwn DUFORD ST & GRANVILLE ST,370706.91208,5033889.37007,-75.65753074030,45.44182881480,2017-03-25,12:30:00 AM,03 - Snow,07 - Dark,04 - Slush,10 - No control,,03 - P.D. only,06 - SMV unattended vehicle,0
17-3111,PRINCE OF WALES DR btwn RIDEAU GLEN DR & FALLOWFIELD RD,367410.07789,5019110.95181,-75.70154260760,45.30915927070,2017-03-24,6:45:00 PM,03 - Snow,07 - Dark,02 - Wet,10 - No control,,03 - P.D. only,07 - SMV other,0
17-3112,HWY 417 VANIER IC117R63 @ VANIER PKWY,370799.28613,5031397.82628,-75.65668401820,45.41940226500,2017-03-25,12:31:00 PM,01 - Clear,01 - Daylight,02 - Wet,01 - Traffic signal,01 - Functioning,03 - P.D. only,03 - Rear end,0
17-3113,CYRVILLE RD @ OGILVIE RD,372454.05355,5032007.57649,-75.63545862920,45.42473045580,2017-03-25,12:48:00 PM,01 - Clear,01 - Daylight,01 - Dry,01 - Traffic signal,01 - Functioning,03 - P.D. only,04 - Sideswipe,0
17-3114,LEITRIM RD @ ALBION RD,373497.25065,5020421.26789,-75.62374078590,45.32038003620,2017-03-24,8:15:00 PM,03 - Snow,07 - Dark,03 - Loose snow,01 - Traffic signal,01 - Functioning,03 - P.D. only,03 - Rear end,0
17-3115,DALY AVE @ NICHOLAS ST,368228.45147,5032046.94893,-75.68944630050,45.42548064060,2017-03-25,1:06:00 PM,03 - Snow,01 - Daylight,03 - Loose snow,01 - Traffic signal,01 - Functioning,03 - P.D. only,03 - Rear end,0
17-3116,LONGFIELDS DR @ WOODROFFE AVE,365421.92037,5017108.07060,-75.72713983390,45.29131191160,2017-03-25,12:35:00 PM,01 - Clear,01 - Daylight,01 - Dry,01 - Traffic signal,01 - Functioning,03 - P.D. only,03 - Rear end,0
17-3117,YORK ST WB btwn BYWARD MARKE SQ & SUSSEX DR,367837.84496,5032287.40587,-75.69440659670,45.42767950150,2017-03-25,1:11:00 PM,01 - Clear,01 - Daylight,02 - Wet,10 - No control,,03 - P.D. only,05 - Turning movement,0
17-3118,MONTREAL RD @ VANIER PKWY,370073.46027,5033065.96733,-75.66573629570,45.43447961610,2017-03-24,11:30:00 PM,01 - Clear,07 - Dark,03 - Loose snow,01 - Traffic signal,01 - Functioning,03 - P.D. only,03 - Rear end,0
17-3119,CRESTWAY DR @ PRINCE OF WALES DR,367371.27647,5016577.28423,-75.70235710040,45.28636508850,2017-03-25,1:22:00 PM,01 - Clear,01 - Daylight,01 - Dry,01 - Traffic signal,01 - Functioning,03 - P.D. only,03 - Rear end,0
17-3120,BLAIR ST btwn DORION AVE & DRAKE AVE,370820.13092,5030156.06781,-75.65658403730,45.40822745860,2017-03-24,10:30:00 PM,03 - Snow,07 - Dark,05 - Packed snow,10 - No control,,03 - P.D. only,07 - SMV other,0
17-3121,CLYDE AVE btwn CLYDE AVE & STARWOOD RD,364443.30774,5024700.99866,-75.73870029550,45.35971618170,2017-03-25,2:06:00 PM,01 - Clear,01 - Daylight,01 - Dry,10 - No control,,02 - Non-fatal injury,02 - Angle,0
17-3122,MARCH RD btwn DUNROBIN RD & MURPHY CRT,347708.81456,5025758.57472,-75.95219931220,45.37045646850,2017-03-25,2:46:00 PM,01 - Clear,01 - Daylight,02 - Wet,10 - No control,,03 - P.D. only,03 - Rear end,0
17-3123,BANK ST @ CONROY RD,375043.74676,5022237.16111,-75.60375939670,45.33656569260,2017-03-23,5:00:00 PM,01 - Clear,01 - Daylight,01 - Dry,01 - Traffic signal,01 - Functioning,03 - P.D. only,02 - Angle,0
17-3124,STRANDHERD DR btwn GREENBANK RD & Continuation of STRANDHERD DR,363977.83106,5014810.50416,-75.74582265630,45.27076149810,2017-03-25,5:00:00 PM,01 - Clear,01 - Daylight,02 - Wet,10 - No control,,02 - Non-fatal injury,03 - Rear end,0
17-3125,KANATA AVE btwn CAMPEAU DR & EARL GREY DR,350751.13204,5019310.04109,-75.91396011750,45.31223830580,2017-03-25,5:03:00 PM,03 - Snow,01 - Daylight,04 - Slush,10 - No control,,03 - P.D. only,03 - Rear end,0
17-3126,ROYDON PL btwn WOODFIELD DR & WEST HUNT CLUB RD,365931.07377,5022232.18027,-75.72001705520,45.33737400330,2017-03-25,5:05:00 PM,01 - Clear,01 - Daylight,01 - Dry,10 - No control,,03 - P.D. only,02 - Angle,0
17-3127,VANIER PKWY/CRICHTON ST @ BEECHWOOD AVE/ST. PA,369127.77085,5033486.70222,-75.67776696340,45.43835285970,2017-03-25,5:14:00 PM,01 - Clear,01 - Daylight,02 - Wet,01 - Traffic signal,00 - Unknown,03 - P.D. only,03 - Rear end,0
17-3128,ST. JOSEPH BLVD @ JEANNE D'ARC BLVD,379859.73916,5036470.24311,-75.54015441340,45.46412678650,2017-03-25,5:37:00 PM,01 - Clear,01 - Daylight,01 - Dry,11 - Roundabout,01 - Functioning,03 - P.D. only,04 - Sideswipe,0
17-3129,ROGER STEVENS DR btwn MCCORDICK RD & CRAIGHURST DR,364795.10065,4998412.27351,-75.73738167070,45.12313909910,2017-03-25,6:09:00 PM,01 - Clear,05 - Dusk,01 - Dry,10 - No control,,03 - P.D. only,07 - SMV other,0
17-3130,BIRCHMOUNT DR btwn CEDARCROFT CRES & LILY LANE,374136.10994,5032158.67839,-75.61394515920,45.42592528730,2017-03-24,12:00:00 AM,01 - Clear,00 - Unknown,02 - Wet,10 - No control,,03 - P.D. only,06 - SMV unattended vehicle,0