COLLISION_ID,LOCATION,X,Y,LONGITUDE,LATITUDE,DATE,TIME,ENVIRONMENT,LIGHT,SURFACE_CONDITION,TRAFFIC_CONTROL,TRAFFIC_CONTROL_CONDITION,COLLISION_CLASSIFICATION,IMPACT_TYPE,NO_OF_PEDESTRIANS
17-3131,WOODROFFE AVE @ GEORGINA DR/LENESTER AVE,361909.56445,5025370.91949,-75.77096141600,45.36595505310,2017-03-25,7:00:00 PM,01 - Clear,07 - Dark,01 - Dry,01 - Traffic signal,01 - Functioning,03 - P.D. only,07 - SMV other,0
17-3132,GOOD ST btwn PARKWAY RD & SHIELDS DR,378169.85411,5013805.31570,-75.56512622220,45.26037979700,2017-03-25,1:00:00 PM,01 - Clear,01 - Daylight,03 - Loose snow,10 - No control,,03 - P.D. only,06 - SMV unattended vehicle,0
17-3133,HOLLAND AVE @ ISLAND PARK DR/N.C.C. DRIVEWAY,365426.03205,5027916.86620,-75.72576297830,45.38856766020,2017-03-25,10:54:00 PM,01 - Clear,07 - Dark,01 - Dry,01 - Traffic signal,01 - Functioning,03 - P.D. only,02 - Angle,0
17-3134,FISHER AVE @ MEADOWLANDS DR,366575.81537,5025044.32030,-75.71144015220,45.36262065960,2017-03-25,11:39:00 PM,04 - Freezing Rain,07 - Dark,06 - Ice,01 - Traffic signal,01 - Functioning,03 - P.D. only,03 - Rear end,0
17-3135,SUSSEX DR btwn 151 W OF KING EDWARD AVE/L.B. PEARSON BUILDING & RAMP,367625.64408,5033415.62156,-75.69697419460,45.43784989150,2017-03-26,12:30:00 AM,01 - Clear,07 - Dark,01 - Dry,10 - No control,,03 - P.D. only,04 - Sideswipe,0
17-3136,BANK ST btwn MACLAREN ST & GILMOUR ST,367749.40241,5030836.87215,-75.69572207690,45.41463604110,2017-03-26,3:04:00 AM,01 - Clear,07 - Dark,01 - Dry,10 - No control,,03 - P.D. only,04 - Sideswipe,0
17-3137,LAURIER AVE @ LYON ST,367154.03015,5031067.23151,-75.70329900590,45.41676205060,2017-03-26,12:02:00 PM,01 - Clear,01 - Daylight,01 - Dry,01 - Traffic signal,01 - Functioning,03 - P.D. only,02 - Angle,0
17-3138,CARSON'S RD btwn CHARLESWOOD AVE & DEN HAAG DR,372985.80539,5033897.08397,-75.62840256330,45.44167966510,2017-03-26,11:30:00 AM,01 - Clear,01 - Daylight,01 - Dry,10 - No control,,03 - P.D. only,06 - SMV unattended vehicle,0
17-3139,MERIVALE RD @ WEST HUNT CLUB RD,365614.19614,5021942.87343,-75.72409533680,45.33479839530,2017-03-26,1:03:00 PM,01 - Clear,01 - Daylight,01 - Dry,01 - Traffic signal,01 - Functioning,03 - P.D. only,03 - Rear end,0
17-3140,HAIG DR @ RUSSELL RD,372730.73060,5029659.93853,-75.63224700080,45.40358068250,2017-03-26,2:17:00 PM,01 - Clear,01 - Daylight,01 - Dry,01 - Traffic signal,01 - Functioning,03 - P.D. only,03 - Rear end,0
17-3141,MEADOWLANDS DR btwn TURN LANE & SULLIVAN AVE,363234.38245,5022824.51067,-75.75435169680,45.34293352270,2017-03-26,2:40:00 PM,01 - Clear,01 - Daylight,02 - Wet,10 - No control,,03 - P.D. only,06 - SMV unattended vehicle,0
17-3142,BASELINE RD @ LOBLAWS SC,364742.65109,5025129.49658,-75.73482778250,45.36354621170,2017-03-26,2:50:00 PM,01 - Clear,01 - Daylight,02 - Wet,01 - Traffic signal,01 - Functioning,02 - Non-fatal injury,03 - Rear end,0
17-3143,CENTERRA CRT btwn END & KILBIRNIE DR,365312.41530,5011768.38240,-75.72918635410,45.24327490490,2017-03-26,3:32:00 PM,01 - Clear,01 - Daylight,02 - Wet,10 - No control,,03 - P.D. only,06 - SMV unattended vehicle,0
17-3144,BANK ST @ RIDEAU RD,376953.74916,5017845.81039,-75.58003239020,45.29686042750,2017-03-26,3:52:00 PM,01 - Clear,01 - Daylight,01 - Dry,01 - Traffic signal,01 - Functioning,03 - P.D. only,03 - Rear end,0
17-3145,CARP RD @ ARBOURBROOK BLVD,344913.53943,5018634.44502,-75.98846161290,45.30651676550,2017-03-26,4:30:00 PM,02 - Rain,01 - Daylight,02 - Wet,02 - Stop sign,00 - Unknown,03 - P.D. only,05 - Turning movement,0
17-3146,MEADOWLANDS DR btwn HOGAN ST & NESS ST,366391.10246,5024928.46270,-75.71381220290,45.36159444880,2017-03-26,5:00:00 PM,02 - Rain,01 - Daylight,02 - Wet,10 - No control,,03 - P.D. only,03 - Rear end,0
17-3147,ST. JOSEPH BLVD @ JEANNE D'ARC BLVD,379861.74584,5036471.58090,-75.54012855280,45.46413860740,2017-03-26,6:43:00 PM,02 - Rain,05 - Dusk,02 - Wet,11 - Roundabout,01 - Functioning,03 - P.D. only,04 - Sideswipe,0
17-3148,ROGER GUINDON AVE btwn PETER MORAND CRES & PETER MORAND CRES,371919.48828,5029574.86067,-75.64262028560,45.40289344190,2017-03-26,9:55:00 PM,04 - Freezing Rain,07 - Dark,06 - Ice,10 - No control,,03 - P.D. only,06 - SMV unattended vehicle,0
17-3149,RIVERSIDE DR btwn 175 S OF HUNT CLUB  RD & GL/OT BOUNDARY,367973.98327,5021444.29465,-75.69405430290,45.33010379400,2017-03-27,4:27:00 AM,02 - Rain,07 - Dark,02 - Wet,10 - No control,,03 - P.D. only,07 - SMV other,0
17-3150,ST. LAURENT BLVD btwn CLARKE AVE & COTE ST,371741.07582,5033342.88756,-75.64438711620,45.43681356400,2017-03-27,5:42:00 AM,02 - Rain,03 - Dawn,02 - Wet,10 - No control,,03 - P.D. only,07 - SMV other,0
17-3151,CATHERINE ST/HWY 417 O'CONN IC119BR76 @ O'CONN,368244.30131,5030392.63252,-75.68945677900,45.41059422230,2017-03-27,6:22:00 AM,04 - Freezing Rain,03 - Dawn,02 - Wet,01 - Traffic signal,01 - Functioning,03 - P.D. only,02 - Angle,0
17-3152,CAMPBELLCROFT RD btwn SPRINGHILL RD & DALMENY RD,383482.91680,5005121.31874,-75.49880996680,45.18167138430,2017-03-27,8:27:00 AM,02 - Rain,01 - Daylight,06 - Ice,10 - No control,,03 - P.D. only,07 - SMV other,0
17-3153,HAZELDEAN RD @ TERRY FOX DR,352207.27655,5017241.78210,-75.89558792500,45.29353080990,2017-03-27,9:07:00 AM,02 - Rain,01 - Daylight,02 - Wet,01 - Traffic signal,01 - Functioning,03 - P.D. only,02 - Angle,0
17-3154,SOMERSET ST    W btwn PRESTON ST & ROCHESTER ST,366351.51131,5030145.62870,-75.71366694720,45.40854077950,2017-03-27,10:11:00 AM,02 - Rain,01 - Daylight,02 - Wet,10 - No control,,03 - P.D. only,04 - Sideswipe,0
17-3155,MONTREAL RD btwn OGILVIE RD & LAPORTE ST,375683.83199,5034573.97740,-75.59382129700,45.44750158950,2017-03-27,11:51:00 AM,02 - Rain,01 - Daylight,02 - Wet,10 - No control,,03 - P.D. only,05 - Turning movement,0
17-3156,PARKDALE AVE btwn GRANT ST & WELLINGTON ST W,365144.68388,5029286.60921,-75.72918812180,45.40091661210,2017-03-27,11:55:00 AM,02 - Rain,01 - Daylight,02 - Wet,10 - No control,,03 - P.D. only,02 - Angle,0
17-3157,STAR TOP RD btwn ALGOMA RD & Continuation of STAR TOP RD,373978.58012,5031099.09910,-75.61610679230,45.41640733360,2017-03-24,12:00:00 AM,03 - Snow,00 - Unknown,03 - Loose snow,10 - No control,,03 - P.D. only,06 - SMV unattended vehicle,0
17-3158,CARLING AVE @ FAIRLAWN AVE/WOODROFFE AVE E,361934.68410,5025830.52790,-75.77058762240,45.37008852270,2017-03-27,12:28:00 PM,02 - Rain,01 - Daylight,02 - Wet,01 - Traffic signal,01 - Functioning,02 - Non-fatal injury,05 - Turning movement,0
17-3159,BANK ST btwn BELANGER AVE & ROCKINGHAM AVE,369659.40552,5027418.85215,-75.67177076220,45.38370745540,2017-03-26,1:55:00 PM,02 - Rain,01 - Daylight,03 - Loose snow,10 - No control,,03 - P.D. only,02 - Angle,0
17-3160,LYNDA LANE @ SMYTH RD,371612.05685,5029191.54810,-75.64659888130,45.39947396060,2017-03-27,2:01:00 PM,02 - Rain,01 - Daylight,02 - Wet,02 - Stop sign,01 - Functioning,02 - Non-fatal injury,02 - Angle,0
17-3161,BRONSON AVE btwn UNIVERSITY RD & BREWER WAY,368060.55212,5027854.06132,-75.69212964940,45.38776955820,2017-03-27,3:13:00 PM,02 - Rain,01 - Daylight,02 - Wet,10 - No control,,02 - Non-fatal injury,04 - Sideswipe,0
17-3162,GRENON AVE @ RICHMOND RD,359808.34274,5024034.17900,-75.79793151200,45.35409514160,2017-03-27,3:34:00 PM,02 - Rain,01 - Daylight,02 - Wet,01 - Traffic signal,01 - Functioning,03 - P.D. only,01 - Approaching,0
17-3163,BASELINE RD/HERON RD @ PRINCE OF WALES DR,366872.18366,5026443.00772,-75.70748167340,45.37517956210,2017-03-27,3:32:00 PM,01 - Clear,01 - Daylight,01 - Dry,01 - Traffic signal,01 - Functioning,03 - P.D. only,03 - Rear end,0
17-3164,MONTREAL RD btwn MISS OTTAWA ST & GATESTONE PRIV,375826.06313,5034669.57957,-75.59198944270,45.44834732070,2017-03-23,4:05:00 PM,01 - Clear,01 - Daylight,01 - Dry,10 - No control,,03 - P.D. only,03 - Rear end,0
17-3165,HUNT CLUB RD @ RIVERSIDE DR,368036.70046,5021945.50071,-75.69319023080,45.33460790030,2017-03-27,4:15:00 PM,02 - Rain,01 - Daylight,02 - Wet,01 - Traffic signal,01 - Functioning,03 - P.D. only,03 - Rear end,0
17-3166,SPRUCE RIDGE RD btwn RICHARDSON SIDE RD & HAZELDEAN RD,344730.42464,5012675.47315,-75.99127605840,45.25290582100,2017-03-27,4:21:00 PM,02 - Rain,01 - Daylight,02 - Wet,10 - No control,,03 - P.D. only,07 - SMV other,0
17-3167,CARLING AVE EB btwn CLYDE AVE & CHURCHILL AVE N,363737.48294,5026972.77763,-75.74743776250,45.38021702990,2017-03-27,3:30:00 PM,01 - Clear,01 - Daylight,02 - Wet,10 - No control,,03 - P.D. only,04 - Sideswipe,0
17-3168,MERIVALE RD @ SLACK RD,366019.70030,5020955.11777,-75.71904430470,45.32587544110,2017-03-27,4:31:00 PM,02 - Rain,01 - Daylight,02 - Wet,01 - Traffic signal,01 - Functioning,03 - P.D. only,03 - Rear end,0
17-3169,FLORA ST btwn KENT ST & BANK ST,367915.62258,5030378.35250,-75.69365727740,45.41049545430,2017-03-03,7:00:00 PM,01 - Clear,05 - Dusk,01 - Dry,10 - No control,,03 - P.D. only,06 - SMV unattended vehicle,0
17-3170,KANATA AVE/CASTLEFRANK RD @ AIRD PL,351811.06018,5019069.17559,-75.90046586120,45.31000078270,2017-03-27,3:50:00 PM,02 - Rain,01 - Daylight,06 - Ice,01 - Traffic signal,01 - Functioning,03 - P.D. only,03 - Rear end,0
17-3171,FALLOWFIELD RD @ HOLITMAN DR,363742.35135,5017135.78189,-75.74854724900,45.29170413750,2017-03-27,4:58:00 PM,"07 - Fog, mist, smoke, dust",01 - Daylight,02 - Wet,02 - Stop sign,01 - Functioning,03 - P.D. only,02 - Angle,0
17-3172,BANK ST btwn CAHILL DR & TURN LANE (1),371520.77663,5024125.93764,-75.64844911100,45.35390415670,2017-03-27,5:41:00 PM,02 - Rain,01 - Daylight,02 - Wet,10 - No control,,03 - P.D. only,02 - Angle,0
17-3173,BLAIR RD @ INNES RD,375578.40045,5031439.55510,-75.59561955350,45.41931056900,2017-03-27,3:30:00 PM,02 - Rain,01 - Daylight,02 - Wet,01 - Traffic signal,00 - Unknown,03 - P.D. only,04 - Sideswipe,0
17-3174,BASELINE RD/HERON RD @ PRINCE OF WALES DR,366875.37874,5026439.20120,-75.70744136300,45.37514502910,2017-03-28,7:52:00 AM,02 - Rain,01 - Daylight,02 - Wet,01 - Traffic signal,01 - Functioning,03 - P.D. only,03 - Rear end,0
17-3175,BRONSON AVE @ HOLMWOOD AVE,367702.20864,5028728.41780,-75.69659396710,45.39566904750,2017-03-28,8:13:00 AM,01 - Clear,01 - Daylight,02 - Wet,01 - Traffic signal,00 - Unknown,02 - Non-fatal injury,03 - Rear end,0
17-3176,COLE AVE btwn GREENWOOD AVE & ROOSEVELT AVE,363344.42644,5027146.39774,-75.75243561190,45.38181219470,2017-03-25,12:00:00 AM,01 - Clear,00 - Unknown,04 - Slush,10 - No control,,03 - P.D. only,06 - SMV unattended vehicle,0
17-3177,TERON RD @ BEAVERBROOK RD/PENFIELD DR N,351884.53154,5021214.00664,-75.89932503340,45.32929553320,2017-03-28,8:36:00 AM,02 - Rain,01 - Daylight,02 - Wet,01 - Traffic signal,01 - Functioning,02 - Non-fatal injury,07 - SMV other,1
17-3178,INDUSTRIAL AVE btwn TRAINYARDS DR & RUSSELL RD,372004.15692,5030464.46742,-75.64141759800,45.41088961790,2017-03-28,9:03:00 AM,01 - Clear,01 - Daylight,02 - Wet,10 - No control,,02 - Non-fatal injury,02 - Angle,0
17-3179,MEDHURST DR btwn NESTOW DR & NESTOW DR,364323.49885,5022127.02173,-75.74053922140,45.33656601960,2017-03-28,9:15:00 AM,01 - Clear,01 - Daylight,01 - Dry,10 - No control,,03 - P.D. only,99 - Other,0
17-3180,BANK ST @ FOURTH AVE,368368.05075,5029476.56560,-75.68799406350,45.40234051820,2017-03-28,9:28:00 AM,01 - Clear,01 - Daylight,02 - Wet,02 - Stop sign,01 - Functioning,03 - P.D. only,02 - Angle,0
17-3181,RICHMOND RD @ NORTHSIDE RD E,358327.96530,5021224.93714,-75.81712807210,45.32893202470,2017-03-28,10:06:00 AM,01 - Clear,01 - Daylight,02 - Wet,01 - Traffic signal,01 - Functioning,03 - P.D. only,02 - Angle,0
17-3182,INDUSTRIAL AVE btwn RUSSELL RD & ST. LAURENT BLVD,372783.77031,5029993.05190,-75.63152361770,45.40657273800,2017-03-28,10:17:00 AM,01 - Clear,01 - Daylight,02 - Wet,10 - No control,,03 - P.D. only,02 - Angle,0
17-3183,HAWTHORNE RD/RUSSELL RD @ WALKLEY RD,374675.07835,5028500.21020,-75.60757700860,45.39295464380,2017-03-28,11:25:00 AM,01 - Clear,01 - Daylight,02 - Wet,01 - Traffic signal,01 - Functioning,02 - Non-fatal injury,05 - Turning movement,0
17-3184,PRINCE OF WALES DR @ STRANDHERD DR,367175.62425,5014822.85321,-75.70507145260,45.27059625270,2017-03-28,10:45:00 AM,01 - Clear,01 - Daylight,01 - Dry,01 - Traffic signal,01 - Functioning,03 - P.D. only,99 - Other,0
17-3185,KENT ST @ SOMERSET ST,367526.36675,5030815.56490,-75.69857413960,45.41446435330,2017-03-28,12:05:00 PM,01 - Clear,01 - Daylight,02 - Wet,01 - Traffic signal,01 - Functioning,03 - P.D. only,05 - Turning movement,0
17-3186,STONEHAVEN DR btwn RICHMOND RD & SAWYER WAY/SUMMITVIEW DR,356736.48705,5015868.27959,-75.83799090700,45.28085163930,2017-03-28,12:11:00 PM,01 - Clear,01 - Daylight,02 - Wet,10 - No control,,03 - P.D. only,02 - Angle,0
17-3187,OR174 IC112 RAMP51 btwn REGIONAL ROAD 174 & OR174 IC112 RAMP52,374967.38127,5032878.43813,-75.60322098630,45.43231839100,2017-03-28,12:56:00 PM,01 - Clear,01 - Daylight,01 - Dry,10 - No control,,03 - P.D. only,07 - SMV other,0
17-3188,DEAKIN ST @ PRINCE OF WALES DR,367391.04555,5021523.48780,-75.70148042130,45.33086859180,2017-03-28,1:18:00 PM,01 - Clear,01 - Daylight,01 - Dry,01 - Traffic signal,01 - Functioning,03 - P.D. only,05 - Turning movement,0
17-3189,HAWTHORNE RD/RUSSELL RD @ WALKLEY RD,374675.07835,5028499.54130,-75.60757710330,45.39294862530,2017-03-14,3:45:00 PM,01 - Clear,01 - Daylight,01 - Dry,01 - Traffic signal,01 - Functioning,03 - P.D. only,04 - Sideswipe,0
17-3190,CYRVILLE RD btwn STAR TOP RD & MEADOWBROOK RD,374301.11759,5031328.16212,-75.61195392690,45.41843636150,2017-03-28,2:36:00 PM,01 - Clear,01 - Daylight,02 - Wet,10 - No control,,03 - P.D. only,03 - Rear end,0
17-3191,BELFAST RD @ ST. LAURENT BLVD,372861.47457,5030577.43630,-75.63045039790,45.41182320900,2017-03-28,3:22:00 PM,01 - Clear,01 - Daylight,01 - Dry,01 - Traffic signal,01 - Functioning,03 - P.D. only,03 - Rear end,0
17-3192,BAY ST @ LAURIER AVE,367035.03985,5030998.91029,-75.70482783270,45.41615791080,2017-03-28,3:24:00 PM,01 - Clear,01 - Daylight,01 - Dry,01 - Traffic signal,01 - Functioning,02 - Non-fatal injury,07 - SMV other,1
17-3193,PINECREST RD @ THORSON AVE,360748.74340,5022779.58582,-75.78607209100,45.34273194110,2017-03-28,3:26:00 PM,01 - Clear,01 - Daylight,01 - Dry,02 - Stop sign,01 - Functioning,03 - P.D. only,99 - Other,0
17-3194,PRINCE OF WALES DR btwn WELLSMERE CRT & TURN LANE,367391.05938,5022310.20996,-75.70138074990,45.33794737650,2017-03-28,3:47:00 PM,01 - Clear,01 - Daylight,01 - Dry,10 - No control,,02 - Non-fatal injury,05 - Turning movement,0
17-3195,RIVERSIDE DR @ TREMBLAY RD/HWY417 IC117 RAMP52,370802.82857,5031015.53267,-75.65668996480,45.41596221010,2017-03-28,4:30:00 PM,01 - Clear,01 - Daylight,01 - Dry,01 - Traffic signal,01 - Functioning,02 - Non-fatal injury,03 - Rear end,0
17-3196,JOCKVALE RD @ FABLE ST/WEYBRIDGE DR E,362514.18094,5015143.05657,-75.76443556930,45.27387546440,2017-03-27,9:25:00 PM,"07 - Fog, mist, smoke, dust",07 - Dark,01 - Dry,11 - Roundabout,01 - Functioning,03 - P.D. only,03 - Rear end,0
17-3197,RICHMOND RD @ HOLLY ACRES RD/NANAIMO DR,359057.66826,5022748.49610,-75.80765267430,45.34258503180,2017-03-28,5:07:00 PM,01 - Clear,01 - Daylight,01 - Dry,01 - Traffic signal,01 - Functioning,03 - P.D. only,02 - Angle,0
17-3198,MITCH OWENS RD btwn SALE BARN RD & HAWTHORNE RD,378959.86829,5016707.94020,-75.55462773740,45.28641352170,2017-03-28,5:00:00 PM,01 - Clear,01 - Daylight,01 - Dry,10 - No control,,03 - P.D. only,07 - SMV other,0
17-3199,ISLAND PARK DR @ RICHMOND RD,364130.35225,5028867.55680,-75.74219392790,45.39723275710,2017-03-28,5:56:00 PM,02 - Rain,01 - Daylight,02 - Wet,01 - Traffic signal,01 - Functioning,03 - P.D. only,05 - Turning movement,0
17-3200,WOODROFFE AVE btwn NAVAHO DR & Continuation of WOODROFFE AVE,362783.36558,5023359.34969,-75.76004368860,45.34778339050,2017-03-28,8:58:00 PM,01 - Clear,07 - Dark,01 - Dry,10 - No control,,03 - P.D. only,06 - SMV unattended vehicle,0
17-3201,TERRY FOX DR S @ DIDSBURY RD/CENTRUM KANATA SC,350620.11811,5018914.69132,-75.91566747860,45.30868940380,2017-03-28,9:38:00 PM,01 - Clear,07 - Dark,01 - Dry,01 - Traffic signal,01 - Functioning,03 - P.D. only,05 - Turning movement,0
17-3202,GREENBANK RD @ WEST HUNT CLUB RD,361480.01145,5020503.14810,-75.77700224840,45.32218989030,2017-03-28,9:47:00 PM,01 - Clear,07 - Dark,01 - Dry,01 - Traffic signal,01 - Functioning,03 - P.D. only,03 - Rear end,0
17-3203,ELGIN ST btwn WAVERLEY ST & FRANK ST,368345.57772,5030907.52767,-75.68809665230,45.41521789000,2017-03-28,11:18:00 PM,01 - Clear,07 - Dark,01 - Dry,10 - No control,,03 - P.D. only,06 - SMV unattended vehicle,0
17-3204,WEST HUNT CLUB RD btwn MOODIE DR & HWY416 IC72 RAMP53,358087.91926,5018602.80353,-75.82047226640,45.30535609710,2017-03-29,7:41:00 AM,01 - Clear,01 - Daylight,01 - Dry,10 - No control,,03 - P.D. only,07 - SMV other,0
17-3205,RICHMOND RD btwn ROOSEVELT AVE & WINSTON AVE,362997.04770,5028130.52726,-75.75675493770,45.39069619610,2017-03-29,12:00:00 AM,01 - Clear,00 - Unknown,01 - Dry,10 - No control,,03 - P.D. only,06 - SMV unattended vehicle,0
17-3206,HAWTHORNE RD @ STEVENAGE DR,375136.74049,5027313.53695,-75.60185064690,45.38223132790,2017-03-29,8:17:00 AM,01 - Clear,01 - Daylight,01 - Dry,01 - Traffic signal,01 - Functioning,03 - P.D. only,03 - Rear end,0
17-3207,BELFAST RD @ COVENTRY RD,371524.72444,5031641.56460,-75.64738263660,45.42152650650,2017-03-29,8:36:00 AM,01 - Clear,01 - Daylight,01 - Dry,01 - Traffic signal,01 - Functioning,03 - P.D. only,04 - Sideswipe,0
17-3208,AIRPORT PKWY btwn AIRPORT PKWY/WALKLEY RD SOUTHBOUND ON RAMP,370209.38401,5025284.17522,-75.66503121060,45.36444918310,2017-03-29,9:02:00 AM,01 - Clear,01 - Daylight,01 - Dry,10 - No control,,02 - Non-fatal injury,01 - Approaching,0
17-3209,GUIGUES AVE btwn CUMBERLAND ST & KING EDWARD AVE,368140.83143,5032863.30615,-75.69046088660,45.43283387570,2017-03-29,12:00:00 AM,01 - Clear,00 - Unknown,01 - Dry,10 - No control,,03 - P.D. only,06 - SMV unattended vehicle,0
17-3210,BASELINE RD @ WOODROFFE AVE,362550.69354,5023772.51139,-75.76296444270,45.35152018620,2017-03-29,9:06:00 AM,01 - Clear,01 - Daylight,01 - Dry,01 - Traffic signal,01 - Functioning,03 - P.D. only,04 - Sideswipe,0
17-3211,WILLOW ST btwn ROCHESTER ST & BOOTH ST,366702.33380,5029977.22333,-75.70920669150,45.40699457390,2017-03-29,9:56:00 AM,01 - Clear,01 - Daylight,01 - Dry,10 - No control,,02 - Non-fatal injury,06 - SMV unattended vehicle,0
17-3212,MONTREAL RD btwn MONTREAL SQUARE SC & CENTER ST,371794.61780,5033938.87867,-75.64362171890,45.44217088030,2017-03-29,11:27:00 AM,01 - Clear,01 - Daylight,01 - Dry,10 - No control,,03 - P.D. only,04 - Sideswipe,0
17-3213,CONROY RD @ HUNT CLUB RD,373762.99103,5025403.06194,-75.61965709120,45.36517827560,2017-03-28,12:55:00 PM,01 - Clear,01 - Daylight,01 - Dry,01 - Traffic signal,01 - Functioning,03 - P.D. only,03 - Rear end,0
17-3214,ROLAND MICHENER DR btwn EARL GREY DR & END,350847.32323,5018916.65034,-75.91276995930,45.30869217150,2017-03-29,12:52:00 PM,01 - Clear,01 - Daylight,01 - Dry,10 - No control,,03 - P.D. only,04 - Sideswipe,0
17-3215,KNOXDALE RD btwn 33 E OF CAROLA ST & BERTONA ST,362743.98860,5021441.47043,-75.76077075680,45.33052968350,2017-03-29,1:24:00 PM,01 - Clear,01 - Daylight,01 - Dry,10 - No control,,02 - Non-fatal injury,07 - SMV other,1
17-3216,MAPLE GROVE RD @ MONTSERRAT ST/WARMSTONE DR,350006.52110,5016472.74600,-75.92371475420,45.28675581390,2017-03-28,8:00:00 PM,01 - Clear,07 - Dark,01 - Dry,02 - Stop sign,01 - Functioning,03 - P.D. only,07 - SMV other,0
17-3217,GREENBANK RD @ MALVERN DR/FOXFIELD DR,363312.02085,5016195.10220,-75.75414398020,45.28327585690,2017-03-29,2:24:00 PM,01 - Clear,01 - Daylight,01 - Dry,01 - Traffic signal,02 - Not functioning,03 - P.D. only,05 - Turning movement,0
17-3218,GREENBANK RD @ WEST HUNT CLUB RD,361478.17606,5020502.85443,-75.77702569210,45.32218739580,2017-03-29,3:33:00 PM,01 - Clear,01 - Daylight,01 - Dry,01 - Traffic signal,01 - Functioning,03 - P.D. only,03 - Rear end,0
17-3219,MERIVALE RD btwn MEADOWLANDS DR & 210 S OF MEADOWLANDS DR/MERIVALE PL,364886.45910,5023664.64083,-75.73317028370,45.35035334110,2017-03-29,4:11:00 PM,01 - Clear,01 - Daylight,01 - Dry,10 - No control,,03 - P.D. only,02 - Angle,0
17-3220,INNES RD btwn HWY417 IC112 RAMP66 & CYRVILLE RD,375000.56751,5031088.12607,-75.60305204260,45.41620681740,2017-03-29,4:39:00 PM,01 - Clear,01 - Daylight,01 - Dry,10 - No control,,03 - P.D. only,04 - Sideswipe,0
17-3221,HAWTHORNE RD/RUSSELL RD @ WALKLEY RD,374674.09298,5028499.03908,-75.60758975810,45.39294420510,2017-03-29,4:57:00 PM,01 - Clear,01 - Daylight,01 - Dry,01 - Traffic signal,01 - Functioning,03 - P.D. only,03 - Rear end,0
17-3222,NAVAN RD @ TENTH LINE RD,385757.45305,5031833.20200,-75.46551065330,45.42174847880,2017-03-29,5:29:00 PM,01 - Clear,01 - Daylight,01 - Dry,01 - Traffic signal,01 - Functioning,03 - P.D. only,03 - Rear end,0
17-3223,BELLEVUE AVE @ LAPERRIERE AVE,363870.44387,5026551.91843,-75.74579050240,45.37641900520,2017-03-29,5:34:00 PM,01 - Clear,05 - Dusk,01 - Dry,02 - Stop sign,00 - Unknown,02 - Non-fatal injury,03 - Rear end,0
17-3224,O'CONNOR ST @ WELLINGTON ST,367414.03365,5031721.91360,-75.69989405310,45.42262945430,2017-03-29,5:38:00 PM,01 - Clear,01 - Daylight,01 - Dry,01 - Traffic signal,01 - Functioning,03 - P.D. only,05 - Turning movement,0
17-3225,HUNT CLUB RD @ RIVERSIDE DR,368037.03745,5021947.50519,-75.69318567540,45.33462590610,2017-03-29,5:56:00 PM,01 - Clear,01 - Daylight,01 - Dry,01 - Traffic signal,01 - Functioning,03 - P.D. only,04 - Sideswipe,0
17-3226,SPRINGFIELD RD btwn BERTRAND ST & SCHOOLHOUSE PRIV,369214.49827,5033768.95330,-75.67662159590,45.44088445740,2017-03-29,6:23:00 PM,01 - Clear,07 - Dark,01 - Dry,10 - No control,,03 - P.D. only,02 - Angle,0
17-3227,ARLINGTON AVE @ KENT ST,367867.18099,5030258.59000,-75.69429141040,45.40942223590,2017-03-29,6:53:00 PM,01 - Clear,07 - Dark,01 - Dry,01 - Traffic signal,01 - Functioning,03 - P.D. only,04 - Sideswipe,0
17-3228,ST. LAURENT BLVD @ WALKLEY RD,373903.50057,5028046.47987,-75.61749372140,45.38894875210,2017-03-29,5:00:00 PM,01 - Clear,01 - Daylight,01 - Dry,01 - Traffic signal,01 - Functioning,03 - P.D. only,03 - Rear end,0
17-3229,RIVERSIDE DR SB btwn FROBISHER LANE & HINCKS LANE,370146.31456,5030109.24493,-75.66519741270,45.40786939840,2017-03-30,7:24:00 AM,01 - Clear,01 - Daylight,06 - Ice,10 - No control,,03 - P.D. only,07 - SMV other,0
17-3230,BEARBROOK RD @ WESTPARK DR N,377564.07685,5033798.57939,-75.56990205510,45.44033186300,2017-03-29,7:36:00 AM,01 - Clear,01 - Daylight,01 - Dry,01 - Traffic signal,01 - Functioning,03 - P.D. only,02 - Angle,0
17-3231,GREENBANK RD btwn BATEMAN DR/BELLMAN DR & GREENBANK SQUARE SC,361292.69801,5020927.80785,-75.77934294060,45.32602607840,2017-03-24,8:00:00 AM,01 - Clear,01 - Daylight,04 - Slush,10 - No control,,03 - P.D. only,03 - Rear end,0
17-3232,GOLDRIDGE DR btwn HEMLO CRES & AFTON PL,350018.28848,5019410.42268,-75.92329683020,45.31318913900,2017-03-30,8:40:00 AM,01 - Clear,01 - Daylight,01 - Dry,10 - No control,,03 - P.D. only,02 - Angle,0
17-3233,BANK ST @ CAHILL DR/DAZE ST,371306.48055,5024317.39640,-75.65115809260,45.35564719810,2017-03-30,8:45:00 AM,01 - Clear,01 - Daylight,01 - Dry,01 - Traffic signal,01 - Functioning,02 - Non-fatal injury,04 - Sideswipe,0
17-3234,BROOKFIELD RD btwn 200 W OF FLANNERY DR & BROOKFIELD RAMP 36,368547.32904,5026262.58450,-75.68611936850,45.37340576950,2017-03-30,8:54:00 AM,01 - Clear,01 - Daylight,01 - Dry,10 - No control,,03 - P.D. only,04 - Sideswipe,0