COLLISION_ID,LOCATION,X,Y,LONGITUDE,LATITUDE,DATE,TIME,ENVIRONMENT,LIGHT,SURFACE_CONDITION,TRAFFIC_CONTROL,TRAFFIC_CONTROL_CONDITION,COLLISION_CLASSIFICATION,IMPACT_TYPE,NO_OF_PEDESTRIANS
17-3235,MARCH RD @ RICHARDSON SIDE RD,351416.28844,5021778.81360,-75.90524506760,45.33440904640,2017-03-30,9:09:00 AM,01 - Clear,01 - Daylight,01 - Dry,01 - Traffic signal,01 - Functioning,02 - Non-fatal injury,05 - Turning movement,0
17-3236,TRIOLE ST btwn BELFAST RD & END,373001.77461,5030573.51286,-75.62865868400,45.41177424910,2017-03-29,12:00:00 AM,01 - Clear,00 - Unknown,01 - Dry,10 - No control,,03 - P.D. only,06 - SMV unattended vehicle,0
17-3237,ALBERT ST @ COMMISSIONER ST,366714.03175,5030972.23890,-75.70893228440,45.41594640730,2017-03-30,9:18:00 AM,01 - Clear,01 - Daylight,01 - Dry,02 - Stop sign,00 - Unknown,03 - P.D. only,02 - Angle,0
17-3238,HENEY ST btwn CHARLOTTE ST & WURTEMBURG ST,369168.50896,5033100.09045,-75.67729685880,45.43487053060,2017-03-30,12:00:00 AM,01 - Clear,00 - Unknown,01 - Dry,10 - No control,,03 - P.D. only,06 - SMV unattended vehicle,0
17-3239,IPSWICH TER btwn BEACON WAY & FLAMBOROUGH WAY,349246.95506,5023049.45227,-75.93280700880,45.34598333160,2017-03-30,10:28:00 AM,01 - Clear,01 - Daylight,01 - Dry,10 - No control,,03 - P.D. only,06 - SMV unattended vehicle,0
17-3240,BRIDLE PARK DR btwn BLACK RIVERS PL & STONEMEADOW DR,355556.55537,5016350.17819,-75.85298065780,45.28527404270,2017-03-30,11:39:00 AM,01 - Clear,01 - Daylight,01 - Dry,10 - No control,,03 - P.D. only,02 - Angle,0
17-3241,MACKENZIE AVE @ RIDEAU ST,367868.69586,5032009.58020,-75.69404795180,45.42517693920,2017-03-30,12:08:00 PM,01 - Clear,01 - Daylight,01 - Dry,01 - Traffic signal,01 - Functioning,03 - P.D. only,02 - Angle,0
17-3242,LYON ST @ WELLINGTON ST,366934.93655,5031425.49710,-75.70605292880,45.42000510700,2017-03-30,12:09:00 PM,01 - Clear,01 - Daylight,01 - Dry,01 - Traffic signal,01 - Functioning,03 - P.D. only,04 - Sideswipe,0
17-3243,AHEARN AVE btwn CROFT ST & FARROW ST,359544.27068,5024743.65598,-75.80122302350,45.36049967500,2017-03-30,9:00:00 AM,01 - Clear,01 - Daylight,01 - Dry,10 - No control,,03 - P.D. only,06 - SMV unattended vehicle,0
17-3244,GERRY LALONDE DR @ PETRICHOR CRES,383724.45580,5035120.75210,-75.49095748730,45.45155932860,2017-03-29,7:30:00 AM,01 - Clear,01 - Daylight,01 - Dry,02 - Stop sign,01 - Functioning,03 - P.D. only,03 - Rear end,0
17-3245,MEADOWLANDS DR btwn ROWLEY AVE & PERRY ST,364395.61192,5023469.95818,-75.73945743180,45.34864349340,2017-03-29,6:45:00 PM,01 - Clear,05 - Dusk,01 - Dry,10 - No control,,03 - P.D. only,03 - Rear end,0
17-3246,MERIVALE RD btwn CLYDE AVE & GILBEY DR,364585.80921,5024553.60437,-75.73689936680,45.35837781110,2017-03-30,1:54:00 PM,01 - Clear,01 - Daylight,01 - Dry,10 - No control,,03 - P.D. only,05 - Turning movement,0
17-3247,NAVAHO DR @ WOODROFFE AVE/TRANSITWAY N BASELIN,362705.49143,5023490.92493,-75.76102199340,45.34897372800,2017-03-30,1:55:00 PM,01 - Clear,01 - Daylight,01 - Dry,01 - Traffic signal,01 - Functioning,02 - Non-fatal injury,03 - Rear end,0
17-3248,FALLOWFIELD RD @ 482 E OF HOLITMAN DR/BARRHAVE,364167.75974,5017376.39260,-75.74309541630,45.29383333690,2017-03-30,2:25:00 PM,01 - Clear,01 - Daylight,01 - Dry,01 - Traffic signal,01 - Functioning,02 - Non-fatal injury,02 - Angle,0
17-3249,BANKFIELD RD @ PRINCE OF WALES DR,366379.35545,5008976.05530,-75.71594237080,45.21805697040,2017-03-30,2:20:00 PM,01 - Clear,01 - Daylight,01 - Dry,01 - Traffic signal,01 - Functioning,03 - P.D. only,02 - Angle,0
17-3250,MONTREAL RD @ OLMSTEAD ST,370333.04775,5033212.91750,-75.66239928840,45.43577753220,2017-03-30,3:24:00 PM,01 - Clear,01 - Daylight,01 - Dry,01 - Traffic signal,01 - Functioning,03 - P.D. only,04 - Sideswipe,0
17-3251,MAITLAND AVE @ WOODWARD DR,363273.36015,5025663.19630,-75.75351860480,45.36847248040,2017-03-30,3:54:00 PM,01 - Clear,01 - Daylight,01 - Dry,01 - Traffic signal,01 - Functioning,03 - P.D. only,02 - Angle,0
17-3252,HERON RD EB btwn DATA CENTRE RD & JUNCTION AVE,369134.97074,5026745.04391,-75.67855469700,45.37769309320,2017-03-30,4:45:00 PM,01 - Clear,01 - Daylight,01 - Dry,10 - No control,,03 - P.D. only,02 - Angle,0
17-3253,FLEWELLYN RD @ SHEA RD,352993.93465,5012175.74299,-75.88605079960,45.24789165860,2017-03-30,5:03:00 PM,01 - Clear,01 - Daylight,01 - Dry,02 - Stop sign,01 - Functioning,02 - Non-fatal injury,02 - Angle,0
17-3254,INDUSTRIAL AVE @ ALTA VISTA DR/SANDFORD FLEMIN,370885.72714,5030556.90110,-75.65569239300,45.41182780530,2017-03-29,4:00:00 PM,01 - Clear,01 - Daylight,01 - Dry,01 - Traffic signal,01 - Functioning,03 - P.D. only,04 - Sideswipe,0
17-3255,REGIONAL ROAD 174 EB btwn OR174 IC109 RAMP55 & TRANSIT,376465.19538,5034971.96935,-75.58377564950,45.45100279080,2017-03-30,5:00:00 PM,01 - Clear,01 - Daylight,01 - Dry,10 - No control,,03 - P.D. only,04 - Sideswipe,0
17-3256,BRONSON AVE @ SOMERSET ST,366968.03055,5030477.24110,-75.70574972470,45.41147004180,2017-03-30,5:26:00 PM,01 - Clear,01 - Daylight,01 - Dry,01 - Traffic signal,01 - Functioning,03 - P.D. only,04 - Sideswipe,0
17-3257,COLONEL BY DR @ MAIN ST,368860.03815,5030913.90550,-75.68152338310,45.41522836610,2017-03-29,5:32:00 PM,01 - Clear,01 - Daylight,01 - Dry,02 - Stop sign,01 - Functioning,02 - Non-fatal injury,03 - Rear end,0
17-3258,MULLIGAN ST @ RIVER RD,367964.71160,5017434.45300,-75.69468374120,45.29402470820,2017-03-30,6:11:00 PM,01 - Clear,05 - Dusk,01 - Dry,02 - Stop sign,00 - Unknown,02 - Non-fatal injury,03 - Rear end,0
17-3259,INNES RD @ ORLEANS BLVD,380460.79510,5034296.02777,-75.53280383500,45.44450004560,2017-03-30,6:22:00 PM,01 - Clear,05 - Dusk,01 - Dry,01 - Traffic signal,01 - Functioning,03 - P.D. only,03 - Rear end,0
17-3260,ST. LAURENT BLVD @ SUSAN ST,373826.73510,5028231.85247,-75.61844803140,45.39062421990,2017-03-30,6:35:00 PM,01 - Clear,07 - Dark,01 - Dry,02 - Stop sign,01 - Functioning,03 - P.D. only,03 - Rear end,0
17-3261,GREENBANK RD @ HWY 417 IC129 RAMP57/IRIS ST,360531.66853,5023312.34347,-75.78878180980,45.34754296690,2017-03-30,6:34:00 PM,01 - Clear,07 - Dark,01 - Dry,01 - Traffic signal,01 - Functioning,03 - P.D. only,03 - Rear end,0
17-3262,RANDALL AVE btwn UTAH ST & BEAVER AVE,369935.11909,5027311.24693,-75.66826457770,45.38271367590,2017-03-30,8:01:00 PM,01 - Clear,07 - Dark,01 - Dry,10 - No control,,03 - P.D. only,06 - SMV unattended vehicle,0
17-3263,UPPER DWYER HILL RD btwn HAMILTON SIDE RD & MCARTON RD,339954.61125,5007728.72887,-76.05246864380,45.20864692050,2017-03-30,8:16:00 PM,01 - Clear,07 - Dark,01 - Dry,10 - No control,,03 - P.D. only,07 - SMV other,0
17-3264,DWYER HILL RD btwn ROGER STEVENS DR & FLOOD RD,354385.03698,4989302.44237,-75.87059947110,45.04197074740,2017-03-30,8:37:00 PM,01 - Clear,07 - Dark,01 - Dry,10 - No control,,03 - P.D. only,07 - SMV other,0
17-3265,BRIAN COBURN BLVD @ MER BLEUE RD,383150.81890,5034441.16410,-75.49839848590,45.44550952730,2017-03-30,8:52:00 PM,01 - Clear,07 - Dark,01 - Dry,11 - Roundabout,01 - Functioning,03 - P.D. only,02 - Angle,0
17-3266,COLONEL BY DR btwn OTTAWA UNIV. PED. XING & MAIN ST,368930.94116,5031095.84530,-75.68059389220,45.41685890140,2017-03-31,1:24:00 AM,01 - Clear,07 - Dark,01 - Dry,10 - No control,,03 - P.D. only,07 - SMV other,0
17-3267,BASELINE RD @ FERGUSON ST,363441.44057,5024315.88253,-75.75153291960,45.35633546460,2017-03-31,7:10:00 AM,01 - Clear,01 - Daylight,01 - Dry,01 - Traffic signal,01 - Functioning,03 - P.D. only,03 - Rear end,0
17-3268,O'CONNOR ST btwn ALBERT ST & SLATER ST,367547.79088,5031506.64812,-75.69821243860,45.42068058020,2017-03-31,8:16:00 AM,01 - Clear,01 - Daylight,01 - Dry,10 - No control,,03 - P.D. only,06 - SMV unattended vehicle,0
17-3269,CARLING AVE EB btwn BROADVIEW AVE & BOYD AVE,363367.96694,5026736.17086,-75.75218370710,45.37811906480,2017-03-31,9:00:00 AM,01 - Clear,01 - Daylight,01 - Dry,10 - No control,,03 - P.D. only,04 - Sideswipe,0
17-3270,BANK ST btwn HOPEWELL AVE & GLEN AVE,368792.07828,5028460.74221,-75.68270995310,45.39316183230,2017-03-31,12:00:00 AM,01 - Clear,00 - Unknown,01 - Dry,10 - No control,,03 - P.D. only,06 - SMV unattended vehicle,0
17-3271,DENBURY AVE btwn KENWOOD AVE & CROSSFIELD AVE,362650.48464,5027500.31401,-75.76125445950,45.38505433660,2017-03-31,9:45:00 AM,01 - Clear,01 - Daylight,01 - Dry,10 - No control,,03 - P.D. only,06 - SMV unattended vehicle,0
17-3272,BANK ST @ EVANS AVE,369917.74415,5027062.97140,-75.66851916840,45.38048138930,2017-03-31,11:03:00 AM,01 - Clear,01 - Daylight,01 - Dry,02 - Stop sign,00 - Unknown,03 - P.D. only,05 - Turning movement,0
17-3273,HWY 416 ACRES IC75R24 @ HOLLY ACRES RD,358757.99531,5022870.94667,-75.81146297470,45.34370996060,2017-03-31,12:37:00 PM,01 - Clear,01 - Daylight,02 - Wet,01 - Traffic signal,01 - Functioning,03 - P.D. only,04 - Sideswipe,0
17-3274,EDGAR BRAULT ST @ ST. JOSEPH BLVD,381419.68573,5037547.68772,-75.52004112330,45.47365137880,2017-03-31,1:08:00 PM,01 - Clear,01 - Daylight,01 - Dry,01 - Traffic signal,01 - Functioning,03 - P.D. only,03 - Rear end,0
17-3275,GLASGOW ST btwn GLASGOW CRES & ST. LAURENT BLVD,371037.40823,5034936.67106,-75.65316557290,45.45122070710,2017-03-30,9:00:00 PM,01 - Clear,07 - Dark,01 - Dry,10 - No control,,03 - P.D. only,06 - SMV unattended vehicle,0
17-3276,DUROCHER ST @ MONTREAL RD,370137.04295,5033102.92339,-75.66491882400,45.43480619360,2017-03-31,2:11:00 PM,01 - Clear,01 - Daylight,01 - Dry,02 - Stop sign,01 - Functioning,03 - P.D. only,02 - Angle,0
17-3277,BLAIR RD @ MONTREAL RD,374020.05465,5034441.59149,-75.61510706330,45.44647720430,2017-03-31,2:56:00 PM,03 - Snow,01 - Daylight,03 - Loose snow,01 - Traffic signal,01 - Functioning,03 - P.D. only,05 - Turning movement,0
17-3278,ALDERCREST DR @ VIEWMOUNT DR,364428.36405,5022642.49580,-75.73913924390,45.34119529760,2017-03-31,3:08:00 PM,01 - Clear,01 - Daylight,01 - Dry,02 - Stop sign,01 - Functioning,03 - P.D. only,01 - Approaching,0
17-3279,BRONSON AVE @ SUNNYSIDE AVE/UNIVERSITY RD - CA,367922.37565,5028092.88489,-75.69386351140,45.38993089230,2017-03-31,3:29:00 PM,03 - Snow,01 - Daylight,02 - Wet,01 - Traffic signal,01 - Functioning,02 - Non-fatal injury,99 - Other,0
17-3280,BASELINE RD @ WOODROFFE AVE,362550.44067,5023771.63040,-75.76296777170,45.35151227980,2017-03-31,3:28:00 PM,03 - Snow,01 - Daylight,02 - Wet,01 - Traffic signal,01 - Functioning,02 - Non-fatal injury,03 - Rear end,0
17-3281,ARNOT RD btwn FISHER AVE & DYNES RD,366369.92573,5025670.93601,-75.71398997590,45.36827693580,2017-03-31,4:11:00 PM,01 - Clear,01 - Daylight,01 - Dry,10 - No control,,03 - P.D. only,04 - Sideswipe,0
17-3282,WEST HUNT CLUB RD @ WOODROFFE AVE,363671.38555,5021246.75814,-75.74896351780,45.32870049190,2017-03-31,4:45:00 PM,02 - Rain,01 - Daylight,02 - Wet,01 - Traffic signal,01 - Functioning,03 - P.D. only,03 - Rear end,0
17-3283,INNES RD @ TENTH LINE RD,383951.76030,5036159.93603,-75.48788461460,45.46088326150,2017-03-31,4:48:00 PM,03 - Snow,01 - Daylight,02 - Wet,01 - Traffic signal,00 - Unknown,02 - Non-fatal injury,03 - Rear end,0
17-3284,LAURIER AVE   W btwn BANK ST & O'CONNOR ST,367511.80398,5031282.31071,-75.69870078550,45.41866529060,2017-03-31,4:47:00 PM,03 - Snow,01 - Daylight,02 - Wet,10 - No control,,03 - P.D. only,02 - Angle,0
17-3285,AQUAVIEW DR btwn LAVOIE ST & SCHUBERT CIRC,385293.12324,5035837.64294,-75.47078809980,45.45783032090,2017-03-31,5:30:00 PM,03 - Snow,01 - Daylight,04 - Slush,10 - No control,,03 - P.D. only,06 - SMV unattended vehicle,0
17-3286,WOODROFFE AVE @ KNOXDALE RD/MEDHURST DR,363419.69010,5021826.49400,-75.75210552720,45.33393798490,2017-03-31,4:40:00 PM,03 - Snow,01 - Daylight,03 - Loose snow,01 - Traffic signal,00 - Unknown,03 - P.D. only,03 - Rear end,0
17-3287,SHEA RD btwn ABBOTT ST E & FERNBANK RD,351525.98618,5013716.94014,-75.90460526480,45.26185885830,2017-03-31,9:16:00 PM,03 - Snow,07 - Dark,04 - Slush,10 - No control,,03 - P.D. only,07 - SMV other,0
17-3288,MITCH OWENS RD btwn TURN LANE & SALE BARN RD,377964.89028,5016101.32366,-75.56739921880,45.28105971440,2017-03-28,10:11:00 PM,01 - Clear,07 - Dark,01 - Dry,10 - No control,,03 - P.D. only,07 - SMV other,0
17-3289,SUNNYCREST DR @ TWIN TER,365629.45853,5025582.52970,-75.72345288750,45.36754612900,2017-03-31,11:57:00 PM,03 - Snow,07 - Dark,04 - Slush,03 - Yield sign,00 - Unknown,03 - P.D. only,03 - Rear end,0
17-3290,RICHMOND RD @ ROBERTSON RD,357578.65844,5020748.81220,-75.82673728680,45.32470456080,2017-03-31,11:49:00 PM,03 - Snow,07 - Dark,04 - Slush,01 - Traffic signal,01 - Functioning,02 - Non-fatal injury,07 - SMV other,0
17-3291,MAPLE ST btwn CYR AVE & OLMSTEAD ST,370368.80250,5032857.59849,-75.66198966570,45.43257717090,2017-03-31,11:58:00 PM,02 - Rain,07 - Dark,04 - Slush,10 - No control,,03 - P.D. only,06 - SMV unattended vehicle,0
17-3292,LEITRIM RD btwn RAMSAYVILLE RD & ANDERSON RD,380388.48982,5024857.66848,-75.53517463210,45.35958802110,2017-03-31,11:45:00 PM,03 - Snow,07 - Dark,03 - Loose snow,10 - No control,,03 - P.D. only,07 - SMV other,0
17-3293,BANK ST @ WALKLEY RD,370337.51755,5025947.06600,-75.66330779200,45.37040169680,2017-04-01,12:18:00 AM,03 - Snow,07 - Dark,03 - Loose snow,01 - Traffic signal,01 - Functioning,03 - P.D. only,02 - Angle,0
17-3294,BRONSON AVE btwn BRONSON AVE SB ON RAMP 43 & SUNNYSIDE AVE/UNIVERSITY,367810.96052,5028293.54316,-75.69526063190,45.39174639220,2017-04-01,1:04:00 AM,03 - Snow,07 - Dark,04 - Slush,10 - No control,,03 - P.D. only,04 - Sideswipe,0
17-3295,LESTER RD btwn ALBION RD & UPLANDS DR,371782.22621,5021867.69236,-75.64541840800,45.33356026510,2017-04-01,2:37:00 AM,03 - Snow,07 - Dark,04 - Slush,10 - No control,,02 - Non-fatal injury,07 - SMV other,0
17-3296,RICHMOND RD @ WEST HUNT CLUB RD,357143.97506,5018152.46230,-75.83255617090,45.30137484490,2017-04-01,3:01:00 AM,03 - Snow,07 - Dark,02 - Wet,01 - Traffic signal,01 - Functioning,02 - Non-fatal injury,07 - SMV other,0
17-3297,AUGUSTA ST @ RIDEAU ST,369013.14345,5032715.92071,-75.67933250560,45.43142820260,2017-04-01,5:24:00 AM,03 - Snow,07 - Dark,03 - Loose snow,01 - Traffic signal,01 - Functioning,02 - Non-fatal injury,07 - SMV other,1
17-3298,INNES RD btwn TENTH LINE RD & 240 E OF TENTH LINE RD/HOME DEPOT E,383960.12150,5036164.91197,-75.48777691530,45.46092708370,2017-04-01,10:20:00 AM,01 - Clear,01 - Daylight,01 - Dry,10 - No control,,02 - Non-fatal injury,04 - Sideswipe,0
17-3299,BROMONT WAY btwn RADWAY TER & NATHAN CRT,381681.66569,5035664.93026,-75.51698540130,45.45668310990,2017-04-01,11:29:00 AM,01 - Clear,01 - Daylight,02 - Wet,10 - No control,,03 - P.D. only,07 - SMV other,0
17-3300,WOODRIDGE CRES btwn BAYSHORE PS & TRANSITWAY LINK,358701.29584,5023174.40849,-75.81215337380,45.34644487840,2017-04-01,12:10:00 PM,01 - Clear,01 - Daylight,02 - Wet,10 - No control,,03 - P.D. only,06 - SMV unattended vehicle,0
17-3301,AVONHURST AVE btwn WILTSHIRE CIRC & LONGSHIRE CIRC,365446.14938,5016381.61644,-75.72691977270,45.28477322260,2017-03-31,5:30:00 PM,03 - Snow,05 - Dusk,05 - Packed snow,10 - No control,,03 - P.D. only,06 - SMV unattended vehicle,0
17-3302,MEADOWLANDS DR btwn HOGAN ST & NESS ST,366268.41666,5024891.91023,-75.71538264060,45.36127632440,2017-04-01,1:50:00 PM,03 - Snow,01 - Daylight,02 - Wet,10 - No control,,03 - P.D. only,06 - SMV unattended vehicle,0
17-3303,MONTREAL RD/HANNAH ST @ CODY AVE,370255.53066,5033170.49746,-75.66339559530,45.43540311560,2017-03-31,8:45:00 PM,03 - Snow,07 - Dark,04 - Slush,01 - Traffic signal,01 - Functioning,03 - P.D. only,03 - Rear end,0
17-3304,MEADOWLANDS DR @ MERIVALE RD,364859.03435,5023726.17930,-75.73351277490,45.35090940540,2017-04-01,2:21:00 PM,01 - Clear,01 - Daylight,01 - Dry,01 - Traffic signal,01 - Functioning,03 - P.D. only,03 - Rear end,0
17-3305,HUNT CLUB RD btwn CONROY RD & MALAK ST,373981.46575,5025530.27531,-75.61685068650,45.36630135950,2017-04-01,2:25:00 PM,01 - Clear,01 - Daylight,02 - Wet,10 - No control,,03 - P.D. only,06 - SMV unattended vehicle,0
17-3306,ROCKY HILL DR @ PRINCE OF WALES DR,366970.44064,5014403.42040,-75.70773861420,45.26684039090,2017-04-01,3:42:00 PM,01 - Clear,01 - Daylight,01 - Dry,01 - Traffic signal,01 - Functioning,03 - P.D. only,03 - Rear end,0
17-3307,CARLING AVE @ FOREST ST,360543.93013,5024972.14557,-75.78843819350,45.36247684130,2017-03-31,5:00:00 PM,03 - Snow,01 - Daylight,06 - Ice,02 - Stop sign,01 - Functioning,03 - P.D. only,03 - Rear end,0
17-3308,DONNELLY DR @ MERLYN WILSON RD,369254.02745,4990842.88460,-75.68168150320,45.05463597010,2017-04-01,5:04:00 PM,01 - Clear,01 - Daylight,01 - Dry,02 - Stop sign,01 - Functioning,02 - Non-fatal injury,02 - Angle,0
17-3309,LABELLE ST/RAMP @ LEMIEUX ST/HWY417 IC115 RAMP,372542.72374,5031689.23810,-75.63436943360,45.42185761580,2017-04-01,5:00:00 PM,01 - Clear,01 - Daylight,01 - Dry,02 - Stop sign,01 - Functioning,03 - P.D. only,02 - Angle,0
17-3310,CAMPEAU DR/HWY 417 MARCH IC138R63 @ MARCH RD,352844.02680,5020477.90045,-75.88715651680,45.32260687910,2017-04-01,5:55:00 PM,01 - Clear,01 - Daylight,01 - Dry,01 - Traffic signal,01 - Functioning,03 - P.D. only,03 - Rear end,0
17-3311,CATHERINE ST @ METCALFE ST,368393.37225,5030486.56310,-75.68754037190,45.41142584910,2017-04-01,6:51:00 PM,01 - Clear,05 - Dusk,01 - Dry,01 - Traffic signal,01 - Functioning,03 - P.D. only,04 - Sideswipe,0
17-3312,HUNT CLUB RD @ UPLANDS DR,370157.06165,5023122.16100,-75.66598486210,45.34500088730,2017-04-01,9:38:00 PM,01 - Clear,07 - Dark,01 - Dry,01 - Traffic signal,01 - Functioning,03 - P.D. only,05 - Turning movement,0
17-3313,ST. LAURENT BLVD @ WALKLEY RD,373902.41565,5028046.85510,-75.61750752220,45.38895223500,2017-04-01,10:03:00 PM,01 - Clear,07 - Dark,01 - Dry,01 - Traffic signal,01 - Functioning,03 - P.D. only,05 - Turning movement,0
17-3314,BRONSON AVE @ SUNNYSIDE AVE/UNIVERSITY RD - CA,367923.04455,5028092.88489,-75.69385496980,45.38993083200,2017-04-02,12:55:00 AM,01 - Clear,07 - Dark,01 - Dry,01 - Traffic signal,01 - Functioning,02 - Non-fatal injury,05 - Turning movement,0
17-3315,INNES RD @ TENTH LINE RD,383951.42585,5036160.22970,-75.48788884260,45.46088594180,2017-04-02,1:30:00 AM,01 - Clear,07 - Dark,01 - Dry,01 - Traffic signal,01 - Functioning,03 - P.D. only,04 - Sideswipe,0
17-3316,PRINCE OF WALES DR @ MERIVALE RD,367450.71464,5017617.12950,-75.70121320850,45.29571442570,2017-04-02,5:20:00 AM,"07 - Fog, mist, smoke, dust",07 - Dark,02 - Wet,01 - Traffic signal,01 - Functioning,03 - P.D. only,07 - SMV other,0
17-3317,TENTH LINE RD btwn DES EPINETTES AVE & INNES RD,383920.88289,5036254.96129,-75.48826408990,45.46174171030,2017-04-01,10:00:00 PM,01 - Clear,07 - Dark,01 - Dry,10 - No control,,03 - P.D. only,04 - Sideswipe,0
17-3318,LEWIS ST @ METCALFE ST,368121.04655,5030924.24420,-75.69096298470,45.41538865390,2017-04-02,10:47:00 AM,01 - Clear,01 - Daylight,01 - Dry,02 - Stop sign,00 - Unknown,02 - Non-fatal injury,05 - Turning movement,0
17-3319,FRIEL ST @ RIDEAU ST,368771.36795,5032571.92209,-75.68244087510,45.43015471470,2017-04-02,11:28:00 AM,01 - Clear,01 - Daylight,01 - Dry,01 - Traffic signal,01 - Functioning,03 - P.D. only,04 - Sideswipe,0
17-3320,INNES RD @ ORLEANS BLVD,380460.79510,5034296.40300,-75.53280377730,45.44450342140,2017-04-02,11:32:00 AM,01 - Clear,01 - Daylight,01 - Dry,01 - Traffic signal,00 - Unknown,03 - P.D. only,04 - Sideswipe,0
17-3321,PRINCE ALBERT ST btwn ISIDORE ST & BERNARD ST,371796.41661,5032046.07590,-75.64385629240,45.42514015130,2017-04-02,9:15:00 AM,01 - Clear,01 - Daylight,01 - Dry,10 - No control,,03 - P.D. only,04 - Sideswipe,0
17-3322,NANTES ST btwn BRIAN COBURN BLVD & IVANY WAY,386090.10300,5035721.84700,-75.46061847180,45.45669623560,2017-03-31,12:00:00 AM,01 - Clear,00 - Unknown,01 - Dry,10 - No control,,03 - P.D. only,06 - SMV unattended vehicle,0
17-3323,BRONSON AVE btwn JAMES ST & FLORENCE ST,367072.84012,5030220.56386,-75.70444324800,45.40915121690,2017-04-02,1:56:00 PM,01 - Clear,01 - Daylight,01 - Dry,10 - No control,,03 - P.D. only,06 - SMV unattended vehicle,0
17-3324,GREENBANK RD @ BELLMAN DR/BATEMAN DR,361255.67216,5021017.48890,-75.77980500210,45.32683600680,2017-04-02,2:12:00 PM,01 - Clear,01 - Daylight,01 - Dry,01 - Traffic signal,01 - Functioning,03 - P.D. only,05 - Turning movement,0
17-3325,GEORGE ST @ SUSSEX DR,367868.46543,5032128.81673,-75.69403562940,45.42624980960,2017-04-02,2:52:00 PM,01 - Clear,01 - Daylight,01 - Dry,01 - Traffic signal,01 - Functioning,03 - P.D. only,03 - Rear end,0
17-3326,INDUSTRIAL AVE @ RIVERSIDE DR,370684.71700,5030591.81812,-75.65825554050,45.41216092750,2017-04-02,4:25:00 PM,01 - Clear,01 - Daylight,01 - Dry,01 - Traffic signal,01 - Functioning,03 - P.D. only,03 - Rear end,0
17-3327,OSGOODE ST @ SWEETLAND AVE,369066.03995,5031983.24001,-75.67875214820,45.42483095910,2017-04-02,9:05:00 PM,01 - Clear,07 - Dark,01 - Dry,02 - Stop sign,01 - Functioning,02 - Non-fatal injury,07 - SMV other,1
17-3328,SECOND AVE @ BRONSON AVE,367519.59232,5029161.92990,-75.69887104750,45.39958604750,2017-04-01,9:13:00 PM,01 - Clear,07 - Dark,01 - Dry,02 - Stop sign,01 - Functioning,03 - P.D. only,05 - Turning movement,0
17-3329,DONNELLY DR btwn MERLYN WILSON RD & MCCORDICK RD,370189.87420,4991664.33481,-75.66969411220,45.06194178400,2017-04-03,12:54:00 AM,01 - Clear,07 - Dark,01 - Dry,10 - No control,,02 - Non-fatal injury,07 - SMV other,0
17-3330,OTTAWA RIVER PKWY @ PORTAGE BRIDGE,366516.09447,5031313.17379,-75.71141836230,45.41903152760,2017-04-02,10:50:00 PM,01 - Clear,07 - Dark,01 - Dry,01 - Traffic signal,00 - Unknown,03 - P.D. only,04 - Sideswipe,0
17-3331,SANDALWOOD DR btwn BAYCREST DR & HERON RD,371472.02262,5026868.27581,-75.64870123730,45.37858339940,2017-04-03,12:00:00 AM,02 - Rain,07 - Dark,02 - Wet,10 - No control,,03 - P.D. only,06 - SMV unattended vehicle,0
17-3332,BRIAN COBURN BLVD @ STRASBOURG ST,384046.55210,5034850.02790,-75.48688377220,45.44908714550,2017-04-03,7:23:00 AM,01 - Clear,01 - Daylight,01 - Dry,02 - Stop sign,01 - Functioning,03 - P.D. only,02 - Angle,0
17-3333,BLAIR RD @ REGIONAL RD 174 N/OR174 IC112 RAMP61,374636.46110,5032993.15610,-75.60743354570,45.43338368500,2017-04-03,7:46:00 AM,01 - Clear,01 - Daylight,01 - Dry,01 - Traffic signal,00 - Unknown,03 - P.D. only,03 - Rear end,0
17-3334,ELMIRA DR btwn COBDEN RD & LAMBETH WALK,361442.23685,5024010.43795,-75.77708257350,45.35375144400,2017-04-01,2:00:00 PM,01 - Clear,01 - Daylight,01 - Dry,10 - No control,,02 - Non-fatal injury,99 - Other,0
17-3335,DALMENY RD btwn TO BE DETERMINED & OLD STAGECOACH RD,377597.00978,4999076.06680,-75.57457504200,45.12790934660,2017-04-03,9:52:00 AM,01 - Clear,01 - Daylight,01 - Dry,10 - No control,,03 - P.D. only,07 - SMV other,0
17-3336,HAZELDEAN RD @ TERRY FOX DR,352208.36147,5017244.32717,-75.89557384950,45.29355363820,2017-04-03,11:51:00 AM,01 - Clear,01 - Daylight,01 - Dry,01 - Traffic signal,01 - Functioning,03 - P.D. only,03 - Rear end,0
17-3337,MONTREAL RD btwn PALACE ST & VANIER PKWY,369996.89671,5033021.69767,-75.66672061760,45.43408843920,2017-04-03,12:37:00 PM,01 - Clear,01 - Daylight,01 - Dry,10 - No control,,03 - P.D. only,04 - Sideswipe,0
17-3338,ALBERT ST @ BOOTH ST,366429.44367,5030627.69230,-75.71261116950,45.41287139740,2017-04-03,1:13:00 PM,01 - Clear,01 - Daylight,01 - Dry,01 - Traffic signal,01 - Functioning,03 - P.D. only,03 - Rear end,0