COLLISION_ID,LOCATION,X,Y,LONGITUDE,LATITUDE,DATE,TIME,ENVIRONMENT,LIGHT,SURFACE_CONDITION,TRAFFIC_CONTROL,TRAFFIC_CONTROL_CONDITION,COLLISION_CLASSIFICATION,IMPACT_TYPE,NO_OF_PEDESTRIANS
17-3339,CYR AVE @ MONTREAL RD,370220.37495,5033147.25231,-75.66384797040,45.43519725510,2017-04-03,1:40:00 PM,01 - Clear,01 - Daylight,01 - Dry,02 - Stop sign,01 - Functioning,02 - Non-fatal injury,07 - SMV other,0
17-3340,INNES RD @ BEARBROOK RD/GLEN PARK DR E,377993.98313,5032843.69630,-75.56454953930,45.43169558440,2017-04-03,3:48:00 PM,01 - Clear,01 - Daylight,01 - Dry,01 - Traffic signal,00 - Unknown,03 - P.D. only,03 - Rear end,0
17-3341,MERIVALE RD btwn 170 N OF WEST HUNT CLUB RD/COSTCO SC & WEST HUNT CLUB,365604.33400,5021969.25405,-75.72421791070,45.33503662010,2017-04-03,4:59:00 PM,01 - Clear,01 - Daylight,01 - Dry,10 - No control,,03 - P.D. only,04 - Sideswipe,0
17-3342,AVENUE L @ TREMBLAY RD,371495.38355,5031312.89410,-75.64780200680,45.41857207030,2017-04-03,5:02:00 PM,01 - Clear,01 - Daylight,01 - Dry,02 - Stop sign,01 - Functioning,03 - P.D. only,02 - Angle,0
17-3343,INDUSTRIAL AVE/INNES RD @ ST. LAURENT BLVD,373100.47787,5030005.19147,-75.62747654310,45.40665113210,2017-04-03,5:10:00 PM,01 - Clear,01 - Daylight,01 - Dry,01 - Traffic signal,01 - Functioning,03 - P.D. only,03 - Rear end,0
17-3344,COLONNADE RD @ MERIVALE RD,365363.36055,5022544.49640,-75.72722172270,45.34023341690,2017-04-03,5:25:00 PM,01 - Clear,01 - Daylight,01 - Dry,01 - Traffic signal,01 - Functioning,03 - P.D. only,03 - Rear end,0
17-3345,CARP RD/HWY 417 CARP IC144R63 @ HWY 417 CARP I,347299.82693,5015926.82263,-75.95826440320,45.28201227180,2017-04-03,5:41:00 PM,01 - Clear,01 - Daylight,01 - Dry,01 - Traffic signal,01 - Functioning,03 - P.D. only,03 - Rear end,0
17-3346,EAGLESON RD @ HWY 417 EAGLESO IC138R35,352963.76410,5020184.71850,-75.88565776360,45.31996056370,2017-04-03,5:51:00 PM,01 - Clear,01 - Daylight,01 - Dry,10 - No control,,03 - P.D. only,03 - Rear end,0
17-3347,BANK ST @ RIDEAU RD,376954.24300,5017845.49160,-75.58002614140,45.29685750830,2017-04-03,12:07:00 PM,01 - Clear,01 - Daylight,01 - Dry,01 - Traffic signal,00 - Unknown,03 - P.D. only,04 - Sideswipe,0
17-3348,GREEN ST @ LARKIN DR,363110.67490,5016468.07457,-75.75667825410,45.28574879830,2017-04-03,6:53:00 PM,01 - Clear,01 - Daylight,01 - Dry,02 - Stop sign,01 - Functioning,03 - P.D. only,03 - Rear end,0
17-3349,PARK ST btwn CARILLON ST & MONTREAL RD,370498.05377,5033343.29936,-75.66027311640,45.43693516820,2017-04-03,12:00:00 AM,01 - Clear,00 - Unknown,01 - Dry,10 - No control,,03 - P.D. only,06 - SMV unattended vehicle,0
17-3350,CONROY RD @ JOHNSTON RD,373397.14155,5026307.79090,-75.62420114220,45.37335455370,2017-04-03,9:12:00 PM,01 - Clear,07 - Dark,01 - Dry,01 - Traffic signal,01 - Functioning,03 - P.D. only,05 - Turning movement,0
17-3351,COLONEL BY DR btwn OTTAWA UNIV. PED. XING & MAIN ST,368930.94116,5031089.82524,-75.68059467570,45.41680473470,2017-04-03,9:18:00 PM,01 - Clear,07 - Dark,01 - Dry,10 - No control,,02 - Non-fatal injury,02 - Angle,0
17-3352,MONTREAL RD btwn L'ALLEMAND ST & ALTHA AVE,370607.99733,5033367.23404,-75.65886481400,45.43714018240,2017-04-04,6:53:00 AM,02 - Rain,03 - Dawn,02 - Wet,10 - No control,,02 - Non-fatal injury,07 - SMV other,1
17-3353,LEES AVE @ KING EDWARD AVE/MANN AVE,369178.54492,5031335.54193,-75.67739925090,45.41899286620,2017-04-04,6:56:00 AM,02 - Rain,01 - Daylight,02 - Wet,01 - Traffic signal,01 - Functioning,03 - P.D. only,04 - Sideswipe,0
17-3354,ROBERTSON RD btwn HAANEL DR & MILL HILL RD,355177.79465,5019304.61580,-75.85750843290,45.31188587450,2017-04-04,8:41:00 AM,02 - Rain,01 - Daylight,02 - Wet,10 - No control,,02 - Non-fatal injury,07 - SMV other,0
17-3355,TERRY FOX DR N @ FLAMBOROUGH WAY/INNOVATION DR,349387.27080,5022956.99019,-75.93102484670,45.34514243030,2017-04-04,9:11:00 AM,02 - Rain,01 - Daylight,02 - Wet,01 - Traffic signal,01 - Functioning,02 - Non-fatal injury,05 - Turning movement,0
17-3356,IRIS ST @ PARKWAY DR,361918.01365,5024166.84420,-75.77099271890,45.35512018420,2017-04-04,8:05:00 AM,02 - Rain,01 - Daylight,02 - Wet,02 - Stop sign,01 - Functioning,03 - P.D. only,02 - Angle,0
17-3357,LAURIER AVE   W btwn BANK ST & O'CONNOR ST,367491.73709,5031271.60837,-75.69895852660,45.41857079310,2017-04-04,9:30:00 AM,02 - Rain,01 - Daylight,02 - Wet,10 - No control,,03 - P.D. only,06 - SMV unattended vehicle,0
17-3358,BRONSON AVE btwn RENFREW AVE & POWELL AVE,367368.41729,5029528.82043,-75.70075529840,45.40290075010,2017-04-04,9:47:00 AM,02 - Rain,01 - Daylight,02 - Wet,10 - No control,,03 - P.D. only,04 - Sideswipe,0
17-3359,BLAIR RD @ OGILVIE RD,374509.25221,5033199.59400,-75.60902995070,45.43525379180,2017-04-04,11:34:00 AM,02 - Rain,01 - Daylight,02 - Wet,01 - Traffic signal,01 - Functioning,03 - P.D. only,04 - Sideswipe,0
17-3360,LYON ST @ WELLINGTON ST,366935.60545,5031427.50379,-75.70604412950,45.42002310320,2017-04-04,10:45:00 AM,02 - Rain,01 - Daylight,02 - Wet,01 - Traffic signal,01 - Functioning,03 - P.D. only,04 - Sideswipe,0
17-3361,STONEHAVEN DR btwn RICHMOND RD & SAWYER WAY/SUMMITVIEW DR,356752.54411,5015873.37680,-75.83778571640,45.28089631840,2017-04-04,12:29:00 PM,02 - Rain,01 - Daylight,02 - Wet,10 - No control,,03 - P.D. only,02 - Angle,0
17-3362,POULIN AVE @ RICHMOND RD,360325.34495,5024901.18270,-75.79123615330,45.36185566730,2017-04-04,12:34:00 PM,02 - Rain,01 - Daylight,02 - Wet,01 - Traffic signal,01 - Functioning,03 - P.D. only,05 - Turning movement,0
17-3363,LYON ST    S btwn FOURTH AVE & END,368198.78392,5029334.92432,-75.69017423700,45.40108142350,2017-04-04,12:00:00 AM,02 - Rain,00 - Unknown,02 - Wet,10 - No control,,03 - P.D. only,06 - SMV unattended vehicle,0
17-3364,YORK ST btwn WILLIAM ST & DALHOUSIE ST,368047.43320,5032389.51242,-75.69171531480,45.42857929940,2017-04-01,12:00:00 AM,01 - Clear,00 - Unknown,01 - Dry,10 - No control,,03 - P.D. only,06 - SMV unattended vehicle,0
17-3365,MERIVALE RD btwn CLYDE AVE & RITA AVE,364576.15109,5024380.64162,-75.73704354690,45.35682233930,2017-04-04,1:46:00 PM,02 - Rain,01 - Daylight,02 - Wet,10 - No control,,03 - P.D. only,05 - Turning movement,0
17-3366,PRINCE OF WALES DR @ MERIVALE RD,367451.38354,5017615.12281,-75.70120493450,45.29569631000,2017-04-04,2:43:00 PM,02 - Rain,01 - Daylight,02 - Wet,01 - Traffic signal,01 - Functioning,02 - Non-fatal injury,03 - Rear end,0
17-3367,MEADOWLANDS DR @ MERIVALE RD,364857.94943,5023725.13517,-75.73352674750,45.35090010360,2017-04-04,1:45:00 PM,02 - Rain,01 - Daylight,02 - Wet,01 - Traffic signal,01 - Functioning,03 - P.D. only,03 - Rear end,0
17-3368,BRONSON AVE @ COMMISSIONER ST/SLATER ST,366769.07338,5030948.89935,-75.70823202730,45.41573153280,2017-04-04,3:17:00 PM,02 - Rain,01 - Daylight,02 - Wet,01 - Traffic signal,01 - Functioning,03 - P.D. only,03 - Rear end,0
17-3370,LONDON TER btwn HEMLOCK RD & GEORGETON PRIV,371234.59103,5034908.10395,-75.65064875960,45.45094495750,2017-04-04,12:00:00 AM,02 - Rain,00 - Unknown,02 - Wet,10 - No control,,03 - P.D. only,06 - SMV unattended vehicle,0
17-3371,VANIER PKWY/CRICHTON ST @ BEECHWOOD AVE/ST. PA,369127.57595,5033487.00977,-75.67776941410,45.43835564530,2017-04-04,5:21:00 PM,02 - Rain,01 - Daylight,02 - Wet,01 - Traffic signal,01 - Functioning,03 - P.D. only,03 - Rear end,0
17-3372,BRONSON AVE btwn COOPER ST & SOMERSET ST W,366947.49497,5030525.92416,-75.70600592130,45.41190990220,2017-04-04,5:32:00 PM,02 - Rain,01 - Daylight,02 - Wet,10 - No control,,03 - P.D. only,04 - Sideswipe,0
17-3373,HWY 417 INNES IC112R57 @ INNES RD,374298.85169,5030754.32846,-75.61206380140,45.41327352690,2017-04-04,5:53:00 PM,02 - Rain,01 - Daylight,02 - Wet,01 - Traffic signal,00 - Unknown,02 - Non-fatal injury,03 - Rear end,0
17-3374,GREENBANK RD @ BERRIGAN DR/WESSEX RD,363724.01883,5015276.44979,-75.74900172880,45.27497539830,2017-04-04,6:00:00 PM,02 - Rain,01 - Daylight,02 - Wet,01 - Traffic signal,01 - Functioning,03 - P.D. only,03 - Rear end,0
17-3375,GIBBARD AVE btwn GREENBANK RD & ATKINSON GT,361448.07855,5020632.53371,-75.77739474440,45.32335667930,2017-04-04,8:04:00 PM,02 - Rain,07 - Dark,02 - Wet,10 - No control,,02 - Non-fatal injury,07 - SMV other,0
17-3376,RIVERSIDE DR @ 175 S OF HUNT CLUB  RD/RUNWAY C,368026.97149,5021766.30000,-75.69333723920,45.33299636410,2017-04-04,9:36:00 PM,02 - Rain,07 - Dark,02 - Wet,01 - Traffic signal,01 - Functioning,02 - Non-fatal injury,02 - Angle,0
17-3377,KIRKWOOD AVE @ MERIVALE RD,364853.36695,5026646.54240,-75.73323018580,45.37718686070,2017-04-04,10:22:00 PM,02 - Rain,07 - Dark,02 - Wet,01 - Traffic signal,01 - Functioning,03 - P.D. only,05 - Turning movement,0
17-3378,MONTREAL RD @ MONTFORT HOSPITAL,372224.09714,5034144.24410,-75.63810425970,45.44397736700,2017-04-05,6:08:00 AM,02 - Rain,03 - Dawn,02 - Wet,01 - Traffic signal,01 - Functioning,02 - Non-fatal injury,07 - SMV other,0
17-3379,INDUSTRIAL AVE @ NEIGHBORHOOD WAY,371093.72504,5030528.89489,-75.65303908150,45.41155614440,2017-04-05,8:21:00 AM,01 - Clear,01 - Daylight,01 - Dry,02 - Stop sign,01 - Functioning,02 - Non-fatal injury,02 - Angle,0
17-3380,ESPRIT DR btwn GALLERIA CIRC & BLACKBURN BYPS,385119.47900,5035400.81451,-75.47307935760,45.45392013330,2017-04-05,12:00:00 AM,02 - Rain,00 - Unknown,02 - Wet,10 - No control,,03 - P.D. only,06 - SMV unattended vehicle,0
17-3381,CYRVILLE RD @ INNES RD,375047.72470,5031118.43850,-75.60244527150,45.41647481930,2017-04-05,8:46:00 AM,01 - Clear,01 - Daylight,01 - Dry,01 - Traffic signal,01 - Functioning,03 - P.D. only,03 - Rear end,0
17-3382,PRINCE OF WALES DR btwn 187 N OF MEADOWLANDS DR & MEADOWLANDS DR/HOG'S,367349.51087,5025776.42014,-75.70147231430,45.36913931910,2017-04-05,8:49:00 AM,01 - Clear,01 - Daylight,01 - Dry,10 - No control,,03 - P.D. only,04 - Sideswipe,0
17-3383,RIVERSIDE DR btwn HUNT CLUB RD & KIMBERWICK CRES,368145.32758,5022489.60899,-75.69173479170,45.33949387800,2017-04-05,8:53:00 AM,01 - Clear,01 - Daylight,01 - Dry,10 - No control,,03 - P.D. only,03 - Rear end,0
17-3384,RIDDELL DR btwn MORAN ST & MARCH VALLEY RD,348117.30259,5027187.50927,-75.94685919470,45.38328919250,2017-04-05,8:35:00 AM,01 - Clear,01 - Daylight,01 - Dry,10 - No control,,03 - P.D. only,07 - SMV other,0
17-3385,MOSS GROVE ST btwn SORENTO ST & PAUL METIVIER DR,366238.89891,5014860.64174,-75.71700348170,45.27101873180,2017-04-05,9:35:00 AM,01 - Clear,01 - Daylight,01 - Dry,10 - No control,,03 - P.D. only,06 - SMV unattended vehicle,0
17-3386,ALBION RD btwn BANK ST & DES MESANGES DR,371951.07573,5024115.45258,-75.64295928440,45.35376874200,2017-04-05,9:54:00 AM,01 - Clear,01 - Daylight,01 - Dry,10 - No control,,03 - P.D. only,02 - Angle,0
17-3387,OLD TENTH LINE RD/OR174 IC101 RAMP63 @ ST. JOS,383117.89410,5038786.18524,-75.49812701960,45.48460586460,2017-04-05,12:01:00 PM,01 - Clear,01 - Daylight,01 - Dry,01 - Traffic signal,01 - Functioning,02 - Non-fatal injury,02 - Angle,0
17-3388,QUEEN ST btwn METCALFE ST & ELGIN ST,367680.72605,5031701.31106,-75.69648912230,45.42242015850,2017-04-05,12:09:00 PM,01 - Clear,01 - Daylight,01 - Dry,10 - No control,,03 - P.D. only,06 - SMV unattended vehicle,0
17-3389,FERNBANK RD btwn DWYER HILL RD & MUNSTER RD,345135.25081,5006996.82688,-75.98657889930,45.20178340930,2017-04-05,7:20:00 AM,01 - Clear,01 - Daylight,01 - Dry,10 - No control,,03 - P.D. only,07 - SMV other,0
17-3390,VANIER PKWY SB btwn RIVERSIDE DR & TO BE DETERMINED,370798.91673,5031281.41691,-75.65670433030,45.41835489610,2017-04-05,12:24:00 PM,01 - Clear,01 - Daylight,01 - Dry,10 - No control,,03 - P.D. only,03 - Rear end,0
17-3391,ORLEANS BLVD @ ST. JOSEPH BLVD,380630.73436,5036980.59010,-75.53021779190,45.46863521110,2017-04-05,12:00:00 PM,01 - Clear,01 - Daylight,01 - Dry,01 - Traffic signal,01 - Functioning,02 - Non-fatal injury,03 - Rear end,0
17-3392,CASA GRANDE CIR/ASTERVALE ST @ SWEETVALLEY DR,384563.79410,5034180.98660,-75.48038067460,45.44300888090,2017-04-05,12:47:00 PM,01 - Clear,01 - Daylight,01 - Dry,02 - Stop sign,01 - Functioning,03 - P.D. only,99 - Other,0
17-3393,DONNELLY DR btwn REDDICK LANE & HARNETT RD,365418.54119,4987476.07380,-75.73077896720,45.02467875160,2017-04-04,10:10:00 PM,02 - Rain,07 - Dark,02 - Wet,10 - No control,,03 - P.D. only,07 - SMV other,0
17-3394,FALLOWFIELD RD @ WOODROFFE AVE,365086.15334,5017905.19669,-75.73132319440,45.29851329570,2017-04-05,1:33:00 PM,01 - Clear,01 - Daylight,01 - Dry,01 - Traffic signal,01 - Functioning,03 - P.D. only,07 - SMV other,0
17-3395,GREENBANK RD @ MALVERN DR/FOXFIELD DR,363312.68974,5016195.10220,-75.75413545570,45.28327580120,2017-04-05,1:36:00 PM,01 - Clear,01 - Daylight,01 - Dry,01 - Traffic signal,01 - Functioning,02 - Non-fatal injury,05 - Turning movement,0
17-3396,ALESTHER ST btwn WOLFFDALE CRES & WOLFFDALE CRES,372031.06793,5032362.22055,-75.64081488010,45.42796216150,2017-04-05,2:14:00 PM,01 - Clear,01 - Daylight,01 - Dry,10 - No control,,03 - P.D. only,03 - Rear end,0
17-3397,AARON AVE btwn CARLING AVE & LENESTER AVE,362166.07500,5025847.42129,-75.76763184090,45.37022162560,2017-04-04,8:15:00 PM,02 - Rain,05 - Dusk,02 - Wet,10 - No control,,03 - P.D. only,06 - SMV unattended vehicle,0
17-3398,RAINBOW ST btwn CANOTEK RD & END (1),376170.85401,5035317.17399,-75.58748817010,45.45413884410,2017-04-05,3:15:00 PM,01 - Clear,01 - Daylight,01 - Dry,10 - No control,,03 - P.D. only,05 - Turning movement,0
17-3399,WAVERLEY ST @ O'CONNOR ST,368009.71154,5030765.57010,-75.69240569400,45.41397102220,2017-04-05,3:40:00 PM,01 - Clear,01 - Daylight,01 - Dry,02 - Stop sign,00 - Unknown,03 - P.D. only,04 - Sideswipe,0
17-3400,CYRVILLE RD btwn STAR TOP RD & MEADOWBROOK RD,373928.39061,5031483.78019,-75.61669401840,45.41987345970,2017-04-05,3:30:00 PM,01 - Clear,01 - Daylight,01 - Dry,10 - No control,,03 - P.D. only,03 - Rear end,0
17-3401,AVIATION PKWY @ MONTREAL RD,372147.05105,5034109.25170,-75.63909383140,45.44366994960,2017-04-05,3:30:00 PM,01 - Clear,01 - Daylight,01 - Dry,01 - Traffic signal,01 - Functioning,03 - P.D. only,04 - Sideswipe,0
17-3402,BANK ST btwn EVANS BLVD & CECIL AVE,369937.82535,5027010.53700,-75.66826970000,45.38000773490,2017-04-05,4:14:00 PM,01 - Clear,01 - Daylight,01 - Dry,10 - No control,,03 - P.D. only,05 - Turning movement,0
17-3403,GREENBANK RD @ WEST HUNT CLUB RD,361480.68034,5020502.47920,-75.77699379460,45.32218381750,2017-04-05,4:18:00 PM,01 - Clear,01 - Daylight,01 - Dry,01 - Traffic signal,01 - Functioning,03 - P.D. only,03 - Rear end,0
17-3404,ESPRIT DR btwn ESPRIT DR N & STORMWIND AVE,385495.46100,5034929.93700,-75.46835029010,45.44964030940,2017-04-05,4:10:00 PM,01 - Clear,01 - Daylight,01 - Dry,10 - No control,,03 - P.D. only,06 - SMV unattended vehicle,0
17-3405,LAURIER AVE   W btwn BAY ST & LYON ST N,367082.25075,5031027.58772,-75.70422105690,45.41641174070,2017-04-05,4:27:00 PM,01 - Clear,01 - Daylight,01 - Dry,10 - No control,,03 - P.D. only,04 - Sideswipe,0
17-3406,HALTON TER btwn DUNOLLIE CRES & MCBRIEN ST,348699.29993,5024088.63387,-75.93970310910,45.35536862770,2017-04-05,11:50:00 AM,01 - Clear,01 - Daylight,01 - Dry,10 - No control,,03 - P.D. only,99 - Other,0
17-3407,CUMBERLAND ST btwn GEORGE ST & RIDEAU ST,368350.79121,5032374.44903,-75.68784081830,45.42841626600,2017-04-05,8:39:00 PM,01 - Clear,07 - Dark,01 - Dry,10 - No control,,03 - P.D. only,04 - Sideswipe,0
17-3408,LYON ST @ WELLINGTON ST,366935.60545,5031426.16600,-75.70604429820,45.42001106610,2017-04-05,9:00:00 PM,01 - Clear,07 - Dark,01 - Dry,01 - Traffic signal,01 - Functioning,03 - P.D. only,07 - SMV other,0
17-3409,WEST HUNT CLUB RD WB btwn CEDARVIEW RD & GREENBANK RD,359756.47004,5019581.90245,-75.79908789590,45.31403752390,2017-04-05,10:09:00 PM,01 - Clear,07 - Dark,01 - Dry,10 - No control,,03 - P.D. only,07 - SMV other,0
17-3410,THOMAS A. DOLAN PKWY btwn STONECREST RD & RIDGETOP RD,339461.58359,5028796.16623,-76.05727176950,45.39824620960,2017-04-05,10:26:00 PM,"07 - Fog, mist, smoke, dust",07 - Dark,01 - Dry,10 - No control,,03 - P.D. only,07 - SMV other,0
17-3411,BANK ST btwn CENOTE RD & STONE SCHOOL RD,381563.82970,5011951.66169,-75.52217286170,45.24333937300,2017-04-06,6:02:00 AM,01 - Clear,03 - Dawn,01 - Dry,10 - No control,,03 - P.D. only,07 - SMV other,0
17-3412,ALTA VISTA DR @ SMYTH RD,370432.38145,5029082.89529,-75.66167988540,45.39860792480,2017-04-06,6:16:00 AM,01 - Clear,01 - Daylight,01 - Dry,01 - Traffic signal,01 - Functioning,02 - Non-fatal injury,05 - Turning movement,0
17-3413,INNES RD btwn STONEHENGE CRES & BLAIR RD,375473.38373,5031378.68553,-75.59696998130,45.41877351410,2017-04-06,7:19:00 AM,02 - Rain,01 - Daylight,02 - Wet,10 - No control,,03 - P.D. only,03 - Rear end,0
17-3414,RIVERSIDE DR @ UPLANDS DR/KIMBERWICK CRES N,368195.05045,5022793.50040,-75.69106146820,45.34222373740,2017-04-06,7:36:00 AM,02 - Rain,01 - Daylight,02 - Wet,01 - Traffic signal,01 - Functioning,03 - P.D. only,05 - Turning movement,0
17-3415,EARL ARMSTRONG RD @ SPRATT RD,368396.37465,5015012.09800,-75.68949125400,45.27218972300,2017-04-06,8:00:00 AM,01 - Clear,01 - Daylight,02 - Wet,01 - Traffic signal,01 - Functioning,02 - Non-fatal injury,03 - Rear end,0
17-3416,BOOTH ST btwn MIDDLE ST & VIMY PLACE PRIV,366193.31586,5031175.81204,-75.71555941300,45.41782398280,2017-04-06,8:45:00 AM,02 - Rain,01 - Daylight,02 - Wet,10 - No control,,03 - P.D. only,02 - Angle,0
17-3417,MONTREAL RD/HANNAH ST @ CODY AVE,370254.58277,5033170.11809,-75.66340775980,45.43539979070,2017-04-06,9:09:00 AM,01 - Clear,01 - Daylight,01 - Dry,01 - Traffic signal,01 - Functioning,03 - P.D. only,04 - Sideswipe,0
17-3418,MANOTICK STATION RD @ SNAKE ISLAND RD,376805.40395,5005703.37050,-75.58368164100,45.18762175980,2017-04-06,7:45:00 AM,02 - Rain,01 - Daylight,02 - Wet,02 - Stop sign,01 - Functioning,03 - P.D. only,02 - Angle,0
17-3419,8TH LINE RD btwn PANA RD & ANDREW SIMPSON DR,384864.51831,5012711.93015,-75.48001240880,45.24981214290,2017-04-06,10:52:00 AM,01 - Clear,01 - Daylight,01 - Dry,10 - No control,,03 - P.D. only,07 - SMV other,0
17-3420,ST. LAURENT BLVD btwn CONROY RD & THURSTON DR,373321.46532,5027292.91633,-75.62503050790,45.38222569990,2017-04-06,1:22:00 PM,02 - Rain,01 - Daylight,02 - Wet,10 - No control,,02 - Non-fatal injury,02 - Angle,0
17-3421,MACLAREN ST btwn METCALFE ST & ELGIN ST,368093.51272,5031056.65607,-75.69129773670,45.41658254360,2017-04-05,12:00:00 AM,01 - Clear,00 - Unknown,02 - Wet,10 - No control,,03 - P.D. only,06 - SMV unattended vehicle,0
17-3422,CYRVILLE RD @ INNES RD,375047.39025,5031119.56420,-75.60244938320,45.41648498140,2017-04-06,2:08:00 PM,02 - Rain,01 - Daylight,02 - Wet,01 - Traffic signal,01 - Functioning,03 - P.D. only,03 - Rear end,0
17-3423,AGES DR btwn LEGACY RD & HAWTHORNE RD,374915.21946,5027683.42209,-75.60462642430,45.38558158220,2017-04-06,2:27:00 PM,02 - Rain,01 - Daylight,02 - Wet,10 - No control,,03 - P.D. only,02 - Angle,0
17-3424,210 W OF MERIVALE RD @ WEST HUNT CLUB RD,365432.02107,5021829.48397,-75.72643331480,45.33379389670,2017-04-04,12:30:00 PM,02 - Rain,01 - Daylight,02 - Wet,01 - Traffic signal,01 - Functioning,03 - P.D. only,03 - Rear end,0
17-3425,RUSSELL RD S @ ST. LAURENT BLVD,373569.95727,5029263.51083,-75.62158318570,45.39993186990,2017-04-06,2:00:00 PM,02 - Rain,01 - Daylight,02 - Wet,01 - Traffic signal,01 - Functioning,03 - P.D. only,04 - Sideswipe,0
17-3426,WOODROFFE AVE btwn FIRESTATION & BASELINE RD,362544.67348,5023782.54483,-75.76304009410,45.35161096170,2017-04-06,2:56:00 PM,02 - Rain,01 - Daylight,02 - Wet,10 - No control,,02 - Non-fatal injury,03 - Rear end,0
17-3427,ST. LAURENT BLVD btwn MCARTHUR AVE & DONALD ST,372008.75873,5032690.49127,-75.64105514880,45.43091793230,2017-04-06,3:00:00 PM,02 - Rain,01 - Daylight,02 - Wet,10 - No control,,03 - P.D. only,04 - Sideswipe,0
17-3428,HOLLAND AVE @ TYNDALL ST,365031.95872,5028917.84366,-75.73067291710,45.39760824800,2017-04-06,3:11:00 PM,01 - Clear,01 - Daylight,01 - Dry,01 - Traffic signal,00 - Unknown,03 - P.D. only,04 - Sideswipe,0
17-3429,BANK ST @ CATHERINE ST,368039.37095,5030266.23421,-75.69209085300,45.40947547850,2017-04-06,4:34:00 PM,02 - Rain,01 - Daylight,02 - Wet,01 - Traffic signal,01 - Functioning,03 - P.D. only,03 - Rear end,0
17-3430,HERON RD EB btwn RIVERSIDE DR & BRONSON AVE RAMP 35,368419.64666,5026663.19060,-75.68769775370,45.37702191730,2017-04-06,5:06:00 PM,02 - Rain,01 - Daylight,02 - Wet,10 - No control,,03 - P.D. only,03 - Rear end,0
17-3431,CAMERON ST @ REGIONAL RD 174,389861.10805,5042618.23320,-75.41121585740,45.51829296890,2017-04-06,5:06:00 PM,02 - Rain,01 - Daylight,02 - Wet,01 - Traffic signal,01 - Functioning,03 - P.D. only,03 - Rear end,0
17-3432,GEMINI WAY btwn CENTREPOINTE DR & TURN LANE,362168.36071,5023410.74988,-75.76788548070,45.34829646020,2017-04-06,4:20:00 PM,02 - Rain,01 - Daylight,02 - Wet,10 - No control,,03 - P.D. only,04 - Sideswipe,0
17-3433,RIOCAN AVE @ STRANDHERD DR,364173.21214,5014944.57260,-75.74331685810,45.27195137870,2017-04-06,5:28:00 PM,02 - Rain,01 - Daylight,02 - Wet,01 - Traffic signal,01 - Functioning,03 - P.D. only,03 - Rear end,0
17-3434,MONTREAL RD @ BATHGATE DR/BURMA RD,373224.38795,5034515.92330,-75.62526714240,45.44722434420,2017-04-06,5:36:00 PM,02 - Rain,01 - Daylight,02 - Wet,01 - Traffic signal,01 - Functioning,03 - P.D. only,02 - Angle,0
17-3435,MCCARTHY RD @ PROVOST DR,369331.05025,5025133.51630,-75.67626188350,45.36317500600,2017-04-06,5:39:00 PM,02 - Rain,01 - Daylight,02 - Wet,02 - Stop sign,01 - Functioning,03 - P.D. only,02 - Angle,0
17-3436,PRINCE OF WALES DR @ MEADOWLANDS DR/HOG'S BACK,367372.92224,5025692.80810,-75.70118405730,45.36838490800,2017-04-06,6:23:00 PM,02 - Rain,01 - Daylight,02 - Wet,01 - Traffic signal,01 - Functioning,03 - P.D. only,03 - Rear end,0
17-3437,RICHMOND RD btwn WEST HUNT CLUB RD & STONEHAVEN DR,356935.03855,5017170.32700,-75.83532342040,45.29255298150,2017-04-06,7:53:00 PM,02 - Rain,07 - Dark,02 - Wet,10 - No control,,03 - P.D. only,07 - SMV other,0
17-3438,MERIVALE RD btwn SUMMERVILLE AVE & MAYVIEW AVE,364876.37384,5026430.47608,-75.73296274350,45.37524076200,2017-04-06,8:41:00 PM,01 - Clear,07 - Dark,01 - Dry,10 - No control,,03 - P.D. only,04 - Sideswipe,0
17-3439,DUMAURIER AVE @ PINECREST RD,360322.68234,5023835.17980,-75.79138987300,45.35226401420,2017-04-06,8:44:00 PM,02 - Rain,07 - Dark,02 - Wet,01 - Traffic signal,01 - Functioning,02 - Non-fatal injury,02 - Angle,0
17-3440,JOHN QUINN RD @ PARKWAY RD,381395.11585,5015816.77800,-75.52372577960,45.27813415810,2017-04-06,9:03:00 PM,02 - Rain,07 - Dark,02 - Wet,02 - Stop sign,01 - Functioning,02 - Non-fatal injury,02 - Angle,0
17-3441,BASELINE RD btwn FERGUSON ST & CORDOVA ST,363509.38194,5024355.96551,-75.75066106840,45.35669044160,2017-04-06,9:54:00 PM,02 - Rain,07 - Dark,02 - Wet,10 - No control,,03 - P.D. only,03 - Rear end,0
17-3442,MARCH RD btwn HALTON TERR/MAXWELL BRIDGE RD & MAXWELL RD,348863.28144,5024495.77087,-75.93757398440,45.35902185300,2017-04-06,9:59:00 PM,02 - Rain,07 - Dark,02 - Wet,10 - No control,,03 - P.D. only,03 - Rear end,0
17-3443,BLOHM DR @ HUNT CLUB RD,375129.41155,5026188.84940,-75.60210440030,45.37211266180,2017-04-06,10:56:00 PM,02 - Rain,07 - Dark,02 - Wet,01 - Traffic signal,01 - Functioning,02 - Non-fatal injury,05 - Turning movement,0
17-3444,BRONSON AVE @ CATHERINE ST/RAYMOND ST,367253.04295,5029797.90429,-75.70219485810,45.40533219230,2017-04-07,12:01:00 AM,02 - Rain,07 - Dark,02 - Wet,01 - Traffic signal,01 - Functioning,02 - Non-fatal injury,07 - SMV other,1