COLLISION_ID,LOCATION,X,Y,LONGITUDE,LATITUDE,DATE,TIME,ENVIRONMENT,LIGHT,SURFACE_CONDITION,TRAFFIC_CONTROL,TRAFFIC_CONTROL_CONDITION,COLLISION_CLASSIFICATION,IMPACT_TYPE,NO_OF_PEDESTRIANS
17-3445,BRONSON AVE @ CATHERINE ST/RAYMOND ST,367252.37405,5029795.89760,-75.70220365620,45.40531419630,2017-04-07,12:11:00 AM,02 - Rain,07 - Dark,02 - Wet,01 - Traffic signal,01 - Functioning,02 - Non-fatal injury,05 - Turning movement,0
17-3446,ALBION RD btwn RIDEAU RD & TULLAMORE ST,375287.67309,5016226.74678,-75.60150242460,45.28246176330,2017-04-07,12:24:00 AM,02 - Rain,07 - Dark,02 - Wet,10 - No control,,03 - P.D. only,07 - SMV other,0
17-3447,BANK ST @ WALKLEY RD,370338.18645,5025949.07269,-75.66329898710,45.37041968990,2017-04-07,1:46:00 AM,02 - Rain,07 - Dark,02 - Wet,01 - Traffic signal,01 - Functioning,02 - Non-fatal injury,07 - SMV other,0
17-3448,REGIONAL ROAD 174 btwn CAMERON ST & WEST ST,389959.43581,5042634.95560,-75.40995458460,45.51843141430,2017-04-07,6:37:00 AM,02 - Rain,01 - Daylight,02 - Wet,10 - No control,,02 - Non-fatal injury,03 - Rear end,0
17-3449,FALLOWFIELD RD @ HWY 416 FALLOWFI IC66R52,360096.78645,5014799.41979,-75.79528102200,45.27097763960,2017-04-07,7:40:00 AM,02 - Rain,01 - Daylight,02 - Wet,10 - No control,00 - Unknown,03 - P.D. only,07 - SMV other,0
17-3450,FALLOWFIELD RD @ MOODIE DR,359501.99035,5014636.41290,-75.80287867340,45.26955740030,2017-04-07,7:51:00 AM,01 - Clear,01 - Daylight,02 - Wet,01 - Traffic signal,01 - Functioning,03 - P.D. only,03 - Rear end,0
17-3451,MERIVALE RD @ SLACK RD,366020.03475,5020956.83079,-75.71903982620,45.32589082530,2017-04-07,8:41:00 AM,01 - Clear,01 - Daylight,01 - Dry,01 - Traffic signal,00 - Unknown,03 - P.D. only,03 - Rear end,0
17-3452,GLADSTONE AVE @ LEBRETON ST,366856.70374,5029922.56870,-75.70724170720,45.40648913770,2017-04-07,8:50:00 AM,02 - Rain,01 - Daylight,02 - Wet,02 - Stop sign,01 - Functioning,03 - P.D. only,02 - Angle,0
17-3453,INDUSTRIAL AVE btwn RUSSELL RD & ST. LAURENT BLVD,372746.10522,5030020.75374,-75.63200090720,45.40682564350,2017-04-07,8:58:00 AM,02 - Rain,01 - Daylight,02 - Wet,10 - No control,,02 - Non-fatal injury,02 - Angle,0
17-3454,HUNT CLUB RD @ RIVERSIDE DR,368036.36855,5021946.16740,-75.69319437970,45.33461392910,2017-04-06,2:00:00 PM,01 - Clear,01 - Daylight,01 - Dry,01 - Traffic signal,01 - Functioning,03 - P.D. only,03 - Rear end,0
17-3455,ALBERT ST @ ELGIN ST/MACKENZIE KING BRIDGE,367851.04605,5031712.25030,-75.69431153270,45.42250325570,2017-04-07,9:27:00 AM,01 - Clear,01 - Daylight,01 - Dry,01 - Traffic signal,01 - Functioning,03 - P.D. only,07 - SMV other,0
17-3456,ALBERT ST btwn SLATER ST & BRICKHILL ST,366599.10903,5030752.67272,-75.71042803100,45.41398097290,2017-04-07,9:46:00 AM,01 - Clear,01 - Daylight,01 - Dry,10 - No control,,03 - P.D. only,04 - Sideswipe,0
17-3457,BANK ST btwn GILMOUR ST & LEWIS ST,367801.08597,5030751.82843,-75.69507267420,45.41386619270,2017-04-07,11:32:00 AM,01 - Clear,01 - Daylight,01 - Dry,10 - No control,,03 - P.D. only,05 - Turning movement,0
17-3458,PARKWAY RD btwn CEDAR LANE & HIRAM DR,376893.71241,5013032.08259,-75.58149679620,45.25355444040,2017-04-07,12:22:00 PM,02 - Rain,01 - Daylight,02 - Wet,10 - No control,,02 - Non-fatal injury,05 - Turning movement,0
17-3459,GREENBANK RD @ LISA AVE,360553.67176,5022893.49210,-75.78854825000,45.34377239980,2017-04-07,12:36:00 PM,01 - Clear,01 - Daylight,02 - Wet,01 - Traffic signal,01 - Functioning,03 - P.D. only,03 - Rear end,0
17-3460,ALBION RD btwn DEL ZOTTO AVE & HIGH RD,374528.42129,5017980.84408,-75.61093277370,45.29832029380,2017-04-07,1:14:00 PM,02 - Rain,01 - Daylight,02 - Wet,10 - No control,,03 - P.D. only,07 - SMV other,0
17-3461,CARP RD btwn GALETTA SIDE RD & STYLES SIDE RD,328218.14028,5035270.39163,-76.20057261680,45.45697040610,2017-04-07,1:12:00 PM,01 - Clear,01 - Daylight,01 - Dry,10 - No control,,03 - P.D. only,07 - SMV other,0
17-3462,BANK ST @ WALKLEY RD,370338.18645,5025947.73490,-75.66329916460,45.37040765280,2017-04-07,1:35:00 PM,02 - Rain,01 - Daylight,02 - Wet,01 - Traffic signal,00 - Unknown,02 - Non-fatal injury,03 - Rear end,0
17-3463,ST. PATRICK ST btwn CUMBERLAND ST & KING EDWARD AVE,368154.91619,5032763.56410,-75.69029372530,45.43193515610,2017-04-07,1:44:00 PM,01 - Clear,01 - Daylight,01 - Dry,10 - No control,,03 - P.D. only,04 - Sideswipe,0
17-3464,RIVERSIDE DR @ HERON RD,368121.83837,5026645.71806,-75.69150205990,45.37689168180,2017-04-07,1:48:00 PM,01 - Clear,01 - Daylight,02 - Wet,01 - Traffic signal,01 - Functioning,02 - Non-fatal injury,05 - Turning movement,0
17-3465,MCARTHUR AVE btwn MAY ST & ST. LAURENT BLVD,371793.80018,5032864.47545,-75.64377839180,45.43250398620,2017-04-07,1:52:00 PM,01 - Clear,01 - Daylight,01 - Dry,10 - No control,,03 - P.D. only,03 - Rear end,0
17-3466,LAURIER AVE   E btwn MARLBOROUGH AVE & RANGE RD,369370.97336,5032417.19638,-75.67479895450,45.42870745050,2017-04-07,11:50:00 AM,01 - Clear,01 - Daylight,01 - Dry,10 - No control,,03 - P.D. only,05 - Turning movement,0
17-3467,LAURIER AVE @ NICHOLAS ST,368372.31115,5031798.46729,-75.68764016830,45.42323183070,2017-04-07,2:27:00 PM,02 - Rain,01 - Daylight,02 - Wet,01 - Traffic signal,01 - Functioning,03 - P.D. only,03 - Rear end,0
17-3468,WEST HUNT CLUB RD @ ROYDON PL/SUNDERLAND ST,365974.04205,5022168.82130,-75.71947669820,45.33680016310,2017-04-07,2:41:00 PM,02 - Rain,01 - Daylight,02 - Wet,01 - Traffic signal,01 - Functioning,03 - P.D. only,05 - Turning movement,0
17-3469,COLDREY AVE btwn KENZIE ST & MERIVALE RD,364764.96737,5027322.87930,-75.73427663900,45.38327998930,2017-04-07,2:49:00 PM,02 - Rain,01 - Daylight,02 - Wet,10 - No control,,03 - P.D. only,04 - Sideswipe,0
17-3470,HERON RD WB btwn PRINCE OF WALES DR & HERON RD WB ON RAMP/VINCENT MASS,367075.97885,5026476.23546,-75.70487574230,45.37546045530,2017-04-07,3:17:00 PM,01 - Clear,01 - Daylight,02 - Wet,10 - No control,,03 - P.D. only,03 - Rear end,0
17-3471,MCCLINTOCK WAY btwn MCCLURE CRES & MCCLURE CRES,352097.35181,5018866.67515,-75.89683430120,45.30815941320,2017-04-07,3:17:00 PM,02 - Rain,01 - Daylight,02 - Wet,10 - No control,,03 - P.D. only,02 - Angle,0
17-3472,CARP RD @ STITTSVILLE MAIN ST,349525.12055,5014330.87220,-75.93004424360,45.26751330010,2017-04-07,3:46:00 PM,01 - Clear,01 - Daylight,01 - Dry,01 - Traffic signal,01 - Functioning,03 - P.D. only,03 - Rear end,0
17-3473,HERON RD EB btwn PRINCE OF WALES DR & HERON RD EB OFF RAMP/VINCENT MAS,367372.48400,5026486.64733,-75.70108908740,45.37552772300,2017-04-07,4:16:00 PM,02 - Rain,01 - Daylight,02 - Wet,10 - No control,,03 - P.D. only,03 - Rear end,0
17-3474,MONTREAL RD btwn PALACE ST & VANIER PKWY,370010.83689,5033032.14728,-75.66654108320,45.43418116050,2017-04-07,5:22:00 PM,01 - Clear,01 - Daylight,01 - Dry,10 - No control,,03 - P.D. only,04 - Sideswipe,0
17-3475,LABELLE ST/RAMP @ LEMIEUX ST/HWY417 IC115 RAMP,372542.05485,5031688.56920,-75.63437807070,45.42185166210,2017-04-07,5:21:00 PM,02 - Rain,01 - Daylight,02 - Wet,02 - Stop sign,01 - Functioning,03 - P.D. only,02 - Angle,0
17-3476,EAGLESON RD @ KATIMAVIK RD/TIMM DR,353215.62744,5019565.46990,-75.88250588870,45.31437111610,2017-04-07,5:33:00 PM,01 - Clear,01 - Daylight,01 - Dry,01 - Traffic signal,01 - Functioning,02 - Non-fatal injury,05 - Turning movement,0
17-3477,PARENT AVE @ ST. PATRICK ST,367822.74801,5032557.38443,-75.69456495980,45.43011003600,2017-04-07,8:50:00 PM,01 - Clear,07 - Dark,01 - Dry,01 - Traffic signal,01 - Functioning,03 - P.D. only,04 - Sideswipe,0
17-3478,TERRY FOX DR @ EDGEWATER ST/WALTER BAKER PL,351780.00638,5017611.04746,-75.90100006060,45.29688225470,2017-04-07,9:22:00 PM,01 - Clear,07 - Dark,01 - Dry,01 - Traffic signal,01 - Functioning,03 - P.D. only,05 - Turning movement,0
17-3479,BEATRICE DR @ STRANDHERD DR,365528.38034,5015320.81300,-75.72600143410,45.27522105580,2017-04-07,10:12:00 PM,01 - Clear,07 - Dark,01 - Dry,01 - Traffic signal,01 - Functioning,03 - P.D. only,05 - Turning movement,0
17-3480,BANK ST @ HERON RD,369995.38555,5026850.87330,-75.66755588550,45.37856577880,2017-04-07,11:13:00 PM,01 - Clear,07 - Dark,01 - Dry,01 - Traffic signal,01 - Functioning,03 - P.D. only,03 - Rear end,0
17-3481,MARCH RD btwn PETER ROBINSON RD & CORKERY RD,335266.14968,5015511.56466,-76.11167619450,45.27890008490,2017-04-07,11:00:00 PM,01 - Clear,07 - Dark,01 - Dry,10 - No control,,03 - P.D. only,07 - SMV other,0
17-3482,MONTREAL RD @ NORTH RIVER RD,369740.04315,5032888.25380,-75.67002070740,45.43291166550,2017-04-08,1:07:00 AM,01 - Clear,07 - Dark,01 - Dry,01 - Traffic signal,01 - Functioning,03 - P.D. only,99 - Other,0
17-3483,CARLING AVE btwn MARCH RD & SCHNEIDER RD,351059.79894,5022228.16038,-75.90975109750,45.33847595840,2017-04-08,2:18:00 AM,01 - Clear,07 - Dark,01 - Dry,10 - No control,,03 - P.D. only,07 - SMV other,0
17-3484,CHESTERTON DR @ MEADOWLANDS DR,365101.36915,5024009.50780,-75.73038576870,45.35343795900,2017-04-08,8:42:00 AM,01 - Clear,01 - Daylight,01 - Dry,01 - Traffic signal,01 - Functioning,02 - Non-fatal injury,02 - Angle,0
17-3485,CLARKE AVE @ CUMMINGS AVE,372174.05605,5033618.59550,-75.63881583240,45.43925266360,2017-04-08,9:07:00 AM,01 - Clear,01 - Daylight,01 - Dry,02 - Stop sign,01 - Functioning,03 - P.D. only,05 - Turning movement,0
17-3486,RIVERSIDE DR RAMP 24 @ RIVERSIDE DR RAMP 42A,368544.82670,5027130.16194,-75.68603931770,45.38121221540,2017-04-07,5:00:00 PM,02 - Rain,01 - Daylight,02 - Wet,10 - No control,,03 - P.D. only,03 - Rear end,0
17-3487,EAGLESON RD @ COPE DR/CADENCE GT,354621.62564,5016025.42051,-75.86493054220,45.28241869130,2017-04-08,9:00:00 AM,01 - Clear,01 - Daylight,01 - Dry,01 - Traffic signal,01 - Functioning,03 - P.D. only,03 - Rear end,0
17-3488,CLEOPATRA DR btwn CAESAR AVE & CAESAR AVE,365704.94716,5020983.37418,-75.72305563890,45.32615707080,2017-04-08,10:44:00 AM,01 - Clear,01 - Daylight,01 - Dry,10 - No control,,03 - P.D. only,05 - Turning movement,0
17-3489,REGIONAL ROAD 174 btwn Continuation of REGIONAL ROAD 174 & OR174 IC112,374285.77592,5032454.35786,-75.61199107380,45.42857080250,2017-04-08,9:40:00 AM,01 - Clear,01 - Daylight,01 - Dry,10 - No control,,03 - P.D. only,03 - Rear end,0
17-3490,GREENBANK RD @ STRANDHERD DR,363934.68724,5014783.74830,-75.74637563160,45.27052437720,2017-04-08,11:26:00 AM,01 - Clear,01 - Daylight,01 - Dry,01 - Traffic signal,01 - Functioning,02 - Non-fatal injury,03 - Rear end,0
17-3491,FALLOWFIELD RD @ HWY 416 FALLOWFI IC66R34,359822.47716,5014727.02929,-75.79878466040,45.27034777690,2017-04-08,12:17:00 PM,01 - Clear,01 - Daylight,01 - Dry,01 - Traffic signal,01 - Functioning,03 - P.D. only,03 - Rear end,0
17-3492,RIVERSIDE DR NB btwn RIVERSIDE DR SPLIT & DATA CENTRE RD,368552.40101,5027356.29485,-75.68591340850,45.38324620570,2017-04-08,12:31:00 PM,01 - Clear,01 - Daylight,01 - Dry,10 - No control,,03 - P.D. only,03 - Rear end,0
17-3493,FERNBANK RD @ ROMINA ST,354467.97335,5015278.54821,-75.86696374270,45.27570903240,2017-04-08,12:58:00 PM,01 - Clear,01 - Daylight,01 - Dry,02 - Stop sign,01 - Functioning,02 - Non-fatal injury,07 - SMV other,0
17-3494,TORBEC AVE btwn KEYROCK DR & FLETCHER CIRC,349407.65282,5020066.15979,-75.93102529530,45.31912870230,2017-04-08,1:07:00 PM,01 - Clear,01 - Daylight,01 - Dry,10 - No control,,03 - P.D. only,06 - SMV unattended vehicle,0
17-3495,PALLADIUM DR btwn HUNTMAR DR & HWY417 IC142 RAMP25,349545.95993,5017131.27252,-75.92952621850,45.29271091860,2017-04-08,12:45:00 PM,01 - Clear,01 - Daylight,01 - Dry,10 - No control,,03 - P.D. only,03 - Rear end,0
17-3496,CLEARBROOK DR btwn PIAZZA CIR & SILVERSTONE WAY,364805.15400,5015048.66500,-75.73525119850,45.27283436220,2017-04-08,1:55:00 PM,01 - Clear,01 - Daylight,01 - Dry,10 - No control,,02 - Non-fatal injury,04 - Sideswipe,0
17-3497,BROPHY DR @ FOURTH LINE RD,360737.63646,5005671.33740,-75.78814053450,45.18879095760,2017-04-08,2:20:00 PM,01 - Clear,01 - Daylight,01 - Dry,02 - Stop sign,01 - Functioning,03 - P.D. only,07 - SMV other,0
17-3498,PRESTON ST @ PRINCE OF WALES DR/QUEEN ELIZABET,366899.70816,5028777.88579,-75.70683652380,45.39618577890,2017-04-08,2:47:00 PM,01 - Clear,01 - Daylight,01 - Dry,01 - Traffic signal,01 - Functioning,03 - P.D. only,03 - Rear end,0
17-3499,BANK ST @ CHAMBERLAIN AVE N/ISABELLA ST,368082.37765,5030165.89330,-75.69155436000,45.40856875570,2017-04-08,3:02:00 PM,01 - Clear,01 - Daylight,01 - Dry,01 - Traffic signal,01 - Functioning,03 - P.D. only,05 - Turning movement,0
17-3500,INNES RD @ TRIM RD,386567.10655,5037272.21811,-75.45426260500,45.47058925570,2017-04-08,3:15:00 PM,01 - Clear,01 - Daylight,01 - Dry,01 - Traffic signal,01 - Functioning,03 - P.D. only,04 - Sideswipe,0
17-3501,PRINCE OF WALES DR @ WEST HUNT CLUB RD,367459.71364,5021890.16551,-75.70055803990,45.33416176500,2017-04-08,3:55:00 PM,02 - Rain,01 - Daylight,02 - Wet,01 - Traffic signal,01 - Functioning,03 - P.D. only,03 - Rear end,0
17-3502,MAPLE GROVE RD btwn SILVER SEVEN RD & TERRY FOX DR,351351.33007,5017675.44833,-75.90645938600,45.29749028350,2017-04-08,3:30:00 PM,01 - Clear,01 - Daylight,01 - Dry,10 - No control,,03 - P.D. only,03 - Rear end,0
17-3503,CANAAN RD @ REGIONAL RD 174,395772.15045,5043411.54441,-75.33542235200,45.52468387290,2017-04-08,5:39:00 PM,01 - Clear,01 - Daylight,01 - Dry,01 - Traffic signal,01 - Functioning,03 - P.D. only,03 - Rear end,0
17-3504,INNES RD btwn HWY417 IC112 RAMP65 & HWY417 IC112 RAMP56,374447.04991,5030842.29900,-75.61015817920,45.41405030630,2017-04-08,5:55:00 PM,01 - Clear,01 - Daylight,01 - Dry,10 - No control,,03 - P.D. only,99 - Other,0
17-3505,DALHOUSIE ST @ MURRAY ST,368000.36465,5032572.25681,-75.69229332410,45.43022782450,2017-04-08,6:15:00 PM,01 - Clear,01 - Daylight,01 - Dry,01 - Traffic signal,01 - Functioning,03 - P.D. only,05 - Turning movement,0
17-3506,RICHARDSON SIDE RD btwn WILDMEADOW CIRC & GREY STONE DR,343500.55850,5014668.57316,-76.00678901380,45.27090940240,2017-04-08,8:30:00 PM,01 - Clear,07 - Dark,01 - Dry,10 - No control,,03 - P.D. only,07 - SMV other,0
17-3507,TERRY FOX DR @ 135 S OF HAZELDEAN RD/SOBEY'S S,352293.21684,5017140.24560,-75.89450202600,45.29261135490,2017-04-08,11:23:00 PM,01 - Clear,07 - Dark,01 - Dry,01 - Traffic signal,01 - Functioning,03 - P.D. only,05 - Turning movement,0
17-3508,POND ST btwn MACNABB PL & LAKEWAY DR,370176.03866,5034961.86844,-75.66417350520,45.45152852970,2017-04-09,12:52:00 AM,01 - Clear,07 - Dark,01 - Dry,10 - No control,,03 - P.D. only,01 - Approaching,0
17-3509,MONTREAL RD btwn CARSON'S RD/CODD'S RD & DEN HAAG DR/LANG'S RD,372407.11934,5034230.27935,-75.63575309710,45.44473379260,2017-04-09,1:37:00 AM,01 - Clear,07 - Dark,01 - Dry,10 - No control,,03 - P.D. only,07 - SMV other,0
17-3510,ROGER STEVENS DR btwn MALAKOFF RD & MCCORDICK RD,362676.87459,4996525.82142,-75.76452298960,45.10634084700,2017-04-09,11:23:00 AM,01 - Clear,01 - Daylight,01 - Dry,10 - No control,,03 - P.D. only,07 - SMV other,0
17-3511,RIVERSIDE DR @ TREMBLAY RD/HWY417 IC117 RAMP52,370801.07476,5031016.57680,-75.65671223060,45.41597176990,2017-04-09,10:42:00 AM,01 - Clear,01 - Daylight,01 - Dry,01 - Traffic signal,01 - Functioning,03 - P.D. only,03 - Rear end,0
17-3512,WEST HUNT CLUB RD @ CLEOPATRA DR/LANCELOT DR,365236.20950,5021732.49400,-75.72894317010,45.33293808400,2017-04-09,11:51:00 AM,01 - Clear,01 - Daylight,01 - Dry,01 - Traffic signal,01 - Functioning,03 - P.D. only,05 - Turning movement,0
17-3513,BANK ST @ CATHERINE ST,368040.03985,5030269.57869,-75.69208187930,45.40950551080,2017-04-09,12:35:00 PM,01 - Clear,01 - Daylight,01 - Dry,01 - Traffic signal,01 - Functioning,03 - P.D. only,02 - Angle,0
17-3514,BOURASSA ST @ ST. LAURENT BLVD,373235.72866,5029694.22550,-75.62579210570,45.40383999370,2017-04-09,12:42:00 PM,01 - Clear,01 - Daylight,01 - Dry,01 - Traffic signal,01 - Functioning,03 - P.D. only,03 - Rear end,0
17-3515,REGIONAL ROAD 174 btwn OR174 IC105 RAMP51 & OR174 IC105 RAMP35,379225.25889,5036901.99439,-75.54820148460,45.46807924510,2017-04-09,1:35:00 PM,01 - Clear,01 - Daylight,01 - Dry,10 - No control,,03 - P.D. only,04 - Sideswipe,0
17-3516,BESSERER ST btwn KING EDWARD AVE & NELSON ST,368608.61928,5032376.15365,-75.68454597020,45.42840812990,2017-04-09,12:00:00 AM,01 - Clear,00 - Unknown,01 - Dry,10 - No control,,03 - P.D. only,06 - SMV unattended vehicle,0
17-3517,HAWTHORNE RD @ HUNT CLUB RD,375508.08435,5026406.52920,-75.59723932380,45.37403313460,2017-04-09,1:15:00 PM,01 - Clear,01 - Daylight,01 - Dry,01 - Traffic signal,01 - Functioning,03 - P.D. only,03 - Rear end,0
17-3518,AVIATION PKWY @ MONTREAL RD,372147.05105,5034109.25170,-75.63909383140,45.44366994960,2017-04-09,3:31:00 PM,02 - Rain,01 - Daylight,02 - Wet,01 - Traffic signal,01 - Functioning,03 - P.D. only,04 - Sideswipe,0
17-3519,VALOUR DR @ SMYTH RD,370667.58940,5029087.17073,-75.65867533740,45.39862430500,2017-04-09,5:07:00 PM,01 - Clear,01 - Daylight,01 - Dry,01 - Traffic signal,01 - Functioning,02 - Non-fatal injury,02 - Angle,0
17-3520,BANK ST btwn ALBION RD & SIEVERIGHT AVE,372048.06569,5024140.87064,-75.64171809550,45.35398814980,2017-04-09,5:09:00 PM,01 - Clear,01 - Daylight,01 - Dry,10 - No control,,03 - P.D. only,04 - Sideswipe,0
17-3521,BELFAST RD @ ST. LAURENT BLVD,372861.72744,5030578.56200,-75.63044701310,45.41183331300,2017-04-09,6:27:00 PM,01 - Clear,01 - Daylight,01 - Dry,01 - Traffic signal,01 - Functioning,03 - P.D. only,04 - Sideswipe,0
17-3522,CUMBERLAND ST @ YORK ST,368263.70204,5032522.26850,-75.68893462920,45.42975420100,2017-04-09,6:40:00 PM,01 - Clear,01 - Daylight,01 - Dry,01 - Traffic signal,01 - Functioning,02 - Non-fatal injury,03 - Rear end,0
17-3523,COLONEL BY DR/SUSSEX DR @ RIDEAU ST,367920.80820,5032044.41871,-75.69337761290,45.42548570370,2017-04-09,8:18:00 PM,01 - Clear,07 - Dark,01 - Dry,01 - Traffic signal,01 - Functioning,03 - P.D. only,04 - Sideswipe,0
17-3524,OGILVIE RD @ BATHGATE DR/CITYPARK DR W,373829.05655,5032799.23871,-75.61777877660,45.43171908470,2017-04-09,10:06:00 PM,01 - Clear,07 - Dark,01 - Dry,01 - Traffic signal,01 - Functioning,03 - P.D. only,05 - Turning movement,0
17-3525,MURRAY ST btwn SUSSEX DR & PARENT AVE,367795.76250,5032448.12077,-75.69492377950,45.42912935080,2017-04-09,2:30:00 PM,01 - Clear,01 - Daylight,01 - Dry,10 - No control,,03 - P.D. only,99 - Other,0
17-3526,BANK ST btwn TURN LANE & SPRINGHILL RD,383761.33679,5009946.15616,-75.49450329920,45.22505183510,2017-04-07,8:00:00 AM,02 - Rain,01 - Daylight,02 - Wet,10 - No control,,03 - P.D. only,07 - SMV other,0
17-3527,BANK ST btwn BANK ST EXTENSION NB & JOHNSTON RD,370555.85163,5025467.88008,-75.66058448520,45.36606968590,2017-04-10,10:09:00 AM,01 - Clear,01 - Daylight,01 - Dry,10 - No control,,02 - Non-fatal injury,07 - SMV other,1
17-3528,DUTTON CRES btwn Continuation of DUTTON CRES & Continuation of DUTTON,375507.70890,5035523.11075,-75.59593613400,45.45605915140,2017-04-09,5:45:00 PM,01 - Clear,01 - Daylight,01 - Dry,10 - No control,,03 - P.D. only,06 - SMV unattended vehicle,0
17-3529,RICHMOND RD btwn STONEHAVEN DR & HOPE SIDE RD,356808.73140,5015827.89185,-75.83707433820,45.28048288260,2017-04-10,12:39:00 PM,01 - Clear,01 - Daylight,01 - Dry,10 - No control,,03 - P.D. only,07 - SMV other,0
17-3530,JOHN QUINN RD btwn PARKWAY RD & IVESON DR,381443.94528,5015703.73453,-75.52312094930,45.27711173060,2017-04-09,12:53:00 PM,01 - Clear,01 - Daylight,01 - Dry,10 - No control,,03 - P.D. only,07 - SMV other,0
17-3531,RICHARDSON SIDE RD @ TERRY FOX DR,348803.08600,5019506.07210,-75.93878597800,45.31412702200,2017-04-10,1:19:00 PM,01 - Clear,01 - Daylight,01 - Dry,01 - Traffic signal,01 - Functioning,02 - Non-fatal injury,05 - Turning movement,0
17-3532,BANK ST @ COLLINS AVE/WILDWOOD AVE,370050.38535,5026699.54399,-75.66687369480,45.37719904680,2017-04-10,1:20:00 PM,01 - Clear,01 - Daylight,01 - Dry,02 - Stop sign,01 - Functioning,02 - Non-fatal injury,07 - SMV other,1
17-3533,INNES RD btwn HWY417 IC112 RAMP66 & CYRVILLE RD,374984.70705,5031076.49768,-75.60325632100,45.41610378240,2017-04-10,2:13:00 PM,01 - Clear,01 - Daylight,01 - Dry,10 - No control,,03 - P.D. only,04 - Sideswipe,0
17-3534,PARK ST btwn CARILLON ST & MONTREAL RD,370505.47863,5033327.70715,-75.66018030690,45.43679417870,2017-04-07,12:00:00 AM,02 - Rain,00 - Unknown,02 - Wet,10 - No control,,03 - P.D. only,06 - SMV unattended vehicle,0
17-3535,FIFTH AVE btwn MORRIS ST & RALPH ST,368096.90439,5029220.32951,-75.69149017360,45.40005955310,2017-04-10,2:23:00 PM,01 - Clear,01 - Daylight,01 - Dry,10 - No control,,02 - Non-fatal injury,03 - Rear end,0
17-3536,BASELINE RD @ CENTREPOINTE DR E/HIGHGATE RD,362062.02105,5023464.83640,-75.76923617510,45.34879181740,2017-04-10,2:30:00 PM,01 - Clear,01 - Daylight,02 - Wet,01 - Traffic signal,01 - Functioning,03 - P.D. only,03 - Rear end,0
17-3537,CASTLEFRANK RD btwn CONNELLY PL & GLAMORGAN DR,353236.14497,5016352.75955,-75.88255807790,45.28546100130,2017-04-10,3:16:00 PM,01 - Clear,01 - Daylight,01 - Dry,10 - No control,,03 - P.D. only,07 - SMV other,0
17-3538,WOODRIDGE CRES btwn BAYSHORE PS & TRANSITWAY LINK,358842.93576,5023187.21028,-75.81034460630,45.34654917020,2017-04-10,3:25:00 PM,01 - Clear,01 - Daylight,01 - Dry,10 - No control,,03 - P.D. only,05 - Turning movement,0
17-3539,INNES RD btwn HWY417 IC112 RAMP65 & HWY417 IC112 RAMP56,374461.22367,5030849.92926,-75.60997603190,45.41411754890,2017-04-10,4:08:00 PM,01 - Clear,01 - Daylight,01 - Dry,10 - No control,,03 - P.D. only,03 - Rear end,0
17-3540,ALBION RD btwn LESTER RD & LEITRIM RD,372772.00073,5022147.21162,-75.63275358790,45.33598010940,2017-04-10,4:19:00 PM,01 - Clear,01 - Daylight,01 - Dry,10 - No control,,03 - P.D. only,03 - Rear end,0
17-3541,BEECHWOOD AVE btwn PUTMAN AVE & ACACIA AVE,369612.06102,5033915.62016,-75.67152096800,45.44216736210,2017-04-10,4:40:00 PM,01 - Clear,01 - Daylight,01 - Dry,10 - No control,,02 - Non-fatal injury,04 - Sideswipe,0
17-3542,RIVERSIDE DR @ BROOKFIELD RD/HOG'S BACK RD,368169.23951,5026224.55951,-75.69095094010,45.37309792330,2017-04-10,5:00:00 PM,01 - Clear,01 - Daylight,01 - Dry,01 - Traffic signal,00 - Unknown,02 - Non-fatal injury,03 - Rear end,0
17-3543,KING EDWARD AVE @ ST. PATRICK ST,368249.70464,5032822.91990,-75.68907475720,45.43246062450,2017-04-10,5:54:00 PM,01 - Clear,01 - Daylight,01 - Dry,01 - Traffic signal,01 - Functioning,03 - P.D. only,03 - Rear end,0
17-3544,LEMIEUX ST @ ST. LAURENT BLVD,372390.34577,5031743.45164,-75.63630888920,45.42236014230,2017-04-10,6:32:00 PM,01 - Clear,01 - Daylight,01 - Dry,01 - Traffic signal,01 - Functioning,03 - P.D. only,03 - Rear end,0
17-3545,ANDERSON RD/WEIR RD @ RENAUD RD,377766.74476,5031503.56130,-75.56765188080,45.41966165460,2017-04-10,5:30:00 PM,02 - Rain,01 - Daylight,02 - Wet,11 - Roundabout,01 - Functioning,03 - P.D. only,07 - SMV other,0
17-3546,KING EDWARD AVE NB btwn RAMP & CATHCART ST,368075.40569,5033159.78429,-75.69125888390,45.43550740220,2017-04-10,9:23:00 PM,01 - Clear,07 - Dark,02 - Wet,10 - No control,,03 - P.D. only,04 - Sideswipe,0
17-3547,BRONSON AVE btwn SLATER ST & LAURIER AVE W,366772.38433,5030938.53426,-75.70819103200,45.41563797740,2017-04-11,7:19:00 AM,01 - Clear,01 - Daylight,02 - Wet,10 - No control,,03 - P.D. only,04 - Sideswipe,0
17-3548,VICTORIA ST btwn YORKS CORNERS RD & CARTWRIGHT RD,390086.48166,5014085.37477,-75.41326278390,45.26155586280,2017-04-11,7:50:00 AM,01 - Clear,01 - Daylight,01 - Dry,10 - No control,,03 - P.D. only,07 - SMV other,0