COLLISION_ID,LOCATION,X,Y,LONGITUDE,LATITUDE,DATE,TIME,ENVIRONMENT,LIGHT,SURFACE_CONDITION,TRAFFIC_CONTROL,TRAFFIC_CONTROL_CONDITION,COLLISION_CLASSIFICATION,IMPACT_TYPE,NO_OF_PEDESTRIANS
17-3549,NORICE ST @ WOODROFFE AVE,363195.68734,5022397.49220,-75.75489582460,45.33909446480,2017-04-11,8:20:00 AM,02 - Rain,01 - Daylight,02 - Wet,01 - Traffic signal,00 - Unknown,03 - P.D. only,03 - Rear end,0
17-3550,MURRAY ST @ SUSSEX DR,367707.86355,5032393.15951,-75.69605402340,45.42864273940,2017-04-11,10:28:00 AM,02 - Rain,01 - Daylight,02 - Wet,01 - Traffic signal,02 - Not functioning,03 - P.D. only,04 - Sideswipe,0
17-3551,VANIER PKWY SB btwn BEECHWOOD AVE/ ST. PATRICK ST/CRICHTON ST & DESCHA,369561.67221,5033371.29468,-75.67223663160,45.43727441430,2017-04-11,9:54:00 AM,01 - Clear,01 - Daylight,02 - Wet,10 - No control,,03 - P.D. only,03 - Rear end,0
17-3552,MERIVALE RD @ CAPILANO DR/WITHROW AVE,364642.76345,5024227.76890,-75.73621191730,45.35544112980,2017-04-11,10:11:00 AM,02 - Rain,01 - Daylight,02 - Wet,01 - Traffic signal,01 - Functioning,02 - Non-fatal injury,02 - Angle,0
17-3553,PRINCE OF WALES DR @ MERIVALE RD,367450.04575,5017615.12281,-75.70122198960,45.29569642930,2017-04-11,10:16:00 AM,02 - Rain,01 - Daylight,02 - Wet,01 - Traffic signal,01 - Functioning,03 - P.D. only,03 - Rear end,0
17-3554,DEERFIELD DR btwn NAVAHO DR & DEERFIELD DR,363233.52634,5023985.25794,-75.75422547510,45.35337789510,2017-04-09,12:00:00 AM,01 - Clear,00 - Unknown,01 - Dry,10 - No control,,03 - P.D. only,06 - SMV unattended vehicle,0
17-3555,CITRINE ST btwn NACARAT ST & TRIGORIA CRES,383540.16070,5035050.28330,-75.49332459840,45.45094610070,2017-04-11,11:04:00 AM,02 - Rain,01 - Daylight,02 - Wet,10 - No control,,03 - P.D. only,06 - SMV unattended vehicle,0
17-3556,ELGIN ST btwn FRANK ST & GLADSTONE AVE,368374.51292,5030862.21100,-75.68773283890,45.41480751720,2017-04-05,12:00:00 AM,01 - Clear,00 - Unknown,01 - Dry,10 - No control,,03 - P.D. only,06 - SMV unattended vehicle,0
17-3557,CHARLEMAGNE BLVD @ VALIN ST,384705.42125,5037593.90050,-75.47801593610,45.47369892550,2017-04-11,11:55:00 AM,01 - Clear,01 - Daylight,01 - Dry,02 - Stop sign,01 - Functioning,03 - P.D. only,07 - SMV other,0
17-3558,MARCH RD @ RICHARDSON SIDE RD,351412.50823,5021780.06360,-75.90529317700,45.33442054530,2017-04-11,12:00:00 PM,01 - Clear,01 - Daylight,01 - Dry,01 - Traffic signal,01 - Functioning,03 - P.D. only,04 - Sideswipe,0
17-3559,BASELINE RD btwn CLYDE AVE & 207 E OF CLYDE AVE,364377.09795,5024900.54634,-75.73952128080,45.36151731300,2017-04-11,1:07:00 PM,01 - Clear,01 - Daylight,01 - Dry,10 - No control,,03 - P.D. only,03 - Rear end,0
17-3560,JOSEPH CYR ST @ LEMIEUX ST,372493.98068,5031753.00020,-75.63498344880,45.42243603550,2017-04-11,1:45:00 PM,01 - Clear,01 - Daylight,01 - Dry,02 - Stop sign,00 - Unknown,03 - P.D. only,05 - Turning movement,0
17-3561,MERIVALE RD btwn CLYDE AVE & GILBEY DR,364543.00651,5024518.75523,-75.73744985990,45.35806789140,2017-04-11,2:46:00 PM,01 - Clear,01 - Daylight,01 - Dry,10 - No control,,02 - Non-fatal injury,03 - Rear end,0
17-3562,RIVERSIDE DR @ TREMBLAY RD/HWY417 IC117 RAMP52,370803.08144,5031016.57680,-75.65668659530,45.41597158060,2017-04-11,3:18:00 PM,01 - Clear,01 - Daylight,01 - Dry,01 - Traffic signal,00 - Unknown,03 - P.D. only,04 - Sideswipe,0
17-3563,MITCH OWENS RD @ STAGECOACH RD,375400.75804,5014484.45820,-75.60030888510,45.26677385950,2017-04-11,3:33:00 PM,01 - Clear,01 - Daylight,01 - Dry,01 - Traffic signal,01 - Functioning,03 - P.D. only,03 - Rear end,0
17-3564,ST. LAURENT BLVD btwn MCARTHUR AVE & DONALD ST,372087.35838,5032493.98958,-75.64007758880,45.42914234440,2017-04-11,3:57:00 PM,01 - Clear,01 - Daylight,01 - Dry,10 - No control,,02 - Non-fatal injury,03 - Rear end,0
17-3565,TYRRELL PL @ MOODIE DR,357327.31263,5019856.06210,-75.83003800330,45.31669035780,2017-04-11,3:58:00 PM,01 - Clear,01 - Daylight,01 - Dry,01 - Traffic signal,01 - Functioning,03 - P.D. only,02 - Angle,0
17-3566,HAZELDEAN RD @ TERRY FOX DR,352208.61434,5017241.11321,-75.89557093380,45.29352470070,2017-04-11,4:19:00 PM,01 - Clear,01 - Daylight,01 - Dry,01 - Traffic signal,01 - Functioning,03 - P.D. only,03 - Rear end,0
17-3567,DU GOUVERNEUR DR @ GAUTHIER ST,388676.72109,5040869.43659,-75.42667246610,45.50270281400,2017-04-11,5:23:00 PM,01 - Clear,01 - Daylight,01 - Dry,02 - Stop sign,01 - Functioning,03 - P.D. only,07 - SMV other,0
17-3568,MEADOWLANDS DR/TALLWOOD DR @ WOODROFFE AVE,363057.02405,5022729.15651,-75.75662590490,45.34209028430,2017-04-11,5:43:00 PM,01 - Clear,01 - Daylight,01 - Dry,01 - Traffic signal,01 - Functioning,03 - P.D. only,03 - Rear end,0
17-3569,MARCH RD btwn CAMPEAU DR/HWY 417 MARCH IC138R63 & HWY417 IC138 RAMP36,352846.88010,5020461.94844,-75.88712167030,45.32246314360,2017-04-11,6:21:00 PM,01 - Clear,01 - Daylight,01 - Dry,10 - No control,,03 - P.D. only,03 - Rear end,0
17-3570,DUNROBIN RD @ MARCH RD,347174.26635,5026066.20520,-75.95899698880,45.37325712550,2017-04-11,6:59:00 PM,01 - Clear,01 - Daylight,01 - Dry,01 - Traffic signal,01 - Functioning,03 - P.D. only,05 - Turning movement,0
17-3571,FALLOWFIELD RD @ 482 E OF HOLITMAN DR/BARRHAVE,364167.75974,5017377.73040,-75.74309525620,45.29384537440,2017-04-11,8:09:00 PM,01 - Clear,07 - Dark,01 - Dry,01 - Traffic signal,01 - Functioning,03 - P.D. only,05 - Turning movement,0
17-3572,BRONSON AVE/BRONSON/HERON RAMP 35 @ HERON RD,368642.21871,5026696.02030,-75.68485197560,45.37729706500,2017-04-07,12:00:00 PM,01 - Clear,01 - Daylight,01 - Dry,01 - Traffic signal,01 - Functioning,03 - P.D. only,04 - Sideswipe,0
17-3573,CRESTVIEW RD btwn RONALD AVE & HIGHRIDGE AVE,371090.03418,5028866.60479,-75.65330969490,45.39659986850,2017-04-11,12:00:00 AM,"07 - Fog, mist, smoke, dust",00 - Unknown,01 - Dry,10 - No control,,03 - P.D. only,06 - SMV unattended vehicle,0
17-3574,PRINCE OF WALES DR @ WEST HUNT CLUB RD,367459.04475,5021892.84109,-75.70056623320,45.33418589930,2017-04-11,10:18:00 PM,01 - Clear,07 - Dark,01 - Dry,01 - Traffic signal,01 - Functioning,03 - P.D. only,02 - Angle,0
17-3575,FORESTGLADE CRES btwn PICASSO DR & NOBLETON AVE,375172.76756,5026380.02710,-75.60152370400,45.37382843600,2017-04-11,10:41:00 PM,01 - Clear,07 - Dark,01 - Dry,10 - No control,,03 - P.D. only,06 - SMV unattended vehicle,0
17-3576,BLACKBURN BYPASS @ INNES RD E,379791.41345,5033780.89600,-75.54143804040,45.43993739900,2017-04-12,7:43:00 AM,01 - Clear,01 - Daylight,01 - Dry,01 - Traffic signal,01 - Functioning,03 - P.D. only,03 - Rear end,0
17-3577,CHAMBERLAIN AVE @ PERCY ST,367559.04735,5029824.55920,-75.69828280230,45.40554465610,2017-04-12,8:37:00 AM,01 - Clear,01 - Daylight,01 - Dry,01 - Traffic signal,01 - Functioning,03 - P.D. only,04 - Sideswipe,0
17-3578,ST. LAURENT BLVD @ MCARTHUR AVE,371921.20950,5032888.59390,-75.64214691880,45.43270877500,2017-04-12,8:30:00 AM,02 - Rain,01 - Daylight,02 - Wet,01 - Traffic signal,01 - Functioning,03 - P.D. only,03 - Rear end,0
17-3579,ROCHESTER ST btwn SOMERSET ST W & ECCLES ST,366492.56946,5030178.91974,-75.71186090530,45.40882790340,2017-04-12,9:35:00 AM,01 - Clear,01 - Daylight,01 - Dry,10 - No control,,03 - P.D. only,06 - SMV unattended vehicle,0
17-3580,JEANNE D'ARC BLVD @ ORLEANS BLVD S,380940.93919,5036252.25692,-75.52636405030,45.46204851230,2017-04-12,9:15:00 AM,01 - Clear,01 - Daylight,01 - Dry,01 - Traffic signal,01 - Functioning,03 - P.D. only,03 - Rear end,0
17-3581,PRESTONE DR btwn LEFEBVRE WAY & HATFIELD CRES,382895.92245,5037647.69659,-75.50114715150,45.47438763970,2017-04-12,10:44:00 AM,01 - Clear,01 - Daylight,01 - Dry,10 - No control,,01 - Fatal injury,07 - SMV other,1
17-3582,BURNSIDE AVE btwn PARKDALE AVE & FORWARD AVE,364822.17260,5030112.76908,-75.73320677790,45.40837794130,2017-04-12,4:00:00 AM,01 - Clear,07 - Dark,01 - Dry,10 - No control,,03 - P.D. only,06 - SMV unattended vehicle,0
17-3583,ST. LAURENT BLVD btwn HWY417 IC115 RAMP25 & TREMBLAY RD,372581.09738,5031278.24033,-75.63393568410,45.41815593310,2017-04-12,1:06:00 PM,01 - Clear,01 - Daylight,01 - Dry,10 - No control,,03 - P.D. only,03 - Rear end,0
17-3584,WELLINGTON ST    W btwn SPADINA AVE & BAYVIEW RD,365742.46260,5029983.28164,-75.72146701000,45.40713331800,2017-04-12,1:07:00 PM,01 - Clear,01 - Daylight,01 - Dry,10 - No control,,03 - P.D. only,02 - Angle,0
17-3585,HARDING RD @ WALKLEY RD,373149.06515,5027609.20420,-75.62718788230,45.38508836510,2017-04-12,1:17:00 PM,01 - Clear,01 - Daylight,01 - Dry,01 - Traffic signal,01 - Functioning,02 - Non-fatal injury,02 - Angle,0
17-3586,DONALD ST @ VANIER PKWY,370312.04755,5032272.59209,-75.66279277730,45.42731884600,2017-04-01,12:20:00 PM,01 - Clear,01 - Daylight,01 - Dry,01 - Traffic signal,01 - Functioning,03 - P.D. only,04 - Sideswipe,0
17-3587,LEDBURY AVE btwn BANK ST & BANFF AVE,370753.89236,5025336.21183,-75.65807421680,45.36486637080,2017-04-12,2:02:00 PM,01 - Clear,01 - Daylight,01 - Dry,10 - No control,,03 - P.D. only,06 - SMV unattended vehicle,0
17-3588,MONTREAL RD @ MONTFORT HOSPITAL,372223.42824,5034144.91300,-75.63811271780,45.44398344990,2017-04-12,2:53:00 PM,01 - Clear,01 - Daylight,01 - Dry,01 - Traffic signal,01 - Functioning,03 - P.D. only,04 - Sideswipe,0
17-3589,CATHERINE ST @ KENT ST,367907.70710,5030188.56490,-75.69378268890,45.40878851900,2017-04-12,3:21:00 PM,01 - Clear,01 - Daylight,01 - Dry,01 - Traffic signal,01 - Functioning,03 - P.D. only,02 - Angle,0
17-3590,CARLING AVE @ CARLINGWOOD SC,362074.01544,5025919.69740,-75.76879865010,45.37087948870,2017-04-12,3:50:00 PM,01 - Clear,01 - Daylight,01 - Dry,01 - Traffic signal,00 - Unknown,02 - Non-fatal injury,04 - Sideswipe,0
17-3591,NORICE ST @ WOODROFFE AVE,363195.68734,5022396.82330,-75.75489590360,45.33908844610,2017-04-12,4:15:00 PM,02 - Rain,01 - Daylight,02 - Wet,01 - Traffic signal,01 - Functioning,02 - Non-fatal injury,03 - Rear end,0
17-3592,INDUSTRIAL AVE btwn RUSSELL RD & ST. LAURENT BLVD,372712.78425,5030057.77449,-75.63242142720,45.40716197380,2017-04-07,8:58:00 AM,02 - Rain,01 - Daylight,02 - Wet,10 - No control,,02 - Non-fatal injury,07 - SMV other,1
17-3593,MAIN ST btwn HAZEL ST & HERRIDGE ST,369187.38219,5030130.50352,-75.67744376860,45.40814954790,2017-04-12,4:28:00 PM,01 - Clear,01 - Daylight,01 - Dry,10 - No control,,03 - P.D. only,04 - Sideswipe,0
17-3594,CARP RD btwn KITTIWAKE DR & HAZELDEAN RD,348702.87719,5014459.73373,-75.94051062610,45.26872465100,2017-04-12,5:00:00 PM,01 - Clear,01 - Daylight,01 - Dry,10 - No control,,02 - Non-fatal injury,05 - Turning movement,0
17-3595,WOODROFFE AVE btwn GEORGINA DR & HWY417 IC127 RAMP36,361995.06661,5025159.41240,-75.76989450060,45.36404495820,2017-04-12,5:12:00 PM,01 - Clear,01 - Daylight,01 - Dry,10 - No control,,03 - P.D. only,03 - Rear end,0
17-3596,PARKDALE AVE @ HWY 417 PARKDAL IC122R15/HWY 41,365337.70154,5028844.88580,-75.72677705460,45.39692542060,2017-04-12,5:26:00 PM,01 - Clear,01 - Daylight,01 - Dry,01 - Traffic signal,01 - Functioning,03 - P.D. only,02 - Angle,0
17-3597,JOHNSTON RD @ MACOUN CIRC,372130.42000,5025598.58110,-75.64046854840,45.36709620400,2017-04-12,5:34:00 PM,01 - Clear,01 - Daylight,01 - Dry,02 - Stop sign,01 - Functioning,03 - P.D. only,03 - Rear end,0
17-3598,AERO DR @ HOLLY ACRES RD,358341.22395,5023230.01467,-75.81674198240,45.34697280340,2017-04-12,6:13:00 PM,01 - Clear,01 - Daylight,01 - Dry,01 - Traffic signal,01 - Functioning,03 - P.D. only,04 - Sideswipe,0
17-3599,AIRPORT PKWY btwn RAMP & RAMP (1),369001.08028,5026165.47432,-75.68033941070,45.37249057510,2017-04-12,6:49:00 PM,02 - Rain,05 - Dusk,02 - Wet,10 - No control,,03 - P.D. only,04 - Sideswipe,0
17-3600,CLARIDGE DR btwn BEATRICE DR & SLEAFORD GT,365198.86086,5016528.37507,-75.73005390520,45.28611504390,2017-04-12,6:51:00 PM,01 - Clear,01 - Daylight,01 - Dry,10 - No control,,03 - P.D. only,06 - SMV unattended vehicle,0
17-3601,BOURASSA ST @ ST. LAURENT BLVD,373239.43468,5029692.65307,-75.62574498850,45.40382548360,2017-04-10,3:35:00 PM,01 - Clear,01 - Daylight,01 - Dry,01 - Traffic signal,01 - Functioning,03 - P.D. only,04 - Sideswipe,0
17-3602,INNES RD @ TENTH LINE RD,383951.42585,5036160.22970,-75.48788884260,45.46088594180,2017-04-12,7:30:00 PM,01 - Clear,05 - Dusk,01 - Dry,01 - Traffic signal,01 - Functioning,03 - P.D. only,03 - Rear end,0
17-3603,FRANKTOWN RD btwn MUNSTER RD & GREEN'S RD,351592.08820,5001531.81371,-75.90490742500,45.15220768260,2017-04-12,9:46:00 PM,01 - Clear,07 - Dark,01 - Dry,10 - No control,,03 - P.D. only,07 - SMV other,0
17-3604,BURLAND ST btwn WALTER ST & CARLING AVE,359238.86760,5024257.95568,-75.80517451010,45.35615312720,2017-04-12,3:20:00 PM,02 - Rain,01 - Daylight,02 - Wet,10 - No control,,03 - P.D. only,06 - SMV unattended vehicle,0
17-3605,BAY ST @ FLORA ST,367546.04795,5030151.90200,-75.69840718900,45.40849115380,2017-04-13,7:41:00 AM,01 - Clear,01 - Daylight,01 - Dry,02 - Stop sign,01 - Functioning,03 - P.D. only,99 - Other,0
17-3606,BANK ST @ SECOND AVE,368306.70874,5029627.22251,-75.68875815480,45.40370164900,2017-04-13,8:30:00 AM,01 - Clear,01 - Daylight,01 - Dry,02 - Stop sign,01 - Functioning,03 - P.D. only,04 - Sideswipe,0
17-3607,MITCH OWENS RD btwn 8TH LINE RD & ANDERSON RD,382534.80313,5018878.42030,-75.50872179720,45.30555594500,2017-04-13,8:51:00 AM,01 - Clear,01 - Daylight,01 - Dry,10 - No control,,03 - P.D. only,07 - SMV other,0
17-3608,REGIONAL ROAD 174 btwn OR174 IC105 RAMP26 & OR174 IC105 RAMP63,379659.17643,5037172.92826,-75.54261177230,45.47047052740,2017-04-13,9:13:00 AM,01 - Clear,01 - Daylight,01 - Dry,10 - No control,,02 - Non-fatal injury,03 - Rear end,0
17-3609,CARLING AVE @ CARLINGWOOD SC,362072.67765,5025920.36629,-75.76881564920,45.37088561670,2017-04-13,9:35:00 AM,01 - Clear,01 - Daylight,01 - Dry,01 - Traffic signal,01 - Functioning,03 - P.D. only,05 - Turning movement,0
17-3610,BRIAN COBURN BLVD @ TENTH LINE RD,384428.33890,5035022.30790,-75.48197576030,45.45059377220,2017-04-13,10:19:00 AM,01 - Clear,01 - Daylight,01 - Dry,01 - Traffic signal,01 - Functioning,03 - P.D. only,03 - Rear end,0
17-3611,ANJANA CIRC btwn MOFFATT POND CRT & TARTARUGA LANE,361655.01662,5013934.78675,-75.77552301640,45.26307334810,2017-04-13,11:26:00 AM,01 - Clear,01 - Daylight,01 - Dry,10 - No control,,03 - P.D. only,02 - Angle,0
17-3612,BEECH ST @ PRESTON ST,366684.36185,5029270.89339,-75.70952489990,45.40064079790,2017-04-13,11:25:00 AM,01 - Clear,01 - Daylight,01 - Dry,01 - Traffic signal,01 - Functioning,03 - P.D. only,05 - Turning movement,0
17-3613,ST. JOSEPH BLVD @ JEANNE D'ARC BLVD,379861.07695,5036470.24311,-75.54013730830,45.46412664270,2017-04-12,5:30:00 PM,01 - Clear,01 - Daylight,01 - Dry,11 - Roundabout,01 - Functioning,03 - P.D. only,03 - Rear end,0
17-3614,TRIOLE ST btwn BELFAST RD & END,373012.52214,5030549.15372,-75.62852476160,45.41155402900,2017-04-13,11:30:00 AM,01 - Clear,01 - Daylight,01 - Dry,10 - No control,,03 - P.D. only,06 - SMV unattended vehicle,0
17-3615,PRINCE OF WALES DR btwn WELLSMERE CRT & TURN LANE,367388.74175,5022347.86797,-75.70140555470,45.33828642300,2017-04-13,12:26:00 PM,01 - Clear,01 - Daylight,01 - Dry,10 - No control,,03 - P.D. only,04 - Sideswipe,0
17-3616,INNES RD @ JEANNE D'ARC BLVD/MER BLEUE RD,382638.08805,5035566.21591,-75.50477398440,45.45568907410,2017-04-13,12:30:00 PM,01 - Clear,01 - Daylight,01 - Dry,01 - Traffic signal,00 - Unknown,03 - P.D. only,03 - Rear end,0
17-3617,KANATA RD @ LORD BYNG WAY/MARITIME WAY,351427.56692,5019332.62633,-75.90533151180,45.31239694400,2017-04-13,3:32:00 PM,01 - Clear,01 - Daylight,01 - Dry,01 - Traffic signal,01 - Functioning,02 - Non-fatal injury,03 - Rear end,0
17-3618,FALLOWFIELD RD @ STEEPLE HILL CRES,358396.97716,5013998.09010,-75.81702881260,45.26389874930,2017-04-13,2:51:00 PM,01 - Clear,01 - Daylight,01 - Dry,02 - Stop sign,01 - Functioning,03 - P.D. only,02 - Angle,0
17-3619,CARLING AVE @ RICHMOND RD,360246.01345,5024781.51230,-75.79226214350,45.36078515600,2017-04-13,3:38:00 PM,01 - Clear,01 - Daylight,01 - Dry,01 - Traffic signal,01 - Functioning,03 - P.D. only,03 - Rear end,0
17-3620,BOTELER ST @ SUSSEX DR,367450.97705,5032952.64000,-75.69926545740,45.43369981510,2017-04-13,3:45:00 PM,01 - Clear,01 - Daylight,01 - Dry,01 - Traffic signal,01 - Functioning,02 - Non-fatal injury,03 - Rear end,0
17-3621,PRINCE ALBERT ST btwn FRANCES ST & ISIDORE ST,371613.85421,5032027.48479,-75.64619150860,45.42499033840,2017-04-12,12:00:00 AM,01 - Clear,00 - Unknown,01 - Dry,10 - No control,,03 - P.D. only,06 - SMV unattended vehicle,0
17-3622,ALBION RD @ BANK ST,371947.06235,5024128.83050,-75.64300868300,45.35388949610,2017-04-13,4:10:00 PM,01 - Clear,01 - Daylight,01 - Dry,01 - Traffic signal,01 - Functioning,03 - P.D. only,05 - Turning movement,0
17-3623,CHAPMAN MILLS DR/TRANSITWAY SOUTHWEST @ WOODROFFE AVE,366177.09010,5015219.37010,-75.71774677460,45.27425195100,2017-04-13,4:14:00 PM,01 - Clear,01 - Daylight,01 - Dry,01 - Traffic signal,01 - Functioning,03 - P.D. only,04 - Sideswipe,0
17-3624,NEPEAN ST @ BANK ST,367563.03955,5031134.24450,-75.69806504750,45.41732844380,2017-04-13,4:21:00 PM,01 - Clear,01 - Daylight,01 - Dry,02 - Stop sign,01 - Functioning,03 - P.D. only,02 - Angle,0
17-3625,HERZBERG RD @ CARLING AVE,352037.95445,5022299.82390,-75.89726422980,45.33905562330,2017-04-13,4:24:00 PM,01 - Clear,01 - Daylight,01 - Dry,01 - Traffic signal,01 - Functioning,03 - P.D. only,03 - Rear end,0
17-3626,BANK ST btwn FIFTH AVE & REGENT ST,368403.06123,5029391.86265,-75.68755781680,45.40157520820,2017-04-13,4:48:00 PM,01 - Clear,01 - Daylight,01 - Dry,10 - No control,,03 - P.D. only,04 - Sideswipe,0
17-3627,CLARENCE ST @ WURTEMBURG ST,369192.38104,5033200.58510,-75.67697863440,45.43577254370,2017-04-13,4:50:00 PM,01 - Clear,01 - Daylight,01 - Dry,02 - Stop sign,00 - Unknown,03 - P.D. only,05 - Turning movement,0
17-3628,LAURIER AVE   E btwn NICHOLAS ST & WALLER ST,368411.15556,5031826.39616,-75.68714023820,45.42347959400,2017-04-13,5:15:00 PM,01 - Clear,01 - Daylight,01 - Dry,10 - No control,,03 - P.D. only,04 - Sideswipe,0
17-3629,BASELINE RD/HERON RD @ PRINCE OF WALES DR,366873.27475,5026438.58570,-75.70746829970,45.37513967730,2017-04-13,5:27:00 PM,01 - Clear,01 - Daylight,01 - Dry,01 - Traffic signal,01 - Functioning,03 - P.D. only,03 - Rear end,0
17-3630,REGIONAL ROAD 174 EB btwn HWY417 IC113 RAMP65 & OR174 BLAIR IC112 RAMP51,374725.24080,5032764.72575,-75.60633144850,45.43131952400,2017-04-13,5:43:00 PM,01 - Clear,01 - Daylight,01 - Dry,10 - No control,,03 - P.D. only,04 - Sideswipe,0
17-3631,MERIVALE RD btwn WEST HUNT CLUB RD & JAMIE AVE,365651.15674,5021854.20389,-75.72363471650,45.33399735440,2017-04-13,5:51:00 PM,01 - Clear,01 - Daylight,01 - Dry,10 - No control,,03 - P.D. only,05 - Turning movement,0
17-3632,ALBION RD @ BANK ST,371947.06235,5024130.83719,-75.64300841050,45.35390755170,2017-04-13,5:55:00 PM,01 - Clear,01 - Daylight,01 - Dry,01 - Traffic signal,01 - Functioning,03 - P.D. only,03 - Rear end,0
17-3633,WEST HUNT CLUB RD @ WOODROFFE AVE,363671.02545,5021245.15121,-75.74896830360,45.32868606330,2017-04-13,6:03:00 PM,01 - Clear,01 - Daylight,01 - Dry,01 - Traffic signal,01 - Functioning,03 - P.D. only,03 - Rear end,0
17-3634,BANK ST @ CONROY RD,375044.24060,5022237.47990,-75.60375305190,45.33656851160,2017-04-13,6:34:00 PM,01 - Clear,01 - Daylight,01 - Dry,01 - Traffic signal,01 - Functioning,02 - Non-fatal injury,03 - Rear end,0
17-3635,CAMBRIAN RD/GOLFLINKS DR W @ LONGFIELDS DR,365382.69100,5013223.41890,-75.72811393260,45.25636129770,2017-04-13,6:38:00 PM,01 - Clear,01 - Daylight,01 - Dry,11 - Roundabout,01 - Functioning,03 - P.D. only,02 - Angle,0
17-3636,BUFFLEHEAD WAY btwn GOLDEN SEDGE WAY & SPARTINA ST,374682.21478,5020012.39843,-75.60868563010,45.31658422710,2017-04-13,7:05:00 PM,01 - Clear,01 - Daylight,01 - Dry,10 - No control,,03 - P.D. only,06 - SMV unattended vehicle,0
17-3637,ALBERT ST @ PRESTON ST,366161.03145,5030465.23990,-75.71606035200,45.41143328160,2017-04-13,7:32:00 PM,01 - Clear,01 - Daylight,01 - Dry,01 - Traffic signal,01 - Functioning,02 - Non-fatal injury,03 - Rear end,0
17-3638,GREENBANK RD @ MALVERN DR/FOXFIELD DR,363310.68306,5016193.76440,-75.75416118950,45.28326393070,2017-04-13,8:05:00 PM,01 - Clear,07 - Dark,01 - Dry,01 - Traffic signal,01 - Functioning,02 - Non-fatal injury,05 - Turning movement,0
17-3639,HAWTHORNE AVE/ISABELLA ST @ QUEEN ELIZABETH DR,368664.96824,5030477.31275,-75.68407205410,45.41131788540,2017-04-13,8:48:00 PM,01 - Clear,07 - Dark,01 - Dry,01 - Traffic signal,01 - Functioning,03 - P.D. only,04 - Sideswipe,0
17-3640,MCARTHUR AVE btwn MARGUERITE AVE & MAYFIELD ST,370040.40840,5032671.25290,-75.66621098960,45.43093122340,2017-04-13,8:52:00 PM,01 - Clear,07 - Dark,01 - Dry,10 - No control,,03 - P.D. only,06 - SMV unattended vehicle,0
17-3641,MONTREAL RD @ BATHGATE DR/BURMA RD,373224.38795,5034515.92330,-75.62526714240,45.44722434420,2017-04-14,4:20:00 AM,01 - Clear,07 - Dark,01 - Dry,01 - Traffic signal,01 - Functioning,03 - P.D. only,04 - Sideswipe,0
17-3642,KENT ST @ SLATER ST,367262.04185,5031251.91820,-75.70189565800,45.41841417060,2017-04-14,10:30:00 AM,01 - Clear,01 - Daylight,01 - Dry,01 - Traffic signal,01 - Functioning,03 - P.D. only,05 - Turning movement,0
17-3643,KING EDWARD AVE @ ST. PATRICK ST,368249.21080,5032824.60780,-75.68908085010,45.43247585650,2017-04-13,12:20:00 PM,01 - Clear,01 - Daylight,01 - Dry,01 - Traffic signal,01 - Functioning,03 - P.D. only,04 - Sideswipe,0
17-3644,KENT ST @ MACLAREN ST,367573.04475,5030741.89890,-75.69798719770,45.41379734390,2017-04-14,12:39:00 PM,01 - Clear,01 - Daylight,01 - Dry,02 - Stop sign,00 - Unknown,03 - P.D. only,04 - Sideswipe,0
17-3645,TERRY FOX DR @ WESTPHALIAN AVE,353455.22610,5015759.78900,-75.87982363390,45.28011017200,2017-04-14,1:18:00 PM,01 - Clear,01 - Daylight,01 - Dry,01 - Traffic signal,01 - Functioning,02 - Non-fatal injury,05 - Turning movement,0
17-3646,BY WARD MARKET SQ btwn YORK ST & GEORGE ST,367978.88886,5032274.78018,-75.69260592280,45.42755317380,2017-04-07,12:00:00 AM,03 - Snow,00 - Unknown,02 - Wet,10 - No control,,03 - P.D. only,06 - SMV unattended vehicle,0
17-3647,AIRPORT PARKWAY PRIV @ AIR CARGO PRIV,370593.96990,5020833.69400,-75.66071434880,45.32436903580,2017-04-14,1:50:00 PM,01 - Clear,01 - Daylight,01 - Dry,02 - Stop sign,00 - Unknown,02 - Non-fatal injury,07 - SMV other,0
17-3648,CHURCHILL AVE   N btwn RICHMOND RD & DANFORTH AVE,363238.44930,5028263.32582,-75.75365648900,45.39187099420,2017-04-13,3:00:00 PM,01 - Clear,01 - Daylight,01 - Dry,10 - No control,,03 - P.D. only,06 - SMV unattended vehicle,0
17-3649,HERON RD @ BRONSON AVE RAMP 52,368689.71034,5026696.68920,-75.68424557020,45.37729875460,2017-04-14,2:05:00 PM,01 - Clear,01 - Daylight,01 - Dry,10 - No control,,03 - P.D. only,03 - Rear end,0
17-3650,MCCORDICK RD btwn MCCORDICK RD & CENTURY RD W,360275.38588,5003351.86742,-75.79428053760,45.16795627610,2017-04-14,3:36:00 PM,01 - Clear,01 - Daylight,01 - Dry,10 - No control,,03 - P.D. only,07 - SMV other,0
17-3651,ACACIA AVE btwn RIDEAU TER & OAKHILL RD,369542.27274,5034190.34102,-75.67237681990,45.44464565230,2017-04-14,3:41:00 PM,01 - Clear,01 - Daylight,01 - Dry,10 - No control,,03 - P.D. only,06 - SMV unattended vehicle,0
17-3652,ALBERT ST @ ELGIN ST/MACKENZIE KING BRIDGE,367850.32447,5031711.36151,-75.69432086640,45.42249532360,2017-04-14,4:01:00 PM,01 - Clear,01 - Daylight,01 - Dry,01 - Traffic signal,00 - Unknown,03 - P.D. only,07 - SMV other,0