COLLISION_ID,LOCATION,X,Y,LONGITUDE,LATITUDE,DATE,TIME,ENVIRONMENT,LIGHT,SURFACE_CONDITION,TRAFFIC_CONTROL,TRAFFIC_CONTROL_CONDITION,COLLISION_CLASSIFICATION,IMPACT_TYPE,NO_OF_PEDESTRIANS
17-3653,HARVEY ST btwn ECHO DR & MAIN ST,368827.82755,5030708.13870,-75.68196161990,45.41337989620,2017-04-13,12:00:00 AM,01 - Clear,00 - Unknown,01 - Dry,10 - No control,,03 - P.D. only,06 - SMV unattended vehicle,0
17-3654,SAUNDERSON DR @ PLEASANT PARK RD,373145.55098,5028668.49545,-75.62708604450,45.39461974870,2017-04-14,4:25:00 PM,01 - Clear,01 - Daylight,01 - Dry,02 - Stop sign,01 - Functioning,02 - Non-fatal injury,02 - Angle,0
17-3655,JEANNE D'ARC BLVD @ FORTUNE DR/VINEYARD DR,379238.17060,5037374.35174,-75.54796483170,45.47232778020,2017-04-14,5:42:00 PM,01 - Clear,01 - Daylight,01 - Dry,01 - Traffic signal,01 - Functioning,03 - P.D. only,02 - Angle,0
17-3656,EQUESTRIAN DR btwn REIN TER & SADDLEHORN CRES,354939.95954,5016763.38004,-75.86079846310,45.28903637450,2017-04-14,6:09:00 PM,01 - Clear,01 - Daylight,01 - Dry,10 - No control,,03 - P.D. only,03 - Rear end,0
17-3657,GREENBANK RD btwn HARRISON ST & BANNER RD,360877.47434,5021912.51122,-75.78452783200,45.33491973590,2017-04-14,6:13:00 PM,01 - Clear,01 - Daylight,01 - Dry,10 - No control,,02 - Non-fatal injury,03 - Rear end,0
17-3658,CRAWFORD SIDE RD @ ONDROVIC GT,342795.84495,5006614.09720,-76.01638491030,45.19846936040,2017-04-14,9:24:00 PM,01 - Clear,07 - Dark,01 - Dry,10 - No control,00 - Unknown,03 - P.D. only,07 - SMV other,0
17-3659,BLAIR RD @ MEADOWBROOK RD,375194.40005,5032312.23820,-75.60040085320,45.42720122920,2017-04-14,7:30:00 PM,01 - Clear,05 - Dusk,01 - Dry,01 - Traffic signal,00 - Unknown,03 - P.D. only,04 - Sideswipe,0
17-3660,BLACKBURN BYPASS WB btwn NAVAN RD & 1700 W OF NAVAN RD,379601.35914,5033257.83989,-75.54394651280,45.43525167700,2017-04-14,8:57:00 PM,01 - Clear,07 - Dark,01 - Dry,10 - No control,,03 - P.D. only,04 - Sideswipe,0
17-3661,REGIONAL ROAD 174 EB btwn OR174 IC109 RAMP55 & TRANSIT,376571.54990,5035205.41416,-75.58238204210,45.45309226250,2017-04-14,10:25:00 PM,01 - Clear,07 - Dark,01 - Dry,10 - No control,,03 - P.D. only,04 - Sideswipe,0
17-3662,BASELINE RD @ WOODROFFE AVE,362550.02465,5023769.83580,-75.76297329000,45.35149616640,2017-04-14,11:12:00 PM,01 - Clear,07 - Dark,01 - Dry,01 - Traffic signal,01 - Functioning,03 - P.D. only,03 - Rear end,0
17-3663,HERON RD @ WALKLEY RD,372266.17176,5027082.11681,-75.63853310470,45.38043143530,2017-04-15,4:47:00 AM,01 - Clear,07 - Dark,01 - Dry,01 - Traffic signal,01 - Functioning,02 - Non-fatal injury,07 - SMV other,0
17-3664,BRUNSWICK ST btwn EVELYN AVE & SPRINGHURST AVE,369500.01657,5030684.75823,-75.67337749750,45.41310770110,2017-04-15,12:00:00 AM,01 - Clear,00 - Unknown,01 - Dry,10 - No control,,03 - P.D. only,06 - SMV unattended vehicle,0
17-3665,BESSERER ST @ CUMBERLAND ST,368417.70634,5032256.57400,-75.68700097730,45.42734958570,2017-04-15,7:12:00 AM,01 - Clear,01 - Daylight,01 - Dry,01 - Traffic signal,01 - Functioning,03 - P.D. only,04 - Sideswipe,0
17-3666,WALKLEY RD @ SPRINGLAND DR/OTTERSON DR,368721.93831,5024983.45835,-75.68405580450,45.36188063180,2017-04-15,9:44:00 AM,01 - Clear,01 - Daylight,01 - Dry,01 - Traffic signal,00 - Unknown,03 - P.D. only,05 - Turning movement,0
17-3667,INDUSTRIAL AVE @ RIVERSIDE DR,370684.38415,5030593.22230,-75.65825960420,45.41217359330,2017-04-15,11:54:00 AM,01 - Clear,01 - Daylight,01 - Dry,01 - Traffic signal,01 - Functioning,03 - P.D. only,03 - Rear end,0
17-3668,VIEWMOUNT DR @ MERIVALE RD,365193.36265,5022949.83319,-75.72934118880,45.34389523950,2017-04-15,12:07:00 PM,01 - Clear,01 - Daylight,01 - Dry,01 - Traffic signal,01 - Functioning,03 - P.D. only,03 - Rear end,0
17-3669,TWEEDSMUIR AVE btwn Continuation of TWEEDSMUIR AVE & BYRON AVE,363576.84207,5028349.66414,-75.74932481070,45.39261953180,2017-04-15,12:32:00 PM,01 - Clear,01 - Daylight,01 - Dry,10 - No control,,03 - P.D. only,06 - SMV unattended vehicle,0
17-3670,NEPEAN ST @ O'CONNOR ST,367721.71324,5031228.59129,-75.69602579870,45.41816309460,2017-04-15,12:55:00 PM,01 - Clear,01 - Daylight,01 - Dry,02 - Stop sign,01 - Functioning,03 - P.D. only,02 - Angle,0
17-3671,MERIVALE RD btwn VIEWMOUNT DR & COLONNADE RD,365234.83422,5022851.50543,-75.72882404490,45.34300692730,2017-04-15,1:19:00 PM,01 - Clear,01 - Daylight,01 - Dry,10 - No control,,03 - P.D. only,07 - SMV other,0
17-3672,CARP RD @ HAZELDEAN RD,348803.57256,5014359.76730,-75.93923630350,45.26781882320,2017-04-15,2:21:00 PM,02 - Rain,01 - Daylight,02 - Wet,01 - Traffic signal,01 - Functioning,03 - P.D. only,03 - Rear end,0
17-3673,BASELINE RD @ ZENA ST,365630.29319,5025687.88341,-75.72342926070,45.36849400980,2017-04-15,2:30:00 PM,01 - Clear,01 - Daylight,01 - Dry,02 - Stop sign,00 - Unknown,01 - Fatal injury,07 - SMV other,0
17-3674,PLAINRIDGE CRES btwn GRAPEFERN TER & END (1),386218.41071,5036275.87622,-75.45888645190,45.46166590410,2017-02-01,12:00:00 AM,03 - Snow,00 - Unknown,03 - Loose snow,10 - No control,,03 - P.D. only,06 - SMV unattended vehicle,0
17-3675,4TH LINE RD btwn FOREST RD & SPRINGHILL RD,379995.18692,5003713.88753,-75.54339482270,45.16938814660,2017-04-15,2:53:00 PM,02 - Rain,01 - Daylight,02 - Wet,10 - No control,,03 - P.D. only,07 - SMV other,0
17-3676,BASELINE RD @ LOBLAWS SC,364743.65444,5025127.48991,-75.73481521990,45.36352806990,2017-04-15,3:14:00 PM,02 - Rain,01 - Daylight,02 - Wet,01 - Traffic signal,01 - Functioning,03 - P.D. only,03 - Rear end,0
17-3677,CYRVILLE RD @ INNES RD,375047.39025,5031118.89530,-75.60244947850,45.41647896300,2017-04-15,3:23:00 PM,02 - Rain,01 - Daylight,02 - Wet,01 - Traffic signal,01 - Functioning,02 - Non-fatal injury,03 - Rear end,0
17-3678,BRIDLEWOOD DR btwn SPEERS CRES & SPEERS CRES,354751.05531,5017422.76404,-75.86314012590,45.29498310020,2017-04-15,3:32:00 PM,01 - Clear,01 - Daylight,02 - Wet,10 - No control,,03 - P.D. only,07 - SMV other,0
17-3679,HAWTHORNE RD/RUSSELL RD @ WALKLEY RD,374675.74724,5028498.87240,-75.60756865740,45.39294254010,2017-04-15,4:18:00 PM,02 - Rain,01 - Daylight,02 - Wet,01 - Traffic signal,01 - Functioning,02 - Non-fatal injury,03 - Rear end,0
17-3680,MILTON RD btwn PERRAULT RD & RUSSELL RD,389324.54327,5026422.28934,-75.42086481100,45.37264463160,2017-04-15,4:26:00 PM,02 - Rain,01 - Daylight,02 - Wet,10 - No control,,03 - P.D. only,07 - SMV other,0
17-3681,PRINCE OF WALES DR @ MEADOWLANDS DR/HOG'S BACK,367372.42840,5025691.43899,-75.70119053410,45.36837263330,2017-04-15,4:30:00 PM,02 - Rain,01 - Daylight,02 - Wet,01 - Traffic signal,01 - Functioning,03 - P.D. only,04 - Sideswipe,0
17-3682,BLAIR RD @ REGIONAL RD 174 N/OR174 IC112 RAMP61,374634.88675,5032991.70410,-75.60745387130,45.43337077790,2017-04-15,5:08:00 PM,02 - Rain,01 - Daylight,02 - Wet,01 - Traffic signal,01 - Functioning,03 - P.D. only,05 - Turning movement,0
17-3683,MCARTHUR AVE @ VANIER PKWY,370218.70500,5032689.87584,-75.66393008340,45.43108212910,2017-04-15,4:55:00 PM,02 - Rain,01 - Daylight,02 - Wet,01 - Traffic signal,01 - Functioning,03 - P.D. only,03 - Rear end,0
17-3684,HUNT CLUB RD @ DOWNPATRICK RD/MCCARTHY RD,370508.68115,5023400.27231,-75.66146141440,45.34747040280,2017-04-15,6:01:00 PM,02 - Rain,05 - Dusk,02 - Wet,01 - Traffic signal,00 - Unknown,03 - P.D. only,03 - Rear end,0
17-3685,BOOTH ST @ GLADSTONE AVE,366767.03316,5029849.89280,-75.70839624840,45.40584316440,2017-04-15,6:20:00 PM,02 - Rain,01 - Daylight,02 - Wet,01 - Traffic signal,01 - Functioning,03 - P.D. only,02 - Angle,0
17-3686,BANK ST @ RIVERSIDE DR S,369305.05155,5027893.21511,-75.67623325810,45.38800834280,2017-04-15,6:28:00 PM,02 - Rain,01 - Daylight,02 - Wet,01 - Traffic signal,00 - Unknown,03 - P.D. only,07 - SMV other,0
17-3687,STRANDHERD DR btwn LONGFIELDS DR & CLARIDGE DR,364577.90749,5015192.72269,-75.73812978910,45.27414994750,2017-04-15,7:11:00 PM,02 - Rain,05 - Dusk,02 - Wet,10 - No control,,03 - P.D. only,07 - SMV other,0
17-3688,BASELINE RD @ NAVAHO DR,363085.21733,5024097.26961,-75.75610494550,45.35439810880,2017-04-15,7:45:00 PM,02 - Rain,07 - Dark,02 - Wet,01 - Traffic signal,01 - Functioning,03 - P.D. only,03 - Rear end,0
17-3689,BANNER RD @ GREENBANK RD,361022.67594,5021567.82969,-75.78271455730,45.33180667510,2017-04-15,7:55:00 PM,01 - Clear,07 - Dark,01 - Dry,01 - Traffic signal,01 - Functioning,03 - P.D. only,05 - Turning movement,0
17-3690,CLEMENTINE BLVD btwn GREGG ST & HERON RD,369537.17195,5026727.85188,-75.67342207780,45.37750135860,2017-04-15,8:16:00 PM,01 - Clear,05 - Dusk,01 - Dry,10 - No control,,03 - P.D. only,06 - SMV unattended vehicle,0
17-3691,MEADOWLANDS DR @ MERIVALE RD,364859.70324,5023724.17261,-75.73350448400,45.35089129210,2017-04-15,8:41:00 PM,02 - Rain,07 - Dark,02 - Wet,01 - Traffic signal,01 - Functioning,02 - Non-fatal injury,05 - Turning movement,0
17-3692,DALY AVE @ NICHOLAS ST,368228.03545,5032045.90480,-75.68945175050,45.42547128390,2017-04-15,9:03:00 PM,02 - Rain,07 - Dark,02 - Wet,01 - Traffic signal,01 - Functioning,03 - P.D. only,02 - Angle,0
17-3693,KILBORN AVE btwn ASTER ST & VIRGINIA DR,371561.38701,5027883.23314,-75.64742305670,45.38770709210,2017-04-15,9:09:00 PM,02 - Rain,07 - Dark,02 - Wet,10 - No control,,03 - P.D. only,01 - Approaching,0
17-3694,OTTAWA RIVER PKWY WB btwn WOODROFFE AVE & TRANSIT,362149.45303,5027624.44418,-75.76763763800,45.38621244560,2017-04-15,11:17:00 PM,"07 - Fog, mist, smoke, dust",07 - Dark,02 - Wet,10 - No control,,03 - P.D. only,03 - Rear end,0
17-3695,ALBERT ST @ ELGIN ST/MACKENZIE KING BRIDGE,367850.74921,5031711.35984,-75.69431544020,45.42249527010,2017-04-16,1:19:00 AM,02 - Rain,07 - Dark,02 - Wet,01 - Traffic signal,01 - Functioning,03 - P.D. only,07 - SMV other,0
17-3696,EAGLESON RD @ HWY 417 EAGLESO IC138R51/PARK AN,353036.17776,5020013.78790,-75.88475080650,45.31841752410,2017-04-16,2:12:00 AM,02 - Rain,07 - Dark,02 - Wet,01 - Traffic signal,01 - Functioning,03 - P.D. only,02 - Angle,0
17-3697,EARL ARMSTRONG RD @ BOWESVILLE RD,372560.80389,5017440.70570,-75.63609163470,45.29365279580,2017-04-16,2:45:00 AM,"07 - Fog, mist, smoke, dust",07 - Dark,02 - Wet,02 - Stop sign,01 - Functioning,03 - P.D. only,07 - SMV other,0
17-3698,BREWER RD @ BRONSON AVE,368108.26085,5027765.46738,-75.69153180830,45.38696810470,2017-04-16,10:00:00 AM,02 - Rain,01 - Daylight,02 - Wet,01 - Traffic signal,01 - Functioning,03 - P.D. only,03 - Rear end,0
17-3699,COLONEL BY DR/MACKENZIE AVE @ DALY AVE,368002.28368,5031903.98512,-75.69235455860,45.42421477310,2017-04-15,9:00:00 PM,01 - Clear,07 - Dark,01 - Dry,01 - Traffic signal,01 - Functioning,03 - P.D. only,04 - Sideswipe,0
17-3700,MANOTICK STATION RD btwn DEERMEADOW DR & NICK ADAMS RD,375057.60475,5009793.62862,-75.60534408370,45.22460136580,2017-04-16,10:35:00 AM,02 - Rain,01 - Daylight,02 - Wet,10 - No control,,03 - P.D. only,07 - SMV other,0
17-3701,BRONSON AVE @ IMPERIAL AVE/PLYMOUTH ST,367319.21280,5029644.57070,-75.70136909690,45.40394663410,2017-04-16,12:13:00 PM,02 - Rain,01 - Daylight,02 - Wet,10 - No control,00 - Unknown,03 - P.D. only,05 - Turning movement,0
17-3702,GALETTA SIDE RD btwn WOODKILTON RD & DUNROBIN RD,333172.50249,5039886.66811,-76.13696001970,45.49832538260,2017-04-16,12:08:00 PM,02 - Rain,01 - Daylight,02 - Wet,10 - No control,,03 - P.D. only,07 - SMV other,0
17-3703,MEADOWLANDS DR btwn HOGAN ST & NESS ST,366214.15091,5024894.08771,-75.71607498390,45.36130067320,2017-04-16,1:58:00 PM,02 - Rain,01 - Daylight,02 - Wet,10 - No control,,03 - P.D. only,02 - Angle,0
17-3704,ST. JOSEPH BLVD/OLD MONTREAL RD @ TRIM RD,384684.42624,5039284.91300,-75.47800936450,45.48891541980,2017-04-16,2:27:00 PM,02 - Rain,01 - Daylight,02 - Wet,11 - Roundabout,01 - Functioning,03 - P.D. only,02 - Angle,0
17-3705,BESSERER ST @ WALLER ST,368315.59885,5032191.97780,-75.68831405190,45.42677765170,2017-04-16,3:08:00 PM,02 - Rain,01 - Daylight,02 - Wet,01 - Traffic signal,01 - Functioning,03 - P.D. only,04 - Sideswipe,0
17-3706,HWY 417 CASTLEFR IC139R61 @ KANATA AVE,351616.06780,5019224.61987,-75.90293778590,45.31141253440,2017-04-16,3:50:00 PM,02 - Rain,01 - Daylight,02 - Wet,01 - Traffic signal,01 - Functioning,03 - P.D. only,07 - SMV other,0
17-3707,BISCAYNE CRES @ VIEWMOUNT DR,365911.13850,5023120.86485,-75.72016161650,45.34537199180,2017-04-16,8:34:00 PM,02 - Rain,07 - Dark,02 - Wet,02 - Stop sign,00 - Unknown,02 - Non-fatal injury,07 - SMV other,1
17-3708,IVY CRES btwn BERTRAND ST & PUTMAN AVE (1),369052.20410,5033866.24282,-75.67868320540,45.44177476410,2017-04-16,9:47:00 PM,02 - Rain,07 - Dark,02 - Wet,10 - No control,,03 - P.D. only,06 - SMV unattended vehicle,0
17-3709,HAWTHORNE RD btwn HAWTHORNE RD & WHYTE SIDE RD,375904.55025,5025427.34122,-75.59231904800,45.36518276330,2017-04-16,10:31:00 PM,01 - Clear,07 - Dark,02 - Wet,10 - No control,,03 - P.D. only,03 - Rear end,0
17-3710,WALKLEY RD btwn JASPER AVE & COLLISTON CRES,370887.34458,5026269.74700,-75.65624595190,45.37325343850,2017-04-17,1:07:00 AM,01 - Clear,07 - Dark,01 - Dry,10 - No control,,03 - P.D. only,05 - Turning movement,0
17-3711,BIRCHBANK CRES btwn STONEMEADOW DR & STONEMEADOW DR,355952.28147,5016771.58236,-75.84789301780,45.28903722970,2017-04-17,11:03:00 AM,01 - Clear,01 - Daylight,01 - Dry,10 - No control,,03 - P.D. only,06 - SMV unattended vehicle,0
17-3712,COLDREY AVE @ KIRKWOOD AVE,364440.36774,5027135.87080,-75.73844384220,45.38162503070,2017-04-17,12:09:00 PM,01 - Clear,01 - Daylight,01 - Dry,01 - Traffic signal,01 - Functioning,03 - P.D. only,05 - Turning movement,0
17-3713,ST. JOSEPH BLVD @ JEANNE D'ARC BLVD,379859.73916,5036470.24311,-75.54015441340,45.46412678650,2017-04-16,11:30:00 PM,02 - Rain,07 - Dark,02 - Wet,11 - Roundabout,01 - Functioning,03 - P.D. only,04 - Sideswipe,0
17-3714,NASKAPI DR @ OGILVIE RD,375600.11167,5034689.90047,-75.59487476020,45.44855308050,2017-04-17,1:46:00 PM,01 - Clear,01 - Daylight,01 - Dry,02 - Stop sign,01 - Functioning,02 - Non-fatal injury,03 - Rear end,0
17-3715,BANK ST @ HUNT CLUB RD,371608.40205,5024096.50620,-75.64733485650,45.35363099980,2017-04-17,1:56:00 PM,01 - Clear,01 - Daylight,01 - Dry,01 - Traffic signal,01 - Functioning,02 - Non-fatal injury,07 - SMV other,0
17-3716,MERIVALE RD @ WOODFIELD DR/ROYDON PL,365462.74812,5022303.92872,-75.72598316540,45.33806023390,2017-04-17,1:59:00 PM,01 - Clear,01 - Daylight,01 - Dry,01 - Traffic signal,01 - Functioning,03 - P.D. only,03 - Rear end,0
17-3717,DUNROBIN RD btwn LILLIAN WAY & HARWOOD LANE,345887.24156,5027554.40261,-75.97530421110,45.38672493850,2017-04-16,9:30:00 PM,01 - Clear,07 - Dark,01 - Dry,10 - No control,,03 - P.D. only,07 - SMV other,0
17-3718,JASMINE CRES S @ OGILVIE RD,375353.73196,5033720.58540,-75.59816312300,45.43985667250,2017-04-17,4:47:00 PM,01 - Clear,01 - Daylight,01 - Dry,02 - Stop sign,01 - Functioning,03 - P.D. only,02 - Angle,0
17-3719,SUSSEX DR btwn MACKAY ST & PRINCESS AVE,367935.31461,5034118.80437,-75.69292623070,45.44414897920,2017-04-17,6:10:00 PM,01 - Clear,01 - Daylight,01 - Dry,10 - No control,,03 - P.D. only,07 - SMV other,0
17-3720,CUMMINGS AVE btwn MONTREAL RD & WILSON ST,372063.53320,5033906.59345,-75.64018903060,45.44185457150,2017-04-17,6:48:00 PM,01 - Clear,01 - Daylight,01 - Dry,10 - No control,,03 - P.D. only,03 - Rear end,0
17-3721,REGENT ST btwn BANK ST & HOWICK PL,368480.14828,5029359.67763,-75.68657739000,45.40127860910,2017-04-09,12:00:00 AM,01 - Clear,00 - Unknown,01 - Dry,10 - No control,,03 - P.D. only,06 - SMV unattended vehicle,0
17-3722,FALLOWFIELD RD @ MOODIE DR,359502.60265,5014636.17621,-75.80287089690,45.26955522280,2017-04-17,7:34:00 PM,01 - Clear,01 - Daylight,01 - Dry,01 - Traffic signal,01 - Functioning,02 - Non-fatal injury,03 - Rear end,0
17-3723,CARLING AVE @ KIRKWOOD AVE N,364275.35775,5027493.53420,-75.74050759840,45.38485725300,2017-04-17,10:35:00 PM,01 - Clear,07 - Dark,01 - Dry,01 - Traffic signal,01 - Functioning,03 - P.D. only,04 - Sideswipe,0
17-3724,MAXIME ST btwn RIDGEBROOK DR & CYRVILLE RD,374731.69832,5031491.55642,-75.60642969020,45.41986359210,2017-04-18,3:06:00 AM,01 - Clear,07 - Dark,01 - Dry,10 - No control,,02 - Non-fatal injury,06 - SMV unattended vehicle,0
17-3725,HARRY DOUGLAS DR btwn QUARTZ CRES & IBER RD,351507.83972,5015109.80880,-75.90470548130,45.27439353550,2017-04-18,7:16:00 AM,01 - Clear,01 - Daylight,01 - Dry,10 - No control,,02 - Non-fatal injury,06 - SMV unattended vehicle,0
17-3726,CLARE ST @ KIRKWOOD AVE,364067.69964,5027972.88160,-75.74310157060,45.38918793910,2017-04-18,7:23:00 AM,01 - Clear,01 - Daylight,01 - Dry,01 - Traffic signal,01 - Functioning,03 - P.D. only,02 - Angle,0
17-3727,CAMPEAU DR/HWY 417 MARCH IC138R63 @ MARCH RD,352841.64892,5020477.55924,-75.88718688040,45.32260397070,2017-04-18,6:15:00 AM,01 - Clear,03 - Dawn,01 - Dry,01 - Traffic signal,00 - Unknown,03 - P.D. only,07 - SMV other,0
17-3728,BASELINE RD @ CENTREPOINTE DR W/COBDEN RD,361635.10152,5023207.74709,-75.77471352190,45.34651326610,2017-04-18,8:04:00 AM,01 - Clear,01 - Daylight,01 - Dry,01 - Traffic signal,01 - Functioning,02 - Non-fatal injury,03 - Rear end,0
17-3729,STITTSVILLE MAIN ST btwn DAPHNE CRES & CARLETON CATHCART ST,350502.81128,5013031.57440,-75.91770518370,45.25575891570,2017-04-18,8:11:00 AM,01 - Clear,01 - Daylight,01 - Dry,10 - No control,,03 - P.D. only,05 - Turning movement,0
17-3730,PAUL METIVIER DR btwn CLEARBROOK DR & MOSS GROVE ST,366137.31709,5014779.29494,-75.71830799890,45.27029564400,2017-04-18,7:00:00 AM,01 - Clear,03 - Dawn,01 - Dry,10 - No control,,03 - P.D. only,06 - SMV unattended vehicle,0
17-3731,WOODROFFE AVE @ SPORTSPLEX N,363764.66564,5021067.90310,-75.74779492700,45.32708333630,2017-04-18,8:24:00 AM,01 - Clear,01 - Daylight,01 - Dry,01 - Traffic signal,01 - Functioning,02 - Non-fatal injury,05 - Turning movement,0
17-3732,KENT ST @ QUEEN ST,367178.80289,5031386.77129,-75.70294206240,45.41963496340,2017-04-18,8:28:00 AM,01 - Clear,01 - Daylight,01 - Dry,01 - Traffic signal,01 - Functioning,03 - P.D. only,04 - Sideswipe,0
17-3733,BASELINE RD @ CENTREPOINTE DR E/HIGHGATE RD,362061.52256,5023466.77480,-75.76924231190,45.34880929970,2017-04-18,8:49:00 AM,01 - Clear,01 - Daylight,01 - Dry,01 - Traffic signal,01 - Functioning,03 - P.D. only,03 - Rear end,0
17-3734,MARCH RD @ MORGAN'S GRANT WAY/SHIRLEY'S BROOK,349662.61254,5023617.51000,-75.92745148750,45.35106837990,2017-04-18,9:31:00 AM,01 - Clear,01 - Daylight,01 - Dry,01 - Traffic signal,01 - Functioning,03 - P.D. only,05 - Turning movement,0
17-3735,RIVERSIDE DR @ TREMBLAY RD/HWY417 IC117 RAMP52,370803.02942,5031017.25740,-75.65668716850,45.41597770930,2017-04-18,7:45:00 AM,01 - Clear,01 - Daylight,01 - Dry,01 - Traffic signal,01 - Functioning,02 - Non-fatal injury,03 - Rear end,0
17-3736,COLONNADE RD @ PRINCE OF WALES DR,367395.04605,5023267.85389,-75.70120871820,45.34656371760,2017-04-18,12:01:00 PM,01 - Clear,01 - Daylight,01 - Dry,01 - Traffic signal,01 - Functioning,03 - P.D. only,07 - SMV other,0
17-3737,BROADVIEW AVE btwn AVONDALE AVE & DOVERCOURT AVE,362921.31306,5027274.31620,-75.75782290460,45.38299841980,2017-04-18,12:00:00 AM,01 - Clear,00 - Unknown,01 - Dry,10 - No control,,03 - P.D. only,06 - SMV unattended vehicle,0
17-3738,BELLEEK LANE/LAURALEAF CRES @ BREAKSTONE RD,365138.24050,5011521.10440,-75.73143481260,45.24106484090,2017-04-18,12:51:00 PM,01 - Clear,01 - Daylight,01 - Dry,02 - Stop sign,00 - Unknown,03 - P.D. only,06 - SMV unattended vehicle,0
17-3739,INDUSTRIAL AVE @ ALTA VISTA DR/SANDFORD FLEMIN,370885.05825,5030556.23221,-75.65570102630,45.41182184990,2017-04-17,1:25:00 PM,01 - Clear,01 - Daylight,01 - Dry,01 - Traffic signal,01 - Functioning,03 - P.D. only,05 - Turning movement,0
17-3740,DALMENY RD btwn 5TH LINE RD & CAMPBELLCROFT RD,383613.19260,5002985.74374,-75.49748973880,45.16244184800,2017-04-18,1:41:00 PM,01 - Clear,01 - Daylight,01 - Dry,10 - No control,,03 - P.D. only,02 - Angle,0
17-3741,CONROY RD @ LORRY GREENBERG DR,373568.52045,5025879.52079,-75.62207298130,45.36948436190,2017-04-18,2:50:00 PM,01 - Clear,01 - Daylight,01 - Dry,01 - Traffic signal,01 - Functioning,03 - P.D. only,02 - Angle,0
17-3742,NORTH RIVER RD btwn MONTREAL RD & SELKIRK ST,369747.91283,5032865.15279,-75.66992318630,45.43270308120,2017-04-18,2:56:00 PM,01 - Clear,01 - Daylight,01 - Dry,10 - No control,,02 - Non-fatal injury,07 - SMV other,0
17-3743,KINGBROOK DR btwn BRIDGESTONE DR & FOXHALL WAY,355394.42508,5016423.43116,-75.85503981300,45.28594487710,2017-04-18,3:41:00 PM,01 - Clear,01 - Daylight,01 - Dry,10 - No control,,03 - P.D. only,06 - SMV unattended vehicle,0
17-3744,REGIONAL ROAD 174 btwn OR174 IC109 RAMP54 & OR174 IC109 RAMP55,376397.58905,5034825.20347,-75.58466123340,45.44968921400,2017-04-18,3:44:00 PM,01 - Clear,01 - Daylight,01 - Dry,10 - No control,,03 - P.D. only,03 - Rear end,0
17-3745,KING EDWARD AVE @ SUSSEX DR,367663.70000,5033504.30706,-75.69647649290,45.43864443170,2017-04-18,4:09:00 PM,01 - Clear,01 - Daylight,01 - Dry,01 - Traffic signal,01 - Functioning,03 - P.D. only,03 - Rear end,0
17-3746,FALLOWFIELD RD @ WOODROFFE AVE,365086.15334,5017904.52779,-75.73132327570,45.29850727690,2017-04-18,4:22:00 PM,01 - Clear,01 - Daylight,01 - Dry,01 - Traffic signal,01 - Functioning,03 - P.D. only,03 - Rear end,0
17-3747,TERRY FOX DR @ EDGEWATER ST/WALTER BAKER PL,351778.61154,5017612.11251,-75.90101774380,45.29689193110,2017-04-18,4:15:00 PM,01 - Clear,01 - Daylight,01 - Dry,01 - Traffic signal,01 - Functioning,03 - P.D. only,03 - Rear end,0
17-3748,CARP RD btwn RICHARDSON SIDE RD & HWY417 IC144 RAMP62,346260.05737,5017104.93821,-75.97141908260,45.29267550670,2017-04-18,7:45:00 AM,01 - Clear,01 - Daylight,01 - Dry,10 - No control,,03 - P.D. only,03 - Rear end,0
17-3749,NINTH LINE RD btwn RAMSAYVILLE RD & ANDERSON RD,380912.02913,5020436.55324,-75.52917313360,45.31975286420,2017-04-18,4:45:00 PM,01 - Clear,01 - Daylight,01 - Dry,10 - No control,,03 - P.D. only,05 - Turning movement,0
17-3750,HAZELDEAN RD btwn CARP RD & Continuation of HAZELDEAN RD,348946.44714,5014489.64044,-75.93740411200,45.26897851540,2017-04-18,5:10:00 PM,01 - Clear,01 - Daylight,01 - Dry,10 - No control,,03 - P.D. only,02 - Angle,0
17-3751,SOLANDT RD btwn HINES RD & MARCH RD,350436.26046,5022661.39932,-75.91766671720,45.34241517450,2017-04-18,5:26:00 PM,01 - Clear,01 - Daylight,01 - Dry,10 - No control,,03 - P.D. only,02 - Angle,0
17-3752,VANIER PKWY NB btwn DONALD ST & QUEEN MARY ST,370360.70047,5031974.97640,-75.66221070190,45.42463646370,2017-04-18,5:33:00 PM,01 - Clear,01 - Daylight,01 - Dry,10 - No control,,03 - P.D. only,03 - Rear end,0
17-3753,BRONSON AVE @ MACLAREN ST,366999.36515,5030400.23360,-75.70535915400,45.41077436650,2017-04-18,5:30:00 PM,01 - Clear,01 - Daylight,01 - Dry,02 - Stop sign,01 - Functioning,03 - P.D. only,02 - Angle,0
17-3754,COVENTRY RD @ LOLA ST,371265.38984,5031613.23421,-75.65069990350,45.42129628840,2017-04-18,6:31:00 PM,01 - Clear,01 - Daylight,01 - Dry,01 - Traffic signal,01 - Functioning,02 - Non-fatal injury,05 - Turning movement,0
17-3755,TENTH LINE RD @ VANGUARD DR,384073.76654,5035872.55661,-75.48637109800,45.45828385040,2017-04-18,6:38:00 PM,01 - Clear,01 - Daylight,01 - Dry,01 - Traffic signal,01 - Functioning,02 - Non-fatal injury,05 - Turning movement,0