COLLISION_ID,LOCATION,X,Y,LONGITUDE,LATITUDE,DATE,TIME,ENVIRONMENT,LIGHT,SURFACE_CONDITION,TRAFFIC_CONTROL,TRAFFIC_CONTROL_CONDITION,COLLISION_CLASSIFICATION,IMPACT_TYPE,NO_OF_PEDESTRIANS
17-3756,INDUSTRIAL AVE @ RIVERSIDE DR,370685.72194,5030592.55340,-75.65824260500,45.41216744880,2017-04-18,6:40:00 PM,01 - Clear,01 - Daylight,01 - Dry,01 - Traffic signal,01 - Functioning,03 - P.D. only,02 - Angle,0
17-3757,OAKLAWN CRES btwn GARDENWAY DR & GARDENWAY DR,383993.56751,5036684.23750,-75.48726564550,45.46559570910,2017-04-18,12:00:00 AM,01 - Clear,00 - Unknown,01 - Dry,10 - No control,,03 - P.D. only,06 - SMV unattended vehicle,0
17-3758,DUNROBIN RD btwn CONSTANCE BAY RD & KINBURN SIDE RD,337460.42302,5036539.63318,-76.08231797590,45.46802047310,2017-04-18,7:28:00 PM,01 - Clear,07 - Dark,01 - Dry,10 - No control,,03 - P.D. only,07 - SMV other,0
17-3759,MONTREAL RD btwn BRITTANY DR & BORTHWICK AVE,371927.26943,5034002.09290,-75.64191762950,45.44272692620,2017-04-18,6:30:00 PM,01 - Clear,01 - Daylight,01 - Dry,10 - No control,,03 - P.D. only,02 - Angle,0
17-3760,DOVERCOURT AVE @ GOLDEN AVE,363201.02325,5027245.20251,-75.75425490740,45.38271319570,2017-04-18,8:05:00 PM,01 - Clear,05 - Dusk,01 - Dry,02 - Stop sign,01 - Functioning,03 - P.D. only,02 - Angle,0
17-3761,MARCH RD @ SOLANDT RD,350491.31873,5022708.59212,-75.91695983460,45.34283624160,2017-04-18,3:58:00 PM,01 - Clear,01 - Daylight,01 - Dry,01 - Traffic signal,01 - Functioning,02 - Non-fatal injury,03 - Rear end,0
17-3762,BLOHM DR @ MALAK ST,374090.28445,5025834.24522,-75.61541907440,45.36902560120,2017-04-18,9:02:00 PM,01 - Clear,07 - Dark,01 - Dry,02 - Stop sign,01 - Functioning,02 - Non-fatal injury,07 - SMV other,1
17-3763,ARLINGTON AVE @ BOOTH ST,366831.03186,5029702.89860,-75.70759726190,45.40451488260,2017-04-18,9:00:00 PM,01 - Clear,07 - Dark,01 - Dry,02 - Stop sign,01 - Functioning,03 - P.D. only,03 - Rear end,0
17-3764,ABBOTT ST @ SHEA RD,351157.88374,5014145.97268,-75.90925543290,45.26574378930,2017-04-18,9:43:00 PM,01 - Clear,07 - Dark,01 - Dry,02 - Stop sign,01 - Functioning,03 - P.D. only,07 - SMV other,0
17-3765,BANTREE ST @ INNES RD,373704.05096,5030407.89319,-75.61971065840,45.41021529090,2017-04-19,6:52:00 AM,01 - Clear,01 - Daylight,02 - Wet,01 - Traffic signal,01 - Functioning,03 - P.D. only,05 - Turning movement,0
17-3766,WOODROFFE AVE btwn KNOXDALE RD/MEDHURST DR & NORICE ST,363249.19905,5022260.36845,-75.75422929260,45.33785617970,2017-04-19,7:59:00 AM,01 - Clear,01 - Daylight,01 - Dry,10 - No control,,03 - P.D. only,03 - Rear end,0
17-3767,MAITLAND AVE btwn TARA DR & ERINDALE DR,363695.78730,5025212.89951,-75.74817996620,45.36438539790,2017-04-19,8:12:00 AM,01 - Clear,01 - Daylight,01 - Dry,10 - No control,,03 - P.D. only,03 - Rear end,0
17-3768,ST. LAURENT BLVD @ COVENTRY RD/OGILVIE RD,372304.71616,5031950.90570,-75.63737453870,45.42423498590,2017-04-13,1:30:00 PM,01 - Clear,01 - Daylight,01 - Dry,01 - Traffic signal,00 - Unknown,03 - P.D. only,04 - Sideswipe,0
17-3769,MERIVALE RD @ WEST HUNT CLUB RD,365613.02965,5021941.82930,-75.72411034540,45.33478910170,2017-04-19,10:21:00 AM,02 - Rain,01 - Daylight,02 - Wet,01 - Traffic signal,01 - Functioning,03 - P.D. only,03 - Rear end,0
17-3770,BASELINE RD @ MERIVALE RD,365055.03085,5025325.51490,-75.73081668980,45.36528317090,2017-04-19,11:13:00 AM,01 - Clear,01 - Daylight,01 - Dry,01 - Traffic signal,01 - Functioning,03 - P.D. only,04 - Sideswipe,0
17-3771,BRONSON AVE btwn RENFREW AVE & POWELL AVE,367370.98704,5029516.62484,-75.70072402380,45.40279078790,2017-04-19,11:31:00 AM,02 - Rain,01 - Daylight,02 - Wet,10 - No control,,03 - P.D. only,03 - Rear end,0
17-3772,TERRY FOX DR @ PALLADIUM DR/KATIMAVIK RD,351270.72134,5018181.10630,-75.90743971830,45.30204566690,2017-04-19,10:55:00 AM,02 - Rain,01 - Daylight,02 - Wet,01 - Traffic signal,02 - Not functioning,03 - P.D. only,04 - Sideswipe,0
17-3773,ALBERT ST @ KENT ST (OTTAWA),367222.02925,5031320.24240,-75.70239821060,45.41903250160,2017-04-19,12:39:00 PM,02 - Rain,01 - Daylight,02 - Wet,01 - Traffic signal,01 - Functioning,03 - P.D. only,05 - Turning movement,0
17-3774,AIRPORT PKWY @ HUNT CLUB RD,371018.86245,5023702.32930,-75.65491101980,45.35014023780,2017-04-19,1:31:00 PM,02 - Rain,01 - Daylight,02 - Wet,01 - Traffic signal,01 - Functioning,03 - P.D. only,04 - Sideswipe,0
17-3775,INDUSTRIAL AVE @ RIVERSIDE DR,370684.38415,5030593.22230,-75.65825960420,45.41217359330,2017-04-19,1:47:00 PM,02 - Rain,01 - Daylight,02 - Wet,01 - Traffic signal,01 - Functioning,03 - P.D. only,04 - Sideswipe,0
17-3776,HALTON TERR/MAXWELL BRIDGE RD @ MARCH RD,348930.41706,5024420.76258,-75.93672379940,45.35834268890,2017-04-19,2:14:00 PM,02 - Rain,01 - Daylight,02 - Wet,01 - Traffic signal,01 - Functioning,02 - Non-fatal injury,02 - Angle,0
17-3777,RICHMOND RD btwn EDGEWOOD AVE & ATHLONE AVE,363426.15843,5028422.24721,-75.75124049490,45.39328525370,2017-04-13,10:30:00 AM,01 - Clear,01 - Daylight,01 - Dry,10 - No control,,03 - P.D. only,06 - SMV unattended vehicle,0
17-3778,LYON ST @ WELLINGTON ST,366934.26766,5031427.50379,-75.70606122200,45.42002322200,2017-04-19,3:06:00 PM,02 - Rain,01 - Daylight,02 - Wet,01 - Traffic signal,01 - Functioning,03 - P.D. only,04 - Sideswipe,0
17-3779,ROWANWOOD AVE btwn BYRON AVE & KEENAN AVE,362132.28697,5027087.34510,-75.76791921340,45.38138109590,2017-04-19,12:00:00 AM,01 - Clear,00 - Unknown,01 - Dry,10 - No control,,03 - P.D. only,06 - SMV unattended vehicle,0
17-3780,CARLING AVE @ CONNAUGHT AVE,360770.34175,5025118.85259,-75.78553169570,45.36377886300,2017-04-19,3:35:00 PM,02 - Rain,01 - Daylight,02 - Wet,01 - Traffic signal,01 - Functioning,03 - P.D. only,03 - Rear end,0
17-3781,WEST HUNT CLUB RD EB btwn ROYDON PL/SUNDERLAND ST & 545 E OF ROYDON PL,366196.03911,5022294.22428,-75.71662893150,45.33790913010,2017-04-19,3:53:00 PM,02 - Rain,01 - Daylight,02 - Wet,10 - No control,,03 - P.D. only,05 - Turning movement,0
17-3782,PALLADIUM DR @ SILVER SEVEN RD,351053.27994,5017887.44680,-75.91023961890,45.29941758930,2017-04-19,4:15:00 PM,02 - Rain,01 - Daylight,02 - Wet,01 - Traffic signal,02 - Not functioning,03 - P.D. only,02 - Angle,0
17-3783,KING EDWARD AVE SB btwn CATHCART ST & ST. ANDREW ST,368114.95049,5033045.61217,-75.69076818460,45.43447654330,2017-04-19,4:32:00 PM,02 - Rain,01 - Daylight,02 - Wet,10 - No control,,03 - P.D. only,04 - Sideswipe,0
17-3784,INDUSTRIAL AVE btwn RUSSELL RD & ST. LAURENT BLVD,373050.21561,5029979.34292,-75.62812213610,45.40642346110,2017-04-19,4:30:00 PM,01 - Clear,01 - Daylight,01 - Dry,10 - No control,,03 - P.D. only,05 - Turning movement,0
17-3785,CATHERINE ST/HWY 417 O'CONN IC119BR76 @ O'CONN,368243.83441,5030393.81126,-75.68946259160,45.41060487110,2017-04-19,4:41:00 PM,02 - Rain,01 - Daylight,02 - Wet,01 - Traffic signal,01 - Functioning,03 - P.D. only,04 - Sideswipe,0
17-3786,DUNDONALD DR @ GREENBANK RD,365090.64410,5012122.31100,-75.73196813040,45.24647859430,2017-04-19,4:43:00 PM,02 - Rain,01 - Daylight,02 - Wet,02 - Stop sign,01 - Functioning,03 - P.D. only,07 - SMV other,0
17-3787,RICHMOND RD @ WOODROFFE AVE,361585.68974,5026655.19210,-75.77494789770,45.37753714420,2017-04-19,1:15:00 PM,02 - Rain,01 - Daylight,02 - Wet,01 - Traffic signal,01 - Functioning,03 - P.D. only,03 - Rear end,0
17-3788,WEST HUNT CLUB RD @ WOODROFFE AVE,363671.69434,5021245.82010,-75.74895969150,45.32869202590,2017-04-19,6:16:00 PM,02 - Rain,01 - Daylight,02 - Wet,01 - Traffic signal,01 - Functioning,03 - P.D. only,03 - Rear end,0
17-3789,CAMPEAU DR/HWY 417 MARCH IC138R63 @ MARCH RD,352841.22946,5020475.81858,-75.88719239870,45.32258833720,2017-04-19,7:30:00 PM,02 - Rain,01 - Daylight,02 - Wet,01 - Traffic signal,01 - Functioning,03 - P.D. only,07 - SMV other,0
17-3790,TALLTREE CRES btwn ABBOTT ST E & ABBOTT ST E,351704.22923,5014731.59875,-75.90223834910,45.27097721400,2017-04-19,12:00:00 AM,02 - Rain,00 - Unknown,02 - Wet,10 - No control,,03 - P.D. only,06 - SMV unattended vehicle,0
17-3791,LAURIER AVE   W btwn O'CONNOR ST & METCALFE ST,367731.46772,5031415.06996,-75.69587735670,45.41984009220,2017-04-19,7:29:00 PM,01 - Clear,01 - Daylight,02 - Wet,10 - No control,,02 - Non-fatal injury,07 - SMV other,1
17-3792,RAMSAYVILLE RD @ NINTH LINE RD,380302.42791,5020068.25250,-75.53700377030,45.31650492030,2017-04-19,9:50:00 PM,01 - Clear,07 - Dark,02 - Wet,02 - Stop sign,01 - Functioning,03 - P.D. only,07 - SMV other,0
17-3793,BASELINE RD btwn MERIVALE RD & FARLANE BLVD,365128.77781,5025371.39838,-75.72986975980,45.36568967970,2017-04-20,6:07:00 AM,01 - Clear,03 - Dawn,01 - Dry,10 - No control,,03 - P.D. only,07 - SMV other,0
17-3794,KING EDWARD AVE btwn RIDEAU ST & BESSERER ST,368522.74399,5032400.88017,-75.68564011840,45.42863843920,2017-04-20,6:58:00 AM,01 - Clear,01 - Daylight,01 - Dry,10 - No control,,03 - P.D. only,03 - Rear end,0
17-3795,BANK ST btwn RIVERSIDE DR & BILLINGS TRANSIT,369410.06827,5027780.17163,-75.67490707260,45.38698153410,2017-04-20,6:00:00 AM,01 - Clear,07 - Dark,02 - Wet,10 - No control,,03 - P.D. only,99 - Other,0
17-3796,SMYTH RD btwn RIVERSIDE HOSPITAL & ALTA VISTA DR,370247.09717,5029121.69128,-75.66404111390,45.39897434150,2017-04-20,7:42:00 AM,01 - Clear,01 - Daylight,01 - Dry,10 - No control,,03 - P.D. only,99 - Other,0
17-3797,BANK ST btwn WHITE ALDER AVE & FINDLAY CREEK DR,375843.60891,5020469.12680,-75.59380894070,45.32057713340,2017-04-20,7:40:00 AM,01 - Clear,01 - Daylight,01 - Dry,10 - No control,,02 - Non-fatal injury,03 - Rear end,0
17-3798,EASTVALE DR btwn OGILVIE RD & FILLMORE CRES,375013.43432,5036050.99437,-75.60217973200,45.46085856990,2017-04-19,12:00:00 AM,01 - Clear,00 - Unknown,02 - Wet,10 - No control,,03 - P.D. only,06 - SMV unattended vehicle,0
17-3799,FALLOWFIELD RD @ STRANDHERD DR,360750.69629,5014962.15430,-75.78692970490,45.27239021880,2017-04-20,8:40:00 AM,01 - Clear,01 - Daylight,01 - Dry,01 - Traffic signal,01 - Functioning,03 - P.D. only,03 - Rear end,0
17-3800,AINSLEY DR btwn FERGUSON ST & GAGE CRES,363443.44073,5024514.04334,-75.75148388500,45.35811832680,2017-04-20,8:46:00 AM,01 - Clear,01 - Daylight,01 - Dry,10 - No control,,03 - P.D. only,05 - Turning movement,0
17-3801,CARLING AVE @ KIRKWOOD AVE S,364350.69716,5027337.54910,-75.73956442740,45.38344732550,2017-04-20,9:42:00 AM,01 - Clear,01 - Daylight,01 - Dry,01 - Traffic signal,01 - Functioning,03 - P.D. only,04 - Sideswipe,0
17-3802,RUSSELL RD btwn CUBA AVE & SMYTH RD,373013.43479,5029500.52843,-75.62865818240,45.40211889190,2017-04-20,11:07:00 AM,01 - Clear,01 - Daylight,01 - Dry,10 - No control,,03 - P.D. only,06 - SMV unattended vehicle,0
17-3803,INDUSTRIAL AVE @ ALTA VISTA DR/SANDFORD FLEMIN,370885.72714,5030557.57000,-75.65569230330,45.41183382380,2017-04-20,11:47:00 AM,01 - Clear,01 - Daylight,01 - Dry,01 - Traffic signal,01 - Functioning,02 - Non-fatal injury,03 - Rear end,0
17-3804,CUMMINGS AVE @ DONALD ST,372651.72524,5032412.24790,-75.63287715490,45.42835234850,2017-04-20,1:05:00 PM,01 - Clear,01 - Daylight,01 - Dry,01 - Traffic signal,01 - Functioning,02 - Non-fatal injury,05 - Turning movement,0
17-3805,WEST HUNT CLUB RD @ ROYDON PL/SUNDERLAND ST,365974.71094,5022170.15910,-75.71946800030,45.33681214210,2017-04-20,12:15:00 PM,01 - Clear,01 - Daylight,01 - Dry,01 - Traffic signal,01 - Functioning,02 - Non-fatal injury,03 - Rear end,0
17-3806,CARP RD @ LLOYDALEX CRES,347917.23365,5015244.44160,-75.95045409820,45.27583435660,2017-04-20,2:54:00 PM,01 - Clear,01 - Daylight,01 - Dry,02 - Stop sign,01 - Functioning,03 - P.D. only,05 - Turning movement,0
17-3807,BASELINE RD/HERON RD @ PRINCE OF WALES DR,366873.02032,5026437.53804,-75.70747168040,45.37513027290,2017-04-18,9:30:00 AM,01 - Clear,01 - Daylight,01 - Dry,01 - Traffic signal,01 - Functioning,03 - P.D. only,03 - Rear end,0
17-3808,CAMBIE RD btwn SERENADE CRES & TAURUS PL,368676.43250,5014772.97870,-75.68595315720,45.27001277130,2017-04-20,4:19:00 PM,01 - Clear,01 - Daylight,01 - Dry,10 - No control,,03 - P.D. only,06 - SMV unattended vehicle,0
17-3809,SPARKS ST btwn BAY ST & LYON ST N,366905.86238,5031307.68335,-75.70643924720,45.41894763640,2017-04-20,5:15:00 PM,01 - Clear,01 - Daylight,01 - Dry,10 - No control,,03 - P.D. only,99 - Other,0
17-3810,INNES RD @ BEARBROOK RD/GLEN PARK DR E,377994.39915,5032843.23950,-75.56454428990,45.43169143080,2017-04-20,5:08:00 PM,01 - Clear,01 - Daylight,01 - Dry,01 - Traffic signal,01 - Functioning,02 - Non-fatal injury,03 - Rear end,0
17-3811,TRIM RD btwn SPRINGRIDGE DR & PORTOBELLO BLVD,385526.64450,5038246.96434,-75.46740694570,45.47948009660,2017-04-20,5:17:00 PM,01 - Clear,01 - Daylight,01 - Dry,10 - No control,,03 - P.D. only,04 - Sideswipe,0
17-3812,WOODROFFE AVE @ KNOXDALE RD/MEDHURST DR,363419.52712,5021826.39017,-75.75210761900,45.33393706450,2017-04-20,5:57:00 PM,01 - Clear,01 - Daylight,01 - Dry,01 - Traffic signal,01 - Functioning,02 - Non-fatal injury,03 - Rear end,0
17-3813,ALBION RD @ HUNT CLUB RD,371868.06815,5024320.51780,-75.64399076110,45.35562179280,2017-04-20,6:45:00 PM,01 - Clear,01 - Daylight,01 - Dry,01 - Traffic signal,01 - Functioning,03 - P.D. only,02 - Angle,0
17-3814,HUNT CLUB RD @ BRIDLE PATH DR/DAZE ST,371290.72556,5023865.17270,-75.65141997240,45.35157972890,2017-04-20,9:03:00 PM,01 - Clear,07 - Dark,01 - Dry,01 - Traffic signal,01 - Functioning,02 - Non-fatal injury,05 - Turning movement,0
17-3815,RIVERSIDE DR @ WALKLEY RD,368418.38945,5024853.52930,-75.68794684610,45.36073917500,2017-04-20,10:35:00 PM,01 - Clear,07 - Dark,01 - Dry,01 - Traffic signal,01 - Functioning,02 - Non-fatal injury,07 - SMV other,0
17-3816,HUNT CLUB RD WB btwn 275 E OF HAWTHORNE RD/OC TRANSPO TURNAROUND & HAWTHORNE RD,375678.39600,5026514.03200,-75.59504972620,45.37498318620,2017-04-20,11:48:00 PM,02 - Rain,07 - Dark,02 - Wet,10 - No control,,03 - P.D. only,04 - Sideswipe,0
17-3817,GREENBANK RD @ LISA AVE,360555.67844,5022893.49210,-75.78852264650,45.34377224030,2017-04-21,12:11:00 AM,02 - Rain,07 - Dark,02 - Wet,01 - Traffic signal,01 - Functioning,03 - P.D. only,02 - Angle,0
17-3818,TRIM RD @ DAIRY DR/TAYLOR CREEK DR,384536.05434,5039596.05990,-75.47985669710,45.49173178110,2017-04-21,2:16:00 AM,02 - Rain,07 - Dark,02 - Wet,11 - Roundabout,00 - Unknown,03 - P.D. only,07 - SMV other,0
17-3819,AIRPORT PARKWAY PRIV btwn Continuation of AIRPORT PARKWAY PRIV & TO BE,370262.38937,5020608.46073,-75.66497340090,45.32237344220,2017-04-21,3:13:00 AM,02 - Rain,07 - Dark,02 - Wet,10 - No control,,03 - P.D. only,07 - SMV other,0
17-3820,HAWTHORNE RD @ STEVENAGE DR,375137.07495,5027311.53011,-75.60184666210,45.38221323720,2017-04-21,4:28:00 AM,02 - Rain,07 - Dark,02 - Wet,01 - Traffic signal,01 - Functioning,02 - Non-fatal injury,05 - Turning movement,0
17-3821,LANCASTER RD @ WALKLEY RD,374908.40605,5028602.54120,-75.60458284360,45.39385204670,2017-04-21,6:12:00 AM,02 - Rain,01 - Daylight,02 - Wet,01 - Traffic signal,01 - Functioning,03 - P.D. only,02 - Angle,0
17-3822,PRESTON ST @ WILLOW ST,366424.69804,5029862.90059,-75.71276739990,45.40599042800,2017-04-21,7:00:00 AM,02 - Rain,01 - Daylight,02 - Wet,02 - Stop sign,00 - Unknown,02 - Non-fatal injury,02 - Angle,0
17-3823,MEADOWLANDS DR @ TIVERTON DR,365204.92900,5024342.78947,-75.72902345470,45.35642786420,2017-04-21,7:30:00 AM,02 - Rain,01 - Daylight,02 - Wet,01 - Traffic signal,00 - Unknown,03 - P.D. only,03 - Rear end,0
17-3824,OLD RICHMOND RD @ SANIBEL PRIV S,357367.81590,5019164.68000,-75.82959479380,45.31046619230,2017-04-21,7:42:00 AM,02 - Rain,01 - Daylight,02 - Wet,10 - No control,00 - Unknown,03 - P.D. only,02 - Angle,0
17-3825,ALBION RD @ MITCH OWENS RD,375907.08855,5014804.44910,-75.59381152410,45.26960202720,2017-04-21,8:24:00 AM,02 - Rain,01 - Daylight,02 - Wet,01 - Traffic signal,01 - Functioning,03 - P.D. only,05 - Turning movement,0
17-3826,MERIVALE RD @ WEST HUNT CLUB RD,365612.22183,5021943.68163,-75.72412042450,45.33480583850,2017-04-21,8:24:00 AM,02 - Rain,01 - Daylight,02 - Wet,01 - Traffic signal,01 - Functioning,02 - Non-fatal injury,03 - Rear end,0
17-3827,RIVERSIDE DR NB btwn INDUSTRIAL AVE & TREMBLAY RD,370761.59548,5030826.89081,-75.65724198620,45.41426877500,2017-04-21,9:31:00 AM,02 - Rain,01 - Daylight,02 - Wet,10 - No control,,03 - P.D. only,03 - Rear end,0
17-3828,CARRUTHERS AVE btwn BURNSIDE AVE & LYNDALE AVE,365073.69615,5030046.79698,-75.73000187900,45.40776272440,2017-04-20,12:00:00 AM,01 - Clear,00 - Unknown,01 - Dry,10 - No control,,03 - P.D. only,06 - SMV unattended vehicle,0
17-3829,STITTSVILLE MAIN ST @ HAZELDEAN RD,349559.81822,5014878.95369,-75.92955269400,45.27244292320,2017-04-20,10:45:00 AM,01 - Clear,01 - Daylight,01 - Dry,01 - Traffic signal,01 - Functioning,03 - P.D. only,03 - Rear end,0
17-3830,MOONEY'S BAY PL @ RIVERSIDE DR,368354.29488,5025296.74879,-75.68870789490,45.36473296610,2017-04-21,9:44:00 AM,01 - Clear,01 - Daylight,01 - Dry,01 - Traffic signal,01 - Functioning,02 - Non-fatal injury,03 - Rear end,0
17-3831,MARCH RD btwn CARLING AVE/STATION RD & 280 S OF CARLING AVE/STATION RD,350975.81131,5022171.18717,-75.91082799160,45.33796883410,2017-04-20,4:35:00 PM,01 - Clear,01 - Daylight,01 - Dry,10 - No control,,03 - P.D. only,03 - Rear end,0
17-3832,BATHGATE DR btwn LEIGH CRES & OGILVIE RD,373815.55312,5032825.74544,-75.61794762130,45.43195891080,2017-04-21,10:23:00 AM,02 - Rain,01 - Daylight,02 - Wet,10 - No control,,03 - P.D. only,02 - Angle,0
17-3833,WILLOW ST btwn PRESTON ST & ROCHESTER ST,366477.27932,5029882.30857,-75.71209332940,45.40616042470,2017-04-20,12:00:00 AM,01 - Clear,00 - Unknown,01 - Dry,10 - No control,,03 - P.D. only,06 - SMV unattended vehicle,0
17-3834,DUNROBIN RD @ THOMAS A. DOLAN PKWY,342338.60014,5031475.57211,-76.02032118640,45.42220786100,2017-04-21,11:02:00 AM,01 - Clear,01 - Daylight,02 - Wet,01 - Traffic signal,01 - Functioning,02 - Non-fatal injury,02 - Angle,0
17-3835,KANATA AVE/CASTLEFRANK RD @ AIRD PL,351811.42637,5019070.40693,-75.90046107450,45.31001183770,2017-04-21,11:38:00 AM,01 - Clear,01 - Daylight,01 - Dry,01 - Traffic signal,01 - Functioning,03 - P.D. only,03 - Rear end,0
17-3836,MERIVALE RD @ WEST HUNT CLUB RD,365613.16857,5021941.78814,-75.72410857840,45.33478871900,2017-04-21,11:49:00 AM,01 - Clear,01 - Daylight,02 - Wet,01 - Traffic signal,01 - Functioning,02 - Non-fatal injury,03 - Rear end,0
17-3837,GREENLAND RD btwn MAST LANE & EAGLE CREEK CRT,341014.71418,5037241.18719,-76.03681318090,45.47415793820,2017-04-21,7:30:00 AM,01 - Clear,01 - Daylight,01 - Dry,10 - No control,,03 - P.D. only,07 - SMV other,0
17-3838,CARLING AVE/STATION RD @ MARCH RD,350906.87833,5022245.85523,-75.91170052560,45.33864524630,2017-04-21,12:22:00 PM,01 - Clear,01 - Daylight,01 - Dry,01 - Traffic signal,01 - Functioning,03 - P.D. only,03 - Rear end,0
17-3839,BASELINE RD @ GREENBANK RD,360596.78238,5022585.17664,-75.78803294870,45.34099475260,2017-04-21,12:39:00 PM,02 - Rain,01 - Daylight,02 - Wet,01 - Traffic signal,01 - Functioning,03 - P.D. only,03 - Rear end,0
17-3840,SAUNDERSON DR btwn RAGLAN AVE & SMYTH RD,372771.32327,5029375.72471,-75.63176769890,45.40101951300,2017-04-21,12:51:00 PM,02 - Rain,01 - Daylight,02 - Wet,10 - No control,,03 - P.D. only,04 - Sideswipe,0
17-3841,CARLING AVE @ FOX CRES,361526.67590,5025576.23906,-75.77582525600,45.36783359570,2017-04-21,1:41:00 PM,02 - Rain,01 - Daylight,02 - Wet,02 - Stop sign,01 - Functioning,03 - P.D. only,03 - Rear end,0
17-3842,BANK ST @ MITCH OWENS RD,377759.10015,5015946.12171,-75.57004480200,45.27968465690,2017-04-21,1:00:00 PM,01 - Clear,01 - Daylight,01 - Dry,01 - Traffic signal,01 - Functioning,03 - P.D. only,05 - Turning movement,0
17-3843,WOODROFFE AVE btwn TECUMSEH ST & DOMALATCHY PL,362391.98921,5024167.60405,-75.76494369580,45.35508825230,2017-04-21,2:13:00 PM,01 - Clear,01 - Daylight,01 - Dry,10 - No control,,03 - P.D. only,04 - Sideswipe,0
17-3844,INDUSTRIAL AVE btwn TRAINYARDS DR & RUSSELL RD,371871.69610,5030507.09767,-75.64310389080,45.41128589420,2017-04-21,2:36:00 PM,02 - Rain,01 - Daylight,02 - Wet,10 - No control,,03 - P.D. only,02 - Angle,0
17-3845,CHAMBERLAIN AVE btwn PERCY ST & GLENDALE AVE,367697.64585,5029906.85937,-75.69650194820,45.40627272800,2017-04-21,1:30:00 PM,01 - Clear,01 - Daylight,01 - Dry,10 - No control,,03 - P.D. only,04 - Sideswipe,0
17-3846,ST. JOSEPH BLVD @ FOREST VALLEY DR/YOUVILLE DR,379164.26773,5036157.30056,-75.54909403320,45.46138554550,2017-04-21,3:10:00 PM,01 - Clear,01 - Daylight,01 - Dry,01 - Traffic signal,01 - Functioning,03 - P.D. only,03 - Rear end,0
17-3847,UPLANDS DR btwn RIVERSIDE DR & NORTH BOWESVILLE RD,368231.83975,5022788.81813,-75.69059267390,45.34217828140,2017-04-20,5:00:00 PM,01 - Clear,01 - Daylight,01 - Dry,10 - No control,,03 - P.D. only,05 - Turning movement,0
17-3848,DONALD ST @ NORTH RIVER RD,369968.05135,5032233.25060,-75.66719359290,45.42699700210,2017-04-21,3:51:00 PM,02 - Rain,01 - Daylight,02 - Wet,02 - Stop sign,01 - Functioning,03 - P.D. only,02 - Angle,0
17-3849,CARLING AVE @ CONNAUGHT AVE,360770.34175,5025116.84590,-75.78553192300,45.36376080690,2017-04-21,4:24:00 PM,01 - Clear,01 - Daylight,01 - Dry,01 - Traffic signal,01 - Functioning,03 - P.D. only,05 - Turning movement,0
17-3850,HERZBERG RD btwn LEGGET DR & CARLING AVE,351963.61578,5022472.12079,-75.89819628250,45.34061098510,2017-04-21,4:29:00 PM,01 - Clear,01 - Daylight,01 - Dry,10 - No control,,03 - P.D. only,05 - Turning movement,0
17-3851,FRASER AVE btwn SKEAD ST & RICHMOND RD,362435.86173,5027825.73033,-75.76395694640,45.38800008300,2017-04-21,5:31:00 PM,01 - Clear,01 - Daylight,01 - Dry,10 - No control,,03 - P.D. only,06 - SMV unattended vehicle,0
17-3852,REMNOR AVE btwn BADGELEY AVE & BADGELEY AVE,349603.48076,5020458.39212,-75.92849213260,45.32264564460,2017-04-21,12:00:00 AM,01 - Clear,00 - Unknown,01 - Dry,10 - No control,,03 - P.D. only,06 - SMV unattended vehicle,0
17-3853,EARL MULLIGAN DR @ WOODROFFE AVE,365251.70454,5017507.79779,-75.72926097510,45.29492329870,2017-04-21,6:12:00 PM,01 - Clear,01 - Daylight,01 - Dry,01 - Traffic signal,01 - Functioning,03 - P.D. only,05 - Turning movement,0
17-3854,CYCLONE TAYLOR BLVD btwn FRANK FINNIGAN WAY & PALLADIUM DR,349845.75688,5017803.86777,-75.92564315370,45.29874398250,2017-04-21,7:14:00 PM,01 - Clear,07 - Dark,01 - Dry,10 - No control,,03 - P.D. only,04 - Sideswipe,0
17-3855,ALBERT ST @ LYON ST,367062.36575,5031220.92169,-75.70445067420,45.41815307120,2017-04-21,7:16:00 PM,01 - Clear,01 - Daylight,01 - Dry,01 - Traffic signal,01 - Functioning,03 - P.D. only,04 - Sideswipe,0
17-3856,WOODROFFE AVE btwn DEERFOX DR & TIERNEY DR,365894.72820,5015916.35853,-75.72125936970,45.28054801090,2017-04-21,7:19:00 PM,02 - Rain,07 - Dark,02 - Wet,10 - No control,,03 - P.D. only,03 - Rear end,0
17-3857,HALLEY ST btwn PEPPERRALL CRES & TARTAN DR,363024.40826,5014381.61401,-75.75802257160,45.26698190850,2017-04-21,7:31:00 PM,02 - Rain,05 - Dusk,02 - Wet,10 - No control,,03 - P.D. only,99 - Other,0
17-3858,KENT ST btwn LISGAR ST & COOPER ST,367447.38234,5030948.28414,-75.69956631790,45.41566559530,2017-04-21,8:03:00 PM,01 - Clear,07 - Dark,01 - Dry,10 - No control,,03 - P.D. only,01 - Approaching,0
17-3859,MERIVALE RD/LOTTA AVE @ CLYDE AVE,364520.93237,5024507.87152,-75.73773290010,45.35797184200,2017-04-21,9:43:00 PM,01 - Clear,07 - Dark,01 - Dry,01 - Traffic signal,00 - Unknown,03 - P.D. only,03 - Rear end,0
17-3860,BANK ST btwn ARLINGTON AVE & CATHERINE ST,368022.89183,5030309.35117,-75.69229583080,45.40986492040,2017-04-21,9:47:00 PM,01 - Clear,07 - Dark,01 - Dry,10 - No control,,03 - P.D. only,04 - Sideswipe,0