COLLISION_ID,LOCATION,X,Y,LONGITUDE,LATITUDE,DATE,TIME,ENVIRONMENT,LIGHT,SURFACE_CONDITION,TRAFFIC_CONTROL,TRAFFIC_CONTROL_CONDITION,COLLISION_CLASSIFICATION,IMPACT_TYPE,NO_OF_PEDESTRIANS
17-3861,ELGIN ST @ SLATER ST,367892.37994,5031647.24400,-75.69379173280,45.42191462410,2017-04-21,10:04:00 PM,02 - Rain,07 - Dark,02 - Wet,01 - Traffic signal,01 - Functioning,03 - P.D. only,02 - Angle,0
17-3862,CYCLONE TAYLOR BLVD btwn FRANK FINNIGAN WAY & PALLADIUM DR,349983.90826,5017826.53519,-75.92387967510,45.29893907910,2017-04-22,12:28:00 AM,01 - Clear,07 - Dark,01 - Dry,10 - No control,,03 - P.D. only,05 - Turning movement,0
17-3863,PALLADIUM DR btwn HUNTMAR DR & HWY417 IC142 RAMP25,349562.32479,5017178.22706,-75.92931335240,45.29313238870,2017-04-22,12:56:00 AM,01 - Clear,07 - Dark,01 - Dry,10 - No control,,03 - P.D. only,05 - Turning movement,0
17-3864,BANK ST @ WELLINGTON ST,367257.37255,5031627.23561,-75.70190773730,45.42179157600,2017-04-22,6:36:00 AM,02 - Rain,01 - Daylight,02 - Wet,01 - Traffic signal,01 - Functioning,02 - Non-fatal injury,03 - Rear end,0
17-3865,CARLING AVE @ FAIRLAWN AVE/WOODROFFE AVE E,361934.68410,5025830.52790,-75.77058762240,45.37008852270,2017-04-22,10:08:00 AM,01 - Clear,01 - Daylight,01 - Dry,01 - Traffic signal,01 - Functioning,02 - Non-fatal injury,02 - Angle,0
17-3866,BRONSON AVE @ GLADSTONE AVE,367133.36725,5030082.23290,-75.70368755780,45.40790116670,2017-04-22,10:31:00 AM,01 - Clear,01 - Daylight,01 - Dry,01 - Traffic signal,01 - Functioning,03 - P.D. only,99 - Other,0
17-3867,BANK ST btwn RANDALL AVE & 73 N OF EVANS BLVD,369854.14026,5027150.83959,-75.66931965520,45.38127790790,2017-04-22,10:31:00 AM,01 - Clear,01 - Daylight,01 - Dry,10 - No control,,03 - P.D. only,02 - Angle,0
17-3868,CHURCHILL AVE   N btwn TILLBURY AVE & CARLING AVE,363770.67888,5027039.62476,-75.74700594110,45.38081571720,2017-04-22,11:08:00 AM,01 - Clear,01 - Daylight,01 - Dry,10 - No control,,03 - P.D. only,02 - Angle,0
17-3869,BANK ST @ GLADSTONE AVE,367915.70306,5030561.90160,-75.69363274670,45.41214696370,2017-04-22,12:04:00 PM,01 - Clear,01 - Daylight,01 - Dry,01 - Traffic signal,01 - Functioning,03 - P.D. only,04 - Sideswipe,0
17-3870,CARLING AVE @ KIRKWOOD AVE N,364275.35775,5027491.52751,-75.74050784020,45.38483919700,2017-04-22,12:02:00 PM,01 - Clear,01 - Daylight,01 - Dry,01 - Traffic signal,01 - Functioning,03 - P.D. only,04 - Sideswipe,0
17-3871,IRIS ST btwn Continuation of IRIS ST & TO BE DETERMINED,360651.99617,5023377.62416,-75.78723899810,45.34812078960,2017-04-22,12:18:00 PM,01 - Clear,01 - Daylight,01 - Dry,10 - No control,,03 - P.D. only,03 - Rear end,0
17-3872,MEADOWLANDS DR btwn CLAYMOR AVE & DEBRA AVE,367202.73316,5025579.93461,-75.70337076290,45.36738447150,2017-04-22,12:19:00 PM,01 - Clear,01 - Daylight,01 - Dry,10 - No control,,03 - P.D. only,02 - Angle,0
17-3873,MATTAMY PL btwn TO BE DETERMINED & AVENSHIRE GT (1),362845.08314,5022583.57556,-75.75934717770,45.34079792580,2017-04-21,5:30:00 PM,02 - Rain,01 - Daylight,02 - Wet,10 - No control,,03 - P.D. only,06 - SMV unattended vehicle,0
17-3874,DIAMONDVIEW RD @ THOMAS A. DOLAN PKWY,335556.17905,5025183.22000,-76.10737886940,45.36591789310,2017-04-22,3:39:00 PM,01 - Clear,01 - Daylight,01 - Dry,02 - Stop sign,01 - Functioning,03 - P.D. only,02 - Angle,0
17-3875,MARCH RD btwn HWY417 IC138 RAMP36 & HWY417 IC138 RAMP26,352880.66794,5020380.82934,-75.88669857900,45.32173090430,2017-04-22,5:14:00 PM,01 - Clear,01 - Daylight,01 - Dry,10 - No control,,02 - Non-fatal injury,07 - SMV other,0
17-3876,BANK ST btwn CECIL AVE & HERON RD,369947.89391,5026977.96360,-75.66814544800,45.37971371380,2017-04-22,6:04:00 PM,01 - Clear,01 - Daylight,01 - Dry,10 - No control,,02 - Non-fatal injury,03 - Rear end,0
17-3877,DEMETER ST btwn GOSNELL TER & LUDLOWE ST,385814.65541,5037658.94982,-75.46382051210,45.47415637160,2017-04-22,8:30:00 AM,01 - Clear,01 - Daylight,01 - Dry,10 - No control,,03 - P.D. only,06 - SMV unattended vehicle,0
17-3878,SMYTH RD/OTHELLO AVE @ RUSSELL RD W,373256.73944,5029373.54570,-75.62556825810,45.40095261000,2017-04-22,7:05:00 PM,01 - Clear,01 - Daylight,01 - Dry,01 - Traffic signal,01 - Functioning,03 - P.D. only,03 - Rear end,0
17-3879,BRIAN COBURN BLVD @ TENTH LINE RD,384428.33890,5035022.30790,-75.48197576030,45.45059377220,2017-04-22,6:55:00 PM,01 - Clear,01 - Daylight,01 - Dry,01 - Traffic signal,01 - Functioning,02 - Non-fatal injury,03 - Rear end,0
17-3880,RUSSELL RD btwn SOUTHVALE CRES & TUPPER AVE,374197.21264,5028794.74775,-75.61363799670,45.39565227190,2017-04-23,4:23:00 AM,01 - Clear,07 - Dark,01 - Dry,10 - No control,,02 - Non-fatal injury,07 - SMV other,0
17-3881,HOLLAND AVE @ ISLAND PARK DR/N.C.C. DRIVEWAY,365425.39455,5027917.94924,-75.72577098460,45.38857745990,2017-04-23,6:53:00 AM,01 - Clear,01 - Daylight,01 - Dry,01 - Traffic signal,01 - Functioning,03 - P.D. only,05 - Turning movement,0
17-3882,GREENBANK RD @ HWY 417 IC129 RAMP57/IRIS ST,360531.64345,5023313.16290,-75.78878203650,45.34755034180,2017-04-23,7:35:00 AM,01 - Clear,01 - Daylight,01 - Dry,01 - Traffic signal,01 - Functioning,03 - P.D. only,99 - Other,0
17-3883,WOODRIDGE CRES btwn 220 W OF BAYSHORE DR/BAYSHORE SC & BAYSHORE DR,359102.89977,5023416.52941,-75.80700220530,45.34859250890,2017-04-23,9:53:00 AM,01 - Clear,01 - Daylight,01 - Dry,10 - No control,,02 - Non-fatal injury,02 - Angle,0
17-3884,ST. CHARLES ST btwn GENEST ST & ALICE ST,369629.81993,5033575.07936,-75.67133884090,45.43910167020,2017-04-23,12:00:00 AM,01 - Clear,00 - Unknown,01 - Dry,10 - No control,,03 - P.D. only,06 - SMV unattended vehicle,0
17-3885,BASELINE RD @ GREENBANK RD,360599.35654,5022583.83130,-75.78800025750,45.34098244290,2017-04-23,12:05:00 PM,01 - Clear,01 - Daylight,01 - Dry,01 - Traffic signal,01 - Functioning,03 - P.D. only,03 - Rear end,0
17-3886,ST. JOSEPH BLVD/OLD MONTREAL RD @ TRIM RD,384681.87374,5039284.35421,-75.47804210520,45.48891068440,2017-04-23,12:23:00 PM,01 - Clear,01 - Daylight,01 - Dry,11 - Roundabout,01 - Functioning,03 - P.D. only,05 - Turning movement,0
17-3887,BANK ST @ SOUTHKEYS SC,371083.39505,5024520.84670,-75.65397780690,45.35749890250,2017-04-23,1:08:00 PM,01 - Clear,01 - Daylight,01 - Dry,01 - Traffic signal,01 - Functioning,02 - Non-fatal injury,05 - Turning movement,0
17-3888,4TH LINE RD btwn MCDIARMID RD & BELMEADE RD,382056.29935,4998070.60888,-75.51805008220,45.11838914950,2017-04-23,1:51:00 PM,01 - Clear,01 - Daylight,01 - Dry,10 - No control,,03 - P.D. only,07 - SMV other,0
17-3889,PRESTONE DR @ ST. JOSEPH BLVD,382326.07885,5038274.25380,-75.50833550800,45.48008834680,2017-04-23,1:57:00 PM,01 - Clear,01 - Daylight,01 - Dry,01 - Traffic signal,01 - Functioning,02 - Non-fatal injury,02 - Angle,0
17-3890,BANK ST btwn QUEENSDALE AVE & LESTER RD,373383.23119,5023402.70404,-75.62478183800,45.34721709350,2017-04-23,2:04:00 PM,01 - Clear,01 - Daylight,01 - Dry,10 - No control,,03 - P.D. only,02 - Angle,0
17-3891,ROSEHILL AVE btwn SHACKLEFORD WAY & WARMSTONE DR,350196.06600,5016180.16700,-75.92132535910,45.28411087900,2017-04-16,9:00:00 PM,01 - Clear,07 - Dark,01 - Dry,10 - No control,,03 - P.D. only,06 - SMV unattended vehicle,0
17-3892,PARENT AVE @ ST. PATRICK ST,367822.70564,5032557.26190,-75.69456551730,45.43010893760,2017-04-23,2:41:00 PM,01 - Clear,01 - Daylight,01 - Dry,01 - Traffic signal,01 - Functioning,03 - P.D. only,05 - Turning movement,0
17-3893,FIFTH LINE RD btwn BERRY SIDE RD & KERWIN RD,347337.73642,5030170.47973,-75.95655619110,45.41017830920,2017-04-23,2:47:00 PM,01 - Clear,01 - Daylight,01 - Dry,10 - No control,,02 - Non-fatal injury,07 - SMV other,0
17-3894,INNES RD btwn TENTH LINE RD & 240 E OF TENTH LINE RD/HOME DEPOT E,383984.87067,5036174.94542,-75.48745888020,45.46101455040,2017-04-23,3:10:00 PM,01 - Clear,01 - Daylight,01 - Dry,10 - No control,,03 - P.D. only,02 - Angle,0
17-3895,LAURIER AVE @ NICHOLAS ST,368373.97145,5031799.60769,-75.68761880710,45.42324194070,2017-04-23,12:50:00 PM,01 - Clear,01 - Daylight,01 - Dry,01 - Traffic signal,01 - Functioning,03 - P.D. only,03 - Rear end,0
17-3896,ALERT RD/AIRPORT PKWY/UPLANDS DR RAMP 62 @ LES,371307.04225,5021353.11250,-75.65154943020,45.32897541980,2017-04-23,4:37:00 PM,01 - Clear,01 - Daylight,01 - Dry,01 - Traffic signal,01 - Functioning,02 - Non-fatal injury,07 - SMV other,0
17-3897,EAGLESON RD @ KATIMAVIK RD/TIMM DR,353213.62076,5019566.13880,-75.88253141400,45.31437727340,2017-04-23,4:47:00 PM,01 - Clear,01 - Daylight,01 - Dry,01 - Traffic signal,01 - Functioning,03 - P.D. only,05 - Turning movement,0
17-3898,MEADOWLANDS DR @ MERIVALE RD,364859.03435,5023726.84819,-75.73351269360,45.35091542410,2017-04-23,6:15:00 PM,01 - Clear,01 - Daylight,01 - Dry,01 - Traffic signal,01 - Functioning,03 - P.D. only,05 - Turning movement,0
17-3899,BIRCHGROVE RD btwn LARMOURS RD & WATSON RD,398469.52906,5033548.55422,-75.30278038670,45.43559429930,2017-04-23,8:44:00 PM,01 - Clear,07 - Dark,01 - Dry,10 - No control,,02 - Non-fatal injury,07 - SMV other,0
17-3900,GREENBANK RD btwn JOCKVALE RD & CAMBRIAN RD,364370.39663,5013407.54479,-75.74098839020,45.25810450220,2017-04-23,12:43:00 AM,01 - Clear,07 - Dark,01 - Dry,10 - No control,,03 - P.D. only,07 - SMV other,0
17-3901,BOUNDARY RD btwn PANA RD & CARTWRIGHT RD,390234.00807,5016359.61390,-75.41099202460,45.28199967520,2017-04-23,11:19:00 PM,01 - Clear,07 - Dark,01 - Dry,10 - No control,,03 - P.D. only,07 - SMV other,0
17-3902,O'KEEFE CRT btwn FOXTAIL AVE & END,360143.55562,5014974.11493,-75.79466555650,45.27254588680,2017-04-23,11:26:00 PM,01 - Clear,07 - Dark,01 - Dry,10 - No control,,02 - Non-fatal injury,07 - SMV other,0
17-3903,CARLING AVE EB btwn IROQUOIS RD & KINGSMERE AVE,362233.41844,5026018.17224,-75.76675231400,45.37175250970,2017-04-24,9:01:00 AM,01 - Clear,01 - Daylight,01 - Dry,10 - No control,,03 - P.D. only,03 - Rear end,0
17-3904,FAIRLEA CRES btwn HEATHERINGTON RD & GORE PRIV,372087.25414,5026649.79910,-75.64087633570,45.37655881440,2017-04-24,12:00:00 AM,01 - Clear,00 - Unknown,01 - Dry,10 - No control,,03 - P.D. only,06 - SMV unattended vehicle,0
17-3905,RICHMOND RD @ WEST HUNT CLUB RD,357144.64396,5018153.80009,-75.83254750100,45.30138683280,2017-04-24,10:55:00 AM,01 - Clear,01 - Daylight,01 - Dry,01 - Traffic signal,01 - Functioning,03 - P.D. only,03 - Rear end,0
17-3906,WADE CRT btwn CRAIG HENRY DR & END,361255.98951,5021475.22270,-75.77974875480,45.33095466720,2017-04-24,12:00:00 AM,01 - Clear,00 - Unknown,01 - Dry,10 - No control,,03 - P.D. only,06 - SMV unattended vehicle,0
17-3907,HAWTHORNE RD @ HUNT CLUB RD,375508.75324,5026406.52920,-75.59723078600,45.37403306710,2017-04-24,11:56:00 AM,01 - Clear,01 - Daylight,01 - Dry,01 - Traffic signal,01 - Functioning,03 - P.D. only,03 - Rear end,0
17-3908,CINDY HILL CRES btwn LONG ISLAND RD & LONG ISLAND RD,368174.55195,5011264.96215,-75.69279584820,45.23849329400,2017-04-21,12:00:00 AM,01 - Clear,00 - Unknown,01 - Dry,10 - No control,,03 - P.D. only,06 - SMV unattended vehicle,0
17-3909,ANAND PRIV btwn END & WALKLEY RD,370246.62700,5025799.81300,-75.66448754170,45.36908525480,2017-04-24,12:58:00 PM,01 - Clear,01 - Daylight,01 - Dry,10 - No control,,03 - P.D. only,02 - Angle,0
17-3910,TENTH LINE RD btwn BLACKBURN BYPS & SOUTHFIELD WAY,384538.50206,5034768.12181,-75.48060878180,45.44829427720,2017-04-24,1:42:00 PM,01 - Clear,01 - Daylight,01 - Dry,10 - No control,,03 - P.D. only,03 - Rear end,0
17-3911,BELFAST RD @ ST. LAURENT BLVD,372861.05855,5030577.89310,-75.63045564900,45.41182735960,2017-04-24,1:45:00 PM,01 - Clear,01 - Daylight,01 - Dry,01 - Traffic signal,01 - Functioning,03 - P.D. only,03 - Rear end,0
17-3912,SUMMERHILL ST btwn DAVE SMITH CRES & SOUTHBRIDGE ST,367732.89160,5014290.88980,-75.69803762160,45.26576004130,2017-04-24,1:53:00 PM,01 - Clear,01 - Daylight,01 - Dry,10 - No control,,03 - P.D. only,99 - Other,0
17-3913,PRINCE ALBERT ST btwn MARION AVE & END,370338.63009,5031883.00953,-75.66250494170,45.42381105120,2017-04-21,12:00:00 AM,01 - Clear,00 - Unknown,01 - Dry,10 - No control,,03 - P.D. only,06 - SMV unattended vehicle,0
17-3914,VANIER PKWY/CRICHTON ST @ BEECHWOOD AVE/ST. PA,369127.77308,5033487.10743,-75.67776688230,45.43835650530,2017-04-24,2:25:00 PM,01 - Clear,01 - Daylight,01 - Dry,01 - Traffic signal,01 - Functioning,03 - P.D. only,03 - Rear end,0
17-3915,GREENBANK RD btwn HWY 417 IC129 RAMP57/IRIS ST & HWY417 IC129 RAMP25,360526.29228,5023328.54751,-75.78884858690,45.34768919740,2017-04-24,2:48:00 PM,01 - Clear,01 - Daylight,01 - Dry,10 - No control,,03 - P.D. only,04 - Sideswipe,0
17-3916,MARCH RD @ TERRY FOX DR,349866.28084,5023398.84000,-75.92487227860,45.34908768080,2017-04-24,2:47:00 PM,01 - Clear,01 - Daylight,01 - Dry,01 - Traffic signal,01 - Functioning,03 - P.D. only,03 - Rear end,0
17-3917,DRAPER AVE btwn MORRISON DR & PATHWAY PRIV,360373.74870,5023036.67184,-75.79082791820,45.34507500690,2017-04-24,12:00:00 AM,01 - Clear,00 - Unknown,01 - Dry,10 - No control,,03 - P.D. only,06 - SMV unattended vehicle,0
17-3918,CUMBERLAND ST @ RIDEAU ST,368373.50766,5032329.30510,-75.68755636540,45.42800801290,2017-04-24,3:11:00 PM,01 - Clear,01 - Daylight,01 - Dry,01 - Traffic signal,01 - Functioning,03 - P.D. only,04 - Sideswipe,0
17-3919,KIRKWOOD AVE @ MERIVALE RD,364853.36695,5026648.54909,-75.73322994170,45.37720491660,2017-04-24,3:30:00 PM,01 - Clear,01 - Daylight,01 - Dry,01 - Traffic signal,01 - Functioning,03 - P.D. only,02 - Angle,0
17-3920,HOLLAND AVE/TUNNEY'S PASTURE @ SCOTT ST,364737.64911,5029595.93481,-75.73434931070,45.40373482400,2017-04-24,4:33:00 PM,01 - Clear,01 - Daylight,01 - Dry,01 - Traffic signal,01 - Functioning,02 - Non-fatal injury,05 - Turning movement,0
17-3921,INNES RD @ TAUVETTE ST/GLEN PARK DR W,377346.06492,5032465.46373,-75.57288483650,45.42835999890,2017-04-24,4:43:00 PM,01 - Clear,01 - Daylight,01 - Dry,02 - Stop sign,00 - Unknown,03 - P.D. only,03 - Rear end,0
17-3922,BAYVIEW DR btwn LANE ST & BISHOP DAVIS DR,337831.26106,5039935.04544,-76.07734719680,45.49855568740,2017-04-23,10:00:00 PM,01 - Clear,07 - Dark,01 - Dry,10 - No control,,03 - P.D. only,07 - SMV other,0
17-3923,ALBION RD @ MITCH OWENS RD,375907.08855,5014805.11800,-75.59381142830,45.26960804570,2017-04-24,5:30:00 PM,01 - Clear,01 - Daylight,01 - Dry,01 - Traffic signal,01 - Functioning,02 - Non-fatal injury,03 - Rear end,0
17-3924,JEANNE D'ARC BLVD @ ORLEANS BLVD N,380028.39591,5038106.14203,-75.53774752560,45.47882716920,2017-04-24,8:52:00 PM,01 - Clear,07 - Dark,01 - Dry,01 - Traffic signal,01 - Functioning,03 - P.D. only,05 - Turning movement,0
17-3925,BANK ST @ HUNT CLUB RD,371608.40205,5024096.50620,-75.64733485650,45.35363099980,2017-04-24,8:57:00 PM,01 - Clear,07 - Dark,01 - Dry,01 - Traffic signal,01 - Functioning,03 - P.D. only,05 - Turning movement,0
17-3926,BANK ST @ HUNT CLUB RD,371608.40205,5024097.17510,-75.64733476610,45.35363701840,2017-04-25,5:17:00 AM,01 - Clear,03 - Dawn,01 - Dry,01 - Traffic signal,01 - Functioning,03 - P.D. only,02 - Angle,0
17-3927,MCBEAN ST @ OTTAWA ST,357662.29504,5005236.34540,-75.82732049080,45.18511398600,2017-04-25,7:58:00 AM,01 - Clear,01 - Daylight,01 - Dry,02 - Stop sign,00 - Unknown,03 - P.D. only,07 - SMV other,0
17-3928,CONROY RD @ WALKLEY RD,372904.05705,5027463.53130,-75.63033635140,45.38380152550,2017-04-25,8:16:00 AM,01 - Clear,01 - Daylight,01 - Dry,01 - Traffic signal,01 - Functioning,03 - P.D. only,03 - Rear end,0
17-3929,EAGLESON RD @ HAZELDEAN RD/ROBERTSON RD,353675.29714,5018425.12890,-75.87675606380,45.30407825070,2017-04-24,5:40:00 PM,01 - Clear,01 - Daylight,01 - Dry,01 - Traffic signal,01 - Functioning,03 - P.D. only,03 - Rear end,0
17-3930,PARKDALE AVE @ KENILWORTH ST,365447.37204,5028595.55060,-75.72540705980,45.39467246760,2017-04-25,9:15:00 AM,01 - Clear,01 - Daylight,01 - Dry,02 - Stop sign,00 - Unknown,03 - P.D. only,05 - Turning movement,0
17-3931,PEERLESS ST btwn BAMBURGH WAY & HIBISCUS WAY,361355.44410,5015014.14780,-75.77921711170,45.27280968380,2017-04-25,10:12:00 AM,01 - Clear,01 - Daylight,01 - Dry,10 - No control,,03 - P.D. only,06 - SMV unattended vehicle,0
17-3932,HAZELDEAN RD @ TERRY FOX DR,352208.61434,5017241.78210,-75.89557086990,45.29353071970,2017-04-25,12:09:00 PM,01 - Clear,01 - Daylight,01 - Dry,01 - Traffic signal,01 - Functioning,02 - Non-fatal injury,02 - Angle,0
17-3933,WOODROFFE AVE @ GEORGINA DR/LENESTER AVE,361908.68326,5025371.85699,-75.77097255580,45.36596356050,2017-04-25,12:38:00 PM,01 - Clear,01 - Daylight,01 - Dry,01 - Traffic signal,01 - Functioning,03 - P.D. only,03 - Rear end,0
17-3934,GOODWOOD DR btwn ISBISTER AVE & END,366272.21949,5013946.54330,-75.71669201040,45.26279079780,2017-04-24,12:00:00 AM,01 - Clear,00 - Unknown,01 - Dry,10 - No control,,03 - P.D. only,06 - SMV unattended vehicle,0
17-3935,WOODROFFE AVE btwn CARLING AVE & FOX CRES,361780.25516,5025699.61619,-75.77257408540,45.36892316300,2017-04-25,12:43:00 PM,01 - Clear,01 - Daylight,01 - Dry,10 - No control,,02 - Non-fatal injury,02 - Angle,0
17-3936,GLADSTONE AVE @ KENT ST,367746.37644,5030457.56381,-75.69580917700,45.41122341580,2017-04-25,1:36:00 PM,01 - Clear,01 - Daylight,01 - Dry,01 - Traffic signal,00 - Unknown,03 - P.D. only,03 - Rear end,0
17-3937,CASTLEFRANK RD btwn MACNEIL CRT & HAZELDEAN RD,352656.13897,5017702.85596,-75.88982104950,45.29764924070,2017-04-25,11:30:00 AM,01 - Clear,01 - Daylight,01 - Dry,10 - No control,,03 - P.D. only,04 - Sideswipe,0
17-3938,RIVERSIDE DR @ HERON RD,368120.77114,5026647.87637,-75.69151540920,45.37691119810,2017-04-25,2:17:00 PM,01 - Clear,01 - Daylight,01 - Dry,01 - Traffic signal,01 - Functioning,03 - P.D. only,04 - Sideswipe,0
17-3939,INDUSTRIAL AVE btwn SANDFORD FLEMING AVE & NEIGHBORHOOD WAY,371073.65815,5030527.55710,-75.65329560560,45.41154600800,2017-04-25,3:24:00 PM,02 - Rain,01 - Daylight,02 - Wet,10 - No control,,03 - P.D. only,05 - Turning movement,0
17-3940,HADLEY CIRC @ MOODIE DR,357137.65164,5020301.14860,-75.83240984800,45.32070945840,2017-04-25,3:40:00 PM,02 - Rain,01 - Daylight,02 - Wet,02 - Stop sign,01 - Functioning,03 - P.D. only,02 - Angle,0
17-3941,HARVARD AVE btwn CAMERON AVE & CHESLEY ST,368894.39667,5028209.21365,-75.68143597630,45.39088930030,2017-04-24,12:00:00 AM,01 - Clear,00 - Unknown,01 - Dry,10 - No control,,03 - P.D. only,06 - SMV unattended vehicle,0
17-3942,CYRVILLE RD @ MEADOWBROOK RD,374630.73624,5031241.21831,-75.60775508020,45.41762126680,2017-04-25,4:15:00 PM,02 - Rain,01 - Daylight,02 - Wet,01 - Traffic signal,01 - Functioning,03 - P.D. only,03 - Rear end,0
17-3943,MOODIE DR btwn 325 N OF CORKSTOWN RD/NORTEL S ENTRANCE & CORKSTOWN RD,356327.74055,5022860.00476,-75.84247355010,45.34379423430,2017-04-25,4:18:00 PM,02 - Rain,01 - Daylight,02 - Wet,10 - No control,,03 - P.D. only,03 - Rear end,0
17-3944,CEDARVIEW RD @ WEST HUNT CLUB RD,359719.68074,5019555.81549,-75.79955996130,45.31380567000,2017-04-25,4:20:00 PM,02 - Rain,01 - Daylight,02 - Wet,01 - Traffic signal,01 - Functioning,03 - P.D. only,03 - Rear end,0
17-3945,BLAIR RD @ CLAVER ST,374416.39385,5033433.23991,-75.61018360860,45.43736525980,2017-04-25,5:25:00 PM,02 - Rain,01 - Daylight,02 - Wet,02 - Stop sign,00 - Unknown,02 - Non-fatal injury,02 - Angle,0
17-3946,CLAPP LANE @ MANOTICK MAIN ST,368757.69976,5009885.71540,-75.68554630920,45.22603016920,2017-04-25,5:24:00 PM,02 - Rain,01 - Daylight,02 - Wet,02 - Stop sign,01 - Functioning,03 - P.D. only,02 - Angle,0
17-3947,CAMPEAU DR @ HERLIHEY WAY,350508.91935,5019176.81520,-75.91706131580,45.31105531130,2017-04-25,5:20:00 PM,02 - Rain,01 - Daylight,02 - Wet,01 - Traffic signal,01 - Functioning,03 - P.D. only,02 - Angle,0
17-3948,MACKENZIE KING BR/WALLER ST @ NICHOLAS ST/WALL,368372.20506,5031992.37549,-75.68761649880,45.42497655830,2017-04-25,5:44:00 PM,02 - Rain,01 - Daylight,02 - Wet,01 - Traffic signal,01 - Functioning,03 - P.D. only,02 - Angle,0
17-3949,BEATRICE DR btwn BLACKPOOL LANE & BURNTWOOD AVE,365113.30805,5016410.34028,-75.73115875500,45.28506031770,2017-04-25,5:48:00 PM,01 - Clear,01 - Daylight,01 - Dry,10 - No control,,03 - P.D. only,05 - Turning movement,0
17-3950,CHAPEL ST btwn DALY AVE & STEWART ST,368997.14005,5032466.28391,-75.67956955960,45.42918353450,2017-04-25,12:00:00 AM,01 - Clear,00 - Unknown,01 - Dry,10 - No control,,03 - P.D. only,06 - SMV unattended vehicle,0
17-3951,TENTH LINE RD @ CHARLEMAGNE BLVD S/DES EPINETT,383640.97510,5036900.45590,-75.49173924100,45.46758093120,2017-04-25,7:55:00 PM,01 - Clear,05 - Dusk,02 - Wet,01 - Traffic signal,01 - Functioning,02 - Non-fatal injury,04 - Sideswipe,0
17-3952,PINECREST RD @ QUEENSVIEW DR,360347.66361,5023782.54168,-75.79107698630,45.35178839930,2017-04-06,8:44:00 PM,01 - Clear,07 - Dark,01 - Dry,01 - Traffic signal,01 - Functioning,03 - P.D. only,03 - Rear end,0
17-3953,ST. JOSEPH BLVD @ TENTH LINE RD,382890.46935,5038666.45280,-75.50105491980,45.48355409960,2017-04-26,6:19:00 AM,02 - Rain,03 - Dawn,02 - Wet,01 - Traffic signal,01 - Functioning,03 - P.D. only,03 - Rear end,0
17-3954,SLATER ST btwn LYON ST N & KENT ST,367184.83455,5031204.53146,-75.70288807220,45.41799468810,2017-04-26,7:55:00 AM,01 - Clear,01 - Daylight,01 - Dry,10 - No control,,03 - P.D. only,04 - Sideswipe,0
17-3955,BELFAST RD @ ST. LAURENT BLVD,372863.27161,5030578.56200,-75.63042728670,45.41183316280,2017-04-26,8:08:00 AM,01 - Clear,01 - Daylight,01 - Dry,01 - Traffic signal,01 - Functioning,03 - P.D. only,05 - Turning movement,0
17-3956,SMYTH RD E/LANCASTER RD @ ST. LAURENT BLVD N/R,373364.20959,5029424.08613,-75.62418862310,45.40139683220,2017-04-26,8:26:00 AM,01 - Clear,01 - Daylight,02 - Wet,01 - Traffic signal,01 - Functioning,03 - P.D. only,03 - Rear end,0
17-3957,ANDERSON RD @ INNES RD,376281.07555,5031842.90169,-75.58658364880,45.42286820780,2017-04-26,9:03:00 AM,01 - Clear,01 - Daylight,01 - Dry,01 - Traffic signal,01 - Functioning,03 - P.D. only,03 - Rear end,0
17-3958,EAGLESON RD @ FALLOWFIELD RD,355961.29965,5012593.06791,-75.84820856110,45.25143740140,2017-04-26,9:10:00 AM,01 - Clear,01 - Daylight,01 - Dry,01 - Traffic signal,01 - Functioning,03 - P.D. only,07 - SMV other,0
17-3959,AQUAVIEW DR @ BRIAN COBURN BLVD,384776.73902,5035181.94233,-75.47749632790,45.45199023340,2017-04-24,8:15:00 AM,01 - Clear,01 - Daylight,01 - Dry,02 - Stop sign,01 - Functioning,03 - P.D. only,02 - Angle,0
17-3960,ELGIN ST @ QUEEN ST,367803.69916,5031778.90910,-75.69490796270,45.42310729520,2017-04-25,8:18:00 AM,01 - Clear,01 - Daylight,01 - Dry,01 - Traffic signal,01 - Functioning,03 - P.D. only,99 - Other,0
17-3961,PARKDALE AVE/SPENCER ST @ OXFORD ST,365059.49173,5029474.65825,-75.73025324680,45.40261597410,2017-04-26,11:08:00 AM,01 - Clear,01 - Daylight,01 - Dry,02 - Stop sign,01 - Functioning,03 - P.D. only,02 - Angle,0
17-3962,BYRON AVE @ EVERED AVE,363427.68546,5028231.55540,-75.75124365120,45.39156931240,2017-04-25,4:45:00 PM,01 - Clear,01 - Daylight,01 - Dry,02 - Stop sign,01 - Functioning,03 - P.D. only,02 - Angle,0
17-3963,ASSALY RD @ REGINA ST,360661.34855,5025600.53789,-75.78686844040,45.36812173700,2017-04-26,11:28:00 AM,01 - Clear,01 - Daylight,01 - Dry,02 - Stop sign,01 - Functioning,03 - P.D. only,04 - Sideswipe,0
17-3964,ST. JOSEPH BLVD @ JEANNE D'ARC BLVD,379859.73916,5036471.58090,-75.54015420910,45.46413882300,2017-04-26,12:30:00 PM,01 - Clear,01 - Daylight,01 - Dry,11 - Roundabout,01 - Functioning,03 - P.D. only,02 - Angle,0