COLLISION_ID,LOCATION,X,Y,LONGITUDE,LATITUDE,DATE,TIME,ENVIRONMENT,LIGHT,SURFACE_CONDITION,TRAFFIC_CONTROL,TRAFFIC_CONTROL_CONDITION,COLLISION_CLASSIFICATION,IMPACT_TYPE,NO_OF_PEDESTRIANS
17-3965,CYRVILLE RD @ INNES RD,375047.39025,5031118.89530,-75.60244947850,45.41647896300,2017-04-26,2:29:00 PM,01 - Clear,01 - Daylight,01 - Dry,01 - Traffic signal,01 - Functioning,03 - P.D. only,03 - Rear end,0
17-3966,MONTREAL RD @ DUCHARME BLVD/CANTIN ST,371017.01135,5033566.59436,-75.65361068990,45.43889532230,2017-04-26,2:39:00 PM,01 - Clear,01 - Daylight,01 - Dry,01 - Traffic signal,01 - Functioning,03 - P.D. only,02 - Angle,0
17-3967,FAIRMONT AVE @ WELLINGTON ST,365555.49100,5029698.59996,-75.72389040870,45.40458807670,2017-04-26,2:49:00 PM,01 - Clear,01 - Daylight,01 - Dry,01 - Traffic signal,01 - Functioning,02 - Non-fatal injury,06 - SMV unattended vehicle,0
17-3968,CORKSTOWN RD @ MARCH RD,352657.94755,5020883.48600,-75.88949078390,45.32626912980,2017-04-26,3:01:00 PM,01 - Clear,01 - Daylight,01 - Dry,02 - Stop sign,01 - Functioning,02 - Non-fatal injury,05 - Turning movement,0
17-3969,MEADOWLANDS DR/TALLWOOD DR @ WOODROFFE AVE,363057.12996,5022729.33663,-75.75662453250,45.34209189610,2017-04-26,3:43:00 PM,01 - Clear,01 - Daylight,01 - Dry,01 - Traffic signal,01 - Functioning,03 - P.D. only,03 - Rear end,0
17-3970,CHAMPAGNE AVE @ WELLINGTON ST,365954.85724,5030345.06224,-75.71870906790,45.41037000110,2017-04-26,4:36:00 PM,01 - Clear,01 - Daylight,01 - Dry,02 - Stop sign,01 - Functioning,02 - Non-fatal injury,05 - Turning movement,0
17-3971,CARLING AVE @ PRESTON ST,366831.11142,5028935.02879,-75.70769282600,45.39760579060,2017-04-26,4:44:00 PM,01 - Clear,01 - Daylight,01 - Dry,01 - Traffic signal,01 - Functioning,03 - P.D. only,03 - Rear end,0
17-3972,REGIONAL ROAD 174 btwn OR174 IC101 RAMP63 & OR174 IC101 RAMP45,382820.03491,5038929.98015,-75.50191391920,45.48593295530,2017-04-26,4:55:00 PM,01 - Clear,01 - Daylight,01 - Dry,10 - No control,,03 - P.D. only,04 - Sideswipe,0
17-3973,MOORVALE ST btwn MCARTHUR AVE & ROPER AVE,371451.74660,5032773.10962,-75.64816192570,45.43171460180,2017-04-26,2:25:00 PM,01 - Clear,01 - Daylight,01 - Dry,10 - No control,,03 - P.D. only,06 - SMV unattended vehicle,0
17-3974,CHURCHILL AVE @ WILMONT AVE,363130.68826,5028506.55200,-75.75500388080,45.39406848930,2017-04-26,5:20:00 PM,01 - Clear,01 - Daylight,01 - Dry,02 - Stop sign,01 - Functioning,03 - P.D. only,04 - Sideswipe,0
17-3975,HAWTHORNE RD @ HUNT CLUB RD,375507.41545,5026406.52920,-75.59724786290,45.37403320210,2017-04-26,5:28:00 PM,01 - Clear,01 - Daylight,01 - Dry,01 - Traffic signal,01 - Functioning,03 - P.D. only,03 - Rear end,0
17-3976,WILLIAM ST btwn CLARENCE ST & YORK ST,367965.50535,5032405.20257,-75.69276021230,45.42872787820,2017-04-26,5:36:00 PM,01 - Clear,01 - Daylight,01 - Dry,10 - No control,,03 - P.D. only,07 - SMV other,0
17-3977,WEST HUNT CLUB RD @ WOODROFFE AVE,363671.69434,5021245.82010,-75.74895969150,45.32869202590,2017-04-26,5:58:00 PM,01 - Clear,01 - Daylight,01 - Dry,01 - Traffic signal,01 - Functioning,03 - P.D. only,03 - Rear end,0
17-3978,REGIONAL ROAD 174 EB btwn OR174 IC109 RAMP55 & TRANSIT,376505.32916,5035062.93925,-75.58324935230,45.45181716300,2017-04-26,6:01:00 PM,01 - Clear,01 - Daylight,01 - Dry,10 - No control,,03 - P.D. only,04 - Sideswipe,0
17-3979,CAMPEAU DR/HWY 417 MARCH IC138R63 @ MARCH RD,352840.69295,5020477.20493,-75.88719910740,45.32260084810,2017-04-26,7:10:00 PM,01 - Clear,01 - Daylight,01 - Dry,01 - Traffic signal,01 - Functioning,03 - P.D. only,04 - Sideswipe,0
17-3980,PLEASANT PARK RD @ ST. LAURENT BLVD,373598.06235,5028795.54990,-75.62128950180,45.39571861330,2017-04-26,9:29:00 PM,01 - Clear,07 - Dark,01 - Dry,01 - Traffic signal,01 - Functioning,02 - Non-fatal injury,07 - SMV other,1
17-3981,TRENTON AVE @ MERIVALE RD,364887.45623,5026361.59006,-75.73282964070,45.37461998760,2017-04-27,7:41:00 AM,01 - Clear,01 - Daylight,01 - Dry,02 - Stop sign,01 - Functioning,03 - P.D. only,04 - Sideswipe,0
17-3982,KIRKWOOD AVE btwn CARLING AVE & CARLING AVE,364289.40457,5027465.44055,-75.74033162430,45.38460327880,2017-04-27,8:00:00 AM,01 - Clear,01 - Daylight,02 - Wet,10 - No control,,03 - P.D. only,04 - Sideswipe,0
17-3983,CAMPEAU DR @ KNUDSON DR,351808.61894,5019847.13480,-75.90042318040,45.31700120720,2017-04-27,8:36:00 AM,01 - Clear,01 - Daylight,01 - Dry,01 - Traffic signal,01 - Functioning,02 - Non-fatal injury,02 - Angle,0
17-3984,RICHMOND RD btwn WINSTON AVE & CHURCHILL AVE N,363128.93456,5028224.55938,-75.75505961380,45.39153131030,2017-04-27,8:51:00 AM,01 - Clear,01 - Daylight,01 - Dry,10 - No control,,03 - P.D. only,02 - Angle,0
17-3985,RICHMOND RD btwn EDGEWORTH AVE/MCEWEN AVE & REGINA LANE,361062.68897,5025869.28334,-75.78171468450,45.37050778770,2017-04-27,10:13:00 AM,01 - Clear,01 - Daylight,01 - Dry,10 - No control,,03 - P.D. only,02 - Angle,0
17-3986,KENNEVALE DR @ STRANDHERD DR,361492.19445,5014100.21790,-75.77757873660,45.26457505370,2017-04-27,8:50:00 AM,01 - Clear,01 - Daylight,01 - Dry,01 - Traffic signal,01 - Functioning,03 - P.D. only,03 - Rear end,0
17-3987,WOODROFFE AVE btwn HWY417 IC127 RAMP53 & IRIS ST,362236.34748,5024556.13615,-75.76688486990,45.35859700070,2017-04-27,9:40:00 AM,01 - Clear,01 - Daylight,01 - Dry,10 - No control,,03 - P.D. only,03 - Rear end,0
17-3988,NORTH RIVER RD btwn COUPAL ST & TUDOR PL,369576.59875,5033212.28617,-75.67206678810,45.43584233760,2017-04-27,12:21:00 PM,01 - Clear,01 - Daylight,01 - Dry,10 - No control,,03 - P.D. only,02 - Angle,0
17-3989,HUNT CLUB RD @ UPLANDS DR,370157.73054,5023122.16100,-75.66597632730,45.34500082500,2017-04-27,12:40:00 PM,01 - Clear,01 - Daylight,01 - Dry,01 - Traffic signal,01 - Functioning,02 - Non-fatal injury,03 - Rear end,0
17-3990,HUNTMAR DR btwn PALLADIUM DR & MAPLE GROVE RD,349773.74558,5017248.80363,-75.92661162850,45.29375395840,2017-04-27,1:09:00 PM,01 - Clear,01 - Daylight,01 - Dry,10 - No control,,03 - P.D. only,03 - Rear end,0
17-3991,KING EDWARD AVE @ LAURIER AVE,368741.37944,5032033.24481,-75.68289402950,45.42531063660,2017-04-27,1:42:00 PM,01 - Clear,01 - Daylight,01 - Dry,01 - Traffic signal,01 - Functioning,03 - P.D. only,04 - Sideswipe,0
17-3992,MARCH RD @ MORGAN'S GRANT WAY/SHIRLEY'S BROOK,349663.28144,5023617.51000,-75.92744295120,45.35106833710,2017-04-27,12:53:00 PM,01 - Clear,01 - Daylight,01 - Dry,01 - Traffic signal,01 - Functioning,03 - P.D. only,03 - Rear end,0
17-3993,ARGYLE AVE @ O'CONNOR ST,368185.04525,5030484.90410,-75.69020187270,45.41142982160,2017-04-27,3:10:00 PM,01 - Clear,01 - Daylight,01 - Dry,01 - Traffic signal,01 - Functioning,02 - Non-fatal injury,05 - Turning movement,0
17-3994,COLONEL MURRAY ST btwn HAMILTON ST & MARTIN ST,357049.34616,5006134.26012,-75.83502573600,45.19323938170,2017-04-27,3:10:00 PM,01 - Clear,01 - Daylight,01 - Dry,10 - No control,,02 - Non-fatal injury,07 - SMV other,1
17-3995,BANK ST btwn CLAREY AVE & HOLMWOOD AVE,368464.66658,5029239.92556,-75.68679058470,45.40020252650,2017-04-27,12:00:00 AM,01 - Clear,00 - Unknown,01 - Dry,10 - No control,,03 - P.D. only,06 - SMV unattended vehicle,0
17-3996,BANKFIELD RD @ PRINCE OF WALES DR,366380.69324,5008974.71750,-75.71592550560,45.21804481590,2017-04-27,4:04:00 PM,01 - Clear,01 - Daylight,01 - Dry,01 - Traffic signal,01 - Functioning,03 - P.D. only,03 - Rear end,0
17-3997,CARLING AVE @ PRESTON ST,366830.71334,5028936.89119,-75.70769767620,45.39762258330,2017-04-27,4:07:00 PM,01 - Clear,01 - Daylight,01 - Dry,01 - Traffic signal,01 - Functioning,03 - P.D. only,03 - Rear end,0
17-3998,BANK ST btwn ARENA PL & WHITE ALDER AVE,375522.68936,5021255.03769,-75.59778964860,45.32768084450,2017-04-27,4:25:00 PM,01 - Clear,01 - Daylight,01 - Dry,10 - No control,,03 - P.D. only,02 - Angle,0
17-3999,MONTREAL RD @ NORTH RIVER RD,369740.04315,5032888.25380,-75.67002070740,45.43291166550,2017-04-27,4:31:00 PM,01 - Clear,01 - Daylight,01 - Dry,01 - Traffic signal,01 - Functioning,03 - P.D. only,02 - Angle,0
17-4000,HUNT CLUB RD @ PAUL ANKA DR,369778.05965,5022899.49709,-75.67085000670,45.34303262700,2017-04-27,4:39:00 PM,01 - Clear,01 - Daylight,01 - Dry,01 - Traffic signal,01 - Functioning,03 - P.D. only,03 - Rear end,0
17-4001,CARLING AVE btwn DAVIDSON'S SIDE RD & GRANDVIEW RD,355055.35241,5024028.33216,-75.85859026150,45.35439928420,2017-04-27,4:48:00 PM,01 - Clear,01 - Daylight,01 - Dry,10 - No control,,02 - Non-fatal injury,03 - Rear end,0
17-4002,ELGIN ST @ LAURIER AVE,367949.04435,5031550.24470,-75.69308016690,45.42103674420,2017-04-27,4:51:00 PM,01 - Clear,01 - Daylight,01 - Dry,01 - Traffic signal,01 - Functioning,03 - P.D. only,04 - Sideswipe,0
17-4003,CLARKE AVE @ CUMMINGS AVE,372173.38715,5033617.92660,-75.63882447290,45.43924670960,2017-04-27,6:23:00 PM,01 - Clear,01 - Daylight,01 - Dry,02 - Stop sign,01 - Functioning,03 - P.D. only,05 - Turning movement,0
17-4004,CALDWELL AVE @ MERIVALE RD,364907.73245,5026230.41220,-75.73258675000,45.37343793270,2017-04-27,6:28:00 PM,01 - Clear,01 - Daylight,01 - Dry,01 - Traffic signal,01 - Functioning,03 - P.D. only,05 - Turning movement,0
17-4005,BRONSON AVE @ SUNNYSIDE AVE/UNIVERSITY RD - CA,367923.04455,5028092.88489,-75.69385496980,45.38993083200,2017-04-27,9:30:00 AM,01 - Clear,01 - Daylight,01 - Dry,01 - Traffic signal,01 - Functioning,03 - P.D. only,04 - Sideswipe,0
17-4006,CUMMINGS AVE btwn GARDENVALE RD & SHANE ST,372407.51298,5033024.76825,-75.63591365100,45.43388716120,2017-04-27,9:00:00 PM,01 - Clear,07 - Dark,01 - Dry,10 - No control,,03 - P.D. only,06 - SMV unattended vehicle,0
17-4007,RICHMOND RD @ STINSON AVE,357874.81459,5020927.98691,-75.82294047490,45.32629445870,2017-04-27,10:23:00 PM,01 - Clear,07 - Dark,01 - Dry,01 - Traffic signal,01 - Functioning,03 - P.D. only,03 - Rear end,0
17-4008,MERIVALE RD @ CAPILANO DR/WITHROW AVE,364643.43234,5024229.10669,-75.73620322000,45.35545311000,2017-04-27,11:03:00 PM,01 - Clear,07 - Dark,01 - Dry,01 - Traffic signal,01 - Functioning,02 - Non-fatal injury,02 - Angle,0
17-4009,DWYER HILL RD btwn PURDY RD & DWYER HILL RD,351031.68874,4995609.11717,-75.91258134510,45.09894889470,2017-04-28,6:20:00 AM,01 - Clear,03 - Dawn,02 - Wet,10 - No control,,02 - Non-fatal injury,07 - SMV other,0
17-4010,CLEARBROOK DR btwn LONGFIELDS DR & SILVERSTONE WAY,364724.14350,5015004.20500,-75.73628892810,45.27244121950,2017-04-28,6:51:00 AM,01 - Clear,01 - Daylight,01 - Dry,10 - No control,,02 - Non-fatal injury,07 - SMV other,0
17-4011,AVIATION PKWY @ MONTREAL RD,372147.05105,5034108.58280,-75.63909392290,45.44366393120,2017-04-28,7:56:00 AM,01 - Clear,01 - Daylight,01 - Dry,01 - Traffic signal,01 - Functioning,02 - Non-fatal injury,03 - Rear end,0
17-4012,SHEFFIELD RD @ WALKLEY RD,375257.40065,5028785.20770,-75.60009998600,45.39546055930,2017-04-28,8:08:00 AM,01 - Clear,01 - Daylight,01 - Dry,01 - Traffic signal,00 - Unknown,02 - Non-fatal injury,03 - Rear end,0
17-4013,MERIVALE RD @ 210 S OF MEADOWLANDS DR,364943.34595,5023529.86610,-75.73246074390,45.34913578050,2017-04-28,9:05:00 AM,01 - Clear,01 - Daylight,01 - Dry,01 - Traffic signal,01 - Functioning,03 - P.D. only,03 - Rear end,0
17-4014,ST. JOSEPH BLVD/OLD MONTREAL RD @ TRIM RD,384683.08845,5039285.58190,-75.47802636660,45.48892159100,2017-04-28,11:28:00 AM,01 - Clear,01 - Daylight,01 - Dry,11 - Roundabout,01 - Functioning,03 - P.D. only,04 - Sideswipe,0
17-4015,MONTREAL RD @ ST. LAURENT BLVD,371546.70624,5033818.26360,-75.64680672570,45.44110935640,2017-04-28,12:03:00 PM,01 - Clear,01 - Daylight,01 - Dry,01 - Traffic signal,00 - Unknown,03 - P.D. only,07 - SMV other,0
17-4016,NEPEAN ST btwn METCALFE ST & ELGIN ST,367958.07541,5031369.14892,-75.69298799480,45.41940648920,2017-04-27,2:30:00 PM,01 - Clear,01 - Daylight,02 - Wet,10 - No control,,03 - P.D. only,07 - SMV other,0
17-4017,GEORGE ST @ WILLIAM ST,368046.96876,5032233.52000,-75.69174128190,45.42717577600,2017-04-28,12:41:00 PM,01 - Clear,01 - Daylight,01 - Dry,01 - Traffic signal,01 - Functioning,02 - Non-fatal injury,04 - Sideswipe,0
17-4018,BANK ST btwn RANDALL AVE & 73 N OF EVANS BLVD,369758.78875,5027258.46353,-75.67052291510,45.38225512090,2017-04-28,1:20:00 PM,01 - Clear,01 - Daylight,01 - Dry,10 - No control,,03 - P.D. only,02 - Angle,0
17-4019,MITCH OWENS RD btwn MANOTICK STATION RD & BOWESVILLE RD,374149.62953,5013684.36303,-75.61636224330,45.25969928540,2017-04-28,1:40:00 PM,01 - Clear,01 - Daylight,01 - Dry,10 - No control,,03 - P.D. only,01 - Approaching,0
17-4020,BENTLEY AVE btwn SUNDERLAND ST & CAMELOT DR,365898.34564,5021669.80665,-75.72050402950,45.33231669390,2017-04-28,12:00:00 AM,01 - Clear,00 - Unknown,01 - Dry,10 - No control,,03 - P.D. only,06 - SMV unattended vehicle,0
17-4021,HUNT CLUB RD @ RIVERSIDE DR,368036.36855,5021946.83629,-75.69319429420,45.33461994770,2017-04-28,2:18:00 PM,01 - Clear,01 - Daylight,01 - Dry,01 - Traffic signal,00 - Unknown,03 - P.D. only,03 - Rear end,0
17-4022,RUSSELL RD S @ ST. LAURENT BLVD,373570.18669,5029261.89544,-75.62158048110,45.39991731270,2017-04-27,4:16:00 PM,01 - Clear,01 - Daylight,01 - Dry,01 - Traffic signal,01 - Functioning,03 - P.D. only,03 - Rear end,0
17-4023,MARIER AVE @ MONTREAL RD,370420.71164,5033261.59100,-75.66127245950,45.43620725400,2017-04-28,3:06:00 PM,01 - Clear,01 - Daylight,01 - Dry,01 - Traffic signal,01 - Functioning,02 - Non-fatal injury,05 - Turning movement,0
17-4024,CONROY RD @ LORRY GREENBERG DR,373568.52045,5025879.52079,-75.62207298130,45.36948436190,2017-04-28,3:08:00 PM,01 - Clear,01 - Daylight,01 - Dry,01 - Traffic signal,01 - Functioning,02 - Non-fatal injury,03 - Rear end,0
17-4025,WALKLEY RD btwn HOLLY LANE & TURN LANE,372191.78247,5027039.22866,-75.63948871840,45.38005270470,2017-04-28,3:25:00 PM,01 - Clear,01 - Daylight,01 - Dry,10 - No control,,02 - Non-fatal injury,02 - Angle,0
17-4026,MCARTHUR AVE @ VANIER PKWY,370217.70166,5032691.25480,-75.66394272130,45.43109463070,2017-04-28,3:30:00 PM,01 - Clear,01 - Daylight,01 - Dry,01 - Traffic signal,00 - Unknown,03 - P.D. only,03 - Rear end,0
17-4027,HUNT CLUB RD @ BRIDLE PATH DR/DAZE ST,371291.39445,5023865.17270,-75.65141143780,45.35157966550,2017-04-28,4:06:00 PM,01 - Clear,01 - Daylight,01 - Dry,01 - Traffic signal,00 - Unknown,02 - Non-fatal injury,03 - Rear end,0
17-4028,VICTORIA ST btwn BOWEN ST & 8TH LINE RD,385379.27993,5011121.85747,-75.47371325860,45.23544687940,2017-04-28,5:14:00 PM,01 - Clear,01 - Daylight,01 - Dry,10 - No control,,03 - P.D. only,02 - Angle,0
17-4029,TERRY FOX DR btwn CASTLEFRANK RD & TRANS CANADA TRAIL,353039.82840,5016253.97178,-75.88507009160,45.28458558430,2017-04-28,5:22:00 PM,01 - Clear,01 - Daylight,01 - Dry,10 - No control,,03 - P.D. only,03 - Rear end,0
17-4030,MARCH RD @ RICHARDSON SIDE RD,351414.95065,5021780.15140,-75.90526200770,45.33442117310,2017-04-28,5:20:00 PM,01 - Clear,01 - Daylight,01 - Dry,01 - Traffic signal,01 - Functioning,03 - P.D. only,05 - Turning movement,0
17-4031,SOMERSET ST    W btwn PRESTON ST & ROCHESTER ST,366331.44442,5030137.60194,-75.71392428340,45.40847032100,2017-04-28,5:27:00 PM,01 - Clear,01 - Daylight,01 - Dry,10 - No control,,02 - Non-fatal injury,05 - Turning movement,0
17-4032,BRIDLE PATH DR @ TRAPPER'S RD,371770.72816,5023569.18410,-75.64533476400,45.34887084690,2017-04-28,6:04:00 PM,01 - Clear,01 - Daylight,01 - Dry,02 - Stop sign,01 - Functioning,03 - P.D. only,02 - Angle,0
17-4033,BASELINE RD @ GREENBANK RD,360597.34985,5022583.83130,-75.78802585970,45.34098260250,2017-04-28,6:04:00 PM,01 - Clear,01 - Daylight,01 - Dry,01 - Traffic signal,01 - Functioning,03 - P.D. only,04 - Sideswipe,0
17-4034,DALY AVE @ KING EDWARD AVE,368593.37984,5032273.58570,-75.68475399220,45.42748665050,2017-04-28,6:23:00 PM,01 - Clear,01 - Daylight,01 - Dry,02 - Stop sign,01 - Functioning,03 - P.D. only,02 - Angle,0
17-4035,BORTHWICK AVE btwn WILSON ST & CLARKE AVE,372057.82544,5033717.71691,-75.64028779530,45.44015570080,2017-04-28,12:00:00 AM,01 - Clear,00 - Unknown,01 - Dry,10 - No control,,03 - P.D. only,06 - SMV unattended vehicle,0
17-4036,OR174 IC109 RAMP65 @ MONTREAL RD,376402.92576,5034982.29925,-75.58457014720,45.45110211520,2017-04-28,6:46:00 PM,01 - Clear,01 - Daylight,01 - Dry,01 - Traffic signal,01 - Functioning,03 - P.D. only,03 - Rear end,0
17-4037,MASSICOTTE LANE btwn ALDERWOOD ST & ALBION RD,372086.45934,5023667.87152,-75.64129250170,45.34972858310,2017-04-28,6:50:00 PM,01 - Clear,01 - Daylight,01 - Dry,10 - No control,,03 - P.D. only,06 - SMV unattended vehicle,0
17-4038,CARP RD @ STITTSVILLE MAIN ST,349523.78276,5014331.54109,-75.93006123080,45.26751940420,2017-04-28,6:45:00 PM,01 - Clear,01 - Daylight,01 - Dry,01 - Traffic signal,01 - Functioning,03 - P.D. only,03 - Rear end,0
17-4039,PINECREST RD @ RICHMOND RD,360073.67384,5024470.17461,-75.79449661400,45.35799735650,2017-04-27,8:00:00 AM,01 - Clear,01 - Daylight,01 - Dry,01 - Traffic signal,01 - Functioning,02 - Non-fatal injury,03 - Rear end,0
17-4040,RIVERSIDE DR @ WALKLEY RD,368417.72056,5024852.86040,-75.68795546940,45.36073321710,2017-04-28,11:21:00 PM,01 - Clear,07 - Dark,01 - Dry,01 - Traffic signal,01 - Functioning,03 - P.D. only,07 - SMV other,0
17-4041,HINTON AVE   N btwn WELLINGTON ST W & TYNDALL ST,365049.33861,5029089.22712,-75.73043001450,45.39914882330,2017-04-28,11:25:00 PM,01 - Clear,07 - Dark,01 - Dry,10 - No control,,03 - P.D. only,06 - SMV unattended vehicle,0
17-4042,ELGIN ST @ LAURIER AVE,367947.03766,5031548.90690,-75.69310597750,45.42102488830,2017-04-29,7:07:00 AM,01 - Clear,01 - Daylight,01 - Dry,01 - Traffic signal,01 - Functioning,03 - P.D. only,04 - Sideswipe,0
17-4043,WOODROFFE AVE btwn HWY417 IC127 RAMP53 & IRIS ST,362237.53640,5024554.90222,-75.76686983950,45.35858579990,2017-04-29,9:01:00 AM,01 - Clear,01 - Daylight,01 - Dry,10 - No control,,03 - P.D. only,07 - SMV other,0
17-4044,LEVERTON RD btwn WEAVER CRES & WEAVER CRES,349930.44199,5020690.93891,-75.92430047130,45.32471721660,2017-04-29,9:56:00 AM,01 - Clear,01 - Daylight,01 - Dry,10 - No control,,03 - P.D. only,06 - SMV unattended vehicle,0
17-4045,CASTLEFRANK RD btwn GLAMORGAN DR & SHELDRAKE DR (2),353426.00577,5016804.50958,-75.88009368440,45.28951284890,2017-04-29,10:00:00 AM,01 - Clear,01 - Daylight,01 - Dry,10 - No control,,03 - P.D. only,04 - Sideswipe,0
17-4046,MERIVALE RD @ WEST HUNT CLUB RD,365611.69186,5021944.50489,-75.72412708350,45.33481329240,2017-04-28,4:00:00 PM,01 - Clear,01 - Daylight,01 - Dry,01 - Traffic signal,01 - Functioning,03 - P.D. only,03 - Rear end,0
17-4047,ST. LAURENT BLVD btwn MCARTHUR AVE & DONALD ST,372000.43091,5032709.22887,-75.64115901100,45.43108732470,2017-04-29,11:51:00 AM,01 - Clear,01 - Daylight,01 - Dry,10 - No control,,03 - P.D. only,03 - Rear end,0
17-4048,OTTAWA RIVER PKWY @ WELLINGTON ST EB,366690.74066,5031277.58625,-75.70919149210,45.41869589440,2017-04-29,12:42:00 PM,01 - Clear,01 - Daylight,01 - Dry,02 - Stop sign,01 - Functioning,03 - P.D. only,03 - Rear end,0
17-4049,TEMAGAMI DR @ HAILEYBURY ST,365588.03795,5014457.63008,-75.72534682210,45.26744900440,2017-04-27,7:45:00 AM,01 - Clear,01 - Daylight,01 - Dry,02 - Stop sign,01 - Functioning,03 - P.D. only,02 - Angle,0
17-4050,HOPE SIDE RD btwn FREEPORT DR & HOPE SIDE RD,355481.02647,5014684.82787,-75.85411343510,45.27029431460,2017-04-29,12:54:00 PM,01 - Clear,01 - Daylight,01 - Dry,10 - No control,,02 - Non-fatal injury,04 - Sideswipe,0
17-4051,ROBERTSON RD btwn FITZGERALD RD & MOODIE DR,357037.55511,5020438.08680,-75.83367209290,45.32194909850,2017-04-29,1:06:00 PM,01 - Clear,01 - Daylight,01 - Dry,10 - No control,,03 - P.D. only,02 - Angle,0
17-4052,BANK ST @ CHAMBERLAIN AVE N/ISABELLA ST,368083.04655,5030167.89999,-75.69154555800,45.40858675090,2017-04-29,1:25:00 PM,01 - Clear,01 - Daylight,01 - Dry,01 - Traffic signal,01 - Functioning,03 - P.D. only,04 - Sideswipe,0
17-4053,FALLOWFIELD RD @ MERIVALE RD,366890.70926,5018844.46920,-75.70819878910,45.30680760150,2017-04-28,6:30:00 PM,01 - Clear,01 - Daylight,01 - Dry,01 - Traffic signal,01 - Functioning,03 - P.D. only,03 - Rear end,0
17-4054,ABBEYHILL DR btwn OLD COLONY RD & BALBAIR RD,353492.38954,5017735.27023,-75.87915606580,45.29788345280,2017-04-29,1:36:00 PM,01 - Clear,01 - Daylight,01 - Dry,10 - No control,,03 - P.D. only,99 - Other,0
17-4055,MCEWEN AVE btwn AMBLESIDE DR & END,360960.98217,5026046.14866,-75.78299292700,45.37210736850,2017-04-29,1:54:00 PM,01 - Clear,01 - Daylight,01 - Dry,10 - No control,,02 - Non-fatal injury,07 - SMV other,1
17-4056,DALY AVE btwn MACKENZIE AVE & NICHOLAS ST,368173.85485,5032012.45999,-75.69014835900,45.42517527000,2017-04-29,3:53:00 PM,01 - Clear,01 - Daylight,01 - Dry,10 - No control,,03 - P.D. only,05 - Turning movement,0
17-4057,WOLFF ST btwn MARGUERITE AVE & ONTARIO ST,370127.78120,5032408.28593,-75.66512934730,45.42855699810,2017-04-29,4:40:00 PM,01 - Clear,01 - Daylight,01 - Dry,10 - No control,,03 - P.D. only,06 - SMV unattended vehicle,0
17-4058,LAURIER AVE @ 89 E OF WALLER ST,368515.61115,5031897.92240,-75.68579632870,45.42411365510,2017-04-29,5:15:00 PM,01 - Clear,01 - Daylight,01 - Dry,01 - Traffic signal,01 - Functioning,03 - P.D. only,03 - Rear end,0
17-4059,BANK ST @ JOHNSTON RD,370850.05826,5024839.52790,-75.65691314110,45.36038831480,2017-04-29,5:22:00 PM,01 - Clear,01 - Daylight,01 - Dry,01 - Traffic signal,01 - Functioning,02 - Non-fatal injury,02 - Angle,0
17-4060,PRINCE OF WALES DR @ FALLOWFIELD RD,367399.37555,5019167.13910,-75.70167198170,45.30966579030,2017-04-29,6:25:00 PM,01 - Clear,01 - Daylight,01 - Dry,01 - Traffic signal,01 - Functioning,03 - P.D. only,05 - Turning movement,0
17-4061,CALDWELL AVE @ MERIVALE RD,364907.73245,5026231.74999,-75.73258658720,45.37344997000,2017-04-29,6:37:00 PM,01 - Clear,01 - Daylight,01 - Dry,01 - Traffic signal,01 - Functioning,02 - Non-fatal injury,05 - Turning movement,0
17-4062,INDUSTRIAL AVE @ TRAINYARDS DR,371685.62065,5030538.81000,-75.64547658770,45.41158903650,2017-04-29,7:35:00 PM,01 - Clear,01 - Daylight,01 - Dry,01 - Traffic signal,01 - Functioning,02 - Non-fatal injury,07 - SMV other,1
17-4063,STRANDHERD DR @ WOODROFFE AVE,366107.15734,5015396.48679,-75.71861611530,45.27585173940,2017-04-29,8:00:00 PM,01 - Clear,07 - Dark,01 - Dry,01 - Traffic signal,01 - Functioning,03 - P.D. only,03 - Rear end,0
17-4064,MAYVIEW AVE @ MERIVALE RD,364879.03655,5026407.19810,-75.73293158060,45.37503108230,2017-04-29,8:15:00 PM,01 - Clear,05 - Dusk,01 - Dry,02 - Stop sign,01 - Functioning,02 - Non-fatal injury,07 - SMV other,1
17-4065,DRIVEWAY (THE) @ PRINCE OF WALES DR,366883.72432,5028137.29547,-75.70712126360,45.39042333090,2017-04-29,8:48:00 PM,01 - Clear,07 - Dark,01 - Dry,11 - Roundabout,01 - Functioning,03 - P.D. only,07 - SMV other,0
17-4066,EXHIBITION WAY btwn BANK ST & NO NAME,368584.71470,5029109.33280,-75.68527421570,45.39901656690,2017-04-29,9:32:00 PM,01 - Clear,07 - Dark,01 - Dry,10 - No control,,03 - P.D. only,06 - SMV unattended vehicle,0
17-4067,VANIER PKWY SB btwn DONALD ST & QUEEN MARY ST,370300.67631,5032257.20747,-75.66294012660,45.42718148670,2017-04-29,10:13:00 PM,01 - Clear,07 - Dark,01 - Dry,10 - No control,,02 - Non-fatal injury,04 - Sideswipe,0
17-4068,ALERT RD/AIRPORT PKWY/UPLANDS DR RAMP 62 @ LES,371310.87086,5021357.05740,-75.65150006300,45.32901055200,2017-04-29,12:00:00 AM,01 - Clear,07 - Dark,01 - Dry,01 - Traffic signal,01 - Functioning,03 - P.D. only,07 - SMV other,0