COLLISION_ID,LOCATION,X,Y,LONGITUDE,LATITUDE,DATE,TIME,ENVIRONMENT,LIGHT,SURFACE_CONDITION,TRAFFIC_CONTROL,TRAFFIC_CONTROL_CONDITION,COLLISION_CLASSIFICATION,IMPACT_TYPE,NO_OF_PEDESTRIANS
17-4069,LAMING ST @ LARKIN DR,361972.01545,5015625.44840,-75.77128932170,45.27826034530,2017-04-29,11:51:00 PM,01 - Clear,07 - Dark,01 - Dry,02 - Stop sign,00 - Unknown,03 - P.D. only,07 - SMV other,0
17-4070,BESSERER ST @ KING EDWARD AVE,368550.37075,5032340.58210,-75.68529489650,45.42809338120,2017-04-30,3:30:00 AM,01 - Clear,07 - Dark,01 - Dry,01 - Traffic signal,01 - Functioning,03 - P.D. only,02 - Angle,0
17-4071,BANK ST @ MITCH OWENS RD,377760.43794,5015946.79060,-75.57002765520,45.27969053660,2017-04-30,8:21:00 AM,01 - Clear,01 - Daylight,01 - Dry,01 - Traffic signal,01 - Functioning,03 - P.D. only,05 - Turning movement,0
17-4072,WEST HUNT CLUB RD @ WOODROFFE AVE,363671.69434,5021246.48900,-75.74895961190,45.32869804460,2017-04-30,8:35:00 AM,02 - Rain,01 - Daylight,02 - Wet,01 - Traffic signal,01 - Functioning,02 - Non-fatal injury,02 - Angle,0
17-4073,MEADOWLANDS DR/PETER ST @ PERRY ST,364439.28394,5023493.05171,-75.73889736630,45.34884757370,2017-04-30,10:05:00 AM,04 - Freezing Rain,01 - Daylight,02 - Wet,01 - Traffic signal,01 - Functioning,03 - P.D. only,02 - Angle,0
17-4074,WELLINGTON ST    W btwn HAMPTON AVE & ROSS AVE,364480.93001,5029009.55096,-75.73769933770,45.39848059770,2017-04-29,9:20:00 AM,01 - Clear,01 - Daylight,01 - Dry,10 - No control,,03 - P.D. only,06 - SMV unattended vehicle,0
17-4075,METCALFE ST @ WAVERLEY ST,368162.04895,5030859.90679,-75.69044743180,45.41480605560,2017-04-29,3:30:00 PM,01 - Clear,01 - Daylight,01 - Dry,02 - Stop sign,00 - Unknown,03 - P.D. only,05 - Turning movement,0
17-4076,ISLAND PARK DR @ RICHMOND RD,364130.35225,5028868.89459,-75.74219376700,45.39724479430,2017-04-30,11:15:00 AM,02 - Rain,01 - Daylight,02 - Wet,01 - Traffic signal,01 - Functioning,03 - P.D. only,03 - Rear end,0
17-4077,MERIVALE RD @ WOODFIELD DR/ROYDON PL,365462.26240,5022298.11412,-75.72599007490,45.33800795690,2017-04-30,12:12:00 PM,02 - Rain,01 - Daylight,02 - Wet,01 - Traffic signal,01 - Functioning,03 - P.D. only,05 - Turning movement,0
17-4078,PARKDALE AVE @ SCOTT ST,364950.03805,5029727.22870,-75.73162045760,45.40489795940,2017-04-30,12:51:00 PM,02 - Rain,01 - Daylight,02 - Wet,01 - Traffic signal,00 - Unknown,03 - P.D. only,04 - Sideswipe,0
17-4079,RICHMOND RD btwn STEEPLE HILL CRES & PIETY HILL WAY,357436.82834,5014260.17629,-75.82923509660,45.26632955450,2017-04-30,12:54:00 PM,01 - Clear,01 - Daylight,02 - Wet,10 - No control,,02 - Non-fatal injury,07 - SMV other,0
17-4080,MACKENZIE AVE @ RIDEAU ST,367870.70254,5032009.58020,-75.69402231210,45.42517675830,2017-04-30,1:13:00 PM,02 - Rain,01 - Daylight,02 - Wet,01 - Traffic signal,01 - Functioning,03 - P.D. only,02 - Angle,0
17-4081,KENT ST @ MCLEOD ST,367785.70136,5030391.90169,-75.69531520830,45.41062907060,2017-04-30,2:19:00 PM,02 - Rain,01 - Daylight,02 - Wet,02 - Stop sign,01 - Functioning,03 - P.D. only,02 - Angle,0
17-4082,BRIAN COBURN BLVD @ TENTH LINE RD,384428.33890,5035022.30790,-75.48197576030,45.45059377220,2017-04-29,2:30:00 PM,01 - Clear,01 - Daylight,01 - Dry,01 - Traffic signal,01 - Functioning,03 - P.D. only,05 - Turning movement,0
17-4083,TENTH LINE RD btwn 275 N OF DES EPINETTES AVE/FALLINGBROOK SC & DES EP,383536.77271,5037139.75481,-75.49303329100,45.46974567970,2017-04-30,3:42:00 PM,01 - Clear,01 - Daylight,02 - Wet,10 - No control,,02 - Non-fatal injury,03 - Rear end,0
17-4084,CARP RD @ MARCH RD,342166.22754,5021733.17690,-76.02326100310,45.33455194850,2017-04-30,3:52:00 PM,02 - Rain,01 - Daylight,02 - Wet,01 - Traffic signal,01 - Functioning,02 - Non-fatal injury,02 - Angle,0
17-4085,CARLING AVE @ KIRKWOOD AVE S,364352.03495,5027338.21800,-75.73954726510,45.38345323040,2017-04-30,8:18:00 PM,02 - Rain,07 - Dark,02 - Wet,01 - Traffic signal,01 - Functioning,02 - Non-fatal injury,04 - Sideswipe,0
17-4086,COVENTRY RD @ VANIER PKWY,370676.71935,5031612.37190,-75.65822127620,45.42134420940,2017-04-30,9:04:00 PM,01 - Clear,07 - Dark,01 - Dry,01 - Traffic signal,01 - Functioning,03 - P.D. only,04 - Sideswipe,0
17-4087,WEST HUNT CLUB RD btwn MOODIE DR & RICHMOND RD,357328.59044,5018218.68304,-75.83019526560,45.30195692740,2017-05-01,4:47:00 AM,02 - Rain,07 - Dark,02 - Wet,10 - No control,,03 - P.D. only,07 - SMV other,0
17-4088,BRIGHAM WAY btwn HANK RIVERS DR & APPLE HILL DR,372527.38260,5024131.63118,-75.63560257370,45.35385888650,2017-04-30,7:00:00 PM,02 - Rain,05 - Dusk,02 - Wet,10 - No control,,03 - P.D. only,06 - SMV unattended vehicle,0
17-4089,ST. JOSEPH BLVD/OLD MONTREAL RD @ TRIM RD,384682.65139,5039283.68221,-75.47803226680,45.48890454940,2017-05-01,7:05:00 AM,02 - Rain,01 - Daylight,02 - Wet,11 - Roundabout,01 - Functioning,03 - P.D. only,04 - Sideswipe,0
17-4090,ROGER STEVENS DR btwn MONTAGUE BOUNDARY RD & MCKENNA RD,352328.98929,4987516.07087,-75.89686501540,45.02603661820,2017-05-01,12:00:00 AM,01 - Clear,00 - Unknown,01 - Dry,10 - No control,,03 - P.D. only,07 - SMV other,0
17-4091,ST. LAURENT BLVD @ COVENTRY RD/OGILVIE RD,372304.71616,5031952.24350,-75.63737435530,45.42424702280,2017-05-01,7:51:00 AM,02 - Rain,01 - Daylight,02 - Wet,01 - Traffic signal,01 - Functioning,03 - P.D. only,04 - Sideswipe,0
17-4092,BRIAN COBURN BLVD @ TENTH LINE RD,384428.33890,5035022.30790,-75.48197576030,45.45059377220,2017-04-30,8:45:00 PM,02 - Rain,07 - Dark,02 - Wet,01 - Traffic signal,01 - Functioning,03 - P.D. only,05 - Turning movement,0
17-4093,GERRY LALONDE DR btwn BLUESTONE PRIV & BLUESTONE PRIV,384168.23190,5035381.86800,-75.48524260570,45.45385835620,2017-04-30,2:00:00 PM,02 - Rain,01 - Daylight,02 - Wet,10 - No control,,03 - P.D. only,06 - SMV unattended vehicle,0
17-4094,RIVERBANK CRT btwn WINTERGREEN DR & END,350029.66715,5013682.80438,-75.92367387600,45.26164949240,2017-05-01,12:00:00 AM,01 - Clear,00 - Unknown,02 - Wet,10 - No control,,03 - P.D. only,06 - SMV unattended vehicle,0
17-4095,GREENBANK RD @ HWY 417 IC129 RAMP57/IRIS ST,360532.31234,5023311.82510,-75.78877365300,45.34753825120,2017-05-01,10:54:00 AM,02 - Rain,01 - Daylight,02 - Wet,01 - Traffic signal,01 - Functioning,03 - P.D. only,03 - Rear end,0
17-4096,WOODROFFE AVE @ HWY 417 WOODROFF IC127R26/HWY4,362082.35245,5024940.85539,-75.76880570560,45.36207127280,2017-05-01,11:50:00 AM,02 - Rain,01 - Daylight,02 - Wet,01 - Traffic signal,01 - Functioning,03 - P.D. only,03 - Rear end,0
17-4097,INNES RD @ 260 E OF BELCOURT BLVD/WALMART SC,382347.53385,5035399.63510,-75.50851467210,45.45422262590,2017-05-01,12:10:00 PM,02 - Rain,01 - Daylight,02 - Wet,01 - Traffic signal,01 - Functioning,03 - P.D. only,03 - Rear end,0
17-4098,GILMOUR ST btwn BAY ST & LYON ST N,367369.79711,5030522.55253,-75.70061155990,45.41184193450,2017-05-01,12:38:00 PM,02 - Rain,01 - Daylight,02 - Wet,10 - No control,,02 - Non-fatal injury,04 - Sideswipe,0
17-4099,MONTREAL RD @ OGILVIE RD,375655.06945,5034555.24831,-75.59419164780,45.44733599270,2017-05-01,1:12:00 PM,02 - Rain,01 - Daylight,02 - Wet,01 - Traffic signal,01 - Functioning,03 - P.D. only,03 - Rear end,0
17-4100,EAGLESON RD @ PALOMINO DR N,354010.63144,5017577.44680,-75.87256436990,45.29642721590,2017-05-01,1:28:00 PM,02 - Rain,01 - Daylight,02 - Wet,01 - Traffic signal,01 - Functioning,02 - Non-fatal injury,05 - Turning movement,0
17-4101,PARKDALE AVE/SPENCER ST @ OXFORD ST,365060.10390,5029474.30369,-75.73024547060,45.40261273080,2017-04-28,3:00:00 PM,01 - Clear,01 - Daylight,01 - Dry,02 - Stop sign,01 - Functioning,03 - P.D. only,03 - Rear end,0
17-4102,WEST HUNT CLUB RD @ WOODROFFE AVE,363671.69434,5021245.82010,-75.74895969150,45.32869202590,2017-05-01,1:54:00 PM,02 - Rain,01 - Daylight,02 - Wet,01 - Traffic signal,01 - Functioning,03 - P.D. only,05 - Turning movement,0
17-4103,ST. LAURENT BLVD @ COTE ST,371784.91677,5033224.90877,-75.64384287520,45.43574784770,2017-05-01,2:17:00 PM,02 - Rain,01 - Daylight,02 - Wet,01 - Traffic signal,01 - Functioning,03 - P.D. only,03 - Rear end,0
17-4104,WEST HUNT CLUB RD btwn PRINCE OF WALES DR & TURN LANE,367490.34891,5021890.10400,-75.70016722650,45.33415847530,2017-05-01,2:54:00 PM,02 - Rain,01 - Daylight,02 - Wet,10 - No control,,02 - Non-fatal injury,03 - Rear end,0
17-4105,WOODROFFE AVE btwn CARLINGWOOD SC & CARLING AVE,361916.28945,5025868.65499,-75.77081803030,45.37043308630,2017-05-01,3:03:00 PM,02 - Rain,01 - Daylight,02 - Wet,10 - No control,,03 - P.D. only,04 - Sideswipe,0
17-4106,AMIENS ST @ TENTH LINE RD,383352.39345,5037568.22490,-75.49532245940,45.47362142710,2017-05-01,3:35:00 PM,02 - Rain,01 - Daylight,02 - Wet,01 - Traffic signal,01 - Functioning,03 - P.D. only,99 - Other,0
17-4107,RIVERSIDE DR btwn HERON RD & RIVERSIDE DR RAMP 34,368236.46346,5027072.67195,-75.68998381210,45.38072292760,2017-05-01,4:01:00 PM,02 - Rain,01 - Daylight,02 - Wet,10 - No control,,03 - P.D. only,03 - Rear end,0
17-4108,FALLOWFIELD RD @ MOODIE DR,359501.32145,5014637.75069,-75.80288704980,45.26956949000,2017-05-01,4:33:00 PM,02 - Rain,01 - Daylight,02 - Wet,01 - Traffic signal,01 - Functioning,03 - P.D. only,03 - Rear end,0
17-4109,LAUREL ST @ PRESTON ST,366406.36045,5029902.23550,-75.71299671880,45.40634596710,2017-05-01,4:00:00 PM,02 - Rain,01 - Daylight,02 - Wet,02 - Stop sign,00 - Unknown,03 - P.D. only,05 - Turning movement,0
17-4110,DUNDEE AVE btwn ELMHURST ST & HENLEY ST,360487.25364,5024535.60141,-75.78921079050,45.35855333770,2017-05-01,12:00:00 AM,02 - Rain,00 - Unknown,02 - Wet,10 - No control,,03 - P.D. only,06 - SMV unattended vehicle,0
17-4111,MARKETPLACE AVE btwn GREENBANK RD & TRANSITWAY SOUTHWEST,364130.02071,5014669.28731,-75.74390015470,45.26947800330,2017-05-01,5:21:00 PM,02 - Rain,01 - Daylight,02 - Wet,10 - No control,,03 - P.D. only,02 - Angle,0
17-4112,TORCASTLE WAY btwn DALRIADA LANE & DALRIADA LANE,353554.67543,5017171.89822,-75.87841733260,45.29280978340,2017-05-01,5:40:00 PM,01 - Clear,01 - Daylight,01 - Dry,10 - No control,,03 - P.D. only,06 - SMV unattended vehicle,0
17-4113,PLEASANT PARK RD @ ST. LAURENT BLVD,373598.73124,5028796.88769,-75.62128077410,45.39573058450,2017-05-01,5:46:00 PM,02 - Rain,01 - Daylight,02 - Wet,01 - Traffic signal,01 - Functioning,02 - Non-fatal injury,07 - SMV other,1
17-4114,TERRY FOX DR btwn HUNTSVILLE DR & OLD SECOND LINE RD,347868.37391,5020968.18757,-75.95057956440,45.32734153500,2017-05-01,2:48:00 PM,02 - Rain,01 - Daylight,00 - Unknown,10 - No control,,03 - P.D. only,99 - Other,0
17-4115,DEANCOURT CRES btwn BRIARFIELD CRES & BRIARFIELD CRES,383868.33853,5038234.12324,-75.48861742430,45.47955433270,2017-05-01,5:30:00 PM,02 - Rain,01 - Daylight,02 - Wet,10 - No control,,03 - P.D. only,06 - SMV unattended vehicle,0
17-4116,INNES RD @ TENTH LINE RD,383952.09475,5036159.56080,-75.48788039840,45.46087984790,2017-05-01,2:50:00 PM,02 - Rain,01 - Daylight,02 - Wet,01 - Traffic signal,01 - Functioning,02 - Non-fatal injury,03 - Rear end,0
17-4117,TENTH LINE RD btwn TOMPKINS AVE & CANOTIA PL,383230.72616,5037840.58957,-75.49683485110,45.47608559300,2017-05-01,7:20:00 PM,02 - Rain,01 - Daylight,02 - Wet,10 - No control,,03 - P.D. only,04 - Sideswipe,0
17-4118,PRINCE OF WALES DR @ WEST HUNT CLUB RD,367459.04475,5021892.17220,-75.70056631790,45.33417988060,2017-05-01,8:31:00 PM,02 - Rain,05 - Dusk,02 - Wet,01 - Traffic signal,01 - Functioning,03 - P.D. only,99 - Other,0
17-4119,WOODROFFE AVE/HWY 417 WOODROFF IC127R25 @ HWY,362179.34242,5024694.03265,-75.76759641250,45.35984245030,2017-05-01,9:00:00 PM,02 - Rain,05 - Dusk,02 - Wet,01 - Traffic signal,01 - Functioning,03 - P.D. only,03 - Rear end,0
17-4120,KENNEVALE DR @ STRANDHERD DR,361491.52555,5014098.88010,-75.77758741230,45.26456307000,2017-05-01,10:33:00 PM,01 - Clear,07 - Dark,01 - Dry,01 - Traffic signal,01 - Functioning,03 - P.D. only,99 - Other,0
17-4121,HERON RD @ KALADAR AVE,369686.05785,5026805.87539,-75.67151101940,45.37818961740,2017-05-02,7:20:00 AM,01 - Clear,01 - Daylight,01 - Dry,01 - Traffic signal,01 - Functioning,03 - P.D. only,99 - Other,0
17-4122,GOULBURN AVE @ LAURIER AVE,369254.04395,5032349.25180,-75.67630202010,45.42810689640,2017-05-02,7:38:00 AM,01 - Clear,01 - Daylight,01 - Dry,02 - Stop sign,01 - Functioning,03 - P.D. only,02 - Angle,0
17-4123,BANK ST btwn MASON ST & MEADOW DR,377915.47917,5015611.01836,-75.56810117970,45.27665328770,2017-05-02,7:46:00 AM,01 - Clear,01 - Daylight,01 - Dry,10 - No control,,03 - P.D. only,03 - Rear end,0
17-4124,REGIONAL ROAD 174 btwn OR174 IC112 RAMP36 & OR174 IC112 RAMP26,374594.80602,5032687.80268,-75.60800914950,45.43064044160,2017-05-02,8:10:00 AM,01 - Clear,01 - Daylight,01 - Dry,10 - No control,,03 - P.D. only,03 - Rear end,0
17-4125,REGIONAL ROAD 174 btwn OR174 IC112 RAMP36 & OR174 IC112 RAMP26,374577.41472,5032673.75585,-75.60823337700,45.43051579160,2017-05-02,8:10:00 AM,01 - Clear,01 - Daylight,01 - Dry,10 - No control,,03 - P.D. only,03 - Rear end,0
17-4126,CARP RD btwn MARCH RD & JOHN CAVANAUGH DR,342303.35129,5021583.34412,-76.02152291680,45.33319638000,2017-05-02,6:30:00 AM,02 - Rain,01 - Daylight,02 - Wet,10 - No control,,03 - P.D. only,07 - SMV other,0
17-4127,MONTREAL RD @ VANIER PKWY,370073.04425,5033065.59210,-75.66574166180,45.43447627900,2017-05-02,8:16:00 AM,01 - Clear,01 - Daylight,01 - Dry,01 - Traffic signal,01 - Functioning,03 - P.D. only,03 - Rear end,0
17-4128,CARLING AVE @ IROQUOIS RD,362212.68266,5026024.86120,-75.76701624570,45.37181439580,2017-05-02,8:31:00 AM,01 - Clear,01 - Daylight,01 - Dry,01 - Traffic signal,00 - Unknown,03 - P.D. only,04 - Sideswipe,0
17-4129,AIRPORT PKWY btwn RAMP & AIRPORT PKWY (2),370990.76880,5023773.23231,-75.65526002340,45.35078085320,2017-05-02,8:50:00 AM,01 - Clear,01 - Daylight,01 - Dry,10 - No control,,03 - P.D. only,03 - Rear end,0
17-4130,OLD INNES RD @ BANTREE ST,373726.12454,5030352.37480,-75.61943645270,45.40971358980,2017-05-02,9:41:00 AM,01 - Clear,01 - Daylight,01 - Dry,02 - Stop sign,01 - Functioning,03 - P.D. only,03 - Rear end,0
17-4131,ELGIN ST @ SLATER ST,367891.71104,5031645.90620,-75.69380045060,45.42190264740,2017-05-02,10:04:00 AM,01 - Clear,01 - Daylight,01 - Dry,01 - Traffic signal,01 - Functioning,03 - P.D. only,05 - Turning movement,0
17-4132,MARVELVILLE RD @ YORKS CORNERS RD,391167.48425,5007624.36590,-75.40061243160,45.20329300610,2017-05-02,10:18:00 AM,01 - Clear,01 - Daylight,01 - Dry,02 - Stop sign,01 - Functioning,02 - Non-fatal injury,02 - Angle,0
17-4133,COVENTRY RD btwn ST. LAURENT SC WEST & ST. LAURENT BLVD,372265.56535,5031942.57400,-75.63787592080,45.42416379810,2017-05-02,10:23:00 AM,01 - Clear,01 - Daylight,01 - Dry,10 - No control,,03 - P.D. only,03 - Rear end,0
17-4134,WATSON ST btwn FALLIS AVE & ST. STEPHEN'S ST,360102.90649,5024138.68562,-75.79416060600,45.35501232050,2017-04-29,3:00:00 PM,01 - Clear,01 - Daylight,01 - Dry,10 - No control,,03 - P.D. only,06 - SMV unattended vehicle,0
17-4135,ALBERT ST @ KENT ST (OTTAWA),367221.18530,5031320.59250,-75.70240894950,45.41903572700,2017-05-01,4:15:00 PM,01 - Clear,01 - Daylight,01 - Dry,01 - Traffic signal,01 - Functioning,03 - P.D. only,04 - Sideswipe,0
17-4136,VANIER PKWY SB btwn QUEEN MARY ST & PRESLAND RD,370408.59226,5031784.66487,-75.66162411360,45.42291962850,2017-05-01,10:53:00 AM,02 - Rain,01 - Daylight,02 - Wet,10 - No control,,03 - P.D. only,03 - Rear end,0
17-4137,TERREBONNE DR btwn MARYGROVE CIRC & MAITLAND AVE,363980.06855,5024937.40809,-75.74458434990,45.36188261940,2017-05-02,11:12:00 AM,01 - Clear,01 - Daylight,01 - Dry,10 - No control,,03 - P.D. only,06 - SMV unattended vehicle,0
17-4138,REGIONAL ROAD 174 btwn OR174 IC109 RAMP56 & OR174 IC109 RAMP86,376378.90776,5034820.79878,-75.58490067330,45.44965149680,2017-05-02,11:31:00 AM,01 - Clear,01 - Daylight,01 - Dry,10 - No control,,03 - P.D. only,03 - Rear end,0
17-4139,CAMERON ST @ REGIONAL RD 174,389861.77694,5042617.56430,-75.41120741440,45.51828686930,2017-05-02,12:21:00 PM,01 - Clear,01 - Daylight,01 - Dry,01 - Traffic signal,01 - Functioning,03 - P.D. only,03 - Rear end,0
17-4140,CATHERINE ST btwn METCALFE ST & ELGIN ST,368402.73680,5030492.58317,-75.68741996770,45.41147916490,2017-05-02,12:38:00 PM,02 - Rain,01 - Daylight,02 - Wet,10 - No control,,03 - P.D. only,06 - SMV unattended vehicle,0
17-4141,CARLING AVE @ MOODIE DR/JAMES CUMMINGS AVE W,356002.65824,5023938.17980,-75.84650990470,45.35351955260,2017-05-02,12:47:00 PM,01 - Clear,01 - Daylight,01 - Dry,01 - Traffic signal,01 - Functioning,02 - Non-fatal injury,05 - Turning movement,0
17-4142,HAZELDEAN RD @ TERRY FOX DR,352207.27655,5017243.11990,-75.89558779720,45.29354284780,2017-05-02,12:51:00 PM,02 - Rain,01 - Daylight,02 - Wet,01 - Traffic signal,01 - Functioning,03 - P.D. only,03 - Rear end,0
17-4143,HEATHERINGTON RD btwn ALBION RD N & BANNERHILL PRIV,371344.32849,5026269.18266,-75.65041224020,45.37320511480,2017-05-01,12:00:00 AM,02 - Rain,00 - Unknown,02 - Wet,10 - No control,,03 - P.D. only,06 - SMV unattended vehicle,0
17-4144,OLMSTEAD ST btwn GLADU ST & MCARTHUR AVE,370477.91875,5032782.56880,-75.66060524960,45.43189184620,2017-05-02,12:00:00 AM,02 - Rain,07 - Dark,02 - Wet,10 - No control,,03 - P.D. only,06 - SMV unattended vehicle,0
17-4145,LOUISA ST @ PRESTON ST,366524.37154,5029637.89240,-75.71152239560,45.40395708210,2017-05-01,5:30:00 PM,02 - Rain,01 - Daylight,02 - Wet,02 - Stop sign,01 - Functioning,02 - Non-fatal injury,05 - Turning movement,0
17-4146,CAMPEAU DR/HWY 417 MARCH IC138R63 @ MARCH RD,352842.51881,5020477.02619,-75.88717583640,45.32259911510,2017-05-02,1:54:00 PM,02 - Rain,01 - Daylight,02 - Wet,01 - Traffic signal,01 - Functioning,03 - P.D. only,03 - Rear end,0
17-4147,HEATHERSTONE CRES btwn ARIA CRT & SPRINGRIDGE DR,385714.21994,5038681.43983,-75.46493643770,45.48336735690,2017-05-02,2:14:00 PM,01 - Clear,01 - Daylight,02 - Wet,10 - No control,,02 - Non-fatal injury,02 - Angle,1
17-4148,BASELINE RD @ WOODROFFE AVE,362550.02465,5023771.17360,-75.76297313380,45.35150820390,2017-04-29,12:05:00 PM,01 - Clear,01 - Daylight,01 - Dry,01 - Traffic signal,01 - Functioning,03 - P.D. only,03 - Rear end,0
17-4149,SUNNYSIDE AVE btwn CARRAWAY PRIV & SENECA ST,368074.27890,5028184.55961,-75.69191199300,45.39074204740,2017-04-28,11:30:00 AM,01 - Clear,01 - Daylight,01 - Dry,10 - No control,,03 - P.D. only,06 - SMV unattended vehicle,0
17-4150,BOOTH ST @ OTTAWA RIVER PKWY/WELLINGTON ST,366264.57561,5031005.33729,-75.71467025630,45.41628384290,2017-05-02,2:53:00 PM,02 - Rain,01 - Daylight,02 - Wet,01 - Traffic signal,01 - Functioning,02 - Non-fatal injury,05 - Turning movement,0
17-4151,KANATA AVE @ TERRY FOX DR,349305.53305,5019210.24681,-75.93240466970,45.31143343420,2017-05-02,2:55:00 PM,01 - Clear,01 - Daylight,01 - Dry,01 - Traffic signal,01 - Functioning,03 - P.D. only,03 - Rear end,0
17-4152,BELFAST RD @ ST. LAURENT BLVD,372859.05186,5030578.56200,-75.63048119110,45.41183357320,2017-05-02,3:08:00 PM,02 - Rain,01 - Daylight,02 - Wet,01 - Traffic signal,01 - Functioning,03 - P.D. only,04 - Sideswipe,0
17-4153,MONTREAL RD @ VANIER PKWY,370073.04425,5033064.92320,-75.66574175050,45.43447026060,2017-05-02,3:38:00 PM,02 - Rain,01 - Daylight,02 - Wet,01 - Traffic signal,01 - Functioning,03 - P.D. only,03 - Rear end,0
17-4154,HAWTHORNE RD @ HUNT CLUB RD,375508.25940,5026405.51020,-75.59723723560,45.37402394850,2017-05-02,3:50:00 PM,01 - Clear,01 - Daylight,02 - Wet,01 - Traffic signal,01 - Functioning,03 - P.D. only,03 - Rear end,0
17-4155,JAMIE AVE @ SUNDERLAND ST,366065.21260,5022023.52500,-75.71833154480,45.33548485310,2017-05-02,4:04:00 PM,01 - Clear,01 - Daylight,02 - Wet,02 - Stop sign,01 - Functioning,03 - P.D. only,02 - Angle,0
17-4156,BANK ST @ WELLINGTON ST,367258.71034,5031627.90450,-75.70189055950,45.42179747510,2017-05-02,4:09:00 PM,02 - Rain,01 - Daylight,02 - Wet,01 - Traffic signal,01 - Functioning,03 - P.D. only,04 - Sideswipe,0
17-4157,PARKDALE AVE @ SHERWOOD DR,365379.69966,5028746.88279,-75.72625271330,45.39603997910,2017-05-02,4:22:00 PM,02 - Rain,01 - Daylight,02 - Wet,01 - Traffic signal,00 - Unknown,03 - P.D. only,01 - Approaching,0
17-4158,MITCH OWENS RD btwn EMERALD LINKS DR & STAGECOACH RD,374890.39015,5014163.38797,-75.60685719660,45.26393600680,2017-05-02,4:29:00 PM,02 - Rain,01 - Daylight,02 - Wet,10 - No control,,02 - Non-fatal injury,03 - Rear end,0
17-4159,BENLEA DR btwn FOXMEADOW LANE & CARDIGAN DR,363995.54363,5021513.58905,-75.74479660840,45.33107415040,2017-05-02,4:33:00 PM,01 - Clear,01 - Daylight,01 - Dry,10 - No control,,02 - Non-fatal injury,07 - SMV other,0
17-4160,KENNEVALE DR @ STRANDHERD DR,361492.19445,5014098.21121,-75.77757896570,45.26455699720,2017-05-02,4:00:00 PM,01 - Clear,01 - Daylight,01 - Dry,01 - Traffic signal,01 - Functioning,03 - P.D. only,03 - Rear end,0
17-4161,ANDERSON ST @ PRESTON ST,366360.36785,5030007.91459,-75.71357100890,45.40730088600,2017-05-02,5:03:00 PM,01 - Clear,01 - Daylight,01 - Dry,02 - Stop sign,01 - Functioning,03 - P.D. only,06 - SMV unattended vehicle,0
17-4162,WEST HUNT CLUB RD EB btwn 545 E OF ROYDON PL/SUNDERLAND ST & ANTARES D,367041.15612,5022178.49167,-75.70586141290,45.33679332580,2017-05-02,5:07:00 PM,01 - Clear,01 - Daylight,01 - Dry,10 - No control,,03 - P.D. only,03 - Rear end,0
17-4163,MAITLAND AVE @ WOODWARD DR,363272.69126,5025662.52740,-75.75352722250,45.36846651750,2017-05-02,5:15:00 PM,01 - Clear,01 - Daylight,02 - Wet,01 - Traffic signal,01 - Functioning,02 - Non-fatal injury,03 - Rear end,0
17-4164,SPENCER ST btwn HAMILTON AVE N & PARKDALE AVE,365057.80896,5029464.80204,-75.73027594370,45.40252743420,2017-05-02,5:16:00 PM,01 - Clear,01 - Daylight,01 - Dry,10 - No control,,03 - P.D. only,04 - Sideswipe,0
17-4165,BASELINE RD @ MERIVALE RD,365054.18690,5025326.53390,-75.73082733870,45.36529241220,2017-05-02,5:38:00 PM,01 - Clear,01 - Daylight,01 - Dry,01 - Traffic signal,01 - Functioning,03 - P.D. only,03 - Rear end,0
17-4166,CHESTERTON DR @ MEADOWLANDS DR,365102.03805,5024010.17670,-75.73037715090,45.35344392010,2017-05-02,5:41:00 PM,01 - Clear,01 - Daylight,02 - Wet,01 - Traffic signal,00 - Unknown,03 - P.D. only,03 - Rear end,0
17-4167,BELCOURT BLVD @ ST. JOSEPH BLVD,381205.07465,5037359.93439,-75.52281477260,45.47198564480,2017-05-02,6:01:00 PM,01 - Clear,01 - Daylight,02 - Wet,01 - Traffic signal,01 - Functioning,03 - P.D. only,05 - Turning movement,0
17-4168,GLADEVIEW PRIV btwn MAPLE PARK PRIV & END (2),373541.92775,5025188.56655,-75.62250856600,45.36327004850,2017-05-02,6:03:00 PM,02 - Rain,01 - Daylight,02 - Wet,10 - No control,,03 - P.D. only,01 - Approaching,0
17-4169,HERON RD btwn FINN CRT & BAYCREST DR,370967.55718,5026960.26547,-75.65512944730,45.37945891360,2017-05-02,6:02:00 PM,02 - Rain,01 - Daylight,02 - Wet,10 - No control,,03 - P.D. only,05 - Turning movement,0
17-4170,BLACKBURN BYPASS @ INNES RD W,377186.86555,5032175.02110,-75.57496177190,45.42576327210,2017-05-02,6:19:00 PM,02 - Rain,01 - Daylight,02 - Wet,01 - Traffic signal,01 - Functioning,03 - P.D. only,03 - Rear end,0
17-4171,GROVEMONT DR btwn YORKWOOD PL & AQUAPASS PL,366577.95207,5014767.66659,-75.71269445730,45.27015244370,2017-04-30,12:00:00 AM,02 - Rain,00 - Unknown,02 - Wet,10 - No control,,03 - P.D. only,06 - SMV unattended vehicle,0
17-4172,RICHMOND RD btwn TURN LANE & HWY416 IC75A RAMP53,358574.74033,5021686.82975,-75.81392993930,45.33306929640,2017-05-02,7:00:00 PM,02 - Rain,01 - Daylight,02 - Wet,10 - No control,,03 - P.D. only,03 - Rear end,0