COLLISION_ID,LOCATION,X,Y,LONGITUDE,LATITUDE,DATE,TIME,ENVIRONMENT,LIGHT,SURFACE_CONDITION,TRAFFIC_CONTROL,TRAFFIC_CONTROL_CONDITION,COLLISION_CLASSIFICATION,IMPACT_TYPE,NO_OF_PEDESTRIANS
17-4173,PARENT AVE @ ST. PATRICK ST,367822.23778,5032555.25431,-75.69457175220,45.43009091600,2017-05-02,7:14:00 PM,01 - Clear,01 - Daylight,01 - Dry,01 - Traffic signal,01 - Functioning,03 - P.D. only,04 - Sideswipe,0
17-4174,BRONSON AVE @ IMPERIAL AVE/PLYMOUTH ST,367318.70271,5029643.55165,-75.70137574160,45.40393751100,2017-05-02,7:42:00 PM,02 - Rain,01 - Daylight,02 - Wet,10 - No control,,02 - Non-fatal injury,07 - SMV other,1
17-4175,ST. JOSEPH BLVD/OLD MONTREAL RD @ TRIM RD,384681.20485,5039284.35421,-75.47805066010,45.48891076090,2017-05-02,9:29:00 PM,02 - Rain,07 - Dark,02 - Wet,11 - Roundabout,01 - Functioning,03 - P.D. only,04 - Sideswipe,0
17-4176,BANK ST @ HERON RD,369996.05445,5026852.87999,-75.66754708060,45.37858377220,2017-05-02,11:17:00 PM,01 - Clear,07 - Dark,02 - Wet,01 - Traffic signal,01 - Functioning,02 - Non-fatal injury,02 - Angle,0
17-4177,KING EDWARD AVE @ RIDEAU ST,368512.04165,5032415.59589,-75.68577497330,45.42877182070,2017-05-03,1:15:00 AM,01 - Clear,07 - Dark,01 - Dry,01 - Traffic signal,01 - Functioning,02 - Non-fatal injury,07 - SMV other,0
17-4178,MANOTICK MAIN ST btwn CURRIER ST & EASTMAN AVE,369063.59119,5009614.58007,-75.68168641230,45.22356266420,2017-05-03,1:21:00 AM,01 - Clear,07 - Dark,01 - Dry,10 - No control,,03 - P.D. only,06 - SMV unattended vehicle,0
17-4179,BARNSDALE RD btwn GREENBANK RD & PRINCE OF WALES DR,365842.22797,5011062.98092,-75.72252473850,45.23688194590,2017-05-03,2:27:00 AM,01 - Clear,07 - Dark,01 - Dry,10 - No control,,03 - P.D. only,07 - SMV other,0
17-4180,CAMBRIAN RD/GOLFLINKS DR W @ LONGFIELDS DR,365383.14844,5013223.00509,-75.72810815580,45.25635753500,2017-05-03,7:32:00 AM,01 - Clear,01 - Daylight,01 - Dry,11 - Roundabout,01 - Functioning,03 - P.D. only,03 - Rear end,0
17-4181,ELGIN ST @ SOMERSET ST,368163.70526,5031198.57190,-75.69038272620,45.41785310170,2017-05-03,8:36:00 AM,01 - Clear,01 - Daylight,01 - Dry,01 - Traffic signal,01 - Functioning,02 - Non-fatal injury,07 - SMV other,1
17-4182,RICHMOND RD btwn WEST HUNT CLUB RD & STONEHAVEN DR,357121.90148,5018036.74324,-75.83284982690,45.30033523270,2017-05-03,9:23:00 AM,01 - Clear,01 - Daylight,01 - Dry,10 - No control,,02 - Non-fatal injury,03 - Rear end,0
17-4183,RIVERSIDE DR @ WALKLEY RD,368419.72724,5024853.52930,-75.68792977280,45.36073905360,2017-05-03,10:12:00 AM,01 - Clear,01 - Daylight,01 - Dry,01 - Traffic signal,01 - Functioning,03 - P.D. only,03 - Rear end,0
17-4184,BASELINE RD/HERON RD @ PRINCE OF WALES DR,366873.74207,5026438.38350,-75.70746235930,45.37513781660,2017-05-03,10:36:00 AM,01 - Clear,01 - Daylight,01 - Dry,01 - Traffic signal,01 - Functioning,02 - Non-fatal injury,03 - Rear end,0
17-4185,MAITLAND AVE @ WOODWARD DR,363273.36015,5025663.19630,-75.75351860480,45.36847248040,2017-05-03,10:52:00 AM,01 - Clear,01 - Daylight,01 - Dry,01 - Traffic signal,01 - Functioning,03 - P.D. only,99 - Other,0
17-4186,INNES RD @ PROVENCE AVE,386109.18536,5037083.29120,-75.46014934500,45.46894294230,2017-05-03,11:03:00 AM,01 - Clear,01 - Daylight,01 - Dry,01 - Traffic signal,01 - Functioning,03 - P.D. only,03 - Rear end,0
17-4187,ALPINE AVE @ CARLING AVE,360497.01145,5024942.51890,-75.78904039420,45.36221399080,2017-05-03,10:50:00 AM,01 - Clear,01 - Daylight,01 - Dry,01 - Traffic signal,01 - Functioning,03 - P.D. only,02 - Angle,0
17-4188,EAGLESON RD @ HWY 417 EAGLESO IC138R51/PARK AN,353036.17776,5020014.45680,-75.88475074140,45.31842354300,2017-05-03,2:13:00 PM,01 - Clear,01 - Daylight,01 - Dry,01 - Traffic signal,00 - Unknown,03 - P.D. only,07 - SMV other,0
17-4189,DUNROBIN RD btwn MARCH RD & RIDDELL DR,347176.94194,5026201.32225,-75.95895123800,45.37447277880,2017-04-30,9:30:00 PM,01 - Clear,07 - Dark,01 - Dry,10 - No control,,03 - P.D. only,07 - SMV other,0
17-4190,KENT ST @ MACLAREN ST,367573.71364,5030741.23001,-75.69797873890,45.41379126530,2017-05-03,2:32:00 PM,01 - Clear,01 - Daylight,01 - Dry,02 - Stop sign,01 - Functioning,02 - Non-fatal injury,02 - Angle,0
17-4191,BASELINE RD btwn 180 E OF CEDARVIEW RD & JOHN SUTHERLAND DR/VALLEY STR,359235.53628,5021747.98732,-75.80549324970,45.33356864470,2017-05-03,12:50:00 PM,01 - Clear,01 - Daylight,01 - Dry,10 - No control,,03 - P.D. only,03 - Rear end,0
17-4192,BELFAST RD @ ST. LAURENT BLVD,372860.72356,5030578.56217,-75.63045983600,45.41183341240,2017-05-03,3:26:00 PM,01 - Clear,01 - Daylight,01 - Dry,01 - Traffic signal,01 - Functioning,03 - P.D. only,03 - Rear end,0
17-4193,LAURIER AVE @ NICHOLAS ST,368373.97145,5031797.60100,-75.68761906610,45.42322388510,2017-05-03,3:26:00 PM,01 - Clear,01 - Daylight,01 - Dry,01 - Traffic signal,01 - Functioning,03 - P.D. only,03 - Rear end,0
17-4194,GLOUCESTER ST btwn BRONSON AVE & PERCY ST,366878.27755,5030819.94856,-75.70685312200,45.41456159160,2017-05-03,3:28:00 PM,01 - Clear,01 - Daylight,01 - Dry,10 - No control,,03 - P.D. only,99 - Other,0
17-4195,HUNT CLUB RD @ BRIDLE PATH DR/DAZE ST,371292.73224,5023864.50380,-75.65139445610,45.35157352010,2017-05-03,3:39:00 PM,01 - Clear,01 - Daylight,01 - Dry,01 - Traffic signal,01 - Functioning,03 - P.D. only,03 - Rear end,0
17-4196,COLONNADE RD @ PRINCE OF WALES DR,367395.71494,5023265.84720,-75.70120043830,45.34654560210,2017-05-03,4:24:00 PM,01 - Clear,01 - Daylight,01 - Dry,01 - Traffic signal,01 - Functioning,03 - P.D. only,03 - Rear end,0
17-4197,IRIS ST @ TRANSITWAY,362011.33445,5024240.00000,-75.76979328010,45.35577082710,2017-05-03,5:05:00 PM,01 - Clear,01 - Daylight,01 - Dry,01 - Traffic signal,01 - Functioning,02 - Non-fatal injury,02 - Angle,0
17-4198,REGIONAL ROAD 174 EB btwn HWY417 IC113 RAMP65 & OR174 BLAIR IC112 RAMP51,374820.22408,5032833.62207,-75.60510788100,45.43192991120,2017-05-03,5:47:00 PM,01 - Clear,01 - Daylight,01 - Dry,10 - No control,,03 - P.D. only,03 - Rear end,0
17-4199,BARRETTE ST @ ST. CHARLES ST,369469.71116,5033731.94409,-75.67336454060,45.44052790260,2017-05-03,7:02:00 PM,01 - Clear,01 - Daylight,01 - Dry,02 - Stop sign,01 - Functioning,03 - P.D. only,02 - Angle,0
17-4200,CONROY RD @ ST. LAURENT BLVD,373069.63305,5027161.30859,-75.62826404690,45.38106613610,2017-05-03,7:07:00 PM,01 - Clear,01 - Daylight,01 - Dry,01 - Traffic signal,01 - Functioning,03 - P.D. only,02 - Angle,0
17-4201,PARKDALE AVE @ SHERWOOD DR,365380.36855,5028746.21390,-75.72624425280,45.39603390260,2017-05-03,7:39:00 PM,01 - Clear,01 - Daylight,01 - Dry,01 - Traffic signal,01 - Functioning,03 - P.D. only,02 - Angle,0
17-4202,KENT ST btwn LISGAR ST & COOPER ST,367444.72521,5030951.52907,-75.69959985130,45.41569503070,2017-05-03,11:16:00 PM,01 - Clear,07 - Dark,01 - Dry,10 - No control,,02 - Non-fatal injury,07 - SMV other,1
17-4203,AMBLESIDE DR @ NEW ORCHARD AVE,361267.76892,5026282.13875,-75.77904951270,45.37420613580,2017-05-04,7:56:00 AM,01 - Clear,01 - Daylight,01 - Dry,03 - Yield sign,01 - Functioning,03 - P.D. only,02 - Angle,0
17-4204,REGIONAL ROAD 174 btwn OR174 IC105 RAMP16 & OR174 IC105 RAMP26,378998.77511,5036794.04417,-75.55111380340,45.46713208650,2017-05-04,7:59:00 AM,01 - Clear,01 - Daylight,01 - Dry,10 - No control,,03 - P.D. only,04 - Sideswipe,0
17-4205,MONTREAL RD @ SHEFFORD RD,376126.06495,5034852.90580,-75.58812806980,45.44996622470,2017-05-04,8:03:00 AM,01 - Clear,01 - Daylight,01 - Dry,01 - Traffic signal,01 - Functioning,03 - P.D. only,04 - Sideswipe,0
17-4206,DALY AVE @ KING EDWARD AVE,368592.04205,5032275.59239,-75.68477082560,45.42750482800,2017-05-04,8:58:00 AM,01 - Clear,01 - Daylight,01 - Dry,02 - Stop sign,01 - Functioning,03 - P.D. only,02 - Angle,0
17-4207,GREENBANK RD @ JOCKVALE RD,364122.02225,5014332.41999,-75.74404231480,45.26644754010,2017-05-04,10:10:00 AM,01 - Clear,01 - Daylight,01 - Dry,01 - Traffic signal,01 - Functioning,03 - P.D. only,04 - Sideswipe,0
17-4208,REGIONAL ROAD 174 btwn TRANSIT & OR174 IC105 RAMP51,378531.83011,5036503.27025,-75.55712810120,45.46456536220,2017-05-04,10:47:00 AM,01 - Clear,01 - Daylight,01 - Dry,10 - No control,,02 - Non-fatal injury,07 - SMV other,0
17-4209,ST. JOSEPH BLVD btwn COUSINEAU ST & DUSSERE ST,380712.02444,5037033.39775,-75.52917018540,45.46910150170,2017-05-04,10:52:00 AM,01 - Clear,01 - Daylight,01 - Dry,10 - No control,,03 - P.D. only,02 - Angle,0
17-4210,CARLING AVE WB btwn CROYDON AVE & TAVISTOCK RD,360681.73871,5025058.97093,-75.78666940870,45.36324711930,2017-05-04,10:53:00 AM,01 - Clear,01 - Daylight,01 - Dry,10 - No control,,03 - P.D. only,05 - Turning movement,0
17-4211,SIXTH LINE RD btwn TORWOOD DR & BESSBOROUGH LANE,345569.34641,5034057.19518,-75.97882566900,45.44525691350,2017-05-04,12:53:00 PM,01 - Clear,01 - Daylight,01 - Dry,10 - No control,,03 - P.D. only,07 - SMV other,0
17-4212,ADIRONDACK DR @ WOODROFFE AVE,362457.68531,5024005.51216,-75.76412417840,45.35362436300,2017-05-04,1:31:00 PM,01 - Clear,01 - Daylight,01 - Dry,02 - Stop sign,01 - Functioning,03 - P.D. only,03 - Rear end,0
17-4213,BRANTHAVEN ST btwn MONACO PL & ST. ALEXI WALK,384628.26247,5034915.86184,-75.47943747870,45.44961326080,2017-05-04,2:04:00 PM,01 - Clear,01 - Daylight,02 - Wet,10 - No control,,03 - P.D. only,06 - SMV unattended vehicle,0
17-4214,DYNES RD @ PRINCE OF WALES DR,367115.04855,5025923.53260,-75.70444668920,45.37048388980,2017-05-04,2:41:00 PM,01 - Clear,01 - Daylight,01 - Dry,01 - Traffic signal,01 - Functioning,03 - P.D. only,03 - Rear end,0
17-4215,HAIG DR @ SMYTH RD,372564.39045,5029299.21730,-75.63442116490,45.40035119330,2017-05-04,4:19:00 PM,01 - Clear,01 - Daylight,01 - Dry,01 - Traffic signal,01 - Functioning,02 - Non-fatal injury,05 - Turning movement,0
17-4216,KING EDWARD AVE @ LAURIER AVE,368739.37275,5032035.92039,-75.68291932180,45.42533489410,2017-05-04,4:25:00 PM,01 - Clear,01 - Daylight,01 - Dry,01 - Traffic signal,01 - Functioning,03 - P.D. only,03 - Rear end,0
17-4217,REGIONAL ROAD 174 btwn RAMP & TRIM RD,384201.01718,5039863.91930,-75.48409915100,45.49417991830,2017-05-04,4:28:00 PM,01 - Clear,01 - Daylight,01 - Dry,10 - No control,,03 - P.D. only,06 - SMV unattended vehicle,0
17-4218,CANAAN RD @ REGIONAL RD 174,395771.48155,5043414.22000,-75.33543041510,45.52470803130,2017-05-04,4:45:00 PM,01 - Clear,01 - Daylight,01 - Dry,01 - Traffic signal,01 - Functioning,03 - P.D. only,03 - Rear end,0
17-4219,CARLING AVE WB btwn COLE AVE & CHURCHILL AVE N,363637.69576,5026926.99951,-75.74871727140,45.37981351300,2017-05-04,4:47:00 PM,01 - Clear,01 - Daylight,01 - Dry,10 - No control,,03 - P.D. only,04 - Sideswipe,0
17-4220,RIVERSIDE DR btwn 175 S OF HUNT CLUB  RD & HUNT CLUB RD,368033.02407,5021799.01021,-75.69325584760,45.33329013880,2017-05-04,4:47:00 PM,02 - Rain,01 - Daylight,02 - Wet,10 - No control,,03 - P.D. only,99 - Other,0
17-4221,BRIDLE PATH DR @ EQUUS WAY E/HUNTER'S POINT CR,371621.31823,5023533.30760,-75.64724613560,45.34856229270,2017-05-04,5:04:00 PM,01 - Clear,01 - Daylight,01 - Dry,02 - Stop sign,00 - Unknown,03 - P.D. only,03 - Rear end,0
17-4222,MONTREAL RD btwn OGILVIE RD & LAPORTE ST,375673.79855,5034568.62623,-75.59395031870,45.44745446010,2017-05-04,5:36:00 PM,01 - Clear,01 - Daylight,01 - Dry,10 - No control,,03 - P.D. only,02 - Angle,0
17-4223,PINEWOOD CRES btwn HARWOOD AVE & HENLEY ST,360323.31001,5024063.05223,-75.79135627270,45.35431435530,2017-04-28,1:00:00 PM,01 - Clear,01 - Daylight,01 - Dry,10 - No control,,03 - P.D. only,04 - Sideswipe,0
17-4224,TERRY FOX DR S @ DIDSBURY RD/CENTRUM KANATA SC,350622.99766,5018915.83277,-75.91563065220,45.30869948750,2017-05-04,8:33:00 PM,02 - Rain,05 - Dusk,02 - Wet,01 - Traffic signal,01 - Functioning,03 - P.D. only,05 - Turning movement,0
17-4225,BLAIR RD @ REGIONAL RD 174 N/OR174 IC112 RAMP61,374634.27090,5032990.81271,-75.60746186720,45.43336281910,2017-05-04,9:21:00 PM,02 - Rain,07 - Dark,02 - Wet,01 - Traffic signal,01 - Functioning,03 - P.D. only,05 - Turning movement,0
17-4226,BRONSON AVE @ IMPERIAL AVE/PLYMOUTH ST,367317.69996,5029644.88949,-75.70138837940,45.40394963760,2017-05-04,9:43:00 PM,02 - Rain,07 - Dark,02 - Wet,10 - No control,00 - Unknown,03 - P.D. only,05 - Turning movement,0
17-4227,ST. JOSEPH BLVD @ JEANNE D'ARC BLVD,379862.41474,5036470.91200,-75.54012010240,45.46413251720,2017-05-04,9:50:00 PM,02 - Rain,07 - Dark,02 - Wet,11 - Roundabout,01 - Functioning,03 - P.D. only,03 - Rear end,0
17-4228,PRINCE OF WALES DR @ WEST HUNT CLUB RD,367459.71364,5021891.50330,-75.70055787060,45.33417380230,2017-05-05,6:46:00 AM,02 - Rain,01 - Daylight,02 - Wet,01 - Traffic signal,01 - Functioning,02 - Non-fatal injury,03 - Rear end,0
17-4229,LEITRIM RD btwn FENTON RD & BANK ST,375330.66390,5021584.71449,-75.60019204750,45.33066646530,2017-05-05,8:01:00 AM,02 - Rain,01 - Daylight,02 - Wet,10 - No control,,02 - Non-fatal injury,03 - Rear end,0
17-4230,LEMIEUX ST @ ST. LAURENT BLVD,372392.72804,5031743.90219,-75.63627839030,45.42236396640,2017-05-05,8:30:00 AM,02 - Rain,01 - Daylight,02 - Wet,01 - Traffic signal,01 - Functioning,03 - P.D. only,04 - Sideswipe,0
17-4231,ALBION RD btwn HIGH RD/EARL ARMSTRONG RD & 210 S OF HIGH RD/EARL ARMST,374669.15830,5017633.84762,-75.60918742420,45.29518415320,2017-05-05,8:56:00 AM,02 - Rain,01 - Daylight,02 - Wet,10 - No control,,03 - P.D. only,07 - SMV other,0
17-4232,BASELINE RD @ CLYDE AVE,364359.70664,5024891.85069,-75.73974430370,45.36144054900,2017-05-05,9:22:00 AM,02 - Rain,01 - Daylight,02 - Wet,01 - Traffic signal,01 - Functioning,03 - P.D. only,02 - Angle,0
17-4233,SWALE RD btwn DEVEREAUX RD & SPRINGHILL RD,381246.08825,5005601.18720,-75.52719447130,45.18623501160,2017-06-05,8:40:00 PM,01 - Clear,05 - Dusk,01 - Dry,10 - No control,,03 - P.D. only,07 - SMV other,0
17-4234,EAGLESON RD @ 240 N OF CADENCE GT/LOBLAWS SC,354526.42551,5016263.41355,-75.86612012140,45.28456694780,2017-05-05,9:48:00 AM,02 - Rain,01 - Daylight,02 - Wet,01 - Traffic signal,01 - Functioning,03 - P.D. only,05 - Turning movement,0
17-4235,ALBERT ST @ ELGIN ST/MACKENZIE KING BRIDGE,367851.04605,5031711.58140,-75.69431161830,45.42249723720,2017-05-05,9:55:00 AM,02 - Rain,01 - Daylight,02 - Wet,01 - Traffic signal,01 - Functioning,02 - Non-fatal injury,04 - Sideswipe,0
17-4236,LAURIER AVE @ QUEEN ELIZABETH DRWY/LAURIER AVE,368076.57419,5031625.24654,-75.69144111840,45.42170006190,2017-05-05,10:22:00 AM,02 - Rain,01 - Daylight,02 - Wet,01 - Traffic signal,01 - Functioning,03 - P.D. only,04 - Sideswipe,0
17-4237,KNOXDALE RD @ NEWHAVEN ST,362539.19640,5021326.50770,-75.76339661610,45.32951213280,2017-05-05,10:24:00 AM,02 - Rain,01 - Daylight,02 - Wet,02 - Stop sign,01 - Functioning,03 - P.D. only,05 - Turning movement,0
17-4238,BASELINE RD @ ROCKWAY CRES,361184.59429,5022932.37371,-75.78049348660,45.34407182500,2017-05-05,10:23:00 AM,02 - Rain,01 - Daylight,02 - Wet,02 - Stop sign,01 - Functioning,03 - P.D. only,02 - Angle,0
17-4239,HUNTMAR DR btwn PALLADIUM DR & MAPLE GROVE RD,350239.84580,5016745.56042,-75.92071553440,45.28919563650,2017-05-02,4:10:00 PM,02 - Rain,01 - Daylight,02 - Wet,10 - No control,,03 - P.D. only,04 - Sideswipe,0
17-4240,BREWER RD @ BRONSON AVE,368110.05044,5027766.43590,-75.69150883380,45.38697665730,2017-05-05,10:50:00 AM,02 - Rain,01 - Daylight,02 - Wet,01 - Traffic signal,01 - Functioning,03 - P.D. only,03 - Rear end,0
17-4241,ST. LAURENT BLVD btwn MCARTHUR AVE & DONALD ST,372012.92264,5032688.40932,-75.64100222330,45.43089879930,2017-05-05,11:17:00 AM,02 - Rain,01 - Daylight,02 - Wet,10 - No control,,02 - Non-fatal injury,03 - Rear end,0
17-4242,BANK ST btwn RIDEAU RD & TURN LANE,377149.51281,5017382.48821,-75.57760429860,45.29267151280,2017-05-05,11:27:00 AM,02 - Rain,01 - Daylight,02 - Wet,10 - No control,,03 - P.D. only,03 - Rear end,0
17-4243,RIVERSIDE DR @ TREMBLAY RD/HWY417 IC117 RAMP52,370803.08144,5031015.90790,-75.65668668490,45.41596556210,2017-05-05,12:22:00 PM,02 - Rain,01 - Daylight,02 - Wet,01 - Traffic signal,01 - Functioning,03 - P.D. only,02 - Angle,0
17-4244,BANK ST @ HERON RD,369995.21050,5026849.50419,-75.66755830180,45.37855347640,2017-05-05,12:31:00 PM,02 - Rain,01 - Daylight,02 - Wet,01 - Traffic signal,01 - Functioning,03 - P.D. only,04 - Sideswipe,0
17-4245,JOHN SUTHERLAND DR @ RICHMOND RD,358788.33714,5022151.83179,-75.81115429390,45.33723700430,2017-05-05,12:42:00 PM,02 - Rain,01 - Daylight,02 - Wet,01 - Traffic signal,01 - Functioning,03 - P.D. only,03 - Rear end,0
17-4246,WEST HUNT CLUB RD @ CLEOPATRA DR/LANCELOT DR,365237.37224,5021731.82510,-75.72892841920,45.33293196520,2017-05-05,12:45:00 PM,02 - Rain,01 - Daylight,02 - Wet,01 - Traffic signal,01 - Functioning,03 - P.D. only,03 - Rear end,0
17-4247,DEAKIN ST @ PRINCE OF WALES DR,367390.20160,5021524.50680,-75.70149105890,45.33087783580,2017-05-05,1:49:00 PM,02 - Rain,01 - Daylight,02 - Wet,01 - Traffic signal,01 - Functioning,03 - P.D. only,03 - Rear end,0
17-4248,BANK ST @ DAVIDSON RD/LESTER RD,373671.91272,5022924.56427,-75.62116486630,45.34288668720,2017-05-05,2:25:00 PM,02 - Rain,01 - Daylight,02 - Wet,01 - Traffic signal,01 - Functioning,02 - Non-fatal injury,02 - Angle,0
17-4249,PARKDALE AVE btwn SCOTT ST & BULLMAN ST,364963.41597,5029688.43271,-75.73145431220,45.40454773200,2017-05-05,2:26:00 PM,02 - Rain,01 - Daylight,02 - Wet,10 - No control,,03 - P.D. only,02 - Angle,0
17-4250,FIFTH AVE btwn CRAIG ST & MORRIS ST,368012.89122,5029170.23977,-75.69256961120,45.39961645170,2017-05-05,12:00:00 AM,02 - Rain,00 - Unknown,02 - Wet,10 - No control,,03 - P.D. only,06 - SMV unattended vehicle,0
17-4251,RICHMOND RD @ STONEHAVEN DR,356781.97555,5015892.77479,-75.83740856050,45.28106868940,2017-05-05,2:39:00 PM,02 - Rain,01 - Daylight,02 - Wet,01 - Traffic signal,01 - Functioning,02 - Non-fatal injury,03 - Rear end,0
17-4252,CARP RD @ HAZELDEAN RD,348806.24814,5014360.43620,-75.93920215040,45.26782467480,2017-05-05,3:49:00 PM,02 - Rain,01 - Daylight,02 - Wet,01 - Traffic signal,01 - Functioning,02 - Non-fatal injury,03 - Rear end,0
17-4253,BANK ST @ LEITRIM RD,375356.75086,5021620.83489,-75.59985413060,45.33098883960,2017-05-05,3:54:00 PM,02 - Rain,01 - Daylight,02 - Wet,01 - Traffic signal,01 - Functioning,03 - P.D. only,03 - Rear end,0
17-4254,VICTORIA ST btwn CAROLINE ST & GLENWOOD DR,385656.17858,5011291.43947,-75.47015958550,45.23694093360,2017-05-05,3:59:00 PM,02 - Rain,01 - Daylight,02 - Wet,10 - No control,,03 - P.D. only,03 - Rear end,0
17-4255,AIRPORT PKWY @ HUNT CLUB RD,371018.86245,5023703.66710,-75.65491084070,45.35015227490,2017-05-05,4:14:00 PM,02 - Rain,01 - Daylight,02 - Wet,01 - Traffic signal,01 - Functioning,02 - Non-fatal injury,03 - Rear end,0
17-4256,PARKDALE AVE WB ON RAMP/OTTAWA RIVER PKWY btwn PARKDALE AVE & OTTAWA R,364661.98531,5030406.55389,-75.73521733840,45.41103506990,2017-05-05,4:21:00 PM,02 - Rain,01 - Daylight,02 - Wet,10 - No control,,02 - Non-fatal injury,03 - Rear end,0
17-4257,ROYDON PL btwn WOODFIELD DR & WEST HUNT CLUB RD,365912.56324,5022272.56689,-75.72024822560,45.33773900870,2017-05-05,12:15:00 PM,02 - Rain,01 - Daylight,02 - Wet,10 - No control,,03 - P.D. only,02 - Angle,0
17-4258,PARKDALE AVE @ GLADSTONE AVE,365215.02946,5029117.89220,-75.72831031210,45.39939246730,2017-05-05,4:53:00 PM,01 - Clear,01 - Daylight,02 - Wet,01 - Traffic signal,01 - Functioning,03 - P.D. only,02 - Angle,0
17-4259,KENT ST btwn LAURIER AVE W & GLOUCESTER ST,367331.08027,5031139.17054,-75.70102791880,45.41739353510,2017-05-05,12:00:00 AM,02 - Rain,00 - Unknown,02 - Wet,10 - No control,,03 - P.D. only,06 - SMV unattended vehicle,0
17-4260,KINGSLEY RD btwn GATEWAY RD & ELMIRA DR,361642.97990,5024205.77795,-75.77449826350,45.35549285810,2017-05-02,5:00:00 AM,01 - Clear,07 - Dark,01 - Dry,10 - No control,,02 - Non-fatal injury,07 - SMV other,1
17-4261,HERON RD WB btwn RIVERSIDE DR & BRONSON AVE RAMP 36,368288.66343,5026667.28799,-75.68936946680,45.37707066550,2017-05-05,6:14:00 PM,01 - Clear,01 - Daylight,01 - Dry,10 - No control,,03 - P.D. only,03 - Rear end,0
17-4262,BELFAST RD @ ST. LAURENT BLVD,372861.05855,5030578.56200,-75.63045555660,45.41183337800,2017-05-05,6:31:00 PM,02 - Rain,01 - Daylight,02 - Wet,01 - Traffic signal,01 - Functioning,02 - Non-fatal injury,03 - Rear end,0
17-4263,O'CONNOR ST @ SOMERSET ST,367856.04455,5031013.24280,-75.69433712330,45.41621336530,2017-05-05,6:31:00 PM,02 - Rain,01 - Daylight,02 - Wet,01 - Traffic signal,01 - Functioning,03 - P.D. only,05 - Turning movement,0
17-4264,BEAUSEJOUR DR btwn CHAMPNEUF DR & KINDERSLEY AVE,381596.41750,5036153.07400,-75.51799898890,45.46108439950,2017-05-04,12:00:00 AM,02 - Rain,00 - Unknown,02 - Wet,10 - No control,,03 - P.D. only,06 - SMV unattended vehicle,0
17-4265,PARKDALE AVE btwn FOSTER ST & TYNDALL ST,365260.02167,5029021.58766,-75.72774747750,45.39852205710,2017-05-05,7:01:00 PM,02 - Rain,01 - Daylight,02 - Wet,10 - No control,,03 - P.D. only,04 - Sideswipe,0
17-4266,CYRVILLE RD @ INNES RD,375048.05915,5031119.56420,-75.60244083770,45.41648491420,2017-05-05,7:21:00 PM,02 - Rain,01 - Daylight,02 - Wet,01 - Traffic signal,01 - Functioning,03 - P.D. only,03 - Rear end,0
17-4267,CHAMBERLAIN AVE @ GLENDALE AVE,367717.04385,5029920.90619,-75.69625237670,45.40639737350,2017-05-05,8:04:00 PM,02 - Rain,05 - Dusk,02 - Wet,02 - Stop sign,00 - Unknown,02 - Non-fatal injury,03 - Rear end,0
17-4268,TENTH LINE RD @ CHARLEMAGNE BLVD S/DES EPINETT,383640.97510,5036900.45590,-75.49173924100,45.46758093120,2017-05-05,8:18:00 PM,02 - Rain,05 - Dusk,02 - Wet,01 - Traffic signal,01 - Functioning,02 - Non-fatal injury,05 - Turning movement,0
17-4269,ARGYLE AVE @ O'CONNOR ST,368186.38304,5030485.57300,-75.69018469820,45.41143571890,2017-05-05,8:47:00 PM,02 - Rain,07 - Dark,02 - Wet,01 - Traffic signal,01 - Functioning,03 - P.D. only,02 - Angle,0
17-4270,ST. LAURENT BLVD @ COVENTRY RD/OGILVIE RD,372304.71616,5031952.91239,-75.63737426370,45.42425304120,2017-05-05,10:55:00 PM,02 - Rain,07 - Dark,02 - Wet,01 - Traffic signal,01 - Functioning,03 - P.D. only,05 - Turning movement,0
17-4271,CEDARWOOD DR btwn WALKLEY RD & BAYCREST DR,371176.73940,5026486.80997,-75.65252240720,45.37517914300,2017-05-05,11:41:00 PM,02 - Rain,07 - Dark,02 - Wet,10 - No control,,03 - P.D. only,05 - Turning movement,0
17-4272,CEDARVIEW RD @ WEST HUNT CLUB RD,359719.18690,5019554.47770,-75.79956640700,45.31379367100,2017-05-06,12:23:00 AM,02 - Rain,07 - Dark,02 - Wet,01 - Traffic signal,01 - Functioning,03 - P.D. only,07 - SMV other,0
17-4273,RICHMOND RD btwn STEEPLE HILL CRES & CAMBRIAN RD,359073.02616,5010404.88434,-75.80880698790,45.23151460680,2017-05-06,12:26:00 AM,02 - Rain,07 - Dark,02 - Wet,10 - No control,,03 - P.D. only,07 - SMV other,0
17-4274,BANK ST btwn CHESLEY ST & RIVERDALE AVE,369061.42180,5028134.92571,-75.67931275500,45.39020557430,2017-05-06,1:13:00 AM,02 - Rain,07 - Dark,02 - Wet,10 - No control,,02 - Non-fatal injury,05 - Turning movement,0
17-4275,CLARENCE ST btwn SUSSEX DR & BY WARD MARKET SQ,367846.10852,5032380.18395,-75.69428912660,45.42851354230,2017-05-06,1:34:00 AM,01 - Clear,07 - Dark,01 - Dry,10 - No control,,03 - P.D. only,06 - SMV unattended vehicle,0
17-4276,DONALD ST btwn VERA ST & QUILL ST,370591.57075,5032300.36595,-75.65921730350,45.42754250710,2017-05-06,2:43:00 AM,01 - Clear,07 - Dark,01 - Dry,10 - No control,,03 - P.D. only,06 - SMV unattended vehicle,0