COLLISION_ID,LOCATION,X,Y,LONGITUDE,LATITUDE,DATE,TIME,ENVIRONMENT,LIGHT,SURFACE_CONDITION,TRAFFIC_CONTROL,TRAFFIC_CONTROL_CONDITION,COLLISION_CLASSIFICATION,IMPACT_TYPE,NO_OF_PEDESTRIANS
17-4277,DONALD ST btwn VERA ST & QUILL ST,370595.85837,5032300.36595,-75.65916251610,45.42754210380,2017-05-06,3:55:00 AM,02 - Rain,07 - Dark,02 - Wet,10 - No control,,02 - Non-fatal injury,06 - SMV unattended vehicle,1
17-4278,KITCHENER AVE @ BANK ST,370539.20386,5025500.64060,-75.66079262200,45.36636601590,2017-05-06,7:22:00 AM,02 - Rain,01 - Daylight,02 - Wet,01 - Traffic signal,01 - Functioning,03 - P.D. only,03 - Rear end,0
17-4279,WEST HUNT CLUB RD @ WOODROFFE AVE,363669.68766,5021247.15790,-75.74898512890,45.32870423170,2017-05-06,8:21:00 AM,02 - Rain,01 - Daylight,02 - Wet,01 - Traffic signal,01 - Functioning,02 - Non-fatal injury,02 - Angle,0
17-4280,LAURIER AVE @ NICHOLAS ST,368372.82437,5031800.27659,-75.68763337750,45.42324806350,2017-05-05,4:20:00 PM,02 - Rain,01 - Daylight,02 - Wet,01 - Traffic signal,01 - Functioning,03 - P.D. only,04 - Sideswipe,0
17-4281,GREENLAND RD btwn Continuation of GREENLAND RD & Continuation of GREEN,343742.35728,5034016.70988,-76.00218325320,45.44499679240,2017-05-06,8:48:00 AM,02 - Rain,01 - Daylight,02 - Wet,10 - No control,,03 - P.D. only,07 - SMV other,0
17-4282,ST. JOSEPH BLVD @ JEANNE D'ARC BLVD,379861.74584,5036472.91869,-75.54012834850,45.46415064380,2017-05-06,10:42:00 AM,01 - Clear,01 - Daylight,01 - Dry,11 - Roundabout,01 - Functioning,03 - P.D. only,04 - Sideswipe,0
17-4283,GEORGE ST @ 26 W OF BYWARD MARKET/FREIMAN MALL,367996.56576,5032195.75970,-75.69239018310,45.42684057770,2017-05-05,9:00:00 PM,01 - Clear,07 - Dark,01 - Dry,01 - Traffic signal,01 - Functioning,02 - Non-fatal injury,07 - SMV other,1
17-4284,OR174 IC109 RAMP65 @ MONTREAL RD,376402.98803,5034982.00279,-75.58456939520,45.45109944110,2017-05-06,11:30:00 AM,02 - Rain,01 - Daylight,02 - Wet,01 - Traffic signal,01 - Functioning,03 - P.D. only,02 - Angle,0
17-4285,COLONEL BY DR @ HOG'S BACK RD,367602.70940,5025872.84894,-75.69822795720,45.36998431920,2017-05-06,1:23:00 PM,02 - Rain,01 - Daylight,02 - Wet,01 - Traffic signal,01 - Functioning,03 - P.D. only,02 - Angle,0
17-4286,BULLMAN ST @ PARKDALE AVE,364995.03265,5029621.89080,-75.73105859050,45.40394628490,2017-05-06,1:36:00 PM,02 - Rain,01 - Daylight,02 - Wet,02 - Stop sign,01 - Functioning,02 - Non-fatal injury,02 - Angle,0
17-4287,RIOCAN AVE @ STRANDHERD DR,364173.88104,5014945.24150,-75.74330825410,45.27195734100,2017-05-06,2:25:00 PM,02 - Rain,01 - Daylight,02 - Wet,01 - Traffic signal,01 - Functioning,02 - Non-fatal injury,03 - Rear end,0
17-4288,FINDLAY CREEK DR @ BANK ST,375847.80785,5020460.63400,-75.59375660700,45.32050029370,2017-05-06,3:32:00 PM,02 - Rain,01 - Daylight,02 - Wet,01 - Traffic signal,01 - Functioning,03 - P.D. only,03 - Rear end,0
17-4289,HWY 417 MAITLAND IC126R26/62 @ MAITLAND AVE,363145.82832,5025983.96319,-75.75510867530,45.37136933060,2017-05-06,3:31:00 PM,02 - Rain,01 - Daylight,02 - Wet,01 - Traffic signal,01 - Functioning,03 - P.D. only,03 - Rear end,0
17-4290,TERRY FOX DR @ WESTPHALIAN AVE,353455.22610,5015759.78900,-75.87982363390,45.28011017200,2017-05-06,5:22:00 PM,02 - Rain,01 - Daylight,02 - Wet,01 - Traffic signal,01 - Functioning,02 - Non-fatal injury,03 - Rear end,0
17-4291,GILMOUR ST @ HARTINGTON PL,368482.60054,5031190.99542,-75.68630949700,45.41775597850,2017-05-06,5:28:00 PM,01 - Clear,01 - Daylight,01 - Dry,10 - No control,,03 - P.D. only,06 - SMV unattended vehicle,0
17-4292,TENTH LINE RD @ TENTH LINE RD,383531.61055,5037155.30540,-75.49309680760,45.46988617180,2017-05-06,5:37:00 PM,02 - Rain,01 - Daylight,02 - Wet,01 - Traffic signal,01 - Functioning,02 - Non-fatal injury,03 - Rear end,0
17-4293,EMPEROR AVE @ FISHER AVE,365685.37724,5027163.21110,-75.72254422730,45.38176393490,2017-05-06,6:23:00 PM,02 - Rain,01 - Daylight,02 - Wet,02 - Stop sign,01 - Functioning,03 - P.D. only,02 - Angle,0
17-4294,DOWNPATRICK RD btwn MCCARTHY RD & DOWNPATRICK RD,370525.21194,5023356.76325,-75.66125626200,45.34707737250,2017-05-06,7:55:00 PM,02 - Rain,05 - Dusk,02 - Wet,10 - No control,,03 - P.D. only,02 - Angle,0
17-4295,INNES RD @ JEANNE D'ARC BLVD/MER BLEUE RD,382638.08805,5035568.89149,-75.50477356090,45.45571314680,2017-05-06,8:08:00 PM,02 - Rain,05 - Dusk,02 - Wet,01 - Traffic signal,01 - Functioning,02 - Non-fatal injury,05 - Turning movement,0
17-4296,RAYMOND ST/HWY 417 ROCHEST IC121BR16 @ ROCHEST,366737.99513,5029618.72331,-75.70879620050,45.40376573460,2017-05-06,9:20:00 PM,02 - Rain,07 - Dark,02 - Wet,01 - Traffic signal,01 - Functioning,03 - P.D. only,02 - Angle,0
17-4297,ST. JOSEPH BLVD btwn OR174 IC109 RAMP54 & ROCKCLIFFE PKWY,376677.90441,5035109.09309,-75.58103652390,45.45221469680,2017-05-06,9:52:00 PM,02 - Rain,07 - Dark,02 - Wet,10 - No control,,03 - P.D. only,05 - Turning movement,0
17-4298,DALHOUSIE ST @ YORK ST,368094.71044,5032420.25860,-75.69110723420,45.42885166610,2017-05-06,11:56:00 PM,02 - Rain,07 - Dark,02 - Wet,01 - Traffic signal,01 - Functioning,03 - P.D. only,04 - Sideswipe,0
17-4299,MCCLELLAN RD @ RIVERBROOK RD,360682.34284,5020878.81670,-75.78713394310,45.32563411430,2017-05-07,12:34:00 AM,02 - Rain,07 - Dark,02 - Wet,02 - Stop sign,01 - Functioning,03 - P.D. only,07 - SMV other,0
17-4300,COLDREY AVE btwn KENZIE ST & MERIVALE RD,364857.33893,5027379.53386,-75.73309031350,45.38378184350,2017-05-05,2:00:00 PM,02 - Rain,01 - Daylight,02 - Wet,10 - No control,,03 - P.D. only,06 - SMV unattended vehicle,0
17-4301,RAVEN AVE @ KIRKWOOD AVE,364690.93262,5026773.65758,-75.73528856740,45.37834452450,2017-05-07,11:43:00 AM,01 - Clear,01 - Daylight,02 - Wet,02 - Stop sign,01 - Functioning,02 - Non-fatal injury,02 - Angle,0
17-4302,KELLY AVE @ PINECREST RD,360277.75691,5023952.53132,-75.79195002360,45.35332349620,2017-05-05,7:09:00 PM,02 - Rain,01 - Daylight,02 - Wet,02 - Stop sign,01 - Functioning,03 - P.D. only,99 - Other,0
17-4303,CARLING AVE @ KIRKWOOD AVE N,364276.69554,5027492.86530,-75.74049059820,45.38485112070,2017-05-07,12:27:00 PM,02 - Rain,01 - Daylight,02 - Wet,01 - Traffic signal,01 - Functioning,03 - P.D. only,05 - Turning movement,0
17-4304,GREENBANK RD btwn NE/OT BOUNDARY & MONTEREY DR,360635.47694,5022493.53030,-75.78754958800,45.34016704150,2017-05-07,12:45:00 PM,01 - Clear,01 - Daylight,02 - Wet,10 - No control,,02 - Non-fatal injury,03 - Rear end,0
17-4305,VIEWMOUNT DR @ MERIVALE RD,365194.03155,5022949.16430,-75.72933273440,45.34388916320,2017-05-07,12:48:00 PM,01 - Clear,01 - Daylight,01 - Dry,01 - Traffic signal,01 - Functioning,03 - P.D. only,03 - Rear end,0
17-4306,METCALFE ST @ LAURIER AVE,367791.70606,5031451.57630,-75.69510305450,45.42016314280,2017-05-07,1:20:00 PM,02 - Rain,01 - Daylight,02 - Wet,01 - Traffic signal,01 - Functioning,03 - P.D. only,04 - Sideswipe,0
17-4307,LAURIER AVE   W btwn PERCY ST & BAY ST,366991.13967,5030971.32770,-75.70539216870,45.41591363400,2017-05-07,1:46:00 PM,01 - Clear,01 - Daylight,01 - Dry,10 - No control,,03 - P.D. only,02 - Angle,0
17-4308,MONTREAL RD @ GRANVILLE ST/LAFONTAINE AVE,370827.74014,5033476.35695,-75.65604180580,45.43810130640,2017-05-07,1:45:00 PM,01 - Clear,01 - Daylight,01 - Dry,01 - Traffic signal,01 - Functioning,03 - P.D. only,02 - Angle,0
17-4309,EAGLESON RD @ COPE DR/CADENCE GT,354619.61896,5016028.09610,-75.86495584980,45.28244290920,2017-05-07,3:40:00 PM,01 - Clear,01 - Daylight,01 - Dry,01 - Traffic signal,01 - Functioning,02 - Non-fatal injury,07 - SMV other,1
17-4310,SANSONNET ST btwn WILLOWBARK DR & WINDFLOWER WAY,379795.21725,5034637.98557,-75.54125880400,45.44764845090,2017-05-06,12:00:00 AM,01 - Clear,00 - Unknown,01 - Dry,10 - No control,,03 - P.D. only,06 - SMV unattended vehicle,0
17-4311,LAURIER AVE @ NICHOLAS ST,368374.64034,5031797.60100,-75.68761052070,45.42322382430,2017-05-07,4:10:00 PM,02 - Rain,01 - Daylight,02 - Wet,01 - Traffic signal,01 - Functioning,03 - P.D. only,03 - Rear end,0
17-4312,REGIONAL ROAD 174 btwn OR174 IC112 RAMP51 & OR174 IC112 RAMP15,374946.77143,5032935.38771,-75.60347624670,45.43283285910,2017-05-07,5:49:00 PM,01 - Clear,01 - Daylight,01 - Dry,10 - No control,,03 - P.D. only,04 - Sideswipe,0
17-4313,BRONSON AVE @ HOLMWOOD AVE,367701.71104,5028728.20571,-75.69660034900,45.39566718380,2017-05-07,5:56:00 PM,01 - Clear,01 - Daylight,01 - Dry,01 - Traffic signal,01 - Functioning,03 - P.D. only,04 - Sideswipe,0
17-4314,CARILLON ST @ HANNAH ST,370156.70774,5033390.59350,-75.66462932200,45.43739269020,2017-05-07,6:03:00 PM,01 - Clear,01 - Daylight,01 - Dry,02 - Stop sign,01 - Functioning,03 - P.D. only,02 - Angle,0
17-4315,HEATHERINGTON RD btwn WALKLEY RD & FAIRLEA CRES,371804.70658,5026705.23583,-75.64447597500,45.37708468960,2017-05-07,6:14:00 PM,01 - Clear,01 - Daylight,02 - Wet,10 - No control,,03 - P.D. only,99 - Other,0
17-4316,ROCHESTER ST @ SOMERSET ST,366482.03955,5030203.23460,-75.71199237250,45.40904761040,2017-05-07,6:13:00 PM,02 - Rain,01 - Daylight,02 - Wet,01 - Traffic signal,01 - Functioning,03 - P.D. only,02 - Angle,0
17-4317,BRONSON AVE @ FIFTH AVE/MADAWASKA DR,367614.71604,5028939.89149,-75.69768441080,45.39757968190,2017-05-07,6:29:00 PM,"07 - Fog, mist, smoke, dust",01 - Daylight,02 - Wet,01 - Traffic signal,01 - Functioning,03 - P.D. only,03 - Rear end,0
17-4318,ANDERSON RD btwn DESJARDINS ST & WEIR RD,377667.74810,5031526.97267,-75.56891320170,45.41988261320,2017-05-07,7:01:00 PM,01 - Clear,01 - Daylight,01 - Dry,10 - No control,,03 - P.D. only,04 - Sideswipe,0
17-4319,TERRY FOX DR btwn MAPLE GROVE RD & WALTER BAKER PL,351750.59857,5017640.38423,-75.90137221490,45.29714819980,2017-05-07,11:16:00 PM,01 - Clear,07 - Dark,01 - Dry,10 - No control,,02 - Non-fatal injury,07 - SMV other,0
17-4320,DWYER HILL RD @ FERNBANK RD,342917.49786,5005064.07111,-76.01495504700,45.18451472840,2017-05-08,5:05:00 AM,02 - Rain,07 - Dark,02 - Wet,02 - Stop sign,01 - Functioning,02 - Non-fatal injury,07 - SMV other,0
17-4321,EAST SHORE RD @ REGIONAL RD 174,391770.78206,5042804.89360,-75.38674346190,45.51973671540,2017-05-08,7:04:00 AM,03 - Snow,01 - Daylight,02 - Wet,02 - Stop sign,00 - Unknown,03 - P.D. only,04 - Sideswipe,0
17-4322,MARCH RD btwn PETER ROBINSON RD & CORKERY RD,335893.22964,5016086.93746,-76.10364752900,45.28405016030,2017-05-08,8:08:00 AM,01 - Clear,01 - Daylight,01 - Dry,10 - No control,,03 - P.D. only,07 - SMV other,0
17-4323,SMYTH RD btwn ROGER GUINDON AVE & BOTSFORD ST,372065.85944,5029241.81347,-75.64079618730,45.39988277460,2017-05-08,9:00:00 AM,01 - Clear,01 - Daylight,01 - Dry,10 - No control,,02 - Non-fatal injury,02 - Angle,0
17-4324,CAMERON ST @ REGIONAL RD 174,389860.26410,5042615.52629,-75.41122712840,45.51826871850,2017-05-08,9:53:00 AM,01 - Clear,01 - Daylight,01 - Dry,01 - Traffic signal,01 - Functioning,02 - Non-fatal injury,03 - Rear end,0
17-4325,INDUSTRIAL AVE/INNES RD @ ST. LAURENT BLVD,373098.57606,5030009.20921,-75.62750027880,45.40668746710,2017-05-08,11:52:00 AM,02 - Rain,01 - Daylight,02 - Wet,01 - Traffic signal,01 - Functioning,03 - P.D. only,03 - Rear end,0
17-4326,BAYSHORE DR @ BAYSHORE CS,359142.05337,5023738.14736,-75.80646723210,45.35148339900,2017-05-08,11:57:00 AM,01 - Clear,01 - Daylight,01 - Dry,01 - Traffic signal,00 - Unknown,03 - P.D. only,04 - Sideswipe,0
17-4327,NORICE ST btwn WOODROFFE AVE & SULLIVAN AVE,363329.60960,5022469.20251,-75.75317869580,45.33972854890,2017-05-04,12:00:00 AM,01 - Clear,00 - Unknown,01 - Dry,10 - No control,,03 - P.D. only,06 - SMV unattended vehicle,0
17-4328,LEBRETON ST @ SOMERSET ST,366682.02835,5030318.89810,-75.70942317710,45.41007066430,2017-05-08,12:19:00 PM,03 - Snow,01 - Daylight,02 - Wet,02 - Stop sign,00 - Unknown,03 - P.D. only,02 - Angle,0
17-4329,CEDARCROFT CRES W @ MEADOWBROOK RD W,374336.18972,5031930.72215,-75.61142080360,45.42385439680,2017-05-08,12:32:00 PM,01 - Clear,01 - Daylight,02 - Wet,02 - Stop sign,01 - Functioning,03 - P.D. only,02 - Angle,0
17-4330,WOODROFFE AVE btwn WOODROFFE AVE & NAVAHO DR,362695.87401,5023502.83454,-75.76114332420,45.34908168370,2017-05-08,1:03:00 PM,01 - Clear,01 - Daylight,01 - Dry,10 - No control,,02 - Non-fatal injury,07 - SMV other,1
17-4331,CATHERINE ST @ LYON ST/HWY 417 LYON IC120BR36,367746.03436,5030091.89620,-75.69586023730,45.40793328270,2017-05-08,1:01:00 PM,01 - Clear,01 - Daylight,01 - Dry,01 - Traffic signal,01 - Functioning,02 - Non-fatal injury,02 - Angle,0
17-4332,HANCOCK CRES @ PRINCESS LOUISE DR S,384076.77362,5038193.20640,-75.48595830350,45.47916256610,2017-05-08,1:55:00 PM,01 - Clear,01 - Daylight,01 - Dry,02 - Stop sign,01 - Functioning,02 - Non-fatal injury,07 - SMV other,1
17-4333,BANK ST @ SLATER ST,367423.69906,5031355.24580,-75.69981716430,45.41932942920,2017-05-08,2:08:00 PM,01 - Clear,01 - Daylight,02 - Wet,01 - Traffic signal,01 - Functioning,03 - P.D. only,03 - Rear end,0
17-4334,ALBION RD btwn 210 S OF HIGH RD/EARL ARMSTRONG RD/RIDEAU CARLETON RACE,375036.23046,5016797.53662,-75.60462634440,45.28762271170,2017-05-08,2:50:00 PM,01 - Clear,01 - Daylight,01 - Dry,10 - No control,,03 - P.D. only,07 - SMV other,0
17-4335,CARP RD @ WESTBROOK RD,347738.56844,5015443.77849,-75.95271390990,45.27763899890,2017-05-08,3:33:00 PM,01 - Clear,01 - Daylight,01 - Dry,01 - Traffic signal,01 - Functioning,03 - P.D. only,03 - Rear end,0
17-4336,CASTLEFRANK RD @ TERRY FOX DR,352994.34345,5016304.13900,-75.88564499860,45.28504012180,2017-05-08,3:39:00 PM,01 - Clear,01 - Daylight,01 - Dry,01 - Traffic signal,01 - Functioning,03 - P.D. only,03 - Rear end,0
17-4337,RIOCAN AVE @ STRANDHERD DR,364172.54325,5014944.57260,-75.74332538090,45.27195143520,2017-05-08,4:27:00 PM,03 - Snow,01 - Daylight,02 - Wet,01 - Traffic signal,01 - Functioning,03 - P.D. only,03 - Rear end,0
17-4338,RIVER RD btwn JARVIS DR & LEWER ST,368245.36778,5020288.19827,-75.69074057700,45.31967697330,2017-05-08,4:35:00 PM,01 - Clear,01 - Daylight,01 - Dry,10 - No control,,03 - P.D. only,01 - Approaching,0
17-4339,COLONEL BY DR @ HAWTHORNE AVE/PRETORIA BRIDGE,368768.04465,5030526.23580,-75.68274895320,45.41174866380,2017-05-08,4:49:00 PM,01 - Clear,01 - Daylight,01 - Dry,01 - Traffic signal,00 - Unknown,02 - Non-fatal injury,03 - Rear end,0
17-4340,DEERFOX DR btwn APPLEDALE DR & BEATRICE DR,365354.62168,5015636.04735,-75.72817737580,45.27807251130,2017-05-08,4:20:00 PM,01 - Clear,01 - Daylight,01 - Dry,10 - No control,,03 - P.D. only,99 - Other,0
17-4341,MERIVALE RD @ WOODFIELD DR/ROYDON PL,365462.57332,5022300.09420,-75.72598586570,45.33802574670,2017-05-08,4:50:00 PM,01 - Clear,01 - Daylight,01 - Dry,01 - Traffic signal,01 - Functioning,03 - P.D. only,04 - Sideswipe,0
17-4342,MAIN ST btwn TORONTO ST & RIDEAU RIVER DR,369525.42689,5029309.45558,-75.67323343210,45.40073086840,2017-05-08,5:05:00 PM,01 - Clear,01 - Daylight,01 - Dry,10 - No control,,03 - P.D. only,04 - Sideswipe,0
17-4343,LAKEWAY DR btwn PLACEL RD & LYTTLETON GDN,370032.71057,5035166.88291,-75.66597855590,45.45338655220,2017-04-30,5:30:00 PM,01 - Clear,01 - Daylight,01 - Dry,10 - No control,,03 - P.D. only,07 - SMV other,0
17-4344,AVIATION PKWY @ MONTREAL RD,372146.38215,5034109.92059,-75.63910228950,45.44367603250,2017-05-08,3:48:00 PM,01 - Clear,01 - Daylight,01 - Dry,01 - Traffic signal,00 - Unknown,03 - P.D. only,04 - Sideswipe,0
17-4345,MEADOWLANDS DR/TALLWOOD DR @ WOODROFFE AVE,363056.64838,5022730.63968,-75.75663052390,45.34210366130,2017-05-08,4:50:00 PM,01 - Clear,01 - Daylight,01 - Dry,01 - Traffic signal,01 - Functioning,03 - P.D. only,03 - Rear end,0
17-4346,COLUMBUS AVE @ VERA ST,370493.37775,5032199.24081,-75.66048551280,45.42664185420,2017-05-08,10:40:00 PM,01 - Clear,07 - Dark,01 - Dry,03 - Yield sign,01 - Functioning,03 - P.D. only,02 - Angle,0
17-4347,BRIAN COBURN BLVD @ GERRY LALONDE DR,383523.53590,5034614.31290,-75.49360687420,45.44702549330,2017-05-08,11:21:00 PM,01 - Clear,07 - Dark,01 - Dry,02 - Stop sign,01 - Functioning,03 - P.D. only,07 - SMV other,0
17-4348,BANK ST @ HUNT CLUB RD,371607.73316,5024096.50620,-75.64734339260,45.35363106350,2017-05-09,5:51:00 AM,01 - Clear,01 - Daylight,01 - Dry,01 - Traffic signal,01 - Functioning,02 - Non-fatal injury,02 - Angle,0
17-4349,ROBERTSON RD btwn MOODIE DR & VANIER RD,357088.39123,5020468.18713,-75.83302050760,45.32221615950,2017-05-09,8:46:00 AM,01 - Clear,01 - Daylight,01 - Dry,10 - No control,,02 - Non-fatal injury,03 - Rear end,0
17-4350,CENTRAL PARK DR N @ MERIVALE RD,364953.23835,5025873.58780,-75.73204926980,45.37022338320,2017-05-09,9:20:00 AM,01 - Clear,01 - Daylight,01 - Dry,01 - Traffic signal,01 - Functioning,02 - Non-fatal injury,07 - SMV other,1
17-4351,HAWTHORNE RD @ HUNT CLUB RD,375508.75324,5026406.52920,-75.59723078600,45.37403306710,2017-05-05,11:30:00 AM,01 - Clear,01 - Daylight,02 - Wet,01 - Traffic signal,01 - Functioning,03 - P.D. only,04 - Sideswipe,0
17-4352,HARVARD AVE btwn CHESLEY ST & RALEIGH ST,368948.03442,5028151.80670,-75.68075849020,45.39036785910,2017-04-27,12:00:00 AM,02 - Rain,00 - Unknown,02 - Wet,10 - No control,,03 - P.D. only,06 - SMV unattended vehicle,0
17-4353,MARCH RD @ SOLANDT RD,350489.27405,5022711.17130,-75.91698568500,45.34285958300,2017-05-09,9:30:00 AM,01 - Clear,01 - Daylight,01 - Dry,01 - Traffic signal,00 - Unknown,03 - P.D. only,03 - Rear end,0
17-4354,WELLINGTON ST @ HAMILTON AVE,365078.89423,5029229.46857,-75.73003539290,45.40040814140,2017-05-09,12:47:00 PM,01 - Clear,01 - Daylight,01 - Dry,02 - Stop sign,01 - Functioning,03 - P.D. only,99 - Other,0
17-4355,AMIENS ST btwn PRESTONE DR & PRESTWICK DR,382974.87114,5037502.63575,-75.50016062860,45.47307367890,2017-05-09,12:00:00 AM,01 - Clear,00 - Unknown,01 - Dry,10 - No control,,03 - P.D. only,06 - SMV unattended vehicle,0
17-4356,JAMES ST btwn BAY ST & LYON ST N,367446.41401,5030471.05473,-75.69963934750,45.41137171860,2017-05-03,12:00:00 AM,01 - Clear,00 - Unknown,01 - Dry,10 - No control,,03 - P.D. only,06 - SMV unattended vehicle,0
17-4357,BRIDGE ST/MAPLE AVE @ MANOTICK MAIN ST,368698.99443,5009933.53224,-75.68628766430,45.22646575110,2017-05-09,2:38:00 PM,01 - Clear,01 - Daylight,01 - Dry,01 - Traffic signal,01 - Functioning,03 - P.D. only,02 - Angle,0
17-4358,SOMERSET ST    W btwn BAYSWATER AVE & BREEZEHILL AVE N,365872.79507,5029936.65071,-75.71980795850,45.40670238490,2017-05-09,2:42:00 PM,01 - Clear,01 - Daylight,01 - Dry,10 - No control,,03 - P.D. only,02 - Angle,0
17-4359,FAIRLEA CRES btwn HEATHERINGTON RD & CORLEY PRIV,371940.71629,5026515.90805,-75.64276532290,45.37536817060,2017-05-09,3:03:00 PM,01 - Clear,01 - Daylight,01 - Dry,10 - No control,,03 - P.D. only,06 - SMV unattended vehicle,0
17-4360,CARLING AVE @ EDGEWORTH AVE,361263.68354,5025424.52440,-75.77919969710,45.36648971330,2017-05-09,4:08:00 PM,01 - Clear,01 - Daylight,01 - Dry,01 - Traffic signal,01 - Functioning,02 - Non-fatal injury,07 - SMV other,1
17-4361,ALBION RD btwn KILLYMOON WAY & MITCH OWENS RD,375853.95043,5014924.92040,-75.59447139340,45.27069135920,2017-05-09,4:48:00 PM,01 - Clear,01 - Daylight,01 - Dry,10 - No control,,02 - Non-fatal injury,03 - Rear end,0
17-4362,CEDAROCK DR @ STONEHAVEN DR,354726.78855,5016855.08600,-75.86350664110,45.28987674060,2017-05-09,5:00:00 PM,01 - Clear,01 - Daylight,01 - Dry,02 - Stop sign,01 - Functioning,03 - P.D. only,04 - Sideswipe,0
17-4363,WOODROFFE AVE @ CRESTHAVEN DR/PAUL METIVIER,366326.79217,5014853.97576,-75.71588427330,45.27095106810,2017-05-09,6:23:00 PM,01 - Clear,01 - Daylight,01 - Dry,01 - Traffic signal,01 - Functioning,02 - Non-fatal injury,02 - Angle,0
17-4364,GLADSTONE AVE @ LYON ST,367585.38574,5030362.24000,-75.69787790170,45.41038018330,2017-05-09,6:47:00 PM,01 - Clear,01 - Daylight,01 - Dry,01 - Traffic signal,01 - Functioning,02 - Non-fatal injury,02 - Angle,0
17-4365,COVENTRY RD @ VANIER PKWY,370677.38824,5031611.03410,-75.65821291010,45.42133210940,2017-05-09,8:13:00 PM,01 - Clear,01 - Daylight,01 - Dry,01 - Traffic signal,00 - Unknown,03 - P.D. only,03 - Rear end,0
17-4366,LEMIEUX ST @ ST. LAURENT BLVD,372390.72136,5031743.23330,-75.63630412010,45.42235814180,2017-05-09,8:47:00 PM,01 - Clear,07 - Dark,01 - Dry,01 - Traffic signal,00 - Unknown,03 - P.D. only,04 - Sideswipe,0
17-4367,HERON RD btwn WILDWOOD AVE & BANK ST,369969.29860,5026849.53551,-75.66788911730,45.37855616870,2017-05-09,9:01:00 PM,01 - Clear,05 - Dusk,01 - Dry,10 - No control,,03 - P.D. only,04 - Sideswipe,0
17-4368,VANCES SIDE RD btwn DUNROBIN RD & GREENLAND RD,340720.22108,5034126.76607,-76.04080717230,45.44614893870,2017-05-10,5:00:00 AM,01 - Clear,07 - Dark,01 - Dry,10 - No control,,03 - P.D. only,07 - SMV other,0
17-4369,DAVIDSON RD @ HAWTHORNE RD,376284.20275,5024509.22677,-75.58760602650,45.35688340350,2017-05-10,7:46:00 AM,01 - Clear,01 - Daylight,01 - Dry,02 - Stop sign,00 - Unknown,03 - P.D. only,07 - SMV other,0
17-4370,FISHER AVE btwn MEADOWLANDS DR & URBISCI PRIV,366604.83079,5024980.56306,-75.71107778350,45.36204442760,2017-05-10,8:11:00 AM,01 - Clear,01 - Daylight,01 - Dry,10 - No control,,03 - P.D. only,04 - Sideswipe,0
17-4371,SIXTH LINE RD btwn BERRY SIDE RD & RIDDELL DR,349033.12653,5030348.01727,-75.93488172480,45.41167071540,2017-05-10,8:16:00 AM,01 - Clear,01 - Daylight,01 - Dry,10 - No control,,03 - P.D. only,07 - SMV other,0
17-4372,BASELINE RD/HERON RD @ PRINCE OF WALES DR,366873.89810,5026437.85358,-75.70746043440,45.37513303490,2017-05-10,9:02:00 AM,01 - Clear,01 - Daylight,01 - Dry,01 - Traffic signal,01 - Functioning,03 - P.D. only,03 - Rear end,0
17-4373,GREENBANK RD btwn BATEMAN DR/BELLMAN DR & GREENBANK SQUARE SC,361290.45476,5020943.91030,-75.77936971680,45.32617114830,2017-05-10,10:50:00 AM,01 - Clear,01 - Daylight,01 - Dry,10 - No control,,03 - P.D. only,99 - Other,0
17-4374,ST. JOSEPH BLVD btwn DUSSERE ST & ST. JEAN ST,380913.68254,5037164.83851,-75.52657122000,45.47026215070,2017-05-10,11:45:00 AM,01 - Clear,01 - Daylight,01 - Dry,10 - No control,,02 - Non-fatal injury,05 - Turning movement,0
17-4375,GOLDENEYE WAY @ NORTH BLUFF DR,369485.18370,5016303.86768,-75.67544794300,45.28371356660,2017-05-10,12:00:00 PM,01 - Clear,01 - Daylight,01 - Dry,02 - Stop sign,01 - Functioning,03 - P.D. only,02 - Angle,0
17-4376,WOODROFFE AVE @ KNOXDALE RD/MEDHURST DR,363417.78371,5021826.25509,-75.75212987610,45.33393599460,2017-05-10,12:04:00 PM,01 - Clear,01 - Daylight,01 - Dry,01 - Traffic signal,01 - Functioning,03 - P.D. only,05 - Turning movement,0
17-4377,BRONSON AVE/BRONSON/HERON RAMP 35 @ HERON RD,368642.21871,5026699.36479,-75.68485154320,45.37732715790,2017-04-26,1:55:00 PM,01 - Clear,01 - Daylight,01 - Dry,01 - Traffic signal,01 - Functioning,02 - Non-fatal injury,03 - Rear end,0
17-4378,VIRGINIA DR btwn KILBORN AVE & MCMASTER AVE,371769.42777,5027864.53573,-75.64476910390,45.38751899930,2017-05-10,2:03:00 PM,01 - Clear,01 - Daylight,01 - Dry,10 - No control,,03 - P.D. only,06 - SMV unattended vehicle,0
17-4379,PARKDALE AVE @ TYNDALL ST,365264.70394,5029012.89200,-75.72768874350,45.39844341070,2017-05-10,2:34:00 PM,01 - Clear,01 - Daylight,01 - Dry,02 - Stop sign,01 - Functioning,03 - P.D. only,02 - Angle,0
17-4380,INNES RD @ BEARBROOK RD/GLEN PARK DR E,377995.73694,5032843.23950,-75.56452719580,45.43169129080,2017-05-10,3:34:00 PM,01 - Clear,01 - Daylight,01 - Dry,01 - Traffic signal,01 - Functioning,03 - P.D. only,03 - Rear end,0