COLLISION_ID,LOCATION,X,Y,LONGITUDE,LATITUDE,DATE,TIME,ENVIRONMENT,LIGHT,SURFACE_CONDITION,TRAFFIC_CONTROL,TRAFFIC_CONTROL_CONDITION,COLLISION_CLASSIFICATION,IMPACT_TYPE,NO_OF_PEDESTRIANS
17-4381,BRADFORD ST @ SALINA ST,359751.67594,5025427.84590,-75.79849973840,45.36663977240,2017-05-10,3:58:00 PM,01 - Clear,01 - Daylight,01 - Dry,02 - Stop sign,01 - Functioning,03 - P.D. only,02 - Angle,0
17-4382,PRINCE OF WALES DR btwn FISHER AVE & NE/OT BOUNDARY,367165.86882,5024034.47959,-75.70403633960,45.35348207940,2017-05-10,4:00:00 PM,01 - Clear,01 - Daylight,01 - Dry,10 - No control,,03 - P.D. only,03 - Rear end,0
17-4383,HAZELDEAN RD @ SPRINGBROOK DR,349870.92305,5015111.77649,-75.92556684130,45.27451807090,2017-05-10,4:40:00 PM,01 - Clear,01 - Daylight,01 - Dry,01 - Traffic signal,01 - Functioning,03 - P.D. only,05 - Turning movement,0
17-4384,MEADOWLANDS DR/TALLWOOD DR @ WOODROFFE AVE,363056.76258,5022730.36732,-75.75662909890,45.34210120070,2017-05-10,4:40:00 PM,01 - Clear,01 - Daylight,01 - Dry,01 - Traffic signal,01 - Functioning,03 - P.D. only,03 - Rear end,0
17-4385,DES EPINETTES AVE @ JEANNE D'ARC BLVD,382227.11404,5035959.40952,-75.50996593470,45.45927235750,2017-05-10,4:54:00 PM,01 - Clear,01 - Daylight,01 - Dry,01 - Traffic signal,01 - Functioning,03 - P.D. only,03 - Rear end,0
17-4386,ST. PATRICK ST EB btwn COBOURG ST & VANIER PKWY,368870.53848,5033239.14434,-75.68108677280,45.43614904870,2017-05-10,4:59:00 PM,01 - Clear,01 - Daylight,01 - Dry,10 - No control,,02 - Non-fatal injury,03 - Rear end,0
17-4387,HART RD @ ST. JOSEPH BLVD,377602.06865,5035610.91900,-75.56914830080,45.45663412070,2017-05-10,5:18:00 PM,01 - Clear,01 - Daylight,01 - Dry,02 - Stop sign,00 - Unknown,03 - P.D. only,07 - SMV other,0
17-4388,HAZELDEAN RD @ TERRY FOX DR,352207.94545,5017242.45100,-75.89557933230,45.29353678370,2017-05-10,5:17:00 PM,01 - Clear,01 - Daylight,01 - Dry,01 - Traffic signal,01 - Functioning,03 - P.D. only,03 - Rear end,0
17-4389,BANK ST btwn BELANGER AVE & ROCKINGHAM AVE,369666.09448,5027404.13643,-75.67168728900,45.38357442800,2017-05-10,4:00:00 PM,01 - Clear,01 - Daylight,01 - Dry,10 - No control,,03 - P.D. only,03 - Rear end,0
17-4390,LABELLE ST/RAMP @ LEMIEUX ST/HWY417 IC115 RAMP,372543.39264,5031688.56920,-75.63436097920,45.42185153260,2017-05-10,6:38:00 PM,01 - Clear,01 - Daylight,01 - Dry,02 - Stop sign,01 - Functioning,02 - Non-fatal injury,05 - Turning movement,0
17-4391,CARMEN AVE btwn MCARTHUR AVE & STEVENS AVE,370921.42477,5032684.05564,-75.65495088080,45.43096367500,2017-05-10,3:30:00 PM,01 - Clear,01 - Daylight,01 - Dry,10 - No control,,03 - P.D. only,06 - SMV unattended vehicle,0
17-4392,BANTREE ST @ INNES RD,373706.72654,5030407.89319,-75.61967648130,45.41021502750,2017-05-10,3:45:00 PM,01 - Clear,01 - Daylight,01 - Dry,01 - Traffic signal,01 - Functioning,03 - P.D. only,05 - Turning movement,0
17-4393,PRINCE OF WALES DR btwn MAPLEHILL WAY & LODGE RD,366888.86316,5013076.96398,-75.70894385460,45.25491220310,2017-05-10,7:27:00 PM,01 - Clear,01 - Daylight,01 - Dry,10 - No control,,03 - P.D. only,02 - Angle,0
17-4394,BANK ST @ HOLMWOOD AVE,368482.71134,5029197.55870,-75.68656558760,45.39981968130,2017-05-10,8:45:00 PM,01 - Clear,07 - Dark,01 - Dry,01 - Traffic signal,01 - Functioning,03 - P.D. only,05 - Turning movement,0
17-4395,ROCKDALE RD btwn GOLF COURSE RD & RUSSELL RD,393716.71739,5027084.17959,-75.36468101370,45.37805605590,2017-05-10,8:30:00 PM,01 - Clear,05 - Dusk,01 - Dry,10 - No control,,03 - P.D. only,07 - SMV other,0
17-4396,GEORGE ST btwn DALHOUSIE ST & CUMBERLAND ST,368188.80128,5032336.32549,-75.68991569690,45.42808794430,2017-05-10,12:00:00 AM,01 - Clear,07 - Dark,01 - Dry,10 - No control,,03 - P.D. only,06 - SMV unattended vehicle,0
17-4397,ALBERT ST btwn KENT ST & BANK ST,367359.05975,5031407.22080,-75.70063642160,45.41980286670,2017-05-10,10:47:00 PM,01 - Clear,07 - Dark,01 - Dry,10 - No control,,03 - P.D. only,04 - Sideswipe,0
17-4398,WALKLEY RD @ 160 W OF CONROY RD,372768.30255,5027385.47169,-75.63208043370,45.38311236270,2017-05-11,5:42:00 AM,01 - Clear,03 - Dawn,01 - Dry,01 - Traffic signal,01 - Functioning,02 - Non-fatal injury,07 - SMV other,0
17-4399,ELMGROVE AVE btwn WINONA AVE & END,363265.45271,5028501.29114,-75.75328344800,45.39400991370,2017-05-10,12:00:00 AM,01 - Clear,00 - Unknown,01 - Dry,10 - No control,,03 - P.D. only,06 - SMV unattended vehicle,0
17-4400,ESTERBROOK DR btwn ROLLING MEADOW CRES & DOVEHAVEN ST,381743.26154,5032414.36801,-75.51670616150,45.42743037470,2017-05-10,12:00:00 AM,01 - Clear,00 - Unknown,01 - Dry,10 - No control,,03 - P.D. only,06 - SMV unattended vehicle,0
17-4401,BAYSHORE DR @ RICHMOND RD,359373.01965,5023367.85700,-75.80356064010,45.34813358790,2017-05-11,8:11:00 AM,01 - Clear,01 - Daylight,01 - Dry,01 - Traffic signal,01 - Functioning,03 - P.D. only,03 - Rear end,0
17-4402,ALBERT ST @ BOOTH ST,366429.02765,5030626.56660,-75.71261662590,45.41286130530,2017-05-11,9:18:00 AM,01 - Clear,01 - Daylight,01 - Dry,01 - Traffic signal,01 - Functioning,03 - P.D. only,04 - Sideswipe,0
17-4403,REGIONAL ROAD 174 btwn HWY417 IC113 RAMP67 & Continuation of REGIONAL,373741.29431,5032049.00669,-75.61900530570,45.42497754230,2017-05-11,9:15:00 AM,01 - Clear,01 - Daylight,01 - Dry,10 - No control,,03 - P.D. only,03 - Rear end,0
17-4404,HERON RD @ ALTA VISTA DR,370494.30848,5026905.21652,-75.66117886630,45.37900813670,2017-05-11,9:50:00 AM,01 - Clear,01 - Daylight,01 - Dry,01 - Traffic signal,01 - Functioning,03 - P.D. only,03 - Rear end,0
17-4405,MALVERN DR btwn CHALICE CRT & SHERWAY DR,362804.89844,5015997.94016,-75.76063080110,45.28154381690,2017-05-11,10:47:00 AM,01 - Clear,01 - Daylight,01 - Dry,10 - No control,,02 - Non-fatal injury,07 - SMV other,0
17-4406,KEHOE ST @ SALINA ST,359625.33485,5025372.18820,-75.80011863300,45.36614885970,2017-05-09,2:30:00 PM,01 - Clear,01 - Daylight,01 - Dry,10 - No control,00 - Unknown,03 - P.D. only,02 - Angle,0
17-4407,KING EDWARD AVE @ RIDEAU ST,368512.04165,5032414.25810,-75.68577514640,45.42875978370,2017-05-11,11:46:00 AM,01 - Clear,01 - Daylight,01 - Dry,01 - Traffic signal,01 - Functioning,02 - Non-fatal injury,07 - SMV other,0
17-4408,CARLING AVE WB btwn TAVISTOCK RD & CONNAUGHT AVE,360741.95819,5025101.38038,-75.78589596550,45.36362391480,2017-05-11,12:05:00 PM,01 - Clear,01 - Daylight,01 - Dry,10 - No control,,02 - Non-fatal injury,03 - Rear end,0
17-4409,CARLING AVE @ WOODROFFE AVE W,361766.68026,5025724.84460,-75.77274446320,45.36915126960,2017-05-11,12:20:00 PM,01 - Clear,01 - Daylight,01 - Dry,01 - Traffic signal,01 - Functioning,03 - P.D. only,04 - Sideswipe,0
17-4410,PARKDALE AVE @ TYNDALL ST,365264.03505,5029012.22311,-75.72769736720,45.39843744990,2017-05-04,9:45:00 AM,01 - Clear,01 - Daylight,01 - Dry,02 - Stop sign,00 - Unknown,03 - P.D. only,03 - Rear end,0
17-4411,ST. LAURENT BLVD btwn TRANSIT & HWY417 IC115 RAMP35,372457.64578,5031591.52892,-75.63546987050,45.42098670720,2017-05-11,1:34:00 PM,01 - Clear,01 - Daylight,01 - Dry,10 - No control,,02 - Non-fatal injury,04 - Sideswipe,0
17-4412,BANK ST btwn 73 N OF EVANS BLVD & EVANS AVE,369900.73073,5027091.32251,-75.66873265040,45.38073806450,2017-05-11,1:34:00 PM,01 - Clear,01 - Daylight,01 - Dry,10 - No control,,02 - Non-fatal injury,02 - Angle,0
17-4413,QUEENSDALE AVE btwn MAVIS ST & BANNON WAY,373038.35543,5023270.15275,-75.62920071210,45.34605808370,2017-05-09,2:30:00 PM,01 - Clear,01 - Daylight,01 - Dry,10 - No control,,03 - P.D. only,02 - Angle,0
17-4414,CONROY RD @ WALKLEY RD,372903.38815,5027464.86909,-75.63034470740,45.38381362750,2017-05-11,4:15:00 PM,01 - Clear,01 - Daylight,01 - Dry,01 - Traffic signal,01 - Functioning,03 - P.D. only,04 - Sideswipe,0
17-4415,JOCKVALE RD @ STRANDHERD DR,363560.81495,5014576.49941,-75.75116444740,45.26869088400,2017-05-11,4:55:00 PM,01 - Clear,01 - Daylight,01 - Dry,01 - Traffic signal,01 - Functioning,02 - Non-fatal injury,05 - Turning movement,0
17-4416,RICHMOND RD btwn ASSALY RD & REGINA LANE,360776.16115,5025577.30318,-75.78540547830,45.36790351230,2017-05-11,5:04:00 PM,01 - Clear,01 - Daylight,01 - Dry,10 - No control,,03 - P.D. only,05 - Turning movement,0
17-4417,APPLE ORCHARD RD @ MANOTICK STATION RD,374363.73576,5011410.09020,-75.61395271670,45.23921480170,2017-05-11,6:07:00 PM,01 - Clear,01 - Daylight,01 - Dry,02 - Stop sign,01 - Functioning,02 - Non-fatal injury,03 - Rear end,0
17-4418,MCARTHUR AVE btwn LAFONTAINE AVE & EASTWOOD PL,370964.76247,5032770.90480,-75.65438540430,45.43174100730,2017-05-11,6:11:00 PM,01 - Clear,01 - Daylight,01 - Dry,10 - No control,,03 - P.D. only,03 - Rear end,0
17-4419,KANATA AVE @ GOLDRIDGE DR/EVANSHEN PL,350286.27451,5019729.05189,-75.91984992240,45.31603894150,2017-05-11,6:29:00 PM,01 - Clear,01 - Daylight,01 - Dry,02 - Stop sign,01 - Functioning,03 - P.D. only,02 - Angle,0
17-4420,METCALFE ST btwn COOPER ST & SOMERSET ST W,367983.55048,5031147.88504,-75.69269088780,45.41741332960,2017-05-11,5:15:00 PM,01 - Clear,01 - Daylight,01 - Dry,10 - No control,,03 - P.D. only,06 - SMV unattended vehicle,0
17-4421,MCARTHUR AVE @ VANIER PKWY,370218.37055,5032689.24811,-75.66393444000,45.43107651260,2017-05-11,6:20:00 AM,01 - Clear,01 - Daylight,01 - Dry,01 - Traffic signal,01 - Functioning,03 - P.D. only,03 - Rear end,0
17-4422,ROGER STEVENS DR btwn DWYER HILL RD & MALAKOFF RD,356704.09332,4991318.05749,-75.84095649550,45.05994234420,2017-05-11,7:53:00 PM,01 - Clear,05 - Dusk,01 - Dry,10 - No control,,03 - P.D. only,07 - SMV other,0
17-4423,BASELINE RD @ FARLANE BLVD,365357.69544,5025518.20230,-75.72692977380,45.36699085560,2017-05-10,11:30:00 PM,01 - Clear,07 - Dark,01 - Dry,01 - Traffic signal,01 - Functioning,02 - Non-fatal injury,02 - Angle,0
17-4424,ROBERTSON RD btwn HAZELDEAN RD & HAANEL DR,353935.93912,5018572.34297,-75.87341803690,45.30538472950,2017-05-11,10:36:00 PM,01 - Clear,07 - Dark,01 - Dry,10 - No control,,03 - P.D. only,07 - SMV other,0
17-4425,NORICE ST @ WOODROFFE AVE,363195.01845,5022396.82330,-75.75490443640,45.33908850170,2017-05-11,11:30:00 PM,01 - Clear,07 - Dark,01 - Dry,01 - Traffic signal,01 - Functioning,01 - Fatal injury,05 - Turning movement,0
17-4426,WALGREEN RD N @ WESTBROOK RD N,347507.90335,5015220.77699,-75.95567297020,45.27564639580,2017-05-12,6:16:00 AM,01 - Clear,01 - Daylight,01 - Dry,02 - Stop sign,01 - Functioning,03 - P.D. only,02 - Angle,0
17-4427,REGIONAL ROAD 174 btwn TRANSIT & OR174 IC109 RAMP56,375898.01545,5033801.55921,-75.59119512430,45.44053008800,2017-05-12,7:55:00 AM,01 - Clear,01 - Daylight,01 - Dry,10 - No control,,02 - Non-fatal injury,03 - Rear end,0
17-4428,ST. JOSEPH BLVD @ FOREST VALLEY DR/YOUVILLE DR,379164.40665,5036155.92160,-75.54909246460,45.46137312350,2017-05-12,8:00:00 AM,01 - Clear,01 - Daylight,01 - Dry,01 - Traffic signal,01 - Functioning,02 - Non-fatal injury,05 - Turning movement,0
17-4429,BANK ST @ HERON RD,369995.21050,5026850.52320,-75.66755816720,45.37856264500,2017-05-12,7:58:00 AM,01 - Clear,01 - Daylight,01 - Dry,01 - Traffic signal,01 - Functioning,03 - P.D. only,04 - Sideswipe,0
17-4430,BANK ST @ QUEEN ST,367343.36955,5031488.91110,-75.70082651740,45.42053929300,2017-05-11,4:40:00 PM,01 - Clear,01 - Daylight,01 - Dry,01 - Traffic signal,01 - Functioning,03 - P.D. only,04 - Sideswipe,0
17-4431,LAURIER AVE   E btwn CUMBERLAND ST & COPERNICUS ST,368619.50293,5031962.58714,-75.68446048340,45.42468601430,2017-05-12,8:59:00 AM,01 - Clear,01 - Daylight,01 - Dry,10 - No control,,02 - Non-fatal injury,04 - Sideswipe,0
17-4432,MAPLE GROVE RD btwn Continuation of MAPLE GROVE RD & SILVER SEVEN RD,351178.91534,5017526.45782,-75.90867153290,45.29616102830,2017-05-11,4:00:00 PM,01 - Clear,01 - Daylight,01 - Dry,10 - No control,,03 - P.D. only,07 - SMV other,0
17-4433,INDUSTRIAL AVE @ ALTA VISTA DR/SANDFORD FLEMIN,370884.30340,5030558.12486,-75.65571041600,45.41183895100,2017-05-12,9:15:00 AM,01 - Clear,01 - Daylight,01 - Dry,01 - Traffic signal,01 - Functioning,03 - P.D. only,03 - Rear end,0
17-4434,WOODROFFE AVE btwn FIRESTATION & BASELINE RD,362545.34237,5023781.87594,-75.76303163620,45.35160488790,2017-05-12,9:21:00 AM,01 - Clear,01 - Daylight,01 - Dry,10 - No control,,02 - Non-fatal injury,05 - Turning movement,0
17-4435,BY WARD MARKET SQ btwn YORK ST & GEORGE ST,367973.12929,5032285.11274,-75.69267819490,45.42764666230,2017-05-12,12:00:00 AM,01 - Clear,00 - Unknown,01 - Dry,10 - No control,,03 - P.D. only,06 - SMV unattended vehicle,0
17-4436,DOVERCOURT AVE @ WINDERMERE AVE,362535.35835,5026935.87150,-75.76279050130,45.37998505230,2017-05-12,12:39:00 PM,01 - Clear,01 - Daylight,01 - Dry,02 - Stop sign,01 - Functioning,03 - P.D. only,02 - Angle,0
17-4437,LEBRETON ST    N btwn LOUISA ST & ARLINGTON AVE,366911.35335,5029791.39130,-75.70656016330,45.40530399290,2017-04-16,12:00:00 AM,01 - Clear,00 - Unknown,01 - Dry,10 - No control,,03 - P.D. only,06 - SMV unattended vehicle,0
17-4438,BILBERRY DR btwn DES FORETS AVE & DU BOIS AVE,381002.53144,5038288.43752,-75.52526080090,45.48036167360,2017-05-12,2:37:00 PM,01 - Clear,01 - Daylight,01 - Dry,10 - No control,,03 - P.D. only,06 - SMV unattended vehicle,0
17-4439,BANKFIELD RD @ MANOTICK MAIN ST/RIDEAU VALLEY,368431.90717,5010157.54056,-75.68965986480,45.22850555110,2017-05-12,3:02:00 PM,01 - Clear,01 - Daylight,01 - Dry,01 - Traffic signal,00 - Unknown,03 - P.D. only,04 - Sideswipe,0
17-4440,LAWRENCE ST btwn CARACOURT DR & TALBOT ST,385905.41734,5002534.53065,-75.46841039670,45.15812241210,2017-05-12,4:18:00 PM,01 - Clear,01 - Daylight,01 - Dry,10 - No control,,02 - Non-fatal injury,07 - SMV other,0
17-4441,WELLINGTON ST btwn O'CONNOR ST & METCALFE ST,367522.14262,5031791.19999,-75.69850391060,45.42324318610,2017-05-12,4:23:00 PM,01 - Clear,01 - Daylight,01 - Dry,10 - No control,,03 - P.D. only,05 - Turning movement,0
17-4442,BROADVIEW AVE @ NADOLNY SACHS PRIV,363284.16704,5026431.13160,-75.75328972890,45.37538136250,2017-05-12,4:42:00 PM,01 - Clear,01 - Daylight,01 - Dry,10 - No control,00 - Unknown,02 - Non-fatal injury,01 - Approaching,0
17-4443,PRINCE OF WALES DR @ NORMANDY CRES S/KOCHAR DR,367445.80708,5024562.74668,-75.70039694690,45.35821036070,2017-05-12,4:30:00 PM,01 - Clear,01 - Daylight,01 - Dry,01 - Traffic signal,01 - Functioning,03 - P.D. only,03 - Rear end,0
17-4444,GEORGE ST @ DALHOUSIE ST,368157.52168,5032315.28924,-75.69031810420,45.42790150120,2017-05-12,5:41:00 PM,01 - Clear,01 - Daylight,01 - Dry,01 - Traffic signal,01 - Functioning,03 - P.D. only,04 - Sideswipe,0
17-4445,KANATA AVE @ TERRY FOX DR,349305.53305,5019212.92239,-75.93240442930,45.31145751010,2017-05-12,9:30:00 PM,01 - Clear,07 - Dark,01 - Dry,01 - Traffic signal,01 - Functioning,03 - P.D. only,07 - SMV other,0
17-4446,FLEWELLYN RD btwn NO NAME & BLACK'S SIDE RD,349917.86542,5009428.75415,-75.92548435990,45.22337707310,2017-05-12,11:12:00 PM,01 - Clear,07 - Dark,01 - Dry,10 - No control,,03 - P.D. only,07 - SMV other,0
17-4447,MANOTICK MAIN ST btwn HIGHCROFT DR & MAPLE AVE,368660.71526,5009957.58574,-75.68677198840,45.22668565530,2017-05-13,10:12:00 AM,02 - Rain,01 - Daylight,02 - Wet,10 - No control,,03 - P.D. only,02 - Angle,0
17-4448,BRUIN RD @ CEDARVIEW RD,359229.62348,5020936.35476,-75.80565792270,45.32626599980,2017-05-13,10:21:00 AM,02 - Rain,01 - Daylight,02 - Wet,02 - Stop sign,01 - Functioning,02 - Non-fatal injury,03 - Rear end,0
17-4449,BRONSON AVE @ FIRST AVE,367490.04185,5029237.23130,-75.69923889200,45.40026623450,2017-05-13,10:56:00 AM,02 - Rain,01 - Daylight,02 - Wet,02 - Stop sign,01 - Functioning,03 - P.D. only,05 - Turning movement,0
17-4450,BANK ST @ MCLEOD ST,367947.70656,5030488.24210,-75.69323334690,45.41148131190,2017-05-13,11:01:00 AM,01 - Clear,01 - Daylight,01 - Dry,02 - Stop sign,01 - Functioning,03 - P.D. only,06 - SMV unattended vehicle,0
17-4451,JOCKVALE RD btwn GREENBANK RD & BREN-MAUR RD,364800.91133,5013970.06871,-75.73543557470,45.26312951520,2017-05-13,12:26:00 PM,02 - Rain,01 - Daylight,02 - Wet,10 - No control,,03 - P.D. only,03 - Rear end,0
17-4452,ALERT RD/AIRPORT PKWY/UPLANDS DR RAMP 62 @ LES,371305.93171,5021353.25395,-75.65156357790,45.32897679820,2017-05-13,12:29:00 PM,02 - Rain,01 - Daylight,02 - Wet,01 - Traffic signal,01 - Functioning,03 - P.D. only,02 - Angle,0
17-4453,WALKLEY RD btwn DON REID DR/RYDER ST & 160 W OF CONROY RD,372647.91836,5027312.22856,-75.63362756630,45.38246502130,2017-05-13,12:47:00 PM,02 - Rain,01 - Daylight,02 - Wet,10 - No control,,03 - P.D. only,03 - Rear end,0
17-4454,CARP RD btwn RIVINGTON ST & MARCH RD,341617.50912,5022338.64107,-76.03021656850,45.34002915730,2017-05-13,1:10:00 PM,01 - Clear,01 - Daylight,01 - Dry,10 - No control,,02 - Non-fatal injury,03 - Rear end,0
17-4455,LEES AVE @ KING EDWARD AVE/MANN AVE,369179.24916,5031335.42144,-75.67739026840,45.41899171720,2017-05-12,2:49:00 PM,01 - Clear,01 - Daylight,01 - Dry,01 - Traffic signal,01 - Functioning,03 - P.D. only,03 - Rear end,0
17-4456,BANK ST @ KILBORN AVE/BELANGER AVE,369654.05435,5027426.21001,-75.67183811990,45.38377415390,2017-05-13,1:54:00 PM,02 - Rain,01 - Daylight,02 - Wet,01 - Traffic signal,01 - Functioning,03 - P.D. only,05 - Turning movement,0
17-4457,BASELINE RD @ MERIVALE RD,365055.14736,5025324.38750,-75.73081534030,45.36527301670,2017-05-13,1:54:00 PM,02 - Rain,01 - Daylight,02 - Wet,01 - Traffic signal,01 - Functioning,03 - P.D. only,03 - Rear end,0
17-4458,ST. JOSEPH BLVD/OLD MONTREAL RD @ TRIM RD,384682.65139,5039292.23080,-75.47803087580,45.48898146130,2017-05-13,2:25:00 PM,01 - Clear,01 - Daylight,01 - Dry,11 - Roundabout,01 - Functioning,03 - P.D. only,04 - Sideswipe,0
17-4459,GREENBANK RD @ STRANDHERD DR,363933.68388,5014784.41719,-75.74638833710,45.27053048030,2017-05-13,4:26:00 PM,01 - Clear,01 - Daylight,01 - Dry,01 - Traffic signal,01 - Functioning,03 - P.D. only,03 - Rear end,0
17-4460,BREADNER BLVD btwn TO BE DETERMINED & UPLANDS DR,370497.99468,5021888.41575,-75.66179853190,45.33386813870,2017-05-13,11:35:00 AM,02 - Rain,01 - Daylight,02 - Wet,10 - No control,,03 - P.D. only,03 - Rear end,0
17-4461,HAZELDEAN RD @ EDGEWATER ST,352324.05666,5017350.76856,-75.89408869330,45.29450361010,2017-05-13,5:30:00 PM,02 - Rain,01 - Daylight,02 - Wet,01 - Traffic signal,01 - Functioning,02 - Non-fatal injury,03 - Rear end,0
17-4462,INNES RD btwn FRANK KENNY RD W & VALIN ST,387440.64811,5037592.15131,-75.44303878700,45.47336486060,2017-05-13,6:02:00 PM,01 - Clear,01 - Daylight,01 - Dry,10 - No control,,03 - P.D. only,07 - SMV other,0
17-4463,SHILLINGTON AVE btwn MERIVALE RD & PANET ST,364858.28317,5026813.16324,-75.73314715490,45.37868566340,2017-05-13,7:20:00 PM,01 - Clear,01 - Daylight,01 - Dry,10 - No control,,03 - P.D. only,02 - Angle,0
17-4464,GREENBANK RD btwn STRANDHERD DR & MARKETPLACE AVE,363993.97463,5014636.30331,-75.74563770230,45.26919267660,2017-05-13,7:15:00 PM,01 - Clear,01 - Daylight,01 - Dry,10 - No control,,03 - P.D. only,04 - Sideswipe,0
17-4465,ROBERTSON RD btwn MOODIE DR & VANIER RD,357111.80260,5020481.56506,-75.83272048400,45.32233479190,2017-05-13,9:10:00 PM,02 - Rain,07 - Dark,02 - Wet,10 - No control,,03 - P.D. only,04 - Sideswipe,0
17-4466,FALLOWFIELD RD btwn MERIVALE RD & WOODROFFE AVE,365980.48578,5018484.63515,-75.71984958440,45.30364972390,2017-05-13,11:10:00 PM,01 - Clear,07 - Dark,01 - Dry,10 - No control,,02 - Non-fatal injury,04 - Sideswipe,0
17-4467,ISABELLA ST/HWY417 IC119AR75 @ METCALFE ST,368448.33061,5030400.08099,-75.68684947060,45.41064271560,2017-05-12,11:37:00 PM,01 - Clear,07 - Dark,01 - Dry,01 - Traffic signal,01 - Functioning,03 - P.D. only,03 - Rear end,0
17-4468,NORTH SERVICE RD @ ROSSIGNOL CRES W,382681.40745,5039415.92640,-75.50360997800,45.49032053830,2017-05-14,1:16:00 AM,01 - Clear,07 - Dark,02 - Wet,02 - Stop sign,01 - Functioning,03 - P.D. only,07 - SMV other,0
17-4469,CASTLE HILL CRES btwn BONNIE CRES & CLYDE AVE,363804.87658,5025661.97692,-75.74673390370,45.36841696260,2017-05-14,1:31:00 AM,02 - Rain,07 - Dark,02 - Wet,10 - No control,,03 - P.D. only,06 - SMV unattended vehicle,0
17-4470,IRIS ST @ PINECREST SC,360639.36855,5023382.71380,-75.78739955930,45.34816759120,2017-05-14,3:03:00 AM,01 - Clear,07 - Dark,01 - Dry,01 - Traffic signal,01 - Functioning,03 - P.D. only,07 - SMV other,0
17-4471,BANK ST @ JOHN QUINN RD,383423.79074,5010701.07531,-75.49868170150,45.23188196930,2017-05-14,8:39:00 AM,02 - Rain,01 - Daylight,02 - Wet,02 - Stop sign,01 - Functioning,03 - P.D. only,01 - Approaching,0
17-4472,BRONSON AVE @ CARLING AVE/GLEBE AVE,367448.04145,5029335.56200,-75.69976283420,45.40115474560,2017-05-14,9:47:00 AM,02 - Rain,01 - Daylight,02 - Wet,01 - Traffic signal,01 - Functioning,03 - P.D. only,02 - Angle,0
17-4473,CHOMLEY CRES btwn MIMOSA AVE & PENHILL AVE,371648.65635,5030236.02716,-75.64598984680,45.40886825720,2017-05-13,12:00:00 AM,01 - Clear,00 - Unknown,01 - Dry,10 - No control,,03 - P.D. only,06 - SMV unattended vehicle,0
17-4474,BLAIR RD @ REGIONAL RD 174 N/OR174 IC112 RAMP61,374634.75993,5032990.87956,-75.60745560860,45.43336337220,2017-05-14,11:00:00 AM,02 - Rain,01 - Daylight,02 - Wet,01 - Traffic signal,01 - Functioning,02 - Non-fatal injury,03 - Rear end,0
17-4475,KANATA AVE btwn EARL GREY DR & MARITIME WAY,351261.29474,5019319.83190,-75.90745316350,45.31229283750,2017-05-14,11:45:00 AM,02 - Rain,01 - Daylight,02 - Wet,10 - No control,,03 - P.D. only,03 - Rear end,0
17-4476,RIVERSIDE DR @ TREMBLAY RD/HWY417 IC117 RAMP52,370801.62714,5031016.13338,-75.65670523410,45.41596772830,2017-05-14,12:20:00 PM,01 - Clear,01 - Daylight,01 - Dry,01 - Traffic signal,01 - Functioning,02 - Non-fatal injury,03 - Rear end,0
17-4477,FIFTH AVE btwn HOWICK PL & RUPERT ST,368560.34547,5029495.61269,-75.68553551500,45.40249441010,2017-05-14,12:00:00 AM,01 - Clear,00 - Unknown,01 - Dry,10 - No control,,03 - P.D. only,06 - SMV unattended vehicle,0
17-4478,DEAKIN ST @ PRINCE OF WALES DR,367390.37665,5021524.15670,-75.70148886960,45.33087467010,2017-05-14,12:37:00 PM,02 - Rain,01 - Daylight,02 - Wet,01 - Traffic signal,01 - Functioning,03 - P.D. only,04 - Sideswipe,0
17-4479,MADELEINE MEILLEUR PRIV @ VANIER PKWY,369654.81520,5033359.30610,-75.67104781180,45.43715791250,2017-05-14,1:50:00 PM,01 - Clear,01 - Daylight,01 - Dry,01 - Traffic signal,01 - Functioning,03 - P.D. only,03 - Rear end,0
17-4480,MAIN ST btwn HAZEL ST & HERRIDGE ST,369171.57364,5030159.89431,-75.67764186680,45.40841545020,2017-05-14,2:01:00 PM,01 - Clear,01 - Daylight,01 - Dry,10 - No control,,02 - Non-fatal injury,03 - Rear end,0
17-4481,JENSCOTT PRIV btwn SCOUT ST & SCOUT ST,364310.85704,5025175.04811,-75.74033369040,45.36399286810,2017-05-14,2:44:00 PM,01 - Clear,01 - Daylight,01 - Dry,10 - No control,,03 - P.D. only,06 - SMV unattended vehicle,0
17-4482,LARKIN DR btwn LAMING ST & CARROLL CRT,362084.30774,5015687.56252,-75.76985100100,45.27881011090,2017-05-14,2:50:00 PM,01 - Clear,01 - Daylight,01 - Dry,10 - No control,,03 - P.D. only,06 - SMV unattended vehicle,0
17-4483,HUNT CLUB RD @ LINDBERGH PRIV,368362.44824,5022133.71122,-75.68901040040,45.33627194740,2017-05-14,3:00:00 PM,01 - Clear,01 - Daylight,01 - Dry,02 - Stop sign,01 - Functioning,03 - P.D. only,03 - Rear end,0
17-4484,8TH LINE RD @ SPRINGHILL RD,386913.98058,5007335.19084,-75.45479443310,45.20119949850,2017-05-14,3:32:00 PM,01 - Clear,01 - Daylight,01 - Dry,02 - Stop sign,01 - Functioning,03 - P.D. only,02 - Angle,0