COLLISION_ID,LOCATION,X,Y,LONGITUDE,LATITUDE,DATE,TIME,ENVIRONMENT,LIGHT,SURFACE_CONDITION,TRAFFIC_CONTROL,TRAFFIC_CONTROL_CONDITION,COLLISION_CLASSIFICATION,IMPACT_TYPE,NO_OF_PEDESTRIANS
17-4485,BOBOLINK RDG btwn ASTURCON ST & YELLOWTAIL WALK,352788.41460,5014872.98220,-75.88840828080,45.27217627350,2017-05-14,4:36:00 PM,01 - Clear,01 - Daylight,01 - Dry,10 - No control,,03 - P.D. only,06 - SMV unattended vehicle,0
17-4486,EAGLESON RD @ HOPE SIDE RD/TERRY FOX DR,355189.82514,5014616.00490,-75.85783129810,45.26969595480,2017-05-14,4:50:00 PM,01 - Clear,01 - Daylight,01 - Dry,01 - Traffic signal,01 - Functioning,02 - Non-fatal injury,02 - Angle,0
17-4487,TERRY FOX DR S @ DIDSBURY RD/CENTRUM KANATA SC,350623.80589,5018915.02084,-75.91562042100,45.30869212820,2017-05-14,7:08:00 PM,01 - Clear,01 - Daylight,02 - Wet,01 - Traffic signal,01 - Functioning,02 - Non-fatal injury,03 - Rear end,0
17-4488,CATHERINE ST btwn PERCY ST & BAY ST,367596.90255,5030002.88687,-75.69777655510,45.40714580010,2017-05-12,1:45:00 PM,01 - Clear,01 - Daylight,01 - Dry,10 - No control,,03 - P.D. only,02 - Angle,0
17-4489,PERCY ST @ GLOUCESTER ST,366940.97303,5030856.96822,-75.70604750000,45.41488911820,2017-05-14,9:49:00 PM,01 - Clear,07 - Dark,01 - Dry,02 - Stop sign,01 - Functioning,03 - P.D. only,07 - SMV other,1
17-4490,ALTA VISTA DR btwn ROLLAND AVE & INDUSTRIAL AVE,370882.78993,5030539.49149,-75.65573224840,45.41167143810,2017-05-14,9:57:00 PM,01 - Clear,07 - Dark,01 - Dry,10 - No control,,03 - P.D. only,06 - SMV unattended vehicle,0
17-4491,KINBURN SIDE RD btwn TIMMINS RD & DOMINION SPRINGS RD,323680.63683,5023175.44011,-76.25905222860,45.34827122180,2017-05-14,10:17:00 PM,02 - Rain,07 - Dark,02 - Wet,10 - No control,,03 - P.D. only,07 - SMV other,0
17-4492,BLAIR PL @ OGILVIE RD,374799.27154,5033372.25814,-75.60529904940,45.43677835390,2017-05-15,7:11:00 AM,01 - Clear,01 - Daylight,01 - Dry,01 - Traffic signal,01 - Functioning,03 - P.D. only,03 - Rear end,0
17-4493,REGIONAL ROAD 174 btwn OR174 IC105 RAMP26 & OR174 IC105 RAMP63,379501.85106,5037089.53490,-75.54463623070,45.46973706320,2017-05-15,8:25:00 AM,01 - Clear,01 - Daylight,01 - Dry,10 - No control,,03 - P.D. only,04 - Sideswipe,0
17-4494,MACKENZIE AVE @ MURRAY ST,367639.48112,5032384.69618,-75.69692892730,45.42857273670,2017-05-15,8:32:00 AM,01 - Clear,01 - Daylight,01 - Dry,01 - Traffic signal,01 - Functioning,03 - P.D. only,04 - Sideswipe,0
17-4495,MEADOWGLEN DR btwn WINDFLOWER WAY & ORLEANS BLVD,380315.98611,5034562.19646,-75.53461385980,45.44691048820,2017-05-15,8:34:00 AM,01 - Clear,01 - Daylight,01 - Dry,10 - No control,,03 - P.D. only,01 - Approaching,0
17-4496,BANK ST @ FIFTH AVE,368398.37895,5029400.55830,-75.68761649810,45.40165387390,2017-05-15,8:48:00 AM,01 - Clear,01 - Daylight,01 - Dry,01 - Traffic signal,01 - Functioning,03 - P.D. only,05 - Turning movement,0
17-4497,IMPERIAL AVE btwn BRONSON AVE & CHAMBERLAIN AVE,367336.42905,5029656.26073,-75.70114771200,45.40405027950,2017-05-15,9:00:00 AM,01 - Clear,01 - Daylight,01 - Dry,10 - No control,,02 - Non-fatal injury,02 - Angle,0
17-4498,MONTREAL RD @ VANIER PKWY,370072.37535,5033064.92320,-75.66575029880,45.43447032300,2017-05-15,10:04:00 AM,01 - Clear,01 - Daylight,01 - Dry,01 - Traffic signal,00 - Unknown,03 - P.D. only,05 - Turning movement,0
17-4499,MONTREAL RD @ VANIER PKWY,370074.38204,5033064.25431,-75.66572474380,45.43446411720,2017-05-15,10:30:00 AM,01 - Clear,01 - Daylight,01 - Dry,01 - Traffic signal,01 - Functioning,03 - P.D. only,03 - Rear end,0
17-4500,MITCH OWENS RD btwn DOWNEY RD & MANOTICK STATION RD,373339.24655,5013162.34221,-75.62675875420,45.25508167770,2017-05-15,10:47:00 AM,01 - Clear,01 - Daylight,01 - Dry,10 - No control,,01 - Fatal injury,01 - Approaching,0
17-4501,POPLAR ST @ PRESTON ST,366391.24854,5029935.78538,-75.71318555960,45.40664917010,2017-05-15,11:46:00 AM,01 - Clear,01 - Daylight,01 - Dry,02 - Stop sign,01 - Functioning,02 - Non-fatal injury,03 - Rear end,0
17-4502,PORTAGE BRIDGE SB btwn PROVINCIAL BOUNDARY & WELLINGTON ST,366369.85800,5031574.28000,-75.71325410230,45.42139377030,2017-05-15,12:16:00 PM,01 - Clear,01 - Daylight,01 - Dry,10 - No control,,03 - P.D. only,03 - Rear end,0
17-4503,BRONSON AVE @ BRONSON AVE NB ON RAMP 42,367753.58729,5028446.21239,-75.69597381770,45.39312522640,2017-05-13,9:30:00 AM,02 - Rain,01 - Daylight,02 - Wet,03 - Yield sign,01 - Functioning,03 - P.D. only,03 - Rear end,0
17-4504,HUNT CLUB RD @ MALAK ST,374194.73834,5025652.17871,-75.61411131910,45.36737711130,2017-05-15,1:14:00 PM,01 - Clear,01 - Daylight,01 - Dry,02 - Stop sign,01 - Functioning,02 - Non-fatal injury,03 - Rear end,0
17-4505,EXHIBITION WAY btwn BANK ST & NO NAME,368619.01350,5029130.17600,-75.68483346290,45.39920098180,2017-05-15,2:03:00 PM,01 - Clear,01 - Daylight,01 - Dry,10 - No control,,03 - P.D. only,06 - SMV unattended vehicle,0
17-4506,JOCKVALE RD btwn BREN-MAUR RD & RIVERSTONE DR,364903.98119,5013896.78021,-75.73413118640,45.26246126580,2017-05-15,2:47:00 PM,01 - Clear,01 - Daylight,01 - Dry,10 - No control,,02 - Non-fatal injury,05 - Turning movement,0
17-4507,STONEWAY DR btwn FOREST GATE WAY & MOUNTAIN ASH DR,366176.18599,5016856.05041,-75.71755588660,45.28897878160,2017-05-15,2:54:00 PM,01 - Clear,01 - Daylight,01 - Dry,10 - No control,,03 - P.D. only,05 - Turning movement,0
17-4508,MERIVALE RD @ WOODFIELD DR/ROYDON PL,365463.15206,5022297.82246,-75.72597875970,45.33800525620,2017-05-15,3:03:00 PM,01 - Clear,01 - Daylight,01 - Dry,01 - Traffic signal,01 - Functioning,03 - P.D. only,03 - Rear end,0
17-4509,BANTON ST @ WALKLEY RD,374248.74004,5028248.19941,-75.61305688300,45.39072958080,2017-05-15,4:27:00 PM,01 - Clear,01 - Daylight,01 - Dry,01 - Traffic signal,01 - Functioning,03 - P.D. only,04 - Sideswipe,0
17-4510,DONALD ST @ ST. LAURENT BLVD,372092.70956,5032473.25380,-75.64001204240,45.42895525850,2017-05-15,4:00:00 PM,01 - Clear,01 - Daylight,01 - Dry,01 - Traffic signal,01 - Functioning,03 - P.D. only,02 - Angle,0
17-4511,CARLETON AVE @ SCOTT ST,364115.02775,5029213.89140,-75.74234799690,45.40035030740,2017-05-15,4:51:00 PM,01 - Clear,01 - Daylight,01 - Dry,01 - Traffic signal,01 - Functioning,03 - P.D. only,99 - Other,0
17-4512,CARLING AVE btwn CAMBRIDGE ST S & BRONSON AVE,367371.78727,5029272.68575,-75.70074475200,45.40059582310,2017-05-15,5:09:00 PM,01 - Clear,01 - Daylight,01 - Dry,10 - No control,,02 - Non-fatal injury,04 - Sideswipe,0
17-4513,GLOUCESTER ST @ METCALFE ST,367833.93124,5031386.59831,-75.69457187620,45.41957468900,2017-05-15,6:00:00 PM,01 - Clear,01 - Daylight,01 - Dry,01 - Traffic signal,01 - Functioning,03 - P.D. only,04 - Sideswipe,0
17-4514,HOG'S BACK RD btwn PRINCE OF WALES DR & COLONEL BY DR,367475.93228,5025779.76463,-75.69985811070,45.36915811790,2017-05-15,6:43:00 PM,01 - Clear,01 - Daylight,01 - Dry,10 - No control,,03 - P.D. only,04 - Sideswipe,0
17-4515,ProposedCANYON WALK DR @ EARL ARMSTRONG RD,369397.92175,5015630.41427,-75.67664782230,45.27766195760,2017-05-15,7:36:00 PM,01 - Clear,01 - Daylight,01 - Dry,01 - Traffic signal,01 - Functioning,03 - P.D. only,05 - Turning movement,0
17-4516,CARLING AVE @ IROQUOIS RD,362214.02045,5026024.86120,-75.76699916750,45.37181428620,2017-05-15,8:15:00 PM,01 - Clear,05 - Dusk,01 - Dry,01 - Traffic signal,01 - Functioning,03 - P.D. only,02 - Angle,0
17-4517,GALETTA SIDE RD btwn MOHRS RD & MORNING DEW DR,324030.97519,5031830.84702,-76.25424411220,45.42614764810,2017-05-15,9:11:00 PM,01 - Clear,07 - Dark,01 - Dry,10 - No control,,03 - P.D. only,07 - SMV other,0
17-4518,CLARENCE ST @ COBOURG ST,368950.71274,5033056.59120,-75.68008592530,45.43449915530,2017-05-15,9:26:00 PM,01 - Clear,07 - Dark,01 - Dry,02 - Stop sign,01 - Functioning,03 - P.D. only,02 - Angle,0
17-4519,BUTTERNUT CRT @ NORTHPARK DR,378001.40195,5033571.23980,-75.56434655840,45.43824076140,2017-05-16,7:07:00 AM,01 - Clear,01 - Daylight,01 - Dry,02 - Stop sign,01 - Functioning,02 - Non-fatal injury,07 - SMV other,0
17-4520,CARLING AVE/STATION RD @ MARCH RD,350906.71668,5022246.21578,-75.91170255380,45.33864850170,2017-05-16,7:55:00 AM,01 - Clear,01 - Daylight,01 - Dry,01 - Traffic signal,01 - Functioning,03 - P.D. only,03 - Rear end,0
17-4521,INNES RD btwn 173 W OF ORIENT PARK DR & ORIENT PARK DR,378206.24811,5032968.23428,-75.56181850050,45.43279384630,2017-05-16,9:14:00 AM,01 - Clear,01 - Daylight,01 - Dry,10 - No control,,02 - Non-fatal injury,03 - Rear end,0
17-4522,CENTURY RD    E btwn FIRST LINE RD & MANOTICK MAIN ST,368269.02735,5007737.11830,-75.69204240630,45.20674132410,2017-05-16,9:20:00 AM,01 - Clear,01 - Daylight,01 - Dry,10 - No control,,03 - P.D. only,07 - SMV other,0
17-4523,BANK ST @ HOPEWELL AVE,368768.70830,5028504.22814,-75.68300276010,45.39355524000,2017-05-16,9:28:00 AM,01 - Clear,01 - Daylight,01 - Dry,02 - Stop sign,01 - Functioning,03 - P.D. only,03 - Rear end,0
17-4524,LIMEBANK RD @ RIDEAU RD,370882.39325,5014019.43330,-75.65794345560,45.26302867570,2017-05-16,10:55:00 AM,01 - Clear,01 - Daylight,01 - Dry,02 - Stop sign,01 - Functioning,02 - Non-fatal injury,02 - Angle,0
17-4525,PINE HILL DR btwn BRANDY CREEK CRES & PEREGRINE CRES,355831.34416,5017117.67181,-75.84939906420,45.29216019820,2017-05-16,1:13:00 PM,01 - Clear,01 - Daylight,01 - Dry,10 - No control,,02 - Non-fatal injury,07 - SMV other,0
17-4526,NAVAN RD btwn MUSTANG ST & TO BE DETERMINED,388099.39185,5032189.42079,-75.43552981350,45.42467845080,2017-05-16,12:30:00 PM,01 - Clear,01 - Daylight,01 - Dry,10 - No control,,03 - P.D. only,02 - Angle,0
17-4527,WALKLEY EXTENSION RD btwn HWY417 IC110 RAMP65 & HWY417 IC110 RAMP56,375821.67895,5029087.24232,-75.59285029900,45.39812110030,2017-05-16,2:17:00 PM,01 - Clear,01 - Daylight,01 - Dry,10 - No control,,02 - Non-fatal injury,04 - Sideswipe,0
17-4528,WALKLEY EXTENSION RD btwn HWY417 IC110 RAMP65 & HWY417 IC110 RAMP56,375821.57873,5029086.73339,-75.59285165320,45.39811653170,2017-05-16,2:40:00 PM,01 - Clear,01 - Daylight,01 - Dry,10 - No control,,03 - P.D. only,03 - Rear end,0
17-4529,REGIONAL ROAD 174 btwn MCTEER RD & CANAAN RD,395659.10697,5043373.41732,-75.33687624320,45.52435560390,2017-05-14,11:15:00 AM,02 - Rain,01 - Daylight,02 - Wet,10 - No control,,03 - P.D. only,07 - SMV other,0
17-4530,OTTAWA RIVER PKWY @ PORTAGE BRIDGE,366515.96016,5031314.56383,-75.71141990410,45.41904404630,2017-05-16,2:57:00 PM,01 - Clear,01 - Daylight,01 - Dry,01 - Traffic signal,01 - Functioning,03 - P.D. only,99 - Other,0
17-4531,ALBION RD btwn LESTER RD & LEITRIM RD,373041.23175,5021500.57278,-75.62940805390,45.33013574160,2017-05-16,3:59:00 PM,01 - Clear,01 - Daylight,01 - Dry,10 - No control,,02 - Non-fatal injury,03 - Rear end,0
17-4532,IRVING AVE btwn WELLINGTON ST W & LAUREL ST,365674.09539,5029694.11323,-75.72237601330,45.40453740130,2017-05-16,4:03:00 PM,01 - Clear,01 - Daylight,01 - Dry,10 - No control,,03 - P.D. only,07 - SMV other,0
17-4533,BASELINE RD btwn COLLEGE SQUARE SC & WOODROFFE AVE,362721.50531,5023873.54867,-75.76077282630,45.35241522440,2017-05-16,4:18:00 PM,01 - Clear,01 - Daylight,01 - Dry,10 - No control,,02 - Non-fatal injury,03 - Rear end,0
17-4534,BANK ST btwn RANDALL AVE & 73 N OF EVANS BLVD,369870.22939,5027130.92565,-75.66911685890,45.38109723490,2017-05-16,4:23:00 PM,01 - Clear,01 - Daylight,01 - Dry,10 - No control,,03 - P.D. only,03 - Rear end,0
17-4535,KING EDWARD AVE @ RIDEAU ST,368511.70720,5032412.91276,-75.68577959480,45.42874770970,2017-05-16,4:40:00 PM,01 - Clear,01 - Daylight,01 - Dry,01 - Traffic signal,01 - Functioning,03 - P.D. only,03 - Rear end,0
17-4536,REGIONAL ROAD 174 btwn OR174 IC105 RAMP51 & OR174 IC105 RAMP35,379375.68049,5036983.68206,-75.54626566770,45.46879816420,2017-05-16,4:50:00 PM,01 - Clear,01 - Daylight,01 - Dry,10 - No control,,03 - P.D. only,04 - Sideswipe,0
17-4537,DUNNING RD btwn MAGLADRY RD & SARSFIELD RD,395514.11833,5029730.94914,-75.34124932870,45.40163802320,2017-05-16,5:01:00 PM,01 - Clear,01 - Daylight,01 - Dry,10 - No control,,03 - P.D. only,03 - Rear end,0
17-4538,MOODIE DR btwn ROBERTSON RD & HADLEY CIRC,357097.08688,5020393.93964,-75.83291743520,45.32154742480,2017-05-16,5:43:00 PM,01 - Clear,01 - Daylight,01 - Dry,10 - No control,,03 - P.D. only,07 - SMV other,0
17-4539,LOWEN DR @ RIVER RD,367924.71264,5017625.79919,-75.69516930140,45.29575001090,2017-05-16,5:48:00 PM,01 - Clear,01 - Daylight,01 - Dry,02 - Stop sign,00 - Unknown,03 - P.D. only,03 - Rear end,0
17-4540,CAMPEAU DR/HWY 417 MARCH IC138R63 @ MARCH RD,352840.50771,5020477.36774,-75.88720145510,45.32260232570,2017-05-16,5:37:00 PM,01 - Clear,01 - Daylight,01 - Dry,01 - Traffic signal,01 - Functioning,03 - P.D. only,04 - Sideswipe,0
17-4541,CENTURY RD S @ MCCORDICK RD S,360470.41745,5003124.52570,-75.79182502080,45.16589523610,2017-05-16,6:26:00 PM,01 - Clear,01 - Daylight,01 - Dry,02 - Stop sign,01 - Functioning,02 - Non-fatal injury,02 - Angle,0
17-4542,TOMPKINS AVE @ CARAVEL CRES W/MCEACHERN CRES W,382581.11118,5037765.26150,-75.50515438700,45.47548052070,2017-05-16,6:26:00 PM,01 - Clear,01 - Daylight,01 - Dry,02 - Stop sign,01 - Functioning,03 - P.D. only,02 - Angle,0
17-4543,ROBERTSON RD btwn WESTCLIFFE RD & FITZGERALD RD,356475.57721,5020098.95085,-75.84087543400,45.31893910550,2017-05-16,6:37:00 PM,01 - Clear,01 - Daylight,01 - Dry,10 - No control,,03 - P.D. only,04 - Sideswipe,0
17-4544,PARENT AVE btwn GUIGUES AVE & ST. PATRICK ST,367789.99165,5032606.67461,-75.69497724100,45.43055648320,2017-05-16,6:30:00 PM,01 - Clear,01 - Daylight,01 - Dry,10 - No control,,03 - P.D. only,99 - Other,0
17-4545,KING EDWARD AVE btwn RIDEAU ST & BESSERER ST,368530.77075,5032381.48218,-75.68554005870,45.42846317170,2017-05-16,7:17:00 PM,01 - Clear,01 - Daylight,01 - Dry,10 - No control,,03 - P.D. only,04 - Sideswipe,0
17-4546,SHERWOOD DR btwn WARWICK PL & MACFARLANE AVE,365458.05340,5028775.05049,-75.72524857810,45.39628664230,2017-05-16,9:34:00 PM,01 - Clear,07 - Dark,01 - Dry,10 - No control,,03 - P.D. only,06 - SMV unattended vehicle,0
17-4547,WEST HUNT CLUB RD @ WOODROFFE AVE,363669.68766,5021245.82010,-75.74898528800,45.32869219420,2017-05-16,9:39:00 PM,01 - Clear,07 - Dark,01 - Dry,01 - Traffic signal,01 - Functioning,03 - P.D. only,03 - Rear end,0
17-4548,OLD TENTH LINE RD/OR174 IC101 RAMP63 @ ST. JOS,383120.74744,5038786.93209,-75.49809040560,45.48461226440,2017-05-16,9:56:00 PM,01 - Clear,07 - Dark,01 - Dry,01 - Traffic signal,01 - Functioning,03 - P.D. only,07 - SMV other,0
17-4549,CARP RD btwn LLOYDALEX CRES & ROTHBOURNE RD,348066.13556,5015084.00547,-75.94857035600,45.27438154580,2017-05-17,3:10:00 AM,01 - Clear,07 - Dark,01 - Dry,10 - No control,,02 - Non-fatal injury,07 - SMV other,0
17-4550,MALAKOFF RD btwn TURN LANE & PADEN RD,366424.48939,4991364.81253,-75.71753828120,45.05958417820,2017-05-17,6:41:00 AM,01 - Clear,01 - Daylight,01 - Dry,10 - No control,,02 - Non-fatal injury,07 - SMV other,0
17-4551,MANOTICK MAIN ST @ MILL ST,368820.36295,5009830.72010,-75.68475549470,45.22552963100,2017-05-16,11:15:00 AM,01 - Clear,01 - Daylight,01 - Dry,02 - Stop sign,01 - Functioning,03 - P.D. only,04 - Sideswipe,0
17-4552,HALYARD WAY btwn BRETTONWOOD RIDGE & CLONRUSH WAY,348994.78060,5018418.50080,-75.93643822050,45.30432868930,2017-05-17,7:00:00 AM,01 - Clear,01 - Daylight,01 - Dry,10 - No control,,03 - P.D. only,99 - Other,0
17-4553,TENTH LINE RD @ CHARLEMAGNE BLVD S/DES EPINETT,383640.97510,5036900.45590,-75.49173924100,45.46758093120,2017-05-01,8:30:00 AM,02 - Rain,01 - Daylight,02 - Wet,01 - Traffic signal,01 - Functioning,02 - Non-fatal injury,03 - Rear end,0
17-4554,CAMBRIAN RD @ GREENBANK RD,364763.92058,5012873.98397,-75.73603916070,45.25327008140,2017-05-17,7:15:00 AM,01 - Clear,01 - Daylight,01 - Dry,11 - Roundabout,00 - Unknown,03 - P.D. only,07 - SMV other,0
17-4555,RIVERSIDE DR @ SMYTH RD SOUTH SIDE RAMP,369787.44156,5028997.97590,-75.66992799460,45.39790401050,2017-05-17,11:01:00 AM,01 - Clear,01 - Daylight,01 - Dry,01 - Traffic signal,01 - Functioning,03 - P.D. only,03 - Rear end,0
17-4556,CLARIDGE DR btwn UPNEY DR & BEATRICE DR,365070.50618,5016515.49153,-75.73169154850,45.28601013570,2017-05-17,12:00:00 AM,01 - Clear,00 - Unknown,01 - Dry,10 - No control,,03 - P.D. only,06 - SMV unattended vehicle,0
17-4557,BASELINE RD @ WOODROFFE AVE,362549.35575,5023770.50470,-75.76298174790,45.35150224020,2017-05-17,12:43:00 PM,01 - Clear,01 - Daylight,01 - Dry,01 - Traffic signal,01 - Functioning,03 - P.D. only,03 - Rear end,0
17-4558,CHRISTINE AVE btwn PANET ST & SILVER ST,365063.03367,5026861.66909,-75.73052711930,45.37910452910,2017-05-12,12:00:00 AM,01 - Clear,00 - Unknown,01 - Dry,10 - No control,,03 - P.D. only,06 - SMV unattended vehicle,0
17-4559,CASTLEFRANK RD btwn KATIMAVIK RD & MCCURDY DR,352005.63685,5018872.61289,-75.89800327700,45.30821901250,2017-05-17,10:53:00 AM,01 - Clear,01 - Daylight,01 - Dry,10 - No control,,02 - Non-fatal injury,03 - Rear end,0
17-4560,DALMENY RD btwn STAGECOACH RD & 4TH LINE RD,377892.76342,4999256.72980,-75.57078940230,45.12950439760,2017-05-16,9:30:00 PM,01 - Clear,07 - Dark,01 - Dry,10 - No control,,03 - P.D. only,07 - SMV other,0
17-4561,HAWTHORNE RD btwn STEVENAGE DR & HUNT CLUB RD,375464.60609,5026512.21482,-75.59777923920,45.37498842830,2017-05-15,2:40:00 PM,01 - Clear,01 - Daylight,01 - Dry,10 - No control,,03 - P.D. only,07 - SMV other,0
17-4562,RIVER RD btwn EDGEWATER DR & WOODEDEN DR,373373.75130,5005189.64658,-75.62741720280,45.18334133420,2017-05-17,3:21:00 PM,01 - Clear,01 - Daylight,01 - Dry,10 - No control,,02 - Non-fatal injury,01 - Approaching,0
17-4563,DUNDONALD DR @ GREENBANK RD,365090.64410,5012122.31100,-75.73196813040,45.24647859430,2017-05-17,3:19:00 PM,01 - Clear,01 - Daylight,01 - Dry,02 - Stop sign,01 - Functioning,03 - P.D. only,03 - Rear end,0
17-4564,WAVERLEY ST @ O'CONNOR ST,368008.88575,5030766.36700,-75.69241614030,45.41397826710,2017-05-17,3:25:00 PM,01 - Clear,01 - Daylight,01 - Dry,02 - Stop sign,01 - Functioning,03 - P.D. only,03 - Rear end,0
17-4565,ALBERT ST @ COMMISSIONER ST,366714.03175,5030972.90779,-75.70893220040,45.41595242580,2017-05-17,3:30:00 PM,01 - Clear,01 - Daylight,01 - Dry,02 - Stop sign,01 - Functioning,02 - Non-fatal injury,05 - Turning movement,0
17-4566,LAURIER AVE  E btwn 73 E OF WALLER ST & CUMBERLAND ST,368590.01179,5031943.23313,-75.68483981360,45.42451456390,2017-05-17,3:40:00 PM,01 - Clear,01 - Daylight,01 - Dry,10 - No control,,03 - P.D. only,04 - Sideswipe,0
17-4567,ST. JOSEPH BLVD @ JEANNE D'ARC BLVD,379861.74584,5036472.91869,-75.54012834850,45.46415064380,2017-05-17,3:53:00 PM,01 - Clear,01 - Daylight,01 - Dry,11 - Roundabout,01 - Functioning,03 - P.D. only,02 - Angle,0
17-4568,HIGHLAND TER @ SMYTH RD,371358.72704,5029162.54530,-75.64983825960,45.39923713420,2017-05-17,4:06:00 PM,01 - Clear,01 - Daylight,01 - Dry,02 - Stop sign,01 - Functioning,03 - P.D. only,04 - Sideswipe,0
17-4569,MARCH RD @ MORGAN'S GRANT WAY/SHIRLEY'S BROOK,349662.61254,5023618.17890,-75.92745142680,45.35107439880,2017-05-17,4:47:00 PM,01 - Clear,01 - Daylight,01 - Dry,01 - Traffic signal,01 - Functioning,03 - P.D. only,05 - Turning movement,0
17-4570,HWY 417 CASTLEFR IC139R61 @ KANATA AVE,351616.73669,5019225.95766,-75.90292912930,45.31142452770,2017-05-17,4:00:00 PM,01 - Clear,01 - Daylight,01 - Dry,01 - Traffic signal,00 - Unknown,03 - P.D. only,03 - Rear end,0
17-4571,NAVAN RD W @ MER BLEUE RD,384006.67568,5032255.75175,-75.48781091920,45.42575063390,2017-05-17,5:07:00 PM,01 - Clear,01 - Daylight,01 - Dry,02 - Stop sign,01 - Functioning,02 - Non-fatal injury,02 - Angle,0
17-4572,MEADOWLANDS DR btwn FISHER AVE & ORTONA AVE,366602.82410,5025064.17510,-75.71109293960,45.36279692850,2017-05-17,5:20:00 PM,01 - Clear,01 - Daylight,01 - Dry,10 - No control,,03 - P.D. only,04 - Sideswipe,0
17-4573,MER BLEUE RD btwn WALL RD & MER BLEUE RD,383945.81940,5032534.30769,-75.48854372300,45.42826373050,2017-05-17,5:30:00 PM,01 - Clear,01 - Daylight,01 - Dry,10 - No control,,03 - P.D. only,03 - Rear end,0
17-4574,BLAIR PL @ OGILVIE RD,374799.38805,5033372.25060,-75.60529756030,45.43677827470,2017-05-17,5:33:00 PM,01 - Clear,01 - Daylight,01 - Dry,01 - Traffic signal,01 - Functioning,02 - Non-fatal injury,02 - Angle,0
17-4575,GOLDRIDGE DR btwn NORGOLD CRES & INSMILL CRES,349775.59911,5019516.11510,-75.92638228160,45.31415577460,2017-05-17,12:00:00 AM,01 - Clear,00 - Unknown,01 - Dry,10 - No control,,03 - P.D. only,06 - SMV unattended vehicle,0
17-4576,IRIS ST @ WOODROFFE AVE,362283.02655,5024441.51950,-75.76630243920,45.35756186320,2017-05-17,5:00:00 PM,01 - Clear,01 - Daylight,01 - Dry,01 - Traffic signal,01 - Functioning,03 - P.D. only,04 - Sideswipe,0
17-4577,CARLING AVE @ HOLLAND AVE,365418.37094,5028038.54680,-75.72584586040,45.38966317950,2017-05-15,6:30:00 PM,01 - Clear,01 - Daylight,01 - Dry,01 - Traffic signal,01 - Functioning,02 - Non-fatal injury,02 - Angle,0
17-4578,MANOTICK STATION RD btwn MITCH OWENS RD & PEBBLEWOODS DR,373686.41403,5012862.36785,-75.62237767800,45.25234867660,2017-05-17,6:52:00 PM,01 - Clear,01 - Daylight,01 - Dry,10 - No control,,03 - P.D. only,07 - SMV other,0
17-4579,LAFONTAINE AVE btwn MCARTHUR AVE & BLAKE BLVD,370942.01999,5032872.57704,-75.65466237390,45.43265796050,2017-05-17,7:06:00 PM,01 - Clear,01 - Daylight,01 - Dry,10 - No control,,03 - P.D. only,06 - SMV unattended vehicle,0
17-4580,CARILLON ST @ HANNAH ST,370156.03885,5033391.26240,-75.66463778060,45.43739877110,2017-05-17,7:32:00 PM,01 - Clear,01 - Daylight,01 - Dry,02 - Stop sign,01 - Functioning,03 - P.D. only,02 - Angle,0
17-4581,ISABELLA ST/HWY417 IC119AR75 @ METCALFE ST,368448.35663,5030400.35139,-75.68684910350,45.41064514620,2017-05-17,8:03:00 PM,01 - Clear,05 - Dusk,01 - Dry,01 - Traffic signal,01 - Functioning,03 - P.D. only,04 - Sideswipe,0
17-4582,MCARTON RD btwn LOWE RD & UPPER DWYER HILL RD,339391.65918,5006879.56420,-76.05969397190,45.20103345300,2017-05-17,9:04:00 PM,01 - Clear,07 - Dark,01 - Dry,10 - No control,,03 - P.D. only,07 - SMV other,0
17-4583,GREENBANK RD @ STRANDHERD DR,363934.19340,5014784.41720,-75.74638184450,45.27053043750,2017-05-17,9:42:00 PM,01 - Clear,07 - Dark,01 - Dry,01 - Traffic signal,01 - Functioning,02 - Non-fatal injury,05 - Turning movement,0
17-4584,TRIM RD btwn BRIARGATE PRIV & INNES RD,386552.39083,5037304.99403,-75.45444532420,45.47088586260,2017-05-18,2:20:00 AM,01 - Clear,07 - Dark,01 - Dry,10 - No control,,02 - Non-fatal injury,07 - SMV other,1
17-4585,MARCH VALLEY RD btwn RIDDELL DR & KLONDIKE RD,348875.76698,5026528.94073,-75.93723323300,45.37731595500,2017-05-18,5:26:00 AM,01 - Clear,03 - Dawn,01 - Dry,10 - No control,,03 - P.D. only,07 - SMV other,0
17-4586,GREENBANK RD btwn WEST HUNT CLUB RD & FALLOWFIELD RD,361521.48302,5020407.49592,-75.77648424480,45.32132586230,2017-05-15,6:38:00 AM,01 - Clear,01 - Daylight,01 - Dry,10 - No control,,03 - P.D. only,03 - Rear end,0
17-4587,INNES RD @ PORTOBELLO BLVD,385631.43525,5036891.88270,-75.46628969470,45.46727628980,2017-05-18,7:38:00 AM,01 - Clear,01 - Daylight,01 - Dry,01 - Traffic signal,01 - Functioning,02 - Non-fatal injury,99 - Other,0
17-4588,BRIAN COBURN BLVD @ NANTES ST,386131.27010,5035613.09210,-75.46011017970,45.45571297510,2017-05-18,7:58:00 AM,01 - Clear,01 - Daylight,01 - Dry,02 - Stop sign,00 - Unknown,03 - P.D. only,03 - Rear end,0
17-4589,BLAIR RD @ REGIONAL RD 174 N/OR174 IC112 RAMP61,374635.55564,5032989.69741,-75.60744560790,45.43335265590,2017-05-18,7:40:00 AM,01 - Clear,01 - Daylight,01 - Dry,01 - Traffic signal,01 - Functioning,03 - P.D. only,03 - Rear end,0