COLLISION_ID,LOCATION,X,Y,LONGITUDE,LATITUDE,DATE,TIME,ENVIRONMENT,LIGHT,SURFACE_CONDITION,TRAFFIC_CONTROL,TRAFFIC_CONTROL_CONDITION,COLLISION_CLASSIFICATION,IMPACT_TYPE,NO_OF_PEDESTRIANS
17-4590,CARLING AVE @ CLYDE AVE/COLE AVE,363522.36284,5026850.54210,-75.75019889380,45.37913523690,2017-05-18,8:36:00 AM,01 - Clear,01 - Daylight,01 - Dry,01 - Traffic signal,01 - Functioning,02 - Non-fatal injury,05 - Turning movement,0
17-4591,INNES RD @ ORLEANS BLVD,380461.12955,5034297.07190,-75.53279939910,45.44450940340,2017-05-18,8:47:00 AM,01 - Clear,01 - Daylight,01 - Dry,01 - Traffic signal,01 - Functioning,02 - Non-fatal injury,07 - SMV other,1
17-4592,ALESTHER ST @ DONALD ST,371992.38605,5032461.25260,-75.64129565000,45.42885692260,2017-05-18,9:02:00 AM,01 - Clear,01 - Daylight,01 - Dry,02 - Stop sign,01 - Functioning,03 - P.D. only,03 - Rear end,0
17-4593,ALBION RD @ HUNT CLUB RD,371867.39925,5024320.51780,-75.64399929750,45.35562185680,2017-05-18,9:04:00 AM,01 - Clear,01 - Daylight,01 - Dry,01 - Traffic signal,01 - Functioning,03 - P.D. only,02 - Angle,0
17-4594,SPRATT RD btwn SHORELINE DR & CANYON WALK DR,368627.64977,5016072.76304,-75.68640767020,45.28171250510,2017-05-18,9:13:00 AM,01 - Clear,01 - Daylight,01 - Dry,10 - No control,,03 - P.D. only,02 - Angle,0
17-4595,MARCH RD @ TERRY FOX DR,349862.93636,5023399.50890,-75.92491489610,45.34909391460,2017-05-18,9:47:00 AM,01 - Clear,01 - Daylight,01 - Dry,01 - Traffic signal,01 - Functioning,03 - P.D. only,03 - Rear end,0
17-4596,MONTREAL RD btwn BETHAMY LANE & OGILVIE RD,375529.31694,5034477.65633,-75.59581021680,45.44665060320,2017-05-18,9:45:00 AM,01 - Clear,01 - Daylight,01 - Dry,10 - No control,,03 - P.D. only,02 - Angle,0
17-4597,STONEHAM PLACE btwn BEVINGTON WALK & FAIRLAKES WAY,384945.46288,5034310.41564,-75.47548151190,45.44412971230,2017-05-04,12:00:00 AM,01 - Clear,00 - Unknown,01 - Dry,10 - No control,,03 - P.D. only,06 - SMV unattended vehicle,0
17-4598,ISABELLA ST/HWY417 IC119AR75 @ METCALFE ST,368450.23501,5030398.54570,-75.68682534130,45.41062872830,2017-05-18,11:13:00 AM,01 - Clear,01 - Daylight,01 - Dry,01 - Traffic signal,01 - Functioning,03 - P.D. only,04 - Sideswipe,0
17-4599,CARP RD btwn JUANITA AVE & FALLDOWN LANE,340948.34158,5023096.08163,-76.03869936950,45.34687970180,2017-05-18,11:40:00 AM,01 - Clear,01 - Daylight,01 - Dry,10 - No control,,03 - P.D. only,02 - Angle,0
17-4600,CAMPEAU DR @ TERRY FOX DR,350456.60404,5019009.11741,-75.91774392520,45.30954972440,2017-05-18,10:15:00 AM,01 - Clear,01 - Daylight,01 - Dry,01 - Traffic signal,01 - Functioning,03 - P.D. only,03 - Rear end,0
17-4601,STRANDHERD DR @ 210 W OF WOODROFFE AVE,365926.01534,5015320.80570,-75.72093394530,45.27518653500,2017-05-18,12:14:00 PM,01 - Clear,01 - Daylight,01 - Dry,01 - Traffic signal,01 - Functioning,03 - P.D. only,03 - Rear end,0
17-4602,KING EDWARD AVE @ GEORGE ST,368462.99030,5032481.61454,-75.68639324060,45.42937029880,2017-05-18,12:26:00 PM,01 - Clear,01 - Daylight,01 - Dry,02 - Stop sign,01 - Functioning,03 - P.D. only,04 - Sideswipe,0
17-4603,CYRVILLE RD @ ST. LAURENT BLVD,372242.05525,5032111.58000,-75.63815317580,45.42568670240,2017-05-17,3:30:00 PM,01 - Clear,01 - Daylight,01 - Dry,01 - Traffic signal,00 - Unknown,03 - P.D. only,04 - Sideswipe,0
17-4604,BANK ST btwn ARLINGTON AVE & CATHERINE ST,368026.66192,5030303.69240,-75.69224839650,45.40981366370,2017-05-18,11:15:00 AM,01 - Clear,01 - Daylight,01 - Dry,10 - No control,,03 - P.D. only,04 - Sideswipe,0
17-4605,GREENBANK RD @ WEST HUNT CLUB RD,361480.68034,5020502.47920,-75.77699379460,45.32218381750,2017-05-18,2:20:00 PM,01 - Clear,01 - Daylight,01 - Dry,01 - Traffic signal,01 - Functioning,03 - P.D. only,03 - Rear end,0
17-4606,MERIVALE RD btwn VIEWMOUNT DR & COLONNADE RD,365250.83110,5022814.25301,-75.72862448800,45.34267035680,2017-05-18,2:20:00 PM,01 - Clear,01 - Daylight,01 - Dry,10 - No control,,03 - P.D. only,05 - Turning movement,0
17-4607,TERRY FOX DR btwn HUNTSVILLE DR & OLD SECOND LINE RD,348377.20600,5022065.26400,-75.94399214380,45.33718192350,2017-05-18,3:07:00 PM,01 - Clear,01 - Daylight,01 - Dry,10 - No control,,02 - Non-fatal injury,03 - Rear end,0
17-4608,CARLING AVE @ KIRKWOOD AVE N,364275.35775,5027492.86530,-75.74050767900,45.38485123430,2017-05-18,3:00:00 PM,01 - Clear,01 - Daylight,01 - Dry,01 - Traffic signal,01 - Functioning,03 - P.D. only,05 - Turning movement,0
17-4609,HWY 417 TERRYFO IC140R61 @ TERRY FOX DR,350808.97512,5018709.85470,-75.91327817510,45.30683388280,2017-05-18,3:00:00 PM,01 - Clear,01 - Daylight,01 - Dry,01 - Traffic signal,02 - Not functioning,03 - P.D. only,02 - Angle,0
17-4610,CAMPEAU DR/HWY 417 MARCH IC138R63 @ MARCH RD,352840.62156,5020477.80449,-75.88719995990,45.32260624830,2017-05-18,1:30:00 PM,01 - Clear,01 - Daylight,01 - Dry,01 - Traffic signal,01 - Functioning,03 - P.D. only,03 - Rear end,0
17-4611,RIVERSIDE DR btwn KIMBERWICK CRES & KIMBERWICK CRES,368168.45584,5022632.16724,-75.69142145460,45.34077449820,2017-05-17,9:35:00 AM,01 - Clear,01 - Daylight,01 - Dry,10 - No control,,03 - P.D. only,04 - Sideswipe,0
17-4612,8TH LINE RD btwn PANA RD & ANDREW SIMPSON DR,384774.52770,5012974.97505,-75.48111634860,45.25218909600,2017-05-18,4:39:00 PM,01 - Clear,01 - Daylight,01 - Dry,10 - No control,,03 - P.D. only,07 - SMV other,0
17-4613,OGILVIE RD btwn 240 W OF BLAIR RD & CITY PARK DR,374373.60999,5033116.96965,-75.61077509110,45.43452389270,2017-05-18,4:42:00 PM,01 - Clear,01 - Daylight,01 - Dry,10 - No control,,03 - P.D. only,04 - Sideswipe,0
17-4614,HUNT CLUB RD EB btwn 275 E OF HAWTHORNE RD/OC TRANSPO TURNAROUND & HWY417 HUNT CLUB IC109 RAMP25,376439.77000,5027546.65200,-75.58518018500,45.38419673370,2017-05-18,4:20:00 PM,01 - Clear,01 - Daylight,01 - Dry,10 - No control,,03 - P.D. only,05 - Turning movement,0
17-4615,EAGLESON RD @ 146 N OF ABBEYHILL DR/HAZELDEAN,353772.95705,5018172.05500,-75.87553580660,45.30179423620,2017-05-18,5:20:00 PM,01 - Clear,01 - Daylight,01 - Dry,01 - Traffic signal,01 - Functioning,02 - Non-fatal injury,05 - Turning movement,0
17-4616,MARAVISTA DR @ STRANDHERD DR,361288.43810,5014584.95810,-75.78011984030,45.26895318370,2017-05-18,5:23:00 PM,01 - Clear,01 - Daylight,01 - Dry,01 - Traffic signal,01 - Functioning,02 - Non-fatal injury,02 - Angle,0
17-4617,DUNROBIN RD btwn VANCES SIDE RD & PORCUPINE TR,340222.81649,5033618.07294,-76.04720225480,45.44159697870,2017-05-15,1:30:00 AM,01 - Clear,07 - Dark,01 - Dry,10 - No control,,03 - P.D. only,07 - SMV other,0
17-4618,COLONNADE RD @ MERIVALE RD,365364.69834,5022544.49640,-75.72720465550,45.34023330150,2017-05-18,5:28:00 PM,01 - Clear,01 - Daylight,01 - Dry,01 - Traffic signal,01 - Functioning,03 - P.D. only,04 - Sideswipe,0
17-4619,MERTON ST @ SCOTT ST,365327.92235,5029954.81710,-75.72676572140,45.40691317220,2017-05-18,5:37:00 PM,01 - Clear,01 - Daylight,01 - Dry,01 - Traffic signal,01 - Functioning,03 - P.D. only,03 - Rear end,0
17-4620,GREENBANK RD @ LISA AVE,360555.67844,5022892.15431,-75.78852279730,45.34376020280,2017-05-18,5:45:00 PM,01 - Clear,01 - Daylight,01 - Dry,01 - Traffic signal,01 - Functioning,03 - P.D. only,05 - Turning movement,0
17-4621,COLONNADE RD @ PRINCE OF WALES DR,367394.37715,5023267.85389,-75.70121725340,45.34656377730,2017-05-18,5:45:00 PM,01 - Clear,01 - Daylight,01 - Dry,01 - Traffic signal,01 - Functioning,02 - Non-fatal injury,03 - Rear end,0
17-4622,CRESTHAVEN DR @ STRANDHERD DR,366815.57844,5015027.40180,-75.70963396960,45.27246861090,2017-05-18,5:59:00 PM,01 - Clear,01 - Daylight,01 - Dry,01 - Traffic signal,01 - Functioning,03 - P.D. only,03 - Rear end,0
17-4623,INNES RD @ STONEHENGE CRES E,375364.74584,5031314.22190,-75.59836716210,45.41820447150,2017-05-18,6:00:00 PM,01 - Clear,01 - Daylight,01 - Dry,01 - Traffic signal,01 - Functioning,03 - P.D. only,03 - Rear end,0
17-4624,ALTA VISTA DR @ KILBORN AVE,370365.38865,5027752.87689,-75.66271222680,45.38664717180,2017-05-18,6:21:00 PM,01 - Clear,01 - Daylight,01 - Dry,01 - Traffic signal,01 - Functioning,03 - P.D. only,04 - Sideswipe,0
17-4625,WEST HUNT CLUB RD @ ROYDON PL/SUNDERLAND ST,365973.78033,5022170.71310,-75.71947980430,45.33681720800,2017-05-18,6:38:00 PM,01 - Clear,01 - Daylight,01 - Dry,01 - Traffic signal,01 - Functioning,02 - Non-fatal injury,05 - Turning movement,0
17-4626,OGILVIE RD @ CITY PARK DR E/CSIS HQ ACCESS,374189.06265,5033011.24570,-75.61314841820,45.43359098230,2017-05-18,7:13:00 PM,01 - Clear,01 - Daylight,01 - Dry,01 - Traffic signal,01 - Functioning,03 - P.D. only,03 - Rear end,0
17-4627,GREENBANK RD @ BERRIGAN DR/WESSEX RD,363722.67836,5015276.42470,-75.74901881400,45.27497528480,2017-05-18,8:29:00 PM,02 - Rain,05 - Dusk,02 - Wet,01 - Traffic signal,01 - Functioning,03 - P.D. only,07 - SMV other,0
17-4628,BANK ST @ LEITRIM RD,375359.42644,5021619.49710,-75.59982019220,45.33097653360,2017-05-18,8:30:00 PM,02 - Rain,05 - Dusk,02 - Wet,01 - Traffic signal,01 - Functioning,03 - P.D. only,03 - Rear end,0
17-4629,HAWTHORNE AVE @ MAIN ST,368971.04405,5030634.57389,-75.68014160850,45.41270486740,2017-05-18,9:11:00 PM,01 - Clear,07 - Dark,01 - Dry,01 - Traffic signal,01 - Functioning,03 - P.D. only,05 - Turning movement,0
17-4630,DONNELLY DR btwn WEEDMARK RD & REDDICK LANE,363109.73182,4985427.84895,-75.76031151200,45.00644146970,2017-05-18,9:17:00 PM,01 - Clear,07 - Dark,01 - Dry,10 - No control,,03 - P.D. only,07 - SMV other,0
17-4631,IRIS ST @ WOODROFFE AVE,362282.35765,5024440.85060,-75.76631105270,45.35755589930,2017-05-18,9:41:00 PM,01 - Clear,07 - Dark,01 - Dry,01 - Traffic signal,01 - Functioning,03 - P.D. only,03 - Rear end,0
17-4632,NORBERRY CRES btwn SPRINGLAND DR & SPRINGLAND DR,368625.58418,5025586.53604,-75.68520771260,45.36731574520,2017-05-18,10:50:00 PM,01 - Clear,07 - Dark,01 - Dry,10 - No control,,03 - P.D. only,06 - SMV unattended vehicle,0
17-4633,AIRPORT PKWY btwn RAMP & RAMP (4),371326.17732,5021727.50472,-75.65125503070,45.33234228020,2017-05-19,12:07:00 AM,01 - Clear,07 - Dark,01 - Dry,10 - No control,,02 - Non-fatal injury,05 - Turning movement,0
17-4634,RICHMOND RD @ HARTLEIGH AVE,361182.31384,5026042.54851,-75.78016782190,45.37205720150,2017-05-19,4:06:00 AM,01 - Clear,07 - Dark,01 - Dry,02 - Stop sign,00 - Unknown,03 - P.D. only,03 - Rear end,0
17-4635,BRUNEL ST btwn FOXVIEW PL & MONTREAL RD,372759.00724,5034555.47621,-75.63121038580,45.44762562380,2017-05-18,12:00:00 AM,02 - Rain,00 - Unknown,02 - Wet,10 - No control,,03 - P.D. only,06 - SMV unattended vehicle,0
17-4636,HANNAH ST btwn ETHEL ST & CARILLON ST,370151.18976,5033426.82235,-75.66469503280,45.43771917820,2017-05-18,12:00:00 AM,01 - Clear,00 - Unknown,01 - Dry,10 - No control,,03 - P.D. only,06 - SMV unattended vehicle,0
17-4637,WEST HUNT CLUB RD btwn PRINCE OF WALES DR & HUNT CLUB RD,367671.08488,5021882.13875,-75.69786255070,45.33407063570,2017-05-18,6:10:00 PM,01 - Clear,01 - Daylight,01 - Dry,10 - No control,,03 - P.D. only,04 - Sideswipe,0
17-4638,RICHMOND RD @ LYNHAR RD/STAFFORD RD,358138.72787,5021086.14630,-75.81955701100,45.32769758270,2017-05-19,9:40:00 AM,01 - Clear,01 - Daylight,01 - Dry,01 - Traffic signal,01 - Functioning,03 - P.D. only,02 - Angle,0
17-4639,BANK ST @ RIDEAU RD,376955.75584,5017843.80370,-75.58000710110,45.29684216590,2017-05-19,10:20:00 AM,01 - Clear,01 - Daylight,01 - Dry,01 - Traffic signal,01 - Functioning,03 - P.D. only,03 - Rear end,0
17-4640,BELFAST RD @ ST. LAURENT BLVD,372860.38965,5030577.89310,-75.63046419380,45.41182742460,2017-05-19,10:20:00 AM,01 - Clear,01 - Daylight,01 - Dry,01 - Traffic signal,01 - Functioning,02 - Non-fatal injury,07 - SMV other,0
17-4641,COVENTRY RD @ LOLA ST,371262.71426,5031614.57200,-75.65073390700,45.42130857950,2017-05-19,11:12:00 AM,01 - Clear,01 - Daylight,01 - Dry,01 - Traffic signal,01 - Functioning,02 - Non-fatal injury,05 - Turning movement,0
17-4642,ARTHUR ST @ SOMERSET ST,366831.37394,5030390.89510,-75.70750632990,45.41070525160,2017-05-18,9:25:00 PM,01 - Clear,07 - Dark,01 - Dry,01 - Traffic signal,01 - Functioning,02 - Non-fatal injury,07 - SMV other,1
17-4643,MANDALAY ST btwn SWEETFERN CRES & SWEETVALLEY DR,384702.89800,5034162.17500,-75.47860585010,45.44282374580,2017-05-19,11:17:00 AM,01 - Clear,01 - Daylight,01 - Dry,10 - No control,,03 - P.D. only,06 - SMV unattended vehicle,0
17-4644,WEST HUNT CLUB RD @ 545 E OF ROYDON PL/SUNDERLAND ST,366353.71344,5022408.17130,-75.71460313120,45.33892059210,2017-05-19,11:24:00 AM,01 - Clear,01 - Daylight,01 - Dry,01 - Traffic signal,01 - Functioning,03 - P.D. only,05 - Turning movement,0
17-4645,ALPINE AVE @ CARLING AVE,360497.68034,5024943.18780,-75.78903178240,45.36221995640,2017-05-19,12:10:00 PM,01 - Clear,01 - Daylight,01 - Dry,01 - Traffic signal,01 - Functioning,02 - Non-fatal injury,03 - Rear end,0
17-4646,EARL ARMSTRONG RD @ RIVER RD,367572.38405,5014685.06640,-75.70003296980,45.26932115530,2017-05-19,12:30:00 PM,01 - Clear,01 - Daylight,01 - Dry,01 - Traffic signal,01 - Functioning,03 - P.D. only,03 - Rear end,0
17-4647,ROBERTSON RD btwn MOODIE DR & VANIER RD,357332.32321,5020609.37683,-75.82989419920,45.32346838650,2017-05-19,12:51:00 PM,01 - Clear,01 - Daylight,01 - Dry,10 - No control,,03 - P.D. only,02 - Angle,0
17-4648,BRIDGESTONE DR @ EAGLESON RD,354872.37023,5015402.87414,-75.86179733890,45.27679906290,2017-05-19,11:00:00 AM,01 - Clear,01 - Daylight,01 - Dry,02 - Stop sign,01 - Functioning,03 - P.D. only,03 - Rear end,0
17-4649,LOCHELAND CRES btwn WITTINGHAM DR & DEIGHTON CRES,365818.41089,5016490.67998,-75.72216143540,45.28572235390,2017-05-19,12:55:00 PM,01 - Clear,01 - Daylight,01 - Dry,10 - No control,,02 - Non-fatal injury,07 - SMV other,1
17-4650,BASELINE RD @ CEDARVIEW RD,358967.99935,5021674.49010,-75.80891436840,45.33292801690,2017-05-19,1:00:00 PM,01 - Clear,01 - Daylight,01 - Dry,01 - Traffic signal,01 - Functioning,03 - P.D. only,04 - Sideswipe,0
17-4651,SPRINGHILL RD btwn BLANCHFIELD RD & 4TH LINE RD,379314.88564,5002498.84645,-75.55222947810,45.15852768900,2017-05-19,1:12:00 PM,01 - Clear,01 - Daylight,08 - Loose sand or gravel,10 - No control,,02 - Non-fatal injury,07 - SMV other,0
17-4652,CEDARVIEW RD btwn 217 S OF FALLOWFIELD RD/CEDARVIEW MIDDLE PS & JOCKVA,361426.79194,5015368.58054,-75.77826745090,45.27599315460,2017-05-19,2:30:00 PM,01 - Clear,01 - Daylight,01 - Dry,10 - No control,,02 - Non-fatal injury,05 - Turning movement,0
17-4653,LYON ST @ SLATER ST,367103.03905,5031152.58740,-75.70393966690,45.41753459930,2017-05-19,2:34:00 PM,01 - Clear,01 - Daylight,01 - Dry,01 - Traffic signal,01 - Functioning,02 - Non-fatal injury,07 - SMV other,1
17-4654,ALTA VISTA DR @ SMYTH RD,370433.05035,5029081.55750,-75.66167152050,45.39859582510,2017-05-19,2:58:00 PM,01 - Clear,01 - Daylight,01 - Dry,01 - Traffic signal,01 - Functioning,02 - Non-fatal injury,03 - Rear end,0
17-4655,BANK ST @ POWELL AVE,368174.04205,5029945.56090,-75.69041176770,45.40657798100,2017-05-19,3:07:00 PM,01 - Clear,01 - Daylight,01 - Dry,02 - Stop sign,01 - Functioning,03 - P.D. only,02 - Angle,0
17-4656,PLACE D'ORLEANS DR @ PLACE D'ORLEANS SC N,381415.15862,5037940.97732,-75.52003768160,45.47719036330,2017-05-19,3:21:00 PM,01 - Clear,01 - Daylight,01 - Dry,01 - Traffic signal,01 - Functioning,03 - P.D. only,05 - Turning movement,0
17-4657,ST. LAURENT BLVD btwn MCARTHUR AVE & DONALD ST,371925.28440,5032874.41321,-75.64209677810,45.43258079260,2017-05-19,4:05:00 PM,01 - Clear,01 - Daylight,01 - Dry,10 - No control,,03 - P.D. only,04 - Sideswipe,0
17-4658,RESEARCH RD btwn CANADAIR PRIV & UPLANDS DR,370760.33496,5021392.82814,-75.65851789090,45.32938436410,2017-05-19,4:07:00 PM,01 - Clear,01 - Daylight,01 - Dry,10 - No control,,03 - P.D. only,07 - SMV other,0
17-4659,TENTH LINE RD @ CHARLEMAGNE BLVD S/DES EPINETT,383640.97510,5036900.45590,-75.49173924100,45.46758093120,2017-05-16,4:30:00 PM,01 - Clear,01 - Daylight,01 - Dry,01 - Traffic signal,01 - Functioning,03 - P.D. only,03 - Rear end,0
17-4660,SUSSEX DR @ 262 N OF KING EDWARD AVE,367767.51820,5033733.40084,-75.69512031200,45.44069639250,2017-05-19,4:42:00 PM,01 - Clear,01 - Daylight,01 - Dry,01 - Traffic signal,01 - Functioning,02 - Non-fatal injury,03 - Rear end,0
17-4661,CARP RD @ HAZELDEAN RD,348805.57924,5014361.10510,-75.93921061490,45.26783073570,2017-05-19,4:46:00 PM,01 - Clear,01 - Daylight,01 - Dry,01 - Traffic signal,01 - Functioning,03 - P.D. only,05 - Turning movement,0
17-4662,CARLING AVE @ ROCHESTER ST,366991.76703,5029043.27497,-75.70562736420,45.39856550900,2017-05-19,4:46:00 PM,01 - Clear,01 - Daylight,01 - Dry,02 - Stop sign,00 - Unknown,03 - P.D. only,04 - Sideswipe,0
17-4663,HAZELDEAN RD @ YOUNG RD,352465.61404,5017480.44750,-75.89227153640,45.29566090520,2017-05-19,3:50:00 PM,01 - Clear,01 - Daylight,01 - Dry,02 - Stop sign,01 - Functioning,03 - P.D. only,03 - Rear end,0
17-4664,MONTREAL RD btwn L'ALLEMAND ST & ALTHA AVE,370598.76918,5033362.90713,-75.65898333000,45.43710211930,2017-05-19,6:09:00 PM,01 - Clear,01 - Daylight,01 - Dry,10 - No control,,03 - P.D. only,06 - SMV unattended vehicle,0
17-4665,SENECA ST btwn WOODBINE PL & SUNNYSIDE AVE,368217.79978,5028281.69626,-75.69006675980,45.39160307320,2017-05-11,5:15:00 PM,01 - Clear,01 - Daylight,01 - Dry,10 - No control,,03 - P.D. only,06 - SMV unattended vehicle,0
17-4666,WOODROFFE AVE @ QUEENSBURY DR/RIDEAUCREST DR,365728.03595,5016329.78399,-75.72333314890,45.28428246000,2017-05-19,6:39:00 PM,01 - Clear,01 - Daylight,01 - Dry,01 - Traffic signal,01 - Functioning,02 - Non-fatal injury,03 - Rear end,0
17-4667,WEST HUNT CLUB RD @ WOODROFFE AVE,363672.36324,5021246.48900,-75.74895107940,45.32869798850,2017-05-19,10:00:00 PM,01 - Clear,07 - Dark,01 - Dry,01 - Traffic signal,01 - Functioning,03 - P.D. only,02 - Angle,0
17-4668,MEADOWBROOK RD btwn 170 W OF TELESAT CRT & RIDGEBROOK DR,374760.70968,5032127.64639,-75.60596870100,45.42558388610,2017-05-19,11:15:00 PM,01 - Clear,07 - Dark,01 - Dry,10 - No control,,03 - P.D. only,06 - SMV unattended vehicle,0
17-4669,COLONEL BY DR @ HOG'S BACK RD,367602.37495,5025872.20001,-75.69823230840,45.36997851050,2017-05-20,2:55:00 AM,01 - Clear,07 - Dark,01 - Dry,01 - Traffic signal,01 - Functioning,03 - P.D. only,07 - SMV other,0
17-4670,INDUSTRIAL AVE @ ALTA VISTA DR/SANDFORD FLEMIN,370885.05825,5030558.23890,-75.65570075720,45.41183990540,2017-05-20,6:19:00 AM,01 - Clear,01 - Daylight,01 - Dry,01 - Traffic signal,01 - Functioning,02 - Non-fatal injury,02 - Angle,0
17-4671,PINEPOINT DR btwn LYNHAR RD & STINSON AVE,358326.63819,5020827.91006,-75.81718792480,45.32535964970,2017-05-17,2:00:00 PM,01 - Clear,01 - Daylight,01 - Dry,10 - No control,,03 - P.D. only,06 - SMV unattended vehicle,0
17-4672,MARCH RD btwn TERRY FOX DR & SOLANDT RD,350432.41786,5022774.04755,-75.91770535620,45.34342905850,2017-05-20,7:57:00 AM,01 - Clear,01 - Daylight,01 - Dry,10 - No control,,03 - P.D. only,04 - Sideswipe,0
17-4673,HAWTHORNE RD @ HUNT CLUB RD,375508.08435,5026407.19810,-75.59723922800,45.37403915310,2017-05-20,12:52:00 PM,01 - Clear,01 - Daylight,01 - Dry,01 - Traffic signal,01 - Functioning,02 - Non-fatal injury,07 - SMV other,1
17-4674,ST. JOSEPH BLVD @ JEANNE D'ARC BLVD,379861.74584,5036470.91200,-75.54012865500,45.46413258910,2017-05-20,9:52:00 AM,01 - Clear,01 - Daylight,01 - Dry,11 - Roundabout,01 - Functioning,03 - P.D. only,04 - Sideswipe,0
17-4675,ROBERTSON RD btwn FITZGERALD RD & MOODIE DR,356943.90963,5020382.56840,-75.83487237380,45.32145650000,2017-05-20,12:44:00 PM,01 - Clear,01 - Daylight,01 - Dry,10 - No control,,02 - Non-fatal injury,07 - SMV other,2
17-4676,RIDEAU ST @ WURTEMBURG ST,369357.70954,5032925.58860,-75.67490179370,45.43328298950,2017-05-19,2:30:00 PM,01 - Clear,01 - Daylight,01 - Dry,01 - Traffic signal,01 - Functioning,03 - P.D. only,04 - Sideswipe,0
17-4677,EARL MULLIGAN DR @ WOODROFFE AVE,365251.70454,5017506.46000,-75.72926113820,45.29491126120,2017-05-20,11:08:00 AM,01 - Clear,01 - Daylight,01 - Dry,01 - Traffic signal,01 - Functioning,02 - Non-fatal injury,05 - Turning movement,0
17-4678,NEPEAN ST @ O'CONNOR ST,367721.71324,5031225.91570,-75.69602614030,45.41813902040,2017-05-20,11:01:00 AM,01 - Clear,01 - Daylight,01 - Dry,02 - Stop sign,01 - Functioning,02 - Non-fatal injury,02 - Angle,0
17-4679,HOLLAND AVE btwn BYRON AVE & TYNDALL ST,365024.00469,5028936.28500,-75.73077225080,45.39777486310,2017-05-20,11:30:00 AM,01 - Clear,01 - Daylight,01 - Dry,10 - No control,,03 - P.D. only,05 - Turning movement,0
17-4680,CLOVER ST btwn HERON RD & GREGG ST,369300.75767,5026702.57208,-75.67644365370,45.37729570230,2017-05-19,12:00:00 AM,01 - Clear,00 - Unknown,01 - Dry,10 - No control,,03 - P.D. only,06 - SMV unattended vehicle,0
17-4681,RIDEAU ST btwn WELLINGTON ST & MACKENZIE AVE,367817.04494,5031975.40181,-75.69471230470,45.42487406860,2017-05-20,1:05:00 PM,01 - Clear,01 - Daylight,01 - Dry,10 - No control,,03 - P.D. only,04 - Sideswipe,0
17-4682,BOUNDARY RD @ DEVINE RD,388360.49885,5021455.47120,-75.43400999760,45.32807323380,2017-05-20,1:40:00 PM,01 - Clear,01 - Daylight,01 - Dry,02 - Stop sign,01 - Functioning,03 - P.D. only,02 - Angle,0
17-4683,BANK ST btwn BELMONT AVE & GROVE AVE,368841.31985,5028381.83845,-75.68209135810,45.39244738010,2017-05-20,1:47:00 PM,01 - Clear,01 - Daylight,01 - Dry,10 - No control,,03 - P.D. only,04 - Sideswipe,0
17-4684,ORLEANS BLVD btwn JEANNE D'ARC BLVD S & BEAUSEJOUR DR,381011.60314,5036046.36233,-75.52549249900,45.46018833370,2017-05-20,1:45:00 PM,01 - Clear,01 - Daylight,01 - Dry,10 - No control,,03 - P.D. only,02 - Angle,0
17-4685,INNES RD @ TENTH LINE RD,383952.26980,5036160.57980,-75.48787799700,45.46088899610,2017-05-20,1:15:00 PM,01 - Clear,01 - Daylight,01 - Dry,01 - Traffic signal,01 - Functioning,03 - P.D. only,05 - Turning movement,0
17-4686,ELGIN ST @ ISABELLA ST,368614.59814,5030489.78883,-75.68471389310,45.41143473510,2017-05-20,2:03:00 PM,01 - Clear,01 - Daylight,01 - Dry,02 - Stop sign,01 - Functioning,03 - P.D. only,04 - Sideswipe,0
17-4687,CARLING AVE btwn PRESTON ST & BOOTH ST,366914.43092,5028965.73982,-75.70662484310,45.39787473330,2017-05-20,1:00:00 PM,01 - Clear,01 - Daylight,01 - Dry,10 - No control,,03 - P.D. only,06 - SMV unattended vehicle,0
17-4688,GLADSTONE AVE @ LEBRETON ST,366855.36595,5029922.56870,-75.70725879560,45.40648925630,2017-05-20,2:38:00 PM,01 - Clear,01 - Daylight,01 - Dry,02 - Stop sign,01 - Functioning,03 - P.D. only,02 - Angle,0
17-4689,RIVERSIDE DR NB btwn INDUSTRIAL AVE & TREMBLAY RD,370691.74201,5030607.26912,-75.65816373320,45.41229928800,2017-05-20,2:50:00 PM,01 - Clear,01 - Daylight,01 - Dry,10 - No control,,02 - Non-fatal injury,03 - Rear end,0
17-4690,BRONSON AVE btwn GLOUCESTER ST & NEPEAN ST,366846.07668,5030765.14795,-75.70727139820,45.41407136770,2017-05-20,2:30:00 PM,01 - Clear,01 - Daylight,01 - Dry,10 - No control,,03 - P.D. only,04 - Sideswipe,0
17-4691,BANK ST @ HERON RD,369995.38555,5026852.21110,-75.66755570890,45.37857781590,2017-05-20,4:10:00 PM,01 - Clear,01 - Daylight,01 - Dry,01 - Traffic signal,01 - Functioning,02 - Non-fatal injury,03 - Rear end,0
17-4692,PRINCE OF WALES DR btwn BLAZER AVE & DEAKIN ST,367379.21696,5021446.78760,-75.70164100900,45.33017951140,2017-05-20,4:15:00 PM,01 - Clear,01 - Daylight,01 - Dry,10 - No control,,03 - P.D. only,03 - Rear end,0