COLLISION_ID,LOCATION,X,Y,LONGITUDE,LATITUDE,DATE,TIME,ENVIRONMENT,LIGHT,SURFACE_CONDITION,TRAFFIC_CONTROL,TRAFFIC_CONTROL_CONDITION,COLLISION_CLASSIFICATION,IMPACT_TYPE,NO_OF_PEDESTRIANS
17-4693,GREENBANK RD @ HWY 417 IC129 RAMP57/IRIS ST,360530.30566,5023312.49400,-75.78879918280,45.34754442940,2017-05-20,3:45:00 PM,01 - Clear,01 - Daylight,01 - Dry,01 - Traffic signal,01 - Functioning,03 - P.D. only,03 - Rear end,0
17-4694,BANK ST @ SUNNYSIDE AVE,368734.37425,5028582.21810,-75.68343111670,45.39426010530,2017-05-20,5:53:00 PM,01 - Clear,01 - Daylight,01 - Dry,01 - Traffic signal,01 - Functioning,03 - P.D. only,04 - Sideswipe,0
17-4695,ELGIN ST @ MACLAREN ST,368209.71674,5031125.90600,-75.68980423450,45.41719510990,2017-05-20,6:00:00 PM,01 - Clear,01 - Daylight,01 - Dry,01 - Traffic signal,01 - Functioning,03 - P.D. only,04 - Sideswipe,0
17-4696,BAYSHORE DR @ RICHMOND RD,359372.35075,5023369.86369,-75.80356895420,45.34815169620,2017-05-20,7:13:00 PM,01 - Clear,01 - Daylight,01 - Dry,01 - Traffic signal,01 - Functioning,02 - Non-fatal injury,03 - Rear end,0
17-4697,HUNT CLUB RD @ RIVERSIDE DR,368037.03745,5021946.83629,-75.69318576090,45.33461988740,2017-05-19,7:07:00 PM,01 - Clear,01 - Daylight,01 - Dry,01 - Traffic signal,01 - Functioning,02 - Non-fatal injury,03 - Rear end,0
17-4698,CLARENCE ST btwn SUSSEX DR & BY WARD MARKET SQ,367821.71712,5032364.30205,-75.69460284290,45.42837284070,2017-05-21,2:30:00 AM,01 - Clear,07 - Dark,01 - Dry,10 - No control,,03 - P.D. only,06 - SMV unattended vehicle,0
17-4699,RIVER RD btwn NICOLLS ISLAND RD & RIDEAU RD,368017.68162,5012404.23283,-75.69464888130,45.24875849780,2017-05-21,3:19:00 AM,01 - Clear,07 - Dark,01 - Dry,10 - No control,,03 - P.D. only,07 - SMV other,0
17-4700,INNES RD btwn O'TOOLE RD & DUNNING RD,391309.79096,5039175.05178,-75.39328332130,45.48713729700,2017-05-21,4:32:00 AM,01 - Clear,07 - Dark,01 - Dry,10 - No control,,03 - P.D. only,07 - SMV other,0
17-4701,FLEWELLYN RD btwn DWYER HILL RD & MUNSTER RD,345080.88553,5005163.13425,-75.98741902720,45.18528592650,2017-05-21,6:51:00 AM,01 - Clear,01 - Daylight,01 - Dry,10 - No control,,03 - P.D. only,07 - SMV other,0
17-4702,WOODROFFE AVE btwn NAVAHO DR & Continuation of WOODROFFE AVE,362768.86807,5023392.80548,-75.76022476190,45.34808562170,2017-05-21,9:26:00 AM,01 - Clear,01 - Daylight,01 - Dry,10 - No control,,03 - P.D. only,03 - Rear end,0
17-4703,BOOTH ST @ GLADSTONE AVE,366769.03985,5029850.56170,-75.70837053210,45.40584900530,2017-05-21,9:33:00 AM,01 - Clear,01 - Daylight,01 - Dry,01 - Traffic signal,01 - Functioning,02 - Non-fatal injury,02 - Angle,0
17-4704,GLADSTONE AVE btwn LEBRETON ST N & BELL ST N,366940.86985,5029966.56801,-75.70616106410,45.40687756380,2017-05-21,10:12:00 AM,01 - Clear,01 - Daylight,01 - Dry,10 - No control,,03 - P.D. only,06 - SMV unattended vehicle,0
17-4705,PERCY ST btwn CHAMBERLAIN AVE & GLENDALE AVE,367563.71617,5029815.88512,-75.69822427060,45.40546619050,2017-05-21,11:32:00 AM,01 - Clear,01 - Daylight,01 - Dry,10 - No control,,03 - P.D. only,06 - SMV unattended vehicle,0
17-4706,CHARLOTTE ST @ STEWART ST,369375.03845,5032658.92049,-75.67471531130,45.43088201470,2017-05-20,1:00:00 AM,01 - Clear,07 - Dark,01 - Dry,01 - Traffic signal,01 - Functioning,03 - P.D. only,05 - Turning movement,0
17-4707,BRONSON AVE btwn CHRISTIE ST & JAMES ST,367057.05342,5030260.49631,-75.70463986590,45.40951192150,2017-05-21,11:56:00 AM,01 - Clear,01 - Daylight,01 - Dry,10 - No control,,03 - P.D. only,04 - Sideswipe,0
17-4708,STRANDHERD DR btwn Continuation of STRANDHERD DR & MCKENNA CASEY DR,361798.97731,5013678.24822,-75.77371817350,45.26075334100,2017-05-21,12:34:00 PM,01 - Clear,01 - Daylight,01 - Dry,10 - No control,,03 - P.D. only,03 - Rear end,0
17-4709,ROCKY HILL DR @ PRINCE OF WALES DR,366968.43395,5014404.75819,-75.70776401640,45.26685260570,2017-05-21,1:20:00 PM,01 - Clear,01 - Daylight,01 - Dry,01 - Traffic signal,01 - Functioning,02 - Non-fatal injury,05 - Turning movement,0
17-4710,TENTH LINE RD @ CHARLEMAGNE BLVD S/DES EPINETT,383640.97510,5036900.45590,-75.49173924100,45.46758093120,2017-05-21,2:28:00 PM,01 - Clear,01 - Daylight,01 - Dry,01 - Traffic signal,00 - Unknown,03 - P.D. only,03 - Rear end,0
17-4711,HERON RD @ ALTA VISTA DR,370492.38795,5026901.86820,-75.66120383110,45.37897819000,2017-05-21,3:46:00 PM,01 - Clear,01 - Daylight,01 - Dry,01 - Traffic signal,01 - Functioning,03 - P.D. only,07 - SMV other,0
17-4712,LAURIER AVE   W btwn KENT ST & BANK ST,367458.96117,5031251.54148,-75.69937983010,45.41839317350,2017-05-21,4:09:00 PM,01 - Clear,01 - Daylight,01 - Dry,10 - No control,,03 - P.D. only,06 - SMV unattended vehicle,0
17-4713,BEAUSOLEIL DR btwn YORK ST & COBOURG ST,368823.54780,5032743.93165,-75.68175171700,45.43169761790,2017-05-21,4:44:00 PM,02 - Rain,01 - Daylight,02 - Wet,10 - No control,,02 - Non-fatal injury,02 - Angle,0
17-4714,MONTREAL RD @ ST. LAURENT BLVD,371545.36845,5033819.60139,-75.64682364160,45.44112152100,2017-05-21,5:20:00 PM,02 - Rain,01 - Daylight,02 - Wet,01 - Traffic signal,01 - Functioning,02 - Non-fatal injury,07 - SMV other,0
17-4715,HAZELDEAN RD @ TERRY FOX DR,352207.61100,5017242.45100,-75.89558359670,45.29353680630,2017-05-21,8:43:00 PM,02 - Rain,07 - Dark,02 - Wet,01 - Traffic signal,01 - Functioning,02 - Non-fatal injury,02 - Angle,0
17-4716,WOODROFFE AVE @ CRESTHAVEN DR/PAUL METIVIER,366327.28226,5014853.97576,-75.71587802790,45.27095102520,2017-05-21,12:10:00 AM,02 - Rain,07 - Dark,02 - Wet,01 - Traffic signal,01 - Functioning,03 - P.D. only,03 - Rear end,0
17-4717,MARKETPLACE AVE btwn RIOCAN AVE & TRANSITWAY SOUTHWEST,364244.23013,5014735.84718,-75.74243683400,45.27006726590,2017-05-21,9:35:00 PM,02 - Rain,07 - Dark,02 - Wet,10 - No control,,03 - P.D. only,05 - Turning movement,0
17-4718,BRONSON AVE @ BRONSON AVE NB ON RAMP 42,367753.71493,5028446.00384,-75.69597221480,45.39312333800,2017-05-21,3:50:00 PM,01 - Clear,01 - Daylight,01 - Dry,03 - Yield sign,00 - Unknown,02 - Non-fatal injury,03 - Rear end,0
17-4719,BANK ST btwn WALKLEY RD & SURREY AVE,370358.92223,5025888.20313,-75.66304236900,45.36987006540,2017-05-21,10:29:00 PM,01 - Clear,07 - Dark,01 - Dry,10 - No control,,03 - P.D. only,07 - SMV other,0
17-4720,BANK ST btwn SPRINGHILL RD & DALMENY RD,385687.30923,5004748.95361,-75.47082532050,45.17807171870,2017-05-21,11:11:00 PM,02 - Rain,07 - Dark,02 - Wet,10 - No control,,02 - Non-fatal injury,07 - SMV other,0
17-4721,PRINCE OF WALES DR @ MEADOWLANDS DR/HOG'S BACK,367371.58445,5025692.80810,-75.70120113300,45.36838502750,2017-05-21,11:32:00 PM,02 - Rain,07 - Dark,02 - Wet,01 - Traffic signal,01 - Functioning,02 - Non-fatal injury,02 - Angle,0
17-4722,HWY 417 MAITLAND IC126R26/62 @ MAITLAND AVE,363145.30862,5025983.18363,-75.75511540180,45.37136235910,2017-05-21,11:32:00 PM,02 - Rain,07 - Dark,02 - Wet,01 - Traffic signal,01 - Functioning,02 - Non-fatal injury,05 - Turning movement,0
17-4723,BRONSON AVE @ CHRISTIE ST,367051.70224,5030280.56320,-75.70470568900,45.40969295370,2017-05-21,11:50:00 AM,02 - Rain,01 - Daylight,02 - Wet,01 - Traffic signal,00 - Unknown,03 - P.D. only,05 - Turning movement,0
17-4724,FINDLAY CREEK DR @ WILLOWMERE WAY,374187.05590,5019311.41210,-75.61509855600,45.31032610160,2017-05-22,4:37:00 AM,02 - Rain,07 - Dark,02 - Wet,02 - Stop sign,00 - Unknown,02 - Non-fatal injury,07 - SMV other,0
17-4725,GREENBANK RD @ HARRISON ST/ASHGROVE CRES,360840.01615,5022007.49450,-75.78499495450,45.33577738770,2017-05-22,8:45:00 AM,01 - Clear,01 - Daylight,01 - Dry,01 - Traffic signal,01 - Functioning,03 - P.D. only,03 - Rear end,0
17-4726,RIVERSIDE DR @ WALKLEY RD,368418.38945,5024853.52930,-75.68794684610,45.36073917500,2017-05-22,9:50:00 AM,01 - Clear,01 - Daylight,02 - Wet,01 - Traffic signal,01 - Functioning,02 - Non-fatal injury,05 - Turning movement,0
17-4727,MITCH OWENS RD btwn SPRATT RD & LIMEBANK RD,371552.32032,5012031.49572,-75.64967483080,45.24507829550,2017-05-21,11:00:00 PM,02 - Rain,07 - Dark,02 - Wet,10 - No control,,03 - P.D. only,07 - SMV other,0
17-4728,FERNBANK RD btwn LIARD ST & SHEA RD,351924.68596,5013014.46670,-75.89959183040,45.25551118050,2017-05-21,9:00:00 PM,02 - Rain,07 - Dark,02 - Wet,10 - No control,,03 - P.D. only,07 - SMV other,0
17-4729,PRESLAND RD @ VANIER PKWY,370435.00860,5031752.66752,-75.66129085390,45.42262925090,2017-05-22,11:42:00 AM,02 - Rain,01 - Daylight,02 - Wet,01 - Traffic signal,00 - Unknown,02 - Non-fatal injury,03 - Rear end,0
17-4730,TRIM RD @ VALIN ST,386437.50450,5037556.56110,-75.45587259560,45.47316264620,2017-05-22,11:57:00 AM,01 - Clear,01 - Daylight,01 - Dry,01 - Traffic signal,01 - Functioning,03 - P.D. only,02 - Angle,0
17-4731,BASELINE RD btwn CONSTELLATION CRES & WOODROFFE AVE,362526.38826,5023755.73826,-75.76327656700,45.35137126420,2017-05-21,10:55:00 PM,02 - Rain,07 - Dark,02 - Wet,10 - No control,,03 - P.D. only,04 - Sideswipe,0
17-4732,BASELINE RD @ CLYDE AVE,364359.70664,5024891.18180,-75.73974438430,45.36143453030,2017-05-22,2:46:00 PM,02 - Rain,01 - Daylight,02 - Wet,01 - Traffic signal,01 - Functioning,03 - P.D. only,03 - Rear end,0
17-4733,BANK ST btwn ORVILLE KEMP ST & LEITRIM RD,375295.88129,5021769.99877,-75.60060935030,45.33233707250,2017-05-22,3:01:00 PM,02 - Rain,01 - Daylight,02 - Wet,10 - No control,,03 - P.D. only,03 - Rear end,0
17-4734,HAMILTON AVE   N btwn ARMSTRONG ST & WELLINGTON ST W,365023.70769,5029359.35588,-75.73072438590,45.40158158810,2017-05-22,2:15:00 PM,02 - Rain,01 - Daylight,02 - Wet,10 - No control,,03 - P.D. only,06 - SMV unattended vehicle,0
17-4735,GOLDRIDGE DR @ HEMLO CRES,350137.77666,5019633.81289,-75.92175254160,45.31519155980,2017-05-22,6:24:00 PM,01 - Clear,01 - Daylight,01 - Dry,02 - Stop sign,01 - Functioning,03 - P.D. only,02 - Angle,0
17-4736,CHARLEMAGNE BLVD btwn TENTH LINE RD & VALADE CRES,383216.02853,5037989.09095,-75.49699910740,45.47742332430,2017-05-22,7:10:00 PM,01 - Clear,01 - Daylight,01 - Dry,10 - No control,,03 - P.D. only,05 - Turning movement,0
17-4737,BENTLEY AVE btwn SUNDERLAND ST & CAMELOT DR,366015.40194,5021749.87069,-75.71900085610,45.33302689740,2017-05-23,12:00:00 AM,01 - Clear,07 - Dark,01 - Dry,10 - No control,,03 - P.D. only,02 - Angle,0
17-4738,ROBERTSON RD btwn HAZELDEAN RD & HAANEL DR,354919.73201,5019156.22978,-75.86081442850,45.31056913730,2017-05-23,7:48:00 AM,01 - Clear,01 - Daylight,01 - Dry,10 - No control,,03 - P.D. only,07 - SMV other,0
17-4739,EAGLESON RD @ PALOMINO DR N,354011.30034,5017577.44680,-75.87255584190,45.29642716910,2017-05-23,7:52:00 AM,01 - Clear,01 - Daylight,01 - Dry,01 - Traffic signal,01 - Functioning,03 - P.D. only,04 - Sideswipe,0
17-4740,WALKLEY RD @ SPRINGLAND DR/OTTERSON DR,368723.38984,5024982.51170,-75.68403740090,45.36187198130,2017-05-17,4:10:00 PM,01 - Clear,01 - Daylight,01 - Dry,01 - Traffic signal,01 - Functioning,02 - Non-fatal injury,07 - SMV other,0
17-4741,BLAIR RD @ OGILVIE RD,374507.21420,5033197.55600,-75.60905628430,45.43523565810,2017-05-23,9:02:00 AM,01 - Clear,01 - Daylight,01 - Dry,01 - Traffic signal,01 - Functioning,02 - Non-fatal injury,03 - Rear end,0
17-4742,BASELINE RD btwn CORDOVA ST & BASSANO ST,363638.16981,5024438.28894,-75.74900762330,45.35742038270,2017-05-23,7:35:00 AM,01 - Clear,01 - Daylight,01 - Dry,10 - No control,,02 - Non-fatal injury,04 - Sideswipe,0
17-4743,BELFAST RD @ ST. LAURENT BLVD,372861.05855,5030577.89310,-75.63045564900,45.41182735960,2017-05-23,9:16:00 AM,01 - Clear,01 - Daylight,01 - Dry,01 - Traffic signal,01 - Functioning,03 - P.D. only,03 - Rear end,0
17-4744,GLADSTONE AVE @ ROCHESTER ST,366661.69466,5029788.90339,-75.70974942810,45.40530371600,2017-05-23,10:16:00 AM,01 - Clear,01 - Daylight,01 - Dry,01 - Traffic signal,01 - Functioning,02 - Non-fatal injury,05 - Turning movement,0
17-4745,ALTA VISTA DR @ BANK ST,370247.73465,5026199.40161,-75.66442045920,45.37268052210,2017-05-23,10:41:00 AM,01 - Clear,01 - Daylight,01 - Dry,01 - Traffic signal,01 - Functioning,03 - P.D. only,03 - Rear end,0
17-4746,SUE HOLLOWAY DR btwn BAYROSE DR & GLENROY GILBERT DR,364608.29100,5014701.11100,-75.73780180040,45.26972384260,2017-05-19,12:00:00 AM,01 - Clear,00 - Unknown,01 - Dry,10 - No control,,03 - P.D. only,06 - SMV unattended vehicle,0
17-4747,GREENBANK RD NB btwn TO BE DETERMINED & HWY417 IC129 RAMP51,360559.06820,5023219.51741,-75.78844264150,45.34670554160,2017-05-23,11:02:00 AM,01 - Clear,01 - Daylight,01 - Dry,10 - No control,,03 - P.D. only,03 - Rear end,0
17-4748,MORRISON DR @ BASELINE RD,360101.33944,5022310.16260,-75.79438505700,45.33855940560,2017-05-23,7:50:00 AM,01 - Clear,01 - Daylight,01 - Dry,01 - Traffic signal,01 - Functioning,03 - P.D. only,03 - Rear end,0
17-4749,WEST HUNT CLUB RD @ CLEOPATRA DR/LANCELOT DR,365235.36555,5021733.16290,-75.72895385410,45.33294417540,2017-05-23,11:18:00 AM,01 - Clear,01 - Daylight,01 - Dry,01 - Traffic signal,01 - Functioning,02 - Non-fatal injury,02 - Angle,0
17-4750,BLAIR RD btwn BEAVERPOND DR & INNES RD,375566.36032,5031463.63537,-75.59576991970,45.41952844790,2017-05-23,11:20:00 AM,01 - Clear,01 - Daylight,01 - Dry,10 - No control,,03 - P.D. only,03 - Rear end,0
17-4751,BASELINE RD btwn CLYDE AVE & 207 E OF CLYDE AVE,364428.60297,5024935.32895,-75.73885970090,45.36182590380,2017-05-23,10:05:00 AM,01 - Clear,01 - Daylight,01 - Dry,10 - No control,,03 - P.D. only,03 - Rear end,0
17-4752,BANK ST btwn BELANGER AVE & ROCKINGHAM AVE,369681.34807,5027375.04055,-75.67149635160,45.38331122070,2017-05-23,11:48:00 AM,01 - Clear,01 - Daylight,01 - Dry,10 - No control,,03 - P.D. only,04 - Sideswipe,0
17-4753,ROBERTA CRES btwn ST. REMY DR & ST. REMY DR,362203.71980,5016118.85983,-75.76827920760,45.28268120450,2017-05-08,12:00:00 AM,01 - Clear,00 - Unknown,01 - Dry,10 - No control,,03 - P.D. only,06 - SMV unattended vehicle,0
17-4754,WEST HUNT CLUB RD @ 545 E OF ROYDON PL/SUNDERLAND ST,366351.37231,5022408.84020,-75.71463291650,45.33892681620,2017-05-23,12:44:00 PM,01 - Clear,01 - Daylight,01 - Dry,01 - Traffic signal,01 - Functioning,03 - P.D. only,03 - Rear end,0
17-4755,OGILVIE RD @ CITY PARK DR E/CSIS HQ ACCESS,374189.73154,5033010.57680,-75.61313996570,45.43358489750,2017-05-23,12:53:00 PM,01 - Clear,01 - Daylight,01 - Dry,01 - Traffic signal,01 - Functioning,02 - Non-fatal injury,03 - Rear end,0
17-4756,METCALFE ST btwn LAURIER AVE W & GLOUCESTER ST,367809.76626,5031422.14486,-75.69487607120,45.41989670240,2017-05-22,12:00:00 AM,01 - Clear,00 - Unknown,01 - Dry,10 - No control,,03 - P.D. only,06 - SMV unattended vehicle,0
17-4757,CASTLEFRANK RD @ HAZELDEAN RD,352678.21255,5017677.43790,-75.88954207530,45.29741901860,2017-05-23,1:59:00 PM,01 - Clear,01 - Daylight,01 - Dry,01 - Traffic signal,01 - Functioning,03 - P.D. only,05 - Turning movement,0
17-4758,CAMBRIAN RD @ RICHMOND RD,359090.41141,5009468.38145,-75.80868775190,45.22308641750,2017-05-23,1:00:00 PM,01 - Clear,01 - Daylight,01 - Dry,02 - Stop sign,00 - Unknown,03 - P.D. only,99 - Other,0
17-4759,RIVERSIDE DR @ SMYTH RD NORTH SIDE RAMP,369937.90045,5029316.07600,-75.66796440780,45.40075218050,2017-05-23,2:02:00 PM,01 - Clear,01 - Daylight,01 - Dry,01 - Traffic signal,00 - Unknown,02 - Non-fatal injury,03 - Rear end,0
17-4760,CARLING AVE EB btwn FOX CRES & WOODROFFE AVE,361625.40845,5025638.16443,-75.77455781080,45.36838279670,2017-05-23,2:11:00 PM,01 - Clear,01 - Daylight,01 - Dry,10 - No control,,03 - P.D. only,04 - Sideswipe,0
17-4761,LIMEBANK RD btwn RIDEAU RD & MITCH OWENS RD,371230.28245,5013088.43743,-75.65363542190,45.25461896260,2017-05-23,2:30:00 PM,01 - Clear,01 - Daylight,01 - Dry,10 - No control,,02 - Non-fatal injury,07 - SMV other,0
17-4762,HAWTHORNE RD @ HUNT CLUB RD,375508.75324,5026406.52920,-75.59723078600,45.37403306710,2017-05-23,2:35:00 PM,01 - Clear,01 - Daylight,01 - Dry,01 - Traffic signal,01 - Functioning,02 - Non-fatal injury,03 - Rear end,0
17-4763,KING EDWARD AVE NB btwn RAMP & CATHCART ST,368048.11575,5033210.11151,-75.69160118310,45.43596269720,2017-04-11,8:50:00 PM,01 - Clear,07 - Dark,02 - Wet,10 - No control,,02 - Non-fatal injury,07 - SMV other,1
17-4764,SOMERSET ST    W btwn ELGIN ST & CARTIER ST,368233.49415,5031238.10748,-75.68948601240,45.41820250600,2017-03-10,12:00:00 AM,03 - Snow,00 - Unknown,02 - Wet,10 - No control,,03 - P.D. only,06 - SMV unattended vehicle,0
17-4765,PARKDALE AVE @ SCOTT ST,364950.03805,5029727.89759,-75.73162037600,45.40490397800,2017-05-23,2:54:00 PM,01 - Clear,01 - Daylight,01 - Dry,01 - Traffic signal,01 - Functioning,03 - P.D. only,07 - SMV other,0
17-4766,EAGLESON RD btwn ABBEYHILL DR & PALOMINO DR,353879.18389,5017907.14971,-75.87420759170,45.29940314840,2017-05-23,4:37:00 PM,01 - Clear,01 - Daylight,01 - Dry,10 - No control,,03 - P.D. only,03 - Rear end,0
17-4767,STONEHAVEN DR @ HARNESS LANE/BLUEMEADOW WAY,354572.44425,5016743.01693,-75.86548542730,45.28887926670,2017-05-23,3:08:00 PM,01 - Clear,01 - Daylight,01 - Dry,01 - Traffic signal,01 - Functioning,03 - P.D. only,03 - Rear end,0
17-4768,BOYCE AVE @ CARLING AVE,359350.00675,5024209.16941,-75.80376148370,45.35570551050,2017-05-23,3:37:00 PM,01 - Clear,01 - Daylight,01 - Dry,02 - Stop sign,01 - Functioning,03 - P.D. only,05 - Turning movement,0
17-4769,GREENBANK RD SB btwn HWY417 IC129 RAMP53 & MORRISON DR,360534.31903,5023248.94885,-75.78875513210,45.34697233280,2017-05-23,2:10:00 PM,01 - Clear,01 - Daylight,01 - Dry,10 - No control,,03 - P.D. only,04 - Sideswipe,0
17-4770,CARLING AVE WB btwn GREENVIEW AVE & BRITANNIA RD,360077.24426,5024680.01964,-75.79442757630,45.35988525510,2017-05-23,4:46:00 PM,01 - Clear,01 - Daylight,01 - Dry,10 - No control,,03 - P.D. only,04 - Sideswipe,0
17-4771,HINCHEY AVE btwn LADOUCEUR ST & OXFORD ST,365191.09763,5029576.00376,-75.72855987240,45.40351651670,2017-05-23,3:50:00 PM,01 - Clear,01 - Daylight,01 - Dry,10 - No control,,03 - P.D. only,07 - SMV other,0
17-4772,PARKDALE AVE @ KENILWORTH ST,365445.36535,5028594.21281,-75.72543285040,45.39466060410,2017-05-23,5:30:00 PM,01 - Clear,01 - Daylight,01 - Dry,02 - Stop sign,01 - Functioning,03 - P.D. only,02 - Angle,0
17-4773,OTTAWA RIVER PKWY @ PORTAGE BRIDGE,366516.54225,5031314.63310,-75.71141245830,45.41904461850,2017-05-23,5:28:00 PM,01 - Clear,01 - Daylight,01 - Dry,01 - Traffic signal,01 - Functioning,03 - P.D. only,02 - Angle,0
17-4774,HUNT CLUB RD @ PIKE ST/MAPLE PARK PRIV,373295.73516,5025087.84310,-75.62566480930,45.36238787750,2017-05-23,5:35:00 PM,01 - Clear,01 - Daylight,01 - Dry,01 - Traffic signal,01 - Functioning,03 - P.D. only,03 - Rear end,0
17-4775,HUNT CLUB RD @ RIVERSIDE DR,368037.03745,5021946.16740,-75.69318584640,45.33461386880,2017-05-23,5:35:00 PM,01 - Clear,01 - Daylight,01 - Dry,01 - Traffic signal,01 - Functioning,03 - P.D. only,03 - Rear end,0
17-4776,MAITLAND AVE/GLENMOUNT AVE @ ERINDALE DR,363697.48653,5025211.56142,-75.74815843690,45.36437321500,2017-05-23,5:33:00 PM,01 - Clear,01 - Daylight,01 - Dry,01 - Traffic signal,01 - Functioning,03 - P.D. only,04 - Sideswipe,0
17-4777,EARL ARMSTRONG RD @ RIVER RD,367572.38405,5014685.06640,-75.70003296980,45.26932115530,2017-05-23,6:16:00 PM,01 - Clear,01 - Daylight,01 - Dry,01 - Traffic signal,01 - Functioning,03 - P.D. only,03 - Rear end,0
17-4778,HAZELDEAN RD btwn YOUNG RD & CASTLEFRANK RD,352605.30285,5017607.87268,-75.89047834390,45.29679801850,2017-05-23,6:28:00 PM,01 - Clear,01 - Daylight,01 - Dry,10 - No control,,03 - P.D. only,03 - Rear end,0
17-4779,BRONSON AVE btwn UNIVERSITY RD & BREWER WAY,367976.55625,5027999.90830,-75.69318354230,45.38908942980,2017-05-23,6:38:00 PM,01 - Clear,01 - Daylight,01 - Dry,10 - No control,,03 - P.D. only,03 - Rear end,0
17-4780,INNES RD btwn BELCOURT BLVD & 260 E OF BELCOURT BLVD/WALMART SC,382293.60644,5035368.89149,-75.50920890340,45.45395200320,2017-05-23,6:56:00 PM,01 - Clear,01 - Daylight,01 - Dry,10 - No control,,03 - P.D. only,03 - Rear end,0
17-4781,LILLICO DR btwn ROYAL HUNT CRT & UPLANDS DR,370001.44763,5023225.50750,-75.66795680360,45.34594525320,2017-05-23,7:25:00 PM,01 - Clear,01 - Daylight,01 - Dry,10 - No control,,03 - P.D. only,06 - SMV unattended vehicle,0
17-4782,ARLINGTON AVE @ BRONSON AVE,367222.37495,5029868.90119,-75.70257759940,45.40597373750,2017-05-23,7:42:00 PM,01 - Clear,01 - Daylight,01 - Dry,01 - Traffic signal,01 - Functioning,02 - Non-fatal injury,02 - Angle,0
17-4783,ST. LAURENT BLVD btwn QUEEN MARY ST & CYRVILLE RD,372228.00843,5032144.35592,-75.63832817480,45.42598295890,2017-05-23,8:31:00 PM,01 - Clear,05 - Dusk,01 - Dry,10 - No control,,03 - P.D. only,04 - Sideswipe,0
17-4784,BANK ST @ HOPEWELL AVE,368769.04275,5028504.22060,-75.68299848930,45.39355514200,2017-05-23,9:33:00 PM,01 - Clear,07 - Dark,01 - Dry,02 - Stop sign,01 - Functioning,03 - P.D. only,02 - Angle,0
17-4785,DALHOUSIE ST @ YORK ST,368094.04155,5032420.25860,-75.69111578040,45.42885172660,2017-05-24,12:13:00 AM,01 - Clear,07 - Dark,01 - Dry,01 - Traffic signal,00 - Unknown,03 - P.D. only,03 - Rear end,0
17-4786,EARL ARMSTRONG RD @ LIMEBANK RD,370156.23040,5015960.45070,-75.66694013600,45.28056148900,2017-05-24,7:28:00 AM,01 - Clear,01 - Daylight,01 - Dry,01 - Traffic signal,01 - Functioning,03 - P.D. only,03 - Rear end,0
17-4787,WOODROFFE AVE NB btwn WEST HUNT CLUB RD & SPORTSPLEX N,363710.49033,5021183.61275,-75.74847220670,45.32812903360,2017-05-24,8:22:00 AM,01 - Clear,01 - Daylight,01 - Dry,10 - No control,,03 - P.D. only,03 - Rear end,0
17-4788,BRONSON AVE btwn CARLING AVE & FIRST AVE,367482.68399,5029251.27812,-75.69933108250,45.40039328240,2017-05-24,9:14:00 AM,01 - Clear,01 - Daylight,01 - Dry,10 - No control,,02 - Non-fatal injury,04 - Sideswipe,0
17-4789,BAYVIEW DR btwn RITCHIE AVE & DORIS CURRIE RD,336454.10881,5041228.33897,-76.09488468940,45.51025684490,2017-05-24,9:50:00 AM,01 - Clear,01 - Daylight,01 - Dry,10 - No control,,03 - P.D. only,01 - Approaching,0
17-4790,BANNER RD @ GREENBANK RD,361022.00705,5021567.16080,-75.78272316510,45.33180070990,2017-05-24,10:15:00 AM,01 - Clear,01 - Daylight,01 - Dry,01 - Traffic signal,01 - Functioning,03 - P.D. only,05 - Turning movement,0
17-4791,IVY CRES btwn BERTRAND ST & PUTMAN AVE (2),368990.47564,5033935.40351,-75.67946316000,45.44240271520,2017-05-24,9:00:00 AM,01 - Clear,01 - Daylight,01 - Dry,10 - No control,,03 - P.D. only,06 - SMV unattended vehicle,0
17-4792,TENTH LINE RD @ VANGUARD DR,384073.09765,5035873.22551,-75.48637954030,45.45828994450,2017-05-24,11:26:00 AM,01 - Clear,01 - Daylight,01 - Dry,01 - Traffic signal,01 - Functioning,03 - P.D. only,05 - Turning movement,0
17-4793,BLAIR RD @ REGIONAL RD 174 N/OR174 IC112 RAMP61,374634.39685,5032990.90610,-75.60746024370,45.43336364680,2017-05-24,10:30:00 AM,01 - Clear,01 - Daylight,01 - Dry,01 - Traffic signal,01 - Functioning,02 - Non-fatal injury,05 - Turning movement,0
17-4794,ST. PATRICK ST btwn DALHOUSIE ST & CUMBERLAND ST,368015.32869,5032674.87934,-75.69208892750,45.43114983330,2017-05-18,3:20:00 PM,01 - Clear,01 - Daylight,01 - Dry,10 - No control,,03 - P.D. only,04 - Sideswipe,0
17-4795,CHARKAY ST @ SEYMOUR AVE,365650.70874,5023975.83570,-75.72337944790,45.35308752840,2017-05-24,12:25:00 PM,01 - Clear,01 - Daylight,01 - Dry,03 - Yield sign,00 - Unknown,02 - Non-fatal injury,02 - Angle,0
17-4796,SCOTT ST btwn PARKDALE AVE & PINEHURST AVE,364974.78721,5029740.60662,-75.73130269910,45.40501620360,2017-05-24,12:30:00 PM,01 - Clear,01 - Daylight,01 - Dry,10 - No control,,03 - P.D. only,03 - Rear end,0