COLLISION_ID,LOCATION,X,Y,LONGITUDE,LATITUDE,DATE,TIME,ENVIRONMENT,LIGHT,SURFACE_CONDITION,TRAFFIC_CONTROL,TRAFFIC_CONTROL_CONDITION,COLLISION_CLASSIFICATION,IMPACT_TYPE,NO_OF_PEDESTRIANS
17-4797,CARLING AVE WB btwn SHERBOURNE RD & BROADVIEW AVE,362980.50083,5026512.63824,-75.75715692710,45.37614002850,2017-05-24,12:41:00 PM,01 - Clear,01 - Daylight,01 - Dry,10 - No control,,03 - P.D. only,02 - Angle,0
17-4798,BRONSON AVE @ SUNNYSIDE AVE/UNIVERSITY RD - CA,367923.71344,5028092.21600,-75.69384651490,45.38992475310,2017-05-24,12:55:00 PM,01 - Clear,01 - Daylight,01 - Dry,01 - Traffic signal,01 - Functioning,02 - Non-fatal injury,03 - Rear end,0
17-4799,HAWTHORNE AVE/ISABELLA ST @ QUEEN ELIZABETH DR,368666.09818,5030476.16620,-75.68405776740,45.41130746560,2017-05-20,3:00:00 PM,01 - Clear,01 - Daylight,01 - Dry,01 - Traffic signal,01 - Functioning,02 - Non-fatal injury,07 - SMV other,1
17-4800,BANK ST @ WALKLEY RD,370336.84866,5025946.39711,-75.66331641950,45.37039574080,2017-05-24,1:21:00 PM,01 - Clear,01 - Daylight,01 - Dry,01 - Traffic signal,01 - Functioning,03 - P.D. only,04 - Sideswipe,0
17-4801,MOODIE DR @ CORKSTOWN RD,356349.65542,5022760.54433,-75.84220428660,45.34289766970,2017-05-24,1:55:00 PM,01 - Clear,01 - Daylight,01 - Dry,01 - Traffic signal,01 - Functioning,02 - Non-fatal injury,02 - Angle,0
17-4802,PAUL ANKA DR btwn UPLANDS DR & MCCARTHY RD,369609.67738,5023772.82328,-75.67288397900,45.35090616430,2017-05-24,12:00:00 AM,01 - Clear,00 - Unknown,01 - Dry,10 - No control,,03 - P.D. only,06 - SMV unattended vehicle,0
17-4803,BRIDGE ST @ LONG ISLAND RD,369061.23751,5010344.37960,-75.68162215420,45.23012957690,2017-05-24,3:00:00 PM,01 - Clear,01 - Daylight,01 - Dry,01 - Traffic signal,01 - Functioning,03 - P.D. only,05 - Turning movement,0
17-4804,CONROY RD btwn THURSTON DR & JOHNSTON RD,373262.39003,5026653.61078,-75.62587341270,45.37647927520,2017-05-24,3:15:00 PM,01 - Clear,01 - Daylight,01 - Dry,10 - No control,,03 - P.D. only,04 - Sideswipe,0
17-4805,MANCHESTER AVE @ SCOTT ST,365361.02705,5029976.24270,-75.72634022130,45.40710309110,2017-05-24,3:55:00 PM,01 - Clear,01 - Daylight,01 - Dry,02 - Stop sign,01 - Functioning,03 - P.D. only,03 - Rear end,0
17-4806,SOUTH GOWER BOUNDARY RD btwn RIVER RD & GABERT RD,374907.38789,4996043.69030,-75.60918700400,45.10089608070,2017-05-24,4:07:00 PM,01 - Clear,01 - Daylight,01 - Dry,10 - No control,,03 - P.D. only,07 - SMV other,0
17-4807,DALMENY RD @ STAGECOACH RD,377831.72496,4999218.64560,-75.57157082620,45.12916803250,2017-05-24,4:27:00 PM,01 - Clear,01 - Daylight,01 - Dry,02 - Stop sign,01 - Functioning,03 - P.D. only,07 - SMV other,0
17-4808,HAWTHORNE RD btwn DAVIDSON RD & LEITRIM RD,376329.49690,5024409.60860,-75.58704239980,45.35598246770,2017-05-24,4:44:00 PM,01 - Clear,01 - Daylight,01 - Dry,10 - No control,,03 - P.D. only,03 - Rear end,0
17-4809,RICHMOND RD @ WINONA AVE,363296.52234,5028338.83990,-75.75290592370,45.39254560940,2017-05-24,5:18:00 PM,01 - Clear,01 - Daylight,01 - Dry,02 - Stop sign,01 - Functioning,02 - Non-fatal injury,02 - Angle,0
17-4810,BRONSON AVE @ RENFREW AVE,367355.70826,5029550.89400,-75.70091482630,45.40310049780,2017-05-24,5:30:00 PM,01 - Clear,01 - Daylight,01 - Dry,02 - Stop sign,00 - Unknown,03 - P.D. only,03 - Rear end,0
17-4811,CARLING AVE @ FAIRLAWN AVE/WOODROFFE AVE E,361934.68410,5025830.52790,-75.77058762240,45.37008852270,2017-05-24,6:01:00 PM,01 - Clear,01 - Daylight,01 - Dry,01 - Traffic signal,01 - Functioning,03 - P.D. only,03 - Rear end,0
17-4812,BANK ST @ QUEENSDALE AVE,373337.74624,5023444.84450,-75.62535638270,45.34760070410,2017-05-24,2:00:00 PM,01 - Clear,01 - Daylight,01 - Dry,01 - Traffic signal,03 - Obscured,02 - Non-fatal injury,03 - Rear end,0
17-4813,HWY 416 WESTHUNT IC72R34 @ WEST HUNT CLUB RD,359371.04258,5019362.21362,-75.80402744900,45.31209080820,2017-05-24,6:11:00 PM,01 - Clear,01 - Daylight,01 - Dry,01 - Traffic signal,01 - Functioning,03 - P.D. only,03 - Rear end,0
17-4814,BLACKBURN BYPASS EB btwn 1700 W OF NAVAN RD & NAVAN RD,379526.44275,5033173.55896,-75.54491669390,45.43450138760,2017-05-24,4:00:00 PM,01 - Clear,01 - Daylight,01 - Dry,10 - No control,,03 - P.D. only,03 - Rear end,0
17-4815,CARLING AVE WB btwn HWY417 IC124 RAMP76 & KIRKWOOD AVE,364200.69458,5027437.19407,-75.74146773330,45.38435664990,2017-05-24,6:54:00 PM,01 - Clear,01 - Daylight,01 - Dry,10 - No control,,02 - Non-fatal injury,07 - SMV other,0
17-4816,BLAIR RD @ REGIONAL RD 174 N/OR174 IC112 RAMP61,374635.73464,5032992.24390,-75.60744295920,45.43337555000,2017-05-24,9:22:00 PM,01 - Clear,07 - Dark,01 - Dry,01 - Traffic signal,01 - Functioning,03 - P.D. only,02 - Angle,0
17-4817,HUNT CLUB RD @ DOWNPATRICK RD/MCCARTHY RD,370507.39995,5023400.50900,-75.66147773120,45.34747265260,2017-05-24,10:20:00 PM,01 - Clear,07 - Dark,01 - Dry,01 - Traffic signal,01 - Functioning,03 - P.D. only,99 - Other,0
17-4818,HUNT CLUB RD @ RIVERSIDE DR,368037.03745,5021946.16740,-75.69318584640,45.33461386880,2017-05-24,10:19:00 PM,01 - Clear,07 - Dark,01 - Dry,01 - Traffic signal,01 - Functioning,03 - P.D. only,05 - Turning movement,0
17-4819,MITCH OWENS RD btwn DOWNEY RD & MANOTICK STATION RD,372799.31280,5012829.43711,-75.63368266800,45.25213865230,2017-05-25,6:50:00 AM,01 - Clear,01 - Daylight,01 - Dry,10 - No control,,02 - Non-fatal injury,07 - SMV other,0
17-4820,ABBOTT ST @ STITTSVILLE MAIN ST,350251.79186,5013330.78397,-75.92087586370,45.25846757130,2017-05-25,7:07:00 AM,01 - Clear,01 - Daylight,01 - Dry,01 - Traffic signal,01 - Functioning,03 - P.D. only,07 - SMV other,0
17-4821,HAZELDEAN RD @ TERRY FOX DR,352207.27655,5017241.78210,-75.89558792500,45.29353080990,2017-05-25,8:04:00 AM,01 - Clear,01 - Daylight,01 - Dry,01 - Traffic signal,01 - Functioning,03 - P.D. only,03 - Rear end,0
17-4822,MONTREAL RD @ VANIER PKWY,370072.37535,5033066.92989,-75.66575003280,45.43448837850,2017-05-25,8:05:00 AM,01 - Clear,01 - Daylight,01 - Dry,01 - Traffic signal,01 - Functioning,03 - P.D. only,04 - Sideswipe,0
17-4823,NICHOLAS ST NB btwn HWY417 IC118 RAMP52 & WALLER ST/TRANSITWAY,369022.48547,5031337.93538,-75.67939279140,45.41902874460,2017-05-25,6:15:00 AM,01 - Clear,03 - Dawn,01 - Dry,10 - No control,,03 - P.D. only,03 - Rear end,0
17-4824,BASELINE RD btwn ROCKWAY CRES & SOUTHWOOD DR,361206.06748,5022945.46458,-75.78021800260,45.34418789010,2017-05-25,8:28:00 AM,01 - Clear,01 - Daylight,01 - Dry,10 - No control,,03 - P.D. only,04 - Sideswipe,0
17-4825,BRONSON AVE @ BRONSON AVE NB ON RAMP 42,367753.04603,5028446.00384,-75.69598075690,45.39312339820,2017-05-25,9:28:00 AM,01 - Clear,01 - Daylight,01 - Dry,03 - Yield sign,01 - Functioning,03 - P.D. only,03 - Rear end,0
17-4826,BANK ST btwn RIVERDALE AVE & RIVERSIDE DR,369161.83630,5028039.73329,-75.67804290220,45.38933984240,2017-05-25,9:50:00 AM,01 - Clear,01 - Daylight,01 - Dry,10 - No control,,03 - P.D. only,04 - Sideswipe,0
17-4827,LEITRIM RD @ LIMEBANK RD S,369356.07816,5017876.47796,-75.67688883990,45.29787552510,2017-05-25,10:20:00 AM,01 - Clear,01 - Daylight,01 - Dry,01 - Traffic signal,01 - Functioning,03 - P.D. only,03 - Rear end,0
17-4828,LAFONTAINE AVE @ MCARTHUR AVE,370950.04675,5032770.90480,-75.65457345680,45.43174239940,2017-05-25,10:31:00 AM,01 - Clear,01 - Daylight,01 - Dry,01 - Traffic signal,01 - Functioning,03 - P.D. only,05 - Turning movement,0
17-4829,CARLING AVE @ BROADVIEW AVE,363180.35215,5026640.54829,-75.75459033840,45.37727432360,2017-05-24,10:40:00 AM,01 - Clear,01 - Daylight,01 - Dry,01 - Traffic signal,01 - Functioning,02 - Non-fatal injury,07 - SMV other,1
17-4830,INDUSTRIAL AVE btwn TRAINYARDS DR & RUSSELL RD,372019.80234,5030458.23468,-75.64121858910,45.41083203620,2017-05-25,11:32:00 AM,01 - Clear,01 - Daylight,01 - Dry,10 - No control,,03 - P.D. only,05 - Turning movement,0
17-4831,KNIGHTS DR btwn QUEENSCOURT CRES & GOUGH RD,372939.79415,5010616.73587,-75.63219630120,45.23221560130,2017-05-23,11:00:00 PM,01 - Clear,07 - Dark,01 - Dry,10 - No control,,03 - P.D. only,07 - SMV other,0
17-4832,BENTLEY AVE btwn SUNDERLAND ST & GIFFORD ST,366249.54828,5021896.71250,-75.71599561550,45.33432769390,2017-05-25,12:13:00 PM,01 - Clear,01 - Daylight,01 - Dry,10 - No control,,03 - P.D. only,05 - Turning movement,0
17-4833,MERIVALE RD btwn WOODFIELD DR & 170 N OF WEST HUNT CLUB RD/COSTCO SC,365500.49374,5022208.86679,-75.72551326170,45.33720161480,2017-05-24,8:00:00 PM,01 - Clear,01 - Daylight,01 - Dry,10 - No control,,03 - P.D. only,03 - Rear end,0
17-4834,BASELINE RD @ NAVAHO DR,363085.35625,5024099.51299,-75.75610290710,45.35441828310,2017-05-25,9:40:00 AM,01 - Clear,01 - Daylight,01 - Dry,01 - Traffic signal,01 - Functioning,02 - Non-fatal injury,07 - SMV other,1
17-4835,ST. LAURENT BLVD @ COVENTRY RD/OGILVIE RD,372304.71616,5031953.58129,-75.63737417200,45.42425905970,2017-05-25,1:02:00 PM,01 - Clear,01 - Daylight,01 - Dry,01 - Traffic signal,01 - Functioning,03 - P.D. only,02 - Angle,0
17-4836,BANK ST @ RIVERSIDE DR N,369227.38814,5027983.54600,-75.67721317040,45.38882825990,2017-05-25,1:27:00 PM,01 - Clear,01 - Daylight,01 - Dry,01 - Traffic signal,01 - Functioning,03 - P.D. only,04 - Sideswipe,0
17-4837,BANK ST @ WALKLEY RD,370338.36150,5025949.77291,-75.66329666030,45.37042597370,2017-05-25,1:29:00 PM,01 - Clear,01 - Daylight,01 - Dry,01 - Traffic signal,01 - Functioning,03 - P.D. only,03 - Rear end,0
17-4838,COLONEL BY DR/SUSSEX DR @ RIDEAU ST,367921.61060,5032044.37781,-75.69336736530,45.42548526330,2017-05-25,1:52:00 PM,01 - Clear,01 - Daylight,01 - Dry,01 - Traffic signal,01 - Functioning,02 - Non-fatal injury,07 - SMV other,1
17-4839,BROADVIEW AVE @ PRINCETON AVE,362853.35814,5027445.87719,-75.75867040300,45.38454773730,2017-05-25,1:00:00 PM,01 - Clear,01 - Daylight,01 - Dry,02 - Stop sign,01 - Functioning,03 - P.D. only,07 - SMV other,0
17-4840,BORRISOKANE RD btwn CAMBRIAN RD & STRANDHERD DR,362605.01596,5012450.64743,-75.76359124980,45.24964152400,2017-05-23,2:40:00 PM,01 - Clear,01 - Daylight,01 - Dry,10 - No control,,03 - P.D. only,99 - Other,0
17-4841,HOLITZNER WAY btwn BARONESS DR & BARONESS DR,366809.94830,5017124.58550,-75.70944367390,45.29133940370,2017-05-25,3:34:00 PM,01 - Clear,01 - Daylight,01 - Dry,10 - No control,,03 - P.D. only,06 - SMV unattended vehicle,0
17-4842,MEADOWLANDS DR btwn CHESTERTON DR & TIVERTON DR,365179.84539,5024260.36086,-75.72935364720,45.35568834480,2017-05-25,4:21:00 PM,02 - Rain,01 - Daylight,02 - Wet,10 - No control,,03 - P.D. only,03 - Rear end,0
17-4843,BASELINE RD @ CORDOVA ST,363592.68486,5024408.18861,-75.74959170860,45.35715335910,2017-05-25,4:28:00 PM,02 - Rain,01 - Daylight,02 - Wet,01 - Traffic signal,01 - Functioning,03 - P.D. only,03 - Rear end,0
17-4844,FALLOWFIELD RD @ RICHMOND RD,357721.30115,5013529.41600,-75.82568808440,45.25973269100,2017-05-25,4:46:00 PM,02 - Rain,01 - Daylight,02 - Wet,01 - Traffic signal,00 - Unknown,03 - P.D. only,03 - Rear end,0
17-4845,ALBERT ST btwn BAY ST & LYON ST N,366975.13687,5031162.31570,-75.70557251720,45.41763350900,2017-05-25,4:00:00 PM,02 - Rain,01 - Daylight,02 - Wet,10 - No control,,03 - P.D. only,02 - Angle,0
17-4846,STRANDHERD DR btwn 215 W OF GREENBANK RD/BARRHAVEN MALL SC & GREENBANK,363833.78000,5014727.01799,-75.74766824600,45.27002239450,2017-05-25,5:45:00 PM,02 - Rain,01 - Daylight,02 - Wet,10 - No control,,03 - P.D. only,99 - Other,0
17-4847,LISBON ST btwn WINTERPORT WAY & WINTERPORT WAY,385329.42090,5037825.67577,-75.46999833230,45.47571253360,2017-05-25,4:45:00 PM,02 - Rain,01 - Daylight,02 - Wet,10 - No control,,03 - P.D. only,01 - Approaching,0
17-4848,DALY AVE @ KING EDWARD AVE,368592.71094,5032274.92349,-75.68476236620,45.42749874850,2017-05-25,6:50:00 PM,01 - Clear,01 - Daylight,01 - Dry,02 - Stop sign,01 - Functioning,03 - P.D. only,02 - Angle,0
17-4849,JOCKVALE RD @ STRANDHERD DR,363561.28705,5014578.48127,-75.75115819700,45.26870867770,2017-05-25,6:40:00 PM,02 - Rain,01 - Daylight,02 - Wet,01 - Traffic signal,01 - Functioning,03 - P.D. only,03 - Rear end,0
17-4850,FROBISHER LANE W @ RIVERSIDE DR,370120.38734,5029601.89490,-75.66559581190,45.40330687170,2017-05-25,6:57:00 PM,02 - Rain,01 - Daylight,02 - Wet,01 - Traffic signal,01 - Functioning,03 - P.D. only,03 - Rear end,0
17-4851,HOLLAND AVE/TUNNEY'S PASTURE @ SCOTT ST,364738.76785,5029597.05355,-75.73433488430,45.40374479490,2017-05-17,8:40:00 AM,01 - Clear,01 - Daylight,01 - Dry,01 - Traffic signal,01 - Functioning,03 - P.D. only,04 - Sideswipe,0
17-4852,AIRPORT PKWY @ HUNT CLUB RD,371019.53134,5023701.66041,-75.65490257510,45.35013415610,2017-05-25,7:23:00 PM,02 - Rain,01 - Daylight,02 - Wet,01 - Traffic signal,00 - Unknown,03 - P.D. only,04 - Sideswipe,0
17-4853,CANADAIR PRIV btwn DE NIVERVILLE PRIV & TAXIWAY PRIV,369077.15076,5021853.58456,-75.67992886730,45.33368632360,2017-05-25,7:30:00 PM,02 - Rain,01 - Daylight,02 - Wet,10 - No control,,03 - P.D. only,02 - Angle,0
17-4854,RICHARDSON SIDE RD btwn OAK CREEK RD & HUNTMAR DR,347883.33722,5018697.63806,-75.95058616740,45.30690950870,2017-05-25,7:36:00 PM,02 - Rain,01 - Daylight,02 - Wet,10 - No control,,03 - P.D. only,07 - SMV other,0
17-4855,WESLOCK WAY btwn WALDEN DR & ZOKOL CRES,350719.55560,5021146.54252,-75.91419253360,45.32876566650,2017-05-25,7:45:00 PM,01 - Clear,01 - Daylight,01 - Dry,10 - No control,,03 - P.D. only,02 - Angle,0
17-4856,BATHGATE DR @ DEN HAAG DR,373408.72294,5033926.24400,-75.62299311370,45.44190065470,2017-05-25,8:40:00 PM,02 - Rain,07 - Dark,02 - Wet,02 - Stop sign,01 - Functioning,03 - P.D. only,02 - Angle,0
17-4857,ST. LAURENT BLVD btwn SHORE ST & BELFAST RD,372856.37627,5030591.27103,-75.63051361580,45.41194818310,2017-05-25,9:46:00 PM,01 - Clear,07 - Dark,01 - Dry,10 - No control,,03 - P.D. only,03 - Rear end,0
17-4858,HARVEST VALLEY AVE W @ LAKERIDGE DR,385017.36284,5034534.20854,-75.47452606280,45.44613494760,2017-05-25,11:04:00 PM,02 - Rain,07 - Dark,02 - Wet,02 - Stop sign,01 - Functioning,03 - P.D. only,03 - Rear end,0
17-4859,CARLING AVE btwn BAYFIELD AVE & BURKE RD,352661.39379,5022553.80539,-75.88928529710,45.34129873970,2017-05-26,1:27:00 AM,"07 - Fog, mist, smoke, dust",07 - Dark,02 - Wet,10 - No control,,03 - P.D. only,03 - Rear end,0
17-4860,STEVENAGE DR @ SWANSEA CRES,374415.30664,5026770.71440,-75.61113825160,45.37741932250,2017-05-26,1:32:00 AM,02 - Rain,07 - Dark,02 - Wet,10 - No control,00 - Unknown,03 - P.D. only,07 - SMV other,0
17-4861,GOLF CLUB WAY btwn NO NAME & WESTLEIGH BLVD,342324.00201,5008301.00989,-76.02226332130,45.21367446290,2017-05-26,6:15:00 AM,02 - Rain,01 - Daylight,02 - Wet,10 - No control,,03 - P.D. only,07 - SMV other,0
17-4862,DEAKIN ST @ PRINCE OF WALES DR,367391.04555,5021523.48780,-75.70148042130,45.33086859180,2017-05-25,7:06:00 AM,02 - Rain,01 - Daylight,02 - Wet,01 - Traffic signal,01 - Functioning,03 - P.D. only,03 - Rear end,0
17-4863,MOODIE DR @ WEST HUNT CLUB RD,357907.98615,5018498.45570,-75.82277779270,45.30443079130,2017-05-26,7:45:00 AM,02 - Rain,01 - Daylight,02 - Wet,01 - Traffic signal,01 - Functioning,03 - P.D. only,03 - Rear end,0
17-4864,DUNROBIN RD btwn MURPHY SIDE RD & LILLIAN WAY,345071.58323,5028373.59449,-75.98565311950,45.39414360080,2017-05-26,7:40:00 AM,02 - Rain,01 - Daylight,02 - Wet,10 - No control,,03 - P.D. only,07 - SMV other,0
17-4865,DEAKIN ST @ PRINCE OF WALES DR,367389.70776,5021524.15670,-75.70149740240,45.33087472970,2017-05-26,8:35:00 AM,01 - Clear,01 - Daylight,01 - Dry,01 - Traffic signal,01 - Functioning,03 - P.D. only,04 - Sideswipe,0
17-4866,MAIN ST btwn MASON TER & TURN LANE,369401.30632,5029611.42377,-75.67477915790,45.40345933850,2017-05-26,8:39:00 AM,02 - Rain,01 - Daylight,02 - Wet,10 - No control,,03 - P.D. only,03 - Rear end,0
17-4867,ELGIN ST @ SLATER ST,367892.37994,5031646.57510,-75.69379181840,45.42190860560,2017-05-26,9:37:00 AM,01 - Clear,01 - Daylight,01 - Dry,01 - Traffic signal,00 - Unknown,03 - P.D. only,04 - Sideswipe,0
17-4868,BELFAST RD @ ST. LAURENT BLVD,372860.38965,5030578.56200,-75.63046410150,45.41183344310,2017-05-26,10:00:00 AM,01 - Clear,01 - Daylight,02 - Wet,01 - Traffic signal,01 - Functioning,03 - P.D. only,05 - Turning movement,0
17-4869,SUNBURST ST btwn FAIRWEATHER ST & KINGSWELL ST,375864.22500,5021244.29600,-75.59343476270,45.32754969790,2017-05-26,12:00:00 AM,02 - Rain,00 - Unknown,02 - Wet,10 - No control,,03 - P.D. only,06 - SMV unattended vehicle,0
17-4870,HOWDEN AVE btwn SULLIVAN AVE & THATCHER ST,363408.09165,5023033.42148,-75.75211052920,45.34479879260,2017-05-25,12:00:00 AM,01 - Clear,00 - Unknown,01 - Dry,10 - No control,,03 - P.D. only,06 - SMV unattended vehicle,0
17-4871,MERIVALE RD @ SLACK RD,366020.03475,5020955.49300,-75.71903999170,45.32587878800,2017-05-26,11:29:00 AM,01 - Clear,01 - Daylight,01 - Dry,01 - Traffic signal,01 - Functioning,02 - Non-fatal injury,05 - Turning movement,0
17-4872,MCCOOEY LANE @ FISHER AVE,365996.69866,5026426.20000,-75.71866062360,45.37510533790,2017-05-26,10:00:00 AM,02 - Rain,01 - Daylight,02 - Wet,01 - Traffic signal,01 - Functioning,03 - P.D. only,03 - Rear end,0
17-4873,BANTREE ST @ INNES RD,373705.38875,5030407.89319,-75.61969356920,45.41021515920,2017-05-26,12:30:00 PM,01 - Clear,01 - Daylight,01 - Dry,01 - Traffic signal,01 - Functioning,03 - P.D. only,05 - Turning movement,0
17-4874,HWY 417 WOODROFF IC127R63 @ WOODROFFE AVE,362111.78389,5024870.62128,-75.76843819720,45.36143690660,2017-05-26,12:40:00 PM,01 - Clear,01 - Daylight,01 - Dry,10 - No control,,03 - P.D. only,04 - Sideswipe,0
17-4875,MEADOWLANDS DR btwn PRINCE OF WALES DR & DEBRA AVE,367329.44398,5025666.72115,-75.70174235460,45.36815406450,2017-05-26,1:00:00 PM,01 - Clear,01 - Daylight,01 - Dry,10 - No control,,03 - P.D. only,05 - Turning movement,0
17-4876,WALKLEY RD btwn HARDING RD & HALIFAX DR,373549.75707,5027847.36949,-75.62203850720,45.38719205860,2017-05-26,1:21:00 PM,02 - Rain,01 - Daylight,02 - Wet,10 - No control,,02 - Non-fatal injury,05 - Turning movement,0
17-4877,LEMIEUX ST @ ST. LAURENT BLVD,372391.96121,5031742.49386,-75.63628838080,45.42235136930,2017-05-26,1:22:00 PM,01 - Clear,01 - Daylight,01 - Dry,01 - Traffic signal,01 - Functioning,03 - P.D. only,03 - Rear end,0
17-4878,BANK ST @ RIVERSIDE DR N,369225.38145,5027982.87710,-75.67723888090,45.38882242590,2017-05-26,1:17:00 PM,02 - Rain,01 - Daylight,02 - Wet,01 - Traffic signal,01 - Functioning,03 - P.D. only,05 - Turning movement,0
17-4879,JEANNE D'ARC BLVD @ ORLEANS BLVD N,380028.39335,5038106.93649,-75.53774743720,45.47883431770,2017-05-26,1:54:00 PM,02 - Rain,01 - Daylight,02 - Wet,01 - Traffic signal,01 - Functioning,03 - P.D. only,07 - SMV other,0
17-4880,DAZE ST btwn HUNT CLUB RD & 200 W OF BANK ST,371269.68957,5023897.62664,-75.65168404960,45.35187373300,2017-05-26,2:14:00 PM,02 - Rain,01 - Daylight,02 - Wet,10 - No control,,03 - P.D. only,07 - SMV other,0
17-4881,WATSON ST btwn ST. STEPHEN'S ST & DUMAURIER AVE,360186.06029,5023933.41675,-75.79312237810,45.35315875280,2017-05-26,1:00:00 AM,02 - Rain,07 - Dark,02 - Wet,10 - No control,,02 - Non-fatal injury,07 - SMV other,2
17-4882,DONALD ST @ ST. LAURENT BLVD,372094.71624,5032470.57821,-75.63998676700,45.42893099170,2017-05-26,3:12:00 PM,02 - Rain,01 - Daylight,02 - Wet,01 - Traffic signal,01 - Functioning,03 - P.D. only,03 - Rear end,0
17-4883,WOODROFFE AVE btwn FIRESTATION & BASELINE RD,362540.77836,5023793.41599,-75.76308853130,45.35170910070,2017-05-26,3:14:00 PM,01 - Clear,01 - Daylight,01 - Dry,10 - No control,,03 - P.D. only,03 - Rear end,0
17-4884,JOCKVALE RD btwn CEDARVIEW RD & JENNIFER LANE,361516.49379,5015270.07016,-75.77713550770,45.27509952180,2017-05-26,3:45:00 PM,02 - Rain,01 - Daylight,02 - Wet,10 - No control,,03 - P.D. only,02 - Angle,0
17-4885,MONTREAL RD @ SHEFFORD RD,376124.72716,5034853.57470,-75.58814507380,45.44997237950,2017-05-26,3:42:00 PM,02 - Rain,01 - Daylight,02 - Wet,01 - Traffic signal,01 - Functioning,03 - P.D. only,03 - Rear end,0
17-4886,DONNELLY DR @ MERLYN WILSON RD,369252.68966,4990840.87791,-75.68169874390,45.05461803510,2017-05-26,3:54:00 PM,01 - Clear,01 - Daylight,01 - Dry,02 - Stop sign,01 - Functioning,02 - Non-fatal injury,02 - Angle,0
17-4887,SMYTH RD E/LANCASTER RD @ ST. LAURENT BLVD N/R,373363.48257,5029422.75276,-75.62419809380,45.40138490700,2017-05-26,3:40:00 PM,02 - Rain,01 - Daylight,02 - Wet,01 - Traffic signal,01 - Functioning,03 - P.D. only,04 - Sideswipe,0
17-4888,MCCARTHY RD @ SOUTHMORE DR,369450.05695,5024836.85880,-75.67478173030,45.36049479990,2017-05-26,4:17:00 PM,01 - Clear,01 - Daylight,02 - Wet,02 - Stop sign,01 - Functioning,03 - P.D. only,02 - Angle,0
17-4889,BASELINE RD @ MERIVALE RD,365055.03085,5025325.51490,-75.73081668980,45.36528317090,2017-05-25,6:30:00 PM,02 - Rain,01 - Daylight,02 - Wet,01 - Traffic signal,01 - Functioning,02 - Non-fatal injury,03 - Rear end,0
17-4890,RIVERSIDE DR btwn KIMBERWICK CRES & MALHOTRA CRT,368198.30456,5022928.90234,-75.69100259660,45.34344176050,2017-05-26,5:46:00 PM,02 - Rain,01 - Daylight,02 - Wet,10 - No control,,03 - P.D. only,03 - Rear end,0
17-4891,COLONNADE RD @ PRINCE OF WALES DR,367396.38384,5023266.51610,-75.70119181850,45.34655156100,2017-05-26,5:30:00 PM,02 - Rain,01 - Daylight,02 - Wet,01 - Traffic signal,01 - Functioning,03 - P.D. only,03 - Rear end,0
17-4892,CARTIER ST btwn COOPER ST & SOMERSET ST W,368293.39523,5031328.20427,-75.68870910170,45.41900773300,2017-05-24,12:00:00 AM,01 - Clear,00 - Unknown,01 - Dry,10 - No control,,03 - P.D. only,06 - SMV unattended vehicle,0
17-4893,DALY AVE btwn CHARLOTTE ST & WURTEMBURG ST,369379.00208,5032751.66229,-75.67465249780,45.43171610310,2017-05-25,12:00:00 AM,01 - Clear,00 - Unknown,01 - Dry,10 - No control,,03 - P.D. only,06 - SMV unattended vehicle,0
17-4894,ST. LAURENT BLVD btwn BELFAST RD & INDUSTRIAL AVE,373021.50203,5030194.69259,-75.62845910330,45.40836387760,2017-05-26,6:13:00 PM,01 - Clear,01 - Daylight,01 - Dry,10 - No control,,03 - P.D. only,03 - Rear end,0
17-4895,TRIM RD @ DAIRY DR/TAYLOR CREEK DR,384535.56050,5039597.42901,-75.47986279140,45.49174415540,2017-05-26,6:45:00 PM,01 - Clear,01 - Daylight,01 - Dry,11 - Roundabout,01 - Functioning,03 - P.D. only,02 - Angle,0
17-4896,LEEDS AVE @ SHEFFIELD RD,374862.73700,5029550.54990,-75.60503139970,45.40238632280,2017-05-26,6:48:00 PM,01 - Clear,01 - Daylight,02 - Wet,03 - Yield sign,01 - Functioning,02 - Non-fatal injury,02 - Angle,0
17-4897,MONTREAL RD @ ST. LAURENT BLVD,371546.70624,5033816.92580,-75.64680690710,45.44109731950,2017-05-26,8:34:00 PM,01 - Clear,05 - Dusk,01 - Dry,01 - Traffic signal,01 - Functioning,02 - Non-fatal injury,05 - Turning movement,0
17-4898,GILBEY DR @ MERIVALE RD,364680.02696,5024720.19530,-75.73567670470,45.35986873150,2017-05-26,8:47:00 PM,01 - Clear,05 - Dusk,02 - Wet,02 - Stop sign,00 - Unknown,02 - Non-fatal injury,05 - Turning movement,0
17-4899,BISHOP DAVIS DR btwn ARCHIE ST & ALLBIRCH RD,336935.21132,5039107.20827,-76.08886654400,45.49114848070,2017-05-27,6:05:00 AM,"07 - Fog, mist, smoke, dust",01 - Daylight,01 - Dry,10 - No control,,02 - Non-fatal injury,07 - SMV other,0
17-4900,CARP RD btwn LLOYDALEX CRES & ROTHBOURNE RD,348069.83794,5015072.89833,-75.94852414010,45.27428137120,2017-05-27,6:59:00 AM,01 - Clear,01 - Daylight,01 - Dry,10 - No control,,03 - P.D. only,03 - Rear end,0
17-4901,SKYWAY ST btwn GARDENVALE RD & SHANE ST,372507.37020,5033044.83519,-75.63463477060,45.43405805200,2017-04-25,12:00:00 AM,01 - Clear,00 - Unknown,01 - Dry,10 - No control,,03 - P.D. only,06 - SMV unattended vehicle,0