COLLISION_ID,LOCATION,X,Y,LONGITUDE,LATITUDE,DATE,TIME,ENVIRONMENT,LIGHT,SURFACE_CONDITION,TRAFFIC_CONTROL,TRAFFIC_CONTROL_CONDITION,COLLISION_CLASSIFICATION,IMPACT_TYPE,NO_OF_PEDESTRIANS
17-4902,MONTREAL RD @ SHEFFORD RD,376126.06495,5034855.58139,-75.58812768190,45.44999029800,2017-05-27,10:00:00 AM,01 - Clear,01 - Daylight,01 - Dry,01 - Traffic signal,01 - Functioning,03 - P.D. only,03 - Rear end,0
17-4903,CASTLEFRANK RD @ HAZELDEAN RD,352678.88144,5017676.76900,-75.88953361310,45.29741295410,2017-05-27,10:41:00 AM,01 - Clear,01 - Daylight,01 - Dry,01 - Traffic signal,01 - Functioning,02 - Non-fatal injury,03 - Rear end,0
17-4904,REGIONAL ROAD 174 EB btwn HWY417 IC113 RAMP65 & OR174 BLAIR IC112 RAMP51,374749.02712,5032780.60355,-75.60602523310,45.43146000500,2017-05-27,10:55:00 AM,01 - Clear,01 - Daylight,01 - Dry,10 - No control,,03 - P.D. only,07 - SMV other,0
17-4905,"EGLISE, RUE DE L btwn MONTREAL RD & COLLEGE CIRC",371226.93824,5033495.50233,-75.65093728470,45.43823575470,2017-05-26,12:00:00 AM,01 - Clear,00 - Unknown,01 - Dry,10 - No control,,03 - P.D. only,06 - SMV unattended vehicle,0
17-4906,CAMERON ST @ REGIONAL RD 174,389861.10805,5042618.90209,-75.41121574130,45.51829898680,2017-05-27,12:44:00 PM,01 - Clear,01 - Daylight,01 - Dry,01 - Traffic signal,01 - Functioning,03 - P.D. only,03 - Rear end,0
17-4907,CARP RD @ HAZELDEAN RD,348806.24814,5014359.76730,-75.93920220970,45.26781865580,2017-05-27,12:52:00 PM,01 - Clear,01 - Daylight,01 - Dry,01 - Traffic signal,00 - Unknown,03 - P.D. only,03 - Rear end,0
17-4908,CAMBRIAN RD/GOLFLINKS DR W @ LONGFIELDS DR,365381.41700,5013218.43177,-75.72813077120,45.25631653350,2017-05-27,1:00:00 PM,01 - Clear,01 - Daylight,01 - Dry,11 - Roundabout,00 - Unknown,03 - P.D. only,04 - Sideswipe,0
17-4909,ANALDEA DR/ WHITE ALDER AVE @ BANK ST,375696.22139,5020814.50830,-75.59563925130,45.32369963530,2017-05-27,1:30:00 PM,01 - Clear,01 - Daylight,01 - Dry,01 - Traffic signal,01 - Functioning,03 - P.D. only,03 - Rear end,0
17-4910,HUNT CLUB RD @ RIVERSIDE DR,368037.70634,5021944.16071,-75.69317757070,45.33459575260,2017-05-26,6:15:00 PM,01 - Clear,01 - Daylight,01 - Dry,01 - Traffic signal,01 - Functioning,03 - P.D. only,03 - Rear end,0
17-4911,LEPAGE AVE btwn MCBRIDE ST & LARKIN ST,364382.98939,5026381.18906,-75.73926751440,45.37483941320,2017-05-26,12:00:00 AM,01 - Clear,07 - Dark,01 - Dry,10 - No control,,03 - P.D. only,06 - SMV unattended vehicle,0
17-4912,BASELINE RD @ WOODROFFE AVE,362550.69354,5023770.50470,-75.76296467710,45.35150213010,2017-05-26,5:30:00 PM,02 - Rain,01 - Daylight,02 - Wet,01 - Traffic signal,01 - Functioning,03 - P.D. only,03 - Rear end,0
17-4913,BANK ST btwn RANDALL AVE & 73 N OF EVANS BLVD,369780.86232,5027230.36989,-75.67024477990,45.38200029670,2017-05-27,4:45:00 PM,01 - Clear,01 - Daylight,01 - Dry,10 - No control,,03 - P.D. only,04 - Sideswipe,0
17-4914,VANIER PKWY/CRICHTON ST @ BEECHWOOD AVE/ST. PA,369127.75382,5033487.10743,-75.67776712900,45.43835650710,2017-05-27,5:40:00 PM,01 - Clear,01 - Daylight,01 - Dry,01 - Traffic signal,01 - Functioning,03 - P.D. only,03 - Rear end,0
17-4915,ST. JOSEPH BLVD @ TENTH LINE RD,382891.80714,5038667.12170,-75.50103770400,45.48355996820,2017-05-27,5:48:00 PM,01 - Clear,01 - Daylight,01 - Dry,01 - Traffic signal,01 - Functioning,03 - P.D. only,03 - Rear end,0
17-4916,KENNEVALE DR @ STRANDHERD DR,361490.85666,5014098.88010,-75.77759593540,45.26456312390,2017-05-27,5:52:00 PM,01 - Clear,01 - Daylight,01 - Dry,01 - Traffic signal,01 - Functioning,03 - P.D. only,03 - Rear end,0
17-4917,MONTREAL RD btwn BETHAMY LANE & OGILVIE RD,375500.11654,5034459.25643,-75.59618610620,45.44648800610,2017-05-27,6:18:00 PM,01 - Clear,01 - Daylight,01 - Dry,10 - No control,,02 - Non-fatal injury,02 - Angle,0
17-4918,ALBERT ST @ PRESTON ST,366160.21484,5030465.93900,-75.71607069800,45.41143964350,2017-05-27,6:21:00 PM,01 - Clear,01 - Daylight,01 - Dry,01 - Traffic signal,01 - Functioning,03 - P.D. only,03 - Rear end,0
17-4919,CHAMPNEUF DR btwn BOISBRIAND CRES & KINDERSLEY AVE,381627.98432,5036020.20799,-75.51761616370,45.45988551050,2017-05-27,12:00:00 AM,01 - Clear,00 - Unknown,01 - Dry,10 - No control,,03 - P.D. only,06 - SMV unattended vehicle,0
17-4920,HAWTHORNE RD @ HUNT CLUB RD,375509.42214,5026405.86030,-75.59722234270,45.37402698120,2017-05-27,7:01:00 PM,01 - Clear,01 - Daylight,01 - Dry,01 - Traffic signal,01 - Functioning,02 - Non-fatal injury,03 - Rear end,0
17-4921,WEST HUNT CLUB RD @ WOODROFFE AVE,363670.35655,5021246.48900,-75.74897667580,45.32869815690,2017-05-27,7:42:00 PM,01 - Clear,01 - Daylight,01 - Dry,01 - Traffic signal,01 - Functioning,02 - Non-fatal injury,07 - SMV other,0
17-4922,FALLOWFIELD RD btwn MUNSTER RD & CONLEY RD,348658.84375,5006336.09045,-75.94178782490,45.19562735950,2017-05-27,9:34:00 PM,01 - Clear,07 - Dark,01 - Dry,10 - No control,,03 - P.D. only,07 - SMV other,0
17-4923,BLAIR RD @ INNES RD,375578.22540,5031441.59311,-75.59562149660,45.41932892340,2017-05-27,10:36:00 PM,01 - Clear,07 - Dark,01 - Dry,01 - Traffic signal,01 - Functioning,03 - P.D. only,07 - SMV other,0
17-4924,WOODROFFE AVE btwn MIRAMICHI ST & TECUMSEH ST,362350.75065,5024277.03603,-75.76545724690,45.35607629800,2017-05-27,10:57:00 PM,01 - Clear,07 - Dark,01 - Dry,10 - No control,,03 - P.D. only,03 - Rear end,0
17-4925,PETRICHOR CRES btwn GERRY LALONDE DR E & GERRY LALONDE DR W,383820.77600,5035312.78300,-75.48969538360,45.45327616730,2017-05-28,12:00:00 AM,01 - Clear,07 - Dark,01 - Dry,10 - No control,,03 - P.D. only,06 - SMV unattended vehicle,0
17-4926,FEATHERSTON DR btwn FERNCROFT CRES & BRIAR HILL DR,371384.89175,5027357.91431,-75.64974760460,45.38299727200,2017-05-28,12:33:00 AM,01 - Clear,07 - Dark,01 - Dry,10 - No control,,03 - P.D. only,06 - SMV unattended vehicle,0
17-4927,GEORGE ST btwn DALHOUSIE ST & CUMBERLAND ST,368213.06564,5032349.55082,-75.68960393690,45.42820474140,2017-05-28,3:50:00 AM,01 - Clear,07 - Dark,01 - Dry,10 - No control,,03 - P.D. only,02 - Angle,0
17-4928,ROCKDALE RD btwn COLONIAL RD & HUISMANS RD,392144.19265,5030878.49845,-75.38408393010,45.41239093010,2017-05-28,4:33:00 AM,01 - Clear,07 - Dark,01 - Dry,10 - No control,,03 - P.D. only,07 - SMV other,0
17-4929,RIVERSIDE DR RAMP 42A @ RIVERSIDE DR RAMP 42B,368481.48492,5027089.59113,-75.68685328320,45.38085293160,2017-05-28,8:28:00 AM,01 - Clear,01 - Daylight,01 - Dry,03 - Yield sign,01 - Functioning,03 - P.D. only,03 - Rear end,0
17-4930,BASELINE RD @ NAVAHO DR,363086.69404,5024097.50630,-75.75608607200,45.35440011580,2017-05-28,10:38:00 AM,01 - Clear,01 - Daylight,01 - Dry,01 - Traffic signal,01 - Functioning,03 - P.D. only,03 - Rear end,0
17-4931,HERZBERG RD @ MARCH RD,352324.62554,5021529.15720,-75.89368064710,45.33210165710,2017-05-28,1:21:00 PM,01 - Clear,01 - Daylight,01 - Dry,01 - Traffic signal,00 - Unknown,02 - Non-fatal injury,07 - SMV other,0
17-4932,HUNT CLUB RD @ RIVERSIDE DR,368036.36855,5021945.49850,-75.69319446520,45.33460791040,2017-05-28,1:25:00 PM,01 - Clear,01 - Daylight,01 - Dry,01 - Traffic signal,01 - Functioning,03 - P.D. only,02 - Angle,0
17-4933,HUNT CLUB RD @ RIVERSIDE DR,368036.36855,5021946.16740,-75.69319437970,45.33461392910,2017-05-28,3:32:00 PM,01 - Clear,01 - Daylight,01 - Dry,01 - Traffic signal,01 - Functioning,03 - P.D. only,03 - Rear end,0
17-4934,BANK ST btwn TURN LANE & SPRINGHILL RD,384444.56803,5008179.02905,-75.48608699530,45.20907523820,2017-05-28,4:02:00 PM,01 - Clear,01 - Daylight,01 - Dry,10 - No control,,02 - Non-fatal injury,05 - Turning movement,0
17-4935,CRESTWAY DR @ STRANDHERD DR,366348.57504,5015471.80240,-75.71553010280,45.27650833380,2017-05-28,4:24:00 PM,01 - Clear,01 - Daylight,01 - Dry,01 - Traffic signal,01 - Functioning,02 - Non-fatal injury,03 - Rear end,0
17-4936,WALKLEY RD @ SPRINGLAND DR/OTTERSON DR,368721.17115,5024981.96525,-75.68406578840,45.36186726720,2017-05-28,5:24:00 PM,02 - Rain,01 - Daylight,02 - Wet,01 - Traffic signal,01 - Functioning,03 - P.D. only,03 - Rear end,0
17-4937,BRUYERE ST btwn SUSSEX DR & PARENT AVE,367667.36571,5032749.32582,-75.69652605410,45.43185104370,2017-05-28,5:42:00 PM,01 - Clear,01 - Daylight,01 - Dry,10 - No control,,03 - P.D. only,99 - Other,0
17-4938,WOODROFFE AVE @ KNOXDALE RD/MEDHURST DR,363420.02435,5021827.82479,-75.75210110610,45.33394993140,2017-05-28,5:49:00 PM,01 - Clear,01 - Daylight,01 - Dry,01 - Traffic signal,01 - Functioning,03 - P.D. only,03 - Rear end,0
17-4939,BASELINE RD @ GREENBANK RD,360597.34985,5022584.50020,-75.78802578430,45.34098862130,2017-05-28,5:58:00 PM,01 - Clear,01 - Daylight,01 - Dry,01 - Traffic signal,01 - Functioning,03 - P.D. only,03 - Rear end,0
17-4940,CHARLOTTE ST @ RIDEAU ST,369250.71234,5032858.92330,-75.67627788610,45.43269303070,2017-05-28,6:09:00 PM,01 - Clear,01 - Daylight,01 - Dry,01 - Traffic signal,01 - Functioning,02 - Non-fatal injury,07 - SMV other,1
17-4941,ALTA VISTA DR @ BANK ST,370248.40355,5026201.40830,-75.66441165430,45.37269851520,2017-05-28,6:29:00 PM,01 - Clear,01 - Daylight,01 - Dry,01 - Traffic signal,01 - Functioning,03 - P.D. only,03 - Rear end,0
17-4942,FALLOWFIELD RD btwn MOODIE DR & HWY416 IC66 RAMP53,359598.31142,5014663.16875,-75.80164829900,45.26979065480,2017-05-28,9:26:00 PM,01 - Clear,07 - Dark,01 - Dry,10 - No control,,02 - Non-fatal injury,05 - Turning movement,0
17-4943,BLACKBURN BYPASS WB btwn NAVAN RD & 1700 W OF NAVAN RD,379511.05814,5033184.93019,-75.54511157370,45.43460534140,2017-05-29,3:10:00 AM,01 - Clear,07 - Dark,01 - Dry,10 - No control,,03 - P.D. only,07 - SMV other,0
17-4944,DONALD B. MUNRO DR btwn CRAIG'S SIDE RD & FARMLAND RD,339069.42609,5022997.94637,-76.06268289380,45.34609096100,2017-05-29,5:24:00 AM,01 - Clear,03 - Dawn,01 - Dry,10 - No control,,03 - P.D. only,07 - SMV other,0
17-4945,CAMPEAU DR btwn HERLIHEY WAY & KANATA AVE,350541.02095,5019266.15815,-75.91664368900,45.31185715320,2017-05-29,8:53:00 AM,02 - Rain,01 - Daylight,02 - Wet,10 - No control,,03 - P.D. only,03 - Rear end,0
17-4946,BANKFIELD RD @ PRINCE OF WALES DR,366380.02435,5008975.38640,-75.71593393880,45.21805089310,2017-05-29,8:55:00 AM,02 - Rain,01 - Daylight,02 - Wet,01 - Traffic signal,01 - Functioning,02 - Non-fatal injury,05 - Turning movement,0
17-4947,CAMPEAU DR/HWY 417 MARCH IC138R63 @ MARCH RD,352842.37184,5020476.36548,-75.88717777550,45.32259318010,2017-05-29,8:59:00 AM,02 - Rain,01 - Daylight,02 - Wet,01 - Traffic signal,02 - Not functioning,03 - P.D. only,03 - Rear end,0
17-4948,JAMES ST @ KENT ST,367659.37905,5030597.90500,-75.69690263050,45.41249398190,2017-05-29,10:20:00 AM,02 - Rain,01 - Daylight,02 - Wet,02 - Stop sign,01 - Functioning,03 - P.D. only,02 - Angle,0
17-4949,WOODROFFE AVE @ GEORGINA DR/LENESTER AVE,361910.68994,5025369.85030,-75.77094717430,45.36594534090,2017-05-29,10:23:00 AM,02 - Rain,01 - Daylight,02 - Wet,01 - Traffic signal,01 - Functioning,03 - P.D. only,02 - Angle,0
17-4950,ABERFOYLE CIRC btwn Continuation of ABERFOYLE CIRC & Continuation of A,350459.86389,5024070.95687,-75.91723540320,45.35509713140,2017-05-28,12:00:00 AM,01 - Clear,00 - Unknown,01 - Dry,10 - No control,,03 - P.D. only,06 - SMV unattended vehicle,0
17-4951,WALKLEY RD @ DON REID DR/RYDER ST,372602.30458,5027284.41325,-75.63421377720,45.38221916690,2017-05-29,10:40:00 AM,02 - Rain,01 - Daylight,02 - Wet,01 - Traffic signal,01 - Functioning,03 - P.D. only,02 - Angle,0
17-4952,REGIONAL ROAD 174 btwn OR174 IC101 RAMP36 & OR174 IC101 RAMP26,382445.02776,5038743.94454,-75.50673995870,45.48430098690,2017-05-29,11:12:00 AM,02 - Rain,01 - Daylight,02 - Wet,10 - No control,,03 - P.D. only,07 - SMV other,0
17-4953,FRANK ST @ O'CONNOR ST,368052.71004,5030697.57350,-75.69186510830,45.41335532550,2017-05-29,11:30:00 AM,02 - Rain,01 - Daylight,02 - Wet,02 - Stop sign,00 - Unknown,03 - P.D. only,04 - Sideswipe,0
17-4954,NEPEAN ST btwn O'CONNOR ST & METCALFE ST,367807.08760,5031279.19523,-75.69492857560,45.41861072900,2017-05-29,12:44:00 PM,01 - Clear,01 - Daylight,01 - Dry,10 - No control,,03 - P.D. only,05 - Turning movement,0
17-4955,STITTSVILLE MAIN ST btwn DAPHNE CRES & CARLETON CATHCART ST,350573.04539,5012955.98912,-75.91681734670,45.25507420680,2017-05-29,1:35:00 PM,02 - Rain,01 - Daylight,02 - Wet,10 - No control,,03 - P.D. only,02 - Angle,0
17-4956,LAFONTAINE AVE @ MCARTHUR AVE,370950.04675,5032772.91149,-75.65457318720,45.43176045480,2017-05-29,1:37:00 PM,02 - Rain,01 - Daylight,02 - Wet,01 - Traffic signal,01 - Functioning,02 - Non-fatal injury,05 - Turning movement,0
17-4957,ISABELLA ST btwn CHAMBERLAIN AVE & O'CONNOR ST,368168.32785,5030230.89148,-75.69044808350,45.40914581210,2017-05-29,1:32:00 PM,02 - Rain,01 - Daylight,02 - Wet,10 - No control,,03 - P.D. only,04 - Sideswipe,0
17-4958,BRONSON AVE @ PRIMROSE AVE,366886.70284,5030670.23970,-75.70676434660,45.41321380720,2017-05-29,1:38:00 PM,02 - Rain,01 - Daylight,02 - Wet,01 - Traffic signal,01 - Functioning,02 - Non-fatal injury,03 - Rear end,0
17-4959,BAYSHORE DR @ RICHMOND RD,359373.01965,5023367.85700,-75.80356064010,45.34813358790,2017-05-29,1:40:00 PM,02 - Rain,01 - Daylight,02 - Wet,01 - Traffic signal,01 - Functioning,03 - P.D. only,03 - Rear end,0
17-4960,WOODROFFE AVE btwn HWY417 IC127 RAMP36 & HWY417 IC127 RAMP62,362044.22536,5025039.18315,-75.76928095840,45.36295913290,2017-05-29,1:30:00 PM,02 - Rain,01 - Daylight,02 - Wet,10 - No control,,03 - P.D. only,03 - Rear end,0
17-4961,OLD TENTH LINE RD/OR174 IC101 RAMP63 @ ST. JOS,383119.40965,5038784.92540,-75.49810783540,45.48459436000,2017-05-28,8:30:00 PM,01 - Clear,05 - Dusk,01 - Dry,01 - Traffic signal,01 - Functioning,03 - P.D. only,03 - Rear end,0
17-4962,INNES RD btwn STONEHENGE CRES & BLAIR RD,375502.14627,5031393.40125,-75.59660040120,45.41890301280,2017-05-29,2:28:00 PM,02 - Rain,01 - Daylight,02 - Wet,10 - No control,,03 - P.D. only,03 - Rear end,0
17-4963,LAURIER AVE   W btwn QUEEN ELIZABETH DRWY/LAURIER AVE WB ON RAMP & QUE,368116.92012,5031647.26547,-75.69092279340,45.42189453100,2017-05-29,2:42:00 PM,02 - Rain,01 - Daylight,02 - Wet,10 - No control,,03 - P.D. only,05 - Turning movement,0
17-4964,BYRON AVE btwn HARMER AVE N & HOLLAND AVE,364944.89851,5028925.94746,-75.73178382570,45.39768864830,2017-05-29,8:50:00 AM,02 - Rain,01 - Daylight,02 - Wet,10 - No control,,03 - P.D. only,02 - Angle,0
17-4965,REGIONAL ROAD 174 btwn OR174 IC112 RAMP26 & OR174 IC112 RAMP61,375021.44342,5033012.97409,-75.60251093970,45.43352344350,2017-05-29,3:24:00 PM,02 - Rain,01 - Daylight,02 - Wet,10 - No control,,03 - P.D. only,03 - Rear end,0
17-4966,ST. JOSEPH BLVD @ TENTH LINE RD,382891.13825,5038667.12170,-75.50104625810,45.48356004300,2017-05-29,3:33:00 PM,02 - Rain,01 - Daylight,02 - Wet,01 - Traffic signal,01 - Functioning,03 - P.D. only,03 - Rear end,0
17-4967,TENTH LINE RD btwn INNES RD & VANGUARD DR,384009.51300,5036023.06265,-75.48716829640,45.45964525470,2017-05-29,3:41:00 PM,01 - Clear,01 - Daylight,01 - Dry,10 - No control,,03 - P.D. only,05 - Turning movement,0
17-4968,ST. JOSEPH BLVD @ JEANNE D'ARC BLVD,379861.07695,5036472.24980,-75.54013700190,45.46414469750,2017-05-26,3:50:00 PM,01 - Clear,01 - Daylight,01 - Dry,11 - Roundabout,01 - Functioning,03 - P.D. only,07 - SMV other,0
17-4969,CYRVILLE RD btwn STAR TOP RD & MEADOWBROOK RD,374294.27480,5031327.87542,-75.61204139020,45.41843446160,2017-05-29,4:15:00 PM,01 - Clear,01 - Daylight,02 - Wet,10 - No control,,02 - Non-fatal injury,02 - Angle,0
17-4970,HAZELDEAN RD @ YOUNG RD,352465.61404,5017481.11640,-75.89227147210,45.29566692410,2017-05-29,4:17:00 PM,01 - Clear,01 - Daylight,01 - Dry,02 - Stop sign,00 - Unknown,03 - P.D. only,03 - Rear end,0
17-4971,BASELINE RD @ WOODROFFE AVE,362550.02465,5023770.50470,-75.76297321190,45.35150218510,2017-05-29,2:00:00 PM,02 - Rain,01 - Daylight,02 - Wet,01 - Traffic signal,01 - Functioning,03 - P.D. only,04 - Sideswipe,0
17-4972,CAMPEAU DR @ TERRY FOX DR,350455.93515,5019011.12410,-75.91775226910,45.30956782470,2017-05-29,5:48:00 PM,01 - Clear,01 - Daylight,01 - Dry,01 - Traffic signal,01 - Functioning,03 - P.D. only,05 - Turning movement,0
17-4973,PRINCE OF WALES DR @ WEST HUNT CLUB RD,367459.04475,5021891.50330,-75.70056640260,45.33417386200,2017-05-29,5:30:00 PM,01 - Clear,01 - Daylight,01 - Dry,01 - Traffic signal,01 - Functioning,02 - Non-fatal injury,03 - Rear end,0
17-4974,TERRY FOX DR btwn HWY417 IC140 RAMP61 & HWY417 IC140 RAMP16,350844.69223,5018669.26030,-75.91282649400,45.30646626290,2017-05-29,5:28:00 PM,01 - Clear,01 - Daylight,01 - Dry,10 - No control,,03 - P.D. only,03 - Rear end,0
17-4975,RIVERSIDE DR btwn FROBISHER LANE & END,370091.60881,5029407.17207,-75.66598917050,45.40155751190,2017-05-27,12:00:00 AM,01 - Clear,00 - Unknown,01 - Dry,10 - No control,,03 - P.D. only,06 - SMV unattended vehicle,0
17-4976,GARFIELD AVE @ MAITLAND AVE,363343.02625,5025562.52770,-75.75264123990,45.36756086100,2017-05-29,5:34:00 PM,01 - Clear,01 - Daylight,01 - Dry,01 - Traffic signal,01 - Functioning,02 - Non-fatal injury,03 - Rear end,0
17-4977,RIVERSIDE DR @ TREMBLAY RD/HWY417 IC117 RAMP52,370801.74365,5031015.90790,-75.65670377590,45.41596568830,2017-05-29,2:45:00 PM,02 - Rain,01 - Daylight,02 - Wet,01 - Traffic signal,01 - Functioning,03 - P.D. only,03 - Rear end,0
17-4978,CUMMINGS AVE btwn BURN ST & GARDENVALE RD,372363.17584,5033142.28301,-75.63646412970,45.43494878670,2017-04-28,12:00:00 AM,01 - Clear,00 - Unknown,01 - Dry,10 - No control,,03 - P.D. only,06 - SMV unattended vehicle,0
17-4979,HOLLAND AVE btwn ARMSTRONG ST & WELLINGTON ST W,364906.55854,5029199.35600,-75.73224017130,45.40015201180,2017-05-29,11:35:00 PM,01 - Clear,07 - Dark,01 - Dry,10 - No control,,03 - P.D. only,06 - SMV unattended vehicle,0
17-4980,MERIVALE RD btwn MAYVIEW AVE & TRENTON AVE,364883.31098,5026383.80769,-75.73287985710,45.37482025310,2017-05-30,3:37:00 AM,02 - Rain,07 - Dark,02 - Wet,10 - No control,,03 - P.D. only,07 - SMV other,0
17-4981,OAKLAND AVE btwn WILTON LANE & MONK ST,368452.87884,5028987.57523,-75.68697370490,45.39793302840,2017-05-30,4:17:00 AM,01 - Clear,07 - Dark,01 - Dry,10 - No control,,02 - Non-fatal injury,06 - SMV unattended vehicle,0
17-4982,EAGLESON RD btwn FAULKNER TR & FALLOWFIELD RD,355708.69193,5013239.99032,-75.85136029280,45.25727688810,2017-05-30,6:50:00 AM,01 - Clear,01 - Daylight,01 - Dry,10 - No control,,03 - P.D. only,07 - SMV other,0
17-4983,BELFAST RD @ COVENTRY RD,371524.05555,5031643.57129,-75.64739090980,45.42154462570,2017-05-30,7:28:00 AM,01 - Clear,01 - Daylight,01 - Dry,01 - Traffic signal,01 - Functioning,03 - P.D. only,03 - Rear end,0
17-4984,MONTREAL RD @ VANIER PKWY,370074.38204,5033066.26100,-75.66572447770,45.43448217270,2017-05-30,8:26:00 AM,01 - Clear,01 - Daylight,01 - Dry,01 - Traffic signal,01 - Functioning,03 - P.D. only,04 - Sideswipe,0
17-4985,RICHMOND RD btwn NEW ORCHARD AVE & WOODROFFE AVE,361441.20814,5026452.51651,-75.77681576940,45.37572518190,2017-05-30,9:10:00 AM,01 - Clear,01 - Daylight,01 - Dry,10 - No control,,03 - P.D. only,02 - Angle,0
17-4986,MONTREAL RD @ VANIER PKWY,370071.22271,5033066.10465,-75.66576487340,45.43448106120,2017-05-30,9:13:00 AM,01 - Clear,01 - Daylight,01 - Dry,01 - Traffic signal,01 - Functioning,03 - P.D. only,03 - Rear end,0
17-4987,KILSPINDIE RIDGE btwn FERGUSLEA LANE & LOCHHOUSE WALK,366436.78300,5012781.49600,-75.71473977390,45.25229333480,2017-05-29,12:00:00 AM,01 - Clear,00 - Unknown,01 - Dry,10 - No control,,03 - P.D. only,06 - SMV unattended vehicle,0
17-4988,BASELINE RD @ CORDOVA ST,363594.59012,5024410.65380,-75.74956710020,45.35717538090,2017-05-30,10:21:00 AM,01 - Clear,01 - Daylight,01 - Dry,01 - Traffic signal,01 - Functioning,03 - P.D. only,03 - Rear end,0
17-4989,BASELINE RD @ CLYDE AVE,364358.36885,5024890.51290,-75.73976153860,45.36142862530,2017-05-30,12:01:00 PM,01 - Clear,01 - Daylight,01 - Dry,01 - Traffic signal,01 - Functioning,03 - P.D. only,05 - Turning movement,0
17-4990,BRONSON AVE @ CARLING AVE/GLEBE AVE,367447.70700,5029335.78748,-75.69976707790,45.40115680450,2017-05-30,12:13:00 PM,01 - Clear,01 - Daylight,01 - Dry,01 - Traffic signal,01 - Functioning,03 - P.D. only,03 - Rear end,0
17-4991,PRINCE OF WALES DR btwn RIDEAU GLEN DR & FALLOWFIELD RD,367419.29713,5019065.84898,-75.70143074700,45.30875262000,2017-05-30,1:30:00 PM,01 - Clear,01 - Daylight,01 - Dry,10 - No control,,03 - P.D. only,03 - Rear end,0
17-4992,AGES DR btwn SWANSEA CRES & LEGACY RD,374338.34245,5027476.33840,-75.61202144160,45.38377584650,2017-05-30,1:43:00 PM,02 - Rain,01 - Daylight,02 - Wet,10 - No control,,03 - P.D. only,02 - Angle,0
17-4993,SUSSEX DR btwn LADY GREY DR & 151 W OF KING EDWARD AVE/L.B. PEARSON BU,367554.59961,5033251.81080,-75.69790306600,45.43638235920,2017-05-30,1:43:00 PM,01 - Clear,01 - Daylight,01 - Dry,10 - No control,,03 - P.D. only,99 - Other,0
17-4994,RIVERSIDE DR @ SMYTH RD SOUTH SIDE RAMP,369788.11045,5028997.97590,-75.66991945310,45.39790394840,2017-05-30,2:01:00 PM,01 - Clear,01 - Daylight,01 - Dry,01 - Traffic signal,01 - Functioning,03 - P.D. only,05 - Turning movement,0
17-4995,CARLING AVE @ IRVING PL/MAPLE DR,366186.36955,5028527.55400,-75.71597786890,45.39399625600,2017-05-30,4:01:00 PM,01 - Clear,01 - Daylight,01 - Dry,01 - Traffic signal,01 - Functioning,03 - P.D. only,05 - Turning movement,0
17-4996,MONTREAL RD btwn MONTGOMERY ST & PALACE ST,369908.96459,5032973.47763,-75.66785073230,45.43366276730,2017-05-30,4:07:00 PM,01 - Clear,01 - Daylight,01 - Dry,10 - No control,,03 - P.D. only,05 - Turning movement,0
17-4997,EARL ARMSTRONG RD @ RIVER RD,367577.78286,5014686.77439,-75.69996395870,45.26933604180,2017-05-30,4:23:00 PM,01 - Clear,01 - Daylight,01 - Dry,01 - Traffic signal,01 - Functioning,03 - P.D. only,03 - Rear end,0
17-4998,MONTREAL RD btwn OR174 IC109 RAMP66 & OR174 IC109 RAMP65,376310.73097,5034941.10392,-75.58575467790,45.45074090490,2017-05-30,4:38:00 PM,01 - Clear,01 - Daylight,01 - Dry,10 - No control,,02 - Non-fatal injury,03 - Rear end,0
17-4999,SMYTH RD @ SMYTH RD NORTH SIDE RAMP/SMYTH RD S,369917.18079,5029121.18460,-75.66825477100,45.39900054460,2017-05-30,4:54:00 PM,01 - Clear,01 - Daylight,01 - Dry,03 - Yield sign,01 - Functioning,03 - P.D. only,03 - Rear end,0
17-5000,DONALD B. MUNRO DR/OLD CARP RD W @ MARCH RD,343096.24825,5022593.26910,-76.01132914310,45.34224122830,2017-05-30,5:19:00 PM,02 - Rain,01 - Daylight,02 - Wet,02 - Stop sign,01 - Functioning,03 - P.D. only,02 - Angle,0
17-5001,HAZELDEAN RD @ JOHNWOODS ST/VICTOR ST,350188.11851,5015395.42730,-75.92149842850,45.27705005110,2017-05-30,6:28:00 PM,01 - Clear,01 - Daylight,01 - Dry,01 - Traffic signal,00 - Unknown,03 - P.D. only,03 - Rear end,0
17-5002,BESSERER ST @ WALLER ST,368314.92996,5032191.30890,-75.68832268530,45.42677169390,2017-05-30,5:31:00 PM,01 - Clear,01 - Daylight,01 - Dry,01 - Traffic signal,01 - Functioning,03 - P.D. only,04 - Sideswipe,0
17-5003,CHESLEY ST @ BANK ST,368995.69187,5028205.50819,-75.68014292760,45.39084668150,2017-05-30,4:00:00 PM,01 - Clear,01 - Daylight,01 - Dry,02 - Stop sign,00 - Unknown,03 - P.D. only,05 - Turning movement,0
17-5004,LOLA ST btwn DONALD ST & COLUMBUS AVE,371101.42287,5032309.27841,-75.65270116810,45.42757455290,2017-05-30,6:18:00 PM,01 - Clear,01 - Daylight,01 - Dry,10 - No control,,03 - P.D. only,06 - SMV unattended vehicle,0