COLLISION_ID,LOCATION,X,Y,LONGITUDE,LATITUDE,DATE,TIME,ENVIRONMENT,LIGHT,SURFACE_CONDITION,TRAFFIC_CONTROL,TRAFFIC_CONTROL_CONDITION,COLLISION_CLASSIFICATION,IMPACT_TYPE,NO_OF_PEDESTRIANS
17-5005,JOSEPH CYR ST @ LEMIEUX ST,372493.71816,5031752.56540,-75.63498686250,45.42243214880,2017-05-30,6:30:00 PM,02 - Rain,01 - Daylight,02 - Wet,02 - Stop sign,01 - Functioning,03 - P.D. only,02 - Angle,0
17-5006,HWY 417 RIVERSID IC117R35 @ RIVERSIDE DR,370805.74160,5031119.65266,-75.65663880370,45.41689876450,2017-05-30,6:39:00 PM,02 - Rain,01 - Daylight,02 - Wet,10 - No control,,03 - P.D. only,03 - Rear end,0
17-5007,VANIER PKWY NB btwn RIVERSIDE DR & HWY417 IC117 RAMP26,370808.97555,5031301.61616,-75.65657311160,45.41853569210,2017-05-30,6:50:00 PM,01 - Clear,01 - Daylight,01 - Dry,10 - No control,,03 - P.D. only,03 - Rear end,0
17-5008,MORLEY BLVD @ SANFORD AVE,366709.04155,5026133.86410,-75.70960317220,45.37241238990,2017-05-30,7:31:00 PM,01 - Clear,01 - Daylight,02 - Wet,02 - Stop sign,01 - Functioning,02 - Non-fatal injury,02 - Angle,0
17-5009,ALBERT ST btwn TRANSIT & SLATER ST,366582.40384,5030724.02919,-75.71064503410,45.41372472190,2017-05-30,8:12:00 PM,02 - Rain,01 - Daylight,02 - Wet,10 - No control,,02 - Non-fatal injury,04 - Sideswipe,0
17-5010,RICHMOND RD btwn TURN LANE & JOHN SUTHERLAND DR,358757.83868,5022086.47446,-75.81155052610,45.33665126270,2017-05-30,8:20:00 PM,01 - Clear,05 - Dusk,02 - Wet,10 - No control,,02 - Non-fatal injury,01 - Approaching,0
17-5011,CLAYMOR AVE @ MEADOWLANDS DR,366921.60732,5025322.29912,-75.70699164390,45.36509129600,2017-05-30,8:31:00 PM,01 - Clear,05 - Dusk,01 - Dry,01 - Traffic signal,01 - Functioning,03 - P.D. only,03 - Rear end,0
17-5012,BRONSON AVE @ SUNNYSIDE AVE/UNIVERSITY RD - CA,367921.70676,5028090.87820,-75.69387230980,45.38991289680,2017-05-30,9:30:00 PM,01 - Clear,07 - Dark,01 - Dry,01 - Traffic signal,01 - Functioning,03 - P.D. only,04 - Sideswipe,0
17-5013,REGIONAL ROAD 174 btwn MCTEER RD & CANAAN RD,395395.67568,5043278.91893,-75.34026530650,45.52353972890,2017-05-30,11:13:00 PM,01 - Clear,07 - Dark,01 - Dry,10 - No control,,03 - P.D. only,03 - Rear end,0
17-5014,BASELINE RD @ CLYDE AVE,364359.03775,5024888.50621,-75.73975324290,45.36141051240,2017-05-30,11:52:00 PM,01 - Clear,07 - Dark,01 - Dry,01 - Traffic signal,00 - Unknown,03 - P.D. only,07 - SMV other,0
17-5015,TENTH LINE RD btwn CANOTIA PL & AMIENS ST,383345.03559,5037589.62958,-75.49541312980,45.47381483480,2017-05-31,7:49:00 AM,01 - Clear,01 - Daylight,01 - Dry,10 - No control,,02 - Non-fatal injury,02 - Angle,0
17-5016,AIRPORT PKWY SB ON RAMPS @ HUNT CLUB RD,371012.84596,5023629.43286,-75.65499755470,45.34948490650,2017-05-31,9:02:00 AM,01 - Clear,01 - Daylight,01 - Dry,03 - Yield sign,01 - Functioning,03 - P.D. only,03 - Rear end,0
17-5017,NAVAN RD btwn ORLEANS BLVD & PAGE RD,381038.85474,5032976.66599,-75.52561973600,45.43256664000,2017-05-31,9:29:00 AM,01 - Clear,01 - Daylight,08 - Loose sand or gravel,10 - No control,,03 - P.D. only,02 - Angle,0
17-5018,HWY 416 WESTHUNT IC72R34 @ WEST HUNT CLUB RD,359371.62636,5019359.82495,-75.80402026710,45.31206927000,2017-05-31,9:55:00 AM,01 - Clear,01 - Daylight,01 - Dry,01 - Traffic signal,01 - Functioning,03 - P.D. only,03 - Rear end,0
17-5019,LEES AVE @  TRANSITWAY/HWY 417 NICHOLAS IC118R,369366.47754,5031279.16080,-75.67500556890,45.41846825200,2017-05-31,9:50:00 AM,01 - Clear,01 - Daylight,01 - Dry,01 - Traffic signal,01 - Functioning,03 - P.D. only,05 - Turning movement,0
17-5020,PLEASANT PARK RD @ ST. LAURENT BLVD,373597.39345,5028795.54990,-75.62129804420,45.39571867900,2017-05-31,10:48:00 AM,01 - Clear,01 - Daylight,01 - Dry,01 - Traffic signal,01 - Functioning,03 - P.D. only,04 - Sideswipe,0
17-5021,CARLING AVE WB btwn RICHMOND RD & POULIN AVE,360323.63283,5024833.48152,-75.79126561340,45.36124662990,2017-05-31,12:21:00 PM,01 - Clear,01 - Daylight,01 - Dry,10 - No control,,03 - P.D. only,03 - Rear end,0
17-5022,GREENBANK RD @ WEST HUNT CLUB RD,361478.87537,5020501.28971,-75.77701695180,45.32217326010,2017-05-31,1:04:00 PM,01 - Clear,01 - Daylight,01 - Dry,01 - Traffic signal,01 - Functioning,02 - Non-fatal injury,03 - Rear end,0
17-5023,STITTSVILLE MAIN ST btwn ORVILLE ST & ELM CRES,350382.00062,5013170.10848,-75.91923163380,45.25701333200,2017-05-31,1:26:00 PM,01 - Clear,01 - Daylight,01 - Dry,10 - No control,,03 - P.D. only,07 - SMV other,0
17-5024,MERIVALE RD/LOTTA AVE @ CLYDE AVE,364521.11354,5024507.72439,-75.73773060650,45.35797050300,2017-05-31,1:35:00 PM,01 - Clear,01 - Daylight,01 - Dry,01 - Traffic signal,01 - Functioning,02 - Non-fatal injury,03 - Rear end,0
17-5025,SIROIS AVE btwn TELFORD AVE & END (2),371725.90580,5032685.14063,-75.64467040120,45.43089691430,2017-05-31,1:42:00 PM,01 - Clear,01 - Daylight,01 - Dry,10 - No control,,02 - Non-fatal injury,07 - SMV other,1
17-5026,BANK ST btwn KENNEDY RD & BELMEADE RD,387805.20420,5001309.22030,-75.44445439340,45.14687693930,2017-05-31,1:52:00 PM,01 - Clear,01 - Daylight,01 - Dry,10 - No control,,03 - P.D. only,07 - SMV other,0
17-5027,ADAMSON CRES btwn WEST RIDGE DR N & WEST RIDGE DR S,349731.58900,5012185.90900,-75.92760719620,45.24819897130,2017-05-31,1:05:00 PM,01 - Clear,01 - Daylight,01 - Dry,10 - No control,,03 - P.D. only,06 - SMV unattended vehicle,0
17-5028,MEADOWLANDS DR btwn TURN LANE & SULLIVAN AVE,363117.45778,5022764.46952,-75.75585065850,45.34240300670,2017-05-31,2:51:00 PM,01 - Clear,01 - Daylight,01 - Dry,10 - No control,,03 - P.D. only,02 - Angle,0
17-5029,INDUSTRIAL AVE @ ALTA VISTA DR/SANDFORD FLEMIN,370885.61534,5030556.45956,-75.65569388040,45.41182384340,2017-05-31,3:35:00 PM,01 - Clear,01 - Daylight,01 - Dry,01 - Traffic signal,01 - Functioning,03 - P.D. only,03 - Rear end,0
17-5030,JOCKVALE RD @ LONGFIELDS DR,364829.29290,5014001.02790,-75.73507021200,45.26340566480,2017-05-31,4:04:00 PM,01 - Clear,01 - Daylight,01 - Dry,02 - Stop sign,01 - Functioning,03 - P.D. only,03 - Rear end,0
17-5031,LAURIER AVE   W btwn ELGIN ST & QUEEN ELIZABETH DRWY/LAURIER AVE WB ON,368053.39217,5031613.78985,-75.69173878330,45.42159907570,2017-05-31,4:15:00 PM,01 - Clear,01 - Daylight,01 - Dry,10 - No control,,03 - P.D. only,04 - Sideswipe,0
17-5032,BELFAST RD btwn TRIOLE ST & MICHAEL ST,373055.47573,5030649.05970,-75.62796222090,45.41244874820,2017-05-31,4:32:00 PM,01 - Clear,01 - Daylight,01 - Dry,10 - No control,,03 - P.D. only,06 - SMV unattended vehicle,0
17-5033,MARCH RD @ RICHARDSON SIDE RD,351414.38936,5021779.38822,-75.90526924060,45.33441434300,2017-05-29,8:00:00 PM,02 - Rain,01 - Daylight,02 - Wet,01 - Traffic signal,01 - Functioning,03 - P.D. only,03 - Rear end,0
17-5034,CARLING AVE @ CONNAUGHT AVE,360771.67954,5025117.51480,-75.78551477270,45.36376671880,2017-05-31,4:30:00 PM,01 - Clear,01 - Daylight,01 - Dry,01 - Traffic signal,01 - Functioning,03 - P.D. only,05 - Turning movement,0
17-5035,WOODRIDGE CRES btwn BAYSHORE PS & TRANSITWAY LINK,358848.17881,5023186.37467,-75.81027779530,45.34654124750,2017-05-31,5:00:00 PM,01 - Clear,01 - Daylight,01 - Dry,10 - No control,,03 - P.D. only,05 - Turning movement,0
17-5036,BANK ST @ HERON RD,369997.39224,5026851.54220,-75.66753017870,45.37857161060,2017-05-31,5:19:00 PM,01 - Clear,01 - Daylight,01 - Dry,01 - Traffic signal,00 - Unknown,03 - P.D. only,04 - Sideswipe,0
17-5037,BLAIR RD btwn BEAVERPOND DR & INNES RD,375541.61115,5031526.51162,-75.59607708860,45.42009667560,2017-05-31,5:30:00 PM,01 - Clear,01 - Daylight,01 - Dry,10 - No control,,03 - P.D. only,04 - Sideswipe,0
17-5038,PARENT AVE @ BOLTON ST,367596.69074,5032918.84483,-75.69740760360,45.43338266750,2017-05-31,8:10:00 PM,01 - Clear,01 - Daylight,01 - Dry,02 - Stop sign,01 - Functioning,03 - P.D. only,02 - Angle,0
17-5039,HWY 417 MAITLAND IC126R26/62 @ MAITLAND AVE,363145.88898,5025981.71941,-75.75510816550,45.37134913610,2017-05-31,5:45:00 PM,02 - Rain,01 - Daylight,02 - Wet,01 - Traffic signal,01 - Functioning,03 - P.D. only,03 - Rear end,0
17-5040,STRANDHERD DR btwn GREENBANK RD & Continuation of STRANDHERD DR,363999.64417,5014824.93427,-75.74554296850,45.27088950450,2017-05-31,7:11:00 PM,01 - Clear,01 - Daylight,02 - Wet,10 - No control,,03 - P.D. only,04 - Sideswipe,0
17-5041,GREENBANK RD @ HWY 417 IC129 RAMP57/IRIS ST,360532.31234,5023312.49400,-75.78877357760,45.34754426990,2017-05-31,7:20:00 PM,01 - Clear,01 - Daylight,01 - Dry,01 - Traffic signal,01 - Functioning,03 - P.D. only,02 - Angle,0
17-5042,HAZELDEAN RD @ HAZELDEAN RD 1,351379.78525,5016478.80483,-75.90620897110,45.28672066450,2017-05-31,9:07:00 PM,02 - Rain,07 - Dark,02 - Wet,01 - Traffic signal,01 - Functioning,03 - P.D. only,05 - Turning movement,0
17-5043,ALBION RD @ DES MESANGES DR,371989.39195,5024021.51549,-75.64248307880,45.35291985790,2017-05-31,12:54:00 AM,01 - Clear,07 - Dark,02 - Wet,10 - No control,,01 - Fatal injury,05 - Turning movement,0
17-5044,KENT ST btwn MACLAREN ST & GILMOUR ST,367589.52387,5030711.99767,-75.69778048440,45.41352682370,2017-05-31,9:12:00 PM,01 - Clear,07 - Dark,01 - Dry,10 - No control,,03 - P.D. only,04 - Sideswipe,0
17-5045,CEDARWOOD DR @ WALKLEY RD,371194.39415,5026456.86179,-75.65230104720,45.37490800700,2017-05-31,9:12:00 PM,02 - Rain,07 - Dark,02 - Wet,01 - Traffic signal,01 - Functioning,03 - P.D. only,05 - Turning movement,0
17-5046,WOODROFFE AVE @ CRESTHAVEN DR/PAUL METIVIER,366326.11176,5014853.40380,-75.71589301450,45.27094598080,2017-05-31,10:19:00 PM,01 - Clear,07 - Dark,01 - Dry,01 - Traffic signal,01 - Functioning,02 - Non-fatal injury,02 - Angle,0
17-5047,HOPEWELL AVE @ SENECA ST,368265.26000,5028203.88410,-75.68947069620,45.39089864260,2017-05-31,10:42:00 PM,01 - Clear,07 - Dark,01 - Dry,02 - Stop sign,01 - Functioning,03 - P.D. only,02 - Angle,0
17-5048,TERMINAL AVE @ TRAINYARDS DR,371846.33734,5030815.92490,-75.64338582500,45.41406701720,2017-05-31,11:58:00 PM,01 - Clear,07 - Dark,01 - Dry,01 - Traffic signal,01 - Functioning,03 - P.D. only,04 - Sideswipe,0
17-5049,INNES RD btwn PAGE RD & 473 E OF PAGE RD/BUILDERS' WAREHOUSE SC,381061.32760,5034643.56453,-75.52507428410,45.44756165130,2017-06-01,1:16:00 AM,01 - Clear,07 - Dark,01 - Dry,10 - No control,,03 - P.D. only,04 - Sideswipe,0
17-5050,FRIEL ST @ RIDEAU ST,368772.03685,5032571.92209,-75.68243232740,45.43015465360,2017-06-01,1:22:00 AM,01 - Clear,07 - Dark,01 - Dry,01 - Traffic signal,01 - Functioning,03 - P.D. only,04 - Sideswipe,0
17-5051,RUSSELL RD btwn BELGREEN DR & BLAKE RD,376082.38735,5027391.92745,-75.58976562240,45.38284106120,2017-06-01,5:31:00 AM,01 - Clear,03 - Dawn,01 - Dry,10 - No control,,03 - P.D. only,06 - SMV unattended vehicle,0
17-5052,DONNELLY DR @ MERLYN WILSON RD,369256.67764,4990839.42879,-75.68164830410,45.05460463300,2017-06-01,6:30:00 AM,01 - Clear,01 - Daylight,01 - Dry,02 - Stop sign,01 - Functioning,03 - P.D. only,03 - Rear end,0
17-5053,REGIONAL ROAD 174 btwn TRANSIT & OR174 IC109 RAMP56,376108.89979,5034221.19769,-75.58843904890,45.44428425970,2017-05-31,7:28:00 AM,01 - Clear,01 - Daylight,01 - Dry,10 - No control,,03 - P.D. only,03 - Rear end,0
17-5054,REGIONAL ROAD 174 btwn OR174 IC112 RAMP26 & OR174 IC112 RAMP61,375158.63256,5033116.78771,-75.60074292780,45.43444370950,2017-06-01,7:25:00 AM,01 - Clear,01 - Daylight,01 - Dry,10 - No control,,03 - P.D. only,03 - Rear end,0
17-5055,ALBION RD @ LESTER RD,372694.40875,5022333.83369,-75.63371785500,45.33766678440,2017-06-01,8:28:00 AM,01 - Clear,01 - Daylight,01 - Dry,01 - Traffic signal,01 - Functioning,03 - P.D. only,03 - Rear end,0
17-5056,CAMBRIAN RD @ TWIN ELM RD N,359361.63536,5009763.38240,-75.80520201340,45.22571994100,2017-06-01,8:56:00 AM,01 - Clear,01 - Daylight,01 - Dry,02 - Stop sign,01 - Functioning,03 - P.D. only,02 - Angle,0
17-5057,GREENBANK RD @ 207 S OF BELLMAN DR/GREENBANK S,361338.68294,5020828.81729,-75.77876767780,45.32513165860,2017-05-31,4:10:00 PM,01 - Clear,01 - Daylight,01 - Dry,01 - Traffic signal,01 - Functioning,03 - P.D. only,04 - Sideswipe,0
17-5058,STRANDHERD DR btwn JOCKVALE RD & 215 W OF GREENBANK RD/BARRHAVEN MALL,363586.90190,5014592.55292,-75.75083012960,45.26883315380,2017-06-01,9:25:00 AM,01 - Clear,01 - Daylight,01 - Dry,10 - No control,,03 - P.D. only,99 - Other,0
17-5059,VANIER PKWY/CRICHTON ST @ BEECHWOOD AVE/ST. PA,369127.37947,5033487.00487,-75.67777192610,45.43835561930,2017-06-01,10:00:00 AM,01 - Clear,01 - Daylight,01 - Dry,01 - Traffic signal,01 - Functioning,03 - P.D. only,03 - Rear end,0
17-5060,ST. JEAN ST @ ST. JOSEPH BLVD,380970.07175,5037201.59140,-75.52584445710,45.47058667550,2017-06-01,10:37:00 AM,01 - Clear,01 - Daylight,01 - Dry,01 - Traffic signal,01 - Functioning,02 - Non-fatal injury,04 - Sideswipe,0
17-5061,BASELINE RD @ CORDOVA ST,363592.01596,5024409.52640,-75.74960008630,45.35716545260,2017-06-01,11:21:00 AM,01 - Clear,01 - Daylight,01 - Dry,01 - Traffic signal,01 - Functioning,03 - P.D. only,03 - Rear end,0
17-5062,BESSERER ST @ WALLER ST,368316.26775,5032191.97780,-75.68830550460,45.42677759100,2017-06-01,11:35:00 AM,01 - Clear,01 - Daylight,01 - Dry,01 - Traffic signal,01 - Functioning,03 - P.D. only,05 - Turning movement,0
17-5063,JOHNSTON RD @ TAPIOLA CRES W,371571.07095,5025266.51920,-75.64765320220,45.36416193600,2017-06-01,12:17:00 PM,01 - Clear,01 - Daylight,01 - Dry,02 - Stop sign,01 - Functioning,02 - Non-fatal injury,03 - Rear end,0
17-5064,INNES RD @ PAGE RD,380888.08345,5034539.88560,-75.52730475100,45.44664771000,2017-06-01,12:22:00 PM,01 - Clear,01 - Daylight,01 - Dry,01 - Traffic signal,01 - Functioning,02 - Non-fatal injury,05 - Turning movement,0
17-5065,MARCH RD btwn DIAMONDVIEW RD & THOMAS ARGUE RD,340490.27036,5020223.71986,-76.04475191380,45.32105646350,2017-06-01,1:08:00 PM,01 - Clear,01 - Daylight,01 - Dry,10 - No control,,03 - P.D. only,05 - Turning movement,0
17-5066,BANK ST @ LAURIER AVE,367481.20980,5031264.56930,-75.69909392100,45.41850840070,2017-06-01,3:01:00 PM,01 - Clear,01 - Daylight,01 - Dry,01 - Traffic signal,01 - Functioning,02 - Non-fatal injury,07 - SMV other,1
17-5067,PANET ST @ SHILLINGTON AVE,364935.36345,5026863.54330,-75.73215690980,45.37913236270,2017-06-01,9:15:00 AM,01 - Clear,01 - Daylight,01 - Dry,02 - Stop sign,01 - Functioning,03 - P.D. only,02 - Angle,0
17-5068,CUMMINGS AVE btwn OGILVIE RD & LABELLE ST,372824.47262,5032018.07357,-75.63072419520,45.42478898000,2017-06-01,3:20:00 PM,01 - Clear,01 - Daylight,01 - Dry,10 - No control,,03 - P.D. only,03 - Rear end,0
17-5069,FALLOWFIELD RD btwn STEEPLE HILL CRES & MOODIE DR,359121.66373,5014454.76743,-75.80774506340,45.26795240780,2017-06-01,3:35:00 PM,01 - Clear,01 - Daylight,01 - Dry,10 - No control,,03 - P.D. only,01 - Approaching,0
17-5070,CARLING AVE EB btwn FOX CRES & WOODROFFE AVE,361734.87934,5025701.31932,-75.77315312370,45.36894217500,2017-05-28,3:28:00 PM,01 - Clear,01 - Daylight,01 - Dry,10 - No control,,02 - Non-fatal injury,02 - Angle,0
17-5071,ELGIN ST btwn SLATER ST & LAURIER AVE W (1),367910.44014,5031645.23731,-75.69356123560,45.42189493950,2017-06-01,4:19:00 PM,01 - Clear,01 - Daylight,01 - Dry,10 - No control,,02 - Non-fatal injury,04 - Sideswipe,0
17-5072,SUSSEX DR @ 262 N OF KING EDWARD AVE,367769.71334,5033733.93000,-75.69509218830,45.44070095630,2017-06-01,4:38:00 PM,01 - Clear,01 - Daylight,01 - Dry,01 - Traffic signal,01 - Functioning,03 - P.D. only,03 - Rear end,0
17-5073,MARAVISTA DR @ STRANDHERD DR,361288.43810,5014584.95810,-75.78011984030,45.26895318370,2017-06-01,4:49:00 PM,01 - Clear,01 - Daylight,01 - Dry,01 - Traffic signal,01 - Functioning,03 - P.D. only,05 - Turning movement,0
17-5074,SLATER ST btwn O'CONNOR ST & METCALFE ST,367606.90059,5031468.04242,-75.69746213420,45.42032791450,2017-06-01,5:07:00 PM,01 - Clear,01 - Daylight,02 - Wet,10 - No control,,02 - Non-fatal injury,07 - SMV other,1
17-5075,BOUNDARY RD @ MITCH OWENS RD,388066.16655,5022163.13840,-75.43764513800,45.33447520350,2017-06-01,5:20:00 PM,01 - Clear,01 - Daylight,01 - Dry,02 - Stop sign,01 - Functioning,03 - P.D. only,02 - Angle,0
17-5076,SMYTH RD E/LANCASTER RD @ ST. LAURENT BLVD N/R,373364.20959,5029424.39897,-75.62418857960,45.40139964750,2017-06-01,5:20:00 PM,02 - Rain,01 - Daylight,02 - Wet,01 - Traffic signal,01 - Functioning,03 - P.D. only,04 - Sideswipe,0
17-5077,SUSSEX DR btwn ALEXANDER ST & MACKAY ST,367906.64314,5034052.23066,-75.69330124640,45.44355256260,2017-06-01,10:10:00 AM,01 - Clear,01 - Daylight,01 - Dry,10 - No control,,03 - P.D. only,03 - Rear end,0
17-5078,NELSON ST btwn LAURIER AVE E & OSGOODE ST,368936.77149,5032019.45377,-75.68039916900,45.42516866200,2017-06-01,7:00:00 PM,01 - Clear,01 - Daylight,01 - Dry,10 - No control,,02 - Non-fatal injury,07 - SMV other,1
17-5079,LISGAR ST btwn O'CONNOR ST & METCALFE ST,367852.49770,5031212.12212,-75.69435698970,45.41800313630,2017-06-01,2:30:00 PM,01 - Clear,01 - Daylight,01 - Dry,10 - No control,,03 - P.D. only,06 - SMV unattended vehicle,0
17-5080,AMBERWOOD CRES @ MERIVALE RD,366410.70884,5020017.15120,-75.71417351960,45.31740152780,2017-06-01,6:46:00 PM,02 - Rain,01 - Daylight,02 - Wet,01 - Traffic signal,00 - Unknown,03 - P.D. only,03 - Rear end,0
17-5081,MARCH RD btwn DUNROBIN RD & MURPHY CRT,347273.93190,5026064.19851,-75.95772476390,45.37323303480,2017-06-01,9:10:00 PM,01 - Clear,05 - Dusk,01 - Dry,10 - No control,,03 - P.D. only,07 - SMV other,0
17-5082,BLAIR PL @ OGILVIE RD,374800.72584,5033371.58170,-75.60528055960,45.43677212240,2017-06-01,9:34:00 PM,01 - Clear,07 - Dark,01 - Dry,01 - Traffic signal,01 - Functioning,02 - Non-fatal injury,03 - Rear end,0
17-5083,MONTREAL RD btwn CYR AVE & HANNAH ST,370238.93100,5033159.36904,-75.66360921690,45.43530453970,2017-06-01,10:24:00 PM,01 - Clear,07 - Dark,01 - Dry,10 - No control,,03 - P.D. only,04 - Sideswipe,0
17-5084,DEVONWOOD CIRC btwn TUNDRA SWAN BAY & HATCHLEY RD,375419.63087,5020510.98191,-75.59921031650,45.32099650570,2017-06-02,3:09:00 AM,01 - Clear,07 - Dark,02 - Wet,10 - No control,,03 - P.D. only,07 - SMV other,0
17-5085,ALTA VISTA DR btwn DALE AVE & 75 S OF CALEDON ST,370707.41626,5030223.18038,-75.65801485270,45.40884193430,2017-06-02,7:40:00 AM,01 - Clear,01 - Daylight,01 - Dry,10 - No control,,03 - P.D. only,99 - Other,0
17-5086,MARCH RD @ SOLANDT RD,350491.13701,5022710.50240,-75.91696197660,45.34285344270,2017-06-02,7:58:00 AM,01 - Clear,01 - Daylight,01 - Dry,01 - Traffic signal,01 - Functioning,03 - P.D. only,05 - Turning movement,0
17-5087,PARKDALE AVE @ RUSKIN ST,365506.69906,5028450.88780,-75.72466719930,45.39336568300,2017-06-02,8:17:00 AM,01 - Clear,01 - Daylight,01 - Dry,01 - Traffic signal,01 - Functioning,03 - P.D. only,04 - Sideswipe,0
17-5088,MERIVALE RD @ ANNA AVE/LAPERRIERE AVE,364861.27292,5027163.49508,-75.73306636680,45.38183762950,2017-05-30,8:16:00 AM,01 - Clear,01 - Daylight,01 - Dry,01 - Traffic signal,01 - Functioning,03 - P.D. only,03 - Rear end,0
17-5089,CARLING AVE @ IRVING PL/MAPLE DR,366186.36955,5028527.55400,-75.71597786890,45.39399625600,2017-06-02,8:45:00 AM,01 - Clear,01 - Daylight,01 - Dry,01 - Traffic signal,01 - Functioning,02 - Non-fatal injury,02 - Angle,0
17-5090,ALEUTIAN RD @ CHINOOK CRES N,359142.32985,5022612.15521,-75.80658741780,45.34135167960,2017-06-02,8:20:00 AM,01 - Clear,01 - Daylight,01 - Dry,03 - Yield sign,01 - Functioning,03 - P.D. only,02 - Angle,0
17-5091,ABBEYHILL DR @ CASTLEFRANK RD,353223.51580,5017259.13334,-75.88263058560,45.29361764400,2017-06-02,8:57:00 AM,01 - Clear,01 - Daylight,01 - Dry,02 - Stop sign,01 - Functioning,02 - Non-fatal injury,02 - Angle,0
17-5092,MEADOWGLEN DR @ ORLEANS BLVD,380344.74866,5034574.23660,-75.53424436650,45.44701570780,2017-06-02,9:14:00 AM,01 - Clear,01 - Daylight,01 - Dry,01 - Traffic signal,01 - Functioning,03 - P.D. only,03 - Rear end,0
17-5093,ST. JOSEPH BLVD/OLD MONTREAL RD @ TRIM RD,384679.80186,5039286.53174,-75.47806825200,45.48893051250,2017-06-02,9:49:00 AM,01 - Clear,01 - Daylight,01 - Dry,11 - Roundabout,01 - Functioning,03 - P.D. only,02 - Angle,0
17-5094,HWY 417 MAITLAND IC126R26/62 @ MAITLAND AVE,363146.08817,5025983.70333,-75.75510538820,45.37136697040,2017-06-02,9:58:00 AM,01 - Clear,01 - Daylight,01 - Dry,01 - Traffic signal,01 - Functioning,03 - P.D. only,03 - Rear end,0
17-5095,MAPLE GROVE RD @ TERRY FOX DR,351553.27415,5017865.13340,-75.90386680460,45.29918371140,2017-06-02,10:28:00 AM,01 - Clear,01 - Daylight,01 - Dry,01 - Traffic signal,01 - Functioning,03 - P.D. only,99 - Other,0
17-5096,STRANDHERD DR @ LONGFIELDS DR,364548.47605,5015172.65580,-75.73850727430,45.27397188710,2017-06-01,4:45:00 PM,01 - Clear,01 - Daylight,01 - Dry,01 - Traffic signal,01 - Functioning,03 - P.D. only,03 - Rear end,0
17-5097,CHARLOTTE ST @ RIDEAU ST,369250.15996,5032859.36672,-75.67628488610,45.43269707120,2017-06-02,11:22:00 AM,01 - Clear,01 - Daylight,01 - Dry,01 - Traffic signal,01 - Functioning,03 - P.D. only,04 - Sideswipe,0
17-5098,BANTREE ST @ INNES RD,373704.05096,5030407.89319,-75.61971065840,45.41021529090,2017-06-02,11:21:00 AM,01 - Clear,01 - Daylight,02 - Wet,01 - Traffic signal,01 - Functioning,03 - P.D. only,02 - Angle,0
17-5099,JEANNE D'ARC BLVD @ ORLEANS BLVD N,380028.93770,5038104.26099,-75.53774088450,45.47881018710,2017-06-02,12:09:00 PM,02 - Rain,01 - Daylight,02 - Wet,01 - Traffic signal,01 - Functioning,03 - P.D. only,03 - Rear end,0
17-5100,DWYER HILL RD btwn BLEEKS RD & COPELAND RD,347112.14682,5000228.50086,-75.96199012130,45.14076234980,2017-06-02,12:54:00 PM,01 - Clear,01 - Daylight,01 - Dry,10 - No control,,03 - P.D. only,07 - SMV other,0
17-5101,INNES RD @ ORLEANS BLVD,380461.57128,5034294.85064,-75.53279409500,45.44448937000,2017-06-02,1:39:00 PM,01 - Clear,01 - Daylight,01 - Dry,01 - Traffic signal,01 - Functioning,03 - P.D. only,05 - Turning movement,0
17-5102,ST. JOSEPH BLVD @ JEANNE D'ARC BLVD,379861.07695,5036470.91200,-75.54013720620,45.46413266100,2017-06-02,2:19:00 PM,01 - Clear,01 - Daylight,01 - Dry,11 - Roundabout,01 - Functioning,03 - P.D. only,03 - Rear end,0
17-5103,BRITANNIA RD @ CARLING AVE,360175.01195,5024738.52820,-75.79317318520,45.36040399830,2017-05-19,10:30:00 AM,01 - Clear,01 - Daylight,01 - Dry,02 - Stop sign,01 - Functioning,02 - Non-fatal injury,07 - SMV other,1
17-5104,PINE VISTA DR btwn RUSTIC HILLS CRES & RUSTIC HILLS CRES,386927.95464,5037579.48579,-75.44959706260,45.47331139260,2017-06-02,2:36:00 PM,01 - Clear,01 - Daylight,01 - Dry,10 - No control,,03 - P.D. only,06 - SMV unattended vehicle,0
17-5105,ALBERT ST @ BOOTH ST,366428.35875,5030625.89770,-75.71262525340,45.41285534560,2017-06-02,2:35:00 PM,01 - Clear,01 - Daylight,01 - Dry,01 - Traffic signal,00 - Unknown,03 - P.D. only,07 - SMV other,0
17-5106,WEST HUNT CLUB RD btwn TURN LANE & PRINCE OF WALES DR (2),367387.45889,5021895.33645,-75.70147915530,45.33421474110,2017-06-02,2:52:00 PM,01 - Clear,01 - Daylight,01 - Dry,10 - No control,,03 - P.D. only,02 - Angle,0
17-5107,KING EDWARD AVE @ OSGOODE ST/THOMAS MORE PRIV,368849.37235,5031850.56831,-75.68153788300,45.42365710010,2017-06-02,2:56:00 PM,01 - Clear,01 - Daylight,01 - Dry,01 - Traffic signal,01 - Functioning,03 - P.D. only,03 - Rear end,0
17-5108,WELLINGTON ST @ LETT ST,366355.27940,5031111.95344,-75.71349813040,45.41723517090,2017-06-02,3:10:00 PM,01 - Clear,01 - Daylight,01 - Dry,01 - Traffic signal,01 - Functioning,03 - P.D. only,03 - Rear end,0
17-5109,INNES RD btwn 298 E OF WILDFLOWER DR & LANTHIER DR/PRESTWICK DR,383401.96711,5035929.70142,-75.49495054710,45.45887388690,2017-06-02,8:20:00 AM,01 - Clear,01 - Daylight,01 - Dry,10 - No control,,02 - Non-fatal injury,03 - Rear end,0