COLLISION_ID,LOCATION,X,Y,LONGITUDE,LATITUDE,DATE,TIME,ENVIRONMENT,LIGHT,SURFACE_CONDITION,TRAFFIC_CONTROL,TRAFFIC_CONTROL_CONDITION,COLLISION_CLASSIFICATION,IMPACT_TYPE,NO_OF_PEDESTRIANS
17-5110,BLAIR PL @ OGILVIE RD,374799.72250,5033371.80718,-75.60529334980,45.43677425180,2017-06-02,3:39:00 PM,01 - Clear,01 - Daylight,01 - Dry,01 - Traffic signal,01 - Functioning,03 - P.D. only,04 - Sideswipe,0
17-5111,PRINCE OF WALES DR @ STRANDHERD DR,367174.95535,5014824.19100,-75.70507980830,45.27060834950,2017-06-02,3:41:00 PM,01 - Clear,01 - Daylight,02 - Wet,01 - Traffic signal,01 - Functioning,03 - P.D. only,03 - Rear end,0
17-5112,HELEN RAPP WAY btwn MABERLY WAY & MABERLY WAY,375492.80190,5019384.58140,-75.59843783460,45.31085422870,2017-06-01,3:12:00 PM,01 - Clear,01 - Daylight,01 - Dry,10 - No control,,03 - P.D. only,06 - SMV unattended vehicle,0
17-5113,CRESTWAY DR @ STRANDHERD DR,366345.89946,5015471.13350,-75.71556428320,45.27650254930,2017-06-01,3:00:00 PM,01 - Clear,01 - Daylight,01 - Dry,01 - Traffic signal,01 - Functioning,03 - P.D. only,03 - Rear end,0
17-5114,NORICE ST @ WOODROFFE AVE,363193.68066,5022398.82999,-75.75492126790,45.33910666920,2017-06-02,5:26:00 PM,01 - Clear,01 - Daylight,01 - Dry,01 - Traffic signal,01 - Functioning,02 - Non-fatal injury,03 - Rear end,0
17-5115,MERIVALE RD btwn MEADOWLANDS DR & 210 S OF MEADOWLANDS DR/MERIVALE PL,364897.83033,5023636.54719,-75.73302859050,45.35009958440,2017-05-28,1:45:00 PM,01 - Clear,01 - Daylight,01 - Dry,10 - No control,,03 - P.D. only,03 - Rear end,0
17-5116,DENTON WAY btwn GOSNELL TER & GOSNELL TER,385756.36197,5037795.50870,-75.46454346110,45.47539175280,2017-06-02,5:59:00 PM,01 - Clear,01 - Daylight,01 - Dry,10 - No control,,03 - P.D. only,06 - SMV unattended vehicle,0
17-5117,BITTERN CRT btwn WHITEMARL DR & END,370015.83028,5034717.84737,-75.66625388740,45.44934790490,2017-06-01,12:00:00 AM,01 - Clear,00 - Unknown,01 - Dry,10 - No control,,03 - P.D. only,06 - SMV unattended vehicle,0
17-5118,RICHMOND RD btwn ROBERTSON RD & STINSON AVE,357862.19245,5020923.53204,-75.82310195740,45.32625532750,2017-06-02,9:28:00 PM,01 - Clear,07 - Dark,01 - Dry,10 - No control,,03 - P.D. only,03 - Rear end,0
17-5119,BAYVIEW RD/BURNSIDE AVE @ SLIDELL ST,365162.16949,5030245.62661,-75.72884738820,45.40954412150,2017-06-03,12:03:00 AM,01 - Clear,07 - Dark,01 - Dry,11 - Roundabout,01 - Functioning,03 - P.D. only,07 - SMV other,0
17-5120,FALLOWFIELD RD @ GREENBANK RD,363080.34125,5016731.78640,-75.75703392640,45.28812419670,2017-06-03,9:38:00 AM,01 - Clear,01 - Daylight,01 - Dry,01 - Traffic signal,01 - Functioning,03 - P.D. only,05 - Turning movement,0
17-5121,INNES RD @ TENTH LINE RD,383951.42585,5036159.56080,-75.48788895030,45.46087992370,2017-06-01,5:00:00 PM,01 - Clear,01 - Daylight,01 - Dry,01 - Traffic signal,01 - Functioning,03 - P.D. only,03 - Rear end,0
17-5122,FALLOWFIELD RD @ GREENBANK RD,363081.01015,5016731.78640,-75.75702539860,45.28812414120,2017-06-03,11:46:00 AM,01 - Clear,01 - Daylight,01 - Dry,01 - Traffic signal,01 - Functioning,02 - Non-fatal injury,05 - Turning movement,0
17-5123,ALLEN BLVD @ MCARTHUR AVE,370750.70510,5032749.34612,-75.65712374070,45.43156725080,2017-06-03,12:13:00 PM,01 - Clear,01 - Daylight,01 - Dry,01 - Traffic signal,01 - Functioning,03 - P.D. only,04 - Sideswipe,0
17-5124,ST. JOSEPH BLVD btwn ORLEANS BLVD & COUSINEAU ST,380667.88819,5037003.85494,-75.52973911730,45.46884049420,2017-06-03,12:12:00 PM,01 - Clear,01 - Daylight,01 - Dry,10 - No control,,03 - P.D. only,02 - Angle,0
17-5125,ISABELLA ST btwn CHAMBERLAIN AVE & O'CONNOR ST,368183.39318,5030241.65243,-75.69025425500,45.40924127100,2017-06-03,2:01:00 PM,01 - Clear,01 - Daylight,01 - Dry,10 - No control,,03 - P.D. only,03 - Rear end,0
17-5126,GEORGE ST    W btwn PRESTON ST & END,366576.89538,5029399.16850,-75.71088141590,45.40180447470,2017-06-01,7:05:00 AM,01 - Clear,01 - Daylight,01 - Dry,10 - No control,,03 - P.D. only,99 - Other,0
17-5127,FISHER AVE btwn 220 S OF TRENT ST & MCCOOEY LANE,365939.21779,5026559.30883,-75.71937797320,45.37630804130,2017-06-03,2:46:00 PM,01 - Clear,01 - Daylight,01 - Dry,10 - No control,,03 - P.D. only,03 - Rear end,0
17-5128,CASTLEFRANK RD @ TERRY FOX DR,352994.34345,5016303.47011,-75.88564506360,45.28503410280,2017-06-03,3:26:00 PM,01 - Clear,01 - Daylight,01 - Dry,01 - Traffic signal,01 - Functioning,03 - P.D. only,03 - Rear end,0
17-5129,RIVERSIDE DR btwn 175 S OF HUNT CLUB  RD & GL/OT BOUNDARY,368247.51643,5020952.49961,-75.69062806380,45.32565404030,2017-06-03,4:28:00 PM,01 - Clear,01 - Daylight,01 - Dry,10 - No control,,03 - P.D. only,04 - Sideswipe,0
17-5130,ISABELLA ST/HWY417 IC119AR75 @ METCALFE ST,368448.04599,5030399.81682,-75.68685314030,45.41064036430,2017-06-03,4:28:00 PM,01 - Clear,01 - Daylight,01 - Dry,01 - Traffic signal,01 - Functioning,03 - P.D. only,02 - Angle,0
17-5131,4TH LINE RD btwn FOREST RD & SPRINGHILL RD,379732.32137,5004332.33502,-75.54664559280,45.17498071440,2017-06-03,4:38:00 PM,01 - Clear,01 - Daylight,01 - Dry,10 - No control,,03 - P.D. only,07 - SMV other,0
17-5132,RIDEAU ST btwn KING EDWARD AVE & NELSON ST,368562.19404,5032444.18221,-75.68513040260,45.42902445950,2017-06-03,2:30:00 PM,01 - Clear,01 - Daylight,01 - Dry,10 - No control,,03 - P.D. only,02 - Angle,0
17-5133,CARLING AVE @ IROQUOIS RD,362214.68934,5026025.53010,-75.76699055190,45.37182025010,2017-06-03,5:14:00 PM,01 - Clear,01 - Daylight,01 - Dry,01 - Traffic signal,01 - Functioning,02 - Non-fatal injury,02 - Angle,0
17-5134,RIOCAN AVE @ STRANDHERD DR,364171.87435,5014945.24150,-75.74333382500,45.27195751040,2017-06-03,5:00:00 PM,01 - Clear,01 - Daylight,01 - Dry,01 - Traffic signal,01 - Functioning,03 - P.D. only,03 - Rear end,0
17-5135,DONNELLY DR btwn FAIRMILE RD & FOURTH LINE RD,371940.77659,4993069.50569,-75.64727599540,45.07442188970,2017-06-03,7:33:00 PM,01 - Clear,01 - Daylight,01 - Dry,10 - No control,,03 - P.D. only,07 - SMV other,0
17-5136,BRONSON AVE @ COOPER ST,366932.70374,5030559.90140,-75.70619059320,45.41221693250,2017-06-03,7:49:00 PM,01 - Clear,01 - Daylight,01 - Dry,10 - No control,00 - Unknown,03 - P.D. only,02 - Angle,0
17-5137,PRINCE OF WALES DR @ STRANDHERD DR,367175.62425,5014824.19100,-75.70507128450,45.27060829020,2017-06-04,12:59:00 AM,01 - Clear,07 - Dark,01 - Dry,01 - Traffic signal,01 - Functioning,03 - P.D. only,03 - Rear end,0
17-5138,BANK ST btwn TURN LANE & SPRINGHILL RD,384426.00097,5008086.19380,-75.48633816250,45.20824205190,2017-06-04,2:54:00 AM,01 - Clear,07 - Dark,01 - Dry,10 - No control,,03 - P.D. only,03 - Rear end,0
17-5139,PARKWAY RD btwn CEDAR LANE & HIRAM DR,376878.70893,5013016.51272,-75.58169018020,45.25341588460,2017-06-04,3:52:00 AM,01 - Clear,07 - Dark,01 - Dry,10 - No control,,02 - Non-fatal injury,07 - SMV other,0
17-5140,FALLOWFIELD RD btwn ORR ST & GREENBANK RD,362964.56266,5016642.55322,-75.75852022440,45.28733086610,2017-06-04,4:58:00 AM,01 - Clear,03 - Dawn,01 - Dry,10 - No control,,03 - P.D. only,07 - SMV other,0
17-5141,BRITTANY DR @ MONTREAL RD,371912.84572,5033994.78225,-75.64210298270,45.44266253390,2017-06-04,8:21:00 AM,01 - Clear,01 - Daylight,01 - Dry,01 - Traffic signal,01 - Functioning,03 - P.D. only,02 - Angle,0
17-5142,ALBION RD @ HUNT CLUB RD,371868.06815,5024320.51780,-75.64399076110,45.35562179280,2017-06-04,10:05:00 AM,01 - Clear,01 - Daylight,01 - Dry,01 - Traffic signal,01 - Functioning,03 - P.D. only,03 - Rear end,0
17-5143,BRONSON AVE btwn BRONSON AVE NB ON RAMP 42 & BRONSON AVE SB ON RAMP 43,367770.43733,5028380.45200,-75.69576702800,45.39253201800,2017-06-04,12:09:00 PM,01 - Clear,01 - Daylight,01 - Dry,10 - No control,,03 - P.D. only,04 - Sideswipe,0
17-5144,REGIONAL ROAD 174 EB btwn OR174 IC109 RAMP55 & TRANSIT,376531.41612,5035123.13992,-75.58290709570,45.45235613210,2017-06-04,12:17:00 PM,01 - Clear,01 - Daylight,01 - Dry,10 - No control,,02 - Non-fatal injury,03 - Rear end,0
17-5145,WALKLEY RD @ DON REID DR/RYDER ST,372602.06135,5027285.21290,-75.63421677260,45.38222638490,2017-06-04,12:37:00 PM,01 - Clear,01 - Daylight,01 - Dry,01 - Traffic signal,01 - Functioning,03 - P.D. only,02 - Angle,0
17-5146,RIDEAU ST btwn AUGUSTA ST & COBOURG ST,369023.84579,5032723.27857,-75.67919478070,45.43149342340,2017-06-04,2:32:00 PM,01 - Clear,01 - Daylight,01 - Dry,10 - No control,,02 - Non-fatal injury,03 - Rear end,0
17-5147,STITTSVILLE MAIN ST btwn MANCHESTER ST & ABBOTT ST W,350246.91206,5013343.45703,-75.92093687730,45.25858192270,2017-06-04,1:33:00 PM,02 - Rain,01 - Daylight,02 - Wet,10 - No control,,03 - P.D. only,03 - Rear end,0
17-5148,BLAIR RD @ MEADOWBROOK RD,375196.40674,5032310.23151,-75.60037550000,45.42718297210,2017-06-04,1:37:00 PM,02 - Rain,01 - Daylight,02 - Wet,01 - Traffic signal,01 - Functioning,03 - P.D. only,03 - Rear end,0
17-5149,BANK ST @ GLADSTONE AVE,367916.70640,5030562.80012,-75.69361981470,45.41215495760,2017-06-04,3:16:00 PM,01 - Clear,01 - Daylight,01 - Dry,01 - Traffic signal,01 - Functioning,03 - P.D. only,02 - Angle,0
17-5150,INNES RD btwn HWY417 IC112 RAMP58 & HWY417 IC112 RAMP57,374277.15724,5030739.47020,-75.61234303720,45.41314199370,2017-06-04,3:26:00 PM,01 - Clear,01 - Daylight,01 - Dry,10 - No control,,03 - P.D. only,03 - Rear end,0
17-5151,MEADOWBROOK RD @ BORTOLOTTI CRES N/CEDARCROFT,374424.80616,5031989.33824,-75.61028025590,45.42437297790,2017-06-04,3:36:00 PM,02 - Rain,01 - Daylight,02 - Wet,02 - Stop sign,01 - Functioning,03 - P.D. only,02 - Angle,0
17-5152,INNES RD @ TENTH LINE RD,383952.76364,5036158.89190,-75.48787195550,45.46087375400,2017-06-04,3:56:00 PM,01 - Clear,01 - Daylight,01 - Dry,01 - Traffic signal,01 - Functioning,03 - P.D. only,04 - Sideswipe,0
17-5153,NELSON ST @ RIDEAU ST,368651.98444,5032497.61321,-75.68397608630,45.42949702040,2017-06-04,4:14:00 PM,01 - Clear,01 - Daylight,01 - Dry,01 - Traffic signal,00 - Unknown,03 - P.D. only,05 - Turning movement,0
17-5154,FOX VALLEY RD btwn WADDION DR & END,375149.37811,5012583.32240,-75.60378107250,45.24969317010,2017-06-03,12:00:00 AM,01 - Clear,07 - Dark,01 - Dry,10 - No control,,03 - P.D. only,06 - SMV unattended vehicle,0
17-5155,REGIONAL RD 174 @ TRIM RD,384350.18106,5039991.67849,-75.48217025930,45.49531238250,2017-06-04,6:35:00 PM,02 - Rain,01 - Daylight,02 - Wet,01 - Traffic signal,01 - Functioning,03 - P.D. only,07 - SMV other,0
17-5156,LADOUCEUR ST btwn HINCHEY AVE & CARRUTHERS AVE,365193.08997,5029661.63435,-75.72852393620,45.40428682930,2017-05-28,12:00:00 AM,02 - Rain,07 - Dark,02 - Wet,10 - No control,,03 - P.D. only,06 - SMV unattended vehicle,0
17-5157,CONROY RD @ WALKLEY RD,372904.72594,5027463.53130,-75.63032781200,45.38380146050,2017-06-04,7:14:00 PM,01 - Clear,01 - Daylight,01 - Dry,01 - Traffic signal,01 - Functioning,03 - P.D. only,03 - Rear end,0
17-5158,SNAKE ISLAND RD btwn 5TH LINE RD & GREY'S CREEK RD,381539.80894,5008792.05615,-75.52296601020,45.21491327560,2017-06-04,7:39:00 PM,01 - Clear,01 - Daylight,01 - Dry,10 - No control,,01 - Fatal injury,01 - Approaching,0
17-5159,LACASSE AVE btwn BLAKE BLVD & MCARTHUR AVE,370818.64642,5032785.72226,-75.65625064130,45.43188813760,2017-06-04,11:32:00 PM,01 - Clear,07 - Dark,01 - Dry,10 - No control,,03 - P.D. only,99 - Other,0
17-5160,CONROY RD @ KINGSDALE AVE,374319.08095,5024119.83960,-75.61273969500,45.35357745370,2017-06-05,7:40:00 AM,01 - Clear,01 - Daylight,01 - Dry,02 - Stop sign,01 - Functioning,03 - P.D. only,02 - Angle,0
17-5161,BASELINE RD btwn FISHER AVE & LEXINGTON ST,366289.43607,5026104.11798,-75.71496349920,45.37218168460,2017-06-05,8:40:00 AM,01 - Clear,01 - Daylight,01 - Dry,10 - No control,,03 - P.D. only,03 - Rear end,0
17-5162,MARCH RD btwn TERRY FOX DR & SOLANDT RD,350032.16713,5023210.88014,-75.92277256660,45.34738569760,2017-06-05,8:55:00 AM,01 - Clear,01 - Daylight,01 - Dry,10 - No control,,03 - P.D. only,03 - Rear end,0
17-5163,REGIONAL ROAD 174 btwn OR174 IC109 RAMP54 & OR174 IC109 RAMP55,376404.99471,5034838.85898,-75.58456457980,45.44981131880,2017-06-05,9:04:00 AM,01 - Clear,01 - Daylight,01 - Dry,10 - No control,,03 - P.D. only,07 - SMV other,0
17-5164,PAUL ANKA DR btwn UPLANDS DR & MCCARTHY RD,369562.86605,5023706.38139,-75.67349003490,45.35031266220,2017-06-05,12:00:00 AM,01 - Clear,00 - Unknown,01 - Dry,10 - No control,,03 - P.D. only,06 - SMV unattended vehicle,0
17-5165,WEST HUNT CLUB RD @ WOODROFFE AVE,363671.69434,5021245.82010,-75.74895969150,45.32869202590,2017-06-01,9:30:00 AM,01 - Clear,01 - Daylight,01 - Dry,01 - Traffic signal,01 - Functioning,03 - P.D. only,03 - Rear end,0
17-5166,TERRY FOX DR @ WESTPHALIAN AVE,353455.22610,5015759.78900,-75.87982363390,45.28011017200,2017-06-04,3:30:00 PM,02 - Rain,01 - Daylight,02 - Wet,01 - Traffic signal,01 - Functioning,03 - P.D. only,03 - Rear end,0
17-5167,IRIS ST @ WOODROFFE AVE,362283.29244,5024440.36056,-75.76629918040,45.35755141370,2017-06-05,8:33:00 AM,01 - Clear,01 - Daylight,01 - Dry,01 - Traffic signal,01 - Functioning,03 - P.D. only,04 - Sideswipe,0
17-5168,RICHMOND RD @ STONEHAVEN DR,356781.97555,5015892.77479,-75.83740856050,45.28106868940,2017-06-05,12:35:00 PM,02 - Rain,01 - Daylight,02 - Wet,01 - Traffic signal,01 - Functioning,03 - P.D. only,03 - Rear end,0
17-5169,MCRAE AVE @ SCOTT ST,363457.01805,5028811.55140,-75.75080010870,45.39678556270,2017-06-05,1:09:00 PM,01 - Clear,01 - Daylight,01 - Dry,02 - Stop sign,01 - Functioning,02 - Non-fatal injury,02 - Angle,0
17-5170,ST. LAURENT BLVD/GUY ST @ RIDEAU SS,371860.04446,5033043.13933,-75.64290751000,45.43410517020,2017-06-05,1:15:00 PM,01 - Clear,01 - Daylight,01 - Dry,01 - Traffic signal,01 - Functioning,03 - P.D. only,02 - Angle,0
17-5171,DENBURY AVE btwn DOVERCOURT AVE & TILLBURY AVE,362834.70203,5027046.83976,-75.75895552850,45.38095879790,2017-06-05,1:43:00 PM,01 - Clear,01 - Daylight,01 - Dry,10 - No control,,03 - P.D. only,02 - Angle,0
17-5172,BRIAN COBURN BLVD btwn GERRY LALONDE DR & STRASBOURG ST,383956.67310,5034807.88078,-75.48803941850,45.44871812840,2017-06-05,2:09:00 PM,02 - Rain,01 - Daylight,02 - Wet,10 - No control,,02 - Non-fatal injury,01 - Approaching,0
17-5173,HAZELDEAN RD btwn 246 E OF CASTLEFRANK RD & IRWIN GT,352972.76468,5017944.29391,-75.88576076010,45.29980011780,2017-06-05,2:15:00 PM,01 - Clear,01 - Daylight,02 - Wet,10 - No control,,03 - P.D. only,02 - Angle,0
17-5174,FALLOWFIELD RD @ STRANDHERD DR,360752.55925,5014962.82320,-75.78690588820,45.27239608940,2017-06-05,2:45:00 PM,01 - Clear,01 - Daylight,01 - Dry,01 - Traffic signal,01 - Functioning,03 - P.D. only,03 - Rear end,0
17-5175,ST. LAURENT BLVD @ WALKLEY RD,373901.74676,5028046.18620,-75.61751615720,45.38894628250,2017-06-05,4:08:00 PM,01 - Clear,01 - Daylight,01 - Dry,01 - Traffic signal,01 - Functioning,03 - P.D. only,03 - Rear end,0
17-5176,BANK ST @ MITCH OWENS RD,377758.76570,5015947.23402,-75.57004890150,45.27969469960,2017-06-05,4:11:00 PM,01 - Clear,01 - Daylight,01 - Dry,01 - Traffic signal,01 - Functioning,03 - P.D. only,03 - Rear end,0
17-5177,DESCHAMPS AVE @ VANIER PKWY,369852.04705,5033268.92939,-75.66853907060,45.43632641830,2017-06-05,3:40:00 PM,01 - Clear,01 - Daylight,01 - Dry,01 - Traffic signal,01 - Functioning,03 - P.D. only,03 - Rear end,0
17-5178,WITHROW AVE btwn PENDER ST & ST. HELEN'S PL,364378.94151,5024062.26723,-75.73959878910,45.35397443310,2017-06-03,2:45:00 PM,01 - Clear,01 - Daylight,01 - Dry,10 - No control,,03 - P.D. only,06 - SMV unattended vehicle,0
17-5179,BRONSON AVE @ FIRST AVE,367488.70406,5029235.22461,-75.69925623350,45.40024829860,2017-06-05,5:10:00 PM,01 - Clear,01 - Daylight,01 - Dry,02 - Stop sign,01 - Functioning,02 - Non-fatal injury,03 - Rear end,0
17-5180,BANK ST btwn ST. PAUL AVE & KITCHENER AVE,370521.81255,5025533.41652,-75.66101025060,45.36666255390,2017-06-05,5:30:00 PM,01 - Clear,01 - Daylight,01 - Dry,10 - No control,,03 - P.D. only,03 - Rear end,0
17-5181,FIRST LINE RD btwn PHELAN RD E & ROGER STEVENS DR,371221.92050,5002976.01337,-75.65509023620,45.16362903340,2017-06-04,10:45:00 PM,01 - Clear,07 - Dark,02 - Wet,10 - No control,,03 - P.D. only,07 - SMV other,0
17-5182,ARLINGTON AVE @ BRONSON AVE,367222.19990,5029867.56340,-75.70258000540,45.40596171600,2017-06-05,6:01:00 PM,01 - Clear,01 - Daylight,01 - Dry,01 - Traffic signal,01 - Functioning,03 - P.D. only,03 - Rear end,0
17-5183,LYON ST @ WELLINGTON ST,366936.94324,5031424.82821,-75.70602737570,45.41999891020,2017-06-05,7:20:00 PM,01 - Clear,01 - Daylight,01 - Dry,01 - Traffic signal,01 - Functioning,03 - P.D. only,04 - Sideswipe,0
17-5184,WILLOWMERE WAY btwn FINDLAY CREEK DR & HAZELNUT CRES,374162.69400,5019357.73100,-75.61540272560,45.31074526990,2017-06-05,8:22:00 PM,01 - Clear,01 - Daylight,01 - Dry,10 - No control,,03 - P.D. only,02 - Angle,0
17-5185,SWALE RD btwn DEVEREAUX RD & SPRINGHILL RD,381239.25660,5005629.00030,-75.52727713230,45.18648600410,2017-06-05,8:40:00 PM,01 - Clear,05 - Dusk,01 - Dry,10 - No control,,03 - P.D. only,07 - SMV other,0
17-5186,GREENBANK RD @ BERRIGAN DR/WESSEX RD,363723.34725,5015275.08691,-75.74901044820,45.27496319120,2017-06-05,9:02:00 PM,02 - Rain,05 - Dusk,02 - Wet,01 - Traffic signal,01 - Functioning,03 - P.D. only,02 - Angle,0
17-5187,PINECREST RD @ LISA AVE,360693.63668,5022917.89792,-75.78675959150,45.34398086420,2017-06-05,9:21:00 PM,01 - Clear,07 - Dark,01 - Dry,02 - Stop sign,01 - Functioning,03 - P.D. only,07 - SMV other,0
17-5188,KAKULU RD @ CASTLEFRANK RD,352180.91250,5018498.70510,-75.89580391860,45.30484269770,2017-06-05,11:25:00 PM,02 - Rain,07 - Dark,02 - Wet,01 - Traffic signal,01 - Functioning,03 - P.D. only,02 - Angle,0
17-5189,CATHERINE ST @ ELGIN ST,368552.37515,5030576.23411,-75.68549758240,45.41221821200,2017-06-06,4:00:00 AM,02 - Rain,07 - Dark,02 - Wet,01 - Traffic signal,01 - Functioning,03 - P.D. only,03 - Rear end,0
17-5190,CHURCHILL AVE   N btwn RAVENHILL AVE & KENWOOD AVE,363323.66419,5028067.62693,-75.75259147480,45.39010301050,2017-06-05,12:00:00 AM,01 - Clear,00 - Unknown,01 - Dry,10 - No control,,03 - P.D. only,06 - SMV unattended vehicle,0
17-5191,RIDDELL DR btwn MARCH VALLEY RD & SIXTH LINE RD,349230.35990,5028216.52177,-75.93255404930,45.39247870940,2017-06-05,9:05:00 AM,02 - Rain,01 - Daylight,02 - Wet,10 - No control,,03 - P.D. only,07 - SMV other,0
17-5192,WEST HUNT CLUB RD EB btwn CEDARVIEW RD & GREENBANK RD,361394.39272,5020439.60295,-75.77810155760,45.32162501920,2017-06-06,8:02:00 AM,02 - Rain,01 - Daylight,02 - Wet,10 - No control,,03 - P.D. only,03 - Rear end,0
17-5193,INNES RD @ EASTPARK DR E/RONDEL ST,378794.05854,5033317.12847,-75.55425447540,45.43587100770,2017-06-06,8:17:00 AM,01 - Clear,01 - Daylight,02 - Wet,02 - Stop sign,01 - Functioning,03 - P.D. only,02 - Angle,0
17-5194,EAGLESON RD @ HAZELDEAN RD/ROBERTSON RD,353673.29045,5018423.12221,-75.87678184770,45.30406033360,2017-06-06,8:00:00 AM,02 - Rain,01 - Daylight,02 - Wet,01 - Traffic signal,01 - Functioning,03 - P.D. only,03 - Rear end,0
17-5195,BEECHWOOD AVE btwn ST. PATRICK ST & MACKAY ST,369147.06888,5033519.15657,-75.67751608060,45.43864309570,2017-06-04,12:00:00 AM,01 - Clear,00 - Unknown,01 - Dry,10 - No control,,03 - P.D. only,06 - SMV unattended vehicle,0
17-5196,LABELLE ST/RAMP @ LEMIEUX ST/HWY417 IC115 RAMP,372542.42440,5031687.53760,-75.63437349150,45.42184234450,2017-06-06,9:31:00 AM,01 - Clear,01 - Daylight,01 - Dry,02 - Stop sign,01 - Functioning,03 - P.D. only,02 - Angle,0
17-5197,AVIATION PKWY @ MONTREAL RD,372146.38215,5034108.58280,-75.63910247260,45.44366399560,2017-06-05,9:40:00 AM,01 - Clear,01 - Daylight,01 - Dry,01 - Traffic signal,01 - Functioning,03 - P.D. only,03 - Rear end,0
17-5198,RIVER RD btwn ROGER STEVENS DR & DOYLE RD,373374.29796,5003058.39520,-75.62770307080,45.16416448060,2017-06-06,9:45:00 AM,02 - Rain,01 - Daylight,02 - Wet,10 - No control,,03 - P.D. only,07 - SMV other,0
17-5199,BRONSON AVE @ SUNNYSIDE AVE/UNIVERSITY RD - CA,367922.37565,5028091.54710,-75.69386368260,45.38991885510,2017-06-06,9:48:00 AM,02 - Rain,01 - Daylight,02 - Wet,01 - Traffic signal,01 - Functioning,03 - P.D. only,03 - Rear end,0
17-5200,MERIVALE RD @ SHILLINGTON AVE,364842.14669,5026810.55710,-75.73335349180,45.37866359720,2017-06-06,12:04:00 PM,01 - Clear,01 - Daylight,01 - Dry,01 - Traffic signal,01 - Functioning,03 - P.D. only,03 - Rear end,0
17-5201,ST. JEAN ST @ ST. JOSEPH BLVD,380969.40285,5037202.26030,-75.52585290690,45.47059276670,2017-06-06,12:35:00 PM,02 - Rain,01 - Daylight,02 - Wet,01 - Traffic signal,00 - Unknown,03 - P.D. only,03 - Rear end,0
17-5202,COBBLE HILL DR btwn BARRY HELMAN CRES/FERGUS CRES N & BARRY HELMAN CRES/FERGUS CRES S,361054.90310,5015134.49400,-75.78303348280,45.27391667660,2017-06-05,12:00:00 AM,01 - Clear,00 - Unknown,01 - Dry,10 - No control,,03 - P.D. only,06 - SMV unattended vehicle,0
17-5203,MITCH OWENS RD/BRIDGE ST @ RIVER RD,369499.37285,5010769.73080,-75.67598769460,45.23391674040,2017-06-05,5:30:00 PM,01 - Clear,01 - Daylight,01 - Dry,01 - Traffic signal,01 - Functioning,03 - P.D. only,03 - Rear end,0
17-5204,BRIAN COBURN BLVD btwn AQUAVIEW DR & TENTH LINE RD,384512.28539,5035062.44168,-75.48089619690,45.45094529000,2017-06-06,1:05:00 PM,02 - Rain,01 - Daylight,02 - Wet,10 - No control,,03 - P.D. only,02 - Angle,0
17-5205,REGIONAL ROAD 174 btwn QUIGLEY HILL RD & REGIONAL ROAD 174 DIVIDED,384856.40147,5040860.74845,-75.47555250520,45.50307350920,2017-06-06,1:33:00 PM,02 - Rain,01 - Daylight,02 - Wet,10 - No control,,03 - P.D. only,07 - SMV other,0
17-5206,BLACKBURN BYPASS @ INNES RD W,377186.69050,5032174.67100,-75.57496406070,45.42576014030,2017-06-06,1:42:00 PM,02 - Rain,01 - Daylight,02 - Wet,01 - Traffic signal,01 - Functioning,02 - Non-fatal injury,03 - Rear end,0
17-5207,MERIVALE RD @ WOODFIELD DR/ROYDON PL,365462.36665,5022299.83669,-75.72598853310,45.33802344760,2017-06-06,1:47:00 PM,02 - Rain,01 - Daylight,02 - Wet,01 - Traffic signal,01 - Functioning,03 - P.D. only,05 - Turning movement,0
17-5208,JEANNE D'ARC BLVD  S btwn HENRI LAUZON ST & BOYER RD,380658.74305,5036187.19958,-75.52998208950,45.46149387780,2017-06-06,1:56:00 PM,01 - Clear,01 - Daylight,01 - Dry,10 - No control,,02 - Non-fatal injury,04 - Sideswipe,0
17-5209,WEST HUNT CLUB RD EB btwn 545 E OF ROYDON PL/SUNDERLAND ST & ANTARES D,367027.10929,5022207.25421,-75.70603700270,45.33705337180,2017-06-06,2:05:00 PM,02 - Rain,01 - Daylight,02 - Wet,10 - No control,,03 - P.D. only,03 - Rear end,0
17-5210,EAGLESON RD @ 146 N OF ABBEYHILL DR/HAZELDEAN,353773.62595,5018171.38610,-75.87552734390,45.30178817070,2017-06-06,2:36:00 PM,02 - Rain,01 - Daylight,02 - Wet,01 - Traffic signal,01 - Functioning,02 - Non-fatal injury,05 - Turning movement,0
17-5211,INNES RD btwn ANDERSON RD & INNES RD,376297.79796,5031849.59066,-75.58636901920,45.42292668250,2017-06-06,2:35:00 PM,02 - Rain,01 - Daylight,02 - Wet,10 - No control,,03 - P.D. only,07 - SMV other,0
17-5212,TYRRELL PL @ MOODIE DR,357325.95046,5019854.69993,-75.83005551950,45.31667820250,2017-06-06,2:44:00 PM,02 - Rain,01 - Daylight,02 - Wet,01 - Traffic signal,01 - Functioning,03 - P.D. only,03 - Rear end,0
17-5213,BEAUSEJOUR DR @ JEANNE D'ARC BLVD,381420.41265,5036059.90240,-75.52026376270,45.46026544270,2017-06-06,2:45:00 PM,02 - Rain,01 - Daylight,02 - Wet,01 - Traffic signal,01 - Functioning,03 - P.D. only,03 - Rear end,0