COLLISION_ID,LOCATION,X,Y,LONGITUDE,LATITUDE,DATE,TIME,ENVIRONMENT,LIGHT,SURFACE_CONDITION,TRAFFIC_CONTROL,TRAFFIC_CONTROL_CONDITION,COLLISION_CLASSIFICATION,IMPACT_TYPE,NO_OF_PEDESTRIANS
17-5214,CARLING AVE @ IROQUOIS RD,362213.11992,5026026.06278,-75.76701052480,45.37182517180,2017-06-06,3:05:00 PM,02 - Rain,01 - Daylight,02 - Wet,01 - Traffic signal,01 - Functioning,03 - P.D. only,04 - Sideswipe,0
17-5215,COLONEL BY DR @ HOG'S BACK RD,367605.80634,5025874.21658,-75.69818825060,45.36999634790,2017-06-06,2:25:00 PM,02 - Rain,01 - Daylight,02 - Wet,01 - Traffic signal,01 - Functioning,03 - P.D. only,03 - Rear end,0
17-5216,STONEHAVEN DR @ SAWYER WAY/SUMMITVIEW DR,356561.75862,5015861.74568,-75.84021861890,45.28080573310,2017-06-06,3:49:00 PM,02 - Rain,01 - Daylight,02 - Wet,02 - Stop sign,01 - Functioning,03 - P.D. only,07 - SMV other,0
17-5217,PRINCE OF WALES DR btwn 187 N OF MEADOWLANDS DR & MEADOWLANDS DR/HOG'S,367340.81522,5025790.46697,-75.70158153730,45.36926648580,2017-06-06,3:54:00 PM,01 - Clear,01 - Daylight,02 - Wet,10 - No control,,03 - P.D. only,02 - Angle,0
17-5218,PRINCE OF WALES DR btwn TURN LANE & WOODROFFE AVE,366783.54544,5013967.03109,-75.71017451760,45.26293027680,2017-06-06,3:58:00 PM,02 - Rain,01 - Daylight,02 - Wet,10 - No control,,03 - P.D. only,07 - SMV other,0
17-5219,SCOTT ST btwn ISLAND PARK DR & OAKDALE AVE,363892.21793,5029077.34280,-75.74521013810,45.39914051080,2017-06-06,4:10:00 PM,02 - Rain,01 - Daylight,02 - Wet,10 - No control,,03 - P.D. only,03 - Rear end,0
17-5220,GLAMORGAN DR btwn UXBRIDGE CRES & HEATHCLIFFE CRT,353502.66481,5016345.30400,-75.87916153640,45.28537549740,2017-06-06,4:33:00 PM,02 - Rain,01 - Daylight,02 - Wet,10 - No control,,03 - P.D. only,99 - Other,0
17-5221,BASELINE RD @ NAVAHO DR,363087.36294,5024097.50630,-75.75607753560,45.35440006020,2017-06-06,4:37:00 PM,02 - Rain,01 - Daylight,02 - Wet,01 - Traffic signal,00 - Unknown,03 - P.D. only,03 - Rear end,0
17-5222,LYON ST    N btwn NEPEAN ST & LISGAR ST,367249.49250,5030910.45724,-75.70209926460,45.41534292980,2017-06-06,4:53:00 PM,02 - Rain,01 - Daylight,02 - Wet,10 - No control,,03 - P.D. only,04 - Sideswipe,0
17-5223,NIXON DR/ROGER STEVENS DR @ RIVER RD,373169.34957,5002763.30652,-75.63035020750,45.16152917410,2017-06-06,5:11:00 PM,02 - Rain,01 - Daylight,02 - Wet,02 - Stop sign,01 - Functioning,03 - P.D. only,05 - Turning movement,0
17-5224,PRINCE OF WALES DR @ WEST HUNT CLUB RD,367459.71364,5021890.83440,-75.70055795520,45.33416778360,2017-06-06,5:16:00 PM,02 - Rain,01 - Daylight,02 - Wet,01 - Traffic signal,01 - Functioning,03 - P.D. only,07 - SMV other,0
17-5225,STAFFORD RD btwn BEXLEY PL & RICHMOND RD,358111.36641,5021152.01649,-75.81989894420,45.32829236640,2017-06-06,5:35:00 PM,01 - Clear,01 - Daylight,01 - Dry,10 - No control,,03 - P.D. only,02 - Angle,0
17-5226,MACKENZIE AVE @ RIDEAU ST,367869.77577,5032009.76587,-75.69403412940,45.42517851270,2017-06-06,5:45:00 PM,01 - Clear,01 - Daylight,02 - Wet,01 - Traffic signal,01 - Functioning,03 - P.D. only,04 - Sideswipe,0
17-5227,BESSERER ST @ NELSON ST,368691.71554,5032425.59030,-75.68347772170,45.42884535640,2017-06-06,4:00:00 PM,02 - Rain,01 - Daylight,02 - Wet,02 - Stop sign,01 - Functioning,03 - P.D. only,04 - Sideswipe,0
17-5228,MANOTICK STATION RD btwn HERBERTS CORNERS RD & SNAKE ISLAND RD,376708.41399,5005823.77184,-75.58489838760,45.18871499940,2017-06-05,11:15:00 PM,01 - Clear,07 - Dark,02 - Wet,10 - No control,,03 - P.D. only,07 - SMV other,0
17-5229,RIVERSIDE DR RAMP 34 @ RIVERSIDE DR,368339.76615,5027182.20540,-75.68865078360,45.38169911690,2017-06-06,6:25:00 PM,01 - Clear,01 - Daylight,01 - Dry,03 - Yield sign,01 - Functioning,03 - P.D. only,05 - Turning movement,0
17-5230,WELLINGTON ST    W btwn HOLLAND AVE & HINTON AVE N,364962.81177,5029172.95239,-75.73152491610,45.39990960610,2017-05-31,12:00:00 AM,01 - Clear,00 - Unknown,01 - Dry,10 - No control,,03 - P.D. only,06 - SMV unattended vehicle,0
17-5231,CLAYMOR AVE @ MEADOWLANDS DR,366920.18760,5025321.76272,-75.70700983270,45.36508659540,2017-06-06,6:27:00 PM,01 - Clear,01 - Daylight,01 - Dry,01 - Traffic signal,01 - Functioning,03 - P.D. only,04 - Sideswipe,0
17-5232,REGIONAL ROAD 174 btwn OR174 IC105 RAMP26 & OR174 IC105 RAMP63,379529.60411,5037105.07194,-75.54427898390,45.46987388420,2017-06-06,7:15:00 PM,01 - Clear,01 - Daylight,01 - Dry,10 - No control,,03 - P.D. only,03 - Rear end,0
17-5233,GREENBANK RD @ JOCKVALE RD,364122.69114,5014330.41330,-75.74403403250,45.26642942740,2017-06-06,7:50:00 PM,01 - Clear,01 - Daylight,01 - Dry,01 - Traffic signal,01 - Functioning,02 - Non-fatal injury,03 - Rear end,0
17-5234,BOWESVILLE RD/HIGH RD @ LEITRIM RD,371674.73130,5019287.47190,-75.64713813040,45.31035442170,2017-06-06,9:58:00 PM,01 - Clear,07 - Dark,01 - Dry,02 - Stop sign,00 - Unknown,03 - P.D. only,07 - SMV other,0
17-5235,IRIS ST @ WOODROFFE AVE,362283.02655,5024442.85729,-75.76630228360,45.35757390060,2017-06-06,5:30:00 PM,02 - Rain,01 - Daylight,02 - Wet,01 - Traffic signal,01 - Functioning,03 - P.D. only,03 - Rear end,0
17-5236,AMIENS ST btwn PRESTONE DR & PRESTWICK DR,383028.12185,5037480.76665,-75.49948314890,45.47287095730,2017-06-06,10:49:00 PM,01 - Clear,07 - Dark,01 - Dry,10 - No control,,02 - Non-fatal injury,01 - Approaching,0
17-5237,WHYTE SIDE RD btwn HAWTHORNE RD & RAMSAYVILLE RD,376446.40464,5024713.56934,-75.58550639880,45.35870542220,2017-06-06,11:55:00 PM,01 - Clear,07 - Dark,01 - Dry,10 - No control,,03 - P.D. only,03 - Rear end,0
17-5238,CORKERY RD btwn MANION RD & OLD ALMONTE RD,338798.59763,5013178.83365,-76.06681227500,45.25774694900,2017-06-07,6:24:00 AM,01 - Clear,01 - Daylight,01 - Dry,10 - No control,,03 - P.D. only,07 - SMV other,0
17-5239,BOWESVILLE RD/EMERALD LINKS DR W @ MITCH OWENS,374182.40545,5013707.10551,-75.61594149280,45.25990068490,2017-06-07,7:19:00 AM,01 - Clear,01 - Daylight,01 - Dry,02 - Stop sign,01 - Functioning,03 - P.D. only,02 - Angle,0
17-5240,GREENBANK RD btwn WEST HUNT CLUB RD & FALLOWFIELD RD,363018.13389,5016878.27470,-75.75780969640,45.28944745600,2017-06-07,7:58:00 AM,01 - Clear,01 - Daylight,01 - Dry,10 - No control,,03 - P.D. only,03 - Rear end,0
17-5241,HUNTMAR DR btwn PALLADIUM DR & MAPLE GROVE RD,349983.06411,5017019.86149,-75.92396393380,45.29168043880,2017-06-07,8:17:00 AM,01 - Clear,01 - Daylight,01 - Dry,10 - No control,,03 - P.D. only,03 - Rear end,0
17-5242,ALBERT ST @ PRESTON ST,366161.03145,5030465.90879,-75.71606026870,45.41143930010,2017-06-06,5:00:00 PM,02 - Rain,01 - Daylight,02 - Wet,01 - Traffic signal,01 - Functioning,03 - P.D. only,03 - Rear end,0
17-5243,ST. LAURENT BLVD @ TREMBLAY RD,372596.46170,5031240.52089,-75.63374458100,45.41781506280,2017-06-07,8:34:00 AM,01 - Clear,01 - Daylight,01 - Dry,01 - Traffic signal,01 - Functioning,03 - P.D. only,04 - Sideswipe,0
17-5244,BASELINE RD @ MERIVALE RD,365055.03085,5025325.51490,-75.73081668980,45.36528317090,2017-06-07,9:11:00 AM,01 - Clear,01 - Daylight,01 - Dry,01 - Traffic signal,01 - Functioning,03 - P.D. only,03 - Rear end,0
17-5245,BLAIR RD @ REGIONAL RD 174 S/OR174 IC112 RAMP15,374906.88666,5032660.87110,-75.60402502280,45.43036691170,2017-06-07,9:00:00 AM,01 - Clear,01 - Daylight,01 - Dry,01 - Traffic signal,01 - Functioning,03 - P.D. only,05 - Turning movement,0
17-5246,FAIRMONT AVE @ GLADSTONE AVE,365735.36795,5029345.23180,-75.72163648140,45.40139292010,2017-06-07,9:35:00 AM,01 - Clear,01 - Daylight,01 - Dry,01 - Traffic signal,01 - Functioning,02 - Non-fatal injury,07 - SMV other,1
17-5247,ISABELLA ST/HWY417 IC119AR75 @ METCALFE ST,368447.28670,5030399.44498,-75.68686288790,45.41063708800,2017-06-07,10:04:00 AM,01 - Clear,01 - Daylight,01 - Dry,01 - Traffic signal,01 - Functioning,03 - P.D. only,04 - Sideswipe,0
17-5248,ST. JOSEPH BLVD @ FOREST VALLEY DR/YOUVILLE DR,379164.40665,5036157.25940,-75.54909226220,45.46138516000,2017-06-06,7:03:00 PM,01 - Clear,01 - Daylight,01 - Dry,01 - Traffic signal,01 - Functioning,03 - P.D. only,03 - Rear end,0
17-5249,BRONSON AVE btwn OLD SUNSET BLVD & LAKESIDE AVE,367642.00073,5028867.30654,-75.69734519190,45.39692413450,2017-06-07,10:34:00 AM,01 - Clear,01 - Daylight,01 - Dry,10 - No control,,03 - P.D. only,04 - Sideswipe,0
17-5250,MERIVALE RD btwn VIEWMOUNT DR & COLONNADE RD,365216.48588,5022893.21370,-75.72905306240,45.34338379360,2017-06-07,10:42:00 AM,01 - Clear,01 - Daylight,01 - Dry,10 - No control,,03 - P.D. only,05 - Turning movement,0
17-5251,KANATA RD @ LORD BYNG WAY/MARITIME WAY,351428.42876,5019328.40211,-75.90532091770,45.31235887630,2017-06-07,10:58:00 AM,01 - Clear,01 - Daylight,01 - Dry,01 - Traffic signal,01 - Functioning,03 - P.D. only,01 - Approaching,0
17-5252,MCARTHUR AVE @ VANIER PKWY,370218.37055,5032689.91700,-75.66393435120,45.43108253110,2017-06-07,11:14:00 AM,01 - Clear,01 - Daylight,01 - Dry,01 - Traffic signal,01 - Functioning,03 - P.D. only,03 - Rear end,0
17-5253,MURRAY ST btwn SUSSEX DR & PARENT AVE,367775.47243,5032436.53771,-75.69518453930,45.42902695730,2017-06-07,1:22:00 PM,01 - Clear,01 - Daylight,01 - Dry,10 - No control,,02 - Non-fatal injury,04 - Sideswipe,0
17-5254,COLONNADE RD @ MERIVALE RD,365362.69166,5022543.82750,-75.72723033890,45.34022745600,2017-06-07,1:35:00 PM,01 - Clear,01 - Daylight,01 - Dry,01 - Traffic signal,01 - Functioning,03 - P.D. only,03 - Rear end,0
17-5255,PRINCE OF WALES DR btwn TURN LANE & WEST HUNT CLUB RD,367455.52051,5021843.97539,-75.70061737970,45.33374652920,2017-06-07,1:49:00 PM,01 - Clear,01 - Daylight,01 - Dry,10 - No control,,03 - P.D. only,05 - Turning movement,0
17-5256,MAIN ST btwn CENTENNIAL BLVD & TORONTO ST,369488.37313,5029398.24596,-75.67369504110,45.40153319850,2017-06-07,2:49:00 PM,01 - Clear,01 - Daylight,01 - Dry,10 - No control,,02 - Non-fatal injury,03 - Rear end,0
17-5257,INDUSTRIAL AVE @ RIVERSIDE DR,370684.74591,5030592.53110,-75.65825507600,45.41216734010,2017-06-07,2:49:00 PM,01 - Clear,01 - Daylight,01 - Dry,01 - Traffic signal,01 - Functioning,03 - P.D. only,04 - Sideswipe,0
17-5258,MERIVALE RD btwn MEADOWLANDS DR & 210 S OF MEADOWLANDS DR/MERIVALE PL,364901.17482,5023622.50037,-75.73298761890,45.34997290660,2017-06-07,3:33:00 PM,01 - Clear,01 - Daylight,01 - Dry,10 - No control,,03 - P.D. only,03 - Rear end,0
17-5259,BANK ST btwn ARENA PL & WHITE ALDER AVE,375481.73808,5021331.13372,-75.59830113590,45.32836965030,2017-06-07,3:44:00 PM,01 - Clear,01 - Daylight,01 - Dry,10 - No control,,03 - P.D. only,02 - Angle,0
17-5260,BASELINE RD/HERON RD @ PRINCE OF WALES DR,366873.21410,5026437.40563,-75.70746922290,45.37512906450,2017-06-07,3:50:00 PM,01 - Clear,01 - Daylight,01 - Dry,01 - Traffic signal,01 - Functioning,03 - P.D. only,04 - Sideswipe,0
17-5261,INDUSTRIAL AVE btwn RUSSELL RD & ST. LAURENT BLVD,373031.16553,5029970.11519,-75.62836674460,45.40634229170,2017-06-07,3:54:00 PM,01 - Clear,01 - Daylight,01 - Dry,10 - No control,,03 - P.D. only,05 - Turning movement,0
17-5262,NUGGETT DR btwn NATALIE WAY & NATALIE WAY,381612.99248,5035731.01979,-75.51785300850,45.45728528160,2017-06-07,4:12:00 PM,01 - Clear,01 - Daylight,01 - Dry,10 - No control,,03 - P.D. only,99 - Other,0
17-5263,CARLING AVE @ HOLLAND AVE,365418.37094,5028037.87790,-75.72584594260,45.38965716090,2017-06-07,5:06:00 PM,01 - Clear,01 - Daylight,01 - Dry,01 - Traffic signal,01 - Functioning,02 - Non-fatal injury,04 - Sideswipe,0
17-5264,HWY 417 INNES IC112R57 @ INNES RD,374298.60473,5030753.95990,-75.61206700870,45.41327023490,2017-06-07,5:08:00 PM,01 - Clear,01 - Daylight,01 - Dry,01 - Traffic signal,01 - Functioning,03 - P.D. only,03 - Rear end,0
17-5265,CARLING AVE @ RICHARDSON SIDE RD,351834.95555,5022268.48731,-75.89985724330,45.33878728920,2017-06-07,5:13:00 PM,01 - Clear,01 - Daylight,01 - Dry,02 - Stop sign,01 - Functioning,02 - Non-fatal injury,05 - Turning movement,0
17-5266,SOLANDT RD btwn HINES RD & MARCH RD,350463.43207,5022687.85589,-75.91731757480,45.34265146860,2017-06-07,5:12:00 PM,01 - Clear,01 - Daylight,01 - Dry,10 - No control,,03 - P.D. only,02 - Angle,0
17-5267,DALY AVE @ CHARLOTTE ST,369334.32712,5032723.02189,-75.67522715760,45.43146253190,2017-06-07,5:21:00 PM,01 - Clear,01 - Daylight,01 - Dry,02 - Stop sign,01 - Functioning,03 - P.D. only,03 - Rear end,0
17-5268,MERIVALE RD @ WEST HUNT CLUB RD,365610.09153,5021944.62675,-75.72414748550,45.33481452790,2017-06-07,5:38:00 PM,01 - Clear,01 - Daylight,01 - Dry,01 - Traffic signal,01 - Functioning,03 - P.D. only,04 - Sideswipe,0
17-5269,MARICONA WAY btwn KENO WAY & TANMOUNT WAY,349720.72182,5020028.86513,-75.92703565380,45.31877315280,2017-06-07,12:00:00 AM,01 - Clear,00 - Unknown,01 - Dry,10 - No control,,03 - P.D. only,06 - SMV unattended vehicle,0
17-5270,JASMINE CRES S @ OGILVIE RD,375353.73196,5033721.25430,-75.59816302710,45.43986269080,2017-06-07,6:38:00 PM,01 - Clear,01 - Daylight,01 - Dry,02 - Stop sign,01 - Functioning,03 - P.D. only,02 - Angle,0
17-5271,BANK ST @ SOUTHKEYS SC,371084.06395,5024522.85339,-75.65396900110,45.35751689490,2017-06-04,3:30:00 PM,01 - Clear,01 - Daylight,01 - Dry,01 - Traffic signal,01 - Functioning,02 - Non-fatal injury,03 - Rear end,0
17-5272,BLAIR RD @ REGIONAL RD 174 N/OR174 IC112 RAMP61,374633.03471,5032991.24481,-75.60747760360,45.43336683030,2017-06-07,8:01:00 PM,01 - Clear,01 - Daylight,01 - Dry,01 - Traffic signal,01 - Functioning,03 - P.D. only,04 - Sideswipe,0
17-5273,CEDARVIEW RD @ WEST HUNT CLUB RD,359719.68074,5019554.47770,-75.79956010960,45.31379363240,2017-06-07,9:46:00 PM,01 - Clear,07 - Dark,01 - Dry,01 - Traffic signal,01 - Functioning,02 - Non-fatal injury,05 - Turning movement,0
17-5274,CARLING AVE @ RICHMOND RD,360246.01345,5024782.18120,-75.79226206840,45.36079117480,2017-06-07,11:02:00 PM,01 - Clear,07 - Dark,01 - Dry,01 - Traffic signal,01 - Functioning,02 - Non-fatal injury,07 - SMV other,1
17-5275,WOODROFFE AVE btwn HWY417 IC127 RAMP26 & HWY417 IC127 RAMP63,362100.41265,5024893.36375,-75.76858069720,45.36164247130,2017-06-07,11:12:00 PM,01 - Clear,07 - Dark,01 - Dry,10 - No control,,03 - P.D. only,07 - SMV other,0
17-5276,ALBION RD btwn DEL ZOTTO AVE & HIGH RD,374027.08176,5019165.06474,-75.61715892520,45.30902510390,2017-06-08,12:52:00 AM,01 - Clear,07 - Dark,01 - Dry,10 - No control,,02 - Non-fatal injury,07 - SMV other,0
17-5277,KING EDWARD AVE SB @ UNION ST(UNSIGNED),367854.10807,5033358.91068,-75.69406156440,45.43731906120,2017-06-08,6:51:00 AM,01 - Clear,01 - Daylight,01 - Dry,11 - Roundabout,01 - Functioning,02 - Non-fatal injury,04 - Sideswipe,0
17-5278,MARCH RD btwn GREY FOX DR & HOWIE RD,336369.87524,5016486.21231,-76.09754636360,45.28762180920,2017-06-08,7:12:00 AM,01 - Clear,01 - Daylight,01 - Dry,10 - No control,,03 - P.D. only,07 - SMV other,0
17-5279,CARP RD btwn MCGEE SIDE RD & ARBOURBROOK BLVD,344258.42641,5019373.25938,-75.99675663020,45.31320201370,2017-06-08,7:50:00 AM,01 - Clear,01 - Daylight,01 - Dry,10 - No control,,03 - P.D. only,07 - SMV other,0
17-5280,PRINCE OF WALES DR @ NORMANDY CRES/MELFA CRES,367427.31821,5025223.46566,-75.70054918790,45.36415701490,2017-06-08,8:27:00 AM,01 - Clear,01 - Daylight,01 - Dry,02 - Stop sign,01 - Functioning,03 - P.D. only,03 - Rear end,0
17-5281,WOODROFFE AVE btwn CLARIDGE DR & QUEENSBURY DR,365722.01588,5016341.15523,-75.72340848560,45.28438529920,2017-06-08,8:58:00 AM,01 - Clear,01 - Daylight,01 - Dry,10 - No control,,03 - P.D. only,03 - Rear end,0
17-5282,BANKFIELD RD btwn KILREEN LANE & PRINCE OF WALES DR,366268.31866,5008914.51683,-75.71736360810,45.21751294080,2017-06-08,2:15:00 AM,01 - Clear,07 - Dark,01 - Dry,10 - No control,,03 - P.D. only,07 - SMV other,0
17-5283,TERRY FOX DR btwn HAZELDEAN RD & 135 S OF HAZELDEAN RD/SOBEY'S SC,352217.18109,5017230.55662,-75.89546272810,45.29342913170,2017-06-08,10:39:00 AM,01 - Clear,01 - Daylight,01 - Dry,10 - No control,,03 - P.D. only,04 - Sideswipe,0
17-5284,HINES RD @ SOLANDT RD,350332.47425,5022567.29970,-75.91899965460,45.34157518970,2017-06-08,11:12:00 AM,01 - Clear,01 - Daylight,09 - Spilled liquid,10 - No control,00 - Unknown,03 - P.D. only,07 - SMV other,0
17-5285,CLEARVIEW AVE @ ISLAND PARK DR,363546.35485,5029364.56480,-75.74959328140,45.40175398880,2017-06-08,10:25:00 AM,01 - Clear,01 - Daylight,01 - Dry,02 - Stop sign,01 - Functioning,03 - P.D. only,02 - Angle,0
17-5286,RAMSAYVILLE RD btwn LEITRIM RD & LEITRIM RD,378752.52441,5023809.95955,-75.55621023570,45.35033579430,2017-06-08,12:27:00 PM,01 - Clear,01 - Daylight,01 - Dry,10 - No control,,03 - P.D. only,07 - SMV other,0
17-5287,WOODROFFE AVE btwn GEORGINA DR & HWY417 IC127 RAMP36,361940.79028,5025286.90716,-75.77057254760,45.36519657250,2017-06-07,1:15:00 PM,01 - Clear,01 - Daylight,01 - Dry,10 - No control,,03 - P.D. only,03 - Rear end,0
17-5288,MARCH RD btwn HALTON TERR/MAXWELL BRIDGE RD & MAXWELL RD,348892.49799,5024465.03057,-75.93720382250,45.35874340810,2017-06-06,2:15:00 PM,01 - Clear,01 - Daylight,02 - Wet,10 - No control,,03 - P.D. only,04 - Sideswipe,0
17-5289,BRONSON AVE btwn RENFREW AVE & POWELL AVE,367359.05274,5029540.86056,-75.70087338200,45.40300992120,2017-06-08,1:01:00 PM,01 - Clear,01 - Daylight,01 - Dry,10 - No control,,02 - Non-fatal injury,03 - Rear end,0
17-5290,BYRON AVE @ HOLLAND AVE,365015.03475,5028959.89339,-75.73088392900,45.39798805790,2017-06-08,12:55:00 PM,01 - Clear,01 - Daylight,01 - Dry,02 - Stop sign,01 - Functioning,03 - P.D. only,07 - SMV other,0
17-5291,KENT ST @ LISGAR ST,367437.19230,5030964.58820,-75.69969442850,45.41581320680,2017-06-08,2:41:00 PM,01 - Clear,01 - Daylight,01 - Dry,02 - Stop sign,00 - Unknown,02 - Non-fatal injury,07 - SMV other,1
17-5292,HAWTHORNE RD @ HUNT CLUB RD,375509.42214,5026406.52920,-75.59722224690,45.37403299960,2017-06-08,3:17:00 PM,01 - Clear,01 - Daylight,01 - Dry,01 - Traffic signal,01 - Functioning,02 - Non-fatal injury,05 - Turning movement,0
17-5293,BANK ST @ WALKLEY RD,370339.38051,5025945.69689,-75.66328419330,45.37038920390,2017-06-08,3:22:00 PM,01 - Clear,01 - Daylight,01 - Dry,01 - Traffic signal,01 - Functioning,03 - P.D. only,03 - Rear end,0
17-5294,OSGOODE MAIN ST btwn 2ND LINE RD & BLANCHFIELD RD,377225.45022,5002451.44822,-75.57880882470,45.15831864660,2017-06-08,3:31:00 PM,01 - Clear,01 - Daylight,01 - Dry,10 - No control,,03 - P.D. only,07 - SMV other,0
17-5295,METCALFE ST @ PRETORIA AVE,368492.37685,5030331.89940,-75.68629561590,45.41002523300,2017-06-08,3:20:00 PM,01 - Clear,01 - Daylight,01 - Dry,02 - Stop sign,01 - Functioning,03 - P.D. only,03 - Rear end,0
17-5296,MURRAY ST @ SUSSEX DR,367706.04473,5032395.47427,-75.69607697050,45.42866373070,2017-06-08,4:00:00 PM,01 - Clear,01 - Daylight,01 - Dry,01 - Traffic signal,01 - Functioning,03 - P.D. only,02 - Angle,0
17-5297,SOMERSET ST    W btwn BREEZEHILL AVE N & PRESTON ST,366170.24041,5030069.37452,-75.71599199360,45.40787058240,2017-06-08,4:42:00 PM,01 - Clear,01 - Daylight,01 - Dry,10 - No control,,02 - Non-fatal injury,05 - Turning movement,0
17-5298,RIVERSIDE DR @ HERON RD,368120.77045,5026647.22110,-75.69151550090,45.37690530190,2017-06-08,4:58:00 PM,01 - Clear,01 - Daylight,01 - Dry,01 - Traffic signal,01 - Functioning,03 - P.D. only,03 - Rear end,0
17-5299,LEEDS AVE btwn BLACKWELL ST & SHEFFIELD RD,374687.83089,5029484.56236,-75.60727469650,45.40181008360,2017-06-08,5:08:00 PM,01 - Clear,01 - Daylight,01 - Dry,10 - No control,,02 - Non-fatal injury,02 - Angle,0
17-5300,BRITTANY DR @ MONTREAL RD,371911.82830,5033994.82918,-75.64211598020,45.44266305350,2017-06-08,5:15:00 PM,01 - Clear,01 - Daylight,01 - Dry,01 - Traffic signal,01 - Functioning,03 - P.D. only,04 - Sideswipe,0
17-5301,LAURIER AVE   W btwn ELGIN ST & QUEEN ELIZABETH DRWY/LAURIER AVE WB ON,367988.84519,5031573.25111,-75.69256869150,45.42124015430,2017-06-08,5:23:00 PM,01 - Clear,01 - Daylight,01 - Dry,10 - No control,,03 - P.D. only,02 - Angle,0
17-5302,PRINCE OF WALES DR @ WEST HUNT CLUB RD,367459.15339,5021891.47560,-75.70056502070,45.33417360300,2017-06-08,4:13:00 PM,01 - Clear,01 - Daylight,01 - Dry,01 - Traffic signal,00 - Unknown,03 - P.D. only,04 - Sideswipe,0
17-5303,ALBION RD @ HUNT CLUB RD,371866.73036,5024319.84890,-75.64400792460,45.35561590220,2017-06-08,5:25:00 PM,01 - Clear,01 - Daylight,01 - Dry,01 - Traffic signal,01 - Functioning,03 - P.D. only,03 - Rear end,0
17-5304,CAMBRIAN RD/GOLFLINKS DR W @ LONGFIELDS DR,365383.02525,5013224.08540,-75.72810959240,45.25636726610,2017-06-08,5:42:00 PM,01 - Clear,01 - Daylight,01 - Dry,11 - Roundabout,01 - Functioning,03 - P.D. only,02 - Angle,0
17-5305,ALTA VISTA DR btwn DALE AVE & 75 S OF CALEDON ST,370703.38877,5030210.31933,-75.65806801880,45.40872659440,2017-06-08,5:44:00 PM,01 - Clear,01 - Daylight,01 - Dry,10 - No control,,03 - P.D. only,02 - Angle,0
17-5306,WELLINGTON ST    W btwn ROSEMOUNT AVE & STIRLING AVE,365362.32237,5029430.50290,-75.72639070390,45.40219254090,2017-06-08,5:51:00 PM,01 - Clear,01 - Daylight,01 - Dry,10 - No control,,03 - P.D. only,04 - Sideswipe,0
17-5307,DUNROBIN RD @ MARCH RD,347174.93525,5026066.87409,-75.95898839180,45.37326310400,2017-06-08,5:57:00 PM,01 - Clear,01 - Daylight,01 - Dry,01 - Traffic signal,01 - Functioning,03 - P.D. only,05 - Turning movement,0
17-5308,RIVERSIDE DR @ HERON RD,368121.43935,5026649.22779,-75.69150670380,45.37692329720,2017-06-08,6:00:00 PM,01 - Clear,01 - Daylight,01 - Dry,01 - Traffic signal,01 - Functioning,03 - P.D. only,03 - Rear end,0
17-5309,RICHARDSON SIDE RD @ SPRUCE RIDGE RD,343201.86015,5014397.44980,-76.01061653680,45.26848608100,2017-06-08,6:13:00 PM,01 - Clear,01 - Daylight,01 - Dry,02 - Stop sign,01 - Functioning,02 - Non-fatal injury,03 - Rear end,0
17-5310,MONTREAL RD btwn ST. LAURENT BLVD & HILLSIDE DR,371682.65748,5033883.60137,-75.64506023610,45.44168424190,2017-06-08,6:33:00 PM,01 - Clear,01 - Daylight,01 - Dry,10 - No control,,03 - P.D. only,02 - Angle,0
17-5311,KENNEVALE DR @ STRANDHERD DR,361490.18776,5014100.88679,-75.77760422940,45.26458123420,2017-06-08,5:15:00 PM,01 - Clear,01 - Daylight,01 - Dry,01 - Traffic signal,01 - Functioning,03 - P.D. only,05 - Turning movement,0
17-5312,PRINCE OF WALES DR btwn 187 N OF MEADOWLANDS DR & MEADOWLANDS DR/HOG'S,367339.53915,5025793.81638,-75.70159740160,45.36929673680,2017-06-08,7:25:00 PM,01 - Clear,01 - Daylight,01 - Dry,10 - No control,,03 - P.D. only,03 - Rear end,0
17-5313,HAZELDEAN RD btwn 246 E OF CASTLEFRANK RD & IRWIN GT,352928.31225,5017903.46007,-75.88633149290,45.29943573230,2017-06-09,3:10:00 AM,01 - Clear,07 - Dark,01 - Dry,10 - No control,,02 - Non-fatal injury,07 - SMV other,0
17-5314,JEANNE D'ARC BLVD @ MONTCERF CRT,381117.53085,5036286.01333,-75.52410101080,45.46233295610,2017-06-09,7:55:00 AM,01 - Clear,01 - Daylight,01 - Dry,01 - Traffic signal,01 - Functioning,03 - P.D. only,02 - Angle,0
17-5315,SILVER SEVEN RD btwn 280 N OF PALLADIUM DR/COSTCO SC & PALLADIUM DR,350980.55515,5017967.03527,-75.91115944540,45.30013853280,2017-06-09,8:43:00 AM,01 - Clear,01 - Daylight,01 - Dry,10 - No control,,03 - P.D. only,04 - Sideswipe,0
17-5316,ST. JOSEPH BLVD @ JEANNE D'ARC BLVD,379860.40805,5036471.58090,-75.54014565660,45.46413875110,2017-06-09,9:20:00 AM,01 - Clear,01 - Daylight,01 - Dry,11 - Roundabout,01 - Functioning,03 - P.D. only,02 - Angle,0
17-5317,BANNER RD @ PARKMOUNT CRES E,360966.34665,5021560.82909,-75.78343393960,45.33174819440,2017-06-09,9:15:00 AM,01 - Clear,01 - Daylight,01 - Dry,03 - Yield sign,00 - Unknown,02 - Non-fatal injury,02 - Angle,0