COLLISION_ID,LOCATION,X,Y,LONGITUDE,LATITUDE,DATE,TIME,ENVIRONMENT,LIGHT,SURFACE_CONDITION,TRAFFIC_CONTROL,TRAFFIC_CONTROL_CONDITION,COLLISION_CLASSIFICATION,IMPACT_TYPE,NO_OF_PEDESTRIANS
17-5318,BOUNDARY RD @ MITCH OWENS RD,388066.83544,5022164.47619,-75.43763638150,45.33448716050,2017-06-09,9:25:00 AM,01 - Clear,01 - Daylight,01 - Dry,02 - Stop sign,01 - Functioning,03 - P.D. only,07 - SMV other,0
17-5319,MELROSE AVE btwn RUSKIN ST & CARLING AVE,365904.44542,5028548.05896,-75.71957570750,45.39420541290,2017-06-09,9:20:00 AM,01 - Clear,01 - Daylight,01 - Dry,10 - No control,,03 - P.D. only,06 - SMV unattended vehicle,0
17-5320,GLADSTONE AVE btwn CAMBRIDGE ST N & BRONSON AVE,367099.92244,5030056.14594,-75.70411807340,45.40766942110,2017-06-08,4:18:00 PM,01 - Clear,01 - Daylight,01 - Dry,10 - No control,,03 - P.D. only,04 - Sideswipe,0
17-5321,HWY417 IC134 RAMP36 btwn HIGHWAY 417 & HWY417 IC134 RAMP66,356187.37525,5022167.68480,-75.84433649150,45.33757496870,2017-06-08,9:30:00 PM,01 - Clear,07 - Dark,01 - Dry,10 - No control,,03 - P.D. only,07 - SMV other,0
17-5322,CARLING AVE @ RICHMOND RD,360246.68234,5024782.18120,-75.79225353220,45.36079112190,2017-06-09,10:33:00 AM,01 - Clear,01 - Daylight,01 - Dry,01 - Traffic signal,01 - Functioning,03 - P.D. only,05 - Turning movement,0
17-5323,ALBION RD @ BRIDLE PATH DR,372107.06325,5023740.50180,-75.64101969830,45.35038010870,2017-06-09,10:57:00 AM,01 - Clear,01 - Daylight,01 - Dry,01 - Traffic signal,01 - Functioning,02 - Non-fatal injury,01 - Approaching,0
17-5324,PRINCE OF WALES DR btwn NATIONAL CAPITAL COMM DRWY & HARTWELL LOCKS/54,366923.24573,5027768.39137,-75.70666301780,45.38710052050,2017-06-09,11:28:00 AM,01 - Clear,01 - Daylight,01 - Dry,10 - No control,,03 - P.D. only,04 - Sideswipe,0
17-5325,ROBERTSON RD btwn MOODIE DR & VANIER RD,357313.52279,5020598.73213,-75.83013513070,45.32337401110,2017-06-09,12:17:00 PM,01 - Clear,01 - Daylight,01 - Dry,10 - No control,,03 - P.D. only,04 - Sideswipe,0
17-5326,JOHN SUTHERLAND DR @ RICHMOND RD,358786.99935,5022151.83179,-75.81117136060,45.33723710720,2017-06-09,12:25:00 PM,01 - Clear,01 - Daylight,01 - Dry,01 - Traffic signal,01 - Functioning,02 - Non-fatal injury,03 - Rear end,0
17-5327,ELGIN ST @ LAURIER AVE,367949.04435,5031550.24470,-75.69308016690,45.42103674420,2017-06-09,12:28:00 PM,01 - Clear,01 - Daylight,01 - Dry,01 - Traffic signal,01 - Functioning,02 - Non-fatal injury,05 - Turning movement,0
17-5328,BRONSON AVE btwn HOLMWOOD AVE & FINDLAY AVE,367704.26907,5028721.79021,-75.69656849750,45.39560922920,2017-06-09,1:12:00 PM,01 - Clear,01 - Daylight,01 - Dry,10 - No control,,03 - P.D. only,04 - Sideswipe,0
17-5329,JASMINE CRES btwn OGILVIE RD & BEAVERHILL DR,375519.44424,5034036.09523,-75.59599987280,45.44267870000,2017-06-09,1:29:00 PM,01 - Clear,01 - Daylight,01 - Dry,10 - No control,,03 - P.D. only,02 - Angle,0
17-5330,FARMERS WAY btwn EIGHTH LINE RD & NINTH LINE RD,383257.14673,5023469.98062,-75.49878428430,45.34678743980,2017-06-09,1:31:00 PM,01 - Clear,01 - Daylight,01 - Dry,10 - No control,,03 - P.D. only,07 - SMV other,0
17-5331,ROYDON PL btwn WOODFIELD DR & WEST HUNT CLUB RD,365826.81274,5022393.15912,-75.72132736490,45.33883154410,2017-06-09,2:43:00 PM,01 - Clear,01 - Daylight,01 - Dry,10 - No control,,03 - P.D. only,05 - Turning movement,0
17-5332,BANK ST @ LAURIER AVE,367481.70364,5031264.25051,-75.69908765270,45.41850548800,2017-06-09,2:56:00 PM,01 - Clear,01 - Daylight,01 - Dry,01 - Traffic signal,01 - Functioning,02 - Non-fatal injury,05 - Turning movement,0
17-5333,SOMERSET ST @ BELL ST,366772.92272,5030366.75352,-75.70825604780,45.41049321080,2017-06-09,3:06:00 PM,01 - Clear,01 - Daylight,01 - Dry,10 - No control,,03 - P.D. only,03 - Rear end,0
17-5334,COLONEL BY DR @ HAWTHORNE AVE/PRETORIA BRIDGE,368769.38244,5030525.56690,-75.68273195020,45.41174252300,2017-06-09,2:26:00 PM,01 - Clear,01 - Daylight,01 - Dry,01 - Traffic signal,01 - Functioning,03 - P.D. only,03 - Rear end,0
17-5335,MONTREAL RD @ SHEFFORD RD,376126.19863,5034852.73768,-75.58812638640,45.44996469860,2017-06-09,3:29:00 PM,01 - Clear,01 - Daylight,01 - Dry,01 - Traffic signal,01 - Functioning,03 - P.D. only,04 - Sideswipe,0
17-5336,SOUTHPORT DR btwn HAVENHURST CRES & HAVENHURST CRES,372449.72084,5024763.72526,-75.63650714860,45.35955373710,2017-06-09,3:30:00 PM,01 - Clear,01 - Daylight,01 - Dry,10 - No control,,03 - P.D. only,02 - Angle,0
17-5337,ST. JOSEPH BLVD/OLD MONTREAL RD @ TRIM RD,384681.75066,5039284.91300,-75.47804358760,45.48891572600,2017-06-09,4:35:00 PM,01 - Clear,01 - Daylight,01 - Dry,11 - Roundabout,01 - Functioning,02 - Non-fatal injury,03 - Rear end,0
17-5338,MITCH OWENS RD btwn RIVER RD & SPRATT RD,369587.11480,5010818.50402,-75.67486397730,45.23434753040,2017-06-09,4:56:00 PM,01 - Clear,01 - Daylight,01 - Dry,10 - No control,,03 - P.D. only,03 - Rear end,0
17-5339,CYRVILLE RD btwn STAR TOP RD & MEADOWBROOK RD,374475.55230,5031292.05443,-75.60973047480,45.41809413410,2017-06-09,4:54:00 PM,01 - Clear,01 - Daylight,01 - Dry,10 - No control,,02 - Non-fatal injury,05 - Turning movement,0
17-5340,STRANDHERD DR @ WOODROFFE AVE,366105.81955,5015395.14900,-75.71863332850,45.27583981860,2017-06-09,5:10:00 PM,01 - Clear,01 - Daylight,01 - Dry,01 - Traffic signal,01 - Functioning,03 - P.D. only,05 - Turning movement,0
17-5341,CUMBERLAND ST @ GEORGE ST,368326.04205,5032417.25840,-75.68815154990,45.42880369810,2017-06-09,5:20:00 PM,01 - Clear,01 - Daylight,01 - Dry,01 - Traffic signal,01 - Functioning,02 - Non-fatal injury,07 - SMV other,1
17-5342,ISLAND PARK DR @ SCOTT ST,363833.35505,5029041.22240,-75.74596625510,45.39882047180,2017-06-09,5:27:00 PM,01 - Clear,01 - Daylight,01 - Dry,01 - Traffic signal,01 - Functioning,02 - Non-fatal injury,03 - Rear end,0
17-5343,SILVER BARK AVE btwn TO BE DETERMINED & END,382221.34420,5036522.51714,-75.50995102160,45.46433936050,2017-06-09,5:31:00 PM,01 - Clear,01 - Daylight,01 - Dry,10 - No control,,03 - P.D. only,06 - SMV unattended vehicle,0
17-5344,GREENBANK RD @ STRANDHERD DR,363934.01835,5014785.08610,-75.74638399620,45.27053647100,2017-06-09,5:50:00 PM,01 - Clear,01 - Daylight,01 - Dry,01 - Traffic signal,01 - Functioning,03 - P.D. only,03 - Rear end,0
17-5345,LEITRIM RD @ RIVER RD,368021.37544,5017177.45820,-75.69399413730,45.29170720640,2017-06-09,6:00:00 PM,01 - Clear,01 - Daylight,08 - Loose sand or gravel,02 - Stop sign,01 - Functioning,03 - P.D. only,99 - Other,0
17-5346,BANK ST btwn SIEVERIGHT AVE & ATHANS AVE,372483.69547,5024016.33678,-75.63617586690,45.35282572680,2017-06-09,6:30:00 PM,01 - Clear,01 - Daylight,01 - Dry,10 - No control,,02 - Non-fatal injury,03 - Rear end,0
17-5347,ORLEANS BLVD @ ST. JOSEPH BLVD,380631.73773,5036980.58976,-75.53020496280,45.46863509950,2017-06-09,6:30:00 PM,01 - Clear,01 - Daylight,01 - Dry,01 - Traffic signal,01 - Functioning,03 - P.D. only,05 - Turning movement,0
17-5348,MARCH RD @ MORGAN'S GRANT WAY/SHIRLEY'S BROOK,349663.28144,5023616.84110,-75.92744301190,45.35106231820,2017-06-09,10:27:00 PM,01 - Clear,07 - Dark,01 - Dry,01 - Traffic signal,01 - Functioning,03 - P.D. only,05 - Turning movement,0
17-5349,SOMERSET ST    W btwn LEBRETON ST N & EMPRESS AVE,366700.14544,5030329.58315,-75.70919040300,45.41016520370,2017-06-09,10:28:00 PM,01 - Clear,07 - Dark,01 - Dry,10 - No control,,03 - P.D. only,04 - Sideswipe,0
17-5350,PRINCE OF WALES DR btwn WILLIAM MCEWEN DR & CARSONBY RD W,366106.76108,5004816.37952,-75.71992448770,45.18065166950,2017-06-10,1:26:00 AM,01 - Clear,07 - Dark,01 - Dry,10 - No control,,03 - P.D. only,07 - SMV other,0
17-5351,FISHER AVE btwn MEADOWLANDS DR & URBISCI PRIV,366584.76390,5025026.71690,-75.71132813760,45.36246147910,2017-05-21,10:56:00 AM,01 - Clear,01 - Daylight,01 - Dry,10 - No control,,02 - Non-fatal injury,02 - Angle,0
17-5352,ROCHESTER ST btwn GLADSTONE AVE & HWY417 IC121B RAMP16,366677.21682,5029757.73981,-75.70955507120,45.40502194240,2017-06-09,12:00:00 AM,01 - Clear,07 - Dark,01 - Dry,10 - No control,,03 - P.D. only,06 - SMV unattended vehicle,0
17-5353,TERRY FOX DR @ PALLADIUM DR/KATIMAVIK RD,351271.39024,5018181.77520,-75.90743112680,45.30205164160,2017-06-10,12:28:00 PM,01 - Clear,01 - Daylight,01 - Dry,01 - Traffic signal,01 - Functioning,03 - P.D. only,03 - Rear end,0
17-5354,SACKVILLE ST btwn NORTON AVE & TAVISTOCK RD,360734.67371,5024887.22472,-75.78601318520,45.36169753330,2017-06-10,12:46:00 PM,01 - Clear,01 - Daylight,01 - Dry,10 - No control,,03 - P.D. only,06 - SMV unattended vehicle,0
17-5355,ST. JOSEPH BLVD/OLD MONTREAL RD @ TRIM RD,384682.41955,5039286.25080,-75.47803481380,45.48892768560,2017-06-10,1:15:00 PM,01 - Clear,01 - Daylight,01 - Dry,11 - Roundabout,01 - Functioning,03 - P.D. only,02 - Angle,0
17-5356,EARL ARMSTRONG RD @ LIMEBANK RD,370156.23040,5015959.43170,-75.66694027020,45.28055232020,2017-06-10,1:54:00 PM,01 - Clear,01 - Daylight,01 - Dry,01 - Traffic signal,01 - Functioning,02 - Non-fatal injury,03 - Rear end,0
17-5357,GOULBOURN FORCED RD btwn KANATA ROCKERIES PRIV & KANATA AVE,349665.56658,5020509.02580,-75.92769562580,45.32309729470,2017-06-10,2:41:00 PM,01 - Clear,01 - Daylight,01 - Dry,10 - No control,,03 - P.D. only,07 - SMV other,0
17-5358,MEADOWLANDS DR @ VIEWMOUNT DR,363740.68674,5023104.17271,-75.74785826780,45.34540753680,2017-06-10,3:16:00 PM,01 - Clear,01 - Daylight,01 - Dry,01 - Traffic signal,01 - Functioning,03 - P.D. only,03 - Rear end,0
17-5359,INDUSTRIAL AVE @ TRAINYARDS DR,371686.28955,5030538.14111,-75.64546813360,45.41158295410,2017-06-10,3:34:00 PM,01 - Clear,01 - Daylight,01 - Dry,01 - Traffic signal,01 - Functioning,03 - P.D. only,03 - Rear end,0
17-5360,ISABELLA ST/HWY417 IC119AR75 @ METCALFE ST,368449.04095,5030398.89580,-75.68684054870,45.41063198700,2017-06-10,5:58:00 PM,01 - Clear,01 - Daylight,01 - Dry,01 - Traffic signal,01 - Functioning,02 - Non-fatal injury,02 - Angle,0
17-5361,MANOTICK MAIN ST @ MILL ST,368820.36295,5009832.05790,-75.68475532260,45.22554166850,2017-06-10,5:40:00 PM,01 - Clear,01 - Daylight,01 - Dry,02 - Stop sign,01 - Functioning,03 - P.D. only,02 - Angle,0
17-5362,BANK ST @ OSSINGTON AVE,368891.05185,5028319.88510,-75.68146431440,45.39188539310,2017-06-10,7:07:00 PM,01 - Clear,01 - Daylight,01 - Dry,10 - No control,00 - Unknown,02 - Non-fatal injury,05 - Turning movement,0
17-5363,WINTERHAVEN DR btwn FOUNTAINHEAD DR & STARCROSS ST,382005.34270,5032025.08590,-75.51341841960,45.42389904000,2017-06-10,12:00:00 AM,01 - Clear,00 - Unknown,01 - Dry,10 - No control,,03 - P.D. only,06 - SMV unattended vehicle,0
17-5364,CASTLEFRANK RD btwn ALDBURN PL & STOKES CRES,353351.49815,5017175.05438,-75.88100721640,45.29285225100,2017-06-11,1:38:00 AM,01 - Clear,07 - Dark,01 - Dry,10 - No control,,03 - P.D. only,06 - SMV unattended vehicle,0
17-5365,BRONSON AVE @ CATHERINE ST/RAYMOND ST,367251.17999,5029796.56650,-75.70221882400,45.40532032140,2017-06-11,2:00:00 AM,01 - Clear,07 - Dark,01 - Dry,01 - Traffic signal,01 - Functioning,03 - P.D. only,04 - Sideswipe,0
17-5366,BRIDLE PATH DR @ EQUUS WAY E/HUNTER'S POINT CR,371620.64933,5023531.30091,-75.64725494200,45.34854430080,2017-06-10,8:33:00 AM,01 - Clear,01 - Daylight,01 - Dry,02 - Stop sign,01 - Functioning,03 - P.D. only,99 - Other,0
17-5367,STAGECOACH RD btwn MITCH OWENS RD & VISTA PATRICK PRIV,375474.62427,5014304.69085,-75.59939327560,45.26514895030,2017-06-11,9:32:00 AM,01 - Clear,01 - Daylight,01 - Dry,10 - No control,,03 - P.D. only,07 - SMV other,0
17-5368,BANKFIELD RD @ PRINCE OF WALES DR,366379.35545,5008974.71750,-75.71594253620,45.21804493280,2017-06-11,8:15:00 AM,01 - Clear,01 - Daylight,01 - Dry,01 - Traffic signal,01 - Functioning,03 - P.D. only,03 - Rear end,0
17-5369,NEEPAWA AVE @ SAVILLE ROW,362054.02025,5026414.53000,-75.76899654000,45.37533357790,2017-06-11,10:06:00 AM,01 - Clear,01 - Daylight,01 - Dry,02 - Stop sign,01 - Functioning,03 - P.D. only,02 - Angle,0
17-5370,ST. JOSEPH BLVD @ JEANNE D'ARC BLVD,379861.74584,5036471.58090,-75.54012855280,45.46413860740,2017-06-11,10:40:00 AM,01 - Clear,01 - Daylight,01 - Dry,11 - Roundabout,01 - Functioning,03 - P.D. only,02 - Angle,0
17-5371,RIVERSIDE DR @ TREMBLAY RD/HWY417 IC117 RAMP52,370802.92144,5031015.44321,-75.65668879120,45.41596139610,2017-06-10,1:40:00 PM,01 - Clear,01 - Daylight,01 - Dry,01 - Traffic signal,01 - Functioning,03 - P.D. only,03 - Rear end,0
17-5372,CARLING AVE @ IROQUOIS RD,362212.68266,5026025.53010,-75.76701616790,45.37182041450,2017-06-11,11:40:00 AM,01 - Clear,01 - Daylight,01 - Dry,01 - Traffic signal,01 - Functioning,02 - Non-fatal injury,02 - Angle,0
17-5373,MONTREAL RD @ GRANVILLE ST/LAFONTAINE AVE,370827.67945,5033475.35449,-75.65604271480,45.43809229210,2017-06-07,6:10:00 PM,01 - Clear,01 - Daylight,01 - Dry,01 - Traffic signal,01 - Functioning,03 - P.D. only,05 - Turning movement,0
17-5374,KING EDWARD AVE @ SUSSEX DR,367664.03445,5033504.26590,-75.69647222300,45.43864403100,2017-06-11,1:51:00 PM,01 - Clear,01 - Daylight,01 - Dry,01 - Traffic signal,01 - Functioning,02 - Non-fatal injury,05 - Turning movement,0
17-5375,STRANDHERD DR btwn FALLOWFIELD RD & MARAVISTA DR,361164.83172,5014772.58945,-75.78167364040,45.27065142540,2017-06-11,1:45:00 PM,01 - Clear,01 - Daylight,01 - Dry,10 - No control,,02 - Non-fatal injury,03 - Rear end,0
17-5376,JOHN QUINN RD @ STONE SCHOOL RD,382958.79470,5012030.14993,-75.50439395850,45.24389206610,2017-06-11,2:27:00 PM,01 - Clear,01 - Daylight,01 - Dry,02 - Stop sign,00 - Unknown,02 - Non-fatal injury,03 - Rear end,0
17-5377,BASELINE RD @ MERIVALE RD,365056.36864,5025326.18380,-75.73079953350,45.36528907450,2017-06-11,3:00:00 PM,01 - Clear,01 - Daylight,01 - Dry,01 - Traffic signal,01 - Functioning,03 - P.D. only,04 - Sideswipe,0
17-5378,ELGIN ST btwn COOPER ST & SOMERSET ST W,368150.99352,5031220.96248,-75.69054225370,45.41805571590,2017-06-11,3:30:00 PM,01 - Clear,01 - Daylight,01 - Dry,10 - No control,,03 - P.D. only,04 - Sideswipe,0
17-5379,ROBINWOOD PL btwn Continuation of ROBINWOOD PL & Continuation of ROBIN,381067.47788,5034854.30892,-75.52496299930,45.44945709220,2017-06-11,4:36:00 PM,01 - Clear,01 - Daylight,01 - Dry,10 - No control,,03 - P.D. only,06 - SMV unattended vehicle,0
17-5380,CHURCHILL AVE @ WHITBY AVE,363162.69404,5028442.22460,-75.75460275010,45.39348701480,2017-06-09,4:00:00 PM,01 - Clear,01 - Daylight,01 - Dry,02 - Stop sign,01 - Functioning,03 - P.D. only,05 - Turning movement,0
17-5381,MARSHFIELD ST @ SCALA AVE,385009.72804,5036390.00310,-75.47432098840,45.46283252530,2017-06-11,5:19:00 PM,01 - Clear,01 - Daylight,01 - Dry,02 - Stop sign,01 - Functioning,03 - P.D. only,02 - Angle,0
17-5382,AIRPORT PKWY btwn RAMP & AIRPORT PKWY (2),370979.39757,5023799.31927,-75.65540163780,45.35101664920,2017-06-11,5:16:00 PM,01 - Clear,01 - Daylight,01 - Dry,10 - No control,,03 - P.D. only,05 - Turning movement,0
17-5383,VALADE CRES btwn SIDNEY DR & TO BE DETERMINED,383372.98842,5037948.47505,-75.49499827760,45.47704025460,2017-06-11,6:28:00 PM,01 - Clear,01 - Daylight,01 - Dry,10 - No control,,02 - Non-fatal injury,02 - Angle,0
17-5384,JINKINSON RD btwn FERNBANK RD & HAZELDEAN RD,345509.23326,5008533.46791,-75.98169316050,45.21558941700,2017-06-11,6:38:00 PM,01 - Clear,01 - Daylight,01 - Dry,10 - No control,,03 - P.D. only,07 - SMV other,0
17-5385,MONTREAL RD btwn ST. LAURENT BLVD & HILLSIDE DR,371604.23133,5033848.36393,-75.64606740440,45.44137469020,2017-06-11,8:59:00 PM,01 - Clear,05 - Dusk,01 - Dry,10 - No control,,03 - P.D. only,03 - Rear end,0
17-5386,ASHTON STATION RD btwn OLD MILL RD (BECKWITH TWP) & ORMROD RD,341523.59063,5001995.73450,-76.03291764370,45.15697777290,2017-06-11,10:51:00 PM,01 - Clear,07 - Dark,01 - Dry,10 - No control,,03 - P.D. only,03 - Rear end,0
17-5387,ISABELLA ST/HWY417 IC119AR75 @ METCALFE ST,368449.70984,5030399.56470,-75.68683191880,45.41063794470,2017-06-11,11:37:00 PM,01 - Clear,07 - Dark,01 - Dry,01 - Traffic signal,01 - Functioning,02 - Non-fatal injury,02 - Angle,0
17-5388,ROBERTSON RD btwn HAANEL DR & MILL HILL RD,356204.56759,5019936.60187,-75.84434879530,45.31749816290,2017-06-12,2:25:00 AM,01 - Clear,07 - Dark,01 - Dry,10 - No control,,03 - P.D. only,04 - Sideswipe,0
17-5389,ROGER STEVENS DR btwn THIRD LINE RD S & HWY416 IC49 RAMP34,368674.16719,5000668.22208,-75.68779023930,45.14309849390,2017-06-12,7:19:00 AM,01 - Clear,01 - Daylight,01 - Dry,10 - No control,,03 - P.D. only,05 - Turning movement,0
17-5390,KENT ST btwn LAURIER AVE W & GLOUCESTER ST,367352.14944,5031107.60618,-75.70076274790,45.41710764610,2017-06-12,8:31:00 AM,01 - Clear,01 - Daylight,01 - Dry,10 - No control,,03 - P.D. only,04 - Sideswipe,0
17-5391,WEST HUNT CLUB RD EB btwn MERIVALE RD & SUNDERLAND ST,365627.74537,5021937.81593,-75.72392310410,45.33475171410,2017-06-12,8:48:00 AM,01 - Clear,01 - Daylight,01 - Dry,10 - No control,,03 - P.D. only,03 - Rear end,0
17-5392,ST. JEAN ST btwn COUSINEAU ST & ST. JOSEPH BLVD,380954.68713,5037222.99608,-75.52603786960,45.47078093520,2017-06-12,8:57:00 AM,01 - Clear,01 - Daylight,01 - Dry,10 - No control,,02 - Non-fatal injury,02 - Angle,0
17-5393,BELL ST    S btwn MACLEAN ST & CARLING AVE,367256.14837,5029263.20626,-75.70222291160,45.40052085510,2017-06-11,12:00:00 AM,01 - Clear,00 - Unknown,01 - Dry,10 - No control,,03 - P.D. only,06 - SMV unattended vehicle,0
17-5394,HOLLAND AVE @ KENILWORTH ST,365215.03175,5028497.88879,-75.72838621490,45.39381381220,2017-06-12,11:11:00 AM,01 - Clear,01 - Daylight,01 - Dry,01 - Traffic signal,01 - Functioning,02 - Non-fatal injury,05 - Turning movement,0
17-5395,LAURIER AVE @ LYON ST,367155.36794,5031069.23820,-75.70328166180,45.41677998710,2017-06-12,12:00:00 PM,01 - Clear,01 - Daylight,01 - Dry,01 - Traffic signal,01 - Functioning,03 - P.D. only,03 - Rear end,0
17-5396,QUEENSVIEW DR btwn PINECREST RD & END,360516.24492,5023853.07122,-75.78891769860,45.35240964840,2017-06-12,12:27:00 PM,02 - Rain,01 - Daylight,02 - Wet,10 - No control,,02 - Non-fatal injury,07 - SMV other,1
17-5397,STRANDHERD DR @ CEDARVIEW RD/TARTAN DR,362289.41183,5013546.89753,-75.76748475890,45.25953152970,2017-06-12,1:03:00 PM,01 - Clear,01 - Daylight,01 - Dry,01 - Traffic signal,01 - Functioning,03 - P.D. only,03 - Rear end,0
17-5398,RIDEAU ST @ WALLER ST,368283.08235,5032275.92189,-75.68871872850,45.42753590300,2017-06-12,1:10:00 PM,01 - Clear,01 - Daylight,01 - Dry,01 - Traffic signal,01 - Functioning,03 - P.D. only,05 - Turning movement,0
17-5399,SILVER ST @ SUMMERVILLE AVE,365210.20840,5026648.48589,-75.72867416090,45.37717367220,2017-06-12,2:39:00 PM,01 - Clear,01 - Daylight,01 - Dry,02 - Stop sign,01 - Functioning,02 - Non-fatal injury,02 - Angle,0
17-5400,RIDEAU ST @ WURTEMBURG ST,369356.25047,5032924.82375,-75.67492053920,45.43327624290,2017-06-12,3:20:00 PM,01 - Clear,01 - Daylight,01 - Dry,01 - Traffic signal,01 - Functioning,02 - Non-fatal injury,04 - Sideswipe,0
17-5401,BAY ST @ GLOUCESTER ST,367074.70151,5030933.57635,-75.70432938480,45.41556652720,2017-06-12,3:45:00 PM,01 - Clear,01 - Daylight,01 - Dry,02 - Stop sign,01 - Functioning,03 - P.D. only,02 - Angle,0
17-5402,WALKLEY RD btwn TURN LANE & RYDER ST,372419.45265,5027176.85169,-75.63656312880,45.38126904440,2017-06-12,6:20:00 PM,01 - Clear,01 - Daylight,01 - Dry,10 - No control,,02 - Non-fatal injury,03 - Rear end,0
17-5403,AVIATION PKWY @ MONTREAL RD,372148.38884,5034108.58280,-75.63907682480,45.44366380230,2017-06-12,4:00:00 PM,01 - Clear,01 - Daylight,01 - Dry,01 - Traffic signal,01 - Functioning,03 - P.D. only,99 - Other,0
17-5404,MEADOWGLEN DR btwn MEADOWFIELD PL & DES BROUSSAILLES TER,379633.07715,5034826.01611,-75.54330271570,45.44935758840,2017-06-12,4:07:00 PM,01 - Clear,01 - Daylight,01 - Dry,10 - No control,,02 - Non-fatal injury,07 - SMV other,0
17-5405,DOUGLAS AVE btwn PUTMAN AVE & BEECHWOOD AVE,369297.69367,5033735.16720,-75.67556268900,45.44057279340,2017-06-12,4:32:00 PM,01 - Clear,01 - Daylight,01 - Dry,10 - No control,,03 - P.D. only,06 - SMV unattended vehicle,0
17-5406,PRINCE OF WALES DR btwn WINDING WAY & MERIVALE RD,367450.04575,5017528.16629,-75.70123297460,45.29491400490,2017-06-12,5:01:00 PM,01 - Clear,01 - Daylight,01 - Dry,10 - No control,,03 - P.D. only,03 - Rear end,0
17-5407,HAILEYBURY ST/ LEAMINGTON WAY @ PAUL METIVIER DR,365199.32300,5014348.60000,-75.73031322570,45.26650144140,2017-06-12,5:10:00 PM,01 - Clear,01 - Daylight,01 - Dry,02 - Stop sign,01 - Functioning,02 - Non-fatal injury,02 - Angle,0
17-5408,JOCKVALE RD @ STRANDHERD DR,363562.15274,5014579.17499,-75.75114708490,45.26871484730,2017-06-12,5:46:00 PM,01 - Clear,01 - Daylight,01 - Dry,01 - Traffic signal,01 - Functioning,03 - P.D. only,03 - Rear end,0
17-5409,CHARLEMAGNE BLVD @ PRINCESS LOUISE DR E,384092.75710,5038135.77735,-75.48576315910,45.47864405910,2017-06-12,5:48:00 PM,01 - Clear,01 - Daylight,01 - Dry,02 - Stop sign,01 - Functioning,03 - P.D. only,99 - Other,0
17-5410,ALBION RD @ BANK ST,371947.06235,5024129.49940,-75.64300859220,45.35389551460,2017-06-12,5:48:00 PM,01 - Clear,01 - Daylight,01 - Dry,01 - Traffic signal,01 - Functioning,02 - Non-fatal injury,02 - Angle,0
17-5411,BANK ST @ HUNT CLUB RD,371609.24600,5024098.54421,-75.64732381170,45.35364925670,2017-06-12,6:00:00 PM,01 - Clear,01 - Daylight,01 - Dry,01 - Traffic signal,01 - Functioning,03 - P.D. only,03 - Rear end,0
17-5412,MCCORDICK RD btwn POLLOCK RD & ROGER STEVENS DR,362625.51569,5000637.03452,-75.76470047610,45.14333892290,2017-06-09,6:00:00 PM,01 - Clear,01 - Daylight,01 - Dry,10 - No control,,03 - P.D. only,07 - SMV other,0
17-5413,MEADOWBROOK RD btwn 170 W OF TELESAT CRT & RIDGEBROOK DR,374706.10618,5032102.91987,-75.60666990570,45.42536686960,2017-06-12,6:59:00 PM,01 - Clear,01 - Daylight,01 - Dry,10 - No control,,03 - P.D. only,06 - SMV unattended vehicle,0
17-5414,CONROY RD @ WALKLEY RD,372904.05705,5027465.53799,-75.63033607450,45.38381958100,2017-06-12,7:30:00 PM,01 - Clear,01 - Daylight,01 - Dry,01 - Traffic signal,01 - Functioning,03 - P.D. only,03 - Rear end,0
17-5415,DONALD ST @ ST. LAURENT BLVD,372094.71624,5032471.24711,-75.63998667560,45.42893701010,2017-06-12,10:32:00 PM,01 - Clear,07 - Dark,01 - Dry,01 - Traffic signal,01 - Functioning,02 - Non-fatal injury,02 - Angle,0
17-5416,COLONIAL RD btwn MONSEIGNEUR DENIS CRT & LAFLEUR RD,396453.64752,5034647.78644,-75.32833582330,45.44575083060,2017-06-12,4:30:00 AM,01 - Clear,07 - Dark,01 - Dry,10 - No control,,02 - Non-fatal injury,07 - SMV other,0
17-5417,TUNNEY'S PASTURE DRWY btwn SORREL DRWY & TO BE DETERMINED,364709.06455,5029709.04493,-75.73470067760,45.40475501100,2017-06-13,12:00:00 AM,01 - Clear,00 - Unknown,01 - Dry,10 - No control,,03 - P.D. only,06 - SMV unattended vehicle,0
17-5418,RAMSAYVILLE RD btwn WHYTE SIDE RD & LEITRIM RD,378706.37056,5023920.32744,-75.55678267970,45.35133368840,2017-06-13,12:52:00 AM,01 - Clear,07 - Dark,01 - Dry,10 - No control,,02 - Non-fatal injury,03 - Rear end,0
17-5419,COLONNADE RD    S btwn CONCOURSE GT & COLONNADE RD N,367069.43952,5022922.26284,-75.70540697000,45.34348313580,2017-06-13,7:04:00 AM,01 - Clear,01 - Daylight,01 - Dry,10 - No control,,03 - P.D. only,05 - Turning movement,0
17-5420,BRONSON AVE btwn POWELL AVE & CLEMOW AVE,367415.21034,5029411.38818,-75.70017253660,45.40183994510,2017-06-13,7:55:00 AM,01 - Clear,01 - Daylight,01 - Dry,10 - No control,,03 - P.D. only,04 - Sideswipe,0
17-5421,BANK ST @ GLADSTONE AVE,367917.04085,5030562.57050,-75.69361557100,45.41215286160,2017-06-13,8:33:00 AM,01 - Clear,01 - Daylight,01 - Dry,01 - Traffic signal,01 - Functioning,03 - P.D. only,03 - Rear end,0