COLLISION_ID,LOCATION,X,Y,LONGITUDE,LATITUDE,DATE,TIME,ENVIRONMENT,LIGHT,SURFACE_CONDITION,TRAFFIC_CONTROL,TRAFFIC_CONTROL_CONDITION,COLLISION_CLASSIFICATION,IMPACT_TYPE,NO_OF_PEDESTRIANS
17-5422,AIRPORT PKWY @ HUNT CLUB RD,371019.53134,5023703.66710,-75.65490230630,45.35015221180,2017-06-13,9:15:00 AM,01 - Clear,01 - Daylight,01 - Dry,01 - Traffic signal,00 - Unknown,03 - P.D. only,03 - Rear end,0
17-5423,BANK ST btwn MCLEOD ST & FLORA ST,367956.06915,5030468.33898,-75.69312906820,45.41130147550,2017-06-13,10:45:00 AM,01 - Clear,01 - Daylight,01 - Dry,10 - No control,,03 - P.D. only,04 - Sideswipe,0
17-5424,BRONSON AVE @ KIPPEWA DR,367557.72014,5029074.88800,-75.69839515690,45.39879945280,2017-06-13,12:00:00 PM,01 - Clear,01 - Daylight,01 - Dry,02 - Stop sign,00 - Unknown,02 - Non-fatal injury,02 - Angle,0
17-5425,WOODROFFE AVE/HWY 417 WOODROFF IC127R25 @ HWY,362180.01131,5024695.37044,-75.76758771990,45.35985443210,2017-06-13,12:04:00 PM,01 - Clear,01 - Daylight,01 - Dry,01 - Traffic signal,01 - Functioning,03 - P.D. only,03 - Rear end,0
17-5426,RIVERSIDE DR @ UPLANDS DR/KIMBERWICK CRES N,368195.71934,5022794.83819,-75.69105276360,45.34223571420,2017-06-13,12:13:00 PM,01 - Clear,01 - Daylight,01 - Dry,01 - Traffic signal,01 - Functioning,02 - Non-fatal injury,02 - Angle,0
17-5427,EAGLESON RD @ MICHAEL COWPLAND DR/STONEHAVEN D,354382.29155,5016622.77520,-75.86792142180,45.28781074620,2017-06-13,12:13:00 PM,01 - Clear,01 - Daylight,01 - Dry,01 - Traffic signal,01 - Functioning,02 - Non-fatal injury,05 - Turning movement,0
17-5428,RIVERSIDE DR @ BROOKFIELD RD/HOG'S BACK RD,368169.38324,5026223.19040,-75.69094928130,45.37308559150,2017-06-13,12:16:00 PM,01 - Clear,01 - Daylight,01 - Dry,01 - Traffic signal,01 - Functioning,03 - P.D. only,03 - Rear end,0
17-5429,CAMPEAU DR/HWY 417 MARCH IC138R63 @ MARCH RD,352841.22946,5020476.90392,-75.88719229350,45.32259810290,2017-06-13,12:21:00 PM,01 - Clear,01 - Daylight,01 - Dry,01 - Traffic signal,01 - Functioning,03 - P.D. only,03 - Rear end,0
17-5430,INNES RD btwn HWY417 IC112 RAMP56 & HWY417 IC112 RAMP68,374567.50637,5030896.46452,-75.60861169270,45.41452566010,2017-06-13,12:21:00 PM,01 - Clear,01 - Daylight,01 - Dry,10 - No control,,03 - P.D. only,04 - Sideswipe,0
17-5431,VIEWMOUNT DR @ MERIVALE RD,365194.70044,5022948.49540,-75.72932428250,45.34388308700,2017-06-13,12:35:00 PM,01 - Clear,01 - Daylight,01 - Dry,01 - Traffic signal,01 - Functioning,03 - P.D. only,05 - Turning movement,0
17-5432,ST. LAURENT BLVD btwn CONROY RD & THURSTON DR,373253.05953,5027263.01877,-75.62590804370,45.38196338250,2017-06-13,2:13:00 PM,01 - Clear,01 - Daylight,01 - Dry,10 - No control,,03 - P.D. only,02 - Angle,0
17-5433,MACKENZIE AVE @ RIDEAU ST,367868.02696,5032009.58020,-75.69405649880,45.42517699960,2017-06-13,12:45:00 PM,01 - Clear,01 - Daylight,01 - Dry,01 - Traffic signal,01 - Functioning,03 - P.D. only,04 - Sideswipe,0
17-5434,LAURIER AVE   W btwn QUEEN ELIZABETH DRWY/LAURIER AVE WB ON RAMP & QUE,368116.86840,5031648.02358,-75.69092335650,45.42190135680,2017-06-13,3:42:00 PM,01 - Clear,01 - Daylight,01 - Dry,10 - No control,,02 - Non-fatal injury,07 - SMV other,1
17-5435,RIDEAU RD btwn BANK ST & DONCASTER RD,377030.00334,5017890.62645,-75.57905374100,45.29725582960,2017-06-13,3:15:00 PM,01 - Clear,01 - Daylight,01 - Dry,10 - No control,,03 - P.D. only,99 - Other,0
17-5436,ALBERT ST @ BRONSON AVE,366740.03875,5031017.91209,-75.70859428740,45.41635505970,2017-06-13,4:39:00 PM,01 - Clear,01 - Daylight,01 - Dry,01 - Traffic signal,00 - Unknown,03 - P.D. only,05 - Turning movement,0
17-5437,OTTAWA ST btwn KING ST & EAGLESON RD,358064.28616,5005611.93193,-75.82216534820,45.18846338370,2017-06-13,4:37:00 PM,01 - Clear,01 - Daylight,01 - Dry,10 - No control,,03 - P.D. only,07 - SMV other,0
17-5438,MITCH OWENS RD btwn EMERALD LINKS DR & STAGECOACH RD,375244.90520,5014387.46823,-75.60230848490,45.26591679950,2017-06-13,5:21:00 PM,01 - Clear,01 - Daylight,01 - Dry,10 - No control,,03 - P.D. only,03 - Rear end,0
17-5439,INNES RD btwn BLAIR RD & ANDERSON RD,376017.19644,5031695.07349,-75.58997655380,45.42156504870,2017-06-13,5:23:00 PM,01 - Clear,01 - Daylight,01 - Dry,10 - No control,,03 - P.D. only,03 - Rear end,0
17-5440,LAURA PRIV @ BLAIR RD,375296.43415,5032132.02835,-75.59912287260,45.42556952640,2017-06-13,5:52:00 PM,01 - Clear,01 - Daylight,01 - Dry,10 - No control,00 - Unknown,03 - P.D. only,03 - Rear end,0
17-5441,MARCH RD @ SOLANDT RD,350491.28074,5022711.17130,-75.91696008130,45.34285945230,2017-06-13,5:30:00 PM,01 - Clear,01 - Daylight,01 - Dry,01 - Traffic signal,01 - Functioning,03 - P.D. only,05 - Turning movement,0
17-5442,NEWCASTLE AVE btwn PEPPERIDGE WAY & HALTON TER,348820.64408,5023251.12996,-75.93822900070,45.34782496180,2017-06-13,12:00:00 AM,01 - Clear,00 - Unknown,01 - Dry,10 - No control,,03 - P.D. only,06 - SMV unattended vehicle,0
17-5443,JEANNE D'ARC BLVD @ FORTUNE DR/VINEYARD DR,379239.73194,5037375.59820,-75.54794467720,45.47233882890,2017-06-13,6:19:00 PM,01 - Clear,01 - Daylight,01 - Dry,01 - Traffic signal,01 - Functioning,03 - P.D. only,05 - Turning movement,0
17-5444,EARL ARMSTRONG RD btwn RIVER RD & SPRATT RD,367963.72995,5014744.33716,-75.69503863930,45.26981942990,2017-06-13,6:32:00 PM,01 - Clear,01 - Daylight,01 - Dry,10 - No control,,03 - P.D. only,04 - Sideswipe,0
17-5445,MOODIE DR @ ROBERTSON RD,357066.98655,5020455.47810,-75.83329486410,45.32210339650,2017-06-13,2:45:00 PM,01 - Clear,01 - Daylight,01 - Dry,01 - Traffic signal,01 - Functioning,03 - P.D. only,03 - Rear end,0
17-5446,HUNT CLUB RD @ RIVERSIDE DR,368037.03745,5021945.49850,-75.69318593180,45.33460785020,2017-06-13,6:37:00 PM,01 - Clear,01 - Daylight,01 - Dry,01 - Traffic signal,01 - Functioning,03 - P.D. only,03 - Rear end,0
17-5447,INNES RD btwn BLAIR RD & ANDERSON RD,376192.16015,5031793.86786,-75.58772680950,45.42243611010,2017-06-13,8:40:00 AM,01 - Clear,01 - Daylight,01 - Dry,10 - No control,,03 - P.D. only,04 - Sideswipe,0
17-5448,VANIER PKWY/CRICHTON ST @ BEECHWOOD AVE/ST. PA,369127.01079,5033487.48590,-75.67777657550,45.43835998100,2017-06-13,8:00:00 PM,01 - Clear,01 - Daylight,01 - Dry,01 - Traffic signal,01 - Functioning,03 - P.D. only,03 - Rear end,0
17-5449,TRIM RD @ VALIN ST,386438.34845,5037555.89220,-75.45586191400,45.47315652940,2017-06-13,8:05:00 PM,01 - Clear,01 - Daylight,01 - Dry,01 - Traffic signal,01 - Functioning,03 - P.D. only,02 - Angle,0
17-5450,CAMBRIAN RD/GOLFLINKS DR W @ LONGFIELDS DR,365382.35652,5013223.89811,-75.72811813570,45.25636563840,2017-06-13,8:20:00 PM,01 - Clear,01 - Daylight,01 - Dry,11 - Roundabout,01 - Functioning,03 - P.D. only,04 - Sideswipe,0
17-5451,BLAIR RD @ INNES RD,375579.73824,5031441.56179,-75.59560217350,45.41932848880,2017-06-13,8:55:00 AM,01 - Clear,01 - Daylight,01 - Dry,01 - Traffic signal,01 - Functioning,02 - Non-fatal injury,03 - Rear end,0
17-5452,NICHOLAS ST/NICHOLAS ST SB @ SB RAMP FROM WALL,368319.99607,5031893.08164,-75.68829640990,45.42408788940,2017-06-13,8:46:00 PM,01 - Clear,05 - Dusk,01 - Dry,01 - Traffic signal,01 - Functioning,03 - P.D. only,02 - Angle,0
17-5453,GILCHRIST ST @ SPENCER ST,364350.69944,5029160.55510,-75.73934438560,45.39985039140,2017-06-13,8:58:00 PM,01 - Clear,05 - Dusk,01 - Dry,02 - Stop sign,01 - Functioning,03 - P.D. only,02 - Angle,0
17-5454,SUSSEX DR @ YORK ST,367804.83825,5032236.26210,-75.69483490720,45.42722230100,2017-06-13,9:51:00 PM,01 - Clear,07 - Dark,01 - Dry,01 - Traffic signal,01 - Functioning,02 - Non-fatal injury,05 - Turning movement,0
17-5455,MARCH RD @ TERRY FOX DR,349866.28084,5023399.50890,-75.92487221770,45.34909369970,2017-06-13,8:15:00 PM,01 - Clear,05 - Dusk,01 - Dry,01 - Traffic signal,00 - Unknown,03 - P.D. only,03 - Rear end,0
17-5456,BLAIS RD @ BANK ST,376153.08406,5019727.47440,-75.58996878230,45.31387266550,2017-05-14,9:45:00 PM,01 - Clear,07 - Dark,02 - Wet,02 - Stop sign,01 - Functioning,03 - P.D. only,03 - Rear end,0
17-5457,CAMPEAU DR @ HUNTMAR DR,349053.60820,5018056.46440,-75.93572041960,45.30106726970,2017-06-14,9:50:00 AM,01 - Clear,01 - Daylight,01 - Dry,11 - Roundabout,01 - Functioning,03 - P.D. only,04 - Sideswipe,0
17-5458,LAPERRIERE AVE btwn CAVAN ST & KIRKWOOD AVE,364491.11197,5026941.05960,-75.73781949200,45.37986783150,2017-06-14,10:03:00 AM,01 - Clear,01 - Daylight,01 - Dry,10 - No control,,03 - P.D. only,05 - Turning movement,0
17-5459,BARLYN AVE @ HILLIARD AVE,365920.36955,5025274.18870,-75.71977761270,45.36474642690,2017-06-14,10:16:00 AM,01 - Clear,01 - Daylight,01 - Dry,03 - Yield sign,01 - Functioning,03 - P.D. only,02 - Angle,0
17-5460,BASELINE RD @ NAVAHO DR,363086.69404,5024098.17520,-75.75608599320,45.35440613450,2017-06-14,10:25:00 AM,01 - Clear,01 - Daylight,01 - Dry,01 - Traffic signal,01 - Functioning,03 - P.D. only,03 - Rear end,0
17-5461,BAY ST @ SPARKS ST,366857.03295,5031278.25191,-75.70706681400,45.41868715340,2017-06-14,11:16:00 AM,01 - Clear,01 - Daylight,01 - Dry,01 - Traffic signal,01 - Functioning,02 - Non-fatal injury,02 - Angle,0
17-5462,HAWTHORNE RD @ HUNT CLUB RD,375506.84510,5026407.05606,-75.59725506910,45.37403800050,2017-06-14,11:28:00 AM,01 - Clear,01 - Daylight,01 - Dry,01 - Traffic signal,01 - Functioning,03 - P.D. only,02 - Angle,0
17-5463,DONNELLY DR btwn HARNETT RD & MALAKOFF RD,367802.24098,4989567.80296,-75.70027170270,45.04329301910,2017-06-14,11:38:00 AM,01 - Clear,01 - Daylight,01 - Dry,10 - No control,,03 - P.D. only,07 - SMV other,0
17-5464,HAWTHORNE RD @ STEVENAGE DR,375139.28801,5027313.53680,-75.60181812120,45.38223107030,2017-06-14,12:45:00 PM,01 - Clear,01 - Daylight,01 - Dry,01 - Traffic signal,01 - Functioning,03 - P.D. only,05 - Turning movement,0
17-5465,WOODLAWN AVE btwn WILTON LANE & MONK ST,368393.35976,5029049.51920,-75.68772586690,45.39849578980,2017-06-10,12:00:00 AM,01 - Clear,00 - Unknown,01 - Dry,10 - No control,,03 - P.D. only,06 - SMV unattended vehicle,0
17-5466,LENESTER AVE @ MAITLAND AVE,363078.95040,5026145.60120,-75.75594335030,45.37282929430,2017-06-14,1:05:00 PM,01 - Clear,01 - Daylight,01 - Dry,02 - Stop sign,01 - Functioning,02 - Non-fatal injury,03 - Rear end,0
17-5467,DONALD ST @ ST. LAURENT BLVD,372094.04735,5032471.91600,-75.63999513030,45.42894309290,2017-06-14,1:05:00 PM,01 - Clear,01 - Daylight,01 - Dry,01 - Traffic signal,01 - Functioning,03 - P.D. only,03 - Rear end,0
17-5468,CARLING AVE btwn ULLSWATER DR & SUNNY BRAE AVE,356859.61971,5023819.17830,-75.83558592600,45.35238567210,2017-06-14,1:35:00 PM,01 - Clear,01 - Daylight,01 - Dry,10 - No control,,03 - P.D. only,03 - Rear end,0
17-5469,BLAIR RD @ REGIONAL RD 174 N/OR174 IC112 RAMP61,374635.06575,5032991.57500,-75.60745160080,45.43336959840,2017-06-14,1:58:00 PM,01 - Clear,01 - Daylight,01 - Dry,01 - Traffic signal,01 - Functioning,03 - P.D. only,03 - Rear end,0
17-5470,BREWER RD @ BRONSON AVE,368109.38155,5027766.43590,-75.69151737380,45.38697671770,2017-06-14,2:20:00 PM,01 - Clear,01 - Daylight,01 - Dry,01 - Traffic signal,01 - Functioning,02 - Non-fatal injury,05 - Turning movement,0
17-5471,NETLEY CIRC btwn FINDLAY CREEK DR & FINDLAY CREEK DR,375368.08611,5019847.19712,-75.59996227980,45.31502921160,2017-06-14,2:28:00 PM,01 - Clear,01 - Daylight,01 - Dry,10 - No control,,03 - P.D. only,06 - SMV unattended vehicle,0
17-5472,GOULBOURN FORCED RD btwn KANATA ROCKERIES PRIV & KANATA AVE,349693.36653,5020481.83703,-75.92734349340,45.32285086530,2017-06-14,2:39:00 PM,01 - Clear,01 - Daylight,01 - Dry,10 - No control,,03 - P.D. only,04 - Sideswipe,0
17-5473,ST. JOSEPH BLVD @ JEANNE D'ARC BLVD,379860.40805,5036470.91200,-75.54014575870,45.46413273280,2017-06-14,3:34:00 PM,01 - Clear,01 - Daylight,01 - Dry,11 - Roundabout,01 - Functioning,02 - Non-fatal injury,04 - Sideswipe,0
17-5474,RICHMOND RD @ HOLLY ACRES RD/NANAIMO DR,359058.33715,5022746.48941,-75.80764435960,45.34256692370,2017-06-14,3:58:00 PM,01 - Clear,01 - Daylight,01 - Dry,01 - Traffic signal,01 - Functioning,03 - P.D. only,03 - Rear end,0
17-5475,MANOTICK MAIN ST btwn BANKFIELD RD & HIGHCROFT DR,368463.38622,5010117.67605,-75.68926412550,45.22814400700,2017-06-14,4:30:00 PM,01 - Clear,01 - Daylight,01 - Dry,10 - No control,,02 - Non-fatal injury,03 - Rear end,0
17-5476,CONROY RD @ BRADDISH ST,374990.20125,5022515.06599,-75.60440308040,45.33907152560,2017-06-14,4:32:00 PM,01 - Clear,01 - Daylight,01 - Dry,02 - Stop sign,00 - Unknown,02 - Non-fatal injury,05 - Turning movement,0
17-5477,HUNT CLUB RD @ LORRY GREENBERG DR/SABLE RIDGE,372824.07315,5024807.50480,-75.63172337520,45.35991142670,2017-06-14,4:45:00 PM,01 - Clear,01 - Daylight,01 - Dry,01 - Traffic signal,01 - Functioning,03 - P.D. only,03 - Rear end,0
17-5478,ALTA VISTA DR @ SMYTH RD,370431.71256,5029082.22640,-75.66168851730,45.39860196900,2017-06-14,4:46:00 PM,01 - Clear,01 - Daylight,01 - Dry,01 - Traffic signal,01 - Functioning,03 - P.D. only,03 - Rear end,0
17-5479,MEADOWLANDS DR btwn PRINCE OF WALES DR & DEBRA AVE,367327.43729,5025665.38335,-75.70176813920,45.36814220630,2017-06-14,4:54:00 PM,01 - Clear,01 - Daylight,01 - Dry,10 - No control,,03 - P.D. only,03 - Rear end,0
17-5480,BANK ST btwn BLAIS RD & RIDEAU RD,376910.27089,5017948.15153,-75.58057178900,45.29778571480,2017-06-14,5:14:00 PM,01 - Clear,01 - Daylight,01 - Dry,10 - No control,,03 - P.D. only,05 - Turning movement,0
17-5481,HUNT CLUB RD @ LORRY GREENBERG DR/SABLE RIDGE,372823.40425,5024807.50480,-75.63173191090,45.35991149150,2017-06-14,5:21:00 PM,01 - Clear,01 - Daylight,01 - Dry,01 - Traffic signal,01 - Functioning,03 - P.D. only,03 - Rear end,0
17-5482,"MCARTHUR AVE @ EGLISE, RUE DE L/MOORVALE ST",371444.71336,5032825.24770,-75.64824474610,45.43218438710,2017-06-14,5:30:00 PM,01 - Clear,01 - Daylight,01 - Dry,01 - Traffic signal,01 - Functioning,03 - P.D. only,05 - Turning movement,0
17-5483,FISHER AVE btwn TRENT ST & 220 S OF TRENT ST,365823.02901,5026838.48373,-75.72082682670,45.37883012860,2017-06-14,5:52:00 PM,01 - Clear,01 - Daylight,01 - Dry,10 - No control,,03 - P.D. only,03 - Rear end,0
17-5484,NICHOLAS ST NB btwn HWY417 IC118 RAMP52 & WALLER ST/TRANSITWAY,369022.49261,5031337.92983,-75.67939270140,45.41902869360,2017-06-14,5:15:00 PM,01 - Clear,01 - Daylight,01 - Dry,10 - No control,,03 - P.D. only,04 - Sideswipe,0
17-5485,MONTREAL RD @ VANIER PKWY,370073.04425,5033065.59210,-75.66574166180,45.43447627900,2017-06-14,6:12:00 PM,01 - Clear,01 - Daylight,01 - Dry,01 - Traffic signal,01 - Functioning,02 - Non-fatal injury,02 - Angle,0
17-5486,LAURIER AVE @ PERCY ST,366902.69406,5030920.24380,-75.70652855460,45.41546185170,2017-06-14,8:30:00 AM,01 - Clear,01 - Daylight,01 - Dry,10 - No control,00 - Unknown,02 - Non-fatal injury,05 - Turning movement,0
17-5487,ProposedCANYON WALK DR @ EARL ARMSTRONG RD,369402.91824,5015627.91603,-75.67658447100,45.27763901920,2017-06-14,6:17:00 PM,01 - Clear,01 - Daylight,01 - Dry,01 - Traffic signal,01 - Functioning,02 - Non-fatal injury,05 - Turning movement,0
17-5488,MARCH RD @ TERRY FOX DR,349863.60526,5023400.17780,-75.92490629920,45.34909989060,2017-06-14,6:47:00 PM,01 - Clear,01 - Daylight,01 - Dry,01 - Traffic signal,01 - Functioning,02 - Non-fatal injury,03 - Rear end,0
17-5489,TRIM RD btwn SALZBURG DR & MILLENNIUM BLVD,386715.96657,5036924.08088,-75.45241715120,45.46743962940,2017-06-14,8:04:00 PM,01 - Clear,01 - Daylight,01 - Dry,10 - No control,,02 - Non-fatal injury,03 - Rear end,0
17-5490,QUEENSLINE DR btwn NANAIMO DR & ESQUIMAULT AVE,359649.61372,5022632.94470,-75.80011261320,45.34149926470,2017-06-14,8:39:00 PM,01 - Clear,05 - Dusk,01 - Dry,10 - No control,,03 - P.D. only,07 - SMV other,0
17-5491,LAURIE CRT @ SHELDRAKE DR,353220.95305,5016504.44320,-75.88273692310,45.28682693500,2017-06-14,7:30:00 PM,01 - Clear,01 - Daylight,01 - Dry,03 - Yield sign,01 - Functioning,02 - Non-fatal injury,07 - SMV other,1
17-5492,KIRKWOOD AVE @ RICHMOND RD,363779.02415,5028642.89279,-75.74670778930,45.39524095310,2017-06-14,9:35:00 PM,01 - Clear,07 - Dark,01 - Dry,01 - Traffic signal,01 - Functioning,03 - P.D. only,03 - Rear end,0
17-5493,CAMBRIDGE ST    N btwn LAURIER AVE W & PRIMROSE AVE,366771.98904,5030736.85183,-75.70822144300,45.41382333190,2017-06-14,10:46:00 PM,01 - Clear,07 - Dark,01 - Dry,10 - No control,,03 - P.D. only,06 - SMV unattended vehicle,0
17-5494,DUNROBIN RD btwn DUNROBIN RD & MURPHY SIDE RD,342875.48437,5030842.46662,-76.01350989990,45.41648201150,2017-06-15,12:45:00 AM,01 - Clear,07 - Dark,01 - Dry,10 - No control,,03 - P.D. only,07 - SMV other,0
17-5495,CLARENCE ST @ CUMBERLAND ST,368211.16889,5032608.60690,-75.68959481610,45.43053580820,2017-06-15,6:12:00 AM,01 - Clear,01 - Daylight,01 - Dry,02 - Stop sign,01 - Functioning,03 - P.D. only,02 - Angle,0
17-5496,RICHMOND RD @ WAVELL AVE,362173.22943,5027397.28271,-75.76736043840,45.38416652660,2017-06-15,6:21:00 AM,01 - Clear,01 - Daylight,01 - Dry,02 - Stop sign,01 - Functioning,03 - P.D. only,01 - Approaching,0
17-5497,BLOHM DR @ MALAK ST,374091.10444,5025833.15190,-75.61540876190,45.36901568310,2017-06-15,6:24:00 AM,01 - Clear,01 - Daylight,01 - Dry,02 - Stop sign,01 - Functioning,02 - Non-fatal injury,07 - SMV other,1
17-5498,ST. LAURENT BLVD @ CONNERY AVE,373627.29605,5028723.34769,-75.62092623720,45.39506609820,2017-06-15,6:36:00 AM,01 - Clear,01 - Daylight,01 - Dry,02 - Stop sign,00 - Unknown,03 - P.D. only,01 - Approaching,0
17-5499,CARLING AVE @ EDGEWORTH AVE,361263.18970,5025423.50540,-75.77920611680,45.36648058420,2017-06-15,7:09:00 AM,01 - Clear,01 - Daylight,01 - Dry,01 - Traffic signal,01 - Functioning,03 - P.D. only,07 - SMV other,0
17-5500,DRIVEWAY (THE) @ PRINCE OF WALES DR,366884.04615,5028136.87740,-75.70711720550,45.39041954040,2017-06-15,7:26:00 AM,01 - Clear,01 - Daylight,01 - Dry,11 - Roundabout,01 - Functioning,02 - Non-fatal injury,03 - Rear end,0
17-5501,HUNT CLUB RD @ RIVERSIDE DR,368035.69966,5021946.16740,-75.69320291310,45.33461398940,2017-06-15,7:40:00 AM,01 - Clear,01 - Daylight,01 - Dry,01 - Traffic signal,01 - Functioning,02 - Non-fatal injury,03 - Rear end,0
17-5502,GOWARD DR @ OLD SECOND LINE RD,347882.90900,5023410.31810,-75.95018151230,45.34931560730,2017-06-15,8:31:00 AM,01 - Clear,01 - Daylight,01 - Dry,02 - Stop sign,01 - Functioning,02 - Non-fatal injury,02 - Angle,0
17-5503,LONGFIELDS DR @ VIA MODUGNO PL,364072.32770,5016337.09910,-75.74443618660,45.28448984600,2017-06-15,9:12:00 AM,01 - Clear,01 - Daylight,01 - Dry,02 - Stop sign,01 - Functioning,03 - P.D. only,07 - SMV other,0
17-5504,REGIONAL ROAD 174 btwn OR174 IC105 RAMP26 & OR174 IC105 RAMP63,379452.10766,5037064.54024,-75.54527610830,45.46951749870,2017-06-15,9:39:00 AM,01 - Clear,01 - Daylight,01 - Dry,10 - No control,,03 - P.D. only,07 - SMV other,0
17-5505,REGIONAL ROAD 174 btwn OR174 IC105 RAMP26 & OR174 IC105 RAMP63,379430.51762,5037052.89855,-75.54555395290,45.46941506390,2017-06-15,9:50:00 AM,01 - Clear,01 - Daylight,01 - Dry,10 - No control,,02 - Non-fatal injury,03 - Rear end,0
17-5506,BANK ST @ DAVIDSON RD/LESTER RD,373673.74144,5022922.84410,-75.62114177350,45.34287102990,2017-06-15,10:13:00 AM,01 - Clear,01 - Daylight,01 - Dry,01 - Traffic signal,01 - Functioning,03 - P.D. only,05 - Turning movement,0
17-5507,BRONSON AVE @ SUNNYSIDE AVE/UNIVERSITY RD - CA,367922.83579,5028091.11345,-75.69385786270,45.38991491230,2017-06-14,5:45:00 PM,01 - Clear,01 - Daylight,01 - Dry,01 - Traffic signal,01 - Functioning,02 - Non-fatal injury,04 - Sideswipe,0
17-5508,ALTA VISTA DR @ RANDALL AVE,370407.71826,5027366.54190,-75.66222307410,45.38316709960,2017-06-15,11:10:00 AM,01 - Clear,01 - Daylight,01 - Dry,01 - Traffic signal,01 - Functioning,02 - Non-fatal injury,03 - Rear end,0
17-5509,CYRVILLE RD @ ST. LAURENT BLVD,372242.05525,5032112.24890,-75.63815308420,45.42569272090,2017-06-15,10:30:00 AM,01 - Clear,01 - Daylight,01 - Dry,01 - Traffic signal,01 - Functioning,03 - P.D. only,99 - Other,0
17-5510,BOISFRANC CIRC btwn CAPREOL ST & CANDLEWOOD ST,385371.85065,5035548.21701,-75.46982904770,45.45521726860,2017-06-15,11:15:00 AM,01 - Clear,01 - Daylight,01 - Dry,10 - No control,,03 - P.D. only,02 - Angle,0
17-5511,ROBERTSON RD btwn FITZGERALD RD & MOODIE DR,357002.10361,5020420.02659,-75.83412617550,45.32178922800,2017-06-15,11:58:00 AM,01 - Clear,01 - Daylight,01 - Dry,10 - No control,,02 - Non-fatal injury,05 - Turning movement,0
17-5512,LEITRIM RD btwn LIMEBANK RD & HIGH RD,369727.31562,5018099.22043,-75.67212676950,45.29984551110,2017-06-15,12:16:00 PM,01 - Clear,01 - Daylight,01 - Dry,10 - No control,,03 - P.D. only,07 - SMV other,0
17-5513,HAIG DR btwn RAGLAN AVE & SMYTH RD,372556.72934,5029372.18185,-75.63450898890,45.40100843850,2017-06-15,2:53:00 PM,01 - Clear,01 - Daylight,01 - Dry,10 - No control,,03 - P.D. only,06 - SMV unattended vehicle,0
17-5514,FALLOWFIELD RD btwn ORR ST & GREENBANK RD,363021.47838,5016682.95697,-75.75778998480,45.28768970770,2017-06-15,3:50:00 PM,01 - Clear,01 - Daylight,01 - Dry,10 - No control,,03 - P.D. only,04 - Sideswipe,0
17-5515,MCARTHUR AVE @ VANIER PKWY,370219.70834,5032691.25480,-75.66391707910,45.43109444300,2017-06-14,10:00:00 PM,01 - Clear,07 - Dark,01 - Dry,01 - Traffic signal,01 - Functioning,02 - Non-fatal injury,03 - Rear end,0
17-5516,BASELINE RD/HERON RD @ PRINCE OF WALES DR,366873.22820,5026438.80411,-75.70746886710,45.37514164660,2017-06-15,4:11:00 PM,01 - Clear,01 - Daylight,01 - Dry,01 - Traffic signal,00 - Unknown,03 - P.D. only,04 - Sideswipe,0
17-5517,FALLOWFIELD RD @ MOODIE DR,359501.99035,5014636.41290,-75.80287867340,45.26955740030,2017-06-15,4:36:00 PM,01 - Clear,01 - Daylight,01 - Dry,01 - Traffic signal,01 - Functioning,03 - P.D. only,03 - Rear end,0
17-5518,INNES RD btwn BANTREE ST & STAR TOP RD,373829.80347,5030478.79620,-75.61809435930,45.41084084920,2017-06-15,4:39:00 PM,01 - Clear,01 - Daylight,01 - Dry,10 - No control,,03 - P.D. only,03 - Rear end,0
17-5519,COLONNADE RD @ MERIVALE RD,365364.02945,5022543.82750,-75.72721327040,45.34022734050,2017-06-14,4:47:00 PM,01 - Clear,01 - Daylight,01 - Dry,01 - Traffic signal,01 - Functioning,03 - P.D. only,03 - Rear end,0
17-5520,MAITLAND AVE btwn LENESTER AVE & HWY417 IC126 RAMP36,363088.43434,5026121.05452,-75.75582517490,45.37260763740,2017-06-15,4:54:00 PM,01 - Clear,01 - Daylight,01 - Dry,10 - No control,,03 - P.D. only,03 - Rear end,0
17-5521,COLONIAL RD/SMITH RD @ TRIM RD,388795.79714,5031789.84010,-75.42670025190,45.42100015850,2017-06-15,5:00:00 PM,01 - Clear,01 - Daylight,01 - Dry,02 - Stop sign,01 - Functioning,03 - P.D. only,03 - Rear end,0
17-5522,EAGLESON RD @ HWY 417 EAGLESO IC138R51/PARK AN,353038.18444,5020014.45680,-75.88472514880,45.31842340510,2017-06-15,5:40:00 PM,01 - Clear,01 - Daylight,01 - Dry,01 - Traffic signal,01 - Functioning,03 - P.D. only,05 - Turning movement,0
17-5523,HIGHCROFT DR @ MANOTICK MAIN ST,368615.70724,5009988.39420,-75.68734113150,45.22696694840,2017-06-15,5:41:00 PM,01 - Clear,01 - Daylight,01 - Dry,02 - Stop sign,01 - Functioning,02 - Non-fatal injury,02 - Angle,0
17-5524,KITCHENER AVE @ BANK ST,370540.54165,5025497.96501,-75.66077590190,45.36634181630,2017-06-15,5:55:00 PM,01 - Clear,01 - Daylight,01 - Dry,01 - Traffic signal,01 - Functioning,02 - Non-fatal injury,07 - SMV other,1
17-5525,TENTH LINE RD @ VANGUARD DR,384073.76654,5035875.90109,-75.48637055880,45.45831394120,2017-06-15,6:27:00 PM,01 - Clear,01 - Daylight,01 - Dry,01 - Traffic signal,01 - Functioning,03 - P.D. only,02 - Angle,0