COLLISION_ID,LOCATION,X,Y,LONGITUDE,LATITUDE,DATE,TIME,ENVIRONMENT,LIGHT,SURFACE_CONDITION,TRAFFIC_CONTROL,TRAFFIC_CONTROL_CONDITION,COLLISION_CLASSIFICATION,IMPACT_TYPE,NO_OF_PEDESTRIANS
17-5526,CONROY RD @ WALKLEY RD,372903.38815,5027464.86909,-75.63034470740,45.38381362750,2017-06-15,6:43:00 PM,01 - Clear,01 - Daylight,01 - Dry,01 - Traffic signal,01 - Functioning,02 - Non-fatal injury,03 - Rear end,0
17-5527,LEES AVE btwn MAIN ST & ROSEMERE AVE,369108.95030,5030620.10479,-75.67838176910,45.41256202000,2017-06-15,7:58:00 PM,01 - Clear,01 - Daylight,01 - Dry,10 - No control,,03 - P.D. only,02 - Angle,0
17-5528,RUSSLAND RD btwn ROCKDALE RD & DUNNING RD,397155.95730,5022979.21989,-75.32154379370,45.34067986940,2017-06-15,8:29:00 PM,01 - Clear,05 - Dusk,01 - Dry,10 - No control,,03 - P.D. only,01 - Approaching,0
17-5529,CARLING AVE @ SCRIVENS ST,359423.33355,5024259.18070,-75.80282013480,45.35614980340,2017-06-15,9:23:00 PM,02 - Rain,07 - Dark,02 - Wet,01 - Traffic signal,01 - Functioning,03 - P.D. only,99 - Other,0
17-5530,ALBION RD @ MITCH OWENS RD,375907.65602,5014805.12554,-75.59380419590,45.26960805580,2017-06-15,11:04:00 PM,02 - Rain,07 - Dark,02 - Wet,01 - Traffic signal,01 - Functioning,03 - P.D. only,04 - Sideswipe,0
17-5531,MCARTHUR AVE @ VANIER PKWY,370218.37055,5032691.25480,-75.66393417340,45.43109456810,2017-06-15,11:24:00 PM,01 - Clear,07 - Dark,01 - Dry,01 - Traffic signal,01 - Functioning,03 - P.D. only,05 - Turning movement,0
17-5532,HARVEST VALLEY AVE/SWEETVALLEY DR @ TENTH LINE RD,384697.19960,5034388.90190,-75.47864186880,45.44486427980,2017-06-15,11:26:00 PM,02 - Rain,07 - Dark,02 - Wet,02 - Stop sign,01 - Functioning,03 - P.D. only,03 - Rear end,0
17-5533,DALHOUSIE ST @ MURRAY ST,367999.17059,5032574.61360,-75.69230828080,45.43024913810,2017-06-15,10:30:00 PM,02 - Rain,07 - Dark,02 - Wet,01 - Traffic signal,01 - Functioning,02 - Non-fatal injury,07 - SMV other,1
17-5534,TERRY FOX DR btwn TERRY FOX DR & EAGLESON RD,354351.99831,5015077.93254,-75.86846182060,45.27391202630,2017-06-16,3:44:00 AM,02 - Rain,07 - Dark,02 - Wet,10 - No control,,03 - P.D. only,07 - SMV other,0
17-5535,FRANKTOWN RD btwn CONLEY RD & JOY'S RD,354995.56157,5004646.00642,-75.86131224490,45.17999671460,2017-06-16,5:36:00 AM,02 - Rain,03 - Dawn,02 - Wet,10 - No control,,03 - P.D. only,07 - SMV other,0
17-5536,PRINCE OF WALES DR @ MEADOWLANDS DR/HOG'S BACK,367373.84898,5025693.47700,-75.70117214210,45.36839084390,2017-06-16,6:43:00 AM,01 - Clear,01 - Daylight,02 - Wet,01 - Traffic signal,01 - Functioning,02 - Non-fatal injury,05 - Turning movement,0
17-5537,MACKENZIE KING BR/WALLER ST @ NICHOLAS ST/WALL,368372.07006,5031992.80812,-75.68761816800,45.42498046290,2017-06-16,7:36:00 AM,01 - Clear,01 - Daylight,01 - Dry,01 - Traffic signal,01 - Functioning,03 - P.D. only,04 - Sideswipe,0
17-5538,RICHMOND RD @ HOLLY ACRES RD/NANAIMO DR,359058.33715,5022748.49610,-75.80764413950,45.34258498000,2017-06-15,7:45:00 AM,01 - Clear,01 - Daylight,01 - Dry,01 - Traffic signal,01 - Functioning,03 - P.D. only,04 - Sideswipe,0
17-5539,GOULBURN AVE @ TEMPLETON ST,369577.91547,5031819.88313,-75.67223312000,45.42331392160,2017-06-16,8:53:00 AM,01 - Clear,01 - Daylight,02 - Wet,02 - Stop sign,01 - Functioning,03 - P.D. only,02 - Angle,0
17-5540,CLAUDE ST btwn PAUL AVE & CLARKE AVE,371946.42225,5033506.06641,-75.64174049980,45.43826207950,2017-06-16,9:01:00 AM,01 - Clear,01 - Daylight,01 - Dry,10 - No control,,03 - P.D. only,06 - SMV unattended vehicle,0
17-5541,OGILVIE RD btwn CUMMINGS AVE & BEAULIEU PL,372821.10498,5032208.20674,-75.63074096720,45.42650003300,2017-06-15,3:45:00 PM,01 - Clear,01 - Daylight,01 - Dry,10 - No control,,03 - P.D. only,04 - Sideswipe,0
17-5542,INNES RD @ STONEHENGE CRES W,375201.41344,5031217.23250,-75.60046772090,45.41734826750,2017-06-16,9:50:00 AM,01 - Clear,01 - Daylight,01 - Dry,01 - Traffic signal,01 - Functioning,03 - P.D. only,05 - Turning movement,0
17-5543,MONTREAL RD @ ST. LAURENT BLVD,371545.36845,5033818.26360,-75.64682382300,45.44110948410,2017-06-16,10:54:00 AM,01 - Clear,01 - Daylight,01 - Dry,01 - Traffic signal,01 - Functioning,03 - P.D. only,05 - Turning movement,0
17-5544,DALY AVE @ CHARLOTTE ST,369335.30540,5032723.34798,-75.67521461320,45.43146537580,2017-06-16,11:07:00 AM,01 - Clear,01 - Daylight,01 - Dry,02 - Stop sign,01 - Functioning,03 - P.D. only,02 - Angle,0
17-5545,PARKDALE AVE @ GLADSTONE AVE,365217.03615,5029117.89220,-75.72828468250,45.39939229420,2017-06-16,11:41:00 AM,01 - Clear,01 - Daylight,01 - Dry,01 - Traffic signal,01 - Functioning,03 - P.D. only,03 - Rear end,0
17-5546,PRINCESS AVE btwn SUSSEX DR & ROCKCLIFFE PKWY,367980.82365,5034174.68068,-75.69233736070,45.44464762160,2017-06-16,11:52:00 AM,02 - Rain,01 - Daylight,02 - Wet,10 - No control,,03 - P.D. only,04 - Sideswipe,0
17-5547,OGILVIE RD btwn COVENTRY RD & OGILVIE RD,372354.49246,5031956.89244,-75.63673771170,45.42428404620,2017-06-16,11:56:00 AM,01 - Clear,01 - Daylight,01 - Dry,10 - No control,,03 - P.D. only,04 - Sideswipe,0
17-5548,SLATER ST btwn KENT ST & BANK ST,367304.53902,5031279.53791,-75.70134920370,45.41865888890,2017-06-16,12:18:00 PM,02 - Rain,01 - Daylight,02 - Wet,10 - No control,,02 - Non-fatal injury,04 - Sideswipe,0
17-5549,BRIDGE ST/MAPLE AVE @ MANOTICK MAIN ST,368700.64199,5009932.39510,-75.68626683130,45.22645537010,2017-06-16,12:35:00 PM,01 - Clear,01 - Daylight,01 - Dry,01 - Traffic signal,01 - Functioning,03 - P.D. only,03 - Rear end,0
17-5550,GEORGE ST @ DALHOUSIE ST,368158.40866,5032316.17622,-75.69030665570,45.42790940180,2017-06-16,12:53:00 PM,01 - Clear,01 - Daylight,01 - Dry,01 - Traffic signal,01 - Functioning,03 - P.D. only,05 - Turning movement,0
17-5551,MANOTICK MAIN ST btwn HIGHCROFT DR & MAPLE AVE,368655.14556,5009961.15489,-75.68684245010,45.22671827580,2017-06-16,1:03:00 PM,01 - Clear,01 - Daylight,02 - Wet,10 - No control,,03 - P.D. only,02 - Angle,0
17-5552,WALKLEY RD btwn HALIFAX DR & ST. LAURENT BLVD,373880.22721,5028033.93397,-75.61779266180,45.38883816570,2017-06-16,1:12:00 PM,01 - Clear,01 - Daylight,01 - Dry,10 - No control,,03 - P.D. only,04 - Sideswipe,0
17-5553,ELGIN ST btwn SLATER ST & LAURIER AVE W (1),367916.27940,5031638.01333,-75.69348755270,45.42182941360,2017-06-16,1:23:00 PM,01 - Clear,01 - Daylight,01 - Dry,10 - No control,,03 - P.D. only,04 - Sideswipe,0
17-5554,CARLING AVE @ BROADVIEW AVE,363180.68660,5026638.54160,-75.75458630630,45.37725623970,2017-06-16,1:27:00 PM,01 - Clear,01 - Daylight,01 - Dry,01 - Traffic signal,01 - Functioning,03 - P.D. only,05 - Turning movement,0
17-5555,MEADOWBROOK RD btwn ENGLEWOOD PL & BLAIR RD,375172.32647,5032292.84020,-75.60068567750,45.42702891810,2017-06-16,1:36:00 PM,01 - Clear,01 - Daylight,01 - Dry,10 - No control,,03 - P.D. only,99 - Other,0
17-5556,ST. LAURENT BLVD btwn INDUSTRIAL AVE & BOURASSA ST,373140.09406,5029913.71468,-75.62698319310,45.40582419940,2017-06-16,2:03:00 PM,01 - Clear,01 - Daylight,01 - Dry,10 - No control,,03 - P.D. only,04 - Sideswipe,0
17-5557,IRIS ST @ WOODROFFE AVE,362283.33006,5024443.11440,-75.76629837900,45.35757618910,2017-06-16,2:17:00 PM,01 - Clear,01 - Daylight,01 - Dry,01 - Traffic signal,01 - Functioning,03 - P.D. only,05 - Turning movement,0
17-5558,COLONNADE RD @ MERIVALE RD,365364.02945,5022545.16530,-75.72721310660,45.34023937790,2017-06-16,3:15:00 PM,01 - Clear,01 - Daylight,01 - Dry,01 - Traffic signal,01 - Functioning,03 - P.D. only,03 - Rear end,0
17-5559,BLOHM DR @ HUNT CLUB RD,375130.74934,5026190.18720,-75.60208713350,45.37212456440,2017-06-16,3:31:00 PM,01 - Clear,01 - Daylight,01 - Dry,01 - Traffic signal,01 - Functioning,03 - P.D. only,03 - Rear end,0
17-5560,BASELINE RD btwn TURN LANE & MERIVALE RD,365033.62617,5025310.79918,-75.73109169990,45.36515260110,2017-06-16,3:25:00 PM,01 - Clear,01 - Daylight,01 - Dry,10 - No control,,03 - P.D. only,03 - Rear end,0
17-5561,RICHARDSON SIDE RD @ TERRY FOX DR,348803.08600,5019506.07210,-75.93878597800,45.31412702200,2017-06-16,3:44:00 PM,01 - Clear,01 - Daylight,01 - Dry,01 - Traffic signal,01 - Functioning,03 - P.D. only,02 - Angle,0
17-5562,CARLING AVE @ CROYDON AVE,360659.01505,5025041.17971,-75.78696146530,45.36308884610,2017-06-16,4:17:00 PM,01 - Clear,01 - Daylight,01 - Dry,01 - Traffic signal,01 - Functioning,03 - P.D. only,05 - Turning movement,0
17-5563,KENT ST @ WELLINGTON ST,367097.15135,5031527.11995,-75.70396753380,45.42090505290,2017-06-16,4:51:00 PM,01 - Clear,01 - Daylight,01 - Dry,01 - Traffic signal,01 - Functioning,03 - P.D. only,99 - Other,0
17-5564,WEST HUNT CLUB RD @ CLEOPATRA DR/LANCELOT DR,365237.37224,5021732.49400,-75.72892833750,45.33293798390,2017-06-16,5:07:00 PM,01 - Clear,01 - Daylight,01 - Dry,01 - Traffic signal,01 - Functioning,03 - P.D. only,05 - Turning movement,0
17-5565,ALBERT ST btwn BRONSON AVE & BAY ST,366891.54611,5031111.75603,-75.70664684580,45.41718601100,2017-06-16,5:16:00 PM,01 - Clear,01 - Daylight,01 - Dry,10 - No control,,03 - P.D. only,04 - Sideswipe,0
17-5566,HINCKS LANE E @ RIVERSIDE DR,370269.28000,5030199.15574,-75.66361475160,45.40866689040,2017-06-16,6:01:00 PM,01 - Clear,01 - Daylight,01 - Dry,02 - Stop sign,01 - Functioning,02 - Non-fatal injury,07 - SMV other,0
17-5567,FALLOWFIELD RD @ WOLFGANG DR,363406.37660,5016943.45100,-75.75285292950,45.29000164380,2017-06-16,6:25:00 PM,01 - Clear,01 - Daylight,01 - Dry,02 - Stop sign,01 - Functioning,02 - Non-fatal injury,02 - Angle,0
17-5568,MERIVALE RD @ FAMILY BROWN LANE,365003.78863,5023386.12173,-75.73170695400,45.34783720200,2017-06-16,6:59:00 PM,01 - Clear,01 - Daylight,01 - Dry,01 - Traffic signal,01 - Functioning,03 - P.D. only,05 - Turning movement,0
17-5569,GREENBANK RD @ JOCKVALE RD,364121.35335,5014331.08220,-75.74405099780,45.26643555900,2017-06-16,8:54:00 PM,01 - Clear,05 - Dusk,01 - Dry,01 - Traffic signal,01 - Functioning,03 - P.D. only,03 - Rear end,0
17-5570,NICHOLAS ST NB btwn LAURIER AVE E & WALLER ST,368491.02830,5031708.63779,-75.68613490770,45.42241277770,2017-06-16,9:50:00 PM,01 - Clear,07 - Dark,01 - Dry,10 - No control,,03 - P.D. only,03 - Rear end,0
17-5571,NAVY PRIV @ PRINCE OF WALES DR,366840.71775,5028679.74750,-75.70760224330,45.39530798550,2017-06-16,10:08:00 PM,01 - Clear,07 - Dark,01 - Dry,02 - Stop sign,01 - Functioning,03 - P.D. only,07 - SMV other,0
17-5572,BRITANNIA RD btwn PRISCILLA ST & MARIE ST,360094.33067,5024925.09459,-75.79418207850,45.36208908540,2017-06-16,10:29:00 PM,01 - Clear,07 - Dark,01 - Dry,10 - No control,,03 - P.D. only,06 - SMV unattended vehicle,0
17-5573,MARCH RD @ RICHARDSON SIDE RD,351414.95065,5021780.15140,-75.90526200770,45.33442117310,2017-06-16,11:05:00 PM,01 - Clear,07 - Dark,01 - Dry,01 - Traffic signal,01 - Functioning,03 - P.D. only,03 - Rear end,0
17-5574,GREENBANK RD @ WEST HUNT CLUB RD,361477.87249,5020502.17845,-75.77702964180,45.32218133850,2017-06-16,11:25:00 PM,01 - Clear,07 - Dark,01 - Dry,01 - Traffic signal,01 - Functioning,03 - P.D. only,03 - Rear end,0
17-5575,O'CONNOR ST @ SOMERSET ST,367855.71010,5031010.65082,-75.69434172840,45.41619007350,2017-06-17,12:12:00 AM,01 - Clear,07 - Dark,01 - Dry,01 - Traffic signal,01 - Functioning,03 - P.D. only,07 - SMV other,0
17-5576,ALBERT ST @ BANK ST,367386.03055,5031423.57360,-75.70028975220,45.41994759180,2017-06-16,11:51:00 PM,01 - Clear,07 - Dark,01 - Dry,01 - Traffic signal,01 - Functioning,03 - P.D. only,06 - SMV unattended vehicle,0
17-5577,PRINCE OF WALES DR btwn NATIONAL CAPITAL COMM DRWY & HARTWELL LOCKS/54,366920.75344,5027659.17868,-75.70670858810,45.38611807290,2017-06-17,4:02:00 AM,01 - Clear,07 - Dark,01 - Dry,10 - No control,,02 - Non-fatal injury,07 - SMV other,0
17-5578,PERTH ST btwn FRANKTOWN RD & ROCHELLE DR,356143.47607,5005709.23708,-75.84659769490,45.18948142300,2017-06-17,4:28:00 AM,01 - Clear,07 - Dark,01 - Dry,10 - No control,,03 - P.D. only,07 - SMV other,0
17-5579,TERRY FOX DR @ FERNBANK RD,354302.63256,5015130.47400,-75.86908570730,45.27438828470,2017-06-17,7:59:00 AM,01 - Clear,01 - Daylight,01 - Dry,01 - Traffic signal,01 - Functioning,03 - P.D. only,02 - Angle,0
17-5580,PRINCE OF WALES DR btwn FOREST HILL AVE & BASELINE RD/HERON RD,366843.38641,5026329.77836,-75.70786353760,45.37416330110,2017-06-17,9:05:00 AM,01 - Clear,01 - Daylight,01 - Dry,10 - No control,,02 - Non-fatal injury,05 - Turning movement,0
17-5581,MONTREAL RD @ VANIER PKWY,370073.71314,5033064.92320,-75.66573320350,45.43447019810,2017-06-16,9:30:00 PM,01 - Clear,07 - Dark,01 - Dry,01 - Traffic signal,01 - Functioning,03 - P.D. only,03 - Rear end,0
17-5582,WENDELL AVE @ HOBIN ST,349091.40152,5013853.57339,-75.93561364500,45.26324583660,2017-06-17,11:21:00 AM,02 - Rain,01 - Daylight,02 - Wet,02 - Stop sign,01 - Functioning,03 - P.D. only,03 - Rear end,0
17-5583,MOODIE DR @ RICHMOND RD S,357433.98005,5019539.80740,-75.82871120160,45.31383667550,2017-06-12,11:32:00 AM,01 - Clear,01 - Daylight,01 - Dry,03 - Yield sign,01 - Functioning,03 - P.D. only,03 - Rear end,0
17-5584,ABERDEEN ST @ PRESTON ST,366651.36025,5029341.56260,-75.70993754030,45.40127957700,2017-06-17,11:15:00 AM,01 - Clear,01 - Daylight,01 - Dry,02 - Stop sign,01 - Functioning,03 - P.D. only,02 - Angle,0
17-5585,TERRY FOX DR N @ FLAMBOROUGH WAY/INNOVATION DR,349381.08395,5022955.11702,-75.93110396090,45.34512596810,2017-06-17,1:17:00 PM,01 - Clear,01 - Daylight,01 - Dry,01 - Traffic signal,01 - Functioning,03 - P.D. only,02 - Angle,0
17-5586,ST. JOSEPH BLVD/OLD MONTREAL RD @ TRIM RD,384682.65139,5039289.38127,-75.47803133940,45.48895582430,2017-06-17,4:00:00 PM,01 - Clear,01 - Daylight,01 - Dry,11 - Roundabout,01 - Functioning,03 - P.D. only,02 - Angle,0
17-5587,ALBION RD/COLLISTON CRES E @ WALKLEY RD,371033.49169,5026354.60091,-75.65436887940,45.37400312640,2017-06-17,7:42:00 PM,01 - Clear,01 - Daylight,01 - Dry,01 - Traffic signal,01 - Functioning,02 - Non-fatal injury,01 - Approaching,0
17-5588,WICKLOW DR btwn SCHARFGATE DR & POTTER DR,367570.64868,5009370.77266,-75.70072596400,45.22150350730,2017-06-17,8:21:00 PM,01 - Clear,01 - Daylight,01 - Dry,10 - No control,,03 - P.D. only,06 - SMV unattended vehicle,0
17-5589,BANK ST @ DAVIDSON RD/LESTER RD,373672.40365,5022924.85079,-75.62115856180,45.34288921680,2017-06-17,8:38:00 PM,01 - Clear,05 - Dusk,01 - Dry,01 - Traffic signal,01 - Functioning,03 - P.D. only,05 - Turning movement,0
17-5590,KNOXDALE RD @ WEST HUNT CLUB RD,361864.15907,5020584.00373,-75.77209322520,45.32288630630,2017-06-17,10:27:00 PM,01 - Clear,07 - Dark,01 - Dry,01 - Traffic signal,01 - Functioning,03 - P.D. only,03 - Rear end,0
17-5591,KENT ST btwn SPARKS ST & QUEEN ST,367160.56785,5031420.03907,-75.70317083060,45.41993592230,2017-06-17,8:00:00 PM,01 - Clear,01 - Daylight,01 - Dry,10 - No control,,03 - P.D. only,06 - SMV unattended vehicle,0
17-5592,GREENBANK RD btwn JOCKVALE RD & CAMBRIAN RD,364484.06724,5013508.51081,-75.73952806530,45.25900336290,2017-06-17,2:58:00 AM,01 - Clear,07 - Dark,02 - Wet,10 - No control,,03 - P.D. only,07 - SMV other,0
17-5593,MERIVALE RD/LOTTA AVE @ CLYDE AVE,364521.06034,5024507.84488,-75.73773127090,45.35797159180,2017-06-18,10:46:00 AM,01 - Clear,01 - Daylight,01 - Dry,01 - Traffic signal,01 - Functioning,03 - P.D. only,05 - Turning movement,0
17-5594,WOODROFFE AVE btwn PARKGLEN DR & DAVID DR,362976.34177,5022918.20374,-75.75763311200,45.34379801290,2017-06-18,10:59:00 AM,01 - Clear,01 - Daylight,01 - Dry,10 - No control,,03 - P.D. only,03 - Rear end,0
17-5595,HOLMWOOD AVE @ MONK ST,368425.37575,5029162.88650,-75.68730234610,45.39951292470,2017-06-18,11:10:00 AM,01 - Clear,01 - Daylight,01 - Dry,02 - Stop sign,03 - Obscured,03 - P.D. only,02 - Angle,0
17-5596,CONROY RD @ ST. LAURENT BLVD,373068.58711,5027159.20385,-75.62827769280,45.38104730090,2017-06-18,11:10:00 AM,01 - Clear,01 - Daylight,01 - Dry,01 - Traffic signal,01 - Functioning,02 - Non-fatal injury,04 - Sideswipe,0
17-5597,APPLEFORD ST @ ELMRIDGE DR,374956.73454,5033815.25330,-75.60322353090,45.44074838990,2017-06-18,12:19:00 PM,02 - Rain,01 - Daylight,02 - Wet,02 - Stop sign,01 - Functioning,02 - Non-fatal injury,05 - Turning movement,0
17-5598,TERRY FOX DR @ HALKIRK AVE/WINCHESTER DR,352512.22735,5016869.33820,-75.89173604380,45.29015882420,2017-06-18,12:35:00 PM,01 - Clear,01 - Daylight,02 - Wet,01 - Traffic signal,01 - Functioning,02 - Non-fatal injury,03 - Rear end,0
17-5599,BOOTH ST @ OTTAWA RIVER PKWY/WELLINGTON ST,366264.59145,5031007.35680,-75.71466980130,45.41630201240,2017-06-18,1:23:00 PM,01 - Clear,01 - Daylight,01 - Dry,01 - Traffic signal,01 - Functioning,03 - P.D. only,03 - Rear end,0
17-5600,BEATRICE DR @ STRANDHERD DR,365527.71145,5015322.15080,-75.72600979370,45.27523315100,2017-06-18,1:30:00 PM,01 - Clear,01 - Daylight,02 - Wet,01 - Traffic signal,01 - Functioning,03 - P.D. only,03 - Rear end,0
17-5601,KING EDWARD AVE @ LAURIER AVE,368738.70386,5032035.25150,-75.68292795560,45.42532893670,2017-06-18,3:08:00 PM,01 - Clear,01 - Daylight,01 - Dry,01 - Traffic signal,01 - Functioning,03 - P.D. only,03 - Rear end,0
17-5602,CYCLONE TAYLOR BLVD @ HUNTMAR DR,349514.92565,5017548.10631,-75.92988427660,45.29646369550,2017-06-18,3:09:00 PM,01 - Clear,01 - Daylight,01 - Dry,01 - Traffic signal,01 - Functioning,02 - Non-fatal injury,03 - Rear end,0
17-5603,WOODRIDGE CRES btwn BAYSHORE PS & TRANSITWAY LINK,358838.26637,5023185.59895,-75.81040436540,45.34653503150,2017-06-18,3:40:00 PM,01 - Clear,01 - Daylight,01 - Dry,10 - No control,,03 - P.D. only,02 - Angle,0
17-5604,MCLEOD ST W @ METCALFE ST,368270.47299,5030685.15298,-75.68908478460,45.41322385270,2017-06-18,4:43:00 PM,01 - Clear,01 - Daylight,01 - Dry,01 - Traffic signal,01 - Functioning,03 - P.D. only,04 - Sideswipe,0
17-5605,MOODIE DR @ CORKSTOWN RD,356340.64548,5022766.55096,-75.84231862340,45.34295238060,2017-06-18,3:30:00 PM,01 - Clear,01 - Daylight,01 - Dry,01 - Traffic signal,01 - Functioning,03 - P.D. only,03 - Rear end,0
17-5606,MCCARTHY RD @ PAUL ANKA DR,369700.05525,5023877.17390,-75.67171698050,45.35183672470,2017-06-18,5:35:00 PM,01 - Clear,01 - Daylight,01 - Dry,01 - Traffic signal,01 - Functioning,02 - Non-fatal injury,02 - Angle,0
17-5607,CONROY RD btwn JOHNSTON RD & LORRY GREENBERG DR,373409.85058,5026278.35947,-75.62404299020,45.37308849810,2017-06-18,6:03:00 PM,01 - Clear,01 - Daylight,01 - Dry,10 - No control,,03 - P.D. only,05 - Turning movement,0
17-5608,FERNBANK RD btwn JINKINSON RD & BLACK'S SIDE RD,347576.68748,5009143.13190,-75.95531928110,45.22095297680,2017-06-18,9:21:00 PM,01 - Clear,07 - Dark,01 - Dry,10 - No control,,01 - Fatal injury,07 - SMV other,0
17-5609,JOHNSTON RD @ SOUTHGATE RD,371020.38765,5024940.84890,-75.65472565690,45.36128390020,2017-06-18,10:11:00 PM,01 - Clear,07 - Dark,01 - Dry,02 - Stop sign,01 - Functioning,02 - Non-fatal injury,07 - SMV other,1
17-5610,TARTAN DR btwn RUETER ST & HALLEY ST,362789.36133,5014350.54330,-75.76102124860,45.26672175130,2017-06-18,11:30:00 PM,01 - Clear,07 - Dark,01 - Dry,10 - No control,,03 - P.D. only,01 - Approaching,0
17-5611,KENNEVALE DR @ STRANDHERD DR,361491.66490,5014102.46612,-75.77758522810,45.26459532590,2017-06-19,6:53:00 AM,01 - Clear,01 - Daylight,01 - Dry,01 - Traffic signal,01 - Functioning,03 - P.D. only,05 - Turning movement,0
17-5612,STAGECOACH RD btwn LAKESHORE DR & OLD PRESCOTT RD,377190.24732,5010365.32199,-75.57810747430,45.22952934710,2017-06-19,7:02:00 AM,01 - Clear,01 - Daylight,01 - Dry,10 - No control,,02 - Non-fatal injury,07 - SMV other,0
17-5613,KENT ST btwn JAMES ST & FLORENCE ST,367690.91670,5030545.59241,-75.69650641780,45.41202045590,2017-06-14,12:00:00 AM,01 - Clear,00 - Unknown,01 - Dry,10 - No control,,03 - P.D. only,06 - SMV unattended vehicle,0
17-5614,RAMSAYVILLE RD @ RUSSELL RD S,377831.42055,5026128.85360,-75.56762122910,45.37129647890,2017-06-19,10:07:00 AM,01 - Clear,01 - Daylight,01 - Dry,02 - Stop sign,01 - Functioning,03 - P.D. only,07 - SMV other,0
17-5615,METCALFE ST @ WELLINGTON ST,367565.18970,5031817.58160,-75.69795052520,45.42347669810,2017-06-19,12:08:00 PM,01 - Clear,01 - Daylight,01 - Dry,01 - Traffic signal,01 - Functioning,03 - P.D. only,03 - Rear end,0
17-5616,HAZELDEAN RD @ TERRY FOX DR,352207.27655,5017241.78210,-75.89558792500,45.29353080990,2017-06-19,11:20:00 AM,01 - Clear,01 - Daylight,01 - Dry,01 - Traffic signal,01 - Functioning,03 - P.D. only,03 - Rear end,0
17-5617,SLATER ST btwn BANK ST & O'CONNOR ST,367507.05317,5031403.59786,-75.69874604690,45.41975702000,2017-06-18,10:30:00 PM,01 - Clear,07 - Dark,01 - Dry,10 - No control,,03 - P.D. only,06 - SMV unattended vehicle,0
17-5618,WELLINGTON ST @ HAMILTON AVE,365080.14843,5029233.23116,-75.73001891410,45.40044188850,2017-06-19,1:20:00 PM,01 - Clear,01 - Daylight,01 - Dry,02 - Stop sign,01 - Functioning,03 - P.D. only,05 - Turning movement,0
17-5619,"MONTREAL RD btwn EGLISE, RUE DE L & ST. LAURENT BLVD",371363.85083,5033728.14754,-75.64915601270,45.44031596760,2017-06-19,1:30:00 PM,01 - Clear,01 - Daylight,01 - Dry,10 - No control,,03 - P.D. only,03 - Rear end,0
17-5620,CHESTERTON DR/COOLSPRING CRES W @ VIEWMOUNT DR,366231.04325,5023515.51010,-75.71603068110,45.34889499940,2017-06-19,2:06:00 PM,01 - Clear,01 - Daylight,01 - Dry,02 - Stop sign,01 - Functioning,03 - P.D. only,02 - Angle,0
17-5621,HUNT CLUB RD @ DOWNPATRICK RD/MCCARTHY RD,370508.06885,5023399.84010,-75.66146928360,45.34746657140,2017-06-19,3:26:00 PM,01 - Clear,01 - Daylight,01 - Dry,01 - Traffic signal,01 - Functioning,03 - P.D. only,03 - Rear end,0
17-5622,EAGLESON RD @ FALLOWFIELD RD,355959.96186,5012593.73680,-75.84822553460,45.25144351760,2017-06-19,3:55:00 PM,01 - Clear,01 - Daylight,01 - Dry,01 - Traffic signal,01 - Functioning,03 - P.D. only,02 - Angle,0
17-5623,ALTA VISTA DR @ ROGER RD,370406.05365,5028878.54790,-75.66204331160,45.39677174950,2017-06-19,3:57:00 PM,01 - Clear,01 - Daylight,01 - Dry,02 - Stop sign,01 - Functioning,02 - Non-fatal injury,05 - Turning movement,0
17-5624,BILBERRY DR W @ JEANNE D'ARC BLVD,380449.07495,5038398.92820,-75.53232225960,45.48141596670,2017-06-19,4:00:00 PM,01 - Clear,01 - Daylight,01 - Dry,01 - Traffic signal,01 - Functioning,02 - Non-fatal injury,02 - Angle,0
17-5625,CARLING AVE EB @ SAIGON CRT,364069.17445,5027111.53331,-75.74318616450,45.38143754860,2017-06-19,4:21:00 PM,01 - Clear,01 - Daylight,01 - Dry,02 - Stop sign,01 - Functioning,02 - Non-fatal injury,03 - Rear end,0
17-5626,LEES AVE btwn HWY417 IC118 RAMP45 & TRANSIT,369630.73792,5030931.68677,-75.67167506540,45.41531737480,2017-06-17,12:00:00 AM,01 - Clear,00 - Unknown,01 - Dry,10 - No control,,03 - P.D. only,06 - SMV unattended vehicle,0
17-5627,BRITANNIA RD @ CARLING AVE,360176.20601,5024740.56621,-75.79315771740,45.36042224180,2017-06-19,3:30:00 PM,01 - Clear,01 - Daylight,01 - Dry,02 - Stop sign,01 - Functioning,03 - P.D. only,03 - Rear end,0
17-5628,ISLAND PARK DR @ SCOTT ST,363833.68454,5029040.74661,-75.74596210500,45.39881616290,2017-06-19,5:39:00 PM,01 - Clear,01 - Daylight,01 - Dry,01 - Traffic signal,01 - Functioning,03 - P.D. only,01 - Approaching,0
17-5629,WALKLEY RD btwn AVONCOURT WAY & SOUTHMORE DR E,369660.79496,5025546.06781,-75.67199898350,45.36685659140,2017-06-19,5:50:00 PM,01 - Clear,01 - Daylight,01 - Dry,10 - No control,,03 - P.D. only,03 - Rear end,0