COLLISION_ID,LOCATION,X,Y,LONGITUDE,LATITUDE,DATE,TIME,ENVIRONMENT,LIGHT,SURFACE_CONDITION,TRAFFIC_CONTROL,TRAFFIC_CONTROL_CONDITION,COLLISION_CLASSIFICATION,IMPACT_TYPE,NO_OF_PEDESTRIANS
17-5630,DYNES RD @ PRINCE OF WALES DR,367115.71744,5025923.53260,-75.70443815170,45.37048383030,2017-06-19,6:03:00 PM,01 - Clear,01 - Daylight,01 - Dry,01 - Traffic signal,01 - Functioning,02 - Non-fatal injury,03 - Rear end,0
17-5631,CARLING AVE WB btwn CROYDON AVE & TAVISTOCK RD,360678.74412,5025056.32622,-75.78670793090,45.36322356120,2017-06-19,6:33:00 PM,01 - Clear,01 - Daylight,01 - Dry,10 - No control,,03 - P.D. only,05 - Turning movement,0
17-5632,DALHOUSIE ST btwn CLARENCE ST & YORK ST,368068.57223,5032462.12341,-75.69143586270,45.42923071580,2017-06-19,11:03:00 PM,01 - Clear,07 - Dark,01 - Dry,10 - No control,,03 - P.D. only,03 - Rear end,0
17-5633,BELFAST RD @ ST. LAURENT BLVD,372861.05855,5030579.23090,-75.63045546430,45.41183939650,2017-06-20,5:59:00 AM,02 - Rain,01 - Daylight,02 - Wet,01 - Traffic signal,01 - Functioning,02 - Non-fatal injury,05 - Turning movement,0
17-5634,DALY AVE btwn COURT HOUSE LANE & WALLER ST,368319.68613,5032106.65720,-75.68827282890,45.42600959590,2017-06-20,7:24:00 AM,01 - Clear,01 - Daylight,02 - Wet,10 - No control,,03 - P.D. only,01 - Approaching,0
17-5635,EAGLESON RD @ FALLOWFIELD RD,355961.29965,5012593.06791,-75.84820856110,45.25143740140,2017-06-20,7:22:00 AM,02 - Rain,01 - Daylight,02 - Wet,01 - Traffic signal,01 - Functioning,03 - P.D. only,03 - Rear end,0
17-5636,CARP RD/HWY 417 CARP IC144R63 @ HWY 417 CARP I,347298.96420,5015926.15650,-75.95827545640,45.28200633020,2017-06-20,7:10:00 AM,02 - Rain,01 - Daylight,02 - Wet,01 - Traffic signal,01 - Functioning,03 - P.D. only,03 - Rear end,0
17-5637,OGILVIE RD @ BATHGATE DR/CITYPARK DR W,373827.19202,5032800.14902,-75.61780247650,45.43172745910,2017-06-20,8:06:00 AM,02 - Rain,01 - Daylight,02 - Wet,01 - Traffic signal,01 - Functioning,03 - P.D. only,04 - Sideswipe,0
17-5638,ALPINE AVE btwn HENLEY ST & CLARENDA ST,360725.13505,5024369.45944,-75.78619351690,45.35703946380,2017-06-20,8:04:00 AM,01 - Clear,01 - Daylight,01 - Dry,10 - No control,,03 - P.D. only,06 - SMV unattended vehicle,0
17-5639,WALKLEY RD btwn HARDING RD & HALIFAX DR,373319.36062,5027711.83572,-75.62499923120,45.38599516130,2017-06-20,8:07:00 AM,01 - Clear,01 - Daylight,01 - Dry,10 - No control,,03 - P.D. only,05 - Turning movement,0
17-5640,POULIN AVE @ RICHMOND RD,360325.34495,5024899.84490,-75.79123630360,45.36184362980,2017-06-20,8:24:00 AM,01 - Clear,01 - Daylight,01 - Dry,01 - Traffic signal,01 - Functioning,02 - Non-fatal injury,99 - Other,0
17-5641,REGIONAL ROAD 174 btwn OR174 IC105 RAMP16 & OR174 IC105 RAMP26,379289.49211,5036973.57739,-75.54736929310,45.46871644710,2017-06-20,8:35:00 AM,01 - Clear,01 - Daylight,01 - Dry,10 - No control,,03 - P.D. only,03 - Rear end,0
17-5642,BLAIR RD @ INNES RD,375578.69781,5031439.67035,-75.59561573740,45.41931157630,2017-06-20,8:35:00 AM,01 - Clear,01 - Daylight,01 - Dry,01 - Traffic signal,01 - Functioning,03 - P.D. only,04 - Sideswipe,0
17-5643,RUSSELL AVE @ TEMPLETON ST,369362.37884,5031686.57900,-75.67500454610,45.42213442720,2017-06-20,10:10:00 AM,01 - Clear,01 - Daylight,01 - Dry,02 - Stop sign,01 - Functioning,03 - P.D. only,02 - Angle,0
17-5644,MARCH RD btwn PETER ROBINSON RD & CORKERY RD,335840.38683,5016039.44582,-76.10432408280,45.28362513880,2017-06-16,10:10:00 PM,01 - Clear,07 - Dark,01 - Dry,10 - No control,,03 - P.D. only,07 - SMV other,0
17-5645,BASELINE RD @ MERIVALE RD,365055.69974,5025326.85269,-75.73080798990,45.36529515070,2017-06-19,4:30:00 PM,01 - Clear,01 - Daylight,01 - Dry,01 - Traffic signal,01 - Functioning,03 - P.D. only,04 - Sideswipe,0
17-5646,MACKENZIE KING BR/WALLER ST @ NICHOLAS ST/WALL,368372.04414,5031992.68767,-75.68761851570,45.42497938200,2017-06-20,11:06:00 AM,01 - Clear,01 - Daylight,01 - Dry,01 - Traffic signal,01 - Functioning,03 - P.D. only,04 - Sideswipe,0
17-5647,MANOTICK STATION RD btwn HERBERTS CORNERS RD & SNAKE ISLAND RD,376785.33706,5005708.05277,-75.58393629750,45.18766593850,2017-06-19,9:30:00 PM,02 - Rain,07 - Dark,02 - Wet,10 - No control,,03 - P.D. only,07 - SMV other,0
17-5648,KING EDWARD AVE SB btwn GUIGUES AVE & ST. PATRICK ST,368228.29996,5032857.03362,-75.68934389870,45.43276950900,2017-06-20,8:30:00 AM,01 - Clear,01 - Daylight,01 - Dry,10 - No control,,03 - P.D. only,03 - Rear end,0
17-5649,HERON RD @ KALADAR AVE,369684.72006,5026804.53760,-75.67152827360,45.37817770420,2017-06-20,9:50:00 AM,01 - Clear,01 - Daylight,01 - Dry,01 - Traffic signal,01 - Functioning,03 - P.D. only,03 - Rear end,0
17-5650,MAITLAND AVE/GLENMOUNT AVE @ ERINDALE DR,363698.18741,5025210.83574,-75.74814957700,45.36436662640,2017-06-20,12:25:00 PM,01 - Clear,01 - Daylight,01 - Dry,01 - Traffic signal,01 - Functioning,03 - P.D. only,04 - Sideswipe,0
17-5651,CENTREPOINTE DR @ TALLWOOD DR,362670.35855,5022576.49950,-75.76157729630,45.34074869040,2017-06-20,12:28:00 PM,01 - Clear,01 - Daylight,01 - Dry,01 - Traffic signal,01 - Functioning,02 - Non-fatal injury,02 - Angle,0
17-5652,ST. LAURENT BLVD btwn INDUSTRIAL AVE & BOURASSA ST,373120.12874,5029957.40616,-75.62723215920,45.40621926430,2017-06-20,12:58:00 PM,01 - Clear,01 - Daylight,01 - Dry,10 - No control,,02 - Non-fatal injury,07 - SMV other,0
17-5653,HOLLAND AVE btwn ARMSTRONG ST & WELLINGTON ST W,364903.37261,5029212.60251,-75.73227924790,45.40027147450,2017-06-07,1:28:00 PM,01 - Clear,01 - Daylight,01 - Dry,10 - No control,,03 - P.D. only,99 - Other,0
17-5654,HOLLAND AVE btwn ARMSTRONG ST & WELLINGTON ST W,364915.32013,5029188.33701,-75.73212960980,45.40005211300,2017-06-07,12:00:00 AM,01 - Clear,00 - Unknown,01 - Dry,10 - No control,,03 - P.D. only,06 - SMV unattended vehicle,0
17-5655,LAURIER AVE   W btwn ELGIN ST & QUEEN ELIZABETH DRWY/LAURIER AVE WB ON,368054.45350,5031612.28439,-75.69172541650,45.42158543380,2017-06-20,2:19:00 PM,01 - Clear,01 - Daylight,01 - Dry,10 - No control,,03 - P.D. only,03 - Rear end,0
17-5656,GREENBANK RD @ MALVERN DR/FOXFIELD DR,363311.68636,5016194.43321,-75.75414832260,45.28326986510,2017-06-20,2:30:00 PM,01 - Clear,01 - Daylight,01 - Dry,01 - Traffic signal,01 - Functioning,03 - P.D. only,05 - Turning movement,0
17-5657,CARLING AVE @ HOLLAND AVE,365417.03315,5028040.55349,-75.72586269730,45.38968135110,2017-06-20,4:18:00 PM,01 - Clear,01 - Daylight,01 - Dry,01 - Traffic signal,01 - Functioning,03 - P.D. only,02 - Angle,0
17-5658,HOLLAND AVE btwn INGLEWOOD PL & CARLING AVE,365361.42914,5028164.40604,-75.72655754830,45.39080056000,2017-06-20,5:09:00 PM,01 - Clear,01 - Daylight,01 - Dry,10 - No control,,03 - P.D. only,04 - Sideswipe,0
17-5659,MERIVALE RD @ FAMILY BROWN LANE,365005.39997,5023386.02849,-75.73168640320,45.34783622510,2017-06-20,5:26:00 PM,01 - Clear,01 - Daylight,01 - Dry,01 - Traffic signal,01 - Functioning,02 - Non-fatal injury,05 - Turning movement,0
17-5660,LAURIER AVE @ WALLER ST/TRANSITWAY,368454.52419,5031858.88364,-75.68658190760,45.42376795920,2017-06-20,5:59:00 PM,01 - Clear,01 - Daylight,01 - Dry,01 - Traffic signal,01 - Functioning,03 - P.D. only,04 - Sideswipe,0
17-5661,WEST HUNT CLUB RD @ WOODROFFE AVE,363669.71308,5021246.77192,-75.74898485080,45.32870075630,2017-06-20,6:03:00 PM,01 - Clear,01 - Daylight,01 - Dry,01 - Traffic signal,01 - Functioning,03 - P.D. only,04 - Sideswipe,0
17-5662,MEADOWLANDS DR btwn NE/OT BOUNDARY & FISHER AVE,366565.36590,5025040.09483,-75.71157405410,45.36258356020,2017-06-20,6:30:00 PM,01 - Clear,01 - Daylight,01 - Dry,10 - No control,,03 - P.D. only,03 - Rear end,0
17-5663,LEWIS ST @ METCALFE ST,368120.69725,5030924.38855,-75.69096742860,45.41538998480,2017-06-20,2:00:00 PM,01 - Clear,01 - Daylight,01 - Dry,02 - Stop sign,01 - Functioning,03 - P.D. only,04 - Sideswipe,0
17-5664,EAGLESON RD @ HAZELDEAN RD/ROBERTSON RD,353673.95935,5018424.46000,-75.87677318670,45.30407232490,2017-06-20,7:41:00 PM,01 - Clear,01 - Daylight,01 - Dry,01 - Traffic signal,01 - Functioning,02 - Non-fatal injury,03 - Rear end,0
17-5665,BASELINE RD @ CENTREPOINTE DR E/HIGHGATE RD,362060.68326,5023465.50530,-75.76925316890,45.34879794540,2017-06-20,7:44:00 PM,01 - Clear,01 - Daylight,01 - Dry,01 - Traffic signal,01 - Functioning,03 - P.D. only,03 - Rear end,0
17-5666,RIDEAU ST btwn CUMBERLAND ST & KING EDWARD AVE,368441.07542,5032369.97227,-75.68668770990,45.42836777700,2017-06-20,10:41:00 PM,01 - Clear,07 - Dark,01 - Dry,10 - No control,,02 - Non-fatal injury,07 - SMV other,1
17-5667,CASTLEFRANK RD @ KATIMAVIK RD,351949.44956,5018943.51590,-75.89871302830,45.30886078910,2017-06-20,10:27:00 PM,01 - Clear,07 - Dark,01 - Dry,01 - Traffic signal,01 - Functioning,03 - P.D. only,02 - Angle,0
17-5668,CENTURY RD S @ MCCORDICK RD S,360470.41745,5003121.85012,-75.79182531910,45.16587116030,2017-06-20,10:44:00 PM,01 - Clear,07 - Dark,01 - Dry,02 - Stop sign,01 - Functioning,02 - Non-fatal injury,02 - Angle,0
17-5669,FALLOWFIELD RD @ GREENBANK RD,363080.16620,5016732.45530,-75.75703607860,45.28813023000,2017-06-20,11:27:00 PM,01 - Clear,07 - Dark,01 - Dry,01 - Traffic signal,01 - Functioning,03 - P.D. only,02 - Angle,0
17-5670,FALLOWFIELD RD @ MOODIE DR,359496.05784,5014633.43535,-75.80295460060,45.26953106980,2017-06-21,6:57:00 AM,01 - Clear,01 - Daylight,01 - Dry,01 - Traffic signal,01 - Functioning,03 - P.D. only,04 - Sideswipe,0
17-5671,FALLOWFIELD RD btwn STEEPLE HILL CRES & MOODIE DR,358969.31317,5014361.24568,-75.80969661980,45.26712263620,2017-06-21,7:52:00 AM,01 - Clear,01 - Daylight,01 - Dry,10 - No control,,03 - P.D. only,03 - Rear end,0
17-5672,HALYARD WAY btwn BRETTONWOOD RIDGE & CLONRUSH WAY,349087.88000,5018525.09930,-75.93524157160,45.30528203140,2017-06-21,8:58:00 AM,01 - Clear,01 - Daylight,01 - Dry,10 - No control,,03 - P.D. only,06 - SMV unattended vehicle,0
17-5673,BANK ST btwn BELMONT AVE & GROVE AVE,368838.73634,5028383.44644,-75.68212414260,45.39246208370,2017-06-21,9:05:00 AM,01 - Clear,01 - Daylight,01 - Dry,10 - No control,,03 - P.D. only,05 - Turning movement,0
17-5674,DUNNING RD btwn DEVINE RD & RUSSLAND RD,397537.68277,5024742.84949,-75.31634333880,45.35649645280,2017-06-13,7:05:00 AM,01 - Clear,01 - Daylight,01 - Dry,10 - No control,,03 - P.D. only,07 - SMV other,0
17-5675,WALLER ST btwn BESSERER ST & DALY AVE,368329.91264,5032145.45968,-75.68813715130,45.42635779840,2017-06-21,9:43:00 AM,01 - Clear,01 - Daylight,01 - Dry,10 - No control,,02 - Non-fatal injury,04 - Sideswipe,0
17-5676,BANK ST @ JOHNSTON RD,370852.06495,5024838.85900,-75.65688761900,45.36038210720,2017-06-21,11:29:00 AM,01 - Clear,01 - Daylight,01 - Dry,01 - Traffic signal,01 - Functioning,02 - Non-fatal injury,05 - Turning movement,0
17-5677,BANTREE ST @ INNES RD,373706.72654,5030407.89319,-75.61967648130,45.41021502750,2017-06-21,12:03:00 PM,01 - Clear,01 - Daylight,01 - Dry,01 - Traffic signal,01 - Functioning,03 - P.D. only,03 - Rear end,0
17-5678,GARFIELD AVE @ MAITLAND AVE,363343.04461,5025562.28621,-75.75264103500,45.36755868650,2017-06-21,12:22:00 PM,01 - Clear,01 - Daylight,01 - Dry,01 - Traffic signal,01 - Functioning,03 - P.D. only,04 - Sideswipe,0
17-5679,BEARBROOK RD/ROCKCLIFFE PKWY @ ST. JOSEPH BLVD,377128.39985,5035239.59200,-75.57525847330,45.45334235960,2017-06-21,12:20:00 PM,01 - Clear,01 - Daylight,01 - Dry,01 - Traffic signal,01 - Functioning,03 - P.D. only,03 - Rear end,0
17-5680,SWALE RD btwn DEVEREAUX RD & SPRINGHILL RD,381632.78213,5004580.78784,-75.52243150800,45.17701182130,2017-06-21,12:35:00 PM,01 - Clear,01 - Daylight,01 - Dry,10 - No control,,03 - P.D. only,07 - SMV other,0
17-5681,BYRON AVE @ WAVELL AVE,362190.42744,5027365.16890,-75.76714457660,45.38387616160,2017-06-21,1:42:00 PM,01 - Clear,01 - Daylight,01 - Dry,02 - Stop sign,01 - Functioning,03 - P.D. only,02 - Angle,0
17-5682,ST. JOSEPH BLVD/OLD MONTREAL RD @ TRIM RD,384676.95234,5039286.53174,-75.47810470210,45.48893083860,2017-06-21,1:59:00 PM,01 - Clear,01 - Daylight,01 - Dry,11 - Roundabout,01 - Functioning,02 - Non-fatal injury,03 - Rear end,0
17-5683,COLONEL BY DR/MACKENZIE AVE @ DALY AVE,368004.38384,5031903.24221,-75.69232782000,45.42420789900,2017-06-21,2:35:00 PM,01 - Clear,01 - Daylight,01 - Dry,01 - Traffic signal,01 - Functioning,03 - P.D. only,03 - Rear end,0
17-5684,OR174 IC109 RAMP54 btwn REGIONAL ROAD 174 & ST. JOSEPH BLVD,376565.29130,5034919.18776,-75.58250381000,45.45051762450,2017-06-21,2:54:00 PM,01 - Clear,01 - Daylight,01 - Dry,10 - No control,,02 - Non-fatal injury,07 - SMV other,0
17-5685,HAWTHORNE AVE/ISABELLA ST @ QUEEN ELIZABETH DR,368666.05174,5030476.96104,-75.68405825840,45.41131462120,2017-06-21,3:25:00 PM,01 - Clear,01 - Daylight,01 - Dry,01 - Traffic signal,01 - Functioning,03 - P.D. only,03 - Rear end,0
17-5686,LIMEBANK RD @ SPRATT RD,369777.50880,5016879.74840,-75.67164660310,45.28886828310,2017-06-21,3:45:00 PM,01 - Clear,01 - Daylight,01 - Dry,01 - Traffic signal,01 - Functioning,03 - P.D. only,02 - Angle,0
17-5687,RICHMOND RD btwn CROYDON AVE & ASSALY RD,360663.78761,5025460.30708,-75.78685316250,45.36685975340,2017-06-21,3:44:00 PM,01 - Clear,01 - Daylight,01 - Dry,10 - No control,,03 - P.D. only,03 - Rear end,0
17-5688,COOPER ST @ O'CONNOR ST,367810.38344,5031084.23321,-75.69491139820,45.41685622740,2017-06-21,4:13:00 PM,01 - Clear,01 - Daylight,01 - Dry,02 - Stop sign,00 - Unknown,02 - Non-fatal injury,05 - Turning movement,0
17-5689,PRINCE OF WALES DR @ NORMANDY CRES S/KOCHAR DR,367445.70566,5024562.52120,-75.70039826960,45.35820834070,2017-06-21,4:12:00 PM,01 - Clear,01 - Daylight,01 - Dry,01 - Traffic signal,01 - Functioning,03 - P.D. only,03 - Rear end,0
17-5690,CARLING AVE @ KIRKWOOD AVE N,364275.11187,5027494.07084,-75.74051067350,45.38486210210,2017-06-21,4:30:00 PM,01 - Clear,01 - Daylight,01 - Dry,01 - Traffic signal,01 - Functioning,03 - P.D. only,05 - Turning movement,0
17-5691,WEST HUNT CLUB RD WB btwn CEDARVIEW RD & GREENBANK RD,359932.72422,5019684.24359,-75.79682873950,45.31494457770,2017-06-21,4:40:00 PM,01 - Clear,01 - Daylight,01 - Dry,10 - No control,,03 - P.D. only,03 - Rear end,0
17-5692,SCOTT ST btwn CARLETON AVE & WESTERN AVE,364151.81705,5029235.29609,-75.74187553950,45.40053978480,2017-06-21,4:35:00 PM,01 - Clear,01 - Daylight,01 - Dry,10 - No control,,02 - Non-fatal injury,03 - Rear end,0
17-5693,PRIMROSE AVE btwn PRESTON ST & ROCHESTER ST,366324.49069,5030397.81125,-75.71398063440,45.41081222620,2017-06-21,12:00:00 AM,01 - Clear,00 - Unknown,01 - Dry,10 - No control,,03 - P.D. only,06 - SMV unattended vehicle,0
17-5694,MARIONVILLE RD btwn BANK ST & BOUNDARY RD(MOUNTAIN TWP),388167.91383,5001194.17317,-75.43986193250,45.14579908910,2017-06-21,12:30:00 AM,02 - Rain,07 - Dark,02 - Wet,10 - No control,,03 - P.D. only,07 - SMV other,0
17-5695,HWY 417 INNES IC112R57 @ INNES RD,374299.34106,5030754.54868,-75.61205751840,45.41327545950,2017-06-21,4:54:00 PM,01 - Clear,01 - Daylight,01 - Dry,01 - Traffic signal,01 - Functioning,03 - P.D. only,03 - Rear end,0
17-5696,HUNT CLUB RD WB btwn 275 E OF HAWTHORNE RD/OC TRANSPO TURNAROUND & HAWTHORNE RD,375692.82300,5026522.24100,-75.59486437210,45.37505558730,2017-06-21,4:59:00 PM,01 - Clear,01 - Daylight,01 - Dry,10 - No control,,02 - Non-fatal injury,06 - SMV unattended vehicle,0
17-5697,MITCH OWENS RD @ OLD PRESCOTT RD,377087.75966,5015549.11980,-75.57865857630,45.27618193320,2017-06-21,4:15:00 PM,01 - Clear,01 - Daylight,01 - Dry,01 - Traffic signal,01 - Functioning,03 - P.D. only,99 - Other,0
17-5698,HUNT CLUB RD @ RIVERSIDE DR,368038.37524,5021946.16740,-75.69316878090,45.33461374820,2017-06-21,5:05:00 PM,01 - Clear,01 - Daylight,01 - Dry,01 - Traffic signal,01 - Functioning,03 - P.D. only,03 - Rear end,0
17-5699,GREENBANK RD @ 207 S OF BELLMAN DR/GREENBANK S,361336.67626,5020828.14840,-75.77879334930,45.32512580150,2017-06-21,4:40:00 PM,01 - Clear,01 - Daylight,01 - Dry,01 - Traffic signal,01 - Functioning,03 - P.D. only,05 - Turning movement,0
17-5700,BLACKBURN BYPASS @ NAVAN RD,379617.41265,5033274.56230,-75.54373881540,45.43540041570,2017-06-21,5:13:00 PM,01 - Clear,01 - Daylight,01 - Dry,01 - Traffic signal,01 - Functioning,03 - P.D. only,03 - Rear end,0
17-5701,BESSERER ST @ WALLER ST,368315.48084,5032191.37562,-75.68831563860,45.42677224410,2017-06-21,5:17:00 PM,01 - Clear,01 - Daylight,01 - Dry,01 - Traffic signal,01 - Functioning,03 - P.D. only,04 - Sideswipe,0
17-5702,JUNCTION AVE btwn GREGG ST & BROOKFIELD RD,369246.22838,5026479.85938,-75.67716888520,45.37529681760,2017-06-21,5:00:00 PM,01 - Clear,01 - Daylight,01 - Dry,10 - No control,,03 - P.D. only,06 - SMV unattended vehicle,0
17-5703,REGIONAL ROAD 174 EB btwn HWY417 IC113 RAMP65 & OR174 BLAIR IC112 RAMP51,374672.08510,5032724.52075,-75.60701641850,45.43096309440,2017-06-21,5:32:00 PM,01 - Clear,01 - Daylight,01 - Dry,10 - No control,,03 - P.D. only,03 - Rear end,0
17-5704,COOPER ST @ ELGIN ST,368120.71734,5031271.58890,-75.69092255870,45.41851397600,2017-06-21,5:41:00 PM,01 - Clear,01 - Daylight,01 - Dry,01 - Traffic signal,01 - Functioning,03 - P.D. only,02 - Angle,0
17-5705,DALY AVE @ CHARLOTTE ST,369334.97931,5032723.02189,-75.67521882320,45.43146247180,2017-06-21,5:42:00 PM,01 - Clear,01 - Daylight,01 - Dry,02 - Stop sign,01 - Functioning,03 - P.D. only,02 - Angle,0
17-5706,ST. JOSEPH BLVD btwn COUSINEAU ST & DUSSERE ST,380759.10961,5037064.46478,-75.52856330360,45.46937589810,2017-06-21,5:49:00 PM,01 - Clear,01 - Daylight,01 - Dry,10 - No control,,03 - P.D. only,05 - Turning movement,0
17-5707,EARL ARMSTRONG RD @ RIVER RD,367573.05295,5014683.72860,-75.70002461530,45.26930905820,2017-06-21,5:52:00 PM,01 - Clear,01 - Daylight,01 - Dry,01 - Traffic signal,01 - Functioning,03 - P.D. only,03 - Rear end,0
17-5708,COLONNADE RD @ MERIVALE RD,365365.88564,5022542.11656,-75.72718979840,45.34021178580,2017-06-21,6:16:00 PM,01 - Clear,01 - Daylight,01 - Dry,01 - Traffic signal,01 - Functioning,03 - P.D. only,04 - Sideswipe,0
17-5709,TERRY FOX DR @ EDGEWATER ST/WALTER BAKER PL,351777.94265,5017612.78140,-75.90102620730,45.29689799470,2017-06-21,6:46:00 PM,01 - Clear,01 - Daylight,01 - Dry,01 - Traffic signal,01 - Functioning,03 - P.D. only,03 - Rear end,0
17-5710,BOOTH ST btwn MIDDLE ST & VIMY PLACE PRIV,366223.78877,5031111.03573,-75.71517816290,45.41723846930,2017-06-21,7:04:00 PM,01 - Clear,01 - Daylight,01 - Dry,10 - No control,,03 - P.D. only,03 - Rear end,0
17-5711,BANK ST btwn FOXBAR AVE & ST. PAUL AVE,370491.71222,5025587.59712,-75.66138726020,45.36715287530,2017-06-21,9:43:00 PM,01 - Clear,07 - Dark,01 - Dry,10 - No control,,03 - P.D. only,03 - Rear end,0
17-5712,KING EDWARD AVE @ OSGOODE ST/THOMAS MORE PRIV,368849.58552,5031851.00512,-75.68153510340,45.42366101070,2017-06-21,9:56:00 PM,01 - Clear,07 - Dark,01 - Dry,01 - Traffic signal,01 - Functioning,03 - P.D. only,04 - Sideswipe,0
17-5713,LAFONTAINE AVE @ LEVIS AVE,370922.04375,5033236.91980,-75.65486872180,45.43593804530,2017-06-21,11:45:00 PM,01 - Clear,07 - Dark,01 - Dry,02 - Stop sign,01 - Functioning,02 - Non-fatal injury,03 - Rear end,0
17-5714,MERIVALE RD btwn CAPITAL DR & MACFARLANE RD,366143.66737,5020654.86443,-75.71750024960,45.32316297620,2017-06-22,7:29:00 AM,01 - Clear,01 - Daylight,01 - Dry,10 - No control,,03 - P.D. only,05 - Turning movement,0
17-5715,BANK ST @ ORVILLE KEMP ST,375212.76258,5021967.11204,-75.60164161080,45.33411896130,2017-06-22,7:41:00 AM,01 - Clear,01 - Daylight,01 - Dry,02 - Stop sign,01 - Functioning,02 - Non-fatal injury,03 - Rear end,0
17-5716,BAYVIEW RD/BURNSIDE AVE @ SLIDELL ST,365163.60834,5030242.60033,-75.72882937910,45.40951676750,2017-06-22,7:52:00 AM,01 - Clear,01 - Daylight,01 - Dry,11 - Roundabout,01 - Functioning,02 - Non-fatal injury,04 - Sideswipe,0
17-5717,MARCH VALLEY RD btwn KLONDIKE RD & Continuation of MARCH VALLEY RD,350299.72687,5024964.37243,-75.91919690980,45.36314666780,2017-06-22,8:07:00 AM,01 - Clear,01 - Daylight,01 - Dry,10 - No control,,03 - P.D. only,07 - SMV other,0
17-5718,LOLA ST @ DONALD ST,371094.68434,5032359.40950,-75.65278052650,45.42802624940,2017-06-22,8:35:00 AM,01 - Clear,01 - Daylight,01 - Dry,01 - Traffic signal,01 - Functioning,03 - P.D. only,01 - Approaching,0
17-5719,GREENBANK RD btwn FALLOWFIELD RD & LARKIN DR,363091.04359,5016709.71283,-75.75690009580,45.28792469060,2017-06-22,8:53:00 AM,01 - Clear,01 - Daylight,01 - Dry,10 - No control,,02 - Non-fatal injury,05 - Turning movement,0
17-5720,MITCH OWENS RD btwn RIVER RD & SPRATT RD,369538.70813,5010794.07760,-75.67548360490,45.23413219570,2017-06-22,9:16:00 AM,01 - Clear,01 - Daylight,01 - Dry,10 - No control,,03 - P.D. only,05 - Turning movement,0
17-5721,MACKENZIE KING BR/WALLER ST @ NICHOLAS ST/WALL,368371.61657,5031990.84758,-75.68762421560,45.42496286430,2017-06-22,9:53:00 AM,01 - Clear,01 - Daylight,01 - Dry,01 - Traffic signal,01 - Functioning,03 - P.D. only,03 - Rear end,0
17-5722,CARLING AVE @ HWY 417 CARLING IC124R67,364332.78082,5027521.24005,-75.73977103760,45.38510166780,2017-06-21,2:30:00 PM,01 - Clear,01 - Daylight,01 - Dry,03 - Yield sign,01 - Functioning,03 - P.D. only,04 - Sideswipe,0
17-5723,REDPATH DR btwn BREEZEWAY DR & DYLAN WAY,366738.01290,5016471.94014,-75.71044216190,45.28547330040,2017-06-22,10:48:00 AM,01 - Clear,01 - Daylight,00 - Unknown,10 - No control,,03 - P.D. only,05 - Turning movement,0
17-5724,COOPER ST @ O'CONNOR ST,367808.86974,5031085.52988,-75.69493057120,45.41686803100,2017-06-22,10:58:00 AM,01 - Clear,01 - Daylight,01 - Dry,02 - Stop sign,01 - Functioning,03 - P.D. only,04 - Sideswipe,0
17-5725,HALTON TERR/MAXWELL BRIDGE RD @ MARCH RD,348932.06642,5024423.10153,-75.93670254010,45.35836363110,2017-06-22,10:59:00 AM,01 - Clear,01 - Daylight,01 - Dry,01 - Traffic signal,01 - Functioning,03 - P.D. only,99 - Other,0
17-5726,PORTOBELLO BLVD/SPRINGRIDGE DR S @ TRIM RD,385689.57160,5038070.48210,-75.46535231260,45.47787342940,2017-06-22,11:00:00 AM,01 - Clear,01 - Daylight,01 - Dry,01 - Traffic signal,01 - Functioning,03 - P.D. only,03 - Rear end,0
17-5727,PRETORIA AVE btwn METCALFE ST & ELGIN ST,368516.84239,5030346.54322,-75.68598119490,45.41015476610,2017-06-22,11:54:00 AM,01 - Clear,01 - Daylight,01 - Dry,10 - No control,,03 - P.D. only,02 - Angle,0
17-5728,BELFAST RD btwn ST. LAURENT BLVD & TRIOLE ST,372879.57568,5030588.75204,-75.63021760310,45.41192326180,2017-06-22,12:28:00 PM,01 - Clear,01 - Daylight,01 - Dry,10 - No control,,03 - P.D. only,02 - Angle,0
17-5729,STILL WATER DR btwn HARROGATE PL & ERSKINE PL,357373.07909,5023095.84277,-75.82911021580,45.34583875290,2017-06-20,3:00:00 PM,01 - Clear,01 - Daylight,01 - Dry,10 - No control,,03 - P.D. only,06 - SMV unattended vehicle,0
17-5730,BAY ST @ SPARKS ST,366857.70184,5031280.92749,-75.70705793220,45.41871116830,2017-06-22,1:22:00 PM,01 - Clear,01 - Daylight,01 - Dry,01 - Traffic signal,01 - Functioning,02 - Non-fatal injury,05 - Turning movement,0
17-5731,MERIVALE RD @ WEST HUNT CLUB RD,365613.02965,5021942.49820,-75.72411026320,45.33479512040,2017-06-22,1:51:00 PM,01 - Clear,01 - Daylight,01 - Dry,01 - Traffic signal,01 - Functioning,03 - P.D. only,03 - Rear end,0
17-5732,DES EPINETTES AVE @ PRESTWICK DR,383333.08906,5036664.56960,-75.49571373280,45.46549332260,2017-06-22,2:15:00 PM,01 - Clear,01 - Daylight,01 - Dry,02 - Stop sign,01 - Functioning,03 - P.D. only,02 - Angle,0
17-5733,MAIN ST btwn MASON TER & TURN LANE,369393.36145,5029633.08837,-75.67487779680,45.40365500220,2017-06-22,3:53:00 PM,01 - Clear,01 - Daylight,01 - Dry,10 - No control,,02 - Non-fatal injury,03 - Rear end,0