COLLISION_ID,LOCATION,X,Y,LONGITUDE,LATITUDE,DATE,TIME,ENVIRONMENT,LIGHT,SURFACE_CONDITION,TRAFFIC_CONTROL,TRAFFIC_CONTROL_CONDITION,COLLISION_CLASSIFICATION,IMPACT_TYPE,NO_OF_PEDESTRIANS
17-5734,DALY AVE @ NICHOLAS ST,368227.16552,5032046.30596,-75.68946281540,45.42547497260,2017-06-22,9:00:00 AM,01 - Clear,01 - Daylight,01 - Dry,01 - Traffic signal,00 - Unknown,03 - P.D. only,04 - Sideswipe,0
17-5735,CONROY RD @ WALKLEY RD,372904.37035,5027463.03192,-75.63033242130,45.38379700170,2017-06-22,5:14:00 PM,01 - Clear,01 - Daylight,01 - Dry,01 - Traffic signal,01 - Functioning,03 - P.D. only,04 - Sideswipe,0
17-5736,BANK ST @ HUNT CLUB RD,371609.44956,5024096.01468,-75.64732155530,45.35362647770,2017-06-22,5:20:00 PM,01 - Clear,01 - Daylight,01 - Dry,01 - Traffic signal,01 - Functioning,03 - P.D. only,04 - Sideswipe,0
17-5737,INNES RD EB btwn INNES RD & INNES RD W,377077.08557,5032175.12126,-75.57636446210,45.42577552570,2017-06-22,3:41:00 PM,01 - Clear,01 - Daylight,01 - Dry,10 - No control,,03 - P.D. only,04 - Sideswipe,0
17-5738,LAURIER AVE   W btwn O'CONNOR ST & METCALFE ST,367743.28904,5031421.61258,-75.69572548630,45.41989789690,2017-06-22,5:49:00 PM,01 - Clear,01 - Daylight,01 - Dry,10 - No control,,03 - P.D. only,99 - Other,0
17-5739,RICHMOND RD btwn NORTHSIDE RD & NORTHSIDE RD (2),358307.78429,5021204.32615,-75.81738773640,45.32874810530,2017-06-22,6:58:00 PM,01 - Clear,01 - Daylight,01 - Dry,10 - No control,,03 - P.D. only,04 - Sideswipe,0
17-5740,EAGLESON RD @ FERNBANK RD,354798.29485,5015588.09360,-75.86272275850,45.27847098200,2017-06-22,10:13:00 PM,01 - Clear,07 - Dark,01 - Dry,01 - Traffic signal,01 - Functioning,03 - P.D. only,05 - Turning movement,0
17-5741,"EGLISE, RUE DE L @ MONTREAL RD",371156.70686,5033634.92479,-75.65181607930,45.43949688370,2017-06-23,1:18:00 AM,02 - Rain,07 - Dark,02 - Wet,01 - Traffic signal,01 - Functioning,02 - Non-fatal injury,03 - Rear end,0
17-5742,COLONEL BY DR btwn HAWTHORNE AVE & MAIN ST,368762.73602,5030544.40527,-75.68281441080,45.41191263190,2017-06-23,2:16:00 AM,02 - Rain,07 - Dark,02 - Wet,10 - No control,,03 - P.D. only,02 - Angle,0
17-5743,RIVERSIDE DR NB btwn BILLINGS BRIDGE SC RAMP SB & BANK ST,369270.69683,5027858.53277,-75.67667647370,45.38769944570,2017-06-22,10:30:00 PM,01 - Clear,07 - Dark,01 - Dry,10 - No control,,03 - P.D. only,03 - Rear end,0
17-5744,ST. JOSEPH BLVD @ JEANNE D'ARC BLVD,379859.73916,5036473.58759,-75.54015390270,45.46415687770,2017-06-23,7:46:00 AM,02 - Rain,01 - Daylight,02 - Wet,11 - Roundabout,01 - Functioning,03 - P.D. only,03 - Rear end,0
17-5745,KING EDWARD AVE @ ST. PATRICK ST,368249.22027,5032823.45076,-75.68908087780,45.43246544530,2017-06-23,7:59:00 AM,02 - Rain,01 - Daylight,02 - Wet,01 - Traffic signal,01 - Functioning,02 - Non-fatal injury,04 - Sideswipe,0
17-5746,GREENBANK RD @ STRANDHERD DR,363935.35614,5014783.74830,-75.74636710780,45.27052432100,2017-06-23,8:09:00 AM,02 - Rain,01 - Daylight,02 - Wet,01 - Traffic signal,01 - Functioning,03 - P.D. only,03 - Rear end,0
17-5747,BELFAST RD btwn TREMBLAY RD & TRAINYARDS DR,371793.21452,5030943.49889,-75.64404712800,45.41521996030,2017-06-23,8:47:00 AM,02 - Rain,01 - Daylight,02 - Wet,10 - No control,,03 - P.D. only,02 - Angle,0
17-5748,MONTREAL RD btwn AVIATION PKWY & DEN HAAG DR (1),372183.26634,5034125.40852,-75.63862872790,45.44381183060,2017-06-23,8:45:00 AM,02 - Rain,01 - Daylight,02 - Wet,10 - No control,,03 - P.D. only,04 - Sideswipe,0
17-5749,OLD TENTH LINE RD/OR174 IC101 RAMP63 @ ST. JOS,383118.33098,5038786.39248,-75.49812139840,45.48460768060,2017-06-23,8:51:00 AM,02 - Rain,01 - Daylight,02 - Wet,01 - Traffic signal,01 - Functioning,02 - Non-fatal injury,02 - Angle,0
17-5750,MONTREAL RD @ BATHGATE DR/BURMA RD,373225.23190,5034516.59220,-75.62525626230,45.44723028000,2017-06-23,9:14:00 AM,02 - Rain,01 - Daylight,02 - Wet,01 - Traffic signal,01 - Functioning,03 - P.D. only,05 - Turning movement,0
17-5751,JOHN SUTHERLAND DR @ RICHMOND RD,358787.66824,5022151.16290,-75.81116290080,45.33723103700,2017-06-23,10:04:00 AM,02 - Rain,01 - Daylight,02 - Wet,01 - Traffic signal,01 - Functioning,02 - Non-fatal injury,03 - Rear end,0
17-5752,CENTER ST @ MONTREAL RD,371820.70476,5033950.91880,-75.64328665200,45.44227671090,2017-06-23,10:42:00 AM,01 - Clear,01 - Daylight,01 - Dry,02 - Stop sign,01 - Functioning,03 - P.D. only,05 - Turning movement,0
17-5753,BRONSON AVE btwn CLEMOW AVE & CARLING AVE,367432.65683,5029369.00682,-75.69995508460,45.40145704880,2017-06-19,12:45:00 PM,01 - Clear,01 - Daylight,01 - Dry,10 - No control,,03 - P.D. only,02 - Angle,0
17-5754,HAWTHORNE RD btwn LEITRIM RD & LOUISEIZE RD,377404.99519,5021823.91993,-75.57369672280,45.33260718650,2017-06-23,11:36:00 AM,02 - Rain,01 - Daylight,02 - Wet,10 - No control,,03 - P.D. only,05 - Turning movement,0
17-5755,QUEEN ST @ LYON ST,367018.44118,5031287.79422,-75.70500341670,45.41875867700,2017-06-23,12:30:00 PM,01 - Clear,01 - Daylight,02 - Wet,01 - Traffic signal,01 - Functioning,03 - P.D. only,04 - Sideswipe,0
17-5756,RENAUD RD @ SADDLERIDGE DR,381580.83510,5032591.70000,-75.51875393120,45.42904371980,2017-06-15,7:20:00 AM,01 - Clear,01 - Daylight,01 - Dry,02 - Stop sign,01 - Functioning,03 - P.D. only,99 - Other,0
17-5757,CENTREPOINTE DR btwn HEMMINGWOOD WAY & Continuation of CENTREPOINTE DR,362355.48969,5023158.50997,-75.76552695780,45.34601149020,2017-06-23,12:55:00 PM,02 - Rain,01 - Daylight,02 - Wet,10 - No control,,02 - Non-fatal injury,04 - Sideswipe,0
17-5758,MERIVALE RD btwn WOODFIELD DR & 170 N OF WEST HUNT CLUB RD/COSTCO SC,365474.40679,5022273.08084,-75.72583820430,45.33778166040,2017-06-23,1:44:00 PM,01 - Clear,01 - Daylight,01 - Dry,10 - No control,,02 - Non-fatal injury,03 - Rear end,0
17-5759,WOODROFFE AVE btwn GEORGINA DR & HWY417 IC127 RAMP36,361926.07456,5025335.06769,-75.77075481670,45.36563111620,2017-06-23,1:50:00 PM,01 - Clear,01 - Daylight,01 - Dry,10 - No control,,03 - P.D. only,03 - Rear end,0
17-5760,MERIVALE RD @ 210 S OF MEADOWLANDS DR,364944.06657,5023530.00149,-75.73245153210,45.34913693700,2017-06-23,2:39:00 PM,01 - Clear,01 - Daylight,01 - Dry,01 - Traffic signal,01 - Functioning,03 - P.D. only,04 - Sideswipe,0
17-5761,HUNT CLUB RD @ RIVERSIDE DR,368036.36855,5021946.16740,-75.69319437970,45.33461392910,2017-06-23,3:01:00 PM,01 - Clear,01 - Daylight,01 - Dry,01 - Traffic signal,00 - Unknown,03 - P.D. only,03 - Rear end,0
17-5762,RIVERSIDE DR @ BROOKFIELD RD/HOG'S BACK RD,368168.31250,5026223.42376,-75.69096291980,45.37308778840,2017-06-23,9:50:00 AM,02 - Rain,01 - Daylight,02 - Wet,01 - Traffic signal,01 - Functioning,03 - P.D. only,03 - Rear end,0
17-5763,MACLAREN ST @ O'CONNOR ST,367900.04935,5030940.57700,-75.69378423720,45.41555557500,2017-06-23,3:11:00 PM,01 - Clear,01 - Daylight,01 - Dry,02 - Stop sign,00 - Unknown,02 - Non-fatal injury,07 - SMV other,1
17-5764,ST. LAURENT BLVD btwn SHORE ST & BELFAST RD,372830.95821,5030658.16066,-75.63082908690,45.41255249700,2017-06-23,3:32:00 PM,01 - Clear,01 - Daylight,01 - Dry,10 - No control,,03 - P.D. only,03 - Rear end,0
17-5765,REGIONAL ROAD 174 btwn OR174 IC112 RAMP36 & OR174 IC112 RAMP26,374725.85664,5032787.02183,-75.60632041310,45.43152006950,2017-06-23,8:20:00 AM,02 - Rain,01 - Daylight,02 - Wet,10 - No control,,02 - Non-fatal injury,03 - Rear end,0
17-5766,EAGLESON RD @ COPE DR/CADENCE GT,354620.95675,5016028.09610,-75.86493879810,45.28244281430,2017-06-23,4:01:00 PM,01 - Clear,01 - Daylight,01 - Dry,01 - Traffic signal,01 - Functioning,03 - P.D. only,02 - Angle,0
17-5767,TERRY FOX DR btwn CASTLEFRANK RD & TRANS CANADA TRAIL,353058.55749,5016225.87813,-75.88483409130,45.28433150430,2017-06-23,4:19:00 PM,01 - Clear,01 - Daylight,01 - Dry,10 - No control,,03 - P.D. only,03 - Rear end,0
17-5768,PRESTON ST @ SIDNEY ST,366809.95224,5028986.00710,-75.70795665240,45.39806635420,2017-06-23,4:43:00 PM,01 - Clear,01 - Daylight,01 - Dry,02 - Stop sign,01 - Functioning,03 - P.D. only,02 - Angle,0
17-5769,BROADVIEW AVE @ DOVERCOURT AVE,362984.34511,5027116.14451,-75.75703673090,45.38156997990,2017-06-23,4:52:00 PM,01 - Clear,01 - Daylight,02 - Wet,02 - Stop sign,01 - Functioning,03 - P.D. only,04 - Sideswipe,0
17-5770,BRONSON AVE @ CARLING AVE/GLEBE AVE,367449.37924,5029334.89310,-75.69974583370,45.40114860730,2017-06-22,7:10:00 PM,01 - Clear,01 - Daylight,01 - Dry,01 - Traffic signal,01 - Functioning,03 - P.D. only,03 - Rear end,0
17-5771,ANALDEA DR/ WHITE ALDER AVE @ BANK ST,375698.08435,5020812.82040,-75.59561573120,45.32368426010,2017-06-23,5:53:00 PM,02 - Rain,01 - Daylight,02 - Wet,01 - Traffic signal,01 - Functioning,03 - P.D. only,03 - Rear end,0
17-5772,HUNT CLUB RD btwn NORTH BOWESVILLE RD & BILLY BISHOP PRIV,368767.39967,5022373.70126,-75.68381314960,45.33839452400,2017-06-23,5:54:00 PM,02 - Rain,01 - Daylight,02 - Wet,10 - No control,,03 - P.D. only,03 - Rear end,0
17-5773,ST. JOSEPH BLVD @ TENTH LINE RD,382890.46935,5038667.12170,-75.50105481340,45.48356011780,2017-06-23,5:40:00 PM,02 - Rain,01 - Daylight,02 - Wet,01 - Traffic signal,01 - Functioning,03 - P.D. only,03 - Rear end,0
17-5774,SECOND AVE @ BRONSON AVE,367519.96858,5029162.68242,-75.69886614570,45.39959278450,2017-06-23,6:32:00 PM,02 - Rain,01 - Daylight,02 - Wet,02 - Stop sign,01 - Functioning,03 - P.D. only,05 - Turning movement,0
17-5775,TERRY FOX DR btwn HWY417 IC140 RAMP16 & HWY417 IC140 RAMP35,350937.88119,5018561.56708,-75.91164821210,45.30549109550,2017-06-23,7:17:00 PM,01 - Clear,01 - Daylight,01 - Dry,10 - No control,,02 - Non-fatal injury,03 - Rear end,0
17-5776,FISHER AVE @ MEADOWLANDS DR,366576.06824,5025046.11490,-75.71143670120,45.36263678480,2017-06-24,7:46:00 AM,01 - Clear,01 - Daylight,01 - Dry,01 - Traffic signal,01 - Functioning,02 - Non-fatal injury,02 - Angle,0
17-5777,ALASKEN DR btwn KELLY FARM DR & NO NAME,375501.18360,5019954.08389,-75.59824968790,45.31597754860,2017-06-23,12:00:00 AM,01 - Clear,00 - Unknown,01 - Dry,10 - No control,,03 - P.D. only,06 - SMV unattended vehicle,0
17-5778,PINECREST RD btwn RICHMOND RD & FALLIS AVE,360090.50307,5024419.54318,-75.79428748750,45.35754044940,2017-06-24,10:30:00 AM,01 - Clear,01 - Daylight,01 - Dry,10 - No control,,03 - P.D. only,04 - Sideswipe,0
17-5779,PRESTONE DR @ ST. JOSEPH BLVD,382326.07885,5038274.92269,-75.50833540240,45.48009436490,2017-06-24,11:00:00 AM,01 - Clear,01 - Daylight,01 - Dry,01 - Traffic signal,01 - Functioning,02 - Non-fatal injury,05 - Turning movement,0
17-5780,MAPLE GROVE RD @ TERRY FOX DR,351553.27415,5017863.79560,-75.90386693080,45.29917167350,2017-06-24,11:51:00 AM,01 - Clear,01 - Daylight,01 - Dry,01 - Traffic signal,01 - Functioning,03 - P.D. only,03 - Rear end,0
17-5781,HERON RD @ ALTA VISTA DR,370492.38795,5026902.53710,-75.66120374210,45.37898420850,2017-06-24,12:08:00 PM,01 - Clear,01 - Daylight,01 - Dry,01 - Traffic signal,01 - Functioning,03 - P.D. only,03 - Rear end,0
17-5782,CARLING AVE @ BAYSHORE DR/BIRCHDALE AVE,359004.53655,5023989.27431,-75.80819461140,45.35375368430,2017-06-24,12:30:00 PM,01 - Clear,01 - Daylight,01 - Dry,01 - Traffic signal,01 - Functioning,03 - P.D. only,03 - Rear end,0
17-5783,INNES RD @ ORLEANS BLVD,380460.46065,5034297.74079,-75.53280784580,45.44451549410,2017-06-22,4:30:00 PM,01 - Clear,01 - Daylight,01 - Dry,01 - Traffic signal,01 - Functioning,03 - P.D. only,03 - Rear end,0
17-5784,COVENTRY RD @ VANIER PKWY,370676.46292,5031611.70300,-75.65822464290,45.42133821500,2017-06-24,2:45:00 PM,01 - Clear,01 - Daylight,01 - Dry,01 - Traffic signal,01 - Functioning,03 - P.D. only,02 - Angle,0
17-5785,ST. JOSEPH BLVD @ JEANNE D'ARC BLVD,379862.41474,5036471.58090,-75.54012000030,45.46413853550,2017-06-24,1:40:00 PM,01 - Clear,01 - Daylight,01 - Dry,11 - Roundabout,01 - Functioning,03 - P.D. only,04 - Sideswipe,0
17-5786,BANK ST @ RIVERSIDE DR S,369305.05155,5027892.54621,-75.67623334550,45.38800232430,2017-06-24,2:28:00 PM,01 - Clear,01 - Daylight,01 - Dry,01 - Traffic signal,01 - Functioning,03 - P.D. only,03 - Rear end,0
17-5787,KENT ST @ SOMERSET ST,367528.37344,5030815.56490,-75.69854850470,45.41446417350,2017-06-24,3:13:00 PM,01 - Clear,01 - Daylight,01 - Dry,01 - Traffic signal,01 - Functioning,03 - P.D. only,02 - Angle,0
17-5788,ELGIN ST @ SLATER ST,367889.70436,5031647.24400,-75.69382591750,45.42191486540,2017-06-24,3:24:00 PM,01 - Clear,01 - Daylight,01 - Dry,01 - Traffic signal,01 - Functioning,03 - P.D. only,02 - Angle,0
17-5789,MCRAE AVE btwn SCOTT ST & RICHMOND RD,363516.07185,5028705.18468,-75.75005856620,45.39582354390,2017-06-22,12:00:00 AM,01 - Clear,00 - Unknown,01 - Dry,10 - No control,,03 - P.D. only,06 - SMV unattended vehicle,0
17-5790,RIVERDALE AVE btwn ECHO DR & GLENVIEW AVE,369173.45796,5029172.13185,-75.67774674320,45.39952772790,2017-06-24,4:26:00 PM,01 - Clear,01 - Daylight,01 - Dry,10 - No control,,03 - P.D. only,05 - Turning movement,0
17-5791,MAXIME ST @ CYRVILLE RD,374824.81262,5031172.91847,-75.60528532650,45.41698734520,2017-06-24,4:36:00 PM,01 - Clear,01 - Daylight,01 - Dry,02 - Stop sign,01 - Functioning,02 - Non-fatal injury,07 - SMV other,1
17-5792,MARCH RD @ RICHARDSON SIDE RD,351413.61286,5021780.15140,-75.90527907510,45.33442126200,2017-06-24,4:55:00 PM,01 - Clear,01 - Daylight,01 - Dry,01 - Traffic signal,01 - Functioning,03 - P.D. only,03 - Rear end,0
17-5793,COUNTRY MEADOW DR btwn BEARHILL RD & COUNTRY CARRIAGE WAY,337950.22537,5018858.90614,-76.07724192390,45.30889975190,2017-06-24,5:06:00 PM,01 - Clear,01 - Daylight,01 - Dry,10 - No control,,02 - Non-fatal injury,07 - SMV other,0
17-5794,RIVERSIDE DR NB btwn HWY417 IC117 RAMP25 & VANIER PKWY,370821.81054,5031124.26910,-75.65643289380,45.41693878490,2017-06-24,5:25:00 PM,01 - Clear,01 - Daylight,01 - Dry,10 - No control,,03 - P.D. only,03 - Rear end,0
17-5795,MEADOWLANDS DR @ MERIVALE RD,364857.02766,5023726.17930,-75.73353838250,45.35090957720,2017-06-23,8:40:00 PM,01 - Clear,05 - Dusk,01 - Dry,01 - Traffic signal,01 - Functioning,03 - P.D. only,03 - Rear end,0
17-5796,MOODIE DR @ WEST HUNT CLUB RD,357908.65504,5018499.12460,-75.82276919320,45.30443675960,2017-06-24,7:15:00 PM,02 - Rain,01 - Daylight,02 - Wet,01 - Traffic signal,01 - Functioning,03 - P.D. only,03 - Rear end,0
17-5797,EAGLESON RD @ FALLOWFIELD RD,355963.30634,5012595.74349,-75.84818272340,45.25146133120,2017-06-24,7:46:00 PM,02 - Rain,01 - Daylight,02 - Wet,01 - Traffic signal,01 - Functioning,03 - P.D. only,05 - Turning movement,0
17-5798,HERZBERG RD btwn TERRY FOX DR & Continuation of HERZBERG RD (2),351656.94095,5023167.37587,-75.90204335430,45.34688757400,2017-06-24,7:45:00 PM,02 - Rain,01 - Daylight,02 - Wet,10 - No control,,03 - P.D. only,07 - SMV other,0
17-5799,DUNROBIN RD btwn KINBURN SIDE RD & VANCES SIDE RD,338315.36169,5035608.74338,-76.07144825660,45.45960360120,2017-06-25,1:05:00 AM,01 - Clear,07 - Dark,01 - Dry,10 - No control,,03 - P.D. only,07 - SMV other,0
17-5800,DONNELLY DR btwn MERLYN WILSON RD & MCCORDICK RD,369666.28373,4991203.68651,-75.67640136870,45.05784491830,2017-06-25,1:13:00 AM,01 - Clear,07 - Dark,01 - Dry,10 - No control,,03 - P.D. only,07 - SMV other,0
17-5801,YORK ST WB btwn BYWARD MARKE SQ & SUSSEX DR,367827.39263,5032277.86244,-75.69454138140,45.42759457430,2017-06-25,2:04:00 AM,01 - Clear,07 - Dark,01 - Dry,10 - No control,,02 - Non-fatal injury,07 - SMV other,1
17-5802,HERON RD @ WALKLEY RD,372266.84065,5027081.44791,-75.63852465600,45.38042535240,2017-06-25,2:48:00 AM,01 - Clear,07 - Dark,01 - Dry,01 - Traffic signal,01 - Functioning,03 - P.D. only,07 - SMV other,0
17-5803,RAMSAYVILLE RD btwn RIDEAU RD & MITCH OWENS RD,380944.76600,5018502.02223,-75.52905289360,45.30234348890,2017-06-25,3:15:00 AM,01 - Clear,07 - Dark,01 - Dry,10 - No control,,03 - P.D. only,07 - SMV other,0
17-5804,REGIONAL ROAD 174 btwn OR174 IC109 RAMP64 & OR174 IC105 RAMP16,376594.96127,5035291.03289,-75.58207026180,45.45386019930,2017-06-25,4:32:00 AM,01 - Clear,07 - Dark,01 - Dry,10 - No control,,03 - P.D. only,07 - SMV other,0
17-5805,LISGAR ST @ METCALFE ST,367915.58441,5031251.69718,-75.69354592080,45.41835353200,2017-06-25,7:37:00 AM,01 - Clear,01 - Daylight,01 - Dry,01 - Traffic signal,01 - Functioning,03 - P.D. only,02 - Angle,0
17-5806,INDUSTRIAL AVE @ ALTA VISTA DR/SANDFORD FLEMIN,370886.39604,5030556.23221,-75.65568393780,45.41182172360,2017-06-25,7:41:00 AM,01 - Clear,01 - Daylight,01 - Dry,01 - Traffic signal,01 - Functioning,03 - P.D. only,02 - Angle,0
17-5807,LAUZON ST btwn SUNLAND DR & SUNLAND DR,384745.44876,5037168.75374,-75.47757324070,45.46986927950,2017-06-25,8:23:00 AM,01 - Clear,01 - Daylight,01 - Dry,10 - No control,,03 - P.D. only,07 - SMV other,0
17-5808,FISHER AVE btwn 220 S OF TRENT ST & MCCOOEY LANE,365891.05726,5026677.70348,-75.71997817940,45.37737753320,2017-06-25,11:04:00 AM,01 - Clear,01 - Daylight,01 - Dry,10 - No control,,02 - Non-fatal injury,03 - Rear end,0
17-5809,CEDARVIEW RD @ HWY 416 WESTHUNT IC72R42,359597.51811,5019762.50510,-75.80109503260,45.31567501880,2017-06-25,11:46:00 AM,02 - Rain,01 - Daylight,02 - Wet,10 - No control,00 - Unknown,02 - Non-fatal injury,03 - Rear end,0
17-5810,EASTVALE DR S @ OGILVIE RD,375466.23827,5035022.96716,-75.59653816900,45.45156336090,2017-06-25,10:30:00 AM,01 - Clear,01 - Daylight,01 - Dry,01 - Traffic signal,01 - Functioning,02 - Non-fatal injury,03 - Rear end,0
17-5811,MCARTHUR AVE @ VANIER PKWY,370218.54309,5032690.32428,-75.66393209270,45.43108617970,2017-06-24,4:15:00 PM,02 - Rain,01 - Daylight,02 - Wet,01 - Traffic signal,01 - Functioning,03 - P.D. only,04 - Sideswipe,0
17-5812,PENDRA WAY btwn WINDANCE CRES & MAXWELL BRIDGE RD,349213.06115,5024697.96049,-75.93309142690,45.36081912780,2017-06-25,12:00:00 AM,01 - Clear,00 - Unknown,01 - Dry,10 - No control,,03 - P.D. only,06 - SMV unattended vehicle,0
17-5813,BASELINE RD @ GREENBANK RD,360598.01875,5022585.16910,-75.78801717430,45.34099458680,2017-06-25,12:58:00 PM,02 - Rain,01 - Daylight,02 - Wet,01 - Traffic signal,01 - Functioning,02 - Non-fatal injury,03 - Rear end,0
17-5814,KEDEY ST @ CREEK DR,326980.36943,5036968.30830,-76.21632209690,45.47228929610,2017-06-25,1:15:00 PM,01 - Clear,01 - Daylight,02 - Wet,02 - Stop sign,01 - Functioning,03 - P.D. only,02 - Angle,0
17-5815,TENTH LINE RD btwn OLD TENTH LINE RD & TOMPKINS AVE,383110.10471,5038197.10827,-75.49832058160,45.47930676280,2017-06-25,1:40:00 PM,02 - Rain,01 - Daylight,02 - Wet,10 - No control,,03 - P.D. only,03 - Rear end,0
17-5816,ST. JOSEPH BLVD @ TENTH LINE RD,382886.41734,5038663.60159,-75.50110720030,45.48352890040,2017-06-25,1:20:00 PM,02 - Rain,01 - Daylight,02 - Wet,01 - Traffic signal,01 - Functioning,03 - P.D. only,03 - Rear end,0
17-5817,HUNTMAR DR @ PALLADIUM DR S,349677.27884,5017364.76750,-75.92783096760,45.29480360520,2017-06-25,2:19:00 PM,01 - Clear,01 - Daylight,01 - Dry,01 - Traffic signal,01 - Functioning,03 - P.D. only,03 - Rear end,0
17-5818,FRANK KENNY RD btwn GIROUX RD & COLONIAL RD,389886.81529,5032833.53296,-75.41258142190,45.43025835220,2017-06-25,3:20:00 PM,02 - Rain,01 - Daylight,02 - Wet,10 - No control,,03 - P.D. only,07 - SMV other,0
17-5819,MARKETPLACE AVE @ RIOCAN AVE,364286.54245,5014762.93279,-75.74189440460,45.27030740460,2017-06-25,2:45:00 PM,06 - Strong wind,01 - Daylight,02 - Wet,02 - Stop sign,01 - Functioning,03 - P.D. only,07 - SMV other,0
17-5820,ABBOTT ST W @ WEST RIDGE DR,349644.78874,5012784.41530,-75.92865891270,45.25359009530,2017-06-25,4:13:00 PM,02 - Rain,01 - Daylight,02 - Wet,02 - Stop sign,01 - Functioning,02 - Non-fatal injury,03 - Rear end,0
17-5821,WEST HUNT CLUB RD @ CLEOPATRA DR/LANCELOT DR,365235.28373,5021732.86363,-75.72895493550,45.33294148940,2017-06-25,4:20:00 PM,01 - Clear,01 - Daylight,01 - Dry,01 - Traffic signal,01 - Functioning,03 - P.D. only,04 - Sideswipe,0
17-5822,8TH LINE RD @ PARKWAY RD,383165.52916,5016891.99652,-75.50099387320,45.28761323820,2017-06-25,6:16:00 PM,01 - Clear,01 - Daylight,02 - Wet,02 - Stop sign,01 - Functioning,02 - Non-fatal injury,02 - Angle,0
17-5823,CARLING AVE EB btwn PINECREST RD & RICHMOND RD,360124.58293,5024690.03147,-75.79382226010,45.35997160780,2017-06-25,6:23:00 PM,01 - Clear,01 - Daylight,02 - Wet,10 - No control,,03 - P.D. only,04 - Sideswipe,0
17-5824,TEMPLETON ST btwn GOULBURN AVE & MARLBOROUGH AVE,369613.61440,5031840.92168,-75.67177422020,45.42349991220,2017-06-24,12:00:00 AM,01 - Clear,00 - Unknown,01 - Dry,10 - No control,,03 - P.D. only,06 - SMV unattended vehicle,0
17-5825,REGIONAL ROAD 174 btwn TRANSIT & OR174 IC105 RAMP51,376976.08956,5035629.03694,-75.57714839920,45.45686207430,2017-06-25,7:32:00 PM,01 - Clear,01 - Daylight,02 - Wet,10 - No control,,02 - Non-fatal injury,03 - Rear end,0
17-5826,BRIAN COBURN BLVD @ TENTH LINE RD,384428.33890,5035022.30790,-75.48197576030,45.45059377220,2017-06-25,11:28:00 PM,01 - Clear,07 - Dark,02 - Wet,01 - Traffic signal,01 - Functioning,03 - P.D. only,07 - SMV other,0
17-5827,PRINCE OF WALES DR @ STRANDHERD DR,367174.95535,5014822.85321,-75.70507997640,45.27059631210,2017-06-26,7:11:00 AM,01 - Clear,01 - Daylight,01 - Dry,01 - Traffic signal,01 - Functioning,02 - Non-fatal injury,02 - Angle,0
17-5828,MITCH OWENS RD @ STAGECOACH RD,375398.75136,5014484.45820,-75.60033445280,45.26677406090,2017-06-26,7:54:00 AM,01 - Clear,01 - Daylight,01 - Dry,01 - Traffic signal,01 - Functioning,02 - Non-fatal injury,03 - Rear end,0
17-5829,RIVERSIDE DR @ TREMBLAY RD/HWY417 IC117 RAMP52,370801.74365,5031015.23900,-75.65670386550,45.41595966980,2017-06-26,8:09:00 AM,01 - Clear,01 - Daylight,01 - Dry,01 - Traffic signal,01 - Functioning,03 - P.D. only,03 - Rear end,0
17-5830,ALBION RD @ MITCH OWENS RD,375907.39206,5014803.49216,-75.59380779250,45.26959338660,2017-06-26,8:37:00 AM,01 - Clear,01 - Daylight,01 - Dry,01 - Traffic signal,01 - Functioning,02 - Non-fatal injury,05 - Turning movement,0
17-5831,CARLING AVE @ PRESTON ST,366829.37555,5028934.88450,-75.70771501300,45.39760464600,2017-06-26,8:54:00 AM,01 - Clear,01 - Daylight,01 - Dry,01 - Traffic signal,00 - Unknown,02 - Non-fatal injury,05 - Turning movement,0
17-5832,PRESLAND RD @ VANIER PKWY,370432.11856,5031751.63700,-75.66132791670,45.42262025010,2017-06-26,10:19:00 AM,01 - Clear,01 - Daylight,01 - Dry,01 - Traffic signal,01 - Functioning,02 - Non-fatal injury,03 - Rear end,0
17-5833,SPRATT RD @ CANYON WALK DR/GOLDENEYE WAY,368671.04365,5016145.10850,-75.68584528600,45.28235951920,2017-06-26,10:40:00 AM,01 - Clear,01 - Daylight,01 - Dry,02 - Stop sign,01 - Functioning,03 - P.D. only,02 - Angle,0
17-5834,BRIAN COBURN BLVD btwn STRASBOURG ST & TENTH LINE RD,384307.22322,5034967.59931,-75.48353278480,45.45011534250,2017-06-26,11:06:00 AM,01 - Clear,01 - Daylight,01 - Dry,10 - No control,,02 - Non-fatal injury,03 - Rear end,0
17-5835,DRIVEWAY (THE) @ PRINCE OF WALES DR,366884.04615,5028136.87740,-75.70711720550,45.39041954040,2017-06-26,11:08:00 AM,01 - Clear,01 - Daylight,01 - Dry,11 - Roundabout,01 - Functioning,03 - P.D. only,03 - Rear end,0
17-5836,REGIONAL ROAD 174 btwn OR174 IC105 RAMP25 & OR174 IC102 RAMP51,380456.89200,5037591.61787,-75.53234662420,45.47415159980,2017-06-26,12:36:00 PM,01 - Clear,01 - Daylight,01 - Dry,10 - No control,,02 - Non-fatal injury,07 - SMV other,0
17-5837,ELGIN ST @ WELLINGTON ST W,367667.03234,5031874.47267,-75.69664199020,45.42397944030,2017-06-26,3:42:00 PM,01 - Clear,01 - Daylight,01 - Dry,01 - Traffic signal,01 - Functioning,03 - P.D. only,04 - Sideswipe,0