COLLISION_ID,LOCATION,X,Y,LONGITUDE,LATITUDE,DATE,TIME,ENVIRONMENT,LIGHT,SURFACE_CONDITION,TRAFFIC_CONTROL,TRAFFIC_CONTROL_CONDITION,COLLISION_CLASSIFICATION,IMPACT_TYPE,NO_OF_PEDESTRIANS
17-5838,MERIVALE RD/LOTTA AVE @ CLYDE AVE,364521.17326,5024509.52370,-75.73772962590,45.35798668780,2017-06-26,12:16:00 PM,01 - Clear,01 - Daylight,01 - Dry,01 - Traffic signal,01 - Functioning,03 - P.D. only,03 - Rear end,0
17-5839,MERIVALE RD @ 210 S OF MEADOWLANDS DR,364944.01485,5023529.19721,-75.73245228960,45.34912970440,2017-06-26,12:34:00 PM,01 - Clear,01 - Daylight,01 - Dry,01 - Traffic signal,01 - Functioning,02 - Non-fatal injury,03 - Rear end,0
17-5840,ST. LAURENT BLVD @ WALKLEY RD,373903.75344,5028048.19289,-75.61749025340,45.38896413990,2017-06-26,11:20:00 AM,01 - Clear,01 - Daylight,01 - Dry,01 - Traffic signal,01 - Functioning,03 - P.D. only,03 - Rear end,0
17-5841,HAIG DR @ SMYTH RD,372565.72824,5029298.54840,-75.63440417180,45.40034504540,2017-06-26,1:57:00 PM,01 - Clear,01 - Daylight,01 - Dry,01 - Traffic signal,01 - Functioning,02 - Non-fatal injury,02 - Angle,0
17-5842,BANK ST @ DAVIDSON RD/LESTER RD,373673.07255,5022923.51300,-75.62115021360,45.34287711410,2017-06-26,2:37:00 PM,01 - Clear,01 - Daylight,01 - Dry,01 - Traffic signal,01 - Functioning,02 - Non-fatal injury,03 - Rear end,0
17-5843,EDGEWATER ST btwn TERRY FOX DR & HAZELDEAN RD,351989.17086,5017660.39888,-75.89832864250,45.29731231430,2017-06-26,3:06:00 PM,01 - Clear,01 - Daylight,01 - Dry,10 - No control,,03 - P.D. only,02 - Angle,0
17-5844,BANK ST @ SUNNYSIDE AVE,368735.05866,5028581.61750,-75.68342245430,45.39425463880,2017-06-25,9:30:00 AM,01 - Clear,01 - Daylight,01 - Dry,01 - Traffic signal,00 - Unknown,03 - P.D. only,04 - Sideswipe,0
17-5845,GREENBANK RD btwn LARKIN DR & MALVERN DR,363221.15951,5016401.43668,-75.75527780480,45.28514001520,2017-06-26,3:45:00 PM,01 - Clear,01 - Daylight,01 - Dry,10 - No control,,03 - P.D. only,04 - Sideswipe,0
17-5846,HWY 417 INNES IC112R57 @ INNES RD,374299.72472,5030754.19273,-75.61205266820,45.41327221830,2017-06-26,3:56:00 PM,01 - Clear,01 - Daylight,01 - Dry,01 - Traffic signal,01 - Functioning,03 - P.D. only,03 - Rear end,0
17-5847,UPPER LORNE PL btwn SOMERSET ST W & END,366611.67069,5030397.40431,-75.71031210530,45.41078325870,2017-06-26,1:00:00 PM,01 - Clear,01 - Daylight,01 - Dry,10 - No control,,03 - P.D. only,06 - SMV unattended vehicle,0
17-5848,GEORGE ST @ WILLIAM ST,368048.97544,5032232.85110,-75.69171572720,45.42716957600,2017-06-26,4:58:00 PM,01 - Clear,01 - Daylight,01 - Dry,01 - Traffic signal,00 - Unknown,03 - P.D. only,02 - Angle,0
17-5849,TRIM RD btwn PORTOBELLO BLVD & FRENETTE ST,385742.96911,5038014.88688,-75.46467858550,45.47736705130,2017-06-26,5:27:00 PM,01 - Clear,01 - Daylight,01 - Dry,10 - No control,,03 - P.D. only,03 - Rear end,0
17-5850,COLONEL BY DR/SUSSEX DR @ RIDEAU ST,367921.37459,5032044.14180,-75.69337041110,45.42548316110,2017-06-26,6:01:00 PM,01 - Clear,01 - Daylight,01 - Dry,01 - Traffic signal,01 - Functioning,03 - P.D. only,05 - Turning movement,0
17-5851,WEST HUNT CLUB RD @ 545 E OF ROYDON PL/SUNDERLAND ST,366349.53509,5022405.38573,-75.71465678580,45.33889589430,2017-06-26,6:12:00 PM,01 - Clear,01 - Daylight,01 - Dry,01 - Traffic signal,01 - Functioning,03 - P.D. only,03 - Rear end,0
17-5852,BASELINE RD btwn LOBLAWS SC & MERIVALE RD,364769.07250,5025147.55680,-75.73448835000,45.36370645480,2017-06-26,6:27:00 PM,01 - Clear,01 - Daylight,01 - Dry,10 - No control,,03 - P.D. only,03 - Rear end,0
17-5853,ALICE ST @ LANDRY ST,369559.70856,5033491.58671,-75.67224590130,45.43835693460,2017-06-26,6:33:00 PM,01 - Clear,01 - Daylight,01 - Dry,02 - Stop sign,01 - Functioning,03 - P.D. only,06 - SMV unattended vehicle,0
17-5854,BANK ST btwn FIRST AVE & SECOND AVE,368302.02509,5029637.14095,-75.68881670040,45.40379131740,2017-06-26,6:38:00 PM,01 - Clear,01 - Daylight,01 - Dry,10 - No control,,03 - P.D. only,99 - Other,0
17-5855,MURRAY ST btwn DALHOUSIE ST & CUMBERLAND ST,368127.00597,5032650.44355,-75.69066494350,45.43091986600,2017-06-26,12:00:00 AM,01 - Clear,00 - Unknown,01 - Dry,10 - No control,,03 - P.D. only,06 - SMV unattended vehicle,0
17-5856,STRANDHERD DR @ LONGFIELDS DR,364547.89754,5015174.50932,-75.73851442490,45.27398861400,2017-06-26,8:10:00 PM,01 - Clear,01 - Daylight,01 - Dry,01 - Traffic signal,01 - Functioning,02 - Non-fatal injury,02 - Angle,0
17-5857,COLONEL BY DR @ HAWTHORNE AVE/PRETORIA BRIDGE,368767.37575,5030526.90469,-75.68275741010,45.41175474340,2017-06-26,9:31:00 PM,01 - Clear,07 - Dark,01 - Dry,01 - Traffic signal,01 - Functioning,03 - P.D. only,04 - Sideswipe,0
17-5858,ROGER STEVENS DR btwn MALAKOFF RD & MCCORDICK RD,362311.56459,4996202.83470,-75.76920191290,45.10346430670,2017-06-26,9:30:00 PM,02 - Rain,07 - Dark,02 - Wet,10 - No control,,03 - P.D. only,07 - SMV other,0
17-5859,BANK ST @ FIFTH AVE,368397.71006,5029400.55830,-75.68762504150,45.40165393470,2017-06-26,10:42:00 PM,02 - Rain,07 - Dark,02 - Wet,01 - Traffic signal,01 - Functioning,03 - P.D. only,03 - Rear end,0
17-5860,TWIN ELM RD btwn BARNSDALE RD & BROPHY DR,360299.35289,5007550.56801,-75.79350845440,45.20573533180,2017-06-27,5:57:00 AM,01 - Clear,01 - Daylight,01 - Dry,10 - No control,,02 - Non-fatal injury,07 - SMV other,0
17-5861,LENNOX ST btwn BURKE ST & OTTAWA ST,357524.54159,5005161.77025,-75.82908118250,45.18445324640,2017-06-27,3:30:00 AM,01 - Clear,07 - Dark,01 - Dry,10 - No control,,03 - P.D. only,06 - SMV unattended vehicle,0
17-5862,NIXON DR/ROGER STEVENS DR @ RIVER RD,373169.68670,5002762.63224,-75.63034601250,45.16152307410,2017-06-27,6:17:00 AM,01 - Clear,01 - Daylight,01 - Dry,02 - Stop sign,01 - Functioning,03 - P.D. only,02 - Angle,0
17-5863,PRESTON ST btwn GEORGE ST W & ABERDEEN ST,366621.46952,5029411.04152,-75.71031060650,45.40190736990,2017-06-26,5:40:00 PM,01 - Clear,01 - Daylight,01 - Dry,10 - No control,,03 - P.D. only,06 - SMV unattended vehicle,0
17-5864,GREENBANK RD btwn VIEWBANK RD & PRINCE OF WALES DR,366109.47131,5009679.92777,-75.71929166460,45.22441398020,2017-06-26,9:00:00 PM,02 - Rain,05 - Dusk,02 - Wet,10 - No control,,03 - P.D. only,07 - SMV other,0
17-5865,BOOTH ST @ RAYMOND ST,366859.69556,5029641.56150,-75.70723885810,45.40396044770,2017-06-27,7:59:00 AM,01 - Clear,01 - Daylight,01 - Dry,01 - Traffic signal,01 - Functioning,03 - P.D. only,03 - Rear end,0
17-5866,BANK ST @ SURREY AVE,370385.82301,5025809.30270,-75.66270945200,45.36915762800,2017-06-27,8:07:00 AM,01 - Clear,01 - Daylight,01 - Dry,02 - Stop sign,00 - Unknown,03 - P.D. only,05 - Turning movement,0
17-5867,BLAIR RD btwn BEAVERPOND DR & INNES RD,375564.35363,5031470.99323,-75.59579450070,45.41959485230,2017-06-27,8:50:00 AM,01 - Clear,01 - Daylight,01 - Dry,10 - No control,,03 - P.D. only,03 - Rear end,0
17-5868,MERIVALE RD @ SLACK RD,366020.03475,5020955.49300,-75.71903999170,45.32587878800,2017-06-27,9:04:00 AM,01 - Clear,01 - Daylight,01 - Dry,01 - Traffic signal,00 - Unknown,03 - P.D. only,03 - Rear end,0
17-5869,EAGLESON RD btwn FLEWELLYN RD & FAULKNER TR,355526.23735,5013736.59491,-75.85363413960,45.26175863480,2017-06-27,10:17:00 AM,01 - Clear,01 - Daylight,01 - Dry,10 - No control,,03 - P.D. only,03 - Rear end,0
17-5870,REGIONAL ROAD 174 btwn OR174 IC109 RAMP86 & OR174 IC109 RAMP64,376502.65358,5035102.40413,-75.58327780240,45.45217251640,2017-06-27,10:50:00 AM,01 - Clear,01 - Daylight,01 - Dry,10 - No control,,03 - P.D. only,07 - SMV other,0
17-5871,HUNT CLUB RD btwn CAHILL DR & LORRY GREENBERG DR,372421.24953,5024550.32963,-75.63689971330,45.35763642690,2017-06-27,12:23:00 PM,01 - Clear,01 - Daylight,01 - Dry,10 - No control,,03 - P.D. only,04 - Sideswipe,0
17-5872,EARL ARMSTRONG RD @ RIVER RD,367573.05295,5014685.73529,-75.70002436160,45.26932711430,2017-06-26,3:30:00 PM,01 - Clear,01 - Daylight,01 - Dry,01 - Traffic signal,01 - Functioning,02 - Non-fatal injury,03 - Rear end,0
17-5873,SMYTH RD @ SOUTH HAVEN PL/GENERAL HOSPITAL ENTRANCE W,371120.98205,5029136.28501,-75.65287819720,45.39902341550,2017-06-27,12:44:00 PM,01 - Clear,01 - Daylight,01 - Dry,01 - Traffic signal,01 - Functioning,03 - P.D. only,05 - Turning movement,0
17-5874,SMYTH RD @ SOUTH HAVEN PL/GENERAL HOSPITAL ENTRANCE W,371121.76252,5029137.84594,-75.65286802030,45.39903738600,2017-06-27,1:43:00 PM,02 - Rain,01 - Daylight,02 - Wet,01 - Traffic signal,01 - Functioning,03 - P.D. only,05 - Turning movement,0
17-5875,POULIN AVE @ RICHMOND RD,360325.34495,5024899.84490,-75.79123630360,45.36184362980,2017-06-27,1:50:00 PM,01 - Clear,01 - Daylight,01 - Dry,01 - Traffic signal,01 - Functioning,03 - P.D. only,05 - Turning movement,0
17-5876,ALERT RD/AIRPORT PKWY/UPLANDS DR RAMP 62 @ LES,371307.15759,5021354.09812,-75.65154782710,45.32898427700,2017-06-27,2:07:00 PM,02 - Rain,01 - Daylight,02 - Wet,01 - Traffic signal,01 - Functioning,03 - P.D. only,03 - Rear end,0
17-5877,ALBION RD btwn RIDEAU RD & TULLAMORE ST,375543.83778,5015640.05478,-75.59832115260,45.27715717130,2017-06-27,2:37:00 PM,01 - Clear,01 - Daylight,02 - Wet,10 - No control,,03 - P.D. only,07 - SMV other,0
17-5878,VIEWMOUNT DR @ MERIVALE RD,365193.36265,5022947.82650,-75.72934143380,45.34387718350,2017-06-26,6:30:00 PM,01 - Clear,01 - Daylight,01 - Dry,01 - Traffic signal,01 - Functioning,03 - P.D. only,03 - Rear end,0
17-5879,BANK ST @ CECIL AVE,369945.22190,5026989.54550,-75.66817803420,45.37981817240,2017-06-27,3:16:00 PM,01 - Clear,01 - Daylight,01 - Dry,02 - Stop sign,01 - Functioning,03 - P.D. only,02 - Angle,0
17-5880,NEPEAN ST @ O'CONNOR ST,367721.34786,5031225.62766,-75.69603084420,45.41813646190,2017-06-27,4:08:00 PM,01 - Clear,01 - Daylight,01 - Dry,02 - Stop sign,01 - Functioning,02 - Non-fatal injury,05 - Turning movement,0
17-5881,BYRON AVE @ HOLLAND AVE,365015.20980,5028959.57460,-75.73088173280,45.39798517430,2017-06-27,4:50:00 PM,02 - Rain,01 - Daylight,02 - Wet,02 - Stop sign,01 - Functioning,02 - Non-fatal injury,05 - Turning movement,0
17-5882,CARLING AVE @ CLYDE AVE/COLE AVE,363520.18110,5026850.54210,-75.75022674870,45.37913541980,2017-06-27,2:30:00 PM,01 - Clear,01 - Daylight,01 - Dry,01 - Traffic signal,01 - Functioning,03 - P.D. only,05 - Turning movement,0
17-5883,WOODROFFE AVE btwn HWY417 IC127 RAMP63 & HWY417 IC127 RAMP35,362114.27384,5024862.81249,-75.76840732280,45.36136644010,2017-06-27,5:49:00 PM,01 - Clear,01 - Daylight,01 - Dry,10 - No control,,03 - P.D. only,03 - Rear end,0
17-5884,RIDGEWOOD AVE @ RIVERSIDE DR,368281.70804,5025611.53899,-75.68959395330,45.36757194560,2017-06-27,7:31:00 PM,01 - Clear,01 - Daylight,01 - Dry,01 - Traffic signal,01 - Functioning,03 - P.D. only,03 - Rear end,0
17-5885,RIVER RD btwn OSGOODE MAIN ST & DALMENY RD,373221.03632,4999145.50769,-75.63018805320,45.12897136780,2017-06-27,8:03:00 PM,02 - Rain,01 - Daylight,02 - Wet,10 - No control,,03 - P.D. only,07 - SMV other,0
17-5886,WHETSTONE CRES btwn FRATTON WAY & OLDFIELD ST (1),366477.49655,5015949.84528,-75.71382768150,45.28079843630,2017-06-27,12:00:00 AM,01 - Clear,00 - Unknown,01 - Dry,10 - No control,,03 - P.D. only,06 - SMV unattended vehicle,0
17-5887,MONTREAL RD @ ST. LAURENT BLVD,371545.69636,5033817.60115,-75.64681972190,45.44110349280,2017-06-27,10:18:00 PM,01 - Clear,07 - Dark,01 - Dry,01 - Traffic signal,01 - Functioning,03 - P.D. only,03 - Rear end,0
17-5888,EARL ARMSTRONG RD @ BOWESVILLE RD,372561.74434,5017440.46360,-75.63607967960,45.29365052680,2017-06-28,6:28:00 AM,01 - Clear,01 - Daylight,01 - Dry,02 - Stop sign,01 - Functioning,02 - Non-fatal injury,05 - Turning movement,0
17-5889,BANTREE ST @ INNES RD,373706.72654,5030407.89319,-75.61967648130,45.41021502750,2017-06-28,8:11:00 AM,01 - Clear,01 - Daylight,01 - Dry,01 - Traffic signal,01 - Functioning,02 - Non-fatal injury,05 - Turning movement,0
17-5890,BANK ST btwn CHAMBERLAIN AVE S & PRETORIA AVE,368098.98109,5030126.83802,-75.69134728390,45.40821584710,2017-06-28,8:32:00 AM,01 - Clear,01 - Daylight,01 - Dry,10 - No control,,03 - P.D. only,04 - Sideswipe,0
17-5891,CYRVILLE RD @ OGILVIE RD,372453.38465,5032005.56980,-75.63546745160,45.42471246520,2017-06-28,8:43:00 AM,01 - Clear,01 - Daylight,01 - Dry,01 - Traffic signal,01 - Functioning,03 - P.D. only,03 - Rear end,0
17-5892,RIVERSIDE DR @ SMYTH RD SOUTH SIDE RAMP,369789.97341,5028998.99490,-75.66989552560,45.39791294410,2017-06-28,8:50:00 AM,01 - Clear,01 - Daylight,01 - Dry,01 - Traffic signal,01 - Functioning,03 - P.D. only,03 - Rear end,0
17-5893,MERIVALE RD @ BASIL MACDONALD WAY/MERIVALE MAL,365095.89010,5023171.86517,-75.73055782360,45.34590143920,2017-06-28,11:20:00 AM,01 - Clear,01 - Daylight,01 - Dry,01 - Traffic signal,01 - Functioning,03 - P.D. only,05 - Turning movement,0
17-5894,INNES RD @ 215 W OF CYRVILLE RD/HOME DEPOT W,374864.88894,5031001.45270,-75.60479770870,45.41544057530,2017-06-28,11:31:00 AM,01 - Clear,01 - Daylight,01 - Dry,01 - Traffic signal,01 - Functioning,03 - P.D. only,03 - Rear end,0
17-5895,MARCH RD @ MORGAN'S GRANT WAY/SHIRLEY'S BROOK,349662.21070,5023619.01376,-75.92745647870,45.35108193710,2017-06-28,1:14:00 PM,01 - Clear,01 - Daylight,01 - Dry,01 - Traffic signal,01 - Functioning,02 - Non-fatal injury,03 - Rear end,0
17-5896,RIVERSIDE DR NB btwn INDUSTRIAL AVE & TREMBLAY RD,370717.30851,5030694.37481,-75.65782548050,45.41308062250,2017-06-28,1:28:00 PM,01 - Clear,01 - Daylight,01 - Dry,10 - No control,,03 - P.D. only,04 - Sideswipe,0
17-5897,STAGECOACH RD btwn LAKESHORE DR & OLD PRESCOTT RD,377635.46472,5009443.08595,-75.57257330540,45.22118545080,2017-06-23,5:30:00 PM,01 - Clear,01 - Daylight,01 - Dry,10 - No control,,03 - P.D. only,07 - SMV other,0
17-5898,FIFTH AVE btwn CHRYSLER ST & PERCY ST,367838.51418,5029065.46088,-75.69481013190,45.39868940480,2017-06-28,2:03:00 PM,01 - Clear,01 - Daylight,01 - Dry,10 - No control,,03 - P.D. only,06 - SMV unattended vehicle,0
17-5899,RAVEN AVE @ KIRKWOOD AVE,364689.87469,5026774.38106,-75.73530198610,45.37835112490,2017-05-11,1:35:00 AM,01 - Clear,07 - Dark,01 - Dry,02 - Stop sign,01 - Functioning,03 - P.D. only,07 - SMV other,0
17-5900,LORNE GREENE WAY btwn HOWE ST & DON ST,359835.39506,5025122.24493,-75.79746511800,45.36388341500,2017-06-28,12:00:00 AM,01 - Clear,00 - Unknown,01 - Dry,10 - No control,,03 - P.D. only,06 - SMV unattended vehicle,0
17-5901,BRONSON AVE @ GLADSTONE AVE,367134.03615,5030081.56400,-75.70367909800,45.40789508850,2017-06-28,3:22:00 PM,01 - Clear,01 - Daylight,01 - Dry,01 - Traffic signal,01 - Functioning,02 - Non-fatal injury,07 - SMV other,0
17-5902,WALKLEY RD @ DON REID DR/RYDER ST,372601.72690,5027284.31438,-75.63422116680,45.38221833300,2017-06-28,3:34:00 PM,01 - Clear,01 - Daylight,01 - Dry,01 - Traffic signal,01 - Functioning,02 - Non-fatal injury,02 - Angle,0
17-5903,WALKLEY RD @ DON REID DR/RYDER ST,372602.60492,5027284.24728,-75.63420996590,45.38221764420,2017-06-28,3:51:00 PM,01 - Clear,01 - Daylight,01 - Dry,01 - Traffic signal,01 - Functioning,03 - P.D. only,03 - Rear end,0
17-5904,BLACKBURN BYPASS @ NAVAN RD,379618.25660,5033275.58130,-75.54372787590,45.43540949360,2017-06-28,3:45:00 PM,01 - Clear,01 - Daylight,01 - Dry,01 - Traffic signal,01 - Functioning,03 - P.D. only,03 - Rear end,0
17-5905,CARLING AVE @ PINECREST  RD/GREENVIEW AVE,360007.67904,5024633.19690,-75.79532068740,45.35946942710,2017-06-28,4:35:00 PM,01 - Clear,01 - Daylight,01 - Dry,01 - Traffic signal,01 - Functioning,02 - Non-fatal injury,03 - Rear end,0
17-5906,INDUSTRIAL AVE @ RIVERSIDE DR,370685.72194,5030594.56009,-75.65824233680,45.41218550430,2017-06-28,12:16:00 PM,01 - Clear,01 - Daylight,01 - Dry,01 - Traffic signal,01 - Functioning,03 - P.D. only,03 - Rear end,0
17-5907,COOPER ST @ PERCY ST,367068.17449,5030641.56810,-75.70444966440,45.41293970450,2017-06-28,4:43:00 PM,01 - Clear,01 - Daylight,01 - Dry,02 - Stop sign,01 - Functioning,03 - P.D. only,02 - Angle,0
17-5908,GLOUCESTER ST btwn LYON ST N & KENT ST,367213.76165,5031011.60624,-75.70254293260,45.41625622560,2017-06-28,4:50:00 PM,01 - Clear,01 - Daylight,01 - Dry,10 - No control,,03 - P.D. only,02 - Angle,0
17-5909,BESSERER ST @ DALHOUSIE ST,368253.70504,5032156.90560,-75.68910945230,45.42646770200,2017-06-28,4:51:00 PM,01 - Clear,01 - Daylight,01 - Dry,01 - Traffic signal,01 - Functioning,03 - P.D. only,04 - Sideswipe,0
17-5910,ROSEMEADE PL btwn DALECROFT CRES & GLENARDEN CRT,362280.92463,5022371.17354,-75.76656989700,45.33893319370,2017-06-28,5:04:00 PM,01 - Clear,01 - Daylight,01 - Dry,10 - No control,,03 - P.D. only,06 - SMV unattended vehicle,0
17-5911,DOZOIS RD @ GOUGH RD,372530.06175,5010155.07261,-75.63747674390,45.22810115610,2017-06-28,4:30:00 PM,02 - Rain,01 - Daylight,02 - Wet,02 - Stop sign,01 - Functioning,03 - P.D. only,03 - Rear end,0
17-5912,DRIVEWAY (THE) @ PRINCE OF WALES DR,366884.04615,5028138.21520,-75.70711703720,45.39043157760,2017-06-28,5:32:00 PM,01 - Clear,01 - Daylight,01 - Dry,11 - Roundabout,01 - Functioning,02 - Non-fatal injury,04 - Sideswipe,0
17-5913,INNES RD @ ORCHARDVIEW AVE/ESPRIT DR,384842.74253,5036565.53052,-75.47642738550,45.46443090750,2017-06-28,5:40:00 PM,01 - Clear,01 - Daylight,01 - Dry,01 - Traffic signal,01 - Functioning,03 - P.D. only,03 - Rear end,0
17-5914,BEAVERPOND DR @ BLAIR RD,375400.06435,5031875.90489,-75.59783545150,45.42325461950,2017-06-28,6:14:00 PM,02 - Rain,01 - Daylight,02 - Wet,01 - Traffic signal,01 - Functioning,03 - P.D. only,03 - Rear end,0
17-5915,BANNOCK CRES btwn HALTON TER & HALTON TER,349102.00968,5023398.89052,-75.93462528220,45.34913682950,2017-06-28,6:34:00 PM,01 - Clear,01 - Daylight,01 - Dry,10 - No control,,03 - P.D. only,99 - Other,0
17-5916,CARP RD btwn HWY417 IC144 RAMP16 & HWY417 IC144 RAMP35,347398.62976,5015816.45750,-75.95701451520,45.28101318480,2017-06-28,6:36:00 PM,02 - Rain,01 - Daylight,02 - Wet,10 - No control,,03 - P.D. only,03 - Rear end,0
17-5917,CUMMINGS AVE/LABELLE ST @ CYRVILLE RD,372861.05035,5031872.23570,-75.63027697680,45.42347324310,2017-06-28,6:42:00 PM,01 - Clear,01 - Daylight,01 - Dry,01 - Traffic signal,01 - Functioning,02 - Non-fatal injury,03 - Rear end,0
17-5918,BRONSON AVE btwn PLYMOUTH ST & RENFREW AVE,367330.40899,5029615.45805,-75.70122978040,45.40368368730,2017-06-28,6:40:00 PM,02 - Rain,01 - Daylight,02 - Wet,10 - No control,,03 - P.D. only,02 - Angle,0
17-5919,NAVAN RD btwn DIAMOND WAY & TENTH LINE RD,384894.15737,5032036.35577,-75.47650719650,45.42367564660,2017-06-28,7:16:00 PM,02 - Rain,01 - Daylight,02 - Wet,10 - No control,,03 - P.D. only,03 - Rear end,0
17-5920,ROBERTSON RD @ VANIER RD,357395.98825,5020644.81410,-75.82907837490,45.32378248730,2017-06-28,1:35:00 PM,01 - Clear,01 - Daylight,01 - Dry,01 - Traffic signal,01 - Functioning,02 - Non-fatal injury,03 - Rear end,0
17-5921,HAZELDEAN RD @ EDGEWATER ST,352322.26200,5017352.01510,-75.89411145420,45.29451494780,2017-06-28,7:36:00 PM,02 - Rain,01 - Daylight,02 - Wet,01 - Traffic signal,01 - Functioning,03 - P.D. only,04 - Sideswipe,0
17-5922,GRANT CARMAN DR @ VIEWMOUNT DR,365434.37025,5023082.84599,-75.72624974960,45.34507127880,2017-06-28,7:38:00 PM,01 - Clear,01 - Daylight,01 - Dry,02 - Stop sign,01 - Functioning,02 - Non-fatal injury,02 - Angle,0
17-5923,PRINCE OF WALES DR btwn BARNSDALE RD & JOCKVALE RD,366650.37513,5011653.48343,-75.71215916880,45.24212475590,2017-06-28,4:24:00 PM,01 - Clear,01 - Daylight,02 - Wet,10 - No control,,03 - P.D. only,03 - Rear end,0
17-5924,ARLINGTON AVE btwn ARTHUR LANE N & CAMBRIDGE ST N,367106.77400,5029818.80970,-75.70406054520,45.40553332820,2017-06-28,7:56:00 PM,01 - Clear,01 - Daylight,01 - Dry,10 - No control,,03 - P.D. only,04 - Sideswipe,0
17-5925,HAZELDEAN RD @ TERRY FOX DR,352207.94545,5017243.78879,-75.89557920440,45.29354882160,2017-06-28,8:54:00 PM,02 - Rain,05 - Dusk,02 - Wet,01 - Traffic signal,01 - Functioning,03 - P.D. only,03 - Rear end,0
17-5926,ALPINE AVE @ CARLING AVE,360498.34924,5024943.18780,-75.78902324470,45.36221990330,2017-06-28,6:50:00 PM,02 - Rain,01 - Daylight,02 - Wet,01 - Traffic signal,01 - Functioning,03 - P.D. only,03 - Rear end,0
17-5927,ALBION RD @ LESTER RD,372694.23370,5022331.47690,-75.63372041230,45.33764559570,2017-06-28,9:33:00 PM,01 - Clear,07 - Dark,01 - Dry,01 - Traffic signal,01 - Functioning,03 - P.D. only,03 - Rear end,0
17-5928,ST. LAURENT BLVD @ MCARTHUR AVE,371920.84920,5032887.07403,-75.64215173040,45.43269513420,2017-06-28,9:56:00 PM,01 - Clear,07 - Dark,01 - Dry,01 - Traffic signal,01 - Functioning,02 - Non-fatal injury,05 - Turning movement,0
17-5929,BANK ST @ CAMERON AVE,368943.41493,5028262.65538,-75.68080307120,45.39136566410,2017-06-29,8:09:00 AM,01 - Clear,01 - Daylight,01 - Dry,01 - Traffic signal,01 - Functioning,03 - P.D. only,04 - Sideswipe,0
17-5930,CEDARVIEW RD @ WEST HUNT CLUB RD,359718.34295,5019554.47770,-75.79957716920,45.31379373700,2017-06-28,4:45:00 PM,01 - Clear,01 - Daylight,01 - Dry,01 - Traffic signal,01 - Functioning,03 - P.D. only,03 - Rear end,0
17-5931,BRONSON AVE btwn UNIVERSITY RD & BREWER WAY,367980.77333,5027995.07033,-75.69313031260,45.38904551850,2017-06-29,9:38:00 AM,01 - Clear,01 - Daylight,01 - Dry,10 - No control,,03 - P.D. only,04 - Sideswipe,0
17-5932,CARLING AVE @ CLYDE AVE/COLE AVE,363520.92883,5026850.93656,-75.75021715550,45.37913890680,2017-06-28,5:55:00 PM,01 - Clear,01 - Daylight,01 - Dry,01 - Traffic signal,01 - Functioning,03 - P.D. only,04 - Sideswipe,0
17-5933,DALY AVE @ NICHOLAS ST,368228.03545,5032047.24260,-75.68945157820,45.42548332090,2017-06-29,12:01:00 PM,02 - Rain,01 - Daylight,02 - Wet,01 - Traffic signal,01 - Functioning,03 - P.D. only,99 - Other,0
17-5934,BROADVIEW AVE btwn WELLESLEY AVE & CARLING AVE,363174.33208,5026650.58173,-75.75466601140,45.37736510440,2017-06-29,11:37:00 AM,02 - Rain,01 - Daylight,02 - Wet,10 - No control,,02 - Non-fatal injury,07 - SMV other,1
17-5935,BREWER RD @ BRONSON AVE,368109.65593,5027767.34914,-75.69151375410,45.38698490970,2017-06-29,11:50:00 AM,02 - Rain,01 - Daylight,02 - Wet,01 - Traffic signal,01 - Functioning,02 - Non-fatal injury,04 - Sideswipe,0
17-5936,MARCH RD @ TERRY FOX DR,349864.94305,5023398.84000,-75.92488934920,45.34908776680,2017-06-29,11:53:00 AM,02 - Rain,01 - Daylight,02 - Wet,01 - Traffic signal,01 - Functioning,03 - P.D. only,03 - Rear end,0
17-5937,BLAIR RD @ REGIONAL RD 174 S/OR174 IC112 RAMP15,374906.88666,5032662.20890,-75.60402483230,45.43037894850,2017-06-29,12:08:00 PM,02 - Rain,01 - Daylight,02 - Wet,01 - Traffic signal,01 - Functioning,03 - P.D. only,03 - Rear end,0
17-5938,GOULBOURN FORCED RD @ INNOVATION DR,349438.00600,5022666.63590,-75.93040365170,45.34252652670,2017-06-29,12:45:00 PM,02 - Rain,01 - Daylight,02 - Wet,02 - Stop sign,01 - Functioning,03 - P.D. only,02 - Angle,0
17-5939,ALTA VISTA DR @ BANK ST,370246.39686,5026201.40830,-75.66443727130,45.37269870260,2017-06-26,7:35:00 AM,01 - Clear,01 - Daylight,01 - Dry,01 - Traffic signal,01 - Functioning,02 - Non-fatal injury,03 - Rear end,0
17-5940,BANK ST btwn ALTA VISTA DR & ERIE AVE,370242.38348,5026218.79960,-75.66448620120,45.37285555880,2017-06-28,4:35:00 PM,01 - Clear,01 - Daylight,01 - Dry,10 - No control,,03 - P.D. only,02 - Angle,0
17-5941,MONTREAL RD @ 46 E OF HILLSIDE DR/MONTREAL SQU,371750.46950,5033917.70900,-75.64418887410,45.44198463490,2017-06-29,2:08:00 PM,02 - Rain,01 - Daylight,02 - Wet,01 - Traffic signal,01 - Functioning,03 - P.D. only,05 - Turning movement,0