COLLISION_ID,LOCATION,X,Y,LONGITUDE,LATITUDE,DATE,TIME,ENVIRONMENT,LIGHT,SURFACE_CONDITION,TRAFFIC_CONTROL,TRAFFIC_CONTROL_CONDITION,COLLISION_CLASSIFICATION,IMPACT_TYPE,NO_OF_PEDESTRIANS
17-5942,STRANDHERD DR btwn ANDORA AVE & JOCKVALE RD,363533.39020,5014561.11479,-75.75151573280,45.26855474370,2017-06-29,2:11:00 PM,02 - Rain,01 - Daylight,02 - Wet,10 - No control,,02 - Non-fatal injury,07 - SMV other,0
17-5943,CYRVILLE RD btwn LABRIE AVE & STAR TOP RD,373810.58253,5031525.36496,-75.61819333790,45.42025924900,2017-06-29,2:10:00 PM,02 - Rain,01 - Daylight,02 - Wet,10 - No control,,03 - P.D. only,02 - Angle,0
17-5944,INNES RD @ STAR TOP RD/WINDMILL LANE,374148.06025,5030667.89829,-75.61400228190,45.41251083100,2017-06-29,2:19:00 PM,02 - Rain,01 - Daylight,02 - Wet,01 - Traffic signal,01 - Functioning,03 - P.D. only,03 - Rear end,0
17-5945,CLEARBROOK DR @ CHAPMAN MILLS DR,365923.48380,5015084.39839,-75.72099531180,45.27305957180,2017-06-29,2:30:00 PM,02 - Rain,01 - Daylight,02 - Wet,01 - Traffic signal,00 - Unknown,03 - P.D. only,03 - Rear end,0
17-5946,ST. JOSEPH BLVD/OLD MONTREAL RD @ TRIM RD,384681.75066,5039286.25080,-75.47804337000,45.48892776220,2017-06-29,2:55:00 PM,02 - Rain,01 - Daylight,02 - Wet,11 - Roundabout,01 - Functioning,03 - P.D. only,02 - Angle,0
17-5947,HUNT CLUB RD @ DOWNPATRICK RD/MCCARTHY RD,370507.39995,5023400.50900,-75.66147773120,45.34747265260,2017-06-29,2:59:00 PM,02 - Rain,01 - Daylight,02 - Wet,01 - Traffic signal,01 - Functioning,03 - P.D. only,02 - Angle,0
17-5948,ANDERSON RD @ INNES RD,376281.48861,5031840.92953,-75.58657865810,45.42285042090,2017-06-29,2:58:00 PM,02 - Rain,01 - Daylight,02 - Wet,01 - Traffic signal,01 - Functioning,03 - P.D. only,03 - Rear end,0
17-5949,ABBOTT ST @ GRANITE RIDGE DR,351484.20222,5014433.24423,-75.90507033550,45.26830716660,2017-06-29,3:15:00 PM,02 - Rain,01 - Daylight,02 - Wet,02 - Stop sign,01 - Functioning,03 - P.D. only,02 - Angle,0
17-5950,JOHNSTON RD btwn BANK PL & SOUTHGATE RD,370909.81800,5024875.25221,-75.65614565130,45.36070411780,2017-06-29,4:24:00 PM,02 - Rain,01 - Daylight,02 - Wet,10 - No control,,03 - P.D. only,03 - Rear end,0
17-5951,BANK ST @ SLATER ST,367425.03685,5031354.57690,-75.69980015710,45.41932329090,2017-06-29,4:35:00 PM,02 - Rain,01 - Daylight,02 - Wet,01 - Traffic signal,01 - Functioning,03 - P.D. only,04 - Sideswipe,0
17-5952,SMYTH RD @ SMYTH RD NORTH SIDE RAMP/SMYTH RD S,369917.83356,5029121.42717,-75.66824640160,45.39900266670,2017-06-29,4:37:00 PM,02 - Rain,01 - Daylight,02 - Wet,03 - Yield sign,01 - Functioning,03 - P.D. only,03 - Rear end,0
17-5953,CHURCHILL AVE   N btwn RICHMOND RD & DANFORTH AVE,363241.60008,5028258.99126,-75.75361676560,45.39183173010,2017-06-29,4:39:00 PM,02 - Rain,01 - Daylight,02 - Wet,10 - No control,,03 - P.D. only,04 - Sideswipe,0
17-5954,ALBION RD @ RIDEAU RD,375092.75220,5016675.36196,-75.60392320180,45.28651777440,2017-06-29,4:43:00 PM,02 - Rain,01 - Daylight,02 - Wet,01 - Traffic signal,01 - Functioning,03 - P.D. only,03 - Rear end,0
17-5955,DES EPINETTES AVE @ JEANNE D'ARC BLVD,382226.41365,5035959.24030,-75.50997491450,45.45927091280,2017-06-29,3:45:00 PM,02 - Rain,01 - Daylight,02 - Wet,01 - Traffic signal,01 - Functioning,03 - P.D. only,03 - Rear end,0
17-5956,SLACK RD btwn TURN LANE & VAAN DR,364383.85072,5020054.74576,-75.74001865290,45.31791473410,2017-06-29,4:30:00 PM,02 - Rain,01 - Daylight,02 - Wet,10 - No control,,03 - P.D. only,03 - Rear end,0
17-5957,ST. PATRICK ST @ SUSSEX DR,367667.24875,5032462.36390,-75.69656418400,45.42926906900,2017-06-29,5:24:00 PM,02 - Rain,01 - Daylight,02 - Wet,01 - Traffic signal,01 - Functioning,02 - Non-fatal injury,05 - Turning movement,0
17-5958,BILLINGS BRIDGESC RAMP SB @ RIVERSIDE DR EB,369175.95456,5027784.85390,-75.67789586480,45.38704522050,2017-06-29,5:36:00 PM,02 - Rain,01 - Daylight,02 - Wet,02 - Stop sign,01 - Functioning,03 - P.D. only,02 - Angle,0
17-5959,INNES RD @ ORLEANS BLVD,380459.22963,5034296.32320,-75.53282379900,45.44450287280,2017-06-29,4:10:00 PM,02 - Rain,01 - Daylight,02 - Wet,01 - Traffic signal,01 - Functioning,03 - P.D. only,04 - Sideswipe,0
17-5960,RICHMOND RD btwn ASSALY RD & REGINA LANE,360752.75082,5025552.61477,-75.78570710940,45.36768323670,2017-06-27,8:30:00 PM,01 - Clear,05 - Dusk,01 - Dry,10 - No control,,03 - P.D. only,07 - SMV other,0
17-5961,BASELINE RD @ MERIVALE RD,365055.03085,5025325.51490,-75.73081668980,45.36528317090,2017-06-29,6:09:00 PM,02 - Rain,01 - Daylight,02 - Wet,01 - Traffic signal,01 - Functioning,03 - P.D. only,03 - Rear end,0
17-5962,BEECHWOOD AVE @ MARQUETTE AVE,369681.82839,5034040.36425,-75.67061279310,45.44328328570,2017-06-29,6:14:00 PM,02 - Rain,01 - Daylight,02 - Wet,02 - Stop sign,00 - Unknown,03 - P.D. only,03 - Rear end,0
17-5963,DWYER HILL RD @ ROGER STEVENS DR,354337.54534,4989349.93401,-75.87119758230,45.04240142660,2017-06-29,6:43:00 PM,02 - Rain,01 - Daylight,02 - Wet,02 - Stop sign,01 - Functioning,02 - Non-fatal injury,02 - Angle,0
17-5964,CARLING AVE @ MERIVALE RD,364894.36935,5027700.54420,-75.73257840820,45.38666705680,2017-06-29,7:18:00 PM,02 - Rain,01 - Daylight,02 - Wet,01 - Traffic signal,01 - Functioning,02 - Non-fatal injury,05 - Turning movement,0
17-5965,COVENTRY RD @ VANIER PKWY,370677.38824,5031611.03410,-75.65821291010,45.42133210940,2017-06-29,8:16:00 PM,02 - Rain,01 - Daylight,02 - Wet,01 - Traffic signal,01 - Functioning,02 - Non-fatal injury,03 - Rear end,0
17-5966,DORIMA ST @ INNES RD,384313.09635,5036323.23000,-75.48323852200,45.46231139970,2017-06-29,8:31:00 PM,02 - Rain,05 - Dusk,02 - Wet,02 - Stop sign,00 - Unknown,03 - P.D. only,03 - Rear end,0
17-5967,PRINCE OF WALES DR btwn HARTWELL LOCKS/548 N OF RIDEAUVIEW TER & FAIRC,367101.79778,5026902.79841,-75.70449230510,45.37929627090,2017-06-29,10:30:00 PM,02 - Rain,07 - Dark,02 - Wet,10 - No control,,03 - P.D. only,07 - SMV other,0
17-5968,STRANDHERD DR btwn CLARIDGE DR & BEATRICE DR,365154.14721,5015408.01788,-75.73076009470,45.27603794550,2017-06-30,1:36:00 AM,02 - Rain,07 - Dark,02 - Wet,10 - No control,,02 - Non-fatal injury,07 - SMV other,0
17-5969,PARKDALE AVE @ SCOTT ST,364949.70360,5029725.88941,-75.73162489360,45.40488593740,2017-06-30,2:03:00 AM,01 - Clear,07 - Dark,02 - Wet,01 - Traffic signal,01 - Functioning,03 - P.D. only,02 - Angle,0
17-5970,UPLANDS DR @ AIRPORT PKWY RAMP 35,371123.85953,5021373.12614,-75.65388341120,45.32917283140,2017-06-30,6:37:00 AM,"07 - Fog, mist, smoke, dust",01 - Daylight,02 - Wet,01 - Traffic signal,01 - Functioning,02 - Non-fatal injury,03 - Rear end,0
17-5971,CARLING AVE @ WOODROFFE AVE W,361767.34915,5025725.51350,-75.77273584740,45.36915723390,2017-06-30,7:47:00 AM,01 - Clear,01 - Daylight,01 - Dry,01 - Traffic signal,01 - Functioning,03 - P.D. only,05 - Turning movement,0
17-5972,ST. JOSEPH BLVD btwn R.C.M.P. COMPLEX & YOUVILLE DR,378984.14253,5036091.40746,-75.55140694310,45.46081183800,2017-06-30,7:47:00 AM,01 - Clear,01 - Daylight,01 - Dry,10 - No control,,03 - P.D. only,03 - Rear end,0
17-5973,HUNT CLUB RD @ LORRY GREENBERG DR/SABLE RIDGE,372824.07315,5024806.83590,-75.63172346730,45.35990540810,2017-06-30,7:54:00 AM,01 - Clear,01 - Daylight,02 - Wet,01 - Traffic signal,01 - Functioning,03 - P.D. only,03 - Rear end,0
17-5974,JOHNSTON RD @ ZAIDAN DR,372796.90315,5025722.71200,-75.63194420270,45.36814874520,2017-06-29,12:40:00 PM,02 - Rain,01 - Daylight,02 - Wet,02 - Stop sign,01 - Functioning,03 - P.D. only,07 - SMV other,0
17-5975,OLD TENTH LINE RD/OR174 IC101 RAMP63 @ ST. JOS,383119.16780,5038785.38533,-75.49811085600,45.48459852490,2017-06-30,8:30:00 AM,01 - Clear,01 - Daylight,01 - Dry,01 - Traffic signal,01 - Functioning,03 - P.D. only,02 - Angle,0
17-5976,LANCASTER RD btwn BARRYMORE LANE & BARBERRY LANE,374632.80643,5029007.99194,-75.60804495100,45.39752763070,2017-06-30,11:46:00 AM,01 - Clear,01 - Daylight,01 - Dry,10 - No control,,03 - P.D. only,06 - SMV unattended vehicle,0
17-5977,CONSTELLATION CRES btwn TURN LANE & CENTREPOINTE DR,362498.85482,5023254.32762,-75.76368643110,45.34686187200,2017-06-30,9:25:00 AM,01 - Clear,01 - Daylight,02 - Wet,10 - No control,,02 - Non-fatal injury,06 - SMV unattended vehicle,0
17-5978,HUNT CLUB RD @ DOWNPATRICK RD/MCCARTHY RD,370508.73774,5023399.84010,-75.66146074960,45.34746650870,2017-06-30,12:22:00 PM,02 - Rain,01 - Daylight,02 - Wet,01 - Traffic signal,01 - Functioning,03 - P.D. only,02 - Angle,0
17-5979,BROOK LANE @ NORICE ST,363802.20380,5022796.46289,-75.74711001940,45.34263362180,2017-06-30,11:24:00 AM,02 - Rain,01 - Daylight,02 - Wet,02 - Stop sign,01 - Functioning,03 - P.D. only,02 - Angle,0
17-5980,TERRY FOX DR @ FERNBANK RD,354303.73059,5015130.79319,-75.86907168220,45.27439107960,2017-06-30,11:34:00 AM,02 - Rain,01 - Daylight,02 - Wet,01 - Traffic signal,01 - Functioning,03 - P.D. only,04 - Sideswipe,0
17-5981,MONTREAL RD btwn HILLSIDE DR & MONTREAL SQUARE SC,371729.73486,5033905.43385,-75.64445555900,45.44187617480,2017-06-30,11:43:00 AM,01 - Clear,01 - Daylight,01 - Dry,10 - No control,,02 - Non-fatal injury,05 - Turning movement,0
17-5982,CARLING AVE @ PINECREST  RD/GREENVIEW AVE,360006.34125,5024634.53469,-75.79533761260,45.35948156990,2017-06-30,11:59:00 AM,02 - Rain,01 - Daylight,02 - Wet,01 - Traffic signal,01 - Functioning,03 - P.D. only,03 - Rear end,0
17-5983,ABBOTT ST @ STITTSVILLE MAIN ST,350248.91875,5013330.74800,-75.92091247270,45.25846743300,2017-06-30,12:16:00 PM,02 - Rain,01 - Daylight,02 - Wet,01 - Traffic signal,01 - Functioning,02 - Non-fatal injury,03 - Rear end,0
17-5984,CHAPMAN BLVD btwn ARCH ST & SAUNDERSON DR,372962.71324,5028941.26034,-75.62938330170,45.39709178780,2017-06-30,12:37:00 PM,02 - Rain,01 - Daylight,02 - Wet,10 - No control,,03 - P.D. only,06 - SMV unattended vehicle,0
17-5985,CARP RD @ HAZELDEAN RD,348804.91035,5014359.76730,-75.93921925600,45.26781873950,2017-06-30,12:44:00 PM,02 - Rain,01 - Daylight,02 - Wet,01 - Traffic signal,01 - Functioning,03 - P.D. only,05 - Turning movement,0
17-5986,EAGLESON RD btwn ABBEYHILL DR & PALOMINO DR,353904.15479,5017842.28363,-75.87389563910,45.29881772440,2017-06-30,12:59:00 PM,02 - Rain,01 - Daylight,02 - Wet,10 - No control,,03 - P.D. only,04 - Sideswipe,0
17-5987,BANK ST btwn RIDEAU RD & TURN LANE,377110.32781,5017474.05519,-75.57809046010,45.29349942890,2017-06-30,1:18:00 PM,02 - Rain,01 - Daylight,02 - Wet,10 - No control,,03 - P.D. only,03 - Rear end,0
17-5988,CATHERINE ST @ KENT ST,367908.71084,5030189.23330,-75.69376978200,45.40879444250,2017-06-30,1:33:00 PM,02 - Rain,01 - Daylight,02 - Wet,01 - Traffic signal,01 - Functioning,03 - P.D. only,05 - Turning movement,0
17-5989,FISHER AVE @ PRINCE OF WALES DR,367162.70814,5023940.50461,-75.70408852820,45.35263679240,2017-06-30,1:51:00 PM,02 - Rain,01 - Daylight,02 - Wet,01 - Traffic signal,01 - Functioning,03 - P.D. only,05 - Turning movement,0
17-5990,ST. LAURENT BLVD btwn HWY417 IC115 RAMP26 & HWY417 IC115 RAMP51,372522.53687,5031430.30180,-75.63466294770,45.41952978250,2017-06-30,2:01:00 PM,01 - Clear,01 - Daylight,01 - Dry,10 - No control,,03 - P.D. only,04 - Sideswipe,0
17-5991,MARKETPLACE AVE @ RIOCAN AVE,364287.35205,5014763.12719,-75.74188406330,45.27030908530,2017-06-30,3:11:00 PM,02 - Rain,01 - Daylight,02 - Wet,02 - Stop sign,01 - Functioning,03 - P.D. only,04 - Sideswipe,0
17-5992,GREENBANK RD @ MEADOWBANK DR,360765.34335,5022185.83290,-75.78592744740,45.33738803540,2017-06-30,3:12:00 PM,01 - Clear,01 - Daylight,02 - Wet,02 - Stop sign,01 - Functioning,03 - P.D. only,03 - Rear end,0
17-5993,HAZELDEAN RD @ YOUNG RD,352464.27625,5017479.77860,-75.89228865520,45.29565497700,2017-06-30,3:31:00 PM,02 - Rain,01 - Daylight,02 - Wet,02 - Stop sign,00 - Unknown,03 - P.D. only,03 - Rear end,0
17-5994,ARLINGTON AVE @ BRONSON AVE,367223.04385,5029866.22561,-75.70256939410,45.40594960360,2017-06-30,3:33:00 PM,02 - Rain,01 - Daylight,02 - Wet,01 - Traffic signal,01 - Functioning,03 - P.D. only,03 - Rear end,0
17-5995,MERIVALE RD/LOTTA AVE @ CLYDE AVE,364521.17326,5024508.77119,-75.73772971680,45.35797991690,2017-06-30,3:38:00 PM,02 - Rain,01 - Daylight,02 - Wet,01 - Traffic signal,01 - Functioning,03 - P.D. only,03 - Rear end,0
17-5996,PLEASANT PARK RD @ ST. LAURENT BLVD,373597.39345,5028794.88100,-75.62129813750,45.39571266050,2017-06-30,3:37:00 PM,02 - Rain,01 - Daylight,02 - Wet,01 - Traffic signal,01 - Functioning,03 - P.D. only,03 - Rear end,0
17-5997,COVENTRY RD @ VANIER PKWY,370675.98313,5031612.68396,-75.65823064200,45.42134708690,2017-06-30,3:40:00 PM,01 - Clear,01 - Daylight,01 - Dry,01 - Traffic signal,01 - Functioning,03 - P.D. only,04 - Sideswipe,0
17-5998,LONGFIELDS DR @ WOODROFFE AVE,365420.83545,5017107.61380,-75.72715371970,45.29130789490,2017-06-30,4:07:00 PM,02 - Rain,01 - Daylight,02 - Wet,01 - Traffic signal,01 - Functioning,02 - Non-fatal injury,03 - Rear end,0
17-5999,CARLING AVE @ CIVIC HOSPITAL,365790.60616,5028279.39379,-75.72106273420,45.39179794940,2017-06-30,4:16:00 PM,01 - Clear,01 - Daylight,02 - Wet,01 - Traffic signal,01 - Functioning,03 - P.D. only,03 - Rear end,0
17-6000,INNES RD btwn 298 E OF WILDFLOWER DR & LANTHIER DR/PRESTWICK DR,383313.45201,5035872.72689,-75.49609127390,45.45837123290,2017-06-30,4:23:00 PM,02 - Rain,01 - Daylight,02 - Wet,10 - No control,,02 - Non-fatal injury,03 - Rear end,0
17-6001,ADIRONDACK DR @ WOODROFFE AVE,362456.68266,5024003.50541,-75.76413720740,45.35360638840,2017-06-30,8:53:00 PM,01 - Clear,05 - Dusk,02 - Wet,02 - Stop sign,00 - Unknown,02 - Non-fatal injury,03 - Rear end,0
17-6002,CHAMBERLAIN AVE btwn IMPERIAL AVE & PERCY ST,367425.39226,5029740.54167,-75.70000068640,45.40480066190,2017-06-30,5:02:00 PM,01 - Clear,01 - Daylight,02 - Wet,10 - No control,,02 - Non-fatal injury,07 - SMV other,0
17-6003,HARDING RD @ WALKLEY RD,373149.06515,5027607.86640,-75.62718806750,45.38507632810,2017-06-30,5:05:00 PM,01 - Clear,01 - Daylight,01 - Dry,01 - Traffic signal,01 - Functioning,02 - Non-fatal injury,05 - Turning movement,0
17-6004,PRINCE OF WALES DR @ MERIVALE RD,367448.70796,5017616.46060,-75.70123887430,45.29570858600,2017-06-30,5:10:00 PM,02 - Rain,01 - Daylight,02 - Wet,01 - Traffic signal,01 - Functioning,03 - P.D. only,03 - Rear end,0
17-6005,MAPLE GROVE RD @ TERRY FOX DR,351553.27415,5017865.13340,-75.90386680460,45.29918371140,2017-06-30,5:32:00 PM,02 - Rain,01 - Daylight,02 - Wet,01 - Traffic signal,01 - Functioning,03 - P.D. only,03 - Rear end,0
17-6006,ST. JOSEPH BLVD @ JEANNE D'ARC BLVD,379860.40805,5036470.24311,-75.54014586090,45.46412671460,2017-06-30,6:01:00 PM,01 - Clear,01 - Daylight,02 - Wet,11 - Roundabout,01 - Functioning,03 - P.D. only,03 - Rear end,0
17-6007,CUMBERLAND ST @ ST. PATRICK ST,368128.76096,5032748.19363,-75.69062994460,45.43179922680,2017-06-29,4:15:00 PM,02 - Rain,01 - Daylight,02 - Wet,01 - Traffic signal,01 - Functioning,03 - P.D. only,04 - Sideswipe,0
17-6008,CARP RD @ STITTSVILLE MAIN ST,349524.45165,5014330.87220,-75.93005276730,45.26751334260,2017-06-30,6:49:00 PM,01 - Clear,01 - Daylight,01 - Dry,01 - Traffic signal,01 - Functioning,03 - P.D. only,03 - Rear end,0
17-6009,ST. LAURENT BLVD btwn INDUSTRIAL AVE & BOURASSA ST,373185.27607,5029814.91109,-75.62641978210,45.40493079760,2017-06-30,7:48:00 PM,01 - Clear,01 - Daylight,01 - Dry,10 - No control,,03 - P.D. only,04 - Sideswipe,0
17-6010,COPE DR @ TERRY FOX,353996.26676,5015344.63880,-75.87296890070,45.27633689500,2017-06-30,8:42:00 PM,01 - Clear,05 - Dusk,01 - Dry,01 - Traffic signal,01 - Functioning,03 - P.D. only,05 - Turning movement,0
17-6011,NICHOLAS ST SB btwn Continuation of WALLER ST & HWY417 IC118 RAMP35,369052.59911,5031315.54742,-75.67901097200,45.41882454060,2017-06-30,6:30:00 PM,01 - Clear,01 - Daylight,01 - Dry,10 - No control,,03 - P.D. only,03 - Rear end,0
17-6012,MOODIE DR btwn BARNSDALE RD & BROPHY DR,362707.56236,5006956.87623,-75.76292408880,45.20019946010,2017-06-30,9:26:00 PM,01 - Clear,07 - Dark,01 - Dry,10 - No control,,03 - P.D. only,03 - Rear end,0
17-6013,HUNT CLUB RD @ UPLANDS DR,370157.06165,5023121.49210,-75.66598495050,45.34499486880,2017-07-01,12:19:00 AM,01 - Clear,07 - Dark,02 - Wet,01 - Traffic signal,01 - Functioning,03 - P.D. only,05 - Turning movement,0
17-6014,CANTERBURY AVE btwn KILBORN AVE & URBANDALE DR,372546.07643,5028099.17895,-75.63481985870,45.38955553290,2017-07-01,12:40:00 AM,01 - Clear,07 - Dark,02 - Wet,10 - No control,,03 - P.D. only,06 - SMV unattended vehicle,0
17-6015,PORTAGE AVE btwn DORVAL AVE & DAUPHIN RD,372137.67587,5028933.14432,-75.63992109940,45.39709859500,2017-07-01,4:44:00 AM,01 - Clear,07 - Dark,01 - Dry,10 - No control,,03 - P.D. only,07 - SMV other,0
17-6016,REGIONAL ROAD 174 EB btwn HWY417 IC113 RAMP65 & OR174 BLAIR IC112 RAMP51,374696.44526,5032740.00455,-75.60670292890,45.43109997490,2017-07-01,8:28:00 AM,02 - Rain,01 - Daylight,02 - Wet,10 - No control,,03 - P.D. only,07 - SMV other,0
17-6017,TERRY FOX DR btwn WALTER BAKER PL & 240 S OF EDGEWATER ST,351876.27041,5017534.52053,-75.89978001710,45.29618720130,2017-07-01,11:57:00 AM,01 - Clear,01 - Daylight,01 - Dry,10 - No control,,03 - P.D. only,03 - Rear end,0
17-6018,BESSERER ST @ WALLER ST,368316.26775,5032193.31559,-75.68830533210,45.42678962800,2017-07-01,1:28:00 PM,01 - Clear,01 - Daylight,02 - Wet,01 - Traffic signal,01 - Functioning,03 - P.D. only,03 - Rear end,0
17-6019,BANK ST @ CAHILL DR/DAZE ST,371307.14945,5024316.72750,-75.65114964620,45.35564111610,2017-07-01,1:37:00 PM,02 - Rain,01 - Daylight,02 - Wet,01 - Traffic signal,01 - Functioning,02 - Non-fatal injury,05 - Turning movement,0
17-6020,ALBION RD @ LESTER RD,372694.93465,5022332.73350,-75.63371129670,45.33765683430,2017-07-01,2:23:00 PM,01 - Clear,01 - Daylight,01 - Dry,01 - Traffic signal,01 - Functioning,02 - Non-fatal injury,02 - Angle,0
17-6021,PARKDALE AVE btwn TO BE DETERMINED & EMMERSON AVE,364709.43219,5030284.85657,-75.73462601280,45.40993600520,2017-07-01,3:06:00 PM,01 - Clear,01 - Daylight,01 - Dry,10 - No control,,02 - Non-fatal injury,05 - Turning movement,0
17-6022,CATHERINE ST/HWY 417 O'CONN IC119BR76 @ O'CONN,368243.37655,5030391.22631,-75.68946877240,45.41058165360,2017-07-01,4:30:00 PM,01 - Clear,01 - Daylight,01 - Dry,01 - Traffic signal,01 - Functioning,03 - P.D. only,02 - Angle,0
17-6023,DALHOUSIE ST btwn MURRAY ST & CLARENCE ST,368037.01388,5032512.29355,-75.69183269090,45.42968498380,2017-07-01,6:41:00 PM,01 - Clear,01 - Daylight,01 - Dry,10 - No control,,02 - Non-fatal injury,07 - SMV other,1
17-6024,FRANK ST btwn BANK ST & O'CONNOR ST,368007.89399,5030672.15544,-75.69244089290,45.41313067110,2017-07-01,6:38:00 PM,01 - Clear,01 - Daylight,01 - Dry,10 - No control,,02 - Non-fatal injury,07 - SMV other,0
17-6025,HERON RD @ ALTA VISTA DR,370493.05685,5026903.87489,-75.66119502420,45.37899618280,2017-07-01,9:34:00 PM,01 - Clear,07 - Dark,02 - Wet,01 - Traffic signal,01 - Functioning,02 - Non-fatal injury,05 - Turning movement,0
17-6026,ALBION RD @ LESTER RD,372695.07765,5022331.15811,-75.63370968850,45.33764264550,2017-07-01,10:01:00 PM,02 - Rain,07 - Dark,02 - Wet,01 - Traffic signal,01 - Functioning,03 - P.D. only,05 - Turning movement,0
17-6027,BOURASSA ST @ ST. LAURENT BLVD,373235.72866,5029694.89439,-75.62579201290,45.40384601210,2017-07-01,10:29:00 PM,02 - Rain,07 - Dark,02 - Wet,01 - Traffic signal,01 - Functioning,02 - Non-fatal injury,07 - SMV other,1
17-6028,REGIONAL RD 174 @ TRIM RD,384351.51885,5039990.34070,-75.48215336200,45.49530019380,2017-07-01,10:30:00 PM,02 - Rain,07 - Dark,02 - Wet,01 - Traffic signal,01 - Functioning,03 - P.D. only,03 - Rear end,0
17-6029,AYLMER AVE @ BANK ST,368674.04685,5028728.20571,-75.68418263900,45.39557916150,2017-07-01,10:34:00 PM,01 - Clear,07 - Dark,02 - Wet,01 - Traffic signal,01 - Functioning,02 - Non-fatal injury,03 - Rear end,0
17-6030,MANOTICK STATION RD @ SNAKE ISLAND RD,376805.40395,5005702.03271,-75.58368183410,45.18760972250,2017-07-01,10:43:00 PM,02 - Rain,07 - Dark,02 - Wet,02 - Stop sign,01 - Functioning,02 - Non-fatal injury,07 - SMV other,0
17-6031,BAYCREST DR @ WALKLEY RD,371421.39615,5026589.85810,-75.64938514920,45.37608311410,2017-07-01,11:17:00 PM,02 - Rain,07 - Dark,02 - Wet,01 - Traffic signal,01 - Functioning,02 - Non-fatal injury,03 - Rear end,0
17-6032,PRINCE OF WALES DR btwn BLAZER AVE & DEAKIN ST,367351.87125,5021336.04560,-75.70200383290,45.32918551150,2017-07-01,11:24:00 PM,02 - Rain,07 - Dark,02 - Wet,10 - No control,,03 - P.D. only,07 - SMV other,0
17-6033,PRINCE OF WALES DR btwn BLAZER AVE & DEAKIN ST,367351.68210,5021336.51848,-75.70200618660,45.32918978350,2017-07-01,11:45:00 PM,02 - Rain,07 - Dark,02 - Wet,10 - No control,,03 - P.D. only,07 - SMV other,0
17-6034,TENTH LINE RD @ VANGUARD DR,384073.76654,5035873.89440,-75.48637088230,45.45829588670,2017-07-02,1:50:00 AM,01 - Clear,07 - Dark,02 - Wet,01 - Traffic signal,01 - Functioning,03 - P.D. only,07 - SMV other,0
17-6035,DALHOUSIE ST btwn BRUYERE ST & ST. ANDREW ST,367852.31095,5032817.02972,-75.69415393280,45.43244356950,2017-07-02,12:00:00 AM,01 - Clear,00 - Unknown,01 - Dry,10 - No control,,03 - P.D. only,06 - SMV unattended vehicle,0
17-6036,CORKSTOWN RD btwn MOODIE DR & CRYSTAL BEACH DR,356525.50062,5022537.43715,-75.83998390300,45.34087718830,2017-07-02,1:06:00 AM,02 - Rain,07 - Dark,02 - Wet,10 - No control,,03 - P.D. only,03 - Rear end,0
17-6037,HARBOUR ST btwn CREEK DR & FITZROY ST,326926.49566,5036906.34660,-76.21701390140,45.47173345090,2017-07-02,3:49:00 AM,01 - Clear,07 - Dark,01 - Dry,10 - No control,,03 - P.D. only,06 - SMV unattended vehicle,0
17-6038,KING EDWARD AVE @ LAURIER AVE,368739.70720,5032034.85034,-75.68291518790,45.42532523520,2017-07-02,10:07:00 AM,01 - Clear,01 - Daylight,01 - Dry,01 - Traffic signal,01 - Functioning,03 - P.D. only,04 - Sideswipe,0
17-6039,REDPATH DR btwn KNOWLTON DR & DYLAN WAY,366598.07457,5016798.12111,-75.71218523490,45.28842056830,2017-07-01,12:00:00 AM,01 - Clear,00 - Unknown,01 - Dry,10 - No control,,03 - P.D. only,06 - SMV unattended vehicle,0
17-6040,CARLING AVE WB btwn POULIN AVE & ALPINE AVE,360485.64021,5024937.16773,-75.78918613800,45.36216674430,2017-07-02,2:06:00 PM,02 - Rain,01 - Daylight,02 - Wet,10 - No control,,03 - P.D. only,03 - Rear end,0
17-6041,BRONSON AVE btwn BRONSON AVE SB ON RAMP 43 & SUNNYSIDE AVE/UNIVERSITY,367847.45926,5028228.00195,-75.69480291110,45.39115338610,2017-07-02,3:20:00 PM,02 - Rain,01 - Daylight,02 - Wet,10 - No control,,03 - P.D. only,07 - SMV other,0
17-6042,AIRPORT PKWY btwn RAMP & RAMP (4),371310.21865,5021649.90630,-75.65146903590,45.33164558480,2017-07-02,3:20:00 PM,01 - Clear,01 - Daylight,01 - Dry,10 - No control,,03 - P.D. only,05 - Turning movement,0
17-6043,TERRY FOX DR @ WESTPHALIAN AVE,353455.22610,5015759.78900,-75.87982363390,45.28011017200,2017-07-02,3:39:00 PM,02 - Rain,01 - Daylight,02 - Wet,01 - Traffic signal,01 - Functioning,03 - P.D. only,03 - Rear end,0
17-6044,FISHER AVE @ DEER PARK RD/DYNES RD,366406.04518,5025454.53168,-75.71355589720,45.36632660020,2017-07-02,3:56:00 PM,01 - Clear,01 - Daylight,02 - Wet,01 - Traffic signal,01 - Functioning,02 - Non-fatal injury,02 - Angle,0
17-6045,RUSSELL RD btwn TUPPER AVE & SOUTHVALE CRES,374302.55500,5028720.45165,-75.61230316120,45.39497334310,2017-07-02,5:02:00 PM,02 - Rain,01 - Daylight,02 - Wet,10 - No control,,03 - P.D. only,07 - SMV other,0