COLLISION_ID,LOCATION,X,Y,LONGITUDE,LATITUDE,DATE,TIME,ENVIRONMENT,LIGHT,SURFACE_CONDITION,TRAFFIC_CONTROL,TRAFFIC_CONTROL_CONDITION,COLLISION_CLASSIFICATION,IMPACT_TYPE,NO_OF_PEDESTRIANS
17-6046,KING EDWARD AVE @ MURRAY ST,368292.34083,5032752.29995,-75.68853900230,45.43182134250,2017-07-02,4:56:00 PM,01 - Clear,01 - Daylight,01 - Dry,01 - Traffic signal,01 - Functioning,03 - P.D. only,04 - Sideswipe,0
17-6047,PRINCE OF WALES DR btwn WATERBEND LANE & TURN LANE,367421.12069,5021663.37937,-75.70107907120,45.33212462900,2017-07-02,5:02:00 PM,02 - Rain,01 - Daylight,02 - Wet,10 - No control,,03 - P.D. only,03 - Rear end,0
17-6048,WESTON DR btwn SAUNDERSON DR & OTHELLO AVE,373268.07629,5028896.65603,-75.62548966050,45.39666066470,2017-07-01,12:00:00 AM,02 - Rain,00 - Unknown,02 - Wet,10 - No control,,03 - P.D. only,06 - SMV unattended vehicle,0
17-6049,ST. LAURENT BLVD btwn HWY417 IC115 RAMP36 & TRANSIT,372412.02521,5031695.84827,-75.63603842780,45.42192973510,2017-07-02,5:15:00 PM,01 - Clear,01 - Daylight,01 - Dry,10 - No control,,03 - P.D. only,04 - Sideswipe,0
17-6050,DEVINE RD @ ROCKDALE RD,394886.87326,5024095.78730,-75.35028787300,45.35102051220,2017-07-02,5:33:00 PM,02 - Rain,01 - Daylight,02 - Wet,02 - Stop sign,01 - Functioning,03 - P.D. only,02 - Angle,0
17-6051,COVENTRY RD @ VANIER PKWY,370677.38824,5031611.03410,-75.65821291010,45.42133210940,2017-07-02,5:53:00 PM,01 - Clear,01 - Daylight,01 - Dry,01 - Traffic signal,01 - Functioning,03 - P.D. only,04 - Sideswipe,0
17-6052,MACKENZIE KING BR/WALLER ST @ NICHOLAS ST/WALL,368372.17024,5031992.85124,-75.68761688340,45.42498084160,2017-07-02,7:25:00 PM,01 - Clear,01 - Daylight,01 - Dry,01 - Traffic signal,01 - Functioning,03 - P.D. only,04 - Sideswipe,0
17-6053,ROCKDALE RD btwn HWY417 IC88 RAMP15 & HWY417 IC88 RAMP16,395323.03718,5022518.69718,-75.34501116300,45.33677550640,2017-07-02,7:29:00 PM,02 - Rain,01 - Daylight,02 - Wet,10 - No control,,03 - P.D. only,03 - Rear end,0
17-6054,TENTH LINE RD @ CHARLEMAGNE BLVD S/DES EPINETT,383640.97510,5036900.45590,-75.49173924100,45.46758093120,2017-07-02,9:39:00 PM,02 - Rain,07 - Dark,02 - Wet,01 - Traffic signal,01 - Functioning,02 - Non-fatal injury,05 - Turning movement,0
17-6055,PINECREST RD btwn CARLING AVE & RICHMOND RD,360023.07736,5024592.09988,-75.79512874650,45.35909842450,2017-07-02,9:55:00 PM,01 - Clear,07 - Dark,02 - Wet,10 - No control,,03 - P.D. only,03 - Rear end,0
17-6056,MERIVALE RD @ WEST HUNT CLUB RD,365614.36744,5021941.82930,-75.72409327970,45.33478898580,2017-07-03,1:06:00 AM,02 - Rain,07 - Dark,02 - Wet,01 - Traffic signal,01 - Functioning,03 - P.D. only,03 - Rear end,0
17-6057,HUNT CLUB RD @ BRIDLE PATH DR/DAZE ST,371291.39445,5023864.50380,-75.65141152780,45.35157364700,2017-07-03,9:09:00 AM,01 - Clear,01 - Daylight,01 - Dry,01 - Traffic signal,01 - Functioning,02 - Non-fatal injury,02 - Angle,0
17-6058,O'TOOLE RD btwn INNES RD & FRENCH HILL RD,389199.30112,5038037.77008,-75.42047330690,45.47716370810,2017-07-03,6:55:00 AM,01 - Clear,01 - Daylight,01 - Dry,10 - No control,,03 - P.D. only,07 - SMV other,0
17-6059,ROGER STEVENS DR btwn MONTAGUE BOUNDARY RD & MCKENNA RD,352961.94258,4988130.23657,-75.88877457910,45.03152059190,2017-07-02,6:00:00 PM,01 - Clear,01 - Daylight,01 - Dry,10 - No control,,03 - P.D. only,07 - SMV other,0
17-6060,AVENUE P btwn AVENUE R & END,371947.47085,5031139.07279,-75.64204981240,45.41696486210,2017-07-03,12:07:00 PM,01 - Clear,01 - Daylight,01 - Dry,10 - No control,,02 - Non-fatal injury,99 - Other,0
17-6061,GRAND VISTA CIR btwn GRAND VISTA CIR & HALF MOON BAY,364606.16200,5013051.85270,-75.73802747690,45.25488397460,2017-07-01,12:00:00 AM,01 - Clear,00 - Unknown,02 - Wet,10 - No control,,03 - P.D. only,06 - SMV unattended vehicle,0
17-6062,MONTFORT ST btwn STE. ANNE ST & GRANVILLE ST,370775.49256,5033596.08826,-75.65669350540,45.43918352750,2017-07-02,12:00:00 AM,01 - Clear,00 - Unknown,01 - Dry,10 - No control,,03 - P.D. only,06 - SMV unattended vehicle,0
17-6063,WEST HUNT CLUB RD @ 545 E OF ROYDON PL/SUNDERLAND ST,366353.71344,5022408.84019,-75.71460304800,45.33892661080,2017-07-03,1:30:00 PM,01 - Clear,01 - Daylight,01 - Dry,01 - Traffic signal,01 - Functioning,02 - Non-fatal injury,02 - Angle,0
17-6064,LAURIER AVE   W btwn METCALFE ST & ELGIN ST,367863.25594,5031495.44034,-75.69418328010,45.42055137080,2017-06-22,12:00:00 AM,01 - Clear,00 - Unknown,01 - Dry,10 - No control,,03 - P.D. only,06 - SMV unattended vehicle,0
17-6065,CASTLEFRANK RD @ HAZELDEAN RD,352678.21255,5017676.10010,-75.88954220450,45.29740698070,2017-07-03,2:56:00 PM,01 - Clear,01 - Daylight,01 - Dry,01 - Traffic signal,01 - Functioning,03 - P.D. only,03 - Rear end,0
17-6066,ASPER TRAIL CIR btwn ASPER TRAIL CIR & RIVERTREE ST,356078.94870,5015414.18680,-75.84641859020,45.27681389280,2017-07-03,2:00:00 PM,01 - Clear,01 - Daylight,01 - Dry,10 - No control,,03 - P.D. only,06 - SMV unattended vehicle,0
17-6067,MERIVALE RD @ WEST HUNT CLUB RD,365612.36075,5021942.49820,-75.72411879660,45.33479517840,2017-06-30,11:30:00 AM,01 - Clear,01 - Daylight,01 - Dry,01 - Traffic signal,01 - Functioning,02 - Non-fatal injury,03 - Rear end,0
17-6068,FORESTBROOK ST @ OLD SECOND LINE RD,348355.51290,5022892.54400,-75.94419608440,45.34462735330,2017-07-03,5:52:00 PM,01 - Clear,01 - Daylight,01 - Dry,02 - Stop sign,01 - Functioning,03 - P.D. only,03 - Rear end,0
17-6069,LANCASTER RD @ WALKLEY RD,374909.07495,5028601.87230,-75.60457439660,45.39384596130,2017-07-03,6:15:00 PM,01 - Clear,01 - Daylight,01 - Dry,01 - Traffic signal,01 - Functioning,03 - P.D. only,04 - Sideswipe,0
17-6070,ELGIN ST @ SLATER ST,367890.15129,5031645.21923,-75.69382046680,45.42189660660,2017-07-03,8:14:00 PM,01 - Clear,01 - Daylight,01 - Dry,01 - Traffic signal,01 - Functioning,03 - P.D. only,04 - Sideswipe,0
17-6071,RUSSELL RD @ SOUTHVALE CRES S,374458.07335,5028632.87530,-75.61032946300,45.39416991970,2017-07-03,7:06:00 PM,01 - Clear,01 - Daylight,01 - Dry,01 - Traffic signal,01 - Functioning,03 - P.D. only,03 - Rear end,0
17-6072,RIDEAU ST btwn AUGUSTA ST & COBOURG ST,369055.68308,5032742.88193,-75.67878537180,45.43166688200,2017-07-03,8:50:00 PM,01 - Clear,05 - Dusk,01 - Dry,10 - No control,,03 - P.D. only,05 - Turning movement,0
17-6073,LOCKHART AVE @ RICHMOND RD,361713.53785,5026843.31020,-75.77329395280,45.37921943910,2017-07-03,9:40:00 PM,01 - Clear,07 - Dark,01 - Dry,02 - Stop sign,00 - Unknown,03 - P.D. only,05 - Turning movement,0
17-6074,COVENTRY RD @ VANIER PKWY,370675.48725,5031611.58069,-75.65823712420,45.42133720650,2017-07-03,10:19:00 PM,01 - Clear,07 - Dark,01 - Dry,01 - Traffic signal,01 - Functioning,03 - P.D. only,04 - Sideswipe,0
17-6075,CUMBERLAND ST @ ST. PATRICK ST,368130.37694,5032748.58150,-75.69060924490,45.43180257060,2017-07-03,11:50:00 PM,01 - Clear,07 - Dark,01 - Dry,01 - Traffic signal,00 - Unknown,03 - P.D. only,03 - Rear end,0
17-6076,TWIN ELM RD btwn BARNSDALE RD & BROPHY DR,360877.80297,5006099.58306,-75.78630876160,45.19263327740,2017-07-04,5:54:00 AM,01 - Clear,01 - Daylight,01 - Dry,10 - No control,,03 - P.D. only,07 - SMV other,0
17-6077,WELLINGTON ST btwn Continuation of WELLINGTON ST & BAY ST,366766.85111,5031332.42784,-75.70821218830,45.41918260500,2017-07-04,6:20:00 AM,01 - Clear,01 - Daylight,01 - Dry,10 - No control,,02 - Non-fatal injury,05 - Turning movement,0
17-6078,VALLIER WAY btwn ASHENVALE WAY & BOISDALE WALK,385687.74910,5034726.32410,-75.46592586620,45.44778616670,2017-07-04,12:00:00 AM,01 - Clear,00 - Unknown,01 - Dry,10 - No control,,03 - P.D. only,06 - SMV unattended vehicle,0
17-6079,FOURTH LINE RD @ PRINCE OF WALES DR,366272.98356,4999562.94650,-75.71845613550,45.13336608640,2017-07-04,9:42:00 AM,01 - Clear,01 - Daylight,01 - Dry,02 - Stop sign,01 - Functioning,03 - P.D. only,02 - Angle,0
17-6080,GREENBANK RD @ HWY 417 IC129 RAMP57/IRIS ST,360532.12617,5023311.90460,-75.78877601880,45.34753898130,2017-07-03,3:30:00 PM,01 - Clear,01 - Daylight,01 - Dry,01 - Traffic signal,01 - Functioning,03 - P.D. only,04 - Sideswipe,0
17-6081,GLADSTONE AVE @ KENT ST,367745.03865,5030458.23271,-75.69582618010,45.41122955470,2017-07-04,10:35:00 AM,01 - Clear,01 - Daylight,01 - Dry,01 - Traffic signal,01 - Functioning,03 - P.D. only,02 - Angle,0
17-6082,CENTREPOINTE DR @ MARBLE ARCH CRES N,361796.01285,5022636.82640,-75.77272604220,45.34136308960,2017-07-04,10:40:00 AM,01 - Clear,01 - Daylight,01 - Dry,02 - Stop sign,01 - Functioning,02 - Non-fatal injury,02 - Angle,0
17-6083,BOURASSA ST @ ST. LAURENT BLVD,373235.72866,5029693.55660,-75.62579219850,45.40383397520,2017-07-04,10:52:00 AM,01 - Clear,01 - Daylight,01 - Dry,01 - Traffic signal,01 - Functioning,03 - P.D. only,05 - Turning movement,0
17-6084,BOOTH ST @ MIDDLE ST,366114.36175,5031293.91869,-75.71655344130,45.41889359750,2017-07-04,11:05:00 AM,01 - Clear,01 - Daylight,01 - Dry,02 - Stop sign,00 - Unknown,03 - P.D. only,03 - Rear end,0
17-6085,MURRAY ST btwn PARENT AVE & DALHOUSIE ST,367904.99338,5032517.12852,-75.69351912130,45.42974041110,2017-07-02,2:25:00 PM,01 - Clear,01 - Daylight,01 - Dry,10 - No control,,03 - P.D. only,06 - SMV unattended vehicle,0
17-6086,HIGHWAY 17 btwn HUNT LINE RD & OLD BARN RD,325025.27177,5026384.14678,-76.24176133270,45.37710747690,2017-07-04,12:30:00 PM,01 - Clear,01 - Daylight,01 - Dry,10 - No control,,03 - P.D. only,07 - SMV other,0
17-6087,BANK ST @ HERON RD,369996.05445,5026852.21110,-75.66754716900,45.37857775360,2017-07-04,12:34:00 PM,01 - Clear,01 - Daylight,01 - Dry,01 - Traffic signal,01 - Functioning,02 - Non-fatal injury,02 - Angle,0
17-6088,OLD MONTREAL RD @ MARKET ST E/PETER HARKNESS L,390474.41607,5042552.98940,-75.40337834720,45.51763089710,2017-07-04,1:10:00 PM,01 - Clear,01 - Daylight,01 - Dry,02 - Stop sign,01 - Functioning,03 - P.D. only,02 - Angle,0
17-6089,STRANDHERD BRIDGE (VIMY MEMORIAL BRIDGE) btwn PRINCE OF WALES DR & RIVER RD,367237.70000,5014802.23500,-75.70428301540,45.27040522310,2017-07-04,6:20:00 AM,01 - Clear,01 - Daylight,01 - Dry,10 - No control,,03 - P.D. only,04 - Sideswipe,0
17-6090,BOOTH ST @ OTTAWA RIVER PKWY/WELLINGTON ST,366265.52085,5031005.62948,-75.71465814290,45.41628638900,2017-07-04,3:22:00 PM,01 - Clear,01 - Daylight,01 - Dry,01 - Traffic signal,01 - Functioning,03 - P.D. only,04 - Sideswipe,0
17-6091,COLDWATER CRES btwn MEADOWBREEZE DR/AUTUMNFIELD ST & MEADOWBREEZE DR/RIVERTREE ST,355713.31700,5015045.09300,-75.85111633980,45.27351927980,2017-07-03,12:00:00 AM,01 - Clear,00 - Unknown,01 - Dry,10 - No control,,03 - P.D. only,06 - SMV unattended vehicle,0
17-6092,INNES RD @ 240 E OF TENTH LINE RD/HOME DEPOT E,384169.11334,5036255.75110,-75.48509028680,45.46172065940,2017-07-04,4:26:00 PM,01 - Clear,01 - Daylight,01 - Dry,01 - Traffic signal,01 - Functioning,03 - P.D. only,03 - Rear end,0
17-6093,WOODROFFE AVE @ GEORGINA DR/LENESTER AVE,361908.01436,5025371.85699,-75.77098109400,45.36596361500,2017-07-04,4:59:00 PM,01 - Clear,01 - Daylight,01 - Dry,01 - Traffic signal,01 - Functioning,03 - P.D. only,03 - Rear end,0
17-6094,BASELINE RD @ 207 E OF CLYDE AVE,364535.81515,5025001.64440,-75.73748327690,45.36241347270,2017-07-04,5:29:00 PM,01 - Clear,01 - Daylight,01 - Dry,01 - Traffic signal,01 - Functioning,03 - P.D. only,03 - Rear end,0
17-6095,BASELINE RD @ GREENBANK RD,360596.33437,5022584.73809,-75.78803871420,45.34099084260,2017-07-04,5:43:00 PM,01 - Clear,01 - Daylight,01 - Dry,01 - Traffic signal,01 - Functioning,03 - P.D. only,04 - Sideswipe,0
17-6096,MONTREAL RD @ ST. LAURENT BLVD,371547.37514,5033817.59470,-75.64679826710,45.44110327410,2017-07-04,5:48:00 PM,01 - Clear,01 - Daylight,01 - Dry,01 - Traffic signal,01 - Functioning,03 - P.D. only,03 - Rear end,0
17-6097,CARLING AVE @ BAYSHORE DR/BIRCHDALE AVE,359005.20545,5023990.61210,-75.80818592830,45.35376567020,2017-07-04,6:37:00 PM,01 - Clear,01 - Daylight,01 - Dry,01 - Traffic signal,01 - Functioning,03 - P.D. only,05 - Turning movement,0
17-6098,ELGIN ST @ SLATER ST,367890.48422,5031647.50646,-75.69381592040,45.42191715700,2017-07-04,4:50:00 PM,01 - Clear,01 - Daylight,01 - Dry,01 - Traffic signal,01 - Functioning,03 - P.D. only,04 - Sideswipe,0
17-6099,NAVAN RD btwn DIAMOND WAY & TENTH LINE RD,385564.65021,5031877.16701,-75.46796671450,45.42216632090,2017-07-04,7:15:00 PM,01 - Clear,01 - Daylight,01 - Dry,10 - No control,,03 - P.D. only,03 - Rear end,0
17-6100,2ND LINE RD btwn OSGOODE MAIN ST & HUGH CRES,376117.45339,5001581.46051,-75.59302402080,45.15060342040,2017-07-04,9:45:00 PM,01 - Clear,07 - Dark,01 - Dry,10 - No control,,03 - P.D. only,07 - SMV other,0
17-6101,REGIONAL ROAD 174 btwn OR174 IC105 RAMP51 & OR174 IC105 RAMP35,379320.08686,5036953.97952,-75.54698104870,45.46853685650,2017-07-04,9:51:00 PM,01 - Clear,07 - Dark,01 - Dry,10 - No control,,03 - P.D. only,03 - Rear end,0
17-6102,BAYCREST DR @ WALKLEY RD,371421.22110,5026590.52700,-75.64938729440,45.37608914920,2017-07-05,7:39:00 AM,01 - Clear,01 - Daylight,01 - Dry,01 - Traffic signal,01 - Functioning,02 - Non-fatal injury,03 - Rear end,0
17-6103,ALBERT ST @ BANK ST,367385.39363,5031423.00705,-75.70029796280,45.41994255160,2017-07-05,8:09:00 AM,01 - Clear,01 - Daylight,01 - Dry,01 - Traffic signal,01 - Functioning,02 - Non-fatal injury,04 - Sideswipe,0
17-6104,MARKETPLACE AVE btwn GREENBANK RD & TRANSITWAY SOUTHWEST,364099.25148,5014653.90269,-75.74429407920,45.26934216750,2017-07-05,8:31:00 AM,01 - Clear,01 - Daylight,01 - Dry,10 - No control,,02 - Non-fatal injury,02 - Angle,0
17-6105,RICHMOND RD @ WEST HUNT CLUB RD,357145.13780,5018151.44330,-75.83254145370,45.30136558920,2017-07-05,8:32:00 AM,01 - Clear,01 - Daylight,01 - Dry,01 - Traffic signal,01 - Functioning,03 - P.D. only,05 - Turning movement,0
17-6106,PARKDALE AVE @ SCOTT ST,364948.70026,5029726.55980,-75.73163762720,45.40489205580,2017-07-05,8:56:00 AM,01 - Clear,01 - Daylight,01 - Dry,01 - Traffic signal,01 - Functioning,03 - P.D. only,03 - Rear end,0
17-6107,RIVERSIDE DR NB btwn SAN REMO PRIV & INDUSTRIAL AVE,370470.45974,5030400.10929,-75.66101814110,45.41045614540,2017-07-05,8:58:00 AM,01 - Clear,01 - Daylight,01 - Dry,10 - No control,,03 - P.D. only,04 - Sideswipe,0
17-6108,STITTSVILLE MAIN ST @ MULKINS ST S/WINTERGREEN,350005.10723,5013640.70674,-75.92399063950,45.26127226090,2017-07-05,9:18:00 AM,01 - Clear,01 - Daylight,01 - Dry,01 - Traffic signal,01 - Functioning,03 - P.D. only,02 - Angle,0
17-6109,BEARBROOK RD/ROCKCLIFFE PKWY @ ST. JOSEPH BLVD,377129.73764,5035238.25421,-75.57524156940,45.45333018450,2017-07-05,10:35:00 AM,01 - Clear,01 - Daylight,01 - Dry,01 - Traffic signal,01 - Functioning,03 - P.D. only,05 - Turning movement,0
17-6110,CARLING AVE @ KIRKWOOD AVE S,364352.03495,5027338.88689,-75.73954718440,45.38345924900,2017-07-05,10:48:00 AM,01 - Clear,01 - Daylight,01 - Dry,01 - Traffic signal,01 - Functioning,03 - P.D. only,03 - Rear end,0
17-6111,ST. JOSEPH BLVD @ ST. PIERRE ST,381375.65749,5037512.51558,-75.52060963900,45.47333975910,2017-07-05,10:30:00 AM,01 - Clear,01 - Daylight,01 - Dry,02 - Stop sign,01 - Functioning,03 - P.D. only,04 - Sideswipe,0
17-6112,LYNDA LANE btwn BILLINGS AVE & SMYTH RD,371581.95651,5029097.90262,-75.64699599470,45.39863424810,2017-07-05,11:32:00 AM,01 - Clear,01 - Daylight,01 - Dry,10 - No control,,03 - P.D. only,06 - SMV unattended vehicle,0
17-6113,HIGHWAY 417 btwn HWY417 IC117 RAMP51 & HWY417 IC117 RAMP35,370702.74700,5031170.42295,-75.65794784180,45.41736528330,2017-07-05,11:42:00 AM,01 - Clear,01 - Daylight,01 - Dry,10 - No control,,03 - P.D. only,03 - Rear end,0
17-6114,TERRY FOX DR @ PALLADIUM DR/KATIMAVIK RD,351271.24651,5018183.81321,-75.90743276800,45.30206998960,2017-07-05,11:50:00 AM,01 - Clear,01 - Daylight,01 - Dry,01 - Traffic signal,01 - Functioning,03 - P.D. only,03 - Rear end,0
17-6115,COVENTRY RD @ JETFORM PARK  STADIUM,370834.69666,5031671.97110,-75.65619485930,45.42186556430,2017-07-05,2:09:00 PM,01 - Clear,01 - Daylight,01 - Dry,01 - Traffic signal,01 - Functioning,03 - P.D. only,03 - Rear end,0
17-6116,CONROY RD @ HUNT CLUB RD,373764.07445,5025403.85390,-75.61964315100,45.36518529510,2017-07-05,2:20:00 PM,01 - Clear,01 - Daylight,01 - Dry,01 - Traffic signal,01 - Functioning,02 - Non-fatal injury,03 - Rear end,0
17-6117,MONTREAL RD @ OGILVIE RD,375655.06945,5034557.25500,-75.59419135880,45.44735404780,2017-06-28,5:30:00 PM,01 - Clear,01 - Daylight,01 - Dry,01 - Traffic signal,01 - Functioning,03 - P.D. only,03 - Rear end,0
17-6118,INNES RD @ 473 E OF PAGE RD/BUILDERS' WAREHOUS,381302.45851,5034779.41199,-75.52197099070,45.44875754850,2017-07-05,3:30:00 PM,01 - Clear,01 - Daylight,01 - Dry,01 - Traffic signal,01 - Functioning,03 - P.D. only,03 - Rear end,0
17-6119,ST. JOSEPH BLVD @ JEANNE D'ARC BLVD,379861.25200,5036472.59990,-75.54013471090,45.46414782860,2017-07-05,3:26:00 PM,01 - Clear,01 - Daylight,01 - Dry,11 - Roundabout,01 - Functioning,03 - P.D. only,02 - Angle,0
17-6120,CYRVILLE RD @ INNES RD,375046.72136,5031118.22641,-75.60245811930,45.41647301170,2017-07-05,3:33:00 PM,01 - Clear,01 - Daylight,01 - Dry,01 - Traffic signal,01 - Functioning,03 - P.D. only,03 - Rear end,0
17-6121,RICHMOND RD btwn MCRAE AVE & CLIFTON RD,363652.40739,5028564.15773,-75.74833421750,45.39454316180,2017-07-05,3:50:00 PM,01 - Clear,01 - Daylight,01 - Dry,10 - No control,,02 - Non-fatal injury,04 - Sideswipe,0
17-6122,KING EDWARD AVE NB btwn UNION ST & MACDONALD-CARTIER BR RAMP NB-3,367994.94278,5033289.28162,-75.69227057670,45.43667984890,2017-07-05,3:51:00 PM,01 - Clear,01 - Daylight,01 - Dry,10 - No control,,02 - Non-fatal injury,03 - Rear end,0
17-6123,BELFAST RD @ ST. LAURENT BLVD,372861.72744,5030577.22421,-75.63044719780,45.41182127610,2017-07-05,3:50:00 PM,01 - Clear,01 - Daylight,01 - Dry,01 - Traffic signal,01 - Functioning,02 - Non-fatal injury,05 - Turning movement,0
17-6124,MEADOWLANDS DR btwn PRINCE OF WALES DR & DEBRA AVE,367348.24216,5025679.72958,-75.70150075120,45.36826943370,2017-07-05,4:06:00 PM,01 - Clear,01 - Daylight,01 - Dry,10 - No control,,03 - P.D. only,02 - Angle,0
17-6125,BANK ST btwn WHITE ALDER AVE & FINDLAY CREEK DR,375742.23151,5020703.12141,-75.59506837130,45.32269277320,2017-07-05,4:10:00 PM,01 - Clear,01 - Daylight,01 - Dry,10 - No control,,03 - P.D. only,04 - Sideswipe,0
17-6126,CHARLOTTE ST @ RIDEAU ST,369249.10750,5032858.68994,-75.67629842490,45.43269107860,2017-07-05,4:20:00 PM,01 - Clear,01 - Daylight,01 - Dry,01 - Traffic signal,01 - Functioning,03 - P.D. only,03 - Rear end,0
17-6127,FRANK KENNY RD E @ INNES RD,387870.34559,5037734.72036,-75.43751986520,45.47459656260,2017-07-05,4:40:00 PM,01 - Clear,01 - Daylight,01 - Dry,02 - Stop sign,01 - Functioning,03 - P.D. only,07 - SMV other,0
17-6128,WELLINGTON ST btwn BAY ST & LYON ST N,366912.19408,5031410.78138,-75.70634535470,45.41987471900,2017-07-05,5:00:00 PM,01 - Clear,01 - Daylight,01 - Dry,10 - No control,,03 - P.D. only,03 - Rear end,0
17-6129,MERSEY DR btwn FLAMBOROUGH WAY & WESTMORELAND AVE,349202.23829,5023806.34945,-75.93330965630,45.35279690080,2017-07-05,5:24:00 PM,01 - Clear,01 - Daylight,01 - Dry,10 - No control,,03 - P.D. only,06 - SMV unattended vehicle,0
17-6130,DONALD ST btwn 48 E  PAUL EMILE LAMARCHE & AVE. PAUL EMILE LAMARCHE AVE,371383.24826,5032388.28314,-75.64908929890,45.42825863040,2017-07-05,5:29:00 PM,01 - Clear,01 - Daylight,01 - Dry,10 - No control,,03 - P.D. only,03 - Rear end,0
17-6131,WALKLEY RD btwn HEATHERINGTON RD & 152 E OF HEATHERINGTON RD,371835.95557,5026836.19337,-75.64405925050,45.37826000760,2017-07-05,6:37:00 PM,01 - Clear,01 - Daylight,01 - Dry,10 - No control,,03 - P.D. only,02 - Angle,0
17-6132,HOWIE RD btwn MARCH RD & JIULIA LAKE PRIV,337636.99120,5016525.55469,-76.08139095470,45.28791777360,2017-07-05,7:03:00 PM,01 - Clear,01 - Daylight,01 - Dry,10 - No control,,03 - P.D. only,07 - SMV other,0
17-6133,BANK ST @ RIDEAU RD,376954.75270,5017844.47279,-75.58001979170,45.29684828920,2017-07-05,7:47:00 PM,01 - Clear,01 - Daylight,01 - Dry,01 - Traffic signal,01 - Functioning,01 - Fatal injury,05 - Turning movement,0
17-6134,CARP RD @ WESTBROOK RD,347738.56844,5015443.10960,-75.95271396780,45.27763297990,2017-07-05,8:04:00 PM,01 - Clear,01 - Daylight,01 - Dry,01 - Traffic signal,01 - Functioning,02 - Non-fatal injury,03 - Rear end,0
17-6135,HAIG DR @ SMYTH RD,372564.39045,5029299.21730,-75.63442116490,45.40035119330,2017-07-05,8:20:00 PM,01 - Clear,01 - Daylight,01 - Dry,01 - Traffic signal,01 - Functioning,02 - Non-fatal injury,05 - Turning movement,0
17-6136,ST. LAURENT BLVD btwn SHORE ST & BELFAST RD,372827.61373,5030660.83625,-75.63087144240,45.41257689590,2017-07-05,4:15:00 PM,01 - Clear,01 - Daylight,01 - Dry,10 - No control,,02 - Non-fatal injury,03 - Rear end,0
17-6137,REGIONAL ROAD 174 EB btwn OR174 IC109 RAMP55 & TRANSIT,376571.54990,5035208.75865,-75.58238155400,45.45312235410,2017-07-05,8:49:00 PM,01 - Clear,05 - Dusk,01 - Dry,10 - No control,,03 - P.D. only,03 - Rear end,0
17-6138,CAMPEAU DR/HWY 417 MARCH IC138R63 @ MARCH RD,352841.62218,5020476.40815,-75.88718733260,45.32259361560,2017-07-06,7:35:00 AM,01 - Clear,01 - Daylight,01 - Dry,01 - Traffic signal,01 - Functioning,02 - Non-fatal injury,04 - Sideswipe,0
17-6139,KANATA AVE btwn EARL GREY DR & MARITIME WAY,351186.38416,5019309.47513,-75.90840945740,45.31220459670,2017-07-06,7:38:00 AM,01 - Clear,01 - Daylight,01 - Dry,10 - No control,,03 - P.D. only,03 - Rear end,0
17-6140,BELGREEN DR @ STEVENAGE DR,375619.41935,5027235.52930,-75.59569914560,45.38148082500,2017-07-06,8:29:00 AM,01 - Clear,01 - Daylight,01 - Dry,02 - Stop sign,01 - Functioning,03 - P.D. only,07 - SMV other,0
17-6141,RIVERSIDE DR @ HERON RD,368120.10156,5026647.22110,-75.69152404060,45.37690536240,2017-07-06,8:30:00 AM,01 - Clear,01 - Daylight,01 - Dry,01 - Traffic signal,01 - Functioning,02 - Non-fatal injury,03 - Rear end,0
17-6142,CHAPMAN MILLS DR btwn LEAMINGTON WAY & TEMAGAMI DR,365341.01250,5014836.16373,-75.72844836120,45.27087635010,2017-07-06,9:24:00 AM,01 - Clear,01 - Daylight,01 - Dry,10 - No control,,03 - P.D. only,06 - SMV unattended vehicle,0
17-6144,AGES DR btwn SWANSEA CRES & LEGACY RD,374195.14488,5027360.31013,-75.61386611180,45.38274607740,2017-07-06,10:10:00 AM,01 - Clear,01 - Daylight,01 - Dry,10 - No control,,02 - Non-fatal injury,07 - SMV other,0
17-6145,SOMERSET ST    W btwn BRONSON AVE & PERCY ST,366988.09744,5030489.28123,-75.70549185980,45.41157659230,2017-07-06,10:16:00 AM,01 - Clear,01 - Daylight,01 - Dry,10 - No control,,03 - P.D. only,04 - Sideswipe,0
17-6146,CYRVILLE RD @ STAR TOP RD,373830.73174,5031518.56280,-75.61793685820,45.42019605850,2017-07-06,10:15:00 AM,01 - Clear,01 - Daylight,01 - Dry,01 - Traffic signal,01 - Functioning,03 - P.D. only,03 - Rear end,0
17-6147,KEHOE ST btwn CASCADES AVE & SALINA ST,359624.66596,5025397.60626,-75.80012435090,45.36637762340,2017-07-04,12:00:00 AM,00 - Unknown,00 - Unknown,01 - Dry,10 - No control,,03 - P.D. only,06 - SMV unattended vehicle,0
17-6148,AGES DR btwn SWANSEA CRES & LEGACY RD,374170.33454,5027322.58787,-75.61418818820,45.38240912760,2017-07-06,10:23:00 AM,01 - Clear,01 - Daylight,01 - Dry,10 - No control,,03 - P.D. only,04 - Sideswipe,0
17-6149,GREENBANK RD btwn GREENBANK SQUARE SC & GIBBARD AVE,361405.09506,5020676.39224,-75.77793798650,45.32375478550,2017-07-06,10:25:00 AM,01 - Clear,01 - Daylight,01 - Dry,10 - No control,,02 - Non-fatal injury,05 - Turning movement,0