COLLISION_ID,LOCATION,X,Y,LONGITUDE,LATITUDE,DATE,TIME,ENVIRONMENT,LIGHT,SURFACE_CONDITION,TRAFFIC_CONTROL,TRAFFIC_CONTROL_CONDITION,COLLISION_CLASSIFICATION,IMPACT_TYPE,NO_OF_PEDESTRIANS
17-6150,METCALFE ST btwn QUEEN ST & ALBERT ST,367684.67709,5031625.62203,-75.69644830160,45.42173877770,2017-07-06,10:51:00 AM,01 - Clear,01 - Daylight,01 - Dry,10 - No control,,03 - P.D. only,02 - Angle,0
17-6151,PRINCE OF WALES DR btwn MELFA CRES & NORMANDY CRES,367418.05491,5025313.68223,-75.70065599180,45.36496959000,2017-07-05,3:50:00 PM,01 - Clear,01 - Daylight,01 - Dry,10 - No control,,03 - P.D. only,03 - Rear end,0
17-6152,RICHMOND RD @ ROBERTSON RD,357578.05466,5020749.02422,-75.82674496470,45.32470651380,2017-07-06,11:10:00 AM,01 - Clear,01 - Daylight,01 - Dry,01 - Traffic signal,01 - Functioning,02 - Non-fatal injury,02 - Angle,0
17-6153,ROCKY HILL DR @ PRINCE OF WALES DR,366969.77174,5014403.42040,-75.70774713740,45.26684045000,2017-06-28,12:00:00 PM,01 - Clear,01 - Daylight,01 - Dry,01 - Traffic signal,01 - Functioning,03 - P.D. only,03 - Rear end,0
17-6154,ST. JOSEPH BLVD btwn JEANNE D'ARC BLVD S & NOTRE DAME ST,379982.14718,5036549.84177,-75.53857713700,45.46482979030,2017-07-06,12:15:00 PM,01 - Clear,01 - Daylight,01 - Dry,10 - No control,,03 - P.D. only,02 - Angle,0
17-6155,CARLING AVE WB btwn SHERWOOD DR & LORETTA AVE S,366535.29685,5028749.59760,-75.71149403430,45.39596347330,2017-07-06,12:29:00 PM,01 - Clear,01 - Daylight,01 - Dry,10 - No control,,03 - P.D. only,04 - Sideswipe,0
17-6156,BRONSON AVE @ CARLING AVE/GLEBE AVE,367447.70700,5029334.91475,-75.69976718880,45.40114895220,2017-07-06,1:20:00 PM,01 - Clear,01 - Daylight,01 - Dry,01 - Traffic signal,01 - Functioning,03 - P.D. only,04 - Sideswipe,0
17-6157,HAZELDEAN RD btwn GO/KA BOUNDARY & KINCARDINE DR,351589.83620,5016669.38422,-75.90351345040,45.28842159980,2017-07-06,2:32:00 PM,01 - Clear,01 - Daylight,01 - Dry,10 - No control,,03 - P.D. only,04 - Sideswipe,0
17-6158,CYR AVE @ MONTREAL RD,370220.37495,5033149.25900,-75.66384770370,45.43521531050,2017-07-06,3:04:00 PM,01 - Clear,01 - Daylight,01 - Dry,02 - Stop sign,00 - Unknown,02 - Non-fatal injury,05 - Turning movement,0
17-6159,KING EDWARD AVE @ STEWART ST,368633.71106,5032204.24131,-75.68424761940,45.42685903510,2017-07-05,8:00:00 AM,01 - Clear,01 - Daylight,01 - Dry,01 - Traffic signal,01 - Functioning,03 - P.D. only,05 - Turning movement,0
17-6160,COPE DR @ TERRY FOX,353996.06709,5015345.00695,-75.87297140940,45.27634022210,2017-07-06,3:16:00 PM,01 - Clear,01 - Daylight,01 - Dry,01 - Traffic signal,01 - Functioning,03 - P.D. only,03 - Rear end,0
17-6161,FRANK KENNY RD btwn JONQUILLE WAY & WILHAVEN DR,386865.93363,5040107.71462,-75.44996762980,45.49606502270,2017-07-06,3:58:00 PM,01 - Clear,01 - Daylight,01 - Dry,10 - No control,,02 - Non-fatal injury,07 - SMV other,0
17-6162,BLAIR RD btwn SEGUIN ST & MOWAT ST,374162.81422,5034078.34452,-75.61333348390,45.44319475810,2017-07-06,3:50:00 PM,01 - Clear,01 - Daylight,01 - Dry,10 - No control,,03 - P.D. only,03 - Rear end,0
17-6163,MONTREAL RD btwn ST. LAURENT BLVD & HILLSIDE DR,371614.93367,5033852.37731,-75.64593007020,45.44140977810,2017-07-06,4:10:00 PM,01 - Clear,01 - Daylight,01 - Dry,10 - No control,,03 - P.D. only,02 - Angle,0
17-6164,CONROY RD @ WALKLEY RD,372904.05705,5027464.20020,-75.63033625910,45.38380754400,2017-07-06,4:25:00 PM,01 - Clear,01 - Daylight,01 - Dry,01 - Traffic signal,01 - Functioning,03 - P.D. only,03 - Rear end,0
17-6165,CARLING AVE @ KIRKWOOD AVE N,364275.78077,5027492.06415,-75.74050237430,45.38484399020,2017-07-06,4:54:00 PM,01 - Clear,01 - Daylight,01 - Dry,01 - Traffic signal,01 - Functioning,03 - P.D. only,05 - Turning movement,0
17-6166,WALKLEY RD @ GLENHAVEN PRIV,370213.32965,5025873.67217,-75.66490280020,45.36975292510,2017-07-06,5:14:00 PM,01 - Clear,01 - Daylight,01 - Dry,01 - Traffic signal,01 - Functioning,03 - P.D. only,03 - Rear end,0
17-6167,HOLLAND AVE btwn INGLEWOOD PL & CARLING AVE,365390.27730,5028100.08526,-75.72619705360,45.39021932090,2017-07-06,6:14:00 PM,01 - Clear,01 - Daylight,01 - Dry,10 - No control,,03 - P.D. only,03 - Rear end,0
17-6168,CLARIDGE DR btwn BEATRICE DR & SLEAFORD GT,365192.02782,5016529.08513,-75.73014091720,45.28612201960,2017-07-04,3:30:00 PM,01 - Clear,01 - Daylight,01 - Dry,10 - No control,,03 - P.D. only,99 - Other,0
17-6169,WOODCLIFFE PRIV @ JEANNE D'ARC BLVD,380108.11341,5036225.86998,-75.53701615170,45.46190137610,2017-07-06,6:34:00 PM,01 - Clear,01 - Daylight,01 - Dry,02 - Stop sign,00 - Unknown,02 - Non-fatal injury,02 - Angle,0
17-6170,CARLING AVE/STATION RD @ MARCH RD,350903.39623,5022249.20045,-75.91174464130,45.33867557680,2017-07-06,6:42:00 PM,01 - Clear,01 - Daylight,01 - Dry,01 - Traffic signal,01 - Functioning,03 - P.D. only,02 - Angle,0
17-6171,GEORGE ST @ DALHOUSIE ST,368157.85280,5032314.65434,-75.69031395490,45.42789575860,2017-07-06,4:30:00 PM,01 - Clear,01 - Daylight,01 - Dry,01 - Traffic signal,01 - Functioning,03 - P.D. only,03 - Rear end,0
17-6172,HWY 417 RIVERSID IC117R53 @ RIVERSIDE DR,370771.90830,5030913.38165,-75.65709866130,45.41504601290,2017-06-05,3:30:00 PM,01 - Clear,01 - Daylight,01 - Dry,03 - Yield sign,01 - Functioning,03 - P.D. only,03 - Rear end,0
17-6173,GLADSTONE AVE @ KENT ST,367743.70086,5030460.23940,-75.69584301360,45.41124773070,2017-07-06,8:04:00 PM,01 - Clear,01 - Daylight,01 - Dry,01 - Traffic signal,01 - Functioning,03 - P.D. only,03 - Rear end,0
17-6174,WEST HUNT CLUB RD WB btwn KNOXDALE RD & WOODROFFE AVE,363636.95554,5021236.58241,-75.74940392230,45.32861181880,2017-07-06,9:18:00 PM,01 - Clear,07 - Dark,01 - Dry,10 - No control,,03 - P.D. only,03 - Rear end,0
17-6175,KENT ST @ SOMERSET ST,367527.70454,5030816.90269,-75.69855687980,45.41447627050,2017-07-06,10:12:00 PM,01 - Clear,07 - Dark,01 - Dry,01 - Traffic signal,01 - Functioning,02 - Non-fatal injury,07 - SMV other,1
17-6176,MURRAY ST btwn DALHOUSIE ST & CUMBERLAND ST,368042.50512,5032600.35045,-75.69175121160,45.43047679240,2017-07-07,12:00:00 AM,01 - Clear,00 - Unknown,01 - Dry,10 - No control,,03 - P.D. only,06 - SMV unattended vehicle,0
17-6177,ST. JOSEPH BLVD @ TENTH LINE RD,382891.13825,5038668.45949,-75.50104604530,45.48357207930,2017-07-07,8:25:00 AM,01 - Clear,01 - Daylight,01 - Dry,01 - Traffic signal,01 - Functioning,03 - P.D. only,03 - Rear end,0
17-6178,PAGE RD btwn BUTTONFIELD PL & SILVERBIRCH ST,381053.04721,5034153.96658,-75.52525599850,45.44315753610,2017-07-07,8:20:00 AM,01 - Clear,01 - Daylight,01 - Dry,10 - No control,,03 - P.D. only,03 - Rear end,0
17-6179,HERON RD WB btwn RIVERSIDE DR & BRONSON AVE RAMP 36,368459.61001,5026687.32465,-75.68718443850,45.37723543950,2017-07-07,8:48:00 AM,01 - Clear,01 - Daylight,01 - Dry,10 - No control,,03 - P.D. only,03 - Rear end,0
17-6180,MARCHURST RD btwn MURPHY SIDE RD & RIDGESIDE FARM DR,344077.12018,5025523.34438,-75.99858062320,45.36855274660,2017-07-06,11:30:00 PM,01 - Clear,07 - Dark,01 - Dry,10 - No control,,03 - P.D. only,07 - SMV other,0
17-6181,CATHERINE ST/HWY 417 O'CONN IC119BR76 @ O'CONN,368244.71434,5030393.23300,-75.68945142590,45.41059958800,2017-07-07,9:40:00 AM,01 - Clear,01 - Daylight,01 - Dry,01 - Traffic signal,01 - Functioning,03 - P.D. only,02 - Angle,0
17-6182,HAWTHORNE RD/RUSSELL RD @ WALKLEY RD,374673.07166,5028498.87240,-75.60760282390,45.39294280710,2017-06-27,5:00:00 PM,01 - Clear,01 - Daylight,01 - Dry,01 - Traffic signal,01 - Functioning,03 - P.D. only,04 - Sideswipe,0
17-6183,PARTHIA AVE btwn WALLFORD WAY & KINGSMILL ST,365650.98390,5024986.13180,-75.72325156610,45.36217797930,2017-07-07,10:43:00 AM,01 - Clear,01 - Daylight,01 - Dry,10 - No control,,03 - P.D. only,06 - SMV unattended vehicle,0
17-6184,BLACKBURN BYPASS WB btwn NAVAN RD & 1700 W OF NAVAN RD,379238.23846,5033021.68005,-75.54862270180,45.43316562680,2017-07-07,11:00:00 AM,01 - Clear,01 - Daylight,01 - Dry,10 - No control,,02 - Non-fatal injury,07 - SMV other,0
17-6185,CARP RD @ STITTSVILLE MAIN ST,349525.12055,5014328.86551,-75.93004442430,45.26749524310,2017-07-07,11:37:00 AM,01 - Clear,01 - Daylight,01 - Dry,01 - Traffic signal,01 - Functioning,03 - P.D. only,05 - Turning movement,0
17-6186,CARLING AVE @ CONNAUGHT AVE,360769.67286,5025118.18370,-75.78554030940,45.36377289770,2017-07-07,11:51:00 AM,01 - Clear,01 - Daylight,01 - Dry,01 - Traffic signal,01 - Functioning,02 - Non-fatal injury,05 - Turning movement,0
17-6187,ST. LAURENT BLVD btwn MCARTHUR AVE & DONALD ST,372017.79317,5032655.86249,-75.64094442570,45.43060549030,2017-07-07,12:26:00 PM,01 - Clear,01 - Daylight,01 - Dry,10 - No control,,03 - P.D. only,03 - Rear end,0
17-6188,SUSSEX DR @ YORK ST,367806.99918,5032236.56651,-75.69480725600,45.42722484530,2017-07-07,12:17:00 PM,01 - Clear,01 - Daylight,01 - Dry,01 - Traffic signal,01 - Functioning,03 - P.D. only,03 - Rear end,0
17-6189,CARLING AVE @ KIRKWOOD AVE N,364275.08189,5027492.42009,-75.74051125550,45.38484725190,2017-07-07,12:58:00 PM,01 - Clear,01 - Daylight,01 - Dry,01 - Traffic signal,01 - Functioning,03 - P.D. only,04 - Sideswipe,0
17-6190,BANK ST btwn MACLAREN ST & GILMOUR ST,367779.68129,5030789.28662,-75.69534133550,45.41420515650,2017-05-05,12:00:00 AM,01 - Clear,00 - Unknown,01 - Dry,10 - No control,,03 - P.D. only,06 - SMV unattended vehicle,0
17-6191,GLADSTONE AVE @ O'CONNOR ST,368074.07017,5030659.21073,-75.69159715640,45.41300821850,2017-07-07,2:35:00 PM,01 - Clear,01 - Daylight,01 - Dry,01 - Traffic signal,01 - Functioning,03 - P.D. only,05 - Turning movement,0
17-6192,HAWTHORNE RD @ HUNT CLUB RD,375508.08435,5026406.52920,-75.59723932380,45.37403313460,2017-07-07,3:38:00 PM,01 - Clear,01 - Daylight,01 - Dry,01 - Traffic signal,01 - Functioning,03 - P.D. only,03 - Rear end,0
17-6193,CARLING AVE @ CLYDE AVE/COLE AVE,363520.35615,5026849.20431,-75.75022467220,45.37912336780,2017-07-07,3:43:00 PM,01 - Clear,01 - Daylight,01 - Dry,01 - Traffic signal,01 - Functioning,03 - P.D. only,03 - Rear end,0
17-6194,HWY 417 INNES IC112R57 @ INNES RD,374299.34894,5030754.19273,-75.61205746890,45.41327225570,2017-07-07,3:49:00 PM,01 - Clear,01 - Daylight,01 - Dry,01 - Traffic signal,01 - Functioning,03 - P.D. only,03 - Rear end,0
17-6195,MCCOOEY LANE @ FISHER AVE,365998.03645,5026426.86889,-75.71864346180,45.37511123970,2017-07-07,4:06:00 PM,02 - Rain,01 - Daylight,02 - Wet,01 - Traffic signal,01 - Functioning,02 - Non-fatal injury,02 - Angle,0
17-6196,BANK ST btwn SUNNYSIDE AVE & HOPEWELL AVE,368753.10335,5028544.09101,-75.68319687560,45.39391533930,2017-07-05,5:15:00 PM,01 - Clear,01 - Daylight,01 - Dry,10 - No control,,02 - Non-fatal injury,04 - Sideswipe,0
17-6197,PALLADIUM DR @ SILVER SEVEN RD,351051.94215,5017886.10901,-75.91025679940,45.29940563950,2017-07-07,4:12:00 PM,02 - Rain,01 - Daylight,02 - Wet,01 - Traffic signal,01 - Functioning,03 - P.D. only,04 - Sideswipe,0
17-6198,LANCASTER RD @ WALKLEY RD,374909.74384,5028602.54120,-75.60456576080,45.39385191270,2017-07-07,4:20:00 PM,01 - Clear,01 - Daylight,01 - Dry,01 - Traffic signal,01 - Functioning,03 - P.D. only,03 - Rear end,0
17-6199,MERIVALE RD btwn CLYDE AVE & RITA AVE,364555.13755,5024429.44946,-75.73730583010,45.35726329730,2017-07-07,4:30:00 PM,02 - Rain,01 - Daylight,02 - Wet,10 - No control,,03 - P.D. only,04 - Sideswipe,0
17-6200,FISHER AVE @ FOREST PARK AVE,366521.53143,5025178.65504,-75.71211623580,45.36383415790,2017-07-07,4:37:00 PM,02 - Rain,01 - Daylight,02 - Wet,02 - Stop sign,00 - Unknown,02 - Non-fatal injury,03 - Rear end,0
17-6201,MEADOWLANDS DR @ MERIVALE RD,364860.22841,5023724.49140,-75.73349774310,45.35089411560,2017-07-07,4:58:00 PM,02 - Rain,01 - Daylight,02 - Wet,01 - Traffic signal,01 - Functioning,03 - P.D. only,05 - Turning movement,0
17-6202,MEADOWLANDS DR btwn APELDOORN AVE & CLAYMOR AVE,366884.73853,5025258.13965,-75.70747030560,45.36451726990,2017-07-07,5:23:00 PM,02 - Rain,01 - Daylight,02 - Wet,10 - No control,,03 - P.D. only,03 - Rear end,0
17-6203,CONOVER ST @ KNOXDALE RD,361983.34785,5021007.49449,-75.77052407780,45.32668716980,2017-07-07,5:31:00 PM,02 - Rain,01 - Daylight,02 - Wet,02 - Stop sign,00 - Unknown,03 - P.D. only,03 - Rear end,0
17-6204,CARLING AVE @ BROADVIEW AVE,363181.68994,5026637.20381,-75.75457365530,45.37724411880,2017-07-07,6:24:00 PM,02 - Rain,01 - Daylight,02 - Wet,01 - Traffic signal,01 - Functioning,02 - Non-fatal injury,05 - Turning movement,0
17-6205,WEST HUNT CLUB RD @ CLEOPATRA DR/LANCELOT DR,365237.37224,5021733.16290,-75.72892825590,45.33294400250,2017-07-07,6:28:00 PM,01 - Clear,01 - Daylight,01 - Dry,01 - Traffic signal,01 - Functioning,02 - Non-fatal injury,03 - Rear end,0
17-6206,CAMPEAU DR btwn TERRY FOX DR & HERLIHEY WAY,350463.96190,5019041.89333,-75.91764707500,45.30984417240,2017-07-07,6:30:00 PM,01 - Clear,01 - Daylight,01 - Dry,10 - No control,,03 - P.D. only,05 - Turning movement,0
17-6207,PHEASANT RUN DR btwn FLINT CRT & JENNIFER LANE,361490.86468,5015406.66815,-75.77744653140,45.27633070740,2017-07-07,2:45:00 PM,01 - Clear,01 - Daylight,01 - Dry,10 - No control,,03 - P.D. only,02 - Angle,0
17-6208,INDUSTRIAL AVE btwn TRAINYARDS DR & RUSSELL RD,372017.07862,5030461.31098,-75.64125296290,45.41085997700,2017-07-07,8:15:00 PM,01 - Clear,05 - Dusk,01 - Dry,10 - No control,,03 - P.D. only,05 - Turning movement,0
17-6209,CEDARVIEW RD @ WEST HUNT CLUB RD,359718.34295,5019553.80880,-75.79957724330,45.31378771820,2017-07-07,11:19:00 PM,01 - Clear,07 - Dark,01 - Dry,01 - Traffic signal,01 - Functioning,03 - P.D. only,05 - Turning movement,0
17-6210,ALBERT ST @ PRESTON ST,366161.03145,5030463.90210,-75.71606051850,45.41142124440,2017-07-07,11:43:00 PM,01 - Clear,07 - Dark,01 - Dry,01 - Traffic signal,00 - Unknown,03 - P.D. only,03 - Rear end,0
17-6211,BASELINE RD @ WOODROFFE AVE,362550.02465,5023770.50470,-75.76297321190,45.35150218510,2017-07-08,9:52:00 AM,01 - Clear,01 - Daylight,01 - Dry,01 - Traffic signal,01 - Functioning,03 - P.D. only,03 - Rear end,0
17-6212,PICKFORD DR btwn SHATNER GT & CLARKSON CRES,353424.88108,5018696.95274,-75.87992244330,45.30654155920,2017-07-08,12:00:00 AM,01 - Clear,00 - Unknown,01 - Dry,10 - No control,,03 - P.D. only,06 - SMV unattended vehicle,0
17-6213,PRINCE OF WALES DR @ WEST HUNT CLUB RD,367458.71030,5021891.50330,-75.70057066990,45.33417389190,2017-07-07,4:00:00 PM,02 - Rain,01 - Daylight,02 - Wet,01 - Traffic signal,01 - Functioning,03 - P.D. only,04 - Sideswipe,0
17-6214,LACASSE AVE @ MONTREAL RD,370687.77735,5033405.79179,-75.65784004200,45.43747959520,2017-07-08,11:43:00 AM,01 - Clear,01 - Daylight,01 - Dry,01 - Traffic signal,00 - Unknown,03 - P.D. only,04 - Sideswipe,0
17-6215,KING EDWARD AVE btwn THOMAS MORE PRIV & MARIE CURIE PRIV,368856.06132,5031841.87266,-75.68145354770,45.42357824770,2017-07-08,12:32:00 PM,01 - Clear,01 - Daylight,01 - Dry,10 - No control,,02 - Non-fatal injury,07 - SMV other,0
17-6216,MURRAY ST @ SUSSEX DR,367707.09760,5032394.28155,-75.69606366840,45.42865290450,2017-07-07,12:36:00 PM,01 - Clear,01 - Daylight,01 - Dry,01 - Traffic signal,01 - Functioning,02 - Non-fatal injury,07 - SMV other,1
17-6217,CARP RD btwn HWY417 IC144 RAMP51 & HWY417 IC144 RAMP25,347546.69969,5015654.62292,-75.95514115920,45.27954794820,2017-07-08,12:36:00 PM,01 - Clear,01 - Daylight,01 - Dry,10 - No control,,03 - P.D. only,03 - Rear end,0
17-6218,BANK ST btwn BLAIS RD & RIDEAU RD,376493.35646,5018870.99443,-75.58575344020,45.30613175280,2017-07-08,12:45:00 PM,01 - Clear,01 - Daylight,01 - Dry,10 - No control,,02 - Non-fatal injury,03 - Rear end,0
17-6219,BURGUNDY LANE btwn VINEYARD DR & VINEYARD DR,378915.05200,5036845.34901,-75.55217660660,45.46760257750,2017-07-07,12:00:00 AM,01 - Clear,00 - Unknown,01 - Dry,10 - No control,,03 - P.D. only,06 - SMV unattended vehicle,0
17-6220,FALLOWFIELD RD @ MOODIE DR,359501.99035,5014635.74400,-75.80287874700,45.26955138150,2017-07-08,10:50:00 AM,01 - Clear,01 - Daylight,01 - Dry,01 - Traffic signal,01 - Functioning,03 - P.D. only,03 - Rear end,0
17-6221,PALSEN ST @ PERRY ST,364522.03275,5023304.50970,-75.73786420590,45.34714405430,2017-07-08,1:08:00 PM,01 - Clear,01 - Daylight,01 - Dry,02 - Stop sign,01 - Functioning,03 - P.D. only,03 - Rear end,0
17-6222,GOLDEN LINE RD btwn HAMILTON SIDE RD & Continuation of GOLDEN LINE RD,336320.69261,5007936.88149,-76.09871541340,45.21069191780,2017-07-08,1:15:00 PM,01 - Clear,01 - Daylight,02 - Wet,10 - No control,,03 - P.D. only,07 - SMV other,0
17-6223,BRONSON AVE @ IMPERIAL AVE/PLYMOUTH ST,367318.84941,5029642.99157,-75.70137393880,45.40393245820,2017-07-08,12:00:00 PM,01 - Clear,01 - Daylight,01 - Dry,10 - No control,00 - Unknown,03 - P.D. only,03 - Rear end,0
17-6224,BLAZER AVE @ PRINCE OF WALES DR,367353.04555,5021106.48750,-75.70201785800,45.32711988150,2017-07-07,4:00:00 PM,01 - Clear,01 - Daylight,01 - Dry,02 - Stop sign,01 - Functioning,03 - P.D. only,07 - SMV other,0
17-6225,ASHGROVE CRES btwn MOORCROFT RD & PARKFIELD CRES,361501.13238,5022089.50754,-75.77655115890,45.33646222560,2017-07-08,12:45:00 PM,01 - Clear,01 - Daylight,01 - Dry,10 - No control,,03 - P.D. only,06 - SMV unattended vehicle,0
17-6226,HWY 417 INNES IC112R57 @ INNES RD,374299.15162,5030754.06123,-75.61206000790,45.41327109210,2017-07-08,4:44:00 PM,01 - Clear,01 - Daylight,01 - Dry,01 - Traffic signal,01 - Functioning,03 - P.D. only,02 - Angle,0
17-6227,RICARDO ST btwn REXTON ST & ST. BRUNO ST,385105.73811,5036287.63369,-75.47311018330,45.46190047300,2017-07-08,5:17:00 PM,01 - Clear,01 - Daylight,01 - Dry,10 - No control,,03 - P.D. only,02 - Angle,0
17-6228,PLEASANT PARK RD @ ALTA VISTA DR,370364.05086,5028466.21041,-75.66263453500,45.39306561990,2017-07-07,1:50:00 PM,01 - Clear,01 - Daylight,01 - Dry,01 - Traffic signal,00 - Unknown,03 - P.D. only,03 - Rear end,0
17-6229,AYLMER AVE @ BANK ST,368674.71574,5028730.88129,-75.68417375000,45.39560317470,2017-07-08,6:29:00 PM,01 - Clear,01 - Daylight,01 - Dry,01 - Traffic signal,01 - Functioning,02 - Non-fatal injury,07 - SMV other,1
17-6230,CARLING AVE @ HOLLAND AVE,365416.26132,5028038.17127,-75.72587284570,45.38965998340,2017-07-08,6:50:00 PM,01 - Clear,01 - Daylight,01 - Dry,01 - Traffic signal,01 - Functioning,03 - P.D. only,04 - Sideswipe,0
17-6231,INNES RD @ 240 E OF TENTH LINE RD/HOME DEPOT E,384167.77555,5036255.08221,-75.48510749750,45.46171479320,2017-07-08,7:13:00 PM,01 - Clear,01 - Daylight,01 - Dry,01 - Traffic signal,01 - Functioning,02 - Non-fatal injury,07 - SMV other,1
17-6232,HERON RD @ JUNCTION AVE,369217.85495,5026762.92919,-75.67749418670,45.37784640430,2017-07-08,7:54:00 PM,01 - Clear,01 - Daylight,01 - Dry,02 - Stop sign,00 - Unknown,02 - Non-fatal injury,05 - Turning movement,0
17-6233,JOCKVALE RD @ FABLE ST/WEYBRIDGE DR E,362514.60308,5015143.43180,-75.76443014520,45.27387880580,2017-07-09,1:54:00 AM,01 - Clear,07 - Dark,01 - Dry,11 - Roundabout,01 - Functioning,03 - P.D. only,07 - SMV other,0
17-6234,HUNTER'S RUN DR @ JEANNE D'ARC BLVD,380567.48527,5036174.27548,-75.53115084140,45.46138750010,2017-07-09,11:55:00 AM,01 - Clear,01 - Daylight,01 - Dry,01 - Traffic signal,01 - Functioning,03 - P.D. only,04 - Sideswipe,0
17-6235,PLACE D'ORLEANS DR @ PLACE D'ORLEANS SC N,381415.02454,5037941.38939,-75.52003933230,45.47719408570,2017-07-09,1:03:00 PM,01 - Clear,01 - Daylight,01 - Dry,01 - Traffic signal,01 - Functioning,03 - P.D. only,05 - Turning movement,0
17-6236,DALHOUSIE ST btwn YORK ST & GEORGE ST,368126.48672,5032367.06371,-75.69070802090,45.42837016060,2017-06-26,12:00:00 AM,01 - Clear,00 - Unknown,01 - Dry,10 - No control,,03 - P.D. only,06 - SMV unattended vehicle,0
17-6237,TERRY FOX DR @ TRANS CANADA TRAIL,353252.84334,5015999.81000,-75.88237969120,45.28228392050,2017-07-09,2:30:00 PM,02 - Rain,01 - Daylight,02 - Wet,01 - Traffic signal,01 - Functioning,03 - P.D. only,03 - Rear end,0
17-6238,BANK ST @ RIVERSIDE DR N,369225.38145,5027984.21490,-75.67723870620,45.38883446300,2017-07-09,3:09:00 PM,01 - Clear,01 - Daylight,01 - Dry,01 - Traffic signal,01 - Functioning,03 - P.D. only,02 - Angle,0
17-6239,BANK ST @ CONROY RD,375044.75010,5022238.26928,-75.60374643990,45.33657556330,2017-07-09,3:25:00 PM,01 - Clear,01 - Daylight,01 - Dry,01 - Traffic signal,01 - Functioning,02 - Non-fatal injury,01 - Approaching,0
17-6240,TALLTREE CRES btwn ABBOTT ST E & ABBOTT ST E,351672.12036,5014771.11736,-75.90264380070,45.27133495530,2017-07-09,12:00:00 AM,02 - Rain,00 - Unknown,02 - Wet,10 - No control,,03 - P.D. only,06 - SMV unattended vehicle,0
17-6241,MONTREAL RD @ ST. LAURENT BLVD,371544.28278,5033818.30476,-75.64683769390,45.44110995850,2017-07-09,4:20:00 PM,01 - Clear,01 - Daylight,01 - Dry,01 - Traffic signal,01 - Functioning,03 - P.D. only,01 - Approaching,0
17-6242,LAURIER AVE @ NICHOLAS ST,368373.97145,5031798.26990,-75.68761897970,45.42322990370,2017-07-09,6:15:00 PM,01 - Clear,01 - Daylight,01 - Dry,01 - Traffic signal,01 - Functioning,02 - Non-fatal injury,03 - Rear end,0
17-6243,CARLING AVE @ CROYDON AVE,360657.67726,5025043.18640,-75.78697831280,45.36310700880,2017-07-09,3:40:00 PM,01 - Clear,01 - Daylight,01 - Dry,01 - Traffic signal,01 - Functioning,03 - P.D. only,05 - Turning movement,0
17-6244,AQUAVIEW DR btwn BEAUCACHE PRIV & BLACKBURN BYPS,384754.95881,5035223.72797,-75.47776795120,45.45236867470,2017-07-09,8:18:00 PM,01 - Clear,05 - Dusk,01 - Dry,10 - No control,,02 - Non-fatal injury,04 - Sideswipe,0
17-6245,MARCH RD btwn GOLDEN LINE RD & BURNT LANDS RD,332591.41648,5013196.85682,-76.14589739200,45.25818170950,2017-07-09,9:32:00 PM,02 - Rain,07 - Dark,02 - Wet,10 - No control,,03 - P.D. only,07 - SMV other,0
17-6246,MEADOWLANDS DR btwn TURN LANE & SULLIVAN AVE,363263.75667,5022840.42620,-75.75397502010,45.34307428160,2017-07-10,1:26:00 AM,01 - Clear,07 - Dark,02 - Wet,10 - No control,,03 - P.D. only,06 - SMV unattended vehicle,0
17-6247,EAGLESON RD btwn HAZELDEAN RD & 146 N OF ABBEYHILL DR/HAZELDEAN MALL S,353691.57361,5018375.74205,-75.87655339390,45.30363272510,2017-07-10,2:10:00 AM,02 - Rain,07 - Dark,02 - Wet,10 - No control,,03 - P.D. only,07 - SMV other,0
17-6248,BREWER RD @ BRONSON AVE,368109.38155,5027765.76700,-75.69151745960,45.38697069920,2017-07-10,8:23:00 AM,01 - Clear,01 - Daylight,01 - Dry,01 - Traffic signal,01 - Functioning,02 - Non-fatal injury,05 - Turning movement,0
17-6249,KNOXDALE RD @ NEWHAVEN ST,362538.35245,5021326.82649,-75.76340734400,45.32951507080,2017-07-10,12:23:00 PM,01 - Clear,01 - Daylight,01 - Dry,02 - Stop sign,01 - Functioning,03 - P.D. only,02 - Angle,0
17-6250,REGIONAL ROAD 174 btwn QUIGLEY HILL RD & REGIONAL ROAD 174 DIVIDED,387373.63960,5042387.22269,-75.44308888750,45.51651361680,2017-07-10,12:37:00 PM,02 - Rain,01 - Daylight,02 - Wet,10 - No control,,03 - P.D. only,07 - SMV other,0
17-6251,OLD PRESCOTT RD btwn CHRIS TIERNEY PRIV & BREANNA CARDILL ST,378417.12295,5009458.16583,-75.56261941380,45.22123988410,2017-07-10,1:43:00 PM,01 - Clear,01 - Daylight,01 - Dry,10 - No control,,02 - Non-fatal injury,07 - SMV other,0
17-6252,STITTSVILLE MAIN ST btwn HOBIN ST & BEVERLY ST,349715.31057,5013973.54218,-75.92765298660,45.26428579750,2017-07-10,3:36:00 PM,01 - Clear,01 - Daylight,01 - Dry,10 - No control,,03 - P.D. only,03 - Rear end,0
17-6253,FALLOWFIELD RD @ WOODROFFE AVE,365086.42592,5017902.87102,-75.73132000170,45.29849234570,2017-07-05,3:44:00 PM,01 - Clear,01 - Daylight,01 - Dry,01 - Traffic signal,01 - Functioning,02 - Non-fatal injury,05 - Turning movement,0