COLLISION_ID,LOCATION,X,Y,LONGITUDE,LATITUDE,DATE,TIME,ENVIRONMENT,LIGHT,SURFACE_CONDITION,TRAFFIC_CONTROL,TRAFFIC_CONTROL_CONDITION,COLLISION_CLASSIFICATION,IMPACT_TYPE,NO_OF_PEDESTRIANS
17-6254,RAMSAYVILLE RD @ RIDEAU RD,380352.44505,5019957.47660,-75.53638281040,45.31550283930,2017-07-10,4:23:00 PM,01 - Clear,01 - Daylight,01 - Dry,02 - Stop sign,01 - Functioning,02 - Non-fatal injury,02 - Angle,0
17-6255,COLONNADE RD @ MERIVALE RD,365363.69534,5022544.49619,-75.72721745240,45.34023338620,2017-07-10,4:47:00 PM,01 - Clear,01 - Daylight,01 - Dry,01 - Traffic signal,01 - Functioning,03 - P.D. only,05 - Turning movement,0
17-6256,ALBERT ST btwn PRESTON ST & Continuation of ALBERT ST,366252.43902,5030526.23215,-75.71488504910,45.41197405310,2017-07-10,5:10:00 PM,01 - Clear,01 - Daylight,01 - Dry,10 - No control,,02 - Non-fatal injury,07 - SMV other,1
17-6257,GREENBANK RD btwn WEST HUNT CLUB RD & FALLOWFIELD RD,363072.98339,5016751.18440,-75.75712543830,45.28829935020,2017-07-10,5:28:00 PM,01 - Clear,01 - Daylight,01 - Dry,10 - No control,,03 - P.D. only,07 - SMV other,0
17-6258,CAMPEAU DR @ HUNTMAR DR,349053.60820,5018056.46440,-75.93572041960,45.30106726970,2017-07-10,5:47:00 PM,01 - Clear,01 - Daylight,01 - Dry,11 - Roundabout,01 - Functioning,03 - P.D. only,04 - Sideswipe,0
17-6259,FALLOWFIELD RD @ RICHMOND RD,357721.30115,5013528.07821,-75.82568822690,45.25972065320,2017-07-10,5:51:00 PM,01 - Clear,01 - Daylight,01 - Dry,01 - Traffic signal,01 - Functioning,03 - P.D. only,03 - Rear end,0
17-6260,DUSSERE ST @ ST. JOSEPH BLVD,380855.73730,5037125.79099,-75.52731822530,45.46991714570,2017-07-10,7:34:00 PM,01 - Clear,01 - Daylight,01 - Dry,02 - Stop sign,00 - Unknown,03 - P.D. only,04 - Sideswipe,0
17-6261,CLEROUX CRES btwn ORIENT PARK DR & KEMPLANE CRT,379345.27477,5033324.77411,-75.54720899400,45.43588125050,2017-07-10,10:44:00 PM,01 - Clear,07 - Dark,01 - Dry,10 - No control,,03 - P.D. only,06 - SMV unattended vehicle,0
17-6262,ALBERT ST @ BOOTH ST,366430.36544,5030626.56660,-75.71259953550,45.41286118750,2017-07-10,10:55:00 PM,01 - Clear,07 - Dark,01 - Dry,01 - Traffic signal,01 - Functioning,03 - P.D. only,05 - Turning movement,0
17-6263,GREENBANK RD @ STRANDHERD DR,363933.34945,5014783.07941,-75.74639275770,45.27051847090,2017-07-11,5:07:00 AM,01 - Clear,03 - Dawn,01 - Dry,01 - Traffic signal,01 - Functioning,03 - P.D. only,03 - Rear end,0
17-6264,STITTSVILLE MAIN ST btwn CARP RD & NEIL AVE,349513.08041,5014429.86885,-75.93018875770,45.26840487330,2017-07-11,8:24:00 AM,01 - Clear,01 - Daylight,01 - Dry,10 - No control,,02 - Non-fatal injury,03 - Rear end,0
17-6265,CASTLEFRANK RD btwn KANATA AVE & KATIMAVIK RD,351929.38267,5018971.60955,-75.89896625140,45.30911492990,2017-07-11,8:25:00 AM,01 - Clear,01 - Daylight,01 - Dry,10 - No control,,03 - P.D. only,03 - Rear end,0
17-6266,BROOKFIELD RD RAMP 52 @ AIRPORT PKWY,368817.76698,5026367.19135,-75.68265340160,45.37432233890,2017-07-11,8:40:00 AM,01 - Clear,01 - Daylight,01 - Dry,10 - No control,,03 - P.D. only,04 - Sideswipe,0
17-6267,CHAMPLAIN ST @ PLACE D'ORLEANS DR,381597.34070,5038180.73350,-75.51767030240,45.47932747080,2017-07-05,10:15:00 AM,01 - Clear,01 - Daylight,01 - Dry,01 - Traffic signal,01 - Functioning,03 - P.D. only,02 - Angle,0
17-6268,ELDERWOOD TR btwn PINECONE TR & TRAILWAY CIRC,350745.40112,5014489.74982,-75.91447967290,45.26886427540,2017-07-11,5:00:00 AM,02 - Rain,03 - Dawn,02 - Wet,10 - No control,,03 - P.D. only,06 - SMV unattended vehicle,0
17-6269,HAWTHORNE RD/RUSSELL RD @ WALKLEY RD,374675.74724,5028499.54130,-75.60756856270,45.39294855860,2017-07-11,9:32:00 AM,01 - Clear,01 - Daylight,01 - Dry,01 - Traffic signal,01 - Functioning,03 - P.D. only,03 - Rear end,0
17-6270,VANIER PKWY NB btwn PRESLAND RD & COVENTRY RD,370589.16685,5031661.62781,-75.65933333120,45.42179563260,2017-07-11,9:36:00 AM,01 - Clear,01 - Daylight,01 - Dry,10 - No control,,03 - P.D. only,03 - Rear end,0
17-6271,GREENBANK RD btwn HWY417 IC129 RAMP35 & HWY417 IC129 RAMP25,360513.85385,5023359.87038,-75.78900378000,45.34797202840,2017-07-07,4:00:00 PM,02 - Rain,01 - Daylight,02 - Wet,10 - No control,,03 - P.D. only,04 - Sideswipe,0
17-6272,BANK ST btwn ALTA VISTA DR & WALKLEY RD,370304.18680,5026044.41321,-75.66372035900,45.37128071190,2017-07-11,11:38:00 AM,01 - Clear,01 - Daylight,01 - Dry,10 - No control,,03 - P.D. only,04 - Sideswipe,0
17-6273,BANK ST @ CECIL AVE,369946.38464,5026990.88329,-75.66816301300,45.37983010140,2017-07-11,11:58:00 AM,01 - Clear,01 - Daylight,01 - Dry,02 - Stop sign,01 - Functioning,02 - Non-fatal injury,02 - Angle,0
17-6274,CYRVILLE RD @ INNES RD,375048.72804,5031120.90199,-75.60243210280,45.41649688390,2017-07-10,1:20:00 PM,01 - Clear,01 - Daylight,01 - Dry,01 - Traffic signal,01 - Functioning,03 - P.D. only,03 - Rear end,0
17-6275,MCARTHUR AVE @ VANIER PKWY,370218.32991,5032692.15634,-75.66393457380,45.43110268320,2017-07-11,12:49:00 PM,01 - Clear,01 - Daylight,01 - Dry,01 - Traffic signal,01 - Functioning,02 - Non-fatal injury,03 - Rear end,0
17-6276,GREENBANK RD btwn BATEMAN DR/BELLMAN DR & GREENBANK SQUARE SC,361299.48487,5020919.16114,-75.77925735610,45.32594772820,2017-07-11,12:50:00 PM,01 - Clear,01 - Daylight,01 - Dry,10 - No control,,02 - Non-fatal injury,02 - Angle,0
17-6277,KENT ST @ LAURIER AVE,367317.33696,5031164.90758,-75.70120023720,45.41762633770,2017-07-11,1:14:00 PM,02 - Rain,01 - Daylight,02 - Wet,01 - Traffic signal,01 - Functioning,03 - P.D. only,02 - Angle,0
17-6278,REGIONAL ROAD 174 btwn OR174 IC105 RAMP63 & OR174 IC102 RAMP36,380866.27478,5037855.90104,-75.52707044660,45.47648492790,2017-07-11,2:26:00 PM,01 - Clear,01 - Daylight,01 - Dry,10 - No control,,03 - P.D. only,04 - Sideswipe,0
17-6279,ST. LAURENT BLVD @ MCARTHUR AVE,371921.46219,5032888.93763,-75.64214364270,45.43271184320,2017-07-11,2:32:00 PM,02 - Rain,01 - Daylight,02 - Wet,01 - Traffic signal,01 - Functioning,02 - Non-fatal injury,03 - Rear end,0
17-6280,8TH LINE RD btwn SPRINGHILL RD & MARVELVILLE RD,387003.33245,5007084.66008,-75.45369860750,45.19893495850,2017-07-11,12:15:00 PM,01 - Clear,01 - Daylight,01 - Dry,10 - No control,,02 - Non-fatal injury,07 - SMV other,0
17-6281,INNES RD btwn STONEHENGE CRES & BLAIR RD,375486.09276,5031389.38788,-75.59680607560,45.41886852450,2017-07-11,2:00:00 PM,01 - Clear,01 - Daylight,01 - Dry,10 - No control,,03 - P.D. only,04 - Sideswipe,0
17-6282,HEMLOCK RD btwn LANSDOWNE RD S & WHITEMARL DR,370005.11778,5034628.16787,-75.66640271230,45.44854200760,2017-07-11,3:27:00 PM,02 - Rain,01 - Daylight,02 - Wet,10 - No control,,03 - P.D. only,03 - Rear end,0
17-6283,DALY AVE @ NICHOLAS ST,368226.63005,5032045.77049,-75.68946972560,45.42547020290,2017-07-11,3:29:00 PM,02 - Rain,01 - Daylight,02 - Wet,01 - Traffic signal,01 - Functioning,03 - P.D. only,04 - Sideswipe,0
17-6284,BASELINE RD @ CLYDE AVE,364359.02085,5024890.79210,-75.73975318310,45.36143108210,2017-07-11,3:20:00 PM,02 - Rain,01 - Daylight,02 - Wet,01 - Traffic signal,01 - Functioning,03 - P.D. only,04 - Sideswipe,0
17-6285,EMMERSON AVE @ PARKDALE AVE,364713.48304,5030270.86671,-75.73457596670,45.40980978050,2017-07-11,3:43:00 PM,02 - Rain,01 - Daylight,02 - Wet,02 - Stop sign,00 - Unknown,03 - P.D. only,03 - Rear end,0
17-6286,TENTH LINE RD btwn DES EPINETTES AVE & INNES RD,383679.70116,5036808.86389,-75.49125876780,45.46675249750,2017-07-11,4:05:00 PM,01 - Clear,01 - Daylight,01 - Dry,10 - No control,,02 - Non-fatal injury,05 - Turning movement,0
17-6287,MERIVALE RD/LOTTA AVE @ CLYDE AVE,364521.69830,5024506.88487,-75.73772324430,45.35796289950,2017-07-11,4:28:00 PM,01 - Clear,01 - Daylight,01 - Dry,01 - Traffic signal,01 - Functioning,03 - P.D. only,07 - SMV other,0
17-6288,ALBERT ST @ BOOTH ST,366427.68986,5030625.89770,-75.71263379860,45.41285540450,2017-07-11,4:40:00 PM,01 - Clear,01 - Daylight,02 - Wet,01 - Traffic signal,01 - Functioning,02 - Non-fatal injury,05 - Turning movement,0
17-6289,ORLEANS BLVD @ NAVAN RD,380596.51810,5033091.47936,-75.53125458440,45.43364772770,2017-07-11,4:34:00 PM,01 - Clear,01 - Daylight,01 - Dry,02 - Stop sign,00 - Unknown,03 - P.D. only,01 - Approaching,0
17-6290,METCALFE ST @ WELLINGTON ST,367565.69920,5031819.40808,-75.69794378240,45.42349308670,2017-07-11,5:02:00 PM,01 - Clear,01 - Daylight,01 - Dry,01 - Traffic signal,01 - Functioning,03 - P.D. only,03 - Rear end,0
17-6291,HAWTHORNE RD @ LEITRIM RD,377038.42725,5022708.83340,-75.57824365400,45.34060705030,2017-07-11,5:02:00 PM,02 - Rain,01 - Daylight,02 - Wet,01 - Traffic signal,01 - Functioning,03 - P.D. only,02 - Angle,0
17-6292,BANK ST @ CHAMBERLAIN AVE N/ISABELLA ST,368082.71210,5030168.06596,-75.69154980950,45.40858827470,2017-07-11,5:16:00 PM,02 - Rain,01 - Daylight,02 - Wet,01 - Traffic signal,01 - Functioning,03 - P.D. only,03 - Rear end,0
17-6293,ANDERSON RD @ INNES RD,376281.07555,5031842.23280,-75.58658374580,45.42286218940,2017-07-10,8:45:00 AM,01 - Clear,01 - Daylight,01 - Dry,01 - Traffic signal,01 - Functioning,03 - P.D. only,03 - Rear end,0
17-6294,CARLING AVE @ MERIVALE RD EXTENSION,364950.55664,5027732.65122,-75.73185703410,45.38695112640,2017-07-11,5:28:00 PM,01 - Clear,01 - Daylight,01 - Dry,02 - Stop sign,01 - Functioning,03 - P.D. only,03 - Rear end,0
17-6295,WOODGATE WAY btwn ROYAL FIELD CRES & BENCHLAND ST,364954.01429,5017582.26507,-75.73304705070,45.29561889980,2017-07-11,5:33:00 PM,02 - Rain,01 - Daylight,02 - Wet,10 - No control,,02 - Non-fatal injury,04 - Sideswipe,0
17-6296,MERIVALE RD @ CLEOPATRA DR,365951.56610,5021122.70485,-75.71989268640,45.32738930800,2017-07-11,5:15:00 PM,01 - Clear,01 - Daylight,02 - Wet,01 - Traffic signal,01 - Functioning,02 - Non-fatal injury,03 - Rear end,0
17-6297,INDUSTRIAL AVE/INNES RD @ ST. LAURENT BLVD,373100.62076,5030005.74426,-75.62747464120,45.40665609200,2017-07-10,5:30:00 PM,01 - Clear,01 - Daylight,01 - Dry,01 - Traffic signal,01 - Functioning,03 - P.D. only,04 - Sideswipe,0
17-6298,ELGIN ST @ LAURIER AVE,367950.05068,5031549.35234,-75.69306742410,45.42102862380,2017-07-11,6:15:00 PM,01 - Clear,01 - Daylight,01 - Dry,01 - Traffic signal,01 - Functioning,03 - P.D. only,04 - Sideswipe,0
17-6299,TENTH LINE RD btwn ST. JOSEPH BLVD & OLD TENTH LINE RD,382912.45793,5038623.14453,-75.50078057150,45.48316199090,2017-07-11,6:25:00 PM,01 - Clear,01 - Daylight,01 - Dry,10 - No control,,03 - P.D. only,03 - Rear end,0
17-6300,INDUSTRIAL AVE btwn NEIGHBORHOOD WAY & TRAINYARDS DR,371380.13010,5030552.29184,-75.64937724770,45.41173947050,2017-07-11,6:31:00 PM,01 - Clear,01 - Daylight,01 - Dry,10 - No control,,03 - P.D. only,04 - Sideswipe,0
17-6301,COLONNADE RD btwn MERIVALE RD & COLONNADE RD N,365517.87560,5022606.70376,-75.72524268400,45.34077979480,2017-07-11,7:24:00 PM,02 - Rain,01 - Daylight,02 - Wet,10 - No control,,03 - P.D. only,03 - Rear end,0
17-6302,PLACE D'ORLEANS DR @ OR174 IC102 RAMP51/TRANSI,381391.48219,5038031.49461,-75.52032636140,45.47800735880,2017-07-11,7:00:00 PM,02 - Rain,01 - Daylight,02 - Wet,01 - Traffic signal,00 - Unknown,03 - P.D. only,03 - Rear end,0
17-6303,RIDEAU ST btwn WILLIAM ST & NICHOLAS ST,368136.86815,5032180.08992,-75.69059940850,45.42668689570,2017-07-11,9:29:00 PM,01 - Clear,07 - Dark,01 - Dry,10 - No control,,02 - Non-fatal injury,07 - SMV other,1
17-6304,STATION BLVD btwn BLAIR ST & ACTON ST,371138.83355,5030285.79663,-75.65249555790,45.40936457080,2017-07-11,9:52:00 PM,01 - Clear,07 - Dark,01 - Dry,10 - No control,,03 - P.D. only,06 - SMV unattended vehicle,0
17-6305,NICHOLAS ST btwn BESSERER ST & DALY AVE,368194.68794,5032097.95576,-75.68987115800,45.42594264370,2017-07-11,11:19:00 PM,01 - Clear,07 - Dark,01 - Dry,10 - No control,,02 - Non-fatal injury,04 - Sideswipe,0
17-6306,BAY ST @ SLATER ST,366981.78392,5031078.88928,-75.70549812250,45.41688227260,2017-07-11,11:24:00 PM,01 - Clear,07 - Dark,01 - Dry,01 - Traffic signal,01 - Functioning,03 - P.D. only,05 - Turning movement,0
17-6307,ST. JOSEPH BLVD @ JEANNE D'ARC BLVD,379860.40805,5036471.58090,-75.54014565660,45.46413875110,2017-07-11,11:36:00 PM,01 - Clear,07 - Dark,01 - Dry,11 - Roundabout,01 - Functioning,03 - P.D. only,02 - Angle,0
17-6308,RIVERSIDE DR btwn RAMP & TURN LANE (1),368362.94845,5027202.71908,-75.68835215260,45.38188159030,2017-07-12,7:00:00 AM,01 - Clear,01 - Daylight,01 - Dry,10 - No control,,03 - P.D. only,07 - SMV other,0
17-6309,FABLE ST btwn MALVERN DR & BLUERIDGE CRT,362470.48570,5015617.23438,-75.76493733110,45.27814572390,2017-07-12,8:19:00 AM,01 - Clear,01 - Daylight,01 - Dry,10 - No control,,03 - P.D. only,04 - Sideswipe,0
17-6310,GREENBANK RD @ STRANDHERD DR,363934.68724,5014785.75499,-75.74637539260,45.27054243350,2017-07-12,9:25:00 AM,01 - Clear,01 - Daylight,01 - Dry,01 - Traffic signal,01 - Functioning,03 - P.D. only,03 - Rear end,0
17-6311,ELGIN ST @ GLOUCESTER ST,367987.71324,5031478.24770,-75.69259533940,45.42038544780,2017-07-12,9:48:00 AM,01 - Clear,01 - Daylight,01 - Dry,10 - No control,00 - Unknown,03 - P.D. only,04 - Sideswipe,0
17-6312,CROWNRIDGE DR @ HOPE SIDE RD,356074.25722,5014981.86941,-75.84652303210,45.27292415430,2017-07-12,11:14:00 AM,01 - Clear,01 - Daylight,01 - Dry,02 - Stop sign,01 - Functioning,03 - P.D. only,04 - Sideswipe,0
17-6313,OGILVIE RD @ 125 E OF ELMLEA GT,375093.93334,5033550.36890,-75.60150783780,45.43835133170,2017-03-11,1:00:00 PM,01 - Clear,01 - Daylight,01 - Dry,01 - Traffic signal,01 - Functioning,03 - P.D. only,03 - Rear end,0
17-6314,CASTLEFRANK RD @ HAZELDEAN RD,352677.54365,5017676.76900,-75.88955066810,45.29741304530,2017-07-11,9:48:00 AM,01 - Clear,01 - Daylight,01 - Dry,01 - Traffic signal,01 - Functioning,03 - P.D. only,05 - Turning movement,0
17-6315,MONTREAL RD @ ST. LAURENT BLVD,371544.42698,5033817.27572,-75.64683599040,45.44110068530,2017-07-11,12:45:00 PM,01 - Clear,01 - Daylight,01 - Dry,01 - Traffic signal,01 - Functioning,03 - P.D. only,05 - Turning movement,0
17-6316,GARFIELD AVE @ MAITLAND AVE,363342.35735,5025562.52770,-75.75264977840,45.36756091690,2017-07-12,1:50:00 PM,01 - Clear,01 - Daylight,01 - Dry,01 - Traffic signal,01 - Functioning,03 - P.D. only,03 - Rear end,0
17-6317,HUNT CLUB RD btwn TURN LANE & TURN LANE (1),371632.74634,5024171.64767,-75.64701403250,45.35430477830,2017-07-12,4:29:00 PM,01 - Clear,01 - Daylight,01 - Dry,10 - No control,,03 - P.D. only,04 - Sideswipe,0
17-6318,HUNTMAR DR btwn PALLADIUM DR & MAPLE GROVE RD,349998.39301,5017011.87348,-75.92376924440,45.29160757450,2017-07-12,5:22:00 PM,01 - Clear,01 - Daylight,01 - Dry,10 - No control,,03 - P.D. only,03 - Rear end,0
17-6319,CARP RD btwn HWY417 IC144 RAMP25 & WESTBROOK RD,347595.95417,5015601.07288,-75.95451799630,45.27906308860,2017-07-12,5:45:00 PM,01 - Clear,01 - Daylight,01 - Dry,10 - No control,,03 - P.D. only,02 - Angle,0
17-6320,SLATER ST btwn ALBERT ST & COMMISSIONER ST,366664.13527,5030773.84883,-75.70959464840,45.41416576360,2017-07-12,6:02:00 PM,01 - Clear,01 - Daylight,01 - Dry,10 - No control,,03 - P.D. only,02 - Angle,0
17-6321,WEST HUNT CLUB RD @ ROYDON PL/SUNDERLAND ST,365973.70761,5022169.49012,-75.71948088300,45.33680621000,2017-07-12,6:14:00 PM,01 - Clear,01 - Daylight,01 - Dry,01 - Traffic signal,01 - Functioning,02 - Non-fatal injury,05 - Turning movement,0
17-6322,CORKERY RD @ OLD ALMONTE RD,338906.48580,5013045.75125,-76.06544680870,45.25654417710,2017-07-12,7:14:00 PM,01 - Clear,01 - Daylight,01 - Dry,02 - Stop sign,01 - Functioning,03 - P.D. only,07 - SMV other,0
17-6323,CLARENCE ST @ SUSSEX DR,367752.84272,5032321.70132,-75.69548839370,45.42799573570,2017-07-12,7:37:00 PM,01 - Clear,01 - Daylight,01 - Dry,02 - Stop sign,00 - Unknown,02 - Non-fatal injury,05 - Turning movement,0
17-6324,CARLING AVE @ KIRKWOOD AVE S,364349.77742,5027335.62602,-75.73957640380,45.38343009990,2017-07-12,8:04:00 PM,01 - Clear,01 - Daylight,01 - Dry,01 - Traffic signal,01 - Functioning,03 - P.D. only,07 - SMV other,0
17-6325,BANK ST @ LEITRIM RD,375357.75420,5021619.22936,-75.59984156120,45.33097429310,2017-07-12,9:09:00 PM,02 - Rain,07 - Dark,02 - Wet,01 - Traffic signal,01 - Functioning,03 - P.D. only,04 - Sideswipe,0
17-6326,ARGYLE AVE W @ METCALFE ST,368338.11230,5030579.17477,-75.68823435620,45.41226415790,2017-07-12,11:30:00 PM,02 - Rain,07 - Dark,02 - Wet,01 - Traffic signal,01 - Functioning,02 - Non-fatal injury,07 - SMV other,0
17-6327,BAY ST @ SPARKS ST,366854.87202,5031278.67646,-75.70709437000,45.41869116540,2017-07-12,11:30:00 PM,01 - Clear,07 - Dark,01 - Dry,01 - Traffic signal,01 - Functioning,03 - P.D. only,02 - Angle,0
17-6328,MCCORDICK RD @ ROGER STEVENS DR,364681.97595,4998309.26660,-75.73883183610,45.12222181110,2017-07-13,7:20:00 AM,01 - Clear,01 - Daylight,02 - Wet,02 - Stop sign,01 - Functioning,01 - Fatal injury,02 - Angle,0
17-6329,VANIER PKWY/CRICHTON ST @ BEECHWOOD AVE/ST. PA,369127.12788,5033491.15689,-75.67777459910,45.43839300050,2017-07-13,7:54:00 AM,01 - Clear,01 - Daylight,01 - Dry,01 - Traffic signal,01 - Functioning,02 - Non-fatal injury,02 - Angle,0
17-6330,WELLINGTON ST btwn TO BE DETERMINED & BAY ST,366693.21376,5031278.92364,-75.70915972710,45.41870770820,2017-07-13,8:09:00 AM,01 - Clear,01 - Daylight,01 - Dry,10 - No control,,03 - P.D. only,04 - Sideswipe,0
17-6331,TENTH LINE RD @ CHARLEMAGNE BLVD S/DES EPINETT,383640.97510,5036900.45590,-75.49173924100,45.46758093120,2017-07-13,8:12:00 AM,01 - Clear,01 - Daylight,01 - Dry,01 - Traffic signal,01 - Functioning,02 - Non-fatal injury,03 - Rear end,0
17-6332,RIVERSIDE DR @ BROOKFIELD RD/HOG'S BACK RD,368166.76425,5026223.23156,-75.69098270870,45.37308619900,2017-07-13,8:55:00 AM,01 - Clear,01 - Daylight,01 - Dry,01 - Traffic signal,00 - Unknown,03 - P.D. only,05 - Turning movement,0
17-6333,MOODIE DR @ WEST HUNT CLUB RD,357907.65170,5018496.95194,-75.82278221900,45.30441728530,2017-07-13,8:58:00 AM,01 - Clear,01 - Daylight,01 - Dry,01 - Traffic signal,01 - Functioning,03 - P.D. only,03 - Rear end,0
17-6334,TERRY FOX DR S @ DIDSBURY RD/CENTRUM KANATA SC,350623.38878,5018917.21352,-75.91562553720,45.30871188590,2017-07-13,9:00:00 AM,01 - Clear,01 - Daylight,01 - Dry,01 - Traffic signal,01 - Functioning,02 - Non-fatal injury,02 - Angle,0
17-6335,ST. LAURENT BLVD @ WALKLEY RD,373902.75010,5028046.21407,-75.61750334190,45.38894643460,2017-07-13,8:00:00 AM,01 - Clear,01 - Daylight,02 - Wet,01 - Traffic signal,00 - Unknown,03 - P.D. only,07 - SMV other,0
17-6336,MICHAEL ST btwn KENASTON ST & BELFAST RD,373091.70326,5030774.07452,-75.62748210640,45.41357003800,2017-07-13,12:12:00 PM,01 - Clear,01 - Daylight,01 - Dry,10 - No control,,03 - P.D. only,07 - SMV other,0
17-6337,FISHER AVE btwn FOREST PARK AVE & MEADOWLANDS DR,366554.60872,5025095.52529,-75.71170442830,45.36308326040,2017-07-13,12:59:00 PM,01 - Clear,01 - Daylight,01 - Dry,10 - No control,,02 - Non-fatal injury,07 - SMV other,1
17-6338,KING EDWARD AVE @ WILBROD ST,368675.70850,5032138.94167,-75.68371944400,45.42626765900,2017-07-13,3:20:00 PM,01 - Clear,01 - Daylight,01 - Dry,01 - Traffic signal,01 - Functioning,02 - Non-fatal injury,07 - SMV other,1
17-6339,CYRVILLE RD btwn LABRIE AVE & STAR TOP RD,373542.85519,5031628.57028,-75.62159951110,45.42121419630,2017-07-13,3:43:00 PM,01 - Clear,01 - Daylight,01 - Dry,10 - No control,,03 - P.D. only,02 - Angle,0
17-6340,BLACKBURN BYPASS @ INNES RD E,379790.46585,5033782.20593,-75.54144995160,45.43994928610,2017-07-13,4:20:00 PM,01 - Clear,01 - Daylight,01 - Dry,01 - Traffic signal,01 - Functioning,03 - P.D. only,03 - Rear end,0
17-6341,PALLADIUM DR @ SILVER SEVEN RD,351050.96667,5017888.08783,-75.91026905240,45.29942350950,2017-07-13,4:51:00 PM,01 - Clear,01 - Daylight,01 - Dry,01 - Traffic signal,01 - Functioning,03 - P.D. only,05 - Turning movement,0
17-6342,BRONSON AVE @ FOURTH AVE,367582.71016,5029009.56050,-75.69808430470,45.39820941420,2017-07-13,4:59:00 PM,01 - Clear,01 - Daylight,01 - Dry,02 - Stop sign,01 - Functioning,03 - P.D. only,02 - Angle,0
17-6343,CRESTWAY DR @ STRANDHERD DR,366347.50430,5015472.03576,-75.71554371930,45.27651052760,2017-07-13,6:00:00 PM,01 - Clear,01 - Daylight,01 - Dry,01 - Traffic signal,01 - Functioning,03 - P.D. only,03 - Rear end,0
17-6344,BAYVIEW RD @ SCOTT ST/ALBERT ST,365520.24001,5030070.66184,-75.72429485440,45.40793885720,2017-07-13,6:10:00 PM,01 - Clear,01 - Daylight,01 - Dry,01 - Traffic signal,01 - Functioning,03 - P.D. only,03 - Rear end,0
17-6345,REGIONAL ROAD 174 EB btwn OR174 IC109 RAMP55 & TRANSIT,376480.56146,5035002.21954,-75.58357481430,45.45127338600,2017-07-13,5:30:00 AM,01 - Clear,03 - Dawn,01 - Dry,10 - No control,,03 - P.D. only,07 - SMV other,0
17-6346,CLARE ST @ KIRKWOOD AVE,364068.22481,5027971.51249,-75.74309502840,45.38917557580,2017-07-04,6:15:00 PM,01 - Clear,01 - Daylight,01 - Dry,01 - Traffic signal,01 - Functioning,03 - P.D. only,03 - Rear end,0
17-6347,RUSSELL RD btwn SHELLEY AVE & THIRSK ST,372515.48937,5030007.46379,-75.63494846900,45.40672841560,2017-07-13,6:38:00 PM,01 - Clear,01 - Daylight,01 - Dry,10 - No control,,02 - Non-fatal injury,02 - Angle,0
17-6348,BOOTH ST @ OTTAWA RIVER PKWY/WELLINGTON ST,366263.78363,5031006.45121,-75.71468023580,45.41629393500,2017-07-13,7:30:00 PM,01 - Clear,01 - Daylight,01 - Dry,01 - Traffic signal,01 - Functioning,03 - P.D. only,03 - Rear end,0
17-6349,BALSAM ST @ ROCHESTER ST,366631.49589,5029861.26205,-75.71012609110,45.40595744810,2017-07-13,7:00:00 PM,01 - Clear,01 - Daylight,01 - Dry,02 - Stop sign,01 - Functioning,02 - Non-fatal injury,03 - Rear end,0
17-6350,PRINCE OF WALES DR btwn WELLSMERE CRT & RIDEAU HEIGHTS LANE,367460.94819,5022653.31923,-75.70044565130,45.34102837020,2017-07-13,3:40:00 AM,01 - Clear,07 - Dark,01 - Dry,10 - No control,,02 - Non-fatal injury,03 - Rear end,0
17-6351,BAYVIEW RD @ SCOTT ST/ALBERT ST,365519.95548,5030071.33448,-75.72429840570,45.40794493460,2017-07-13,9:54:00 PM,01 - Clear,07 - Dark,01 - Dry,01 - Traffic signal,01 - Functioning,03 - P.D. only,02 - Angle,0
17-6352,WINDSOR AVE btwn RIVERDALE AVE & END,369119.00598,5028422.08956,-75.67853998740,45.39278409720,2017-07-13,10:58:00 PM,01 - Clear,07 - Dark,01 - Dry,10 - No control,,03 - P.D. only,06 - SMV unattended vehicle,0
17-6353,ANDERSON RD @ INNES RD,376282.01702,5031842.52084,-75.58657167600,45.42286468440,2017-07-14,6:19:00 AM,01 - Clear,01 - Daylight,01 - Dry,01 - Traffic signal,01 - Functioning,02 - Non-fatal injury,02 - Angle,0
17-6354,FALLOWFIELD RD @ MOODIE DR,359501.65590,5014635.60969,-75.80288302440,45.26955019900,2017-07-14,7:43:00 AM,01 - Clear,01 - Daylight,01 - Dry,01 - Traffic signal,01 - Functioning,02 - Non-fatal injury,04 - Sideswipe,0
17-6355,ACACIA AVE @ BEECHWOOD AVE,369635.04205,5033941.25901,-75.67122385850,45.44239591840,2017-07-14,7:47:00 AM,01 - Clear,01 - Daylight,01 - Dry,02 - Stop sign,01 - Functioning,02 - Non-fatal injury,05 - Turning movement,0
17-6356,FALLOWFIELD RD @ WOLFGANG DR,363407.02495,5016944.79339,-75.75284450670,45.29001366870,2017-07-14,9:06:00 AM,01 - Clear,01 - Daylight,01 - Dry,02 - Stop sign,00 - Unknown,03 - P.D. only,03 - Rear end,0
17-6357,BRONSON AVE btwn BREWER WAY & RIVERSIDE DR RAMPS 34B & 42A-3,368348.11996,5027325.36797,-75.68852569340,45.38298649570,2017-07-13,4:55:00 PM,01 - Clear,01 - Daylight,01 - Dry,10 - No control,,03 - P.D. only,03 - Rear end,0
17-6358,CAMPOBELLO DR btwn CAYMAN RD & GRENADINE ST,349661.37910,5016452.90660,-75.92811614020,45.28659940690,2017-07-13,12:00:00 AM,01 - Clear,00 - Unknown,01 - Dry,10 - No control,,03 - P.D. only,06 - SMV unattended vehicle,0