COLLISION_ID,LOCATION,X,Y,LONGITUDE,LATITUDE,DATE,TIME,ENVIRONMENT,LIGHT,SURFACE_CONDITION,TRAFFIC_CONTROL,TRAFFIC_CONTROL_CONDITION,COLLISION_CLASSIFICATION,IMPACT_TYPE,NO_OF_PEDESTRIANS
17-6359,KING EDWARD AVE @ LAURIER AVE,368738.50906,5032035.92917,-75.68293035680,45.42533505220,2017-07-14,9:00:00 AM,01 - Clear,01 - Daylight,01 - Dry,01 - Traffic signal,01 - Functioning,03 - P.D. only,03 - Rear end,0
17-6360,RIVERSIDE DR @ BROOKFIELD RD/HOG'S BACK RD,368168.26865,5026222.70975,-75.69096357060,45.37308136790,2017-07-14,12:31:00 PM,01 - Clear,01 - Daylight,01 - Dry,01 - Traffic signal,01 - Functioning,03 - P.D. only,99 - Other,0
17-6361,BANKFIELD RD @ PRINCE OF WALES DR,366379.35545,5008976.05530,-75.71594237080,45.21805697040,2017-07-14,12:59:00 PM,02 - Rain,01 - Daylight,02 - Wet,01 - Traffic signal,01 - Functioning,03 - P.D. only,03 - Rear end,0
17-6362,WELLINGTON ST @ HAMILTON AVE,365078.55580,5029230.91475,-75.73003953830,45.40042118310,2017-07-14,1:22:00 PM,01 - Clear,01 - Daylight,01 - Dry,02 - Stop sign,01 - Functioning,03 - P.D. only,02 - Angle,0
17-6363,FOX CRES @ WOODROFFE AVE,361807.34754,5025625.86500,-75.77223675600,45.36825735280,2017-07-14,1:58:00 PM,02 - Rain,01 - Daylight,02 - Wet,02 - Stop sign,01 - Functioning,03 - P.D. only,02 - Angle,0
17-6364,INDUSTRIAL AVE @ RIVERSIDE DR,370685.05305,5030593.89119,-75.65825096990,45.41217954880,2017-07-14,2:30:00 PM,01 - Clear,01 - Daylight,01 - Dry,01 - Traffic signal,01 - Functioning,03 - P.D. only,03 - Rear end,0
17-6365,RICHMOND RD btwn WEST HUNT CLUB RD & SEYTON DR,357153.33961,5018189.25160,-75.83243288620,45.30170518230,2017-07-14,2:48:00 PM,02 - Rain,01 - Daylight,02 - Wet,10 - No control,,03 - P.D. only,01 - Approaching,0
17-6366,GOULBOURN FORCED RD @ KANATA AVE,349775.55855,5020353.18687,-75.92630679350,45.32168797640,2017-07-14,3:07:00 PM,01 - Clear,01 - Daylight,01 - Dry,01 - Traffic signal,01 - Functioning,03 - P.D. only,05 - Turning movement,0
17-6367,INNES RD @ STAR TOP RD/WINDMILL LANE,374147.72580,5030666.25975,-75.61400678550,45.41249612180,2017-07-14,3:30:00 PM,01 - Clear,01 - Daylight,01 - Dry,01 - Traffic signal,01 - Functioning,03 - P.D. only,03 - Rear end,0
17-6368,FAIRMONT AVE @ WELLINGTON ST,365556.02648,5029698.15764,-75.72388362320,45.40458404960,2017-07-14,4:29:00 PM,01 - Clear,01 - Daylight,01 - Dry,01 - Traffic signal,01 - Functioning,03 - P.D. only,04 - Sideswipe,0
17-6369,WALKLEY RD btwn HOLLY LANE & TURN LANE,372191.92426,5027043.98972,-75.63948625810,45.38009552870,2017-07-14,4:39:00 PM,01 - Clear,01 - Daylight,01 - Dry,10 - No control,,03 - P.D. only,03 - Rear end,0
17-6370,MERIVALE RD/LOTTA AVE @ CLYDE AVE,364523.52855,5024510.65166,-75.73769942970,45.35799663670,2017-07-14,5:00:00 PM,01 - Clear,01 - Daylight,01 - Dry,01 - Traffic signal,00 - Unknown,03 - P.D. only,03 - Rear end,0
17-6371,LONGFIELDS DR btwn HIGHBURY PARK DR & MOUNTSHANNON DR,364153.29596,5016404.44297,-75.74339609210,45.28508897350,2017-07-14,5:16:00 PM,01 - Clear,01 - Daylight,01 - Dry,10 - No control,,03 - P.D. only,07 - SMV other,0
17-6372,ANDERSON RD @ INNES RD,376280.20562,5031840.22521,-75.58659515300,45.42284421510,2017-07-14,5:41:00 PM,01 - Clear,01 - Daylight,01 - Dry,01 - Traffic signal,00 - Unknown,03 - P.D. only,04 - Sideswipe,0
17-6373,FALLOWFIELD RD @ STRANDHERD DR,360752.22404,5014962.15416,-75.78691023650,45.27239009640,2017-07-14,6:11:00 PM,01 - Clear,01 - Daylight,01 - Dry,01 - Traffic signal,01 - Functioning,03 - P.D. only,03 - Rear end,0
17-6374,WINDSOR AVE btwn RIVERDALE AVE & END,369145.65606,5028438.79356,-75.67819747840,45.39293194610,2017-07-13,11:00:00 PM,01 - Clear,07 - Dark,01 - Dry,10 - No control,,03 - P.D. only,06 - SMV unattended vehicle,0
17-6375,GOLDRIDGE DR @ HIGHMONT CRT/WINDCREST CRT,350221.07720,5019688.39636,-75.92068515960,45.31567733310,2017-07-14,6:43:00 PM,01 - Clear,01 - Daylight,01 - Dry,02 - Stop sign,01 - Functioning,02 - Non-fatal injury,07 - SMV other,2
17-6376,RIVER MIST RD btwn BRAMBLING WAY & RIVER ROCK AVE,364432.21400,5012488.31611,-75.74031110990,45.24982801620,2017-07-14,7:51:00 PM,01 - Clear,01 - Daylight,02 - Wet,10 - No control,,03 - P.D. only,06 - SMV unattended vehicle,0
17-6377,GREENBANK RD @ HIGHBURY PARK DR,363615.92570,5015523.95076,-75.75034995480,45.27721146670,2017-07-14,10:40:00 PM,02 - Rain,07 - Dark,02 - Wet,01 - Traffic signal,01 - Functioning,03 - P.D. only,03 - Rear end,0
17-6378,BASELINE RD/HERON RD @ PRINCE OF WALES DR,366872.85901,5026439.66052,-75.70747347290,45.37514938500,2017-07-14,10:56:00 PM,02 - Rain,07 - Dark,02 - Wet,01 - Traffic signal,01 - Functioning,02 - Non-fatal injury,03 - Rear end,0
17-6379,OR174 IC109 RAMP64 btwn OR174 IC109 RAMP66 & REGIONAL ROAD 174,376528.59149,5035200.05279,-75.58293198750,45.45304843470,2017-07-14,11:57:00 PM,02 - Rain,07 - Dark,02 - Wet,10 - No control,,03 - P.D. only,07 - SMV other,0
17-6380,BELFAST RD @ ST. LAURENT BLVD,372860.72410,5030579.25086,-75.63045973460,45.41183960890,2017-07-15,3:40:00 AM,02 - Rain,07 - Dark,02 - Wet,01 - Traffic signal,01 - Functioning,03 - P.D. only,02 - Angle,0
17-6381,GOULBOURN FORCED RD btwn TERRY FOX DR & KANATA ROCKERIES PRIV,349260.80619,5021484.46183,-75.93277088880,45.33190028100,2017-07-15,5:05:00 AM,01 - Clear,03 - Dawn,02 - Wet,10 - No control,,03 - P.D. only,07 - SMV other,0
17-6382,INNES RD btwn STONEHENGE CRES & STONEHENGE CRES,375307.35062,5031280.33914,-75.59910527970,45.41790539890,2017-07-15,5:54:00 AM,01 - Clear,03 - Dawn,01 - Dry,10 - No control,,03 - P.D. only,02 - Angle,0
17-6383,WEST HUNT CLUB RD WB btwn MERIVALE RD & ROYDON PL,365869.10546,5022102.75461,-75.72082361920,45.33621484540,2017-07-15,7:15:00 AM,01 - Clear,01 - Daylight,02 - Wet,10 - No control,,02 - Non-fatal injury,07 - SMV other,0
17-6384,CAMERON ST @ REGIONAL RD 174,389861.22060,5042618.23690,-75.41121441700,45.51829298840,2017-07-15,8:41:00 AM,01 - Clear,01 - Daylight,01 - Dry,01 - Traffic signal,00 - Unknown,03 - P.D. only,01 - Approaching,0
17-6385,CENTER ST @ MONTREAL RD,371821.37634,5033951.44030,-75.64327799830,45.44228133870,2017-07-15,8:48:00 AM,01 - Clear,01 - Daylight,01 - Dry,02 - Stop sign,01 - Functioning,02 - Non-fatal injury,02 - Angle,0
17-6386,CYRVILLE RD @ INNES RD,375048.18394,5031119.33458,-75.60243927730,45.41648283590,2017-07-15,11:04:00 AM,01 - Clear,01 - Daylight,01 - Dry,01 - Traffic signal,01 - Functioning,03 - P.D. only,02 - Angle,0
17-6387,MARCONI AVE btwn APPLECROSS CRES & KINGHORN CRES/APPLECROSS CRES,349795.71092,5024357.52286,-75.92568558560,45.35771864610,2017-07-14,12:00:00 AM,01 - Clear,00 - Unknown,01 - Dry,10 - No control,,03 - P.D. only,06 - SMV unattended vehicle,0
17-6388,CRAIG HENRY DR @ JACK AARON DR,362421.19335,5021883.45250,-75.76483707040,45.33453319760,2017-07-15,11:08:00 AM,01 - Clear,01 - Daylight,01 - Dry,02 - Stop sign,01 - Functioning,03 - P.D. only,02 - Angle,0
17-6389,NORICE ST btwn SULLIVAN AVE & BROOK LANE,363588.97305,5022616.24549,-75.74985210300,45.34102994350,2017-07-15,12:04:00 PM,01 - Clear,01 - Daylight,01 - Dry,10 - No control,,03 - P.D. only,07 - SMV other,0
17-6390,JEANNE D'ARC BLVD  S btwn ST. JOSEPH BLVD & WOODCLIFFE PRIV,379902.42720,5036410.76979,-75.53961769320,45.46358710370,2017-07-15,12:07:00 PM,01 - Clear,01 - Daylight,01 - Dry,10 - No control,,03 - P.D. only,07 - SMV other,0
17-6391,LAURIER AVE @ LYON ST,367153.95305,5031068.47756,-75.70329983320,45.41677326950,2017-07-15,12:08:00 PM,01 - Clear,01 - Daylight,01 - Dry,01 - Traffic signal,01 - Functioning,02 - Non-fatal injury,02 - Angle,0
17-6392,ST. JOSEPH BLVD @ JEANNE D'ARC BLVD,379860.74250,5036471.26192,-75.54014142970,45.46413584500,2017-07-15,12:08:00 PM,01 - Clear,01 - Daylight,01 - Dry,11 - Roundabout,01 - Functioning,02 - Non-fatal injury,02 - Angle,0
17-6393,BLACKBURN BYPASS @ INNES RD W,377186.25325,5032175.92669,-75.57496946240,45.42577148350,2017-07-15,12:00:00 PM,01 - Clear,01 - Daylight,01 - Dry,01 - Traffic signal,01 - Functioning,03 - P.D. only,03 - Rear end,0
17-6394,WOODROFFE AVE btwn GEORGINA DR & HWY417 IC127 RAMP36,361969.65765,5025219.19840,-75.77021190640,45.36458498050,2017-07-15,12:23:00 PM,01 - Clear,01 - Daylight,01 - Dry,10 - No control,,03 - P.D. only,04 - Sideswipe,0
17-6395,MCRAE AVE @ RICHMOND RD,363609.04887,5028538.55510,-75.74889099840,45.39431643680,2017-07-15,1:28:00 PM,01 - Clear,01 - Daylight,01 - Dry,01 - Traffic signal,01 - Functioning,02 - Non-fatal injury,07 - SMV other,1
17-6396,INDUSTRIAL AVE @ RIVERSIDE DR,370683.80012,5030592.32378,-75.65826718600,45.41216556390,2017-07-15,1:45:00 PM,01 - Clear,01 - Daylight,01 - Dry,01 - Traffic signal,01 - Functioning,03 - P.D. only,03 - Rear end,0
17-6397,HUNT CLUB RD @ LORRY GREENBERG DR/SABLE RIDGE,372823.63281,5024807.89167,-75.63172894140,45.35991495060,2017-07-15,2:20:00 PM,01 - Clear,01 - Daylight,01 - Dry,01 - Traffic signal,01 - Functioning,03 - P.D. only,05 - Turning movement,0
17-6398,JEANNE D'ARC BLVD @ ORLEANS BLVD S,380940.81331,5036249.59817,-75.52636607180,45.46202460520,2017-07-15,2:36:00 PM,01 - Clear,01 - Daylight,01 - Dry,01 - Traffic signal,01 - Functioning,03 - P.D. only,04 - Sideswipe,0
17-6399,EAGLESON RD @ MICHAEL COWPLAND DR/STONEHAVEN D,354382.97690,5016624.66237,-75.86791249750,45.28782767930,2017-07-15,3:16:00 PM,01 - Clear,01 - Daylight,01 - Dry,01 - Traffic signal,01 - Functioning,03 - P.D. only,03 - Rear end,0
17-6400,RAMSEY CRES btwn DUMAURIER AVE & DUMAURIER AVE,360074.14971,5023401.65075,-75.79460999570,45.34838275880,2017-07-15,3:29:00 PM,01 - Clear,01 - Daylight,01 - Dry,10 - No control,,02 - Non-fatal injury,07 - SMV other,0
17-6401,BERRIGAN DR @ CLARIDGE DR,364654.29216,5015847.89221,-75.73707735410,45.28003865760,2017-07-15,4:07:00 PM,01 - Clear,01 - Daylight,01 - Dry,02 - Stop sign,01 - Functioning,03 - P.D. only,02 - Angle,0
17-6402,BASELINE RD @ CORDOVA ST,363593.35375,5024408.85750,-75.74958309220,45.35715932170,2017-07-15,4:19:00 PM,01 - Clear,01 - Daylight,01 - Dry,01 - Traffic signal,01 - Functioning,03 - P.D. only,03 - Rear end,0
17-6403,VIEWMOUNT DR @ MERIVALE RD,365193.05914,5022948.81438,-75.72934518570,45.34388609860,2017-07-15,7:43:00 PM,01 - Clear,01 - Daylight,01 - Dry,01 - Traffic signal,01 - Functioning,03 - P.D. only,02 - Angle,0
17-6404,ASTELIA CRES btwn SANTOLINA ST & SANTOLINA ST,349861.88550,5016161.08690,-75.92558675570,45.28396069290,2017-07-15,12:00:00 AM,01 - Clear,00 - Unknown,01 - Dry,10 - No control,,03 - P.D. only,06 - SMV unattended vehicle,0
17-6405,GREENBANK RD @ WEST HUNT CLUB RD,361479.67700,5020502.16022,-75.77700662800,45.32218102820,2017-07-15,8:48:00 PM,01 - Clear,05 - Dusk,01 - Dry,01 - Traffic signal,01 - Functioning,03 - P.D. only,05 - Turning movement,0
17-6406,INNES RD @ 260 E OF BELCOURT BLVD/WALMART SC,382347.30572,5035399.04469,-75.50851768240,45.45421733930,2017-07-15,9:09:00 PM,01 - Clear,05 - Dusk,01 - Dry,01 - Traffic signal,00 - Unknown,03 - P.D. only,05 - Turning movement,0
17-6407,CARP RD @ JUANITA AVE,340737.86385,5023332.69911,-76.04136806210,45.34901969380,2017-07-16,1:20:00 AM,01 - Clear,07 - Dark,01 - Dry,02 - Stop sign,01 - Functioning,03 - P.D. only,02 - Angle,0
17-6408,LONGFIELDS DR @ MOUNTSHANNON DR E,364886.46378,5016801.21168,-75.73400284610,45.28859679370,2017-07-16,2:19:00 AM,01 - Clear,07 - Dark,01 - Dry,11 - Roundabout,00 - Unknown,03 - P.D. only,07 - SMV other,0
17-6409,REGIONAL RD 174 @ TRIM RD,384351.81114,5039990.24810,-75.48214963890,45.49529932740,2017-07-16,3:41:00 AM,01 - Clear,07 - Dark,01 - Dry,01 - Traffic signal,01 - Functioning,03 - P.D. only,07 - SMV other,0
17-6410,BANK ST @ CHAMBERLAIN AVE N/ISABELLA ST,368082.71210,5030166.33258,-75.69155003200,45.40857267810,2017-07-16,8:49:00 AM,01 - Clear,01 - Daylight,01 - Dry,01 - Traffic signal,01 - Functioning,02 - Non-fatal injury,02 - Angle,0
17-6411,CLYDE AVE @ MAITLAND AVE,364250.22898,5025139.71379,-75.74111179990,45.36368007950,2017-07-15,6:50:00 PM,01 - Clear,01 - Daylight,01 - Dry,03 - Yield sign,00 - Unknown,03 - P.D. only,04 - Sideswipe,0
17-6412,BANK ST @ CHAMBERLAIN AVE N/ISABELLA ST,368082.80087,5030166.68799,-75.69154885210,45.40857586790,2017-07-16,10:56:00 AM,01 - Clear,01 - Daylight,01 - Dry,01 - Traffic signal,01 - Functioning,03 - P.D. only,02 - Angle,0
17-6413,CARLING AVE @ PARKDALE AVE,365627.26205,5028172.87000,-75.72316181030,45.39085367870,2017-07-16,1:45:00 PM,01 - Clear,01 - Daylight,01 - Dry,01 - Traffic signal,01 - Functioning,03 - P.D. only,02 - Angle,0
17-6414,NIXON DR @ TAYLOR WAY,374277.63216,5000769.10781,-75.61653194960,45.14347733950,2017-07-16,3:10:00 PM,01 - Clear,01 - Daylight,01 - Dry,10 - No control,00 - Unknown,02 - Non-fatal injury,07 - SMV other,0
17-6415,REGIONAL ROAD 174 btwn OR174 IC102 RAMP51 & REGIONAL ROAD 174,381361.30302,5038105.50789,-75.52070078740,45.47867657760,2017-07-16,3:54:00 PM,01 - Clear,01 - Daylight,01 - Dry,10 - No control,,03 - P.D. only,04 - Sideswipe,0
17-6416,NELSON ST @ RIDEAU ST,368650.98110,5032498.14779,-75.68398883780,45.42950192210,2017-07-16,2:30:00 PM,01 - Clear,01 - Daylight,01 - Dry,01 - Traffic signal,01 - Functioning,03 - P.D. only,04 - Sideswipe,0
17-6417,MONTREAL RD @ GRANVILLE ST/LAFONTAINE AVE,370826.88672,5033474.31649,-75.65605298640,45.43808302750,2017-07-16,6:42:00 PM,01 - Clear,01 - Daylight,01 - Dry,01 - Traffic signal,01 - Functioning,03 - P.D. only,05 - Turning movement,0
17-6418,CARLING AVE @ FAIRLAWN AVE/WOODROFFE AVE E,361934.68410,5025830.52790,-75.77058762240,45.37008852270,2017-07-16,6:51:00 PM,01 - Clear,01 - Daylight,01 - Dry,01 - Traffic signal,01 - Functioning,02 - Non-fatal injury,02 - Angle,0
17-6419,BOOTH ST btwn ARLINGTON AVE & RAYMOND ST,366856.27333,5029650.77262,-75.70728141180,45.40404363000,2017-07-16,10:02:00 PM,01 - Clear,07 - Dark,01 - Dry,10 - No control,,02 - Non-fatal injury,06 - SMV unattended vehicle,0
17-6420,DUPLANTE AVE btwn TEMPO ST & ALINE AVE,385186.53502,5038325.40002,-75.47174382040,45.48022502520,2017-07-17,12:48:00 AM,01 - Clear,07 - Dark,01 - Dry,10 - No control,,03 - P.D. only,06 - SMV unattended vehicle,0
17-6421,YORK ST WB btwn BYWARD MARKE SQ & SUSSEX DR,367808.37783,5032269.59543,-75.69478541450,45.42752190390,2017-07-17,2:32:00 AM,01 - Clear,07 - Dark,01 - Dry,10 - No control,,03 - P.D. only,07 - SMV other,0
17-6422,COLONNADE RD @ MERIVALE RD,365364.97705,5022545.77845,-75.72720094140,45.34024481360,2017-07-17,6:42:00 AM,01 - Clear,01 - Daylight,01 - Dry,01 - Traffic signal,00 - Unknown,03 - P.D. only,07 - SMV other,0
17-6423,GLYNN AVE btwn NORTH RIVER RD & SYLVESTER ST,370199.53783,5032088.13312,-75.66425492840,45.42566968800,2017-07-17,8:25:00 AM,01 - Clear,01 - Daylight,01 - Dry,10 - No control,,03 - P.D. only,06 - SMV unattended vehicle,0
17-6424,TRIM RD @ DAIRY DR/TAYLOR CREEK DR,384535.30609,5039594.89115,-75.47986645790,45.49172135180,2017-07-17,8:31:00 AM,01 - Clear,01 - Daylight,01 - Dry,11 - Roundabout,01 - Functioning,03 - P.D. only,03 - Rear end,0
17-6425,FRIEL ST @ STEWART ST,368891.79502,5032363.81392,-75.68092905120,45.42827120920,2017-07-17,8:39:00 AM,01 - Clear,01 - Daylight,01 - Dry,02 - Stop sign,01 - Functioning,02 - Non-fatal injury,02 - Angle,0
17-6426,SUSSEX DR btwn ST. PATRICK ST & MURRAY ST,367686.00675,5032429.45713,-75.69632868490,45.42897129840,2017-07-17,8:39:00 AM,01 - Clear,01 - Daylight,01 - Dry,10 - No control,,03 - P.D. only,03 - Rear end,0
17-6427,ROCKWAY CRES btwn ROCKWAY CRES & END,361287.07862,5022693.75866,-75.77921306650,45.34191652900,2017-07-15,12:00:00 AM,01 - Clear,00 - Unknown,01 - Dry,10 - No control,,03 - P.D. only,06 - SMV unattended vehicle,0
17-6428,GLANDRIEL CRES btwn TIMBERTRAIL TER & CLENDENAN CRES,386976.94934,5037893.24712,-75.44891805300,45.47612852640,2017-07-14,12:00:00 AM,02 - Rain,07 - Dark,02 - Wet,10 - No control,,03 - P.D. only,06 - SMV unattended vehicle,0
17-6429,FALLOWFIELD RD btwn HUNTLEY RD & KIMINI DR,352458.77365,5009665.55532,-75.89310839380,45.22534056400,2017-07-16,6:00:00 AM,01 - Clear,01 - Daylight,01 - Dry,10 - No control,,03 - P.D. only,07 - SMV other,0
17-6430,CARRIERE ST @ ORLEANS BLVD,380794.96056,5036609.26989,-75.52817525770,45.46527652310,2017-07-17,11:22:00 AM,01 - Clear,01 - Daylight,01 - Dry,01 - Traffic signal,01 - Functioning,03 - P.D. only,03 - Rear end,0
17-6431,MERSEY DR btwn FLAMBOROUGH WAY & WESTMORELAND AVE,349186.54076,5023798.01014,-75.93351073690,45.35272285480,2017-07-17,11:28:00 AM,01 - Clear,01 - Daylight,01 - Dry,10 - No control,,03 - P.D. only,06 - SMV unattended vehicle,0
17-6432,MERIVALE RD @ WEST HUNT CLUB RD,365613.29670,5021942.19745,-75.72410689390,45.33479239160,2017-07-17,9:05:00 AM,01 - Clear,01 - Daylight,01 - Dry,01 - Traffic signal,01 - Functioning,02 - Non-fatal injury,03 - Rear end,0
17-6433,RIDGEWOOD AVE @ RIVERSIDE DR,368281.31353,5025609.22789,-75.68959928590,45.36755118660,2017-07-15,2:55:00 PM,01 - Clear,01 - Daylight,01 - Dry,01 - Traffic signal,01 - Functioning,03 - P.D. only,03 - Rear end,0
17-6434,BANK ST @ RIDEAU RD,376954.75250,5017844.17185,-75.58001983810,45.29684558190,2017-07-17,2:35:00 PM,01 - Clear,01 - Daylight,01 - Dry,01 - Traffic signal,01 - Functioning,03 - P.D. only,03 - Rear end,0
17-6435,CEDARVIEW RD btwn BRUIN RD & HWY416 IC72 RAMP62,359568.08774,5019812.78843,-75.80146481020,45.31612976690,2017-07-17,2:55:00 PM,01 - Clear,01 - Daylight,01 - Dry,10 - No control,,02 - Non-fatal injury,05 - Turning movement,0
17-6436,BROADHEAD AVE @ CLARE ST,363875.69524,5027894.21170,-75.74556283170,45.38849630260,2017-07-17,3:18:00 PM,01 - Clear,01 - Daylight,01 - Dry,02 - Stop sign,01 - Functioning,03 - P.D. only,03 - Rear end,0
17-6437,AIRPORT PKWY btwn RAMP & TO BE DETERMINED,369821.38003,5025787.97863,-75.66991736310,45.36901835330,2017-07-17,3:21:00 PM,01 - Clear,01 - Daylight,01 - Dry,10 - No control,,03 - P.D. only,07 - SMV other,0
17-6438,CATHERINE ST @ ELGIN ST,368553.71294,5030576.23411,-75.68548049360,45.41221809010,2017-07-17,3:31:00 PM,01 - Clear,01 - Daylight,01 - Dry,01 - Traffic signal,01 - Functioning,03 - P.D. only,05 - Turning movement,0
17-6439,SHEFFIELD RD btwn INNES PARK WAY & BANTREE ST,374617.19143,5030114.77197,-75.60808768280,45.40748743910,2017-06-08,12:00:00 AM,02 - Rain,00 - Unknown,02 - Wet,10 - No control,,03 - P.D. only,06 - SMV unattended vehicle,0
17-6440,BLAIR RD @ INNES RD,375578.12607,5031438.03303,-75.59562327660,45.41929690170,2017-07-17,3:42:00 PM,01 - Clear,01 - Daylight,01 - Dry,01 - Traffic signal,01 - Functioning,03 - P.D. only,03 - Rear end,0
17-6441,BLAIR RD btwn BEAVERPOND DR & INNES RD,375551.09353,5031509.83115,-75.59595833600,45.41994563590,2017-07-17,3:46:00 PM,01 - Clear,01 - Daylight,01 - Dry,10 - No control,,03 - P.D. only,04 - Sideswipe,0
17-6442,TENTH LINE RD @ CHARLEMAGNE BLVD S/DES EPINETT,383640.97510,5036900.45590,-75.49173924100,45.46758093120,2017-07-17,3:48:00 PM,01 - Clear,01 - Daylight,01 - Dry,01 - Traffic signal,01 - Functioning,03 - P.D. only,03 - Rear end,0
17-6443,INNES RD @ JEANNE D'ARC BLVD/MER BLEUE RD,382637.15210,5035566.65144,-75.50478588120,45.45569309660,2017-07-17,3:56:00 PM,01 - Clear,01 - Daylight,01 - Dry,01 - Traffic signal,01 - Functioning,03 - P.D. only,03 - Rear end,0
17-6444,PRINCE OF WALES DR @ WEST HUNT CLUB RD,367457.49264,5021891.80771,-75.70058616580,45.33417673950,2017-07-17,5:53:00 PM,01 - Clear,01 - Daylight,01 - Dry,01 - Traffic signal,00 - Unknown,03 - P.D. only,03 - Rear end,0
17-6445,CEDAROCK DR btwn HANOVER CRT & SPRINGTREE PL,354996.48045,5016880.02572,-75.86006615590,45.29008194190,2017-07-15,12:00:00 AM,01 - Clear,00 - Unknown,01 - Dry,10 - No control,,03 - P.D. only,06 - SMV unattended vehicle,0
17-6446,TULANE CRES btwn ANTLER AVE & ANTLER AVE,363150.74092,5014979.37455,-75.75634256190,45.27235011300,2017-07-17,6:40:00 PM,01 - Clear,01 - Daylight,01 - Dry,10 - No control,,03 - P.D. only,06 - SMV unattended vehicle,0
17-6447,EVANS BLVD @ BANK ST,369929.43295,5027031.53960,-75.66837407760,45.38019748970,2017-07-17,6:56:00 PM,01 - Clear,01 - Daylight,01 - Dry,02 - Stop sign,01 - Functioning,02 - Non-fatal injury,02 - Angle,0
17-6448,OR174 IC109 RAMP65 @ MONTREAL RD,376402.70170,5034982.06085,-75.58457304660,45.45109999320,2017-07-17,7:30:00 PM,01 - Clear,01 - Daylight,01 - Dry,01 - Traffic signal,00 - Unknown,03 - P.D. only,03 - Rear end,0
17-6449,WOODROFFE AVE/HWY 417 WOODROFF IC127R25 @ HWY,362180.04626,5024694.51186,-75.76758737290,45.35984670450,2017-07-17,6:30:00 PM,01 - Clear,01 - Daylight,01 - Dry,01 - Traffic signal,01 - Functioning,03 - P.D. only,03 - Rear end,0
17-6450,ST. LAURENT BLVD @ WALKLEY RD,373902.75010,5028046.21407,-75.61750334190,45.38894643460,2017-07-17,9:15:00 PM,01 - Clear,07 - Dark,01 - Dry,01 - Traffic signal,01 - Functioning,03 - P.D. only,05 - Turning movement,0
17-6451,DALHOUSIE ST @ RIDEAU ST,368205.42705,5032226.29915,-75.68971741200,45.42709645930,2017-07-18,1:01:00 AM,01 - Clear,07 - Dark,01 - Dry,01 - Traffic signal,01 - Functioning,02 - Non-fatal injury,07 - SMV other,1
17-6452,INDUSTRIAL AVE btwn RUSSELL RD & ST. LAURENT BLVD,373026.21178,5029966.49604,-75.62843052010,45.40631021070,2017-07-18,8:00:00 AM,01 - Clear,01 - Daylight,01 - Dry,10 - No control,,03 - P.D. only,03 - Rear end,0
17-6453,BLAIR RD @ REGIONAL RD 174 N/OR174 IC112 RAMP61,374633.30075,5032992.86466,-75.60747397330,45.43338137870,2017-07-18,8:08:00 AM,01 - Clear,01 - Daylight,01 - Dry,01 - Traffic signal,00 - Unknown,03 - P.D. only,03 - Rear end,0
17-6454,MONTREAL RD @ ST. LAURENT BLVD,371545.06187,5033816.95367,-75.64682791930,45.44109772750,2017-07-18,8:19:00 AM,01 - Clear,01 - Daylight,01 - Dry,01 - Traffic signal,01 - Functioning,03 - P.D. only,05 - Turning movement,0
17-6455,BRONSON AVE @ FIFTH AVE/MADAWASKA DR,367614.75800,5028939.30913,-75.69768394850,45.39757443780,2017-07-18,8:22:00 AM,01 - Clear,01 - Daylight,01 - Dry,01 - Traffic signal,01 - Functioning,03 - P.D. only,03 - Rear end,0
17-6456,BANK ST @ SNAKE ISLAND RD/VICTORIA ST,383697.63365,5010121.83518,-75.49528652500,45.22663964220,2017-07-18,9:31:00 AM,01 - Clear,01 - Daylight,01 - Dry,01 - Traffic signal,01 - Functioning,02 - Non-fatal injury,07 - SMV other,0
17-6457,ALBION RD @ JOHNSTON RD,371504.53361,5025226.41746,-75.64850788380,45.36380744950,2017-07-17,6:30:00 PM,01 - Clear,01 - Daylight,01 - Dry,02 - Stop sign,01 - Functioning,03 - P.D. only,03 - Rear end,0
17-6458,BADGELEY AVE btwn REMNOR AVE & GOULBOURN FORCED RD,349579.75409,5020568.73482,-75.92878479440,45.32364005160,2017-07-18,12:06:00 PM,01 - Clear,01 - Daylight,01 - Dry,10 - No control,,03 - P.D. only,06 - SMV unattended vehicle,0
17-6459,NEPEAN ST @ O'CONNOR ST,367721.35093,5031225.30255,-75.69603084740,45.41813353650,2017-07-18,10:20:00 AM,01 - Clear,01 - Daylight,01 - Dry,02 - Stop sign,01 - Functioning,02 - Non-fatal injury,07 - SMV other,1
17-6460,CATHERINE ST @ LYON ST/HWY 417 LYON IC120BR36,367748.16584,5030091.87624,-75.69583301370,45.40793291110,2017-07-18,10:27:00 AM,01 - Clear,01 - Daylight,01 - Dry,01 - Traffic signal,01 - Functioning,02 - Non-fatal injury,02 - Angle,0
17-6461,KANATA AVE/CASTLEFRANK RD @ AIRD PL,351811.49800,5019069.86839,-75.90046021250,45.31000698740,2017-07-18,10:50:00 AM,01 - Clear,01 - Daylight,01 - Dry,01 - Traffic signal,01 - Functioning,03 - P.D. only,03 - Rear end,0
17-6462,BASELINE RD @ WOODROFFE AVE,362548.47254,5023770.80911,-75.76299298440,45.35150505190,2017-07-18,10:57:00 AM,01 - Clear,01 - Daylight,01 - Dry,01 - Traffic signal,01 - Functioning,03 - P.D. only,03 - Rear end,0