COLLISION_ID,LOCATION,X,Y,LONGITUDE,LATITUDE,DATE,TIME,ENVIRONMENT,LIGHT,SURFACE_CONDITION,TRAFFIC_CONTROL,TRAFFIC_CONTROL_CONDITION,COLLISION_CLASSIFICATION,IMPACT_TYPE,NO_OF_PEDESTRIANS
17-6463,MERIVALE RD @ SLACK RD,366019.06234,5020955.17402,-75.71905243570,45.32587600250,2017-07-18,11:23:00 AM,01 - Clear,01 - Daylight,01 - Dry,01 - Traffic signal,01 - Functioning,03 - P.D. only,05 - Turning movement,0
17-6464,REGIONAL ROAD 174 btwn EAST ST & EAST SHORE RD,390619.67166,5042734.92197,-75.40148758470,45.51924983640,2017-07-18,12:10:00 PM,01 - Clear,01 - Daylight,01 - Dry,10 - No control,,03 - P.D. only,07 - SMV other,0
17-6465,PARKGLEN DR @ WOODROFFE AVE,362888.15242,5023126.78034,-75.75873387580,45.34568207820,2017-07-18,12:19:00 PM,01 - Clear,01 - Daylight,01 - Dry,02 - Stop sign,01 - Functioning,03 - P.D. only,04 - Sideswipe,0
17-6466,MANN AVE btwn MARLBOROUGH AVE & RANGE RD,369787.62030,5031694.19010,-75.66957026400,45.42216353470,2017-07-18,12:19:00 PM,01 - Clear,01 - Daylight,01 - Dry,10 - No control,,03 - P.D. only,06 - SMV unattended vehicle,0
17-6467,HAZELDEAN RD btwn 246 E OF CASTLEFRANK RD & IRWIN GT,353296.46473,5018189.66421,-75.88160957880,45.30198574430,2017-07-18,12:51:00 PM,01 - Clear,01 - Daylight,01 - Dry,10 - No control,,03 - P.D. only,03 - Rear end,0
17-6468,RICHMOND RD @ WAVELL AVE,362173.44629,5027397.43951,-75.76735765060,45.38416791970,2017-07-18,1:19:00 PM,01 - Clear,01 - Daylight,01 - Dry,02 - Stop sign,01 - Functioning,03 - P.D. only,02 - Angle,0
17-6469,KING EDWARD AVE @ RIDEAU ST,368511.70720,5032413.85694,-75.68577947270,45.42875620430,2017-07-18,1:39:00 PM,01 - Clear,01 - Daylight,01 - Dry,01 - Traffic signal,01 - Functioning,03 - P.D. only,04 - Sideswipe,0
17-6470,HOGAN ST @ MEADOWLANDS DR,366122.69700,5024893.00944,-75.71724237750,45.36129897660,2017-07-18,12:00:00 PM,01 - Clear,01 - Daylight,01 - Dry,02 - Stop sign,00 - Unknown,03 - P.D. only,03 - Rear end,0
17-6471,PALLADIUM DR btwn SILVER SEVEN RD & TERRY FOX DR,351090.70544,5017917.22124,-75.90975966420,45.29968304250,2017-07-18,2:04:00 PM,01 - Clear,01 - Daylight,01 - Dry,10 - No control,,02 - Non-fatal injury,03 - Rear end,0
17-6472,KIRKWOOD AVE btwn CHATELAIN AVE & LEPAGE AVE,364780.44169,5026656.87803,-75.73415996710,45.37728610520,2017-07-18,2:54:00 PM,01 - Clear,01 - Daylight,01 - Dry,10 - No control,,03 - P.D. only,05 - Turning movement,0
17-6473,LIMEBANK RD @ RIDEAU RD,370885.29758,5014019.43510,-75.65790645120,45.26302841900,2017-07-18,1:00:00 PM,01 - Clear,01 - Daylight,01 - Dry,02 - Stop sign,01 - Functioning,03 - P.D. only,02 - Angle,0
17-6474,CARP RD @ ECHOWOODS AVE/KITTIWAKE DR,348594.96937,5014562.99542,-75.94187660910,45.26966056610,2017-07-18,3:44:00 PM,01 - Clear,01 - Daylight,01 - Dry,01 - Traffic signal,01 - Functioning,03 - P.D. only,02 - Angle,0
17-6475,ST. JOSEPH BLVD/OLD MONTREAL RD @ TRIM RD,384683.75734,5039284.24411,-75.47801802940,45.48890947820,2017-07-18,4:15:00 PM,01 - Clear,01 - Daylight,01 - Dry,11 - Roundabout,01 - Functioning,03 - P.D. only,02 - Angle,0
17-6476,BESSERER ST @ KING EDWARD AVE,368550.70520,5032339.94107,-75.68529070640,45.42808758320,2017-07-18,4:35:00 PM,01 - Clear,01 - Daylight,01 - Dry,01 - Traffic signal,01 - Functioning,03 - P.D. only,02 - Angle,0
17-6477,BRIDLE PATH DR btwn CAROUSEL CRES & ALBION RD,371904.78054,5023646.71579,-75.64361369040,45.34955563810,2017-07-18,4:41:00 PM,01 - Clear,01 - Daylight,01 - Dry,10 - No control,,02 - Non-fatal injury,06 - SMV unattended vehicle,0
17-6478,BRONSON AVE @ SUNNYSIDE AVE/UNIVERSITY RD - CA,367922.93208,5028091.32512,-75.69385660590,45.38991680750,2017-07-18,4:58:00 PM,01 - Clear,01 - Daylight,01 - Dry,01 - Traffic signal,00 - Unknown,03 - P.D. only,04 - Sideswipe,0
17-6479,KING EDWARD AVE @ ST. PATRICK ST,368248.93139,5032823.26600,-75.68908459360,45.43246380880,2017-07-18,5:31:00 PM,01 - Clear,01 - Daylight,01 - Dry,01 - Traffic signal,01 - Functioning,03 - P.D. only,04 - Sideswipe,0
17-6480,LAURIER AVE @ O'CONNOR ST,367636.05967,5031357.93627,-75.69710362230,45.41933459700,2017-07-18,5:43:00 PM,01 - Clear,01 - Daylight,01 - Dry,01 - Traffic signal,01 - Functioning,02 - Non-fatal injury,05 - Turning movement,0
17-6481,YORKS CORNERS RD btwn PANA RD & VICTORIA ST,388632.66555,5013777.86768,-75.43183622010,45.25896389380,2017-07-18,6:03:00 PM,01 - Clear,01 - Daylight,01 - Dry,10 - No control,,03 - P.D. only,07 - SMV other,0
17-6482,BRONSON AVE @ CATHERINE ST/RAYMOND ST,367251.63755,5029795.22781,-75.70221314860,45.40530823530,2017-07-18,6:53:00 PM,01 - Clear,01 - Daylight,01 - Dry,01 - Traffic signal,01 - Functioning,03 - P.D. only,04 - Sideswipe,0
17-6483,CRESTHAVEN DR btwn WOODROFFE AVE & SERENA WAY,366362.71616,5014861.09143,-75.71542560800,45.27101195000,2017-07-18,7:01:00 PM,01 - Clear,01 - Daylight,01 - Dry,10 - No control,,03 - P.D. only,06 - SMV unattended vehicle,0
17-6484,CENTRAL PARK DR S @ MERIVALE RD,364987.20040,5025597.37388,-75.73164938230,45.36773514110,2017-07-18,8:23:00 PM,01 - Clear,01 - Daylight,01 - Dry,01 - Traffic signal,01 - Functioning,02 - Non-fatal injury,03 - Rear end,0
17-6485,EVANS BLVD btwn BANK ST & WILLOWDALE AVE,369999.11565,5027023.72720,-75.66748543790,45.38012071480,2017-07-18,12:00:00 AM,01 - Clear,00 - Unknown,01 - Dry,10 - No control,,03 - P.D. only,06 - SMV unattended vehicle,0
17-6486,EAGLESON RD @ MICHAEL COWPLAND DR/STONEHAVEN D,354382.47700,5016624.60627,-75.86791887550,45.28782720970,2017-07-18,9:13:00 PM,01 - Clear,05 - Dusk,01 - Dry,01 - Traffic signal,01 - Functioning,03 - P.D. only,05 - Turning movement,0
17-6487,DUMAURIER AVE @ RICHMOND RD,359628.94132,5023733.91650,-75.80025432700,45.35140743150,2017-07-18,9:39:00 PM,01 - Clear,07 - Dark,01 - Dry,01 - Traffic signal,01 - Functioning,03 - P.D. only,02 - Angle,0
17-6488,FERNBANK RD btwn FERNBANK RD & TERRY FOX DR,353818.35496,5014693.82861,-75.87530059400,45.27049316300,2017-07-18,10:07:00 PM,01 - Clear,07 - Dark,01 - Dry,10 - No control,,03 - P.D. only,07 - SMV other,0
17-6489,RIDEAU ST btwn KING EDWARD AVE & NELSON ST,368543.75848,5032432.17894,-75.68536753480,45.42891813860,2017-07-18,9:30:00 PM,01 - Clear,07 - Dark,01 - Dry,10 - No control,,02 - Non-fatal injury,07 - SMV other,0
17-6490,STAGECOACH RD @ EMPIRE GROVE ST/STANMORE ST,376437.13735,5012153.00483,-75.58743968170,45.24569140210,2017-07-18,11:26:00 PM,01 - Clear,07 - Dark,01 - Dry,02 - Stop sign,01 - Functioning,02 - Non-fatal injury,07 - SMV other,0
17-6491,NORTH RIVERSIDE DR @ RIVERSIDE CRES,368759.90730,5010745.39999,-75.68540770780,45.23376536920,2017-07-19,12:40:00 AM,01 - Clear,07 - Dark,01 - Dry,10 - No control,,03 - P.D. only,02 - Angle,0
17-6492,BOOTH ST @ RAYMOND ST,366860.69898,5029641.56147,-75.70722604180,45.40396035870,2017-07-19,2:29:00 AM,01 - Clear,07 - Dark,01 - Dry,01 - Traffic signal,01 - Functioning,02 - Non-fatal injury,02 - Angle,0
17-6493,ELGIN ST @ SOMERSET ST,368165.98452,5031198.25292,-75.69035364810,45.41785002500,2017-07-19,8:16:00 AM,01 - Clear,01 - Daylight,01 - Dry,01 - Traffic signal,01 - Functioning,02 - Non-fatal injury,05 - Turning movement,0
17-6494,ISLAND PARK DR @ SUNNYMEDE AVE,363665.32766,5029251.52074,-75.74808718600,45.40072684500,2017-07-05,4:45:00 PM,01 - Clear,01 - Daylight,01 - Dry,02 - Stop sign,01 - Functioning,02 - Non-fatal injury,05 - Turning movement,0
17-6495,GREENBANK RD @ WEST HUNT CLUB RD,361479.07550,5020502.77995,-75.77701422900,45.32218665370,2017-07-19,10:28:00 AM,01 - Clear,01 - Daylight,01 - Dry,01 - Traffic signal,01 - Functioning,03 - P.D. only,03 - Rear end,0
17-6496,BASELINE RD @ NAVAHO DR,363084.77222,5024097.27668,-75.75611062500,45.35439820960,2017-07-19,10:56:00 AM,01 - Clear,01 - Daylight,01 - Dry,01 - Traffic signal,01 - Functioning,03 - P.D. only,03 - Rear end,0
17-6497,HUNTMAR DR btwn PALLADIUM DR & MAPLE GROVE RD,349799.27883,5017226.11634,-75.92628817030,45.29354817640,2017-07-19,12:08:00 PM,01 - Clear,01 - Daylight,01 - Dry,10 - No control,,02 - Non-fatal injury,01 - Approaching,0
17-6498,CARLING AVE @ PINECREST  RD/GREENVIEW AVE,360007.27720,5024632.22725,-75.79532592400,45.35946073430,2017-07-19,12:53:00 PM,01 - Clear,01 - Daylight,01 - Dry,01 - Traffic signal,01 - Functioning,03 - P.D. only,03 - Rear end,0
17-6499,EXHIBITION WAY btwn BANK ST & NO NAME,368587.36060,5029110.65570,-75.68524025180,45.39902822890,2017-07-18,6:00:00 PM,01 - Clear,01 - Daylight,01 - Dry,10 - No control,,03 - P.D. only,06 - SMV unattended vehicle,0
17-6500,ALBION RD/COLLISTON CRES E @ WALKLEY RD,371033.26090,5026354.97190,-75.65437177600,45.37400648630,2017-07-19,1:11:00 PM,01 - Clear,01 - Daylight,01 - Dry,01 - Traffic signal,01 - Functioning,03 - P.D. only,03 - Rear end,0
17-6501,STANWOOD DR btwn OAKVIEW AVE & ALDERCREST DR,364243.68332,5022697.50591,-75.74148896220,45.34170594580,2017-07-19,1:00:00 PM,01 - Clear,01 - Daylight,01 - Dry,10 - No control,,02 - Non-fatal injury,06 - SMV unattended vehicle,0
17-6502,GREENBANK RD @ HWY 417 IC129 RAMP57/IRIS ST,360531.94044,5023312.94292,-75.78877827270,45.34754833870,2017-07-19,12:45:00 PM,01 - Clear,01 - Daylight,01 - Dry,01 - Traffic signal,01 - Functioning,03 - P.D. only,03 - Rear end,0
17-6503,INDUSTRIAL AVE @ ALTA VISTA DR/SANDFORD FLEMIN,370885.46630,5030557.60341,-75.65569563040,45.41183414890,2017-07-19,4:31:00 PM,01 - Clear,01 - Daylight,01 - Dry,01 - Traffic signal,01 - Functioning,03 - P.D. only,03 - Rear end,0
17-6504,BANK ST @ FOURTH AVE,368367.16985,5029476.01915,-75.68800538530,45.40233568180,2017-07-19,5:03:00 PM,01 - Clear,01 - Daylight,01 - Dry,02 - Stop sign,00 - Unknown,03 - P.D. only,05 - Turning movement,0
17-6505,DESCHAMPS AVE btwn HANNAH ST & OLMSTEAD ST,370207.05303,5033326.02696,-75.66399447080,45.43680704050,2017-07-19,4:59:00 PM,01 - Clear,01 - Daylight,01 - Dry,10 - No control,,02 - Non-fatal injury,06 - SMV unattended vehicle,0
17-6506,GEORGE ST @ SUSSEX DR,367870.28685,5032130.96064,-75.69401207990,45.42626893550,2017-07-19,5:46:00 PM,01 - Clear,01 - Daylight,01 - Dry,01 - Traffic signal,01 - Functioning,03 - P.D. only,04 - Sideswipe,0
17-6507,CARLING AVE @ CHURCHILL AVE,363776.23108,5027013.27006,-75.74693819970,45.38057811430,2017-07-19,4:45:00 PM,01 - Clear,01 - Daylight,01 - Dry,01 - Traffic signal,00 - Unknown,03 - P.D. only,02 - Angle,0
17-6508,ALBION RD btwn 210 S OF HIGH RD/EARL ARMSTRONG RD/RIDEAU CARLETON RACE,374719.82615,5017529.73202,-75.60855617930,45.29424231550,2017-07-19,8:23:00 PM,01 - Clear,05 - Dusk,01 - Dry,10 - No control,,03 - P.D. only,07 - SMV other,0
17-6509,QUEEN ELIZABETH DRWY @ STRATHCONA AVE,368694.17487,5030359.59605,-75.68371421070,45.41025604450,2017-07-19,9:16:00 PM,01 - Clear,07 - Dark,01 - Dry,02 - Stop sign,01 - Functioning,03 - P.D. only,02 - Angle,0
17-6510,NINTH LINE RD btwn FARMERS WAY & HALL RD,383829.84332,5022157.95412,-75.49168663680,45.33491846240,2017-07-20,1:31:00 AM,01 - Clear,07 - Dark,01 - Dry,10 - No control,,03 - P.D. only,07 - SMV other,0
17-6511,DAVID MANCHESTER RD btwn PENNYCROSS LANE & Continuation of DAVID MANCH,344513.71996,5014946.91090,-75.99385523100,45.27335752210,2017-07-20,2:30:00 AM,01 - Clear,07 - Dark,01 - Dry,10 - No control,,03 - P.D. only,07 - SMV other,0
17-6512,BLACKWELL ST btwn BANTREE ST & LEEDS AVE,374525.70941,5029782.75133,-75.60930317230,45.40450920380,2017-07-20,7:10:00 AM,01 - Clear,01 - Daylight,01 - Dry,10 - No control,,03 - P.D. only,02 - Angle,0
17-6513,WEST HUNT CLUB RD EB btwn 545 E OF ROYDON PL/SUNDERLAND ST & ANTARES D,366955.82400,5022338.67425,-75.70692994490,45.33824218590,2017-07-20,8:25:00 AM,01 - Clear,01 - Daylight,01 - Dry,10 - No control,,03 - P.D. only,03 - Rear end,0
17-6514,ST. JOSEPH BLVD @ TENTH LINE RD,382890.75790,5038666.48352,-75.50105122500,45.48355434360,2017-07-19,9:00:00 PM,01 - Clear,05 - Dusk,01 - Dry,01 - Traffic signal,01 - Functioning,03 - P.D. only,04 - Sideswipe,0
17-6515,EARL ARMSTRONG RD @ RIVER RD,367572.38405,5014685.06640,-75.70003296980,45.26932115530,2017-07-19,11:30:00 AM,01 - Clear,01 - Daylight,01 - Dry,01 - Traffic signal,01 - Functioning,03 - P.D. only,03 - Rear end,0
17-6516,PINE VISTA DR btwn SIESTA CRT & SIESTA CRT,387145.62777,5037663.95596,-75.44679937400,45.47404573400,2017-07-19,12:00:00 AM,01 - Clear,00 - Unknown,01 - Dry,10 - No control,,03 - P.D. only,06 - SMV unattended vehicle,0
17-6517,DUNROBIN RD @ THOMAS A. DOLAN PKWY,342338.39536,5031478.33951,-76.02032359110,45.42223277370,2017-07-20,9:39:00 AM,01 - Clear,01 - Daylight,01 - Dry,01 - Traffic signal,01 - Functioning,02 - Non-fatal injury,05 - Turning movement,0
17-6518,BLACKBURN BYPASS @ NAVAN RD,379617.74710,5033275.90099,-75.54373433850,45.43541242460,2017-07-20,9:40:00 AM,01 - Clear,01 - Daylight,01 - Dry,01 - Traffic signal,00 - Unknown,03 - P.D. only,04 - Sideswipe,0
17-6519,HOLLAND AVE @ RUSKIN ST,365279.65429,5028350.52232,-75.72757900340,45.39248226170,2017-07-20,9:58:00 AM,01 - Clear,01 - Daylight,01 - Dry,02 - Stop sign,01 - Functioning,03 - P.D. only,02 - Angle,0
17-6520,BANK ST btwn COOPER ST & SOMERSET ST W,367678.98384,5030944.32704,-75.69660798660,45.41560921670,2017-07-19,12:00:00 AM,01 - Clear,00 - Unknown,01 - Dry,10 - No control,,03 - P.D. only,06 - SMV unattended vehicle,0
17-6521,MERIVALE RD @ COLDREY AVE/CRERAR AVE,364895.79670,5027391.99795,-75.73259774870,45.38389069490,2017-07-20,11:05:00 AM,01 - Clear,01 - Daylight,01 - Dry,01 - Traffic signal,00 - Unknown,03 - P.D. only,04 - Sideswipe,0
17-6522,GREENBANK RD @ STRANDHERD DR,363934.21938,5014783.61399,-75.74638160880,45.27052320810,2017-07-20,12:02:00 PM,01 - Clear,01 - Daylight,01 - Dry,01 - Traffic signal,01 - Functioning,03 - P.D. only,04 - Sideswipe,0
17-6523,FRANK KENNY RD W @ INNES RD,387532.50102,5037630.35409,-75.44185777120,45.47369769320,2017-07-19,6:30:00 PM,01 - Clear,01 - Daylight,01 - Dry,02 - Stop sign,00 - Unknown,03 - P.D. only,07 - SMV other,0
17-6524,ORANGEVILLE ST btwn BOOTH ST & LEBRETON ST S,366931.10037,5029587.86681,-75.70633357430,45.40347098360,2017-07-20,12:00:00 AM,01 - Clear,07 - Dark,01 - Dry,10 - No control,,03 - P.D. only,06 - SMV unattended vehicle,0
17-6525,PARKWAY RD btwn SALE BARN RD & JOHN QUINN RD,379688.73856,5014780.36488,-75.54562836540,45.26899281330,2017-07-20,1:31:00 PM,01 - Clear,01 - Daylight,01 - Dry,10 - No control,,03 - P.D. only,07 - SMV other,0
17-6526,CUMMINGS AVE btwn OGILVIE RD & LABELLE ST,372753.49917,5032162.70040,-75.63161109740,45.42609716050,2017-07-20,2:53:00 PM,01 - Clear,01 - Daylight,01 - Dry,10 - No control,,02 - Non-fatal injury,02 - Angle,0
17-6527,BASELINE RD @ CLYDE AVE,364359.10716,5024890.65389,-75.73975209830,45.36142983120,2017-07-20,12:40:00 PM,01 - Clear,01 - Daylight,01 - Dry,01 - Traffic signal,01 - Functioning,03 - P.D. only,03 - Rear end,0
17-6528,CARLING AVE @ CLYDE AVE/COLE AVE,363521.32856,5026852.13700,-75.75021190830,45.37914967430,2017-07-20,3:48:00 PM,01 - Clear,01 - Daylight,01 - Dry,01 - Traffic signal,01 - Functioning,02 - Non-fatal injury,02 - Angle,0
17-6529,PAUL ANKA DR @ UPLANDS DR,369458.32574,5023577.82681,-75.67484085890,45.34916560760,2017-07-20,3:54:00 PM,01 - Clear,01 - Daylight,01 - Dry,02 - Stop sign,01 - Functioning,02 - Non-fatal injury,02 - Angle,0
17-6530,CEDARVIEW RD @ WEST HUNT CLUB RD,359719.15077,5019553.76764,-75.79956694610,45.31378728430,2017-07-20,4:21:00 PM,01 - Clear,01 - Daylight,01 - Dry,01 - Traffic signal,01 - Functioning,03 - P.D. only,05 - Turning movement,0
17-6531,ROSEBELLA AVE btwn MAVIS ST & BANK ST,372984.31166,5023420.30094,-75.62986959230,45.34741431760,2017-07-20,4:21:00 PM,01 - Clear,01 - Daylight,01 - Dry,10 - No control,,03 - P.D. only,07 - SMV other,0
17-6532,MARCH RD btwn 280 S OF CARLING AVE/STATION RD & RICHARDSON SIDE RD,351165.03222,5021962.00992,-75.90843338980,45.33607413320,2017-07-20,4:00:00 PM,01 - Clear,01 - Daylight,01 - Dry,10 - No control,,03 - P.D. only,03 - Rear end,0
17-6533,FALLOWFIELD RD btwn ORR ST & GREENBANK RD,363040.88688,5016702.42202,-75.75754030020,45.28786324600,2017-07-20,4:05:00 PM,01 - Clear,01 - Daylight,01 - Dry,10 - No control,,03 - P.D. only,03 - Rear end,0
17-6534,FOURTH AVE @ O'CONNOR ST,368678.71090,5029661.32455,-75.68400222250,45.40397464110,2017-07-19,12:00:00 AM,01 - Clear,00 - Unknown,01 - Dry,02 - Stop sign,00 - Unknown,03 - P.D. only,06 - SMV unattended vehicle,0
17-6535,ST. LAURENT BLVD @ WALKLEY RD,373901.74676,5028046.85510,-75.61751606360,45.38895230100,2017-07-20,5:02:00 PM,01 - Clear,01 - Daylight,01 - Dry,01 - Traffic signal,01 - Functioning,03 - P.D. only,99 - Other,0
17-6536,CEDARVIEW RD @ WEST HUNT CLUB RD,359719.01185,5019555.14660,-75.79956856460,45.31379970350,2017-07-20,5:00:00 PM,01 - Clear,01 - Daylight,01 - Dry,01 - Traffic signal,01 - Functioning,03 - P.D. only,04 - Sideswipe,0
17-6537,BANTREE ST @ INNES RD,373706.92621,5030406.85615,-75.61967407530,45.41020567740,2017-07-20,5:44:00 PM,01 - Clear,01 - Daylight,01 - Dry,01 - Traffic signal,01 - Functioning,03 - P.D. only,03 - Rear end,0
17-6538,TERRY FOX DR @ TRANS CANADA TRAIL,353254.28252,5015999.43905,-75.88236138320,45.28228048380,2017-07-20,5:46:00 PM,01 - Clear,01 - Daylight,01 - Dry,01 - Traffic signal,01 - Functioning,03 - P.D. only,03 - Rear end,0
17-6539,METCALFE ST @ LAURIER AVE,367792.70940,5031451.87705,-75.69509019730,45.42016575900,2017-07-20,6:01:00 PM,01 - Clear,01 - Daylight,01 - Dry,01 - Traffic signal,01 - Functioning,03 - P.D. only,03 - Rear end,0
17-6540,WENTWORTH AVE @ CARLING AVE,361330.88431,5025470.42106,-75.77833664670,45.36689727200,2017-07-20,6:23:00 PM,01 - Clear,01 - Daylight,01 - Dry,02 - Stop sign,01 - Functioning,03 - P.D. only,03 - Rear end,0
17-6541,BLAIR RD @ INNES RD,375578.13340,5031439.85585,-75.59562292150,45.41931330240,2017-07-20,6:27:00 PM,01 - Clear,01 - Daylight,01 - Dry,01 - Traffic signal,01 - Functioning,03 - P.D. only,03 - Rear end,0
17-6542,CONROY RD @ JOHNSTON RD,373396.16607,5026309.74185,-75.62421332420,45.37337220350,2017-07-20,7:11:00 PM,01 - Clear,01 - Daylight,01 - Dry,01 - Traffic signal,01 - Functioning,03 - P.D. only,05 - Turning movement,0
17-6543,HUNT CLUB RD btwn NORTH BOWESVILLE RD & BILLY BISHOP PRIV,368747.20451,5022361.59365,-75.68407236710,45.33828742350,2017-07-20,7:24:00 PM,01 - Clear,01 - Daylight,01 - Dry,10 - No control,,03 - P.D. only,03 - Rear end,0
17-6544,GREENBANK RD @ WEST HUNT CLUB RD,361479.67700,5020501.57694,-75.77700669470,45.32217577960,2017-07-20,9:28:00 PM,01 - Clear,07 - Dark,01 - Dry,01 - Traffic signal,01 - Functioning,03 - P.D. only,03 - Rear end,0
17-6545,OLD MONTREAL RD @ MARKET ST E/PETER HARKNESS L,390473.57340,5042553.57510,-75.40338902930,45.51763627000,2017-07-20,10:42:00 PM,01 - Clear,07 - Dark,01 - Dry,02 - Stop sign,00 - Unknown,03 - P.D. only,07 - SMV other,0
17-6546,STONEHAVEN DR btwn RICHMOND RD & SAWYER WAY/SUMMITVIEW DR,356732.45555,5015865.79577,-75.83804255100,45.28082958750,2017-07-21,7:15:00 AM,01 - Clear,01 - Daylight,01 - Dry,10 - No control,,03 - P.D. only,02 - Angle,0
17-6547,ESPRIT DR btwn ESPRIT DR N & STORMWIND AVE,385549.68600,5035010.86500,-75.46764388060,45.45036215990,2017-07-21,7:35:00 AM,01 - Clear,01 - Daylight,01 - Dry,10 - No control,,03 - P.D. only,06 - SMV unattended vehicle,0
17-6548,WHYTE SIDE RD btwn HAWTHORNE RD & RAMSAYVILLE RD,377918.10144,5025568.89066,-75.56659761520,45.36624920430,2017-07-21,7:50:00 AM,01 - Clear,01 - Daylight,01 - Dry,10 - No control,,02 - Non-fatal injury,04 - Sideswipe,0
17-6549,EAGLESON RD @ COPE DR/CADENCE GT,354621.21032,5016027.02778,-75.86493567420,45.28243318360,2017-07-21,8:54:00 AM,01 - Clear,01 - Daylight,01 - Dry,01 - Traffic signal,01 - Functioning,03 - P.D. only,05 - Turning movement,0
17-6550,BRIDGE ST @ LONG ISLAND RD,369059.70900,5010346.30086,-75.68164136980,45.23014700410,2017-07-21,9:08:00 AM,01 - Clear,01 - Daylight,01 - Dry,01 - Traffic signal,01 - Functioning,02 - Non-fatal injury,03 - Rear end,0
17-6551,BASELINE RD @ FISHER AVE,366167.22908,5026028.80044,-75.71653292830,45.37151470450,2017-07-21,9:19:00 AM,01 - Clear,01 - Daylight,01 - Dry,01 - Traffic signal,01 - Functioning,02 - Non-fatal injury,04 - Sideswipe,0
17-6552,STRANDHERD DR @ TARTAN DR,362490.95962,5013843.09732,-75.76488250620,45.26218025810,2017-07-21,9:22:00 AM,01 - Clear,01 - Daylight,01 - Dry,02 - Stop sign,01 - Functioning,02 - Non-fatal injury,05 - Turning movement,0
17-6553,REGIONAL ROAD 174 btwn OR174 IC102 RAMP61 & OR174 IC101 RAMP36,382282.65078,5038653.75309,-75.50883105520,45.48350756670,2017-07-21,10:33:00 AM,01 - Clear,01 - Daylight,01 - Dry,10 - No control,,03 - P.D. only,03 - Rear end,0
17-6554,INDUSTRIAL AVE @ RIVERSIDE DR,370685.32743,5030592.85781,-75.65824760390,45.41217022490,2017-07-21,11:11:00 AM,01 - Clear,01 - Daylight,01 - Dry,01 - Traffic signal,01 - Functioning,03 - P.D. only,03 - Rear end,0
17-6555,COUSINEAU ST @ ST. JOSEPH BLVD,380705.20612,5037027.78149,-75.52925823870,45.46905171180,2017-07-20,11:28:00 AM,01 - Clear,01 - Daylight,01 - Dry,02 - Stop sign,01 - Functioning,03 - P.D. only,04 - Sideswipe,0
17-6556,COLONEL BY DR/SUSSEX DR @ RIDEAU ST,367922.19222,5032043.72627,-75.69336001720,45.42547934880,2017-07-21,11:42:00 AM,01 - Clear,01 - Daylight,01 - Dry,01 - Traffic signal,01 - Functioning,03 - P.D. only,04 - Sideswipe,0
17-6557,PANMURE RD btwn HWY417 IC163 RAMP15 & HWY417 IC163 RAMP16,331314.75544,5021479.71362,-76.16172074340,45.33276511210,2017-07-21,12:15:00 PM,01 - Clear,01 - Daylight,01 - Dry,10 - No control,,03 - P.D. only,03 - Rear end,0
17-6558,SANDALWOOD DR btwn BAYCREST DR & HERON RD,371464.59875,5026937.01682,-75.64878673630,45.37920261200,2017-07-21,12:52:00 PM,01 - Clear,01 - Daylight,01 - Dry,10 - No control,,03 - P.D. only,99 - Other,0
17-6559,CROYDON AVE @ RICHMOND RD,360544.41088,5025273.47664,-75.78839806380,45.36518816590,2017-07-21,1:08:00 PM,01 - Clear,01 - Daylight,01 - Dry,01 - Traffic signal,01 - Functioning,02 - Non-fatal injury,05 - Turning movement,0
17-6560,DWYER HILL RD @ ROGER STEVENS DR,354337.00124,4989350.58294,-75.87120442440,45.04240730390,2017-07-21,1:19:00 PM,01 - Clear,01 - Daylight,01 - Dry,02 - Stop sign,01 - Functioning,02 - Non-fatal injury,02 - Angle,0
17-6561,ST. LAURENT BLVD btwn CYRVILLE RD & COVENTRY RD,372254.17416,5032079.92845,-75.63800265970,45.42540074850,2017-07-21,2:18:00 PM,01 - Clear,01 - Daylight,01 - Dry,10 - No control,,03 - P.D. only,07 - SMV other,1
17-6562,CAMPEAU DR @ KNUDSON DR,351809.22203,5019846.73364,-75.90041552660,45.31699755670,2017-07-21,2:23:00 PM,01 - Clear,01 - Daylight,01 - Dry,01 - Traffic signal,01 - Functioning,03 - P.D. only,05 - Turning movement,0
17-6563,TRESTLE ST @ WINDY LANE,369616.75100,5008922.40410,-75.67473348000,45.21728382190,2017-07-21,2:35:00 PM,01 - Clear,01 - Daylight,01 - Dry,,01 - Functioning,03 - P.D. only,06 - SMV unattended vehicle,0
17-6564,GREENBANK RD @ CANFIELD RD/CRAIG HENRY DR,361107.95572,5021364.17342,-75.78164981510,45.32996733940,2017-07-21,3:02:00 PM,01 - Clear,01 - Daylight,01 - Dry,01 - Traffic signal,01 - Functioning,03 - P.D. only,05 - Turning movement,0
17-6565,JEANNE D'ARC BLVD N/OR174 IC105 RAMP63 @ TRANS,379343.00083,5037117.37261,-75.54666326490,45.47000449770,2017-07-21,3:03:00 PM,01 - Clear,01 - Daylight,01 - Dry,01 - Traffic signal,00 - Unknown,03 - P.D. only,04 - Sideswipe,0
17-6566,LAURIER AVE @ NICHOLAS ST,368373.03550,5031799.77366,-75.68763074520,45.42324351940,2017-07-21,3:15:00 PM,01 - Clear,01 - Daylight,01 - Dry,01 - Traffic signal,01 - Functioning,03 - P.D. only,03 - Rear end,0