COLLISION_ID,LOCATION,X,Y,LONGITUDE,LATITUDE,DATE,TIME,ENVIRONMENT,LIGHT,SURFACE_CONDITION,TRAFFIC_CONTROL,TRAFFIC_CONTROL_CONDITION,COLLISION_CLASSIFICATION,IMPACT_TYPE,NO_OF_PEDESTRIANS
17-6567,CONROY RD @ HUNT CLUB RD,373762.36227,5025405.21166,-75.61966481580,45.36519768050,2017-07-21,3:14:00 PM,01 - Clear,01 - Daylight,01 - Dry,01 - Traffic signal,01 - Functioning,03 - P.D. only,03 - Rear end,0
17-6568,MONTREAL RD @ VANIER PKWY,370072.70980,5033065.36662,-75.66574596650,45.43447428130,2017-07-21,3:27:00 PM,01 - Clear,01 - Daylight,01 - Dry,01 - Traffic signal,01 - Functioning,03 - P.D. only,03 - Rear end,0
17-6569,ELGIN ST @ WAVERLEY ST,368318.13497,5030952.94560,-75.68844139050,45.41562903660,2017-07-21,3:48:00 PM,01 - Clear,01 - Daylight,01 - Dry,01 - Traffic signal,01 - Functioning,02 - Non-fatal injury,04 - Sideswipe,0
17-6570,JEANNE D'ARC BLVD  S btwn ST. JOSEPH BLVD & WOODCLIFFE PRIV,379893.81672,5036424.42030,-75.53972570030,45.46371084590,2017-07-21,3:51:00 PM,01 - Clear,01 - Daylight,01 - Dry,10 - No control,,03 - P.D. only,07 - SMV other,0
17-6571,CANOTEK RD @ RAINBOW ST,376228.33656,5035171.56900,-75.58677446630,45.45282290970,2017-07-21,3:54:00 PM,01 - Clear,01 - Daylight,01 - Dry,02 - Stop sign,01 - Functioning,02 - Non-fatal injury,07 - SMV other,1
17-6572,ONTARIO ST @ NORTH RIVER RD,369938.06964,5032315.26072,-75.66756585420,45.42773768880,2017-07-21,9:00:00 AM,01 - Clear,01 - Daylight,01 - Dry,02 - Stop sign,01 - Functioning,03 - P.D. only,02 - Angle,0
17-6573,OGILVIE RD @ BATHGATE DR/CITYPARK DR W,373829.05655,5032801.91429,-75.61777840150,45.43174315830,2017-07-21,4:02:00 PM,01 - Clear,01 - Daylight,01 - Dry,01 - Traffic signal,01 - Functioning,03 - P.D. only,02 - Angle,0
17-6574,ALTA VISTA DR btwn DALE AVE & 75 S OF CALEDON ST,370704.15052,5030219.14876,-75.65805710860,45.40880596700,2017-07-21,4:02:00 PM,01 - Clear,01 - Daylight,01 - Dry,10 - No control,,03 - P.D. only,02 - Angle,0
17-6575,HAZELDEAN RD @ FRINGEWOOD DR,350756.08188,5015911.34542,-75.91421196820,45.28165554920,2017-07-21,4:11:00 PM,01 - Clear,01 - Daylight,01 - Dry,01 - Traffic signal,01 - Functioning,02 - Non-fatal injury,02 - Angle,0
17-6576,MCBEAN ST @ PERTH ST,356743.28145,5006255.35380,-75.83890812590,45.19435163390,2017-07-21,1:50:00 PM,01 - Clear,01 - Daylight,01 - Dry,01 - Traffic signal,01 - Functioning,03 - P.D. only,99 - Other,0
17-6577,BELFAST RD @ TREMBLAY RD,371558.18322,5031319.76039,-75.64699874620,45.41862786110,2017-07-21,5:00:00 PM,01 - Clear,01 - Daylight,01 - Dry,01 - Traffic signal,01 - Functioning,03 - P.D. only,04 - Sideswipe,0
17-6578,ALPINE AVE @ CARLING AVE,360497.74795,5024942.25116,-75.78903102380,45.36221152350,2017-07-21,5:26:00 PM,01 - Clear,01 - Daylight,01 - Dry,01 - Traffic signal,01 - Functioning,03 - P.D. only,04 - Sideswipe,0
17-6579,CEDARVIEW RD @ WEST HUNT CLUB RD,359719.89506,5019553.56446,-75.79955747660,45.31378539860,2017-07-21,5:28:00 PM,01 - Clear,01 - Daylight,01 - Dry,01 - Traffic signal,01 - Functioning,03 - P.D. only,03 - Rear end,0
17-6580,FALLOWFIELD RD @ HWY 416 FALLOWFI IC66R24,360278.34493,5014851.05035,-75.79296159490,45.27142791790,2017-07-21,5:59:00 PM,01 - Clear,01 - Daylight,01 - Dry,02 - Stop sign,01 - Functioning,03 - P.D. only,02 - Angle,0
17-6581,VICTORIA ST btwn 9TH LINE RD & YORKS CORNERS RD,387232.65479,5012272.77973,-75.44992119160,45.24558757320,2017-07-21,6:03:00 PM,01 - Clear,01 - Daylight,01 - Dry,10 - No control,,03 - P.D. only,03 - Rear end,0
17-6582,DONALD ST @ ST. LAURENT BLVD,372093.71290,5032472.90388,-75.63999926970,45.42895201370,2017-07-21,6:13:00 PM,01 - Clear,01 - Daylight,01 - Dry,01 - Traffic signal,01 - Functioning,02 - Non-fatal injury,05 - Turning movement,0
17-6583,HARTHILL WAY btwn TARTAN DR & BROXBURN CRES,362580.39408,5013745.05564,-75.76375439910,45.26129073190,2017-07-21,6:32:00 PM,01 - Clear,01 - Daylight,01 - Dry,10 - No control,,02 - Non-fatal injury,03 - Rear end,0
17-6584,THAMES ST btwn ARCHIBALD ST & MERIVALE RD,364783.02766,5027451.69088,-75.73403038610,45.38443746580,2017-07-21,6:54:00 PM,01 - Clear,01 - Daylight,01 - Dry,10 - No control,,03 - P.D. only,99 - Other,0
17-6585,HAWTHORNE AVE/ISABELLA ST @ QUEEN ELIZABETH DR,368665.25226,5030476.34258,-75.68406855050,45.41130913000,2017-07-21,7:17:00 PM,01 - Clear,01 - Daylight,01 - Dry,01 - Traffic signal,01 - Functioning,03 - P.D. only,02 - Angle,0
17-6586,RIVERSIDE DR btwn HERON RD & RIVERSIDE DR RAMP 34,368112.05702,5026747.97955,-75.69161382580,45.37781268730,2017-07-21,7:25:00 PM,01 - Clear,01 - Daylight,01 - Dry,10 - No control,,02 - Non-fatal injury,07 - SMV other,0
17-6587,STITTSVILLE MAIN ST @ MULKINS ST S/WINTERGREEN,350005.45166,5013641.53012,-75.92398617510,45.26127964800,2017-07-21,7:57:00 PM,01 - Clear,01 - Daylight,01 - Dry,01 - Traffic signal,00 - Unknown,03 - P.D. only,03 - Rear end,0
17-6588,CARON ST @ CUMMINGS AVE,372530.92211,5032721.08246,-75.63437832470,45.43114280210,2017-07-21,9:30:00 PM,01 - Clear,07 - Dark,01 - Dry,02 - Stop sign,01 - Functioning,02 - Non-fatal injury,03 - Rear end,0
17-6589,BASELINE RD @ WOODROFFE AVE,362549.69020,5023769.54776,-75.76297759230,45.35149360260,2017-07-21,10:10:00 PM,01 - Clear,07 - Dark,01 - Dry,01 - Traffic signal,01 - Functioning,02 - Non-fatal injury,05 - Turning movement,0
17-6590,DAVID DR @ WOODROFFE AVE,362980.68960,5022908.17784,-75.75757881520,45.34370744000,2017-07-22,2:28:00 AM,01 - Clear,07 - Dark,01 - Dry,02 - Stop sign,01 - Functioning,02 - Non-fatal injury,07 - SMV other,0
17-6591,REGIONAL ROAD 174 btwn OR174 IC112 RAMP15 & TRANSIT,375521.21652,5033367.08373,-75.59607334810,45.43665915070,2017-07-22,3:16:00 AM,01 - Clear,07 - Dark,01 - Dry,10 - No control,,03 - P.D. only,07 - SMV other,0
17-6592,ALBION RD/COLLISTON CRES E @ WALKLEY RD,371033.12626,5026353.49666,-75.65437369220,45.37399322570,2017-07-22,6:01:00 AM,01 - Clear,03 - Dawn,01 - Dry,01 - Traffic signal,01 - Functioning,02 - Non-fatal injury,07 - SMV other,0
17-6593,INNES RD @ TRIM RD,386567.37360,5037273.85665,-75.45425891820,45.47060396690,2017-07-22,11:03:00 AM,01 - Clear,01 - Daylight,01 - Dry,01 - Traffic signal,00 - Unknown,03 - P.D. only,03 - Rear end,0
17-6594,ALBION RD @ BANK ST,371946.72790,5024127.99564,-75.64301306510,45.35388201600,2017-07-22,11:11:00 AM,01 - Clear,01 - Daylight,01 - Dry,01 - Traffic signal,01 - Functioning,03 - P.D. only,03 - Rear end,0
17-6595,WEST HUNT CLUB RD WB btwn ROYDON PL/SUNDERLAND ST & 545 E OF ROYDON PL,366061.42994,5022223.99690,-75.71835498550,45.33728900060,2017-07-22,11:59:00 AM,01 - Clear,01 - Daylight,01 - Dry,10 - No control,,03 - P.D. only,03 - Rear end,0
17-6596,HAWTHORNE RD @ HUNT CLUB RD,375506.47398,5026404.93430,-75.59726011020,45.37401894700,2017-07-22,12:25:00 PM,01 - Clear,01 - Daylight,01 - Dry,01 - Traffic signal,01 - Functioning,02 - Non-fatal injury,03 - Rear end,0
17-6597,DUNBARTON CRT btwn Continuation of DUNBARTON CRT & Continuation of DUN,371193.89651,5034279.38954,-75.65125382000,45.44529194830,2017-07-22,1:24:00 PM,01 - Clear,01 - Daylight,01 - Dry,10 - No control,,03 - P.D. only,99 - Other,0
17-6598,REGIONAL ROAD 174 btwn OR174 IC105 RAMP63 & OR174 IC102 RAMP36,380321.66780,5037549.86446,-75.53408231540,45.47379057360,2017-07-22,1:57:00 PM,01 - Clear,01 - Daylight,01 - Dry,10 - No control,,02 - Non-fatal injury,07 - SMV other,0
17-6599,RENAUD RD @ RENAUD RD N,379760.06129,5032024.91406,-75.54210606110,45.42414169560,2017-07-21,12:00:00 AM,01 - Clear,00 - Unknown,01 - Dry,10 - No control,00 - Unknown,03 - P.D. only,06 - SMV unattended vehicle,0
17-6600,HOPE SIDE RD @ RICHMOND RD,356954.44111,5015486.33716,-75.83525307410,45.27739871780,2017-07-22,3:29:00 PM,01 - Clear,01 - Daylight,01 - Dry,02 - Stop sign,00 - Unknown,03 - P.D. only,03 - Rear end,0
17-6601,EAGLESON RD btwn 146 N OF ABBEYHILL DR/HAZELDEAN MALL SC & ABBEYHILL D,353820.43343,5018050.85081,-75.87494244710,45.30070030360,2017-07-22,4:13:00 PM,01 - Clear,01 - Daylight,01 - Dry,10 - No control,,02 - Non-fatal injury,03 - Rear end,0
17-6602,HAZELDEAN RD btwn EDGEWATER ST & YOUNG RD,352362.10194,5017385.12921,-75.89360036530,45.29481022130,2017-07-22,4:31:00 PM,01 - Clear,01 - Daylight,01 - Dry,10 - No control,,03 - P.D. only,03 - Rear end,0
17-6603,FALLOWFIELD RD @ GREENBANK RD,363080.67570,5016732.77428,-75.75702954650,45.28813305810,2017-07-22,4:45:00 PM,01 - Clear,01 - Daylight,01 - Dry,01 - Traffic signal,01 - Functioning,03 - P.D. only,02 - Angle,0
17-6604,HOG'S BACK RD btwn COLONEL BY DR & RIVERSIDE DR,367967.70159,5026154.64528,-75.69353270360,45.37248704920,2017-07-22,6:36:00 PM,01 - Clear,01 - Daylight,01 - Dry,10 - No control,,03 - P.D. only,03 - Rear end,0
17-6605,ARLINGTON AVE @ KENT ST,367867.63855,5030257.83874,-75.69428566110,45.40941543470,2017-07-22,7:46:00 PM,01 - Clear,01 - Daylight,01 - Dry,01 - Traffic signal,00 - Unknown,03 - P.D. only,04 - Sideswipe,0
17-6606,COOPER ST @ BANK ST,367647.33257,5030990.80142,-75.69700642070,45.41603022210,2017-07-22,7:58:00 PM,01 - Clear,01 - Daylight,01 - Dry,02 - Stop sign,01 - Functioning,03 - P.D. only,02 - Angle,0
17-6607,HUNTMAR DR @ PALLADIUM DR S,349677.16994,5017365.45510,-75.92783229380,45.29480979940,2017-07-22,6:40:00 PM,01 - Clear,01 - Daylight,01 - Dry,01 - Traffic signal,00 - Unknown,03 - P.D. only,07 - SMV other,0
17-6608,ROGER STEVENS DR btwn DWYER HILL RD & MALAKOFF RD,361849.35508,4995804.72783,-75.77512005940,45.09991943380,2017-07-22,10:51:00 PM,01 - Clear,07 - Dark,01 - Dry,10 - No control,,03 - P.D. only,07 - SMV other,0
17-6609,COOPER ST @ O'CONNOR ST,367808.17572,5031085.83874,-75.69493939810,45.41687087200,2017-07-23,2:54:00 AM,01 - Clear,07 - Dark,01 - Dry,02 - Stop sign,00 - Unknown,03 - P.D. only,04 - Sideswipe,0
17-6610,WAVERLEY ST btwn ELGIN ST & CARTIER ST,368363.90485,5030980.52430,-75.68785310070,45.41587302420,2017-07-23,1:45:00 AM,01 - Clear,07 - Dark,01 - Dry,10 - No control,,03 - P.D. only,06 - SMV unattended vehicle,0
17-6611,CARP RD @ STITTSVILLE MAIN ST,349525.38760,5014331.10556,-75.93004082020,45.26751538340,2017-07-23,9:51:00 AM,01 - Clear,01 - Daylight,01 - Dry,01 - Traffic signal,01 - Functioning,03 - P.D. only,03 - Rear end,0
17-6612,GREENBANK RD @ HALF MOON BAY,364651.59550,5013125.00410,-75.73743986390,45.25553832950,2017-07-23,10:20:00 AM,01 - Clear,01 - Daylight,01 - Dry,02 - Stop sign,01 - Functioning,03 - P.D. only,07 - SMV other,0
17-6613,INDUSTRIAL AVE @ ALTA VISTA DR/SANDFORD FLEMIN,370884.72380,5030556.89961,-75.65570520990,45.41182788650,2017-07-23,11:00:00 AM,01 - Clear,01 - Daylight,01 - Dry,01 - Traffic signal,01 - Functioning,03 - P.D. only,05 - Turning movement,0
17-6614,BASELINE RD @ MERIVALE RD,365054.09490,5025325.81565,-75.73082860050,45.36528595790,2017-07-23,1:07:00 PM,01 - Clear,01 - Daylight,01 - Dry,01 - Traffic signal,01 - Functioning,03 - P.D. only,03 - Rear end,0
17-6615,HUNT CLUB RD @ RIVERSIDE DR,368035.49999,5021945.19775,-75.69320558460,45.33460528310,2017-07-23,1:31:00 PM,01 - Clear,01 - Daylight,01 - Dry,01 - Traffic signal,01 - Functioning,02 - Non-fatal injury,03 - Rear end,0
17-6616,BANK ST @ QUEENSDALE AVE,373336.74290,5023446.66151,-75.62536893300,45.34761715090,2017-07-23,2:18:00 PM,01 - Clear,01 - Daylight,01 - Dry,01 - Traffic signal,00 - Unknown,03 - P.D. only,03 - Rear end,0
17-6617,KLONDIKE RD @ MARCH RD,349262.97100,5024060.28241,-75.93251174720,45.35507799780,2017-07-23,1:00:00 PM,01 - Clear,01 - Daylight,01 - Dry,01 - Traffic signal,01 - Functioning,03 - P.D. only,05 - Turning movement,0
17-6618,ALBERT ST @ BOOTH ST,366427.77472,5030626.79622,-75.71263260290,45.41286348150,2017-07-23,3:00:00 PM,01 - Clear,01 - Daylight,01 - Dry,01 - Traffic signal,01 - Functioning,03 - P.D. only,03 - Rear end,0
17-6619,QUEEN MARY ST btwn FRANCES ST & ISIDORE ST,371583.66615,5032094.98315,-75.64656808370,45.42560054170,2017-07-23,4:19:00 PM,01 - Clear,01 - Daylight,01 - Dry,10 - No control,,03 - P.D. only,06 - SMV unattended vehicle,0
17-6620,AMIENS ST @ PRESTONE DR,382919.02612,5037525.32930,-75.50087115630,45.47328410400,2017-07-23,4:30:00 PM,01 - Clear,01 - Daylight,01 - Dry,02 - Stop sign,01 - Functioning,03 - P.D. only,02 - Angle,0
17-6621,MOODIE DR @ ROBERTSON RD,357067.29006,5020456.43504,-75.83329089070,45.32211198420,2017-07-23,5:42:00 PM,01 - Clear,01 - Daylight,01 - Dry,01 - Traffic signal,01 - Functioning,03 - P.D. only,02 - Angle,0
17-6622,BRONSON AVE @ FIFTH AVE/MADAWASKA DR,367615.05015,5028940.05038,-75.69768012360,45.39758108160,2017-07-23,5:51:00 PM,01 - Clear,01 - Daylight,01 - Dry,01 - Traffic signal,01 - Functioning,03 - P.D. only,04 - Sideswipe,0
17-6623,INNES RD @ KEYSTONE CRT,379268.74600,5033584.66264,-75.54814768580,45.43822769730,2017-07-23,5:57:00 PM,01 - Clear,01 - Daylight,01 - Dry,02 - Stop sign,00 - Unknown,03 - P.D. only,03 - Rear end,0
17-6624,BANK ST @ HERON RD,369995.11850,5026850.63994,-75.66755932640,45.37856370360,2017-07-23,7:05:00 PM,01 - Clear,01 - Daylight,01 - Dry,01 - Traffic signal,01 - Functioning,03 - P.D. only,03 - Rear end,0
17-6625,CEDARVIEW RD @ HWY 416 WESTHUNT IC72R24,359608.19803,5019744.02619,-75.80096087240,45.31550791100,2017-07-23,7:48:00 PM,01 - Clear,01 - Daylight,01 - Dry,02 - Stop sign,00 - Unknown,03 - P.D. only,02 - Angle,0
17-6626,BRUYERE ST btwn KING EDWARD AVE & ROSE ST,368175.25417,5033061.89808,-75.68999542080,45.43461761520,2017-07-21,11:30:00 PM,01 - Clear,07 - Dark,01 - Dry,10 - No control,,03 - P.D. only,06 - SMV unattended vehicle,0
17-6627,DWYER HILL RD @ FERNBANK RD,342918.97910,5005066.12575,-76.01493604240,45.18453313780,2017-07-23,10:20:00 PM,01 - Clear,07 - Dark,01 - Dry,02 - Stop sign,01 - Functioning,03 - P.D. only,07 - SMV other,0
17-6628,REGIONAL ROAD 174 btwn OR174 IC109 RAMP64 & OR174 IC105 RAMP16,376629.27420,5035347.46450,-75.58162337150,45.45436440800,2017-07-24,6:07:00 AM,02 - Rain,01 - Daylight,02 - Wet,10 - No control,,03 - P.D. only,07 - SMV other,0
17-6629,OR174 IC109 RAMP64 btwn OR174 IC109 RAMP66 & REGIONAL ROAD 174,376375.25361,5035092.23674,-75.58490788840,45.45209409640,2017-07-24,6:16:00 AM,02 - Rain,01 - Daylight,02 - Wet,10 - No control,,02 - Non-fatal injury,04 - Sideswipe,0
17-6630,BOYD AVE @ CARLING AVE,363385.60908,5026748.18313,-75.75195703940,45.37822567390,2017-07-24,7:12:00 AM,02 - Rain,01 - Daylight,02 - Wet,02 - Stop sign,01 - Functioning,03 - P.D. only,02 - Angle,0
17-6631,WEST HUNT CLUB RD @ WOODROFFE AVE,363669.40895,5021246.48900,-75.74898876350,45.32869823630,2017-07-24,8:05:00 AM,02 - Rain,01 - Daylight,02 - Wet,01 - Traffic signal,01 - Functioning,03 - P.D. only,05 - Turning movement,0
17-6632,EMPEROR AVE @ FISHER AVE,365684.30650,5027164.04596,-75.72255779510,45.38177154020,2017-07-24,8:13:00 AM,02 - Rain,01 - Daylight,02 - Wet,02 - Stop sign,01 - Functioning,03 - P.D. only,03 - Rear end,0
17-6633,DALY AVE @ NICHOLAS ST,368227.62994,5032048.42047,-75.68945660920,45.42549395600,2017-07-23,8:15:00 PM,01 - Clear,05 - Dusk,02 - Wet,01 - Traffic signal,01 - Functioning,03 - P.D. only,03 - Rear end,0
17-6634,MOODIE DR @ WEST HUNT CLUB RD,357907.31725,5018499.79349,-75.82278617840,45.30444287960,2017-07-24,8:25:00 AM,01 - Clear,01 - Daylight,02 - Wet,01 - Traffic signal,01 - Functioning,03 - P.D. only,03 - Rear end,0
17-6635,COLONEL BY DR @ HAWTHORNE AVE/PRETORIA BRIDGE,368767.40133,5030525.19878,-75.68275730570,45.41173939200,2017-07-24,10:57:00 AM,01 - Clear,01 - Daylight,01 - Dry,01 - Traffic signal,01 - Functioning,03 - P.D. only,03 - Rear end,0
17-6636,LAFONTAINE AVE @ MCARTHUR AVE,370949.71230,5032772.47596,-75.65457752030,45.43175656800,2017-07-24,12:15:00 PM,02 - Rain,01 - Daylight,02 - Wet,01 - Traffic signal,01 - Functioning,03 - P.D. only,03 - Rear end,0
17-6637,ALBION RD @ WYLDEWOOD ST,372293.11708,5023293.26453,-75.63870656350,45.34633814030,2017-07-24,1:11:00 PM,02 - Rain,01 - Daylight,02 - Wet,02 - Stop sign,01 - Functioning,02 - Non-fatal injury,03 - Rear end,0
17-6638,GREENBANK RD @ BERRIGAN DR/WESSEX RD,363724.95762,5015275.46776,-75.74898988120,45.27496648360,2017-07-24,1:00:00 PM,02 - Rain,01 - Daylight,02 - Wet,01 - Traffic signal,01 - Functioning,03 - P.D. only,05 - Turning movement,0
17-6639,BELFAST RD @ TRAINYARDS,371882.11207,5030915.09647,-75.64291530290,45.41495589120,2017-07-24,1:19:00 PM,02 - Rain,01 - Daylight,02 - Wet,01 - Traffic signal,01 - Functioning,03 - P.D. only,03 - Rear end,0
17-6640,HOLLAND AVE @ TYNDALL ST,365032.97292,5028916.59896,-75.73066011620,45.39759696120,2017-07-24,2:54:00 PM,02 - Rain,01 - Daylight,02 - Wet,01 - Traffic signal,01 - Functioning,03 - P.D. only,05 - Turning movement,0
17-6641,MURRAY ST @ PARENT AVE,367862.68257,5032488.42407,-75.69406347480,45.42948595530,2017-07-24,3:12:00 PM,01 - Clear,01 - Daylight,02 - Wet,01 - Traffic signal,01 - Functioning,03 - P.D. only,02 - Angle,0
17-6642,RUSSELL RD @ ST. LAURENT SERVICE RD,373432.09054,5029357.95940,-75.62333084420,45.40079520340,2017-07-24,3:21:00 PM,01 - Clear,01 - Daylight,01 - Dry,02 - Stop sign,01 - Functioning,02 - Non-fatal injury,05 - Turning movement,0
17-6643,MARCH RD @ TERRY FOX DR,349863.96757,5023398.22685,-75.92490185360,45.34908231270,2017-07-24,3:37:00 PM,02 - Rain,01 - Daylight,02 - Wet,01 - Traffic signal,01 - Functioning,03 - P.D. only,03 - Rear end,0
17-6644,OGILVIE RD btwn LA VERENDRYE DR & EASTVALE DR,375433.68546,5035132.16310,-75.59693862100,45.45254913000,2017-06-26,1:30:00 PM,01 - Clear,01 - Daylight,01 - Dry,10 - No control,,02 - Non-fatal injury,03 - Rear end,0
17-6645,KANATA AVE @ TERRY FOX DR,349304.94902,5019211.81422,-75.93241197770,45.31144757520,2017-07-24,4:17:00 PM,02 - Rain,01 - Daylight,02 - Wet,01 - Traffic signal,01 - Functioning,02 - Non-fatal injury,02 - Angle,0
17-6646,FALLOWFIELD RD @ WOODROFFE AVE,365085.15000,5017901.59510,-75.73133642370,45.29848097480,2017-07-15,10:00:00 PM,01 - Clear,07 - Dark,01 - Dry,01 - Traffic signal,01 - Functioning,03 - P.D. only,04 - Sideswipe,0
17-6647,ALTA VISTA DR btwn BANK ST & EDGE HILL PL,370324.74060,5026251.32317,-75.66343053230,45.37314049970,2017-07-24,5:19:00 PM,01 - Clear,01 - Daylight,01 - Dry,10 - No control,,03 - P.D. only,02 - Angle,0
17-6648,TENTH LINE RD @ CHARLEMAGNE BLVD N/TOMPKINS AV,383184.57037,5037977.82730,-75.49740321590,45.47732551600,2017-07-24,5:40:00 PM,02 - Rain,01 - Daylight,02 - Wet,01 - Traffic signal,01 - Functioning,03 - P.D. only,03 - Rear end,0
17-6649,CONROY RD @ HUNT CLUB RD,373763.73998,5025404.52279,-75.61964732710,45.36519134650,2017-07-23,7:21:00 PM,01 - Clear,01 - Daylight,01 - Dry,01 - Traffic signal,01 - Functioning,03 - P.D. only,03 - Rear end,0
17-6650,KITCHENER AVE @ BANK ST,370540.87646,5025499.97152,-75.66077136140,45.36635983870,2017-07-24,7:57:00 PM,02 - Rain,01 - Daylight,02 - Wet,01 - Traffic signal,01 - Functioning,02 - Non-fatal injury,04 - Sideswipe,0
17-6651,EAGLESON RD @ HAZELDEAN RD/ROBERTSON RD,353673.84688,5018425.12593,-75.87677455550,45.30407832460,2017-07-24,8:31:00 PM,02 - Rain,05 - Dusk,02 - Wet,01 - Traffic signal,01 - Functioning,03 - P.D. only,03 - Rear end,0
17-6652,REGIONAL ROAD 174 EB btwn OR174 IC109 RAMP55 & TRANSIT,376466.76753,5034973.83202,-75.58375528170,45.45101938810,2017-07-24,9:27:00 PM,02 - Rain,07 - Dark,02 - Wet,10 - No control,,02 - Non-fatal injury,07 - SMV other,0
17-6653,KING EDWARD AVE SB btwn MURRAY ST & CLARENCE ST,368297.95010,5032744.22680,-75.68846836130,45.43174819350,2017-07-24,9:49:00 PM,02 - Rain,07 - Dark,02 - Wet,10 - No control,,03 - P.D. only,07 - SMV other,0
17-6654,GREENBANK RD @ STRANDHERD DR,363934.96595,5014783.77617,-75.74637207550,45.27052460480,2017-07-24,10:10:00 PM,02 - Rain,07 - Dark,02 - Wet,01 - Traffic signal,01 - Functioning,03 - P.D. only,05 - Turning movement,0
17-6655,RIVER RD btwn CABIN RD & LORNE BRIDGE RD,372886.69810,5001645.86482,-75.63409738960,45.15150180910,2017-07-24,10:14:00 PM,02 - Rain,07 - Dark,02 - Wet,10 - No control,,02 - Non-fatal injury,05 - Turning movement,0
17-6656,WELLINGTON ST @ BAYSWATER AVE/BAYVIEW RD,365761.92076,5030011.66416,-75.72121494740,45.40738700310,2017-07-24,10:18:00 PM,02 - Rain,07 - Dark,02 - Wet,02 - Stop sign,00 - Unknown,03 - P.D. only,03 - Rear end,0
17-6657,DALHOUSIE ST @ RIDEAU ST,368206.70910,5032229.50428,-75.68970061780,45.42712518150,2017-07-24,10:26:00 PM,02 - Rain,07 - Dark,02 - Wet,01 - Traffic signal,01 - Functioning,02 - Non-fatal injury,07 - SMV other,1
17-6658,O'CONNOR ST @ SLATER ST,367580.34286,5031449.61926,-75.69780379890,45.42016453300,2017-07-25,5:54:00 AM,02 - Rain,03 - Dawn,02 - Wet,01 - Traffic signal,01 - Functioning,03 - P.D. only,05 - Turning movement,0
17-6659,CARP RD btwn ARBOURBROOK BLVD & REIS RD,345262.36288,5018238.26537,-75.98404584480,45.30293178290,2017-07-25,6:25:00 AM,01 - Clear,01 - Daylight,01 - Dry,10 - No control,,03 - P.D. only,99 - Other,0
17-6660,MARCH RD btwn CORKERY RD & GREY FOX DR,336009.33889,5016187.74571,-76.10216115260,45.28495214310,2017-07-25,6:28:00 AM,01 - Clear,01 - Daylight,02 - Wet,10 - No control,,03 - P.D. only,07 - SMV other,0
17-6661,YORK ST WB btwn TO BE DETERMINED & CUMBERLAND ST,368216.21041,5032515.57953,-75.68954237150,45.42969832370,2017-07-25,8:40:00 AM,02 - Rain,01 - Daylight,02 - Wet,10 - No control,,03 - P.D. only,02 - Angle,0
17-6662,PINECREST RD @ RICHMOND RD,360071.46749,5024471.21165,-75.79452465670,45.35800686230,2017-07-24,4:40:00 PM,02 - Rain,01 - Daylight,02 - Wet,01 - Traffic signal,01 - Functioning,03 - P.D. only,03 - Rear end,0
17-6663,BANK ST btwn RANDALL AVE & 73 N OF EVANS BLVD,369793.63838,5027220.43659,-75.67008296390,45.38190973480,2017-07-25,8:54:00 AM,01 - Clear,01 - Daylight,01 - Dry,10 - No control,,03 - P.D. only,05 - Turning movement,0
17-6664,BEECHWOOD AVE @ MARIER AVE/PUTMAN AVE,369606.15343,5033906.92301,-75.67159762100,45.44208965600,2017-07-25,6:40:00 AM,01 - Clear,01 - Daylight,02 - Wet,01 - Traffic signal,00 - Unknown,03 - P.D. only,06 - SMV unattended vehicle,0
17-6665,OGILVIE RD btwn KENDER AVE & LA VERENDRYE DR,375386.35446,5035251.94346,-75.59752648870,45.45363162340,2017-07-22,12:00:00 AM,01 - Clear,00 - Unknown,01 - Dry,10 - No control,,03 - P.D. only,06 - SMV unattended vehicle,0
17-6666,ALBION RD/COLLISTON CRES E @ WALKLEY RD,371035.16895,5026354.79712,-75.65434744060,45.37400473320,2017-07-25,12:05:00 PM,01 - Clear,01 - Daylight,01 - Dry,01 - Traffic signal,01 - Functioning,02 - Non-fatal injury,05 - Turning movement,0
17-6667,CARP RD btwn CHARLIE'S LANE & JUANITA AVE,340653.27999,5023431.88137,-76.04244027960,45.34991650360,2017-07-24,12:00:00 AM,02 - Rain,00 - Unknown,02 - Wet,10 - No control,,03 - P.D. only,06 - SMV unattended vehicle,0
17-6668,CATHERINE ST @ KENT ST,367908.98955,5030187.92337,-75.69376638830,45.40878263130,2017-07-25,12:23:00 PM,01 - Clear,01 - Daylight,01 - Dry,01 - Traffic signal,01 - Functioning,03 - P.D. only,02 - Angle,0
17-6669,DONALD B. MUNRO DR btwn VAUGHAN SIDE RD & DIAMONDVIEW RD,337698.67335,5021782.26638,-76.08025562430,45.33521736480,2017-07-25,12:48:00 PM,01 - Clear,01 - Daylight,01 - Dry,10 - No control,,02 - Non-fatal injury,07 - SMV other,0
17-6670,KING EDWARD AVE @ LAURIER AVE,368738.42515,5032034.58260,-75.68293160490,45.42532294370,2017-07-25,12:50:00 PM,02 - Rain,01 - Daylight,02 - Wet,01 - Traffic signal,01 - Functioning,03 - P.D. only,03 - Rear end,0