COLLISION_ID,LOCATION,X,Y,LONGITUDE,LATITUDE,DATE,TIME,ENVIRONMENT,LIGHT,SURFACE_CONDITION,TRAFFIC_CONTROL,TRAFFIC_CONTROL_CONDITION,COLLISION_CLASSIFICATION,IMPACT_TYPE,NO_OF_PEDESTRIANS
17-6671,BANTREE ST @ INNES RD,373705.08217,5030405.91437,-75.61969776230,45.41019738510,2017-07-25,1:06:00 PM,01 - Clear,01 - Daylight,01 - Dry,01 - Traffic signal,01 - Functioning,03 - P.D. only,05 - Turning movement,0
17-6672,CARLING AVE @ KIRKWOOD AVE S,364351.09900,5027337.84985,-75.73955926080,45.38344999780,2017-07-25,1:08:00 PM,01 - Clear,01 - Daylight,01 - Dry,01 - Traffic signal,00 - Unknown,03 - P.D. only,03 - Rear end,0
17-6673,MURRAY ST @ SUSSEX DR,367705.60602,5032395.13833,-75.69608261930,45.42866074700,2017-07-25,1:20:00 PM,01 - Clear,01 - Daylight,01 - Dry,01 - Traffic signal,01 - Functioning,02 - Non-fatal injury,05 - Turning movement,0
17-6674,NAVAHO DR @ SHERMAN DR,363051.29523,5024835.79886,-75.75645082580,45.36104614130,2017-07-25,1:29:00 PM,01 - Clear,01 - Daylight,01 - Dry,02 - Stop sign,00 - Unknown,03 - P.D. only,07 - SMV other,0
17-6675,WELLINGTON ST btwn BANK ST & O'CONNOR ST,367371.93213,5031696.61195,-75.70043520440,45.42240556560,2017-07-25,2:35:00 PM,01 - Clear,01 - Daylight,01 - Dry,10 - No control,,02 - Non-fatal injury,04 - Sideswipe,0
17-6676,WOODROFFE AVE @ KNOXDALE RD/MEDHURST DR,363419.44093,5021825.67595,-75.75210880330,45.33393064540,2017-07-25,2:48:00 PM,01 - Clear,01 - Daylight,01 - Dry,01 - Traffic signal,01 - Functioning,03 - P.D. only,03 - Rear end,0
17-6677,HARDING RD @ WALKLEY RD,373147.52769,5027607.63304,-75.62720773130,45.38507437810,2017-07-25,2:45:00 PM,01 - Clear,01 - Daylight,01 - Dry,01 - Traffic signal,01 - Functioning,02 - Non-fatal injury,03 - Rear end,0
17-6678,LEBRETON ST @ RAYMOND ST,366959.69520,5029681.83314,-75.70595649290,45.40431392760,2017-07-25,4:12:00 PM,01 - Clear,01 - Daylight,01 - Dry,02 - Stop sign,00 - Unknown,03 - P.D. only,04 - Sideswipe,0
17-6679,ALBION RD @ MITCH OWENS RD,375902.71309,5014805.10726,-75.59386718290,45.26960839180,2017-07-25,4:23:00 PM,01 - Clear,01 - Daylight,01 - Dry,01 - Traffic signal,01 - Functioning,03 - P.D. only,03 - Rear end,0
17-6680,FAUBERT ST @ REGIONAL RD 174,390281.17450,5042682.87135,-75.40582871040,45.51882313150,2017-07-25,4:55:00 PM,01 - Clear,01 - Daylight,01 - Dry,02 - Stop sign,00 - Unknown,03 - P.D. only,03 - Rear end,0
17-6681,PALLADIUM DR @ SILVER SEVEN RD,351052.67059,5017888.16348,-75.91024732060,45.29942407850,2017-07-25,5:36:00 PM,01 - Clear,01 - Daylight,01 - Dry,01 - Traffic signal,01 - Functioning,03 - P.D. only,02 - Angle,0
17-6682,BANKFIELD RD @ MANOTICK MAIN ST/RIDEAU VALLEY,368432.97442,5010155.80560,-75.68964649740,45.22848984320,2017-07-25,5:47:00 PM,01 - Clear,01 - Daylight,01 - Dry,01 - Traffic signal,01 - Functioning,03 - P.D. only,05 - Turning movement,0
17-6683,BASELINE RD @ WOODROFFE AVE,362549.08870,5023772.00846,-75.76298498080,45.35151579330,2017-07-25,6:03:00 PM,01 - Clear,01 - Daylight,01 - Dry,01 - Traffic signal,00 - Unknown,03 - P.D. only,03 - Rear end,0
17-6684,BRAEMAR ST @ HEMLOCK RD,370891.71010,5034758.52398,-75.65505203050,45.44963161650,2017-07-25,6:57:00 PM,01 - Clear,01 - Daylight,01 - Dry,02 - Stop sign,01 - Functioning,03 - P.D. only,02 - Angle,0
17-6685,CONROY RD @ HUNT CLUB RD,373761.93549,5025403.62054,-75.61967048560,45.36518340550,2017-07-25,5:10:00 PM,01 - Clear,01 - Daylight,01 - Dry,01 - Traffic signal,01 - Functioning,03 - P.D. only,03 - Rear end,0
17-6686,AGINCOURT RD @ MAITLAND AVE,363447.64903,5025451.97055,-75.75131886740,45.36655733540,2017-07-25,7:18:00 PM,01 - Clear,01 - Daylight,01 - Dry,02 - Stop sign,00 - Unknown,03 - P.D. only,06 - SMV unattended vehicle,0
17-6687,LAURIER AVE @ NICHOLAS ST,368373.63700,5031798.00216,-75.68762328830,45.42322752540,2017-07-25,7:48:00 PM,01 - Clear,01 - Daylight,01 - Dry,01 - Traffic signal,01 - Functioning,03 - P.D. only,04 - Sideswipe,0
17-6688,CRESTWAY DR @ STRANDHERD DR,366346.30130,5015471.43425,-75.71555912530,45.27650522070,2017-07-25,8:52:00 PM,01 - Clear,05 - Dusk,01 - Dry,01 - Traffic signal,01 - Functioning,03 - P.D. only,03 - Rear end,0
17-6689,FLAT SEDGE CRES btwn BUTTONBUSH WAY & WHITE ALDER AVE E,375325.23700,5020781.17300,-75.60037573280,45.32343706760,2017-07-26,12:40:00 AM,01 - Clear,07 - Dark,01 - Dry,10 - No control,,03 - P.D. only,06 - SMV unattended vehicle,0
17-6690,CABIN RD @ STAGECOACH RD,378186.12917,5004219.67161,-75.56633151830,45.17412950400,2017-07-26,12:39:00 AM,01 - Clear,07 - Dark,01 - Dry,02 - Stop sign,00 - Unknown,03 - P.D. only,04 - Sideswipe,0
17-6691,BLOHM DR btwn 68 N OF BRISTON PRIV & BRISTON PRIV,373866.02424,5025743.19665,-75.61829443720,45.36822852090,2017-07-26,7:05:00 AM,01 - Clear,01 - Daylight,01 - Dry,10 - No control,,03 - P.D. only,06 - SMV unattended vehicle,0
17-6692,FALLOWFIELD RD @ STRANDHERD DR,360752.76028,5014961.35109,-75.78690349260,45.27238282730,2017-07-26,7:34:00 AM,01 - Clear,01 - Daylight,01 - Dry,01 - Traffic signal,01 - Functioning,03 - P.D. only,04 - Sideswipe,0
17-6693,FERNLEAF CRES btwn WAYSIDE CRT & DES EPINETTES AVE,382827.72599,5036362.50346,-75.50222330760,45.46283222940,2017-07-26,8:32:00 AM,01 - Clear,01 - Daylight,01 - Dry,10 - No control,,03 - P.D. only,06 - SMV unattended vehicle,0
17-6694,EARL MULLIGAN DR @ WOODROFFE AVE,365249.78272,5017506.23038,-75.72928566620,45.29490936060,2017-07-26,8:33:00 AM,01 - Clear,01 - Daylight,01 - Dry,01 - Traffic signal,01 - Functioning,03 - P.D. only,03 - Rear end,0
17-6695,CARLING AVE @ CLYDE AVE/COLE AVE,363520.69060,5026848.94720,-75.75022043330,45.37912102640,2017-07-26,8:34:00 AM,01 - Clear,01 - Daylight,01 - Dry,01 - Traffic signal,01 - Functioning,02 - Non-fatal injury,05 - Turning movement,0
17-6696,VANIER PKWY NB btwn RIVERSIDE DR & HWY417 IC117 RAMP26,370814.29915,5031204.60267,-75.65651809400,45.41766230240,2017-07-26,9:23:00 AM,01 - Clear,01 - Daylight,01 - Dry,10 - No control,,03 - P.D. only,04 - Sideswipe,0
17-6697,MCARTHUR AVE @ VANIER PKWY,370218.86575,5032690.10499,-75.66392799810,45.43108417630,2017-07-26,9:25:00 AM,01 - Clear,01 - Daylight,01 - Dry,01 - Traffic signal,01 - Functioning,03 - P.D. only,03 - Rear end,0
17-6698,REGIONAL ROAD 174 btwn HWY417 IC113 RAMP67 & Continuation of REGIONAL,373717.61118,5032029.86752,-75.61931059180,45.42480767130,2017-07-26,9:51:00 AM,01 - Clear,01 - Daylight,01 - Dry,10 - No control,,02 - Non-fatal injury,03 - Rear end,0
17-6699,MCKENNA CASEY DR @ STRANDHERD DR,361913.00121,5013612.84766,-75.77227291490,45.26015561380,2017-07-26,11:01:00 AM,01 - Clear,01 - Daylight,01 - Dry,02 - Stop sign,01 - Functioning,03 - P.D. only,03 - Rear end,0
17-6700,PRINCE OF WALES DR @ MERIVALE RD,367449.71130,5017615.17855,-75.70122624560,45.29569696120,2017-07-26,12:59:00 PM,01 - Clear,01 - Daylight,01 - Dry,01 - Traffic signal,02 - Not functioning,03 - P.D. only,07 - SMV other,0
17-6701,BRIAN COBURN BLVD @ TENTH LINE RD,384428.33890,5035022.30790,-75.48197576030,45.45059377220,2017-07-26,1:22:00 PM,01 - Clear,01 - Daylight,01 - Dry,01 - Traffic signal,01 - Functioning,03 - P.D. only,03 - Rear end,0
17-6702,CONROY RD @ ST. LAURENT BLVD,373070.42674,5027159.53152,-75.62825416040,45.38105006920,2017-07-26,2:49:00 PM,01 - Clear,01 - Daylight,01 - Dry,01 - Traffic signal,01 - Functioning,03 - P.D. only,02 - Angle,0
17-6703,GEORGE ST btwn 26 W OF BYWARD MARKET/FREIMAN MALL & BY WARD MARKET SQ,368012.54724,5032206.67815,-75.69218457060,45.42693737440,2017-07-26,4:11:00 PM,01 - Clear,01 - Daylight,01 - Dry,10 - No control,,03 - P.D. only,99 - Other,0
17-6704,CONROY RD @ HUNT CLUB RD,373762.53699,5025404.82355,-75.61966264020,45.36519417130,2017-07-26,4:16:00 PM,01 - Clear,01 - Daylight,01 - Dry,01 - Traffic signal,01 - Functioning,03 - P.D. only,03 - Rear end,0
17-6705,BLACKBURN AVE @ OSGOODE ST,369296.83516,5032126.92711,-75.67578433620,45.42610255910,2017-07-26,4:59:00 PM,01 - Clear,01 - Daylight,01 - Dry,02 - Stop sign,01 - Functioning,03 - P.D. only,02 - Angle,0
17-6706,CARLING AVE @ WOODROFFE AVE W,361767.07477,5025725.81791,-75.77273931500,45.36915999520,2017-07-26,5:06:00 PM,01 - Clear,01 - Daylight,01 - Dry,01 - Traffic signal,01 - Functioning,02 - Non-fatal injury,03 - Rear end,0
17-6707,BRITTANY DR @ MONTREAL RD,371913.17104,5033993.89294,-75.64209894620,45.44265450020,2017-07-26,5:20:00 PM,01 - Clear,01 - Daylight,01 - Dry,01 - Traffic signal,01 - Functioning,03 - P.D. only,03 - Rear end,0
17-6708,BOYD AVE @ CARLING AVE,363383.68600,5026747.84651,-75.75198163210,45.37822280600,2017-07-26,4:40:00 PM,01 - Clear,01 - Daylight,01 - Dry,02 - Stop sign,01 - Functioning,03 - P.D. only,03 - Rear end,0
17-6709,CLYDE AVE btwn CLYDE AVE & STARWOOD RD,364421.11212,5024746.53216,-75.73897808700,45.36012777380,2017-07-26,6:37:00 PM,01 - Clear,01 - Daylight,01 - Dry,10 - No control,,03 - P.D. only,04 - Sideswipe,0
17-6710,WOODROFFE AVE @ KNOXDALE RD/MEDHURST DR,363419.56023,5021826.40287,-75.75210719520,45.33393717610,2017-07-26,8:53:00 PM,01 - Clear,05 - Dusk,01 - Dry,01 - Traffic signal,01 - Functioning,03 - P.D. only,03 - Rear end,0
17-6711,BANK ST btwn SOUTHKEYS SC & CAHILL DR/DAZE ST,371226.24773,5024389.25787,-75.65217236020,45.35630138990,2017-07-26,8:58:00 PM,01 - Clear,05 - Dusk,01 - Dry,10 - No control,,02 - Non-fatal injury,05 - Turning movement,0
17-6712,GREENBANK RD @ CANFIELD RD/CRAIG HENRY DR,361105.76132,5021364.26278,-75.78167779790,45.32996831990,2017-07-26,9:50:00 PM,01 - Clear,07 - Dark,01 - Dry,01 - Traffic signal,01 - Functioning,02 - Non-fatal injury,02 - Angle,0
17-6713,INDUSTRIAL AVE/INNES RD @ ST. LAURENT BLVD,373099.26816,5030005.33708,-75.62749197480,45.40665256020,2017-07-26,10:03:00 PM,01 - Clear,07 - Dark,01 - Dry,01 - Traffic signal,01 - Functioning,03 - P.D. only,03 - Rear end,0
17-6714,CARLING AVE btwn DAVIDSON'S SIDE RD & GRANDVIEW RD,354422.75656,5023639.34479,-75.86670263100,45.35094418260,2017-07-27,6:56:00 AM,01 - Clear,01 - Daylight,01 - Dry,10 - No control,,03 - P.D. only,07 - SMV other,0
17-6715,INDUSTRIAL AVE/INNES RD @ ST. LAURENT BLVD,373100.36536,5030005.24772,-75.62747797230,45.40665164880,2017-07-27,7:51:00 AM,01 - Clear,01 - Daylight,01 - Dry,01 - Traffic signal,01 - Functioning,03 - P.D. only,05 - Turning movement,0
17-6716,MONTREAL RD @ OGILVIE RD,375653.81652,5034556.35648,-75.59420750450,45.44734609070,2017-07-27,8:05:00 AM,01 - Clear,01 - Daylight,01 - Dry,01 - Traffic signal,00 - Unknown,03 - P.D. only,03 - Rear end,0
17-6717,COBOURG ST @ ST. PATRICK ST,368802.64625,5033234.82426,-75.68195500500,45.43611639670,2017-07-27,8:32:00 AM,01 - Clear,01 - Daylight,01 - Dry,01 - Traffic signal,01 - Functioning,03 - P.D. only,03 - Rear end,0
17-6718,CAMPEAU DR/HWY 417 MARCH IC138R63 @ MARCH RD,352841.55021,5020477.44942,-75.88718815000,45.32260298950,2017-07-27,9:29:00 AM,01 - Clear,01 - Daylight,01 - Dry,01 - Traffic signal,01 - Functioning,03 - P.D. only,07 - SMV other,0
17-6719,PARKDALE AVE @ HWY 417 PARKDAL IC122R15/HWY 41,365337.33616,5028845.87368,-75.72678159870,45.39693434110,2017-07-27,10:05:00 AM,01 - Clear,01 - Daylight,01 - Dry,01 - Traffic signal,01 - Functioning,03 - P.D. only,02 - Angle,0
17-6720,ANTOCHI LANE @ MANOTICK MAIN ST,369646.94740,5009133.88804,-75.67432150870,45.21918396380,2017-07-27,9:30:00 AM,01 - Clear,01 - Daylight,01 - Dry,02 - Stop sign,01 - Functioning,03 - P.D. only,03 - Rear end,0
17-6721,8TH LINE RD btwn MARVELVILLE RD & LAWRENCE ST,387737.81575,5005229.67802,-75.44466004860,45.18215893020,2017-07-27,10:55:00 AM,01 - Clear,01 - Daylight,01 - Dry,10 - No control,,03 - P.D. only,99 - Other,0
17-6722,FLETCHER CIRC btwn Continuation of FLETCHER CIRC & TORBEC AVE,349408.61203,5020003.60198,-75.93101869530,45.31856572890,2017-07-27,12:00:00 AM,01 - Clear,00 - Unknown,01 - Dry,10 - No control,,03 - P.D. only,06 - SMV unattended vehicle,0
17-6723,BANK ST @ WELLINGTON ST,367257.67447,5031629.14432,-75.70190363670,45.42180872290,2017-07-27,11:36:00 AM,01 - Clear,01 - Daylight,01 - Dry,01 - Traffic signal,01 - Functioning,03 - P.D. only,03 - Rear end,0
17-6724,PLACID ST btwn SODERLIND ST & RYAN DR,361330.07410,5023432.18957,-75.77858008530,45.34855744140,2017-07-26,12:00:00 AM,01 - Clear,00 - Unknown,01 - Dry,10 - No control,,03 - P.D. only,06 - SMV unattended vehicle,0
17-6725,OLD PRESCOTT RD btwn CHRIS TIERNEY PRIV & BREANNA CARDILL ST,378507.59428,5009520.70627,-75.56145832170,45.22179314260,2017-07-27,12:29:00 PM,01 - Clear,01 - Daylight,01 - Dry,10 - No control,,03 - P.D. only,07 - SMV other,0
17-6726,COLOMBINE DRWY @ PARKDALE AVE,364754.69510,5030178.56710,-75.73406073460,45.40897576030,2017-07-27,12:45:00 PM,01 - Clear,01 - Daylight,01 - Dry,02 - Stop sign,01 - Functioning,03 - P.D. only,05 - Turning movement,0
17-6727,CONROY RD @ ST. LAURENT BLVD,373071.17051,5027159.60265,-75.62824465400,45.38105063740,2017-07-26,1:14:00 PM,01 - Clear,01 - Daylight,01 - Dry,01 - Traffic signal,01 - Functioning,03 - P.D. only,03 - Rear end,0
17-6728,NELSON ST @ RIDEAU ST,368650.98110,5032497.99406,-75.68398885770,45.42950053920,2017-07-27,1:46:00 PM,01 - Clear,01 - Daylight,01 - Dry,01 - Traffic signal,00 - Unknown,03 - P.D. only,05 - Turning movement,0
17-6729,PRINCE OF WALES DR @ WATERFORD DR,367362.86411,5021037.18183,-75.70190137430,45.32649540510,2017-07-27,2:02:00 PM,01 - Clear,01 - Daylight,01 - Dry,02 - Stop sign,00 - Unknown,02 - Non-fatal injury,07 - SMV other,0
17-6730,WOODROFFE AVE @ CLARIDGE DR/STONEWAY DR N,365576.87510,5016707.94454,-75.72521354090,45.28769821530,2017-07-27,2:29:00 PM,01 - Clear,01 - Daylight,01 - Dry,01 - Traffic signal,01 - Functioning,03 - P.D. only,05 - Turning movement,0
17-6731,BANTON ST @ WALKLEY RD,374249.65978,5028248.25515,-75.61304512970,45.39072999170,2017-07-27,2:29:00 PM,01 - Clear,01 - Daylight,01 - Dry,01 - Traffic signal,01 - Functioning,03 - P.D. only,03 - Rear end,0
17-6732,MITCH OWENS RD btwn TURN LANE & SALE BARN RD,378531.41598,5016444.44249,-75.56012795840,45.28408775970,2017-07-27,3:32:00 PM,01 - Clear,01 - Daylight,01 - Dry,10 - No control,,02 - Non-fatal injury,01 - Approaching,0
17-6733,MACKENZIE AVE @ RIDEAU ST,367870.30803,5032011.10227,-75.69402715800,45.42519048920,2017-07-27,3:38:00 PM,01 - Clear,01 - Daylight,01 - Dry,01 - Traffic signal,01 - Functioning,03 - P.D. only,04 - Sideswipe,0
17-6734,GRANT CARMAN DR @ MEADOWLANDS DR,365051.21620,5023902.22425,-75.73103887690,45.35247694850,2017-07-27,3:46:00 PM,01 - Clear,01 - Daylight,01 - Dry,01 - Traffic signal,01 - Functioning,02 - Non-fatal injury,05 - Turning movement,0
17-6735,REGIONAL ROAD 174 btwn OR174 IC112 RAMP15 & TRANSIT,375171.09240,5033103.34625,-75.60058561950,45.43432151770,2017-07-27,3:54:00 PM,01 - Clear,01 - Daylight,01 - Dry,10 - No control,,02 - Non-fatal injury,03 - Rear end,0
17-6736,VANIER PKWY NB btwn BEECHWOOD AVE/ ST. PATRICK ST/CRICHTON ST & DESCHA,369759.68252,5033315.41115,-75.66971336760,45.43675322940,2017-07-27,4:00:00 PM,01 - Clear,01 - Daylight,01 - Dry,10 - No control,,03 - P.D. only,03 - Rear end,0
17-6737,JEANNE D'ARC BLVD  N btwn ORLEANS BLVD & MILLWOOD CRT,380045.31472,5038111.02135,-75.53753039910,45.47886924700,2017-07-27,4:08:00 PM,01 - Clear,01 - Daylight,01 - Dry,10 - No control,,03 - P.D. only,02 - Angle,0
17-6738,REGIONAL ROAD 174 btwn QUIGLEY HILL RD & CAMERON ST,388871.44588,5042463.94679,-75.42390775440,45.51702491270,2017-07-27,4:10:00 PM,01 - Clear,01 - Daylight,01 - Dry,10 - No control,,02 - Non-fatal injury,03 - Rear end,0
17-6739,ROGER RD btwn ALTA VISTA DR & FAIRBANKS AVE,370470.45588,5028882.62500,-75.66122027710,45.39680239640,2017-07-27,4:24:00 PM,01 - Clear,01 - Daylight,01 - Dry,10 - No control,,03 - P.D. only,06 - SMV unattended vehicle,0
17-6740,BASELINE RD @ WOODROFFE AVE,362550.29170,5023770.80545,-75.76296976950,45.35150486970,2017-07-27,4:27:00 PM,01 - Clear,01 - Daylight,01 - Dry,01 - Traffic signal,01 - Functioning,03 - P.D. only,03 - Rear end,0
17-6741,PARKDALE AVE @ WELLINGTON ST,365150.03505,5029269.88680,-75.72912182080,45.40076568640,2017-07-27,4:59:00 PM,01 - Clear,01 - Daylight,01 - Dry,01 - Traffic signal,01 - Functioning,03 - P.D. only,99 - Other,0
17-6742,SHEFFIELD RD @ WALKLEY RD,375257.28817,5028785.65612,-75.60010135870,45.39546460510,2017-07-27,5:33:00 PM,01 - Clear,01 - Daylight,01 - Dry,01 - Traffic signal,01 - Functioning,03 - P.D. only,04 - Sideswipe,0
17-6743,ARMSTRONG ST @ BAYVIEW RD,365685.55871,5030021.27106,-75.72218919190,45.40748009040,2017-07-27,5:39:00 PM,01 - Clear,01 - Daylight,01 - Dry,02 - Stop sign,00 - Unknown,03 - P.D. only,05 - Turning movement,0
17-6744,HIGHFIELD CRES @ RICHMOND RD,359756.66910,5023948.55506,-75.79860048720,45.35332875030,2017-07-27,5:50:00 PM,01 - Clear,01 - Daylight,01 - Dry,02 - Stop sign,01 - Functioning,03 - P.D. only,02 - Angle,0
17-6745,BEECHWOOD AVE @ MARIER AVE/PUTMAN AVE,369604.75071,5033906.87655,-75.67161555560,45.44208936850,2017-07-27,6:05:00 PM,01 - Clear,01 - Daylight,01 - Dry,01 - Traffic signal,01 - Functioning,02 - Non-fatal injury,05 - Turning movement,0
17-6746,FERNBANK RD btwn FERNBANK RD & TERRY FOX DR,353994.90109,5014845.64420,-75.87303575060,45.27184691090,2017-07-27,6:32:00 PM,01 - Clear,01 - Daylight,01 - Dry,10 - No control,,02 - Non-fatal injury,07 - SMV other,0
17-6747,LAURIER AVE @ LYON ST,367153.48488,5031068.84585,-75.70330576830,45.41677662510,2017-07-27,6:41:00 PM,01 - Clear,01 - Daylight,01 - Dry,01 - Traffic signal,01 - Functioning,02 - Non-fatal injury,04 - Sideswipe,0
17-6748,MALAKOFF RD btwn PADEN RD & DONNELLY DR,367863.69055,4989775.20171,-75.69946573040,45.04515378540,2017-07-27,9:48:00 PM,01 - Clear,07 - Dark,01 - Dry,10 - No control,,03 - P.D. only,07 - SMV other,0
17-6749,JOHN SUTHERLAND DR @ RICHMOND RD,358787.86791,5022150.79475,-75.81116039320,45.33722770940,2017-07-27,10:49:00 PM,01 - Clear,07 - Dark,01 - Dry,01 - Traffic signal,01 - Functioning,02 - Non-fatal injury,03 - Rear end,0
17-6750,BANTREE ST btwn EDINBURGH PL & BLACKWELL ST,374185.50043,5029847.97638,-75.61363940020,45.40512987200,2017-07-28,2:50:00 AM,01 - Clear,07 - Dark,01 - Dry,10 - No control,,03 - P.D. only,07 - SMV other,0
17-6751,MOODIE DR @ CORKSTOWN RD,356346.18648,5022760.69409,-75.84224853270,45.34289927250,2017-07-28,6:41:00 AM,01 - Clear,01 - Daylight,01 - Dry,01 - Traffic signal,00 - Unknown,03 - P.D. only,04 - Sideswipe,0
17-6752,HAWTHORNE AVE/ISABELLA ST @ QUEEN ELIZABETH DR,368665.16440,5030476.41850,-75.68406966360,45.41130982090,2017-07-28,7:53:00 AM,01 - Clear,01 - Daylight,01 - Dry,01 - Traffic signal,01 - Functioning,02 - Non-fatal injury,05 - Turning movement,0
17-6753,BELCOURT BLVD @ INNES RD,382121.57777,5035267.93510,-75.51142390890,45.45306273730,2017-07-27,5:55:00 AM,01 - Clear,01 - Daylight,01 - Dry,01 - Traffic signal,01 - Functioning,03 - P.D. only,03 - Rear end,0
17-6754,MARCH RD btwn KLONDIKE RD & MORGAN'S GRANT WAY,349475.25120,5023825.18345,-75.92982375860,45.35294903320,2017-07-28,9:20:00 AM,01 - Clear,01 - Daylight,01 - Dry,10 - No control,,02 - Non-fatal injury,03 - Rear end,0
17-6755,RUSSELL RD @ SAUMURE RD/LANGLADE RD,399949.18075,5029463.84347,-75.28466142620,45.39864627780,2017-07-28,10:08:00 AM,01 - Clear,01 - Daylight,01 - Dry,02 - Stop sign,00 - Unknown,03 - P.D. only,05 - Turning movement,0
17-6756,BLACKBURN BYPASS @ INNES RD W,377193.06984,5032175.29851,-75.57488245750,45.42576512590,2017-07-28,10:19:00 AM,01 - Clear,01 - Daylight,01 - Dry,01 - Traffic signal,01 - Functioning,03 - P.D. only,03 - Rear end,0
17-6757,COLONEL BY DR/MACKENZIE AVE @ DALY AVE,368002.17612,5031904.31226,-75.69235589150,45.42421772690,2017-07-27,4:45:00 PM,01 - Clear,01 - Daylight,01 - Dry,01 - Traffic signal,00 - Unknown,03 - P.D. only,04 - Sideswipe,0
17-6758,CHESTERTON DR btwn MULVAGH AVE & SOUTHVIEW CRES,365242.58212,5023890.61331,-75.72859819530,45.35235600650,2017-07-28,11:24:00 AM,01 - Clear,01 - Daylight,01 - Dry,10 - No control,,03 - P.D. only,02 - Angle,0
17-6759,ALERT RD/AIRPORT PKWY/UPLANDS DR RAMP 62 @ LES,371305.71787,5021355.17235,-75.65156604740,45.32899407970,2017-07-28,6:00:00 AM,01 - Clear,01 - Daylight,01 - Dry,01 - Traffic signal,00 - Unknown,03 - P.D. only,03 - Rear end,0
17-6760,EAGLESON RD btwn ABBEYHILL DR & PALOMINO DR,353930.40577,5017759.67145,-75.87356913040,45.29807252770,2017-07-28,11:39:00 AM,01 - Clear,01 - Daylight,01 - Dry,10 - No control,,03 - P.D. only,06 - SMV unattended vehicle,0
17-6761,BASELINE RD @ CEDARVIEW RD,358967.66490,5021672.89520,-75.80891881030,45.33291369170,2017-07-28,11:51:00 AM,01 - Clear,01 - Daylight,01 - Dry,01 - Traffic signal,01 - Functioning,03 - P.D. only,05 - Turning movement,0
17-6762,RIVERSIDE DR @ SAN REMO PRIV,370385.86375,5030402.15982,-75.66209851960,45.41048252790,2017-07-28,12:04:00 PM,01 - Clear,01 - Daylight,01 - Dry,01 - Traffic signal,01 - Functioning,02 - Non-fatal injury,04 - Sideswipe,0
17-6763,LYON ST @ NEPEAN ST,367234.05317,5030932.65332,-75.70229369730,45.41554402130,2017-07-28,12:18:00 PM,01 - Clear,01 - Daylight,01 - Dry,02 - Stop sign,01 - Functioning,03 - P.D. only,05 - Turning movement,0
17-6764,KLONDIKE RD @ MARCH RD,349262.97100,5024060.47299,-75.93251173010,45.35507971290,2017-07-28,12:51:00 PM,01 - Clear,01 - Daylight,01 - Dry,01 - Traffic signal,01 - Functioning,02 - Non-fatal injury,02 - Angle,0
17-6765,JEANNE D'ARC BLVD N/OR174 IC105 RAMP63 @ TRANS,379342.38666,5037117.60334,-75.54667108260,45.47000663890,2017-07-28,1:30:00 PM,01 - Clear,01 - Daylight,01 - Dry,01 - Traffic signal,00 - Unknown,03 - P.D. only,04 - Sideswipe,0
17-6766,HAWTHORNE AVE btwn ISABELLA ST & COLONEL BY DR,368753.76247,5030518.33128,-75.68293242720,45.41167884710,2017-07-28,3:00:00 PM,01 - Clear,01 - Daylight,01 - Dry,10 - No control,,03 - P.D. only,07 - SMV other,0
17-6767,INDUSTRIAL AVE @ RIVERSIDE DR,370685.93626,5030592.85781,-75.65823982540,45.41217016750,2017-07-28,3:20:00 PM,01 - Clear,01 - Daylight,01 - Dry,01 - Traffic signal,01 - Functioning,03 - P.D. only,04 - Sideswipe,0
17-6768,SAUNDERSON DR @ HAMLET RD,372845.88386,5029242.83795,-75.63083374240,45.39981661450,2017-07-28,4:00:00 PM,01 - Clear,01 - Daylight,01 - Dry,02 - Stop sign,01 - Functioning,03 - P.D. only,02 - Angle,0
17-6769,CARLING AVE @ CARLING RMP 56,360874.72661,5025162.39960,-75.78419437370,45.36416235420,2017-07-28,4:18:00 PM,01 - Clear,01 - Daylight,01 - Dry,10 - No control,00 - Unknown,03 - P.D. only,03 - Rear end,0
17-6770,BANK ST @ WILTON CRES,368577.06917,5028965.90537,-75.68539040700,45.39772674890,2017-07-28,5:07:00 PM,01 - Clear,01 - Daylight,01 - Dry,02 - Stop sign,01 - Functioning,02 - Non-fatal injury,05 - Turning movement,0
17-6771,AIRPORT PARKWAY PRIV @ AIR CARGO PRIV,370593.93287,5020833.42364,-75.66071485660,45.32436660630,2017-07-28,5:11:00 PM,01 - Clear,01 - Daylight,01 - Dry,02 - Stop sign,01 - Functioning,03 - P.D. only,02 - Angle,0
17-6772,RICHMOND RD btwn STEEPLE HILL CRES & CAMBRIAN RD,359099.12978,5009979.33846,-75.80852100330,45.22768344550,2017-07-28,6:03:00 PM,01 - Clear,01 - Daylight,01 - Dry,10 - No control,,03 - P.D. only,07 - SMV other,0
17-6773,DALY AVE @ KING EDWARD AVE,368591.70760,5032273.35608,-75.68477538960,45.42748473710,2017-07-28,6:10:00 PM,01 - Clear,01 - Daylight,01 - Dry,02 - Stop sign,01 - Functioning,03 - P.D. only,02 - Angle,0
17-6774,HAZELDEAN RD @ TERRY FOX DR,352208.00297,5017242.13309,-75.89557862960,45.29353391930,2017-07-28,7:17:00 PM,01 - Clear,01 - Daylight,01 - Dry,01 - Traffic signal,01 - Functioning,02 - Non-fatal injury,03 - Rear end,0