COLLISION_ID,LOCATION,X,Y,LONGITUDE,LATITUDE,DATE,TIME,ENVIRONMENT,LIGHT,SURFACE_CONDITION,TRAFFIC_CONTROL,TRAFFIC_CONTROL_CONDITION,COLLISION_CLASSIFICATION,IMPACT_TYPE,NO_OF_PEDESTRIANS
17-6775,ROBERTSON RD btwn HAANEL DR & MILL HILL RD,355986.01710,5019802.77507,-75.84714999330,45.31630993790,2017-07-28,7:45:00 PM,01 - Clear,01 - Daylight,01 - Dry,10 - No control,,02 - Non-fatal injury,03 - Rear end,0
17-6776,ALTA VISTA DR @ SMYTH RD,370432.71590,5029081.23852,-75.66167583500,45.39859298620,2017-07-28,10:10:00 PM,01 - Clear,07 - Dark,01 - Dry,01 - Traffic signal,01 - Functioning,03 - P.D. only,05 - Turning movement,0
17-6777,CEDARVIEW RD @ WEST HUNT CLUB RD,359720.48191,5019553.57544,-75.79954999190,45.31378545070,2017-07-28,7:30:00 PM,01 - Clear,01 - Daylight,01 - Dry,01 - Traffic signal,01 - Functioning,03 - P.D. only,03 - Rear end,0
17-6778,CARLING AVE @ PRESTON ST,366829.71000,5028935.24899,-75.70771069630,45.39760789610,2017-07-29,12:57:00 AM,01 - Clear,07 - Dark,01 - Dry,01 - Traffic signal,01 - Functioning,02 - Non-fatal injury,02 - Angle,0
17-6779,EAGLESON RD btwn OTTAWA ST & BROPHY DR,358976.37643,5005004.90015,-75.81062497210,45.18293166720,2017-07-29,3:10:00 AM,01 - Clear,07 - Dark,01 - Dry,10 - No control,,02 - Non-fatal injury,04 - Sideswipe,0
17-6780,MORISSET AVE btwn CALDWELL AVE & MERIVALE RD,364699.38564,5026388.61937,-75.73522735020,45.37487929460,2017-07-29,6:22:00 AM,01 - Clear,01 - Daylight,01 - Dry,10 - No control,,03 - P.D. only,04 - Sideswipe,0
17-6781,LEWIS ST @ O'CONNOR ST,367967.70580,5030830.42829,-75.69293401040,45.41455838840,2017-07-29,7:19:00 AM,01 - Clear,01 - Daylight,01 - Dry,02 - Stop sign,01 - Functioning,03 - P.D. only,02 - Angle,0
17-6782,RICHARDSON SIDE RD @ TERRY FOX DR,348803.08600,5019506.07210,-75.93878597800,45.31412702200,2017-07-29,9:41:00 AM,01 - Clear,01 - Daylight,01 - Dry,01 - Traffic signal,01 - Functioning,03 - P.D. only,05 - Turning movement,0
17-6783,BEAVERHILL DR @ JASMINE CRES,375590.88670,5033964.56266,-75.59509703430,45.44202786240,2017-07-29,10:18:00 AM,01 - Clear,01 - Daylight,01 - Dry,02 - Stop sign,00 - Unknown,02 - Non-fatal injury,02 - Angle,0
17-6784,ST. PATRICK ST @ SUSSEX DR,367666.91430,5032461.46164,-75.69656857370,45.42926098050,2017-07-29,11:05:00 AM,01 - Clear,01 - Daylight,01 - Dry,01 - Traffic signal,01 - Functioning,02 - Non-fatal injury,03 - Rear end,0
17-6785,KENT ST @ LISGAR ST,367437.70180,5030961.64612,-75.69968829330,45.41578668910,2017-07-29,1:30:00 PM,01 - Clear,01 - Daylight,01 - Dry,02 - Stop sign,01 - Functioning,03 - P.D. only,05 - Turning movement,0
17-6786,BASELINE RD @ MERIVALE RD,365054.69640,5025324.17621,-75.73082112270,45.36527115420,2017-07-29,12:00:00 PM,01 - Clear,01 - Daylight,01 - Dry,01 - Traffic signal,01 - Functioning,03 - P.D. only,04 - Sideswipe,0
17-6787,BRONSON AVE @ SUNNYSIDE AVE/UNIVERSITY RD - CA,367923.02297,5028091.52612,-75.69385541940,45.38991860780,2017-07-29,2:21:00 PM,01 - Clear,01 - Daylight,01 - Dry,01 - Traffic signal,01 - Functioning,03 - P.D. only,05 - Turning movement,0
17-6788,GLADSTONE AVE @ ROCHESTER ST,366662.69800,5029786.28355,-75.70973694140,45.40528005510,2017-07-29,2:46:00 PM,01 - Clear,01 - Daylight,01 - Dry,01 - Traffic signal,01 - Functioning,02 - Non-fatal injury,99 - Other,1
17-6789,LAIRD ST btwn MEADOWLANDS DR W & CALVERT ST,364350.15144,5023328.78614,-75.74005453320,45.34737710480,2017-07-29,12:00:00 AM,01 - Clear,00 - Unknown,01 - Dry,10 - No control,,03 - P.D. only,06 - SMV unattended vehicle,0
17-6790,MERIVALE RD @ SLACK RD,366017.89579,5020955.79375,-75.71906723830,45.32588168110,2017-07-29,1:55:00 PM,01 - Clear,01 - Daylight,01 - Dry,01 - Traffic signal,01 - Functioning,02 - Non-fatal injury,03 - Rear end,0
17-6791,EAGLESON RD @ HWY 417 EAGLESO IC138R51/PARK AN,353038.06037,5020014.46323,-75.88472672970,45.31842347120,2017-07-29,3:13:00 PM,01 - Clear,01 - Daylight,01 - Dry,01 - Traffic signal,01 - Functioning,02 - Non-fatal injury,03 - Rear end,0
17-6792,EARL GREY DR btwn ROLAND MICHENER DR & 175 S OF KANATA AVE/WALMART SC,350931.10259,5019108.20698,-75.91168376600,45.31041035070,2017-07-29,3:26:00 PM,01 - Clear,01 - Daylight,01 - Dry,10 - No control,,03 - P.D. only,02 - Angle,0
17-6793,BANK ST @ HUNT CLUB RD,371609.68325,5024096.74289,-75.64731847460,45.35363300750,2017-07-29,3:29:00 PM,01 - Clear,01 - Daylight,01 - Dry,01 - Traffic signal,00 - Unknown,03 - P.D. only,03 - Rear end,0
17-6794,JOHN KENNEDY WAY btwn OLD ALMONTE RD & HAMILTON SIDE RD,336734.60084,5009282.53006,-76.09335985410,45.22278231170,2017-07-29,4:20:00 PM,01 - Clear,01 - Daylight,08 - Loose sand or gravel,10 - No control,,03 - P.D. only,07 - SMV other,0
17-6795,CALDWELL AVE btwn MORISSET AVE & MEDFORD ST,364514.25663,5026086.35210,-75.73762734160,45.37217534370,2017-07-29,4:58:00 PM,01 - Clear,01 - Daylight,01 - Dry,10 - No control,,02 - Non-fatal injury,05 - Turning movement,0
17-6796,LYON ST    N btwn LAURIER AVE W & GLOUCESTER ST,367162.00716,5031054.99967,-75.70319864120,45.41665128170,2017-07-29,7:05:00 PM,01 - Clear,01 - Daylight,01 - Dry,10 - No control,,02 - Non-fatal injury,07 - SMV other,1
17-6797,MARCH RD btwn HERZBERG RD & CORKSTOWN RD,352616.58746,5020975.15267,-75.89000951900,45.32709678380,2017-07-30,4:46:00 AM,01 - Clear,07 - Dark,01 - Dry,10 - No control,,03 - P.D. only,07 - SMV other,0
17-6798,TERRY FOX DR btwn HUNTSVILLE DR & OLD SECOND LINE RD,348415.16500,5022092.67400,-75.94350542640,45.33742620740,2017-07-29,9:42:00 AM,01 - Clear,01 - Daylight,01 - Dry,10 - No control,,03 - P.D. only,07 - SMV other,0
17-6799,FISHER AVE @ 220 S OF TRENT ST,365871.81864,5026729.26306,-75.72021742300,45.37784313310,2017-07-30,10:49:00 AM,01 - Clear,01 - Daylight,01 - Dry,01 - Traffic signal,01 - Functioning,02 - Non-fatal injury,02 - Angle,0
17-6800,CLEARBROOK DR/MARKETPLACE AVE @ LONGFIELDS DR,364632.16455,5014954.25300,-75.73746708010,45.27199958350,2017-07-28,2:35:00 PM,01 - Clear,01 - Daylight,01 - Dry,01 - Traffic signal,01 - Functioning,03 - P.D. only,05 - Turning movement,0
17-6801,HOG'S BACK RD btwn COLONEL BY DR & RIVERSIDE DR,368096.47812,5026212.47584,-75.69188135660,45.37299577330,2017-07-30,11:39:00 AM,01 - Clear,01 - Daylight,01 - Dry,10 - No control,,02 - Non-fatal injury,03 - Rear end,0
17-6802,HWY 417 MOODIE IC134R52 @ MOODIE DR,356458.52275,5022039.32826,-75.84089048640,45.33640009290,2017-07-30,11:42:00 AM,01 - Clear,01 - Daylight,01 - Dry,01 - Traffic signal,00 - Unknown,03 - P.D. only,02 - Angle,0
17-6803,CYRVILLE RD @ MEADOWBROOK RD,374629.73290,5031243.23254,-75.60776761260,45.41763948960,2017-07-30,11:53:00 AM,01 - Clear,01 - Daylight,01 - Dry,01 - Traffic signal,00 - Unknown,03 - P.D. only,04 - Sideswipe,0
17-6804,PROVOST DR btwn HYDE ST & MARCEL ST,369397.46852,5025182.30339,-75.67540776670,45.36360786130,2017-07-30,12:00:00 PM,01 - Clear,01 - Daylight,01 - Dry,10 - No control,,03 - P.D. only,06 - SMV unattended vehicle,0
17-6805,EARL GREY DR btwn 175 S OF KANATA AVE/WALMART SC & KANATA AVE,350951.30449,5019163.96408,-75.91142094900,45.31091074030,2017-07-30,2:16:00 PM,01 - Clear,01 - Daylight,01 - Dry,10 - No control,,03 - P.D. only,02 - Angle,0
17-6806,HOPE SIDE RD @ RICHMOND RD,356952.63660,5015483.84000,-75.83527633460,45.27737638140,2017-07-30,4:00:00 PM,01 - Clear,01 - Daylight,01 - Dry,02 - Stop sign,01 - Functioning,03 - P.D. only,02 - Angle,0
17-6807,BLAIR RD @ MONTREAL RD,374019.72020,5034439.26582,-75.61511166610,45.44645631210,2017-07-30,4:28:00 PM,01 - Clear,01 - Daylight,01 - Dry,01 - Traffic signal,01 - Functioning,03 - P.D. only,02 - Angle,0
17-6808,HAMILTON AVE   N btwn WELLINGTON ST W & TYNDALL ST,365167.95513,5029024.76923,-75.72892294260,45.39855862780,2017-07-29,10:00:00 PM,01 - Clear,99 - Other,01 - Dry,10 - No control,,03 - P.D. only,06 - SMV unattended vehicle,0
17-6809,MCCARTHY RD @ PLANTE DR N,369606.21095,5024193.49545,-75.67287307590,45.35469157900,2017-07-30,5:57:00 PM,01 - Clear,01 - Daylight,01 - Dry,01 - Traffic signal,01 - Functioning,02 - Non-fatal injury,03 - Rear end,0
17-6810,OSGOODE ST @ SWEETLAND AVE,369064.32777,5031983.88894,-75.67877394130,45.42483695500,2017-07-30,6:29:00 PM,01 - Clear,01 - Daylight,01 - Dry,02 - Stop sign,01 - Functioning,03 - P.D. only,02 - Angle,0
17-6811,ATLANTIS AVE @ LANARK AVE,362836.55807,5028741.54028,-75.75873253330,45.39620731730,2017-07-30,6:39:00 PM,01 - Clear,01 - Daylight,01 - Dry,02 - Stop sign,00 - Unknown,03 - P.D. only,99 - Other,0
17-6812,BANK ST @ HUNT CLUB RD,371609.80745,5024095.70299,-75.64731703010,45.35362363900,2017-07-30,8:38:00 PM,01 - Clear,05 - Dusk,01 - Dry,01 - Traffic signal,01 - Functioning,03 - P.D. only,04 - Sideswipe,0
17-6813,SUNSHINE CRES btwn SOLSTICE WAY N & SOLSTICE WAY S,386157.35000,5034864.39300,-75.45990061860,45.44897387440,2017-07-30,10:37:00 PM,01 - Clear,07 - Dark,01 - Dry,10 - No control,,03 - P.D. only,06 - SMV unattended vehicle,0
17-6814,PRINCE OF WALES DR btwn GREENBANK RD & BARNSDALE RD,366637.08082,5011281.13115,-75.71237478840,45.23877550100,2017-07-31,4:45:00 AM,01 - Clear,07 - Dark,01 - Dry,10 - No control,,03 - P.D. only,07 - SMV other,0
17-6815,FALLOWFIELD RD @ GREENBANK RD,363080.67570,5016733.25851,-75.75702948960,45.28813741490,2017-07-31,6:41:00 AM,01 - Clear,01 - Daylight,01 - Dry,01 - Traffic signal,01 - Functioning,03 - P.D. only,04 - Sideswipe,0
17-6816,DUNROBIN RD btwn KINBURN SIDE RD & VANCES SIDE RD,338053.31675,5035905.91065,-76.07477875950,45.46229010820,2017-07-31,7:31:00 AM,01 - Clear,01 - Daylight,01 - Dry,10 - No control,,03 - P.D. only,07 - SMV other,0
17-6817,HARDING RD @ WALKLEY RD,373148.28377,5027607.86491,-75.62719804500,45.38507639090,2017-07-31,8:34:00 AM,01 - Clear,01 - Daylight,01 - Dry,01 - Traffic signal,01 - Functioning,02 - Non-fatal injury,02 - Angle,0
17-6818,EAGLESON RD @ MICHAEL COWPLAND DR/STONEHAVEN D,354382.97690,5016623.08332,-75.86791265530,45.28781347020,2017-07-31,8:35:00 AM,01 - Clear,01 - Daylight,01 - Dry,01 - Traffic signal,01 - Functioning,03 - P.D. only,03 - Rear end,0
17-6819,DONWEL DR btwn STANLEYFIELD CRES & STANLEYFIELD CRES,378648.46221,5012812.03423,-75.55917625390,45.25139256420,2017-07-31,8:42:00 AM,01 - Clear,01 - Daylight,01 - Dry,10 - No control,,02 - Non-fatal injury,07 - SMV other,0
17-6820,HUNT CLUB RD @ PAUL ANKA DR,369777.46470,5022897.01744,-75.67085792410,45.34301037050,2017-07-31,8:45:00 AM,01 - Clear,01 - Daylight,01 - Dry,01 - Traffic signal,01 - Functioning,02 - Non-fatal injury,02 - Angle,0
17-6821,CAMPEAU DR @ TERON RD/COLCHESTER SQ,352563.08454,5020466.56886,-75.89074106970,45.32252408670,2017-07-31,9:24:00 AM,01 - Clear,01 - Daylight,01 - Dry,01 - Traffic signal,01 - Functioning,02 - Non-fatal injury,05 - Turning movement,0
17-6822,BROADVIEW AVE btwn WELLESLEY AVE & CARLING AVE,363174.39396,5026657.58968,-75.75466439260,45.37742815630,2017-07-31,9:26:00 AM,01 - Clear,01 - Daylight,01 - Dry,10 - No control,,03 - P.D. only,05 - Turning movement,0
17-6823,WALKLEY RD btwn BAYCREST DR & HEATHERINGTON RD,371536.60803,5026657.71339,-75.64790513060,45.37668268740,2017-07-31,9:52:00 AM,01 - Clear,01 - Daylight,01 - Dry,10 - No control,,03 - P.D. only,03 - Rear end,0
17-6824,INDUSTRIAL AVE/INNES RD @ ST. LAURENT BLVD,373098.65645,5030005.83444,-75.62749971930,45.40665709440,2017-07-31,10:11:00 AM,01 - Clear,01 - Daylight,01 - Dry,01 - Traffic signal,01 - Functioning,02 - Non-fatal injury,04 - Sideswipe,0
17-6825,DAVID DR @ ROWLEY AVE,364241.15384,5023572.28598,-75.74141610960,45.34957733480,2017-07-31,10:18:00 AM,01 - Clear,01 - Daylight,01 - Dry,02 - Stop sign,01 - Functioning,03 - P.D. only,02 - Angle,0
17-6826,KING EDWARD AVE @ LAURIER AVE,368739.70720,5032034.58258,-75.68291522260,45.42532282650,2017-07-31,10:20:00 AM,01 - Clear,01 - Daylight,01 - Dry,01 - Traffic signal,01 - Functioning,03 - P.D. only,03 - Rear end,0
17-6827,AIRPORT PKWY btwn RAMP & TO BE DETERMINED,369939.02529,5025692.76811,-75.66842818020,45.36815075410,2017-07-31,10:44:00 AM,01 - Clear,01 - Daylight,01 - Dry,10 - No control,,02 - Non-fatal injury,07 - SMV other,0
17-6828,DALMENY RD @ NIXON DR,375590.34007,4997714.44721,-75.60027404010,45.11586144420,2017-07-31,11:37:00 AM,01 - Clear,01 - Daylight,01 - Dry,02 - Stop sign,01 - Functioning,02 - Non-fatal injury,02 - Angle,0
17-6829,MITCH OWENS RD @ STAGECOACH RD,375398.76662,5014486.11477,-75.60033402370,45.26678896490,2017-07-31,12:11:00 PM,01 - Clear,01 - Daylight,01 - Dry,01 - Traffic signal,01 - Functioning,03 - P.D. only,05 - Turning movement,0
17-6830,BRONSON AVE @ SUNNYSIDE AVE/UNIVERSITY RD - CA,367922.71010,5028091.24269,-75.69385945130,45.38991608610,2017-07-18,7:45:00 AM,01 - Clear,01 - Daylight,01 - Dry,01 - Traffic signal,01 - Functioning,03 - P.D. only,04 - Sideswipe,0
17-6831,KING EDWARD AVE @ RIDEAU ST,368512.34516,5032412.63226,-75.68577147840,45.42874512770,2017-07-31,1:12:00 PM,01 - Clear,01 - Daylight,01 - Dry,01 - Traffic signal,01 - Functioning,03 - P.D. only,05 - Turning movement,0
17-6832,LARGO CRES btwn DALLAS PL & SPRING GARDEN AVE,364803.35523,5022853.14563,-75.73432921820,45.34305872580,2017-07-25,12:00:00 AM,01 - Clear,00 - Unknown,01 - Dry,10 - No control,,03 - P.D. only,06 - SMV unattended vehicle,0
17-6833,CARP RD @ HAZELDEAN RD,348805.57924,5014360.43620,-75.93921067420,45.26782471670,2017-07-30,2:17:00 PM,01 - Clear,01 - Daylight,01 - Dry,01 - Traffic signal,01 - Functioning,02 - Non-fatal injury,02 - Angle,0
17-6834,ISABELLA ST/HWY417 IC119AR75 @ METCALFE ST,368448.44082,5030400.11689,-75.68684805820,45.41064302860,2017-07-27,11:15:00 AM,01 - Clear,01 - Daylight,01 - Dry,01 - Traffic signal,01 - Functioning,03 - P.D. only,04 - Sideswipe,0
17-6835,ALTA VISTA DR @ BANK ST,370248.29108,5026201.40533,-75.66441309080,45.37269849870,2017-07-31,2:42:00 PM,01 - Clear,01 - Daylight,01 - Dry,01 - Traffic signal,01 - Functioning,02 - Non-fatal injury,03 - Rear end,0
17-6836,BRIAN COBURN BLVD @ TENTH LINE RD,384428.33890,5035022.30790,-75.48197576030,45.45059377220,2017-07-30,3:08:00 PM,01 - Clear,01 - Daylight,01 - Dry,01 - Traffic signal,01 - Functioning,03 - P.D. only,03 - Rear end,0
17-6837,FALLOWFIELD RD btwn STEEPLE HILL CRES & MOODIE DR,359353.64952,5014586.97111,-75.80477441890,45.26912403880,2017-07-31,3:30:00 PM,01 - Clear,01 - Daylight,01 - Dry,10 - No control,,03 - P.D. only,05 - Turning movement,0
17-6838,MONTREAL RD btwn PALACE ST & VANIER PKWY,369987.98682,5033015.89670,-75.66683525070,45.43403707490,2017-07-31,4:06:00 PM,01 - Clear,01 - Daylight,01 - Dry,10 - No control,,03 - P.D. only,02 - Angle,0
17-6839,FALLOWFIELD RD @ MERIVALE RD,366893.53908,5018843.55596,-75.70816282040,45.30679913450,2017-07-31,4:53:00 PM,01 - Clear,01 - Daylight,01 - Dry,01 - Traffic signal,00 - Unknown,03 - P.D. only,03 - Rear end,0
17-6840,HERZBERG RD btwn BAYFIELD AVE & MARCH RD,352148.62478,5022052.64591,-75.89587585590,45.33682400830,2017-07-31,5:07:00 PM,01 - Clear,01 - Daylight,01 - Dry,10 - No control,,02 - Non-fatal injury,05 - Turning movement,0
17-6841,RICHMOND RD @ STONEHAVEN DR,356782.05227,5015891.66677,-75.83740769900,45.28105871380,2017-07-21,7:24:00 AM,01 - Clear,01 - Daylight,01 - Dry,01 - Traffic signal,01 - Functioning,03 - P.D. only,05 - Turning movement,0
17-6842,BLOHM DR @ HUNT CLUB RD,375129.74600,5026189.81905,-75.60209999350,45.37212135310,2017-07-31,5:17:00 PM,01 - Clear,01 - Daylight,01 - Dry,01 - Traffic signal,01 - Functioning,03 - P.D. only,03 - Rear end,0
17-6843,PINECREST RD @ RICHMOND RD,360072.06900,5024471.21165,-75.79451697990,45.35800681480,2017-07-31,5:19:00 PM,01 - Clear,01 - Daylight,01 - Dry,01 - Traffic signal,01 - Functioning,03 - P.D. only,03 - Rear end,0
17-6844,ABERFOYLE CIRC btwn Continuation of ABERFOYLE CIRC & Continuation of A,350495.74110,5023988.28237,-75.91678516180,45.35435087270,2017-07-28,12:00:00 AM,01 - Clear,00 - Unknown,01 - Dry,10 - No control,,03 - P.D. only,06 - SMV unattended vehicle,0
17-6845,ST. LAURENT BLVD/GUY ST @ RIDEAU SS,371860.70796,5033045.07608,-75.64289876700,45.43412253300,2017-07-31,8:22:00 PM,01 - Clear,01 - Daylight,01 - Dry,01 - Traffic signal,01 - Functioning,02 - Non-fatal injury,03 - Rear end,0
17-6846,8TH LINE RD btwn MITCH OWENS RD & RODNEY FARM DR,382555.31466,5018345.00533,-75.50854393690,45.30075432830,2017-07-31,9:52:00 PM,01 - Clear,07 - Dark,01 - Dry,10 - No control,,02 - Non-fatal injury,03 - Rear end,0
17-6847,LIMEBANK RD btwn TOM ROBERTS RD & LEITRIM RD,368609.70340,5019723.69045,-75.68616658340,45.31456461680,2017-07-31,9:51:00 PM,01 - Clear,07 - Dark,01 - Dry,10 - No control,,03 - P.D. only,07 - SMV other,0
17-6848,CHARLEMAGNE BLVD @ PRINCESS LOUISE DR W/VALADE,383520.54404,5037973.01350,-75.49310730230,45.47724440880,2017-08-01,7:53:00 AM,01 - Clear,01 - Daylight,01 - Dry,01 - Traffic signal,01 - Functioning,03 - P.D. only,05 - Turning movement,0
17-6849,GLENDORE ST btwn HAILEYBURY ST & NEW LISKEARD CRES,365835.26409,5014553.55046,-75.72218479570,45.26829068250,2017-08-01,6:00:00 AM,01 - Clear,03 - Dawn,01 - Dry,10 - No control,,03 - P.D. only,06 - SMV unattended vehicle,0
17-6850,RIOCAN AVE @ STRANDHERD DR,364172.20880,5014944.89158,-75.74332960540,45.27195433380,2017-08-01,9:00:00 AM,01 - Clear,01 - Daylight,01 - Dry,01 - Traffic signal,01 - Functioning,03 - P.D. only,02 - Angle,0
17-6851,MCARTHUR AVE btwn ALLEN BLVD & LACASSE AVE,370792.24336,5032752.71105,-75.65659247150,45.43159360910,2017-08-01,9:29:00 AM,01 - Clear,01 - Daylight,01 - Dry,10 - No control,,02 - Non-fatal injury,07 - SMV other,1
17-6852,GREENBANK RD @ MARKETPLACE AVE,364007.71794,5014600.59470,-75.74546683150,45.26887021310,2017-08-01,9:00:00 AM,01 - Clear,01 - Daylight,01 - Dry,01 - Traffic signal,01 - Functioning,03 - P.D. only,04 - Sideswipe,0
17-6853,INDUSTRIAL AVE/INNES RD @ ST. LAURENT BLVD,373098.50974,5030005.87111,-75.62750158930,45.40665743890,2017-08-01,10:32:00 AM,01 - Clear,01 - Daylight,01 - Dry,01 - Traffic signal,00 - Unknown,03 - P.D. only,04 - Sideswipe,0
17-6854,BANK ST btwn 112 N OF ALBION RD & OT/GL BOUNDARY,371843.77721,5024120.30193,-75.64432791050,45.35382264120,2017-08-01,10:46:00 AM,01 - Clear,01 - Daylight,01 - Dry,10 - No control,,03 - P.D. only,02 - Angle,0
17-6855,EASTVALE DR N @ OGILVIE RD,374982.88389,5036044.60300,-75.60257124460,45.46080413360,2017-08-01,12:23:00 PM,01 - Clear,01 - Daylight,01 - Dry,02 - Stop sign,01 - Functioning,03 - P.D. only,04 - Sideswipe,0
17-6856,BENTLEY AVE @ GIFFORD ST,366254.71140,5021898.54716,-75.71592952050,45.33434375010,2017-08-01,12:23:00 PM,01 - Clear,01 - Daylight,01 - Dry,02 - Stop sign,01 - Functioning,03 - P.D. only,05 - Turning movement,0
17-6857,SHERRING CRES @ SHERRING CRT,350442.22636,5020222.96367,-75.91781544090,45.32047316670,2017-07-31,12:00:00 AM,01 - Clear,00 - Unknown,01 - Dry,10 - No control,00 - Unknown,03 - P.D. only,06 - SMV unattended vehicle,0
17-6858,BEECH ST @ ROCHESTER ST,366856.69850,5029341.75949,-75.70731486640,45.40126317700,2017-08-01,1:02:00 PM,01 - Clear,01 - Daylight,01 - Dry,02 - Stop sign,00 - Unknown,02 - Non-fatal injury,04 - Sideswipe,0
17-6859,HILSON AVE @ BYRON AVE,363970.68590,5028477.90827,-75.74427984800,45.39374028290,2017-08-01,10:55:00 AM,01 - Clear,01 - Daylight,01 - Dry,02 - Stop sign,01 - Functioning,03 - P.D. only,02 - Angle,0
17-6860,CENTER ST btwn MONTREAL RD & PAUL AVE,371916.34456,5033709.65823,-75.64209714530,45.44009678890,2017-08-01,12:00:00 PM,01 - Clear,01 - Daylight,01 - Dry,10 - No control,,03 - P.D. only,04 - Sideswipe,0
17-6861,CARLING AVE @ WOODROFFE AVE W,361767.08210,5025726.41576,-75.77273915290,45.36916537440,2017-08-01,1:00:00 PM,01 - Clear,01 - Daylight,01 - Dry,01 - Traffic signal,01 - Functioning,03 - P.D. only,03 - Rear end,0
17-6862,MERIVALE RD/LOTTA AVE @ CLYDE AVE,364520.42238,5024507.20692,-75.73773948930,45.35796590550,2017-08-01,2:58:00 PM,01 - Clear,01 - Daylight,01 - Dry,01 - Traffic signal,01 - Functioning,03 - P.D. only,05 - Turning movement,0
17-6863,BANK ST @ GLEN AVE,368804.46023,5028434.59879,-75.68255522230,45.39292547060,2017-08-01,3:00:00 PM,01 - Clear,01 - Daylight,01 - Dry,01 - Traffic signal,00 - Unknown,03 - P.D. only,03 - Rear end,0
17-6864,ARLINGTON AVE @ KENT ST,367869.34746,5030257.88998,-75.69426382480,45.40941574230,2017-08-01,3:25:00 PM,01 - Clear,01 - Daylight,01 - Dry,01 - Traffic signal,01 - Functioning,03 - P.D. only,05 - Turning movement,0
17-6865,CARLING AVE @ PINECREST  RD/GREENVIEW AVE,360007.28453,5024632.83241,-75.79532576320,45.35946617840,2017-08-01,4:13:00 PM,01 - Clear,01 - Daylight,01 - Dry,01 - Traffic signal,01 - Functioning,03 - P.D. only,04 - Sideswipe,0
17-6866,EARL ARMSTRONG RD @ SPRATT RD,368399.43113,5015006.91183,-75.68945296970,45.27214278170,2017-08-01,4:55:00 PM,01 - Clear,01 - Daylight,01 - Dry,01 - Traffic signal,01 - Functioning,02 - Non-fatal injury,02 - Angle,0
17-6867,BANK ST btwn RIVERSIDE DR & BILLINGS TRANSIT,369369.75874,5027823.17117,-75.67541616100,45.38737214790,2017-08-01,5:22:00 PM,01 - Clear,01 - Daylight,01 - Dry,10 - No control,,02 - Non-fatal injury,05 - Turning movement,0
17-6868,AYLMER AVE @ BANK ST,368673.71240,5028730.45674,-75.68418661810,45.39559944580,2017-08-01,5:39:00 PM,01 - Clear,01 - Daylight,01 - Dry,01 - Traffic signal,01 - Functioning,03 - P.D. only,03 - Rear end,0
17-6869,BEATRICE DR @ STRANDHERD DR,365527.37700,5015321.21416,-75.72601417110,45.27522475240,2017-08-01,5:48:00 PM,01 - Clear,01 - Daylight,01 - Dry,01 - Traffic signal,01 - Functioning,02 - Non-fatal injury,05 - Turning movement,0
17-6870,DEERFOX DR @ GLEESON WAY,365615.58211,5015785.48380,-75.72483319860,45.27939460950,2017-08-01,6:11:00 PM,01 - Clear,01 - Daylight,01 - Dry,,00 - Unknown,03 - P.D. only,04 - Sideswipe,0
17-6871,PANMURE RD @ UPPER DWYER HILL RD,329349.88174,5019816.85424,-76.18687095540,45.31787323660,2017-08-01,6:20:00 PM,01 - Clear,01 - Daylight,01 - Dry,02 - Stop sign,01 - Functioning,02 - Non-fatal injury,02 - Angle,0
17-6872,CARLING AVE @ PINECREST  RD/GREENVIEW AVE,360006.59027,5024632.51590,-75.79533465880,45.35946338520,2017-08-01,6:54:00 PM,01 - Clear,01 - Daylight,01 - Dry,01 - Traffic signal,01 - Functioning,03 - P.D. only,05 - Turning movement,0
17-6873,PINECREST RD @ RICHMOND RD,360073.27933,5024471.81681,-75.79450146530,45.35801216410,2017-08-01,7:11:00 PM,01 - Clear,01 - Daylight,01 - Dry,01 - Traffic signal,01 - Functioning,03 - P.D. only,03 - Rear end,0
17-6874,CARLING AVE @ GRENON AVE,359594.19455,5024349.62815,-75.80062950380,45.35695031770,2017-08-01,7:24:00 PM,01 - Clear,01 - Daylight,01 - Dry,01 - Traffic signal,01 - Functioning,03 - P.D. only,03 - Rear end,0
17-6875,BANK ST @ FLORENCE ST,367876.45002,5030630.06182,-75.69412547240,45.41276378660,2017-08-01,9:40:00 PM,01 - Clear,07 - Dark,01 - Dry,02 - Stop sign,01 - Functioning,02 - Non-fatal injury,02 - Angle,0
17-6876,DONALD ST @ VANIER PKWY,370311.71310,5032269.62846,-75.66279744580,45.42729221210,2017-08-01,10:03:00 PM,01 - Clear,07 - Dark,01 - Dry,01 - Traffic signal,01 - Functioning,03 - P.D. only,05 - Turning movement,0
17-6877,BIRCHGROVE RD @ RUSSELL RD,400270.54583,5029607.55532,-75.28052975520,45.39989544310,2017-08-01,10:16:00 PM,01 - Clear,07 - Dark,01 - Dry,02 - Stop sign,01 - Functioning,03 - P.D. only,07 - SMV other,0
17-6878,REGIONAL ROAD 174 btwn OR174 IC101 RAMP63 & OR174 IC101 RAMP45,382692.63804,5038857.09832,-75.50355498160,45.48529145760,2017-08-01,10:46:00 PM,01 - Clear,07 - Dark,01 - Dry,10 - No control,,02 - Non-fatal injury,07 - SMV other,0