COLLISION_ID,LOCATION,X,Y,LONGITUDE,LATITUDE,DATE,TIME,ENVIRONMENT,LIGHT,SURFACE_CONDITION,TRAFFIC_CONTROL,TRAFFIC_CONTROL_CONDITION,COLLISION_CLASSIFICATION,IMPACT_TYPE,NO_OF_PEDESTRIANS
17-6879,TENTH LINE RD @ CHARLEMAGNE BLVD S/DES EPINETT,383640.97510,5036900.45590,-75.49173924100,45.46758093120,2017-08-01,10:56:00 PM,01 - Clear,07 - Dark,01 - Dry,01 - Traffic signal,01 - Functioning,03 - P.D. only,03 - Rear end,0
17-6880,DALY AVE @ WALLER ST,368340.53897,5032119.80797,-75.68800467710,45.42612602820,2017-08-01,11:17:00 PM,01 - Clear,07 - Dark,01 - Dry,01 - Traffic signal,01 - Functioning,02 - Non-fatal injury,07 - SMV other,1
17-6881,HAZELDEAN RD btwn JINKINSON RD/HAZELDEAN IC RAMP 62 & KITTIWAKE DR,347047.58131,5012553.98259,-75.96176648090,45.25167729300,2017-08-02,5:48:00 AM,01 - Clear,03 - Dawn,01 - Dry,10 - No control,,03 - P.D. only,07 - SMV other,0
17-6882,RUSSELL RD btwn FRANK KENNY RD & ROCKDALE RD,392646.01898,5026397.54530,-75.37847153840,45.37201353000,2017-08-02,5:50:00 AM,01 - Clear,03 - Dawn,02 - Wet,10 - No control,,03 - P.D. only,07 - SMV other,0
17-6883,GARLOCK RD @ THIRD LINE RD,371033.33143,4997274.91773,-75.65824404520,45.11234809990,2017-08-02,6:29:00 AM,01 - Clear,01 - Daylight,01 - Dry,10 - No control,00 - Unknown,03 - P.D. only,07 - SMV other,0
17-6884,CYRVILLE RD @ ST. LAURENT BLVD,372241.72080,5032112.48226,-75.63815732640,45.42569485320,2017-08-02,7:40:00 AM,01 - Clear,01 - Daylight,01 - Dry,01 - Traffic signal,01 - Functioning,03 - P.D. only,03 - Rear end,0
17-6885,LISGAR ST @ O'CONNOR ST,367763.12762,5031160.45863,-75.69550538980,45.41754633290,2017-08-01,9:21:00 AM,01 - Clear,01 - Daylight,01 - Dry,01 - Traffic signal,00 - Unknown,03 - P.D. only,06 - SMV unattended vehicle,0
17-6886,KENT ST @ FLORENCE ST,367704.13751,5030526.56900,-75.69633995350,45.41184810100,2017-08-02,10:29:00 AM,01 - Clear,01 - Daylight,01 - Dry,02 - Stop sign,01 - Functioning,03 - P.D. only,03 - Rear end,0
17-6887,VIENNA TER btwn MONTMORENCY WAY & MONTMORENCY WAY,384731.90801,5034577.74151,-75.47816757140,45.44655931830,2017-08-01,6:00:00 PM,01 - Clear,99 - Other,01 - Dry,10 - No control,,03 - P.D. only,06 - SMV unattended vehicle,0
17-6888,BLACKBURN AVE btwn OSGOODE ST & SOMERSET ST E,369339.37285,5032056.40716,-75.67525003690,45.42546412430,2017-08-02,10:38:00 AM,01 - Clear,01 - Daylight,01 - Dry,10 - No control,,03 - P.D. only,06 - SMV unattended vehicle,0
17-6889,GREENBANK RD @ HWY 417 GREENBA IC129R25,360522.80802,5023339.12253,-75.78889185690,45.34778462780,2017-08-02,11:18:00 AM,01 - Clear,01 - Daylight,01 - Dry,10 - No control,00 - Unknown,02 - Non-fatal injury,03 - Rear end,0
17-6890,MOODIE DR @ ROBERTSON RD,357064.51572,5020454.79993,-75.83332645040,45.32209747800,2017-08-02,11:56:00 AM,01 - Clear,01 - Daylight,01 - Dry,01 - Traffic signal,01 - Functioning,02 - Non-fatal injury,02 - Angle,0
17-6891,CUMMINGS AVE @ OGILVIE RD,372748.08224,5032168.99080,-75.63167944640,45.42615428480,2017-08-02,12:40:00 PM,01 - Clear,01 - Daylight,01 - Dry,01 - Traffic signal,01 - Functioning,03 - P.D. only,05 - Turning movement,0
17-6892,ELGIN ST btwn LAURIER AVE W & GLOUCESTER ST (2),367951.03552,5031545.10162,-75.69305538640,45.42099028860,2017-08-01,2:00:00 PM,01 - Clear,01 - Daylight,01 - Dry,10 - No control,,03 - P.D. only,06 - SMV unattended vehicle,0
17-6893,BAYSHORE DR @ RICHMOND RD,359372.89736,5023365.90982,-75.80356241560,45.34811607640,2017-08-02,2:01:00 PM,01 - Clear,01 - Daylight,01 - Dry,01 - Traffic signal,01 - Functioning,03 - P.D. only,03 - Rear end,0
17-6894,BANK ST @ CATHERINE ST,368038.96727,5030268.70756,-75.69209569260,45.40949776980,2017-08-02,3:33:00 PM,01 - Clear,01 - Daylight,01 - Dry,01 - Traffic signal,01 - Functioning,03 - P.D. only,04 - Sideswipe,0
17-6895,ELGIN ST @ SLATER ST,367890.17222,5031646.30736,-75.69382006040,45.42190639600,2017-08-02,3:00:00 PM,01 - Clear,01 - Daylight,01 - Dry,01 - Traffic signal,01 - Functioning,03 - P.D. only,04 - Sideswipe,0
17-6896,WIFFEN PRIV @ WHARHOL PRIV,357252.28806,5019607.01021,-75.83102121040,45.31445496950,2017-08-02,3:48:00 PM,01 - Clear,01 - Daylight,01 - Dry,02 - Stop sign,00 - Unknown,03 - P.D. only,05 - Turning movement,0
17-6897,GEORGE ST @ PRESTON ST,366619.59525,5029416.33634,-75.71033388090,45.40195517660,2017-08-02,7:00:00 PM,01 - Clear,01 - Daylight,01 - Dry,01 - Traffic signal,00 - Unknown,03 - P.D. only,06 - SMV unattended vehicle,0
17-6898,TRIM RD @ DAIRY DR/TAYLOR CREEK DR,384535.64965,5039595.48429,-75.47986196630,45.49172664870,2017-08-02,4:10:00 PM,01 - Clear,01 - Daylight,01 - Dry,11 - Roundabout,01 - Functioning,03 - P.D. only,04 - Sideswipe,0
17-6899,CEDARVIEW RD @ WEST HUNT CLUB RD,359719.27890,5019555.98146,-75.79956506700,45.31380719510,2017-08-02,4:18:00 PM,01 - Clear,01 - Daylight,01 - Dry,01 - Traffic signal,01 - Functioning,03 - P.D. only,03 - Rear end,0
17-6900,MAITLAND AVE @ WOODWARD DR,363274.28603,5025663.49840,-75.75350675110,45.36847512140,2017-08-02,4:46:00 PM,01 - Clear,01 - Daylight,01 - Dry,01 - Traffic signal,01 - Functioning,03 - P.D. only,02 - Angle,0
17-6901,SECOND LINE RD btwn GOWARD DR & KLONDIKE RD,347899.93253,5023391.98938,-75.94996586810,45.34914963500,2017-08-02,5:17:00 PM,01 - Clear,01 - Daylight,01 - Dry,10 - No control,,03 - P.D. only,07 - SMV other,0
17-6902,BANK ST @ THIRD AVE,368336.06977,5029549.63982,-75.68839312670,45.40300092010,2017-08-02,5:58:00 PM,01 - Clear,01 - Daylight,01 - Dry,01 - Traffic signal,00 - Unknown,03 - P.D. only,06 - SMV unattended vehicle,0
17-6903,MEADOWLANDS DR/TALLWOOD DR @ WOODROFFE AVE,363056.68960,5022728.89940,-75.75663020310,45.34208799870,2017-08-02,6:00:00 PM,01 - Clear,01 - Daylight,01 - Dry,01 - Traffic signal,01 - Functioning,03 - P.D. only,02 - Angle,0
17-6904,INNES RD btwn 260 E OF BELCOURT BLVD/WALMART SC & JEANNE D'ARC BLVD/ME,382593.12071,5035543.57387,-75.50535242520,45.45549036830,2017-08-02,11:00:00 AM,01 - Clear,01 - Daylight,01 - Dry,10 - No control,,03 - P.D. only,07 - SMV other,0
17-6905,PLEASANT PARK RD @ ST. LAURENT BLVD,373597.72790,5028795.86888,-75.62129372910,45.39572151630,2017-08-02,9:01:00 PM,01 - Clear,07 - Dark,01 - Dry,01 - Traffic signal,01 - Functioning,03 - P.D. only,04 - Sideswipe,0
17-6906,GLADSTONE AVE @ O'CONNOR ST,368074.71120,5030658.25072,-75.69158909090,45.41299952270,2017-08-02,9:03:00 PM,01 - Clear,07 - Dark,01 - Dry,01 - Traffic signal,01 - Functioning,03 - P.D. only,05 - Turning movement,0
17-6907,RIVERSIDE DR @ SMYTH RD NORTH SIDE RAMP,369937.54533,5029316.39167,-75.66796890150,45.40075505410,2017-08-02,9:21:00 PM,01 - Clear,07 - Dark,01 - Dry,01 - Traffic signal,01 - Functioning,03 - P.D. only,04 - Sideswipe,0
17-6908,WESTFIELD CRES btwn ASHGROVE CRES & ASHGROVE CRES,360990.54129,5021886.29257,-75.78308834140,45.33467477600,2017-08-02,9:57:00 PM,01 - Clear,07 - Dark,01 - Dry,10 - No control,,03 - P.D. only,06 - SMV unattended vehicle,0
17-6909,FLORIDA AVE btwn ARIZONA AVE & PALM ST,372045.00199,5027318.47619,-75.64132468020,45.38257936880,2017-08-02,10:07:00 PM,01 - Clear,07 - Dark,01 - Dry,10 - No control,,03 - P.D. only,06 - SMV unattended vehicle,0
17-6910,CUMMINGS AVE @ OGILVIE RD,372748.08224,5032170.90468,-75.63167918240,45.42617150510,2017-08-03,7:50:00 AM,01 - Clear,01 - Daylight,01 - Dry,01 - Traffic signal,01 - Functioning,02 - Non-fatal injury,05 - Turning movement,0
17-6911,ALERT RD/AIRPORT PKWY/UPLANDS DR RAMP 62 @ LES,371308.85878,5021353.78410,-75.65152616890,45.32898129050,2017-08-03,9:35:00 AM,01 - Clear,01 - Daylight,01 - Dry,01 - Traffic signal,01 - Functioning,03 - P.D. only,05 - Turning movement,0
17-6912,BLAIR RD @ OR174 IC112 RAMP26,374753.56554,5032847.04261,-75.60595779890,45.43205733230,2017-08-03,8:15:00 AM,01 - Clear,01 - Daylight,01 - Dry,10 - No control,00 - Unknown,03 - P.D. only,03 - Rear end,0
17-6913,CROSSKEYS PL/HELENE CAMPBELL RD @ STRANDHERD DR,360982.31120,5014901.73290,-75.78398492900,45.27182807490,2017-08-03,11:25:00 AM,01 - Clear,01 - Daylight,01 - Dry,01 - Traffic signal,01 - Functioning,03 - P.D. only,03 - Rear end,0
17-6914,PRESTON ST @ PRINCE OF WALES DR/QUEEN ELIZABET,366900.71150,5028776.33225,-75.70682390600,45.39617171200,2017-08-03,11:25:00 AM,01 - Clear,01 - Daylight,01 - Dry,01 - Traffic signal,01 - Functioning,02 - Non-fatal injury,02 - Angle,0
17-6915,ST. JOSEPH BLVD @ TENTH LINE RD,382890.80386,5038666.45294,-75.50105064150,45.48355406310,2017-08-03,11:25:00 AM,01 - Clear,01 - Daylight,01 - Dry,01 - Traffic signal,01 - Functioning,03 - P.D. only,02 - Angle,0
17-6916,COLONEL BY DR/SUSSEX DR @ RIDEAU ST,367921.42032,5032044.32812,-75.69336980330,45.42548483320,2017-08-03,11:43:00 AM,01 - Clear,01 - Daylight,01 - Dry,01 - Traffic signal,01 - Functioning,03 - P.D. only,05 - Turning movement,0
17-6917,GOOSE RIVER AVE btwn GOLDENEYE WAY & ROCKY HARBOUR CRES,368745.51496,5016153.51395,-75.68489502480,45.28242838050,2017-08-01,9:00:00 PM,01 - Clear,99 - Other,01 - Dry,10 - No control,,03 - P.D. only,06 - SMV unattended vehicle,0
17-6918,HAWTHORNE RD btwn AGES DR & STEVENAGE DR,375114.94563,5027364.17783,-75.60212170480,45.38268915720,2017-08-01,10:30:00 PM,01 - Clear,07 - Dark,01 - Dry,10 - No control,,03 - P.D. only,07 - SMV other,0
17-6919,PINECREST RD @ RICHMOND RD,360072.03254,5024470.55546,-75.79451751910,45.35800091320,2017-08-03,1:42:00 PM,01 - Clear,01 - Daylight,01 - Dry,01 - Traffic signal,01 - Functioning,03 - P.D. only,03 - Rear end,0
17-6920,CARLING AVE @ MERIVALE RD,364894.70380,5027700.23979,-75.73257417520,45.38666428920,2017-08-03,2:00:00 PM,01 - Clear,01 - Daylight,01 - Dry,01 - Traffic signal,01 - Functioning,03 - P.D. only,03 - Rear end,0
17-6921,COLONNADE RD @ PRINCE OF WALES DR,367394.10277,5023266.82051,-75.70122088550,45.34655450350,2017-08-01,7:00:00 PM,01 - Clear,01 - Daylight,01 - Dry,01 - Traffic signal,00 - Unknown,03 - P.D. only,03 - Rear end,0
17-6922,PARKDALE AVE @ SCOTT ST,364948.42768,5029726.87878,-75.73164107030,45.40489494950,2017-08-03,4:02:00 PM,01 - Clear,01 - Daylight,01 - Dry,01 - Traffic signal,01 - Functioning,03 - P.D. only,05 - Turning movement,0
17-6923,ST. JOSEPH BLVD @ REGIONAL RD 174/TRANSITWAY,376556.24644,5035056.98545,-75.58259932980,45.45175836830,2017-08-03,4:40:00 PM,01 - Clear,01 - Daylight,01 - Dry,01 - Traffic signal,00 - Unknown,03 - P.D. only,03 - Rear end,0
17-6924,DALHOUSIE ST btwn YORK ST & GEORGE ST,368100.73051,5032407.54957,-75.69103193990,45.42873677010,2017-08-03,5:50:00 PM,01 - Clear,01 - Daylight,01 - Dry,10 - No control,,03 - P.D. only,02 - Angle,0
17-6925,ORLEANS BLVD @ MAPLE RUN AVE/BEAUSEJOUR DR S,380575.39664,5035316.68913,-75.53118184560,45.45367075400,2017-08-03,9:25:00 PM,01 - Clear,07 - Dark,01 - Dry,01 - Traffic signal,01 - Functioning,03 - P.D. only,05 - Turning movement,0
17-6926,GLADSTONE AVE @ METCALFE ST,368230.71170,5030750.78435,-75.68958428750,45.41381798760,2017-08-03,11:50:00 PM,01 - Clear,07 - Dark,01 - Dry,01 - Traffic signal,01 - Functioning,02 - Non-fatal injury,02 - Angle,0
17-6927,COLONEL BY DR/SUSSEX DR @ RIDEAU ST,367921.75433,5032044.26227,-75.69336554390,45.42548421110,2017-08-04,12:06:00 AM,01 - Clear,07 - Dark,01 - Dry,01 - Traffic signal,01 - Functioning,03 - P.D. only,04 - Sideswipe,0
17-6928,BASELINE RD/HWY 416 RICHMOND IC75R53 @ RICHMON,358637.19401,5021820.62223,-75.81311864510,45.33426837850,2017-08-04,12:44:00 AM,01 - Clear,07 - Dark,01 - Dry,01 - Traffic signal,01 - Functioning,03 - P.D. only,03 - Rear end,0
17-6929,CHURCHILL AVE @ RAVENHILL AVE,363312.91236,5028095.46544,-75.75272547390,45.39035439530,2017-08-04,8:10:00 AM,02 - Rain,01 - Daylight,02 - Wet,02 - Stop sign,00 - Unknown,03 - P.D. only,03 - Rear end,0
17-6930,RIVER RD btwn MULLIGAN ST & LEITRIM RD,368011.78844,5017257.21466,-75.69410618520,45.29242570760,2017-08-04,9:02:00 AM,01 - Clear,01 - Daylight,01 - Dry,10 - No control,,03 - P.D. only,03 - Rear end,0
17-6931,PROMENADE AVE @ BRISBANE RD,366852.57615,5021078.87288,-75.70840513590,45.32691583420,2017-08-04,9:14:00 AM,01 - Clear,01 - Daylight,02 - Wet,02 - Stop sign,00 - Unknown,03 - P.D. only,05 - Turning movement,0
17-6932,BANK ST @ LAURIER AVE,367480.70030,5031265.32056,-75.69910033490,45.41851520630,2017-08-03,4:30:00 PM,01 - Clear,01 - Daylight,01 - Dry,01 - Traffic signal,01 - Functioning,03 - P.D. only,04 - Sideswipe,0
17-6933,BANK ST btwn ALTA VISTA DR & ERIE AVE,370239.13768,5026222.42999,-75.66452715540,45.37288852700,2017-08-04,10:48:00 AM,01 - Clear,01 - Daylight,01 - Dry,10 - No control,,03 - P.D. only,02 - Angle,0
17-6934,WOODROFFE AVE @ KNOXDALE RD/MEDHURST DR,363419.82094,5021825.95172,-75.75210392280,45.33393309440,2017-08-04,12:09:00 PM,01 - Clear,01 - Daylight,01 - Dry,01 - Traffic signal,01 - Functioning,02 - Non-fatal injury,05 - Turning movement,0
17-6935,LEONARD AVE @ OSSINGTON AVE,368508.79262,5028090.40379,-75.68637545150,45.38985546910,2017-08-04,12:42:00 PM,01 - Clear,01 - Daylight,01 - Dry,02 - Stop sign,01 - Functioning,03 - P.D. only,02 - Angle,0
17-6936,CARP RD @ HAZELDEAN RD,348804.11666,5014360.66582,-75.93922929050,45.26782687420,2017-08-04,1:00:00 PM,01 - Clear,01 - Daylight,01 - Dry,01 - Traffic signal,01 - Functioning,03 - P.D. only,02 - Angle,0
17-6937,ST. JOSEPH BLVD/OLD MONTREAL RD @ TRIM RD,384683.96674,5039284.54473,-75.47801530200,45.48891215880,2017-08-04,1:01:00 PM,01 - Clear,01 - Daylight,01 - Dry,11 - Roundabout,01 - Functioning,03 - P.D. only,05 - Turning movement,0
17-6938,PRESTON ST @ PRINCE OF WALES DR/QUEEN ELIZABET,366900.71150,5028776.77762,-75.70682384990,45.39617571870,2017-08-04,1:07:00 PM,01 - Clear,01 - Daylight,01 - Dry,01 - Traffic signal,00 - Unknown,03 - P.D. only,02 - Angle,0
17-6939,ALTA VISTA DR @ BANK ST,370246.46267,5026199.93619,-75.66443662640,45.37268545100,2017-08-04,1:13:00 PM,01 - Clear,01 - Daylight,01 - Dry,01 - Traffic signal,00 - Unknown,03 - P.D. only,04 - Sideswipe,0
17-6940,INNES RD @ TENTH LINE RD,383951.76030,5036158.64756,-75.48788482200,45.46087166970,2017-08-04,12:30:00 PM,01 - Clear,01 - Daylight,01 - Dry,01 - Traffic signal,01 - Functioning,03 - P.D. only,03 - Rear end,0
17-6941,CATHERINE ST @ KENT ST,367907.06954,5030188.24542,-75.69379087440,45.40878570170,2017-08-04,1:30:00 PM,01 - Clear,01 - Daylight,01 - Dry,01 - Traffic signal,01 - Functioning,03 - P.D. only,05 - Turning movement,0
17-6942,MERIVALE RD @ BASIL MACDONALD WAY/MERIVALE MAL,365097.21630,5023171.96379,-75.73054088930,45.34590221240,2017-08-04,3:05:00 PM,01 - Clear,01 - Daylight,01 - Dry,01 - Traffic signal,01 - Functioning,03 - P.D. only,02 - Angle,0
17-6943,ST. JOSEPH BLVD/OLD MONTREAL RD @ TRIM RD,384682.22992,5039288.93087,-75.47803680430,45.48895182030,2017-08-04,3:00:00 PM,01 - Clear,01 - Daylight,01 - Dry,11 - Roundabout,01 - Functioning,03 - P.D. only,01 - Approaching,0
17-6944,PLEASANT PARK RD btwn CAVENDISH RD & ALTA VISTA DR,370286.98371,5028458.97604,-75.66361967010,45.39300773860,2017-08-04,3:16:00 PM,01 - Clear,01 - Daylight,01 - Dry,10 - No control,,03 - P.D. only,99 - Other,0
17-6945,BLAIR RD @ REGIONAL RD 174 N/OR174 IC112 RAMP61,374635.19459,5032991.08351,-75.60745002460,45.43336516330,2017-08-04,3:48:00 PM,01 - Clear,01 - Daylight,01 - Dry,01 - Traffic signal,01 - Functioning,03 - P.D. only,03 - Rear end,0
17-6946,METCALFE ST @ LAURIER AVE,367793.35043,5031451.57630,-75.69508204600,45.42016299480,2017-08-04,3:47:00 PM,01 - Clear,01 - Daylight,01 - Dry,01 - Traffic signal,01 - Functioning,03 - P.D. only,02 - Angle,0
17-6947,MERIVALE RD btwn WOODFIELD DR & 170 N OF WEST HUNT CLUB RD/COSTCO SC,365540.07774,5022118.94079,-75.72501928780,45.33638904680,2017-08-04,3:58:00 PM,01 - Clear,01 - Daylight,01 - Dry,10 - No control,,02 - Non-fatal injury,05 - Turning movement,0
17-6948,ST. JOSEPH BLVD/OLD MONTREAL RD @ TRIM RD,384682.75400,5039286.73001,-75.47803045840,45.48893195870,2017-08-04,4:37:00 PM,01 - Clear,01 - Daylight,01 - Dry,11 - Roundabout,01 - Functioning,03 - P.D. only,02 - Angle,0
17-6949,DAVID DR @ WOODROFFE AVE,362981.33063,5022906.21935,-75.75757086670,45.34368976530,2017-08-04,4:39:00 PM,01 - Clear,01 - Daylight,01 - Dry,02 - Stop sign,01 - Functioning,02 - Non-fatal injury,02 - Angle,0
17-6950,CATHERINE ST/HWY 417 O'CONN IC119BR76 @ O'CONN,368243.47413,5030392.36905,-75.68946737980,45.41059192730,2017-08-04,5:08:00 PM,01 - Clear,01 - Daylight,01 - Dry,01 - Traffic signal,01 - Functioning,03 - P.D. only,02 - Angle,0
17-6951,HUNTER'S GLEN CRES btwn STREAMWOOD LANE & STREAMWOOD LANE,372478.91649,5025013.70359,-75.63610030100,45.36180013190,2017-08-04,5:27:00 PM,01 - Clear,01 - Daylight,01 - Dry,10 - No control,,03 - P.D. only,06 - SMV unattended vehicle,0
17-6952,CAMBRIAN RD/GOLFLINKS DR W @ LONGFIELDS DR,365382.43973,5013222.20082,-75.72811728260,45.25635035890,2017-08-04,8:21:00 PM,02 - Rain,05 - Dusk,02 - Wet,11 - Roundabout,01 - Functioning,03 - P.D. only,07 - SMV other,0
17-6953,KANATA RD @ LORD BYNG WAY/MARITIME WAY,351431.74847,5019333.05573,-75.90527814390,45.31240053010,2017-08-04,10:21:00 PM,02 - Rain,07 - Dark,02 - Wet,01 - Traffic signal,01 - Functioning,03 - P.D. only,03 - Rear end,0
17-6954,CARP RD btwn REIS RD & CAVANMORE RD,345378.96865,5018108.60672,-75.98256962490,45.30175833820,2017-08-04,10:00:00 PM,02 - Rain,07 - Dark,02 - Wet,10 - No control,,03 - P.D. only,07 - SMV other,0
17-6955,HUNT CLUB RD EB btwn 275 E OF HAWTHORNE RD/OC TRANSPO TURNAROUND & HAWTHORNE RD,375680.07800,5026499.62200,-75.59503032190,45.37485336190,2017-08-05,2:02:00 AM,01 - Clear,07 - Dark,01 - Dry,10 - No control,,03 - P.D. only,03 - Rear end,0
17-6956,GREENBANK RD @ LISA AVE,360555.95715,5022892.21005,-75.78851923370,45.34376068270,2017-08-04,10:55:00 PM,02 - Rain,07 - Dark,02 - Wet,01 - Traffic signal,01 - Functioning,03 - P.D. only,05 - Turning movement,0
17-6957,BOOTH ST @ GLADSTONE AVE,366769.99990,5029849.91445,-75.70835835100,45.40584309700,2017-08-04,11:50:00 PM,01 - Clear,07 - Dark,02 - Wet,01 - Traffic signal,01 - Functioning,03 - P.D. only,02 - Angle,0
17-6958,PRINCESS AVE btwn TO BE DETERMINED & LISGAR RD (2),368649.30705,5034347.17968,-75.68377038660,45.44613895970,2017-08-04,11:54:00 PM,02 - Rain,07 - Dark,02 - Wet,10 - No control,,03 - P.D. only,07 - SMV other,0
17-6959,COLONEL BY DR/SUSSEX DR @ RIDEAU ST,367920.89091,5032043.64594,-75.69337665520,45.42547874280,2017-08-05,3:16:00 AM,01 - Clear,07 - Dark,02 - Wet,01 - Traffic signal,01 - Functioning,03 - P.D. only,03 - Rear end,0
17-6960,HERON RD @ JUNCTION AVE,369217.73592,5026760.52660,-75.67749601940,45.37782479740,2017-08-05,5:46:00 AM,01 - Clear,03 - Dawn,01 - Dry,02 - Stop sign,01 - Functioning,02 - Non-fatal injury,01 - Approaching,0
17-6961,ALTA VISTA DR @ BILLINGS AVE,370350.09662,5028611.30593,-75.66279345890,45.39437244350,2017-08-04,10:00:00 PM,01 - Clear,07 - Dark,01 - Dry,02 - Stop sign,01 - Functioning,02 - Non-fatal injury,02 - Angle,0
17-6962,BANK ST @ GLEN AVE,368804.06297,5028433.91397,-75.68256038350,45.39291934530,2017-08-05,8:19:00 AM,01 - Clear,01 - Daylight,01 - Dry,01 - Traffic signal,00 - Unknown,03 - P.D. only,06 - SMV unattended vehicle,0
17-6963,DU BUISSON CRES btwn GARDENWAY DR & GARDENWAY DR,384428.07109,5036444.61990,-75.48174887180,45.46339045770,2017-07-24,8:30:00 PM,01 - Clear,05 - Dusk,01 - Dry,10 - No control,,03 - P.D. only,06 - SMV unattended vehicle,0
17-6964,INDUSTRIAL AVE btwn NEIGHBORHOOD WAY & TRAINYARDS DR,371599.45570,5030549.75369,-75.64657581640,45.41169573320,2017-08-05,10:33:00 AM,01 - Clear,01 - Daylight,01 - Dry,10 - No control,,03 - P.D. only,02 - Angle,0
17-6965,MOUNTSHANNON DR btwn LONGFIELDS DR & BOULDER WAY,364271.52306,5016604.10662,-75.74186519720,45.28687555040,2017-08-05,10:30:00 AM,01 - Clear,01 - Daylight,01 - Dry,10 - No control,,03 - P.D. only,06 - SMV unattended vehicle,0
17-6966,JEANNE D'ARC BLVD @ ORLEANS BLVD S,380939.74116,5036251.91739,-75.52637941990,45.46204558830,2017-08-05,12:05:00 PM,01 - Clear,01 - Daylight,01 - Dry,01 - Traffic signal,01 - Functioning,03 - P.D. only,03 - Rear end,0
17-6967,FLAMBOROUGH WAY @ MERSEY DR,349152.52914,5023780.76828,-75.93394634120,45.35256986120,2017-08-05,1:14:00 PM,01 - Clear,01 - Daylight,01 - Dry,10 - No control,00 - Unknown,03 - P.D. only,04 - Sideswipe,0
17-6968,VANIER PKWY/CRICHTON ST @ BEECHWOOD AVE/ST. PA,369127.54056,5033487.23706,-75.67776983680,45.43835769370,2017-08-05,1:44:00 PM,01 - Clear,01 - Daylight,01 - Dry,01 - Traffic signal,01 - Functioning,03 - P.D. only,03 - Rear end,0
17-6969,FOREST VALLEY DR btwn ST. JOSEPH BLVD & RIVERMILL CRES,379585.79751,5035862.60975,-75.54374945210,45.45868914450,2017-08-05,1:50:00 PM,01 - Clear,01 - Daylight,01 - Dry,10 - No control,,03 - P.D. only,99 - Other,0
17-6970,CASTLEFRANK RD @ HAZELDEAN RD,352676.66044,5017675.85576,-75.88956201790,45.29740488820,2017-08-05,2:00:00 PM,01 - Clear,01 - Daylight,01 - Dry,01 - Traffic signal,01 - Functioning,03 - P.D. only,03 - Rear end,0
17-6971,GREENBANK RD @ STRANDHERD DR,363934.51690,5014785.64602,-75.74637757580,45.27054146710,2017-08-05,3:10:00 PM,01 - Clear,01 - Daylight,01 - Dry,01 - Traffic signal,01 - Functioning,03 - P.D. only,05 - Turning movement,0
17-6972,CONIFER CREEK CIR S btwn CONIFER CREEK CIR & END,356785.55450,5015426.55700,-75.83741177450,45.27687331210,2017-08-05,12:00:00 AM,01 - Clear,00 - Unknown,01 - Dry,10 - No control,,03 - P.D. only,06 - SMV unattended vehicle,0
17-6973,MEADOWLANDS DR btwn BAYNE AVE & MERIVALE RD,364784.59369,5023684.81728,-75.73446773640,45.35054360680,2017-08-05,4:27:00 PM,01 - Clear,01 - Daylight,01 - Dry,10 - No control,,02 - Non-fatal injury,02 - Angle,0
17-6974,BREWER RD @ BRONSON AVE,368110.26476,5027765.52266,-75.69150621330,45.38696842120,2017-08-05,5:01:00 PM,02 - Rain,01 - Daylight,02 - Wet,01 - Traffic signal,01 - Functioning,03 - P.D. only,03 - Rear end,0
17-6975,GREENBANK RD @ LISA AVE,360555.95715,5022894.77415,-75.78851894460,45.34378375450,2017-08-05,5:27:00 PM,01 - Clear,01 - Daylight,01 - Dry,01 - Traffic signal,01 - Functioning,02 - Non-fatal injury,02 - Angle,0
17-6976,CAMBRIDGE ST @ SOMERSET ST,366898.69890,5030433.24902,-75.70664095380,45.41108036920,2017-08-05,6:39:00 PM,01 - Clear,01 - Daylight,01 - Dry,02 - Stop sign,01 - Functioning,02 - Non-fatal injury,05 - Turning movement,0
17-6977,REGIONAL ROAD 174 btwn OR174 IC105 RAMP25 & OR174 IC102 RAMP51,380625.26725,5037690.44371,-75.53017815920,45.47502249140,2017-08-05,10:25:00 PM,02 - Rain,07 - Dark,02 - Wet,10 - No control,,03 - P.D. only,07 - SMV other,0
17-6978,CONROY RD @ HUNT CLUB RD,373764.38103,5025405.16383,-75.61963905600,45.36519705090,2017-08-05,11:18:00 PM,01 - Clear,07 - Dark,01 - Dry,01 - Traffic signal,01 - Functioning,02 - Non-fatal injury,03 - Rear end,0
17-6979,CLARENCE ST @ DALHOUSIE ST,368042.37852,5032503.04340,-75.69176532620,45.42960126870,2017-08-06,2:52:00 AM,01 - Clear,07 - Dark,01 - Dry,01 - Traffic signal,01 - Functioning,02 - Non-fatal injury,07 - SMV other,1
17-6980,LIMEBANK RD @ RIDEAU RD,370881.44565,5014020.07433,-75.65795544380,45.26303453230,2017-08-06,3:23:00 AM,01 - Clear,07 - Dark,01 - Dry,02 - Stop sign,01 - Functioning,03 - P.D. only,07 - SMV other,0
17-6981,GRASSY PLAINS DR @ APPLE CREEK CRES E/BIRCHFIE,355834.57515,5015467.61643,-75.84952758400,45.27731244380,2017-08-06,6:38:00 AM,01 - Clear,03 - Dawn,01 - Dry,02 - Stop sign,00 - Unknown,03 - P.D. only,07 - SMV other,0