COLLISION_ID,LOCATION,X,Y,LONGITUDE,LATITUDE,DATE,TIME,ENVIRONMENT,LIGHT,SURFACE_CONDITION,TRAFFIC_CONTROL,TRAFFIC_CONTROL_CONDITION,COLLISION_CLASSIFICATION,IMPACT_TYPE,NO_OF_PEDESTRIANS
17-6982,CHIMO DR btwn LARSEN CRT & INUVIK CRES,352856.07878,5019235.58570,-75.88712331180,45.31142744610,2017-08-06,9:50:00 AM,01 - Clear,01 - Daylight,01 - Dry,10 - No control,,03 - P.D. only,06 - SMV unattended vehicle,0
17-6983,LANCASTER RD btwn SHELBOURN LANE & DELRIDGE LANE,374137.37931,5029385.46591,-75.61431907700,45.40097319680,2017-08-06,1:01:00 PM,01 - Clear,01 - Daylight,01 - Dry,10 - No control,,02 - Non-fatal injury,03 - Rear end,0
17-6984,BRIDGESTONE DR @ EAGLESON RD,354873.32896,5015402.95006,-75.86178511150,45.27679967850,2017-08-06,2:02:00 PM,01 - Clear,01 - Daylight,01 - Dry,02 - Stop sign,01 - Functioning,03 - P.D. only,02 - Angle,0
17-6985,ST. PATRICK ST @ SUSSEX DR,367668.13196,5032462.05949,-75.69655293680,45.42926625070,2017-08-06,2:16:00 PM,01 - Clear,01 - Daylight,01 - Dry,01 - Traffic signal,01 - Functioning,03 - P.D. only,04 - Sideswipe,0
17-6986,HAWTHORNE RD btwn HUNT CLUB RD & HAWTHORNE RD,375513.00358,5026393.68388,-75.59717836520,45.37391706240,2017-08-06,4:26:00 PM,01 - Clear,01 - Daylight,01 - Dry,10 - No control,,03 - P.D. only,03 - Rear end,0
17-6987,DUROCHER ST btwn DESCHAMPS AVE & ST. PAUL ST,370023.06760,5033299.40498,-75.66634937150,45.43658469330,2017-08-05,12:00:00 AM,01 - Clear,00 - Unknown,01 - Dry,10 - No control,,03 - P.D. only,06 - SMV unattended vehicle,0
17-6988,BLOOMFIELD AVE btwn CHURCHILL AVE N & END,363026.24896,5028760.36693,-75.75630770370,45.39636096760,2017-08-06,5:09:00 PM,01 - Clear,01 - Daylight,01 - Dry,10 - No control,,03 - P.D. only,06 - SMV unattended vehicle,0
17-6989,PRINCE OF WALES DR btwn WOODROFFE AVE & ROCKY HILL DR,366837.88009,5014138.73359,-75.70946078030,45.26447045770,2017-08-06,6:52:00 PM,01 - Clear,01 - Daylight,01 - Dry,10 - No control,,03 - P.D. only,07 - SMV other,0
17-6990,SMYTH RD @ SOUTH HAVEN PL/GENERAL HOSPITAL ENTRANCE W,371120.37939,5029136.96386,-75.65288580340,45.39902958110,2017-08-06,7:50:00 PM,01 - Clear,01 - Daylight,01 - Dry,01 - Traffic signal,01 - Functioning,03 - P.D. only,03 - Rear end,0
17-6991,ESCALLONIA CRT btwn ESCALLONIA CRT & ESCALLONIA CRT,349836.26900,5016000.49500,-75.92592785270,45.28251727650,2017-08-06,9:46:00 PM,01 - Clear,07 - Dark,01 - Dry,10 - No control,,03 - P.D. only,06 - SMV unattended vehicle,0
17-6992,TENTH LINE RD @ LAKEPOINTE DR,384260.75037,5035420.00064,-75.48405374270,45.45419092470,2017-08-07,9:45:00 AM,01 - Clear,01 - Daylight,01 - Dry,01 - Traffic signal,01 - Functioning,03 - P.D. only,02 - Angle,0
17-6993,CARLING AVE @ MERIVALE RD,364895.16304,5027700.31458,-75.73256830260,45.38666492280,2017-08-07,11:01:00 AM,01 - Clear,01 - Daylight,01 - Dry,01 - Traffic signal,01 - Functioning,03 - P.D. only,02 - Angle,0
17-6994,AIRPORT PKWY/BRONSON/HERON RAMP 24 @ BRONSON A,368694.00680,5026732.12319,-75.68418613250,45.37761718790,2017-08-07,11:35:00 AM,01 - Clear,01 - Daylight,01 - Dry,10 - No control,00 - Unknown,03 - P.D. only,07 - SMV other,0
17-6995,WEST HUNT CLUB RD EB btwn MERIVALE RD & SUNDERLAND ST,365712.08851,5021991.60334,-75.72284048350,45.33522836950,2017-08-07,12:08:00 PM,01 - Clear,01 - Daylight,01 - Dry,10 - No control,,03 - P.D. only,04 - Sideswipe,0
17-6996,OGILVIE RD @ MATHESON RD/PALMERSTON DR,373379.73548,5032536.51469,-75.62355720580,45.42939943430,2017-07-21,5:40:00 PM,01 - Clear,01 - Daylight,01 - Dry,01 - Traffic signal,01 - Functioning,03 - P.D. only,03 - Rear end,0
17-6997,NICHOLAS ST NB btwn LAURIER AVE E & WALLER ST,368448.18897,5031737.81590,-75.68667849710,45.42267921100,2017-08-07,1:56:00 PM,01 - Clear,01 - Daylight,01 - Dry,10 - No control,,03 - P.D. only,04 - Sideswipe,0
17-6998,ROYDON PL btwn WOODFIELD DR & WEST HUNT CLUB RD,365552.00723,5022347.85225,-75.72483898980,45.33844772930,2017-08-07,3:16:00 PM,01 - Clear,01 - Daylight,01 - Dry,10 - No control,,03 - P.D. only,05 - Turning movement,0
17-6999,ANDERSON RD @ RIDGE RD,379029.29816,5028507.38409,-75.55197260540,45.39257118820,2017-08-07,3:30:00 PM,01 - Clear,01 - Daylight,01 - Dry,02 - Stop sign,01 - Functioning,03 - P.D. only,02 - Angle,0
17-7000,CUMMINGS AVE @ DONALD ST,372651.33073,5032413.10107,-75.63288207830,45.42836006350,2017-08-07,4:06:00 PM,01 - Clear,01 - Daylight,01 - Dry,01 - Traffic signal,01 - Functioning,02 - Non-fatal injury,03 - Rear end,0
17-7001,AVIATION PKWY @ OGILVIE RD,373111.19210,5032376.34665,-75.62701098140,45.42798460310,2017-08-07,4:23:00 PM,01 - Clear,01 - Daylight,01 - Dry,01 - Traffic signal,01 - Functioning,02 - Non-fatal injury,02 - Angle,0
17-7002,REGIONAL ROAD 174 btwn QUIGLEY HILL RD & REGIONAL ROAD 174 DIVIDED,385507.89430,5041533.02269,-75.46710636850,45.50904686720,2017-08-07,5:16:00 PM,01 - Clear,01 - Daylight,01 - Dry,10 - No control,,03 - P.D. only,07 - SMV other,0
17-7003,SMYTH RD btwn MAIN ST & RAMP,369895.24842,5029124.35053,-75.66853446720,45.39903106980,2017-08-07,7:14:00 PM,01 - Clear,01 - Daylight,01 - Dry,10 - No control,,03 - P.D. only,03 - Rear end,0
17-7004,MONTREAL RD btwn Continuation of MONTREAL RD & MARIER AVE,370409.96705,5033256.41596,-75.66141046460,45.43616169990,2017-08-07,7:39:00 PM,01 - Clear,05 - Dusk,01 - Dry,10 - No control,,03 - P.D. only,04 - Sideswipe,0
17-7005,COOPER ST @ ELGIN ST,368119.10517,5031271.89331,-75.69094311600,45.41851686080,2017-08-07,8:49:00 PM,01 - Clear,05 - Dusk,01 - Dry,01 - Traffic signal,01 - Functioning,03 - P.D. only,04 - Sideswipe,0
17-7006,CABIN RD @ MCGUIRE RD,376396.19645,5003121.95841,-75.58925877240,45.16443636690,2017-08-08,2:53:00 AM,"07 - Fog, mist, smoke, dust",07 - Dark,01 - Dry,10 - No control,00 - Unknown,02 - Non-fatal injury,07 - SMV other,0
17-7007,MEADOWLANDS DR @ MERIVALE RD,364860.52638,5023725.20599,-75.73349385350,45.35090052000,2017-08-08,8:12:00 AM,01 - Clear,01 - Daylight,01 - Dry,01 - Traffic signal,01 - Functioning,02 - Non-fatal injury,03 - Rear end,0
17-7008,WALKLEY RD @ DON REID DR/RYDER ST,372604.08975,5027286.89099,-75.63419064390,45.38224128750,2017-08-08,7:30:00 AM,01 - Clear,01 - Daylight,01 - Dry,01 - Traffic signal,01 - Functioning,03 - P.D. only,03 - Rear end,0
17-7009,PALLADIUM DR @ SILVER SEVEN RD,351052.03263,5017886.88756,-75.91025557410,45.29941263960,2017-08-08,10:01:00 AM,01 - Clear,01 - Daylight,01 - Dry,01 - Traffic signal,01 - Functioning,03 - P.D. only,05 - Turning movement,0
17-7010,FALLOWFIELD RD @ WOODROFFE AVE,365086.36766,5017904.10324,-75.73132059390,45.29850343800,2017-08-08,8:30:00 AM,01 - Clear,01 - Daylight,01 - Dry,01 - Traffic signal,01 - Functioning,03 - P.D. only,03 - Rear end,0
17-7011,AGINCOURT RD @ MAITLAND AVE,363446.82248,5025450.59759,-75.75132958030,45.36654505050,2017-08-08,10:09:00 AM,01 - Clear,01 - Daylight,01 - Dry,02 - Stop sign,01 - Functioning,03 - P.D. only,03 - Rear end,0
17-7012,RIDEAU ST @ WALLER ST,368282.41345,5032275.25300,-75.68872736210,45.42752994520,2017-08-08,10:52:00 AM,01 - Clear,01 - Daylight,01 - Dry,01 - Traffic signal,01 - Functioning,03 - P.D. only,99 - Other,0
17-7013,WOODROFFE AVE @ KNOXDALE RD/MEDHURST DR,363417.88539,5021826.18625,-75.75212858680,45.33393536700,2017-08-08,11:07:00 AM,01 - Clear,01 - Daylight,01 - Dry,01 - Traffic signal,01 - Functioning,03 - P.D. only,03 - Rear end,0
17-7014,GLADSTONE AVE btwn ARTHUR ST & CAMBRIDGE ST N,367034.73885,5030018.94479,-75.70495540830,45.40734049530,2017-08-04,4:15:00 PM,01 - Clear,01 - Daylight,01 - Dry,10 - No control,,02 - Non-fatal injury,05 - Turning movement,0
17-7015,ISABELLA ST/HWY417 IC119AR75 @ METCALFE ST,368448.39872,5030399.18829,-75.68684871590,45.41063467720,2017-08-08,12:13:00 PM,01 - Clear,01 - Daylight,01 - Dry,01 - Traffic signal,01 - Functioning,03 - P.D. only,05 - Turning movement,0
17-7016,WELLINGTON ST    W btwn PARKDALE AVE & MCCORMICK ST,365298.53737,5029367.66954,-75.72721311240,45.40163269560,2017-08-08,8:00:00 AM,01 - Clear,01 - Daylight,01 - Dry,10 - No control,,03 - P.D. only,06 - SMV unattended vehicle,0
17-7017,BANK ST @ CAHILL DR/DAZE ST,371306.20617,5024315.81426,-75.65116180730,45.35563298890,2017-08-08,12:58:00 PM,01 - Clear,01 - Daylight,01 - Dry,01 - Traffic signal,01 - Functioning,02 - Non-fatal injury,03 - Rear end,0
17-7018,CUMMINGS AVE @ DONALD ST,372652.54838,5032411.88341,-75.63286668610,45.42834898910,2017-08-08,1:20:00 PM,01 - Clear,01 - Daylight,01 - Dry,01 - Traffic signal,00 - Unknown,03 - P.D. only,03 - Rear end,0
17-7019,INNES RD/PRESTWICK DR @ LANTHIER DR,383540.07447,5035989.84115,-75.49317527070,45.45939942060,2017-08-08,12:35:00 PM,01 - Clear,01 - Daylight,01 - Dry,01 - Traffic signal,01 - Functioning,03 - P.D. only,04 - Sideswipe,0
17-7020,HUNTER'S RUN DR @ JEANNE D'ARC BLVD,380567.29724,5036175.22360,-75.53115310020,45.46139605070,2017-08-08,1:15:00 PM,01 - Clear,01 - Daylight,01 - Dry,01 - Traffic signal,01 - Functioning,03 - P.D. only,03 - Rear end,0
17-7021,AGES DR @ HAWTHORNE RD,374971.74120,5027717.53580,-75.60389987930,45.38588286070,2017-08-08,2:30:00 PM,01 - Clear,01 - Daylight,01 - Dry,01 - Traffic signal,00 - Unknown,03 - P.D. only,05 - Turning movement,0
17-7022,NICHOLAS ST NB btwn HWY417 IC118 RAMP52 & WALLER ST/TRANSITWAY,368940.28871,5031382.73991,-75.68043712600,45.41943941970,2017-08-08,3:25:00 PM,01 - Clear,01 - Daylight,01 - Dry,10 - No control,,02 - Non-fatal injury,03 - Rear end,0
17-7023,BANKFIELD RD @ PRINCE OF WALES DR,366379.68990,5008975.08199,-75.71593823380,45.21804818330,2017-08-08,3:57:00 PM,01 - Clear,01 - Daylight,01 - Dry,01 - Traffic signal,01 - Functioning,03 - P.D. only,03 - Rear end,0
17-7024,WEST HUNT CLUB RD @ ROYDON PL/SUNDERLAND ST,365974.92526,5022169.18579,-75.71946538540,45.33680336580,2017-08-08,4:07:00 PM,01 - Clear,01 - Daylight,01 - Dry,01 - Traffic signal,00 - Unknown,03 - P.D. only,03 - Rear end,0
17-7025,PRINCE OF WALES DR btwn NATIONAL CAPITAL COMM DRWY & NATIONAL CAPITAL,366850.43334,5028131.76403,-75.70754708160,45.39037651020,2017-08-08,4:28:00 PM,01 - Clear,01 - Daylight,01 - Dry,10 - No control,,03 - P.D. only,03 - Rear end,0
17-7026,KITCHENER AVE @ BANK ST,370540.87610,5025500.27245,-75.66077132650,45.36636254700,2017-08-08,4:32:00 PM,01 - Clear,01 - Daylight,01 - Dry,01 - Traffic signal,01 - Functioning,02 - Non-fatal injury,03 - Rear end,0
17-7027,CYRVILLE RD btwn STAR TOP RD & MEADOWBROOK RD,374498.35792,5031287.11382,-75.60943981370,45.41804740970,2017-08-08,4:45:00 PM,01 - Clear,01 - Daylight,01 - Dry,10 - No control,,03 - P.D. only,04 - Sideswipe,0
17-7028,"MELODIE, RUE DE LA @ RENAUD RD",382170.45800,5032953.60920,-75.51116291200,45.43223491360,2017-08-08,5:52:00 PM,01 - Clear,01 - Daylight,01 - Dry,02 - Stop sign,00 - Unknown,02 - Non-fatal injury,03 - Rear end,0
17-7029,WEST HUNT CLUB RD @ ANTARES DR/LASER ST,367107.59212,5022081.29684,-75.70502607170,45.33591288640,2017-08-08,5:07:00 PM,01 - Clear,01 - Daylight,01 - Dry,01 - Traffic signal,01 - Functioning,02 - Non-fatal injury,02 - Angle,0
17-7030,BASELINE RD btwn MARSON ST & FISHER AVE,366083.37999,5025973.38477,-75.71761019310,45.37102342360,2017-08-08,5:09:00 PM,01 - Clear,01 - Daylight,01 - Dry,10 - No control,,02 - Non-fatal injury,03 - Rear end,0
17-7031,PRINCE OF WALES DR @ FAIRPARK DR,367269.37549,5015413.02772,-75.70380252790,45.27589827630,2017-08-08,5:15:00 PM,01 - Clear,01 - Daylight,01 - Dry,02 - Stop sign,00 - Unknown,02 - Non-fatal injury,03 - Rear end,0
17-7032,CUMBERLAND ST @ MURRAY ST,368169.41485,5032679.58490,-75.69011925130,45.43117822760,2017-08-08,5:34:00 PM,01 - Clear,01 - Daylight,01 - Dry,01 - Traffic signal,01 - Functioning,03 - P.D. only,06 - SMV unattended vehicle,0
17-7033,BANK ST @ GLADSTONE AVE,367916.70640,5030562.57050,-75.69361984410,45.41215289170,2017-08-08,5:37:00 PM,01 - Clear,01 - Daylight,01 - Dry,01 - Traffic signal,01 - Functioning,03 - P.D. only,04 - Sideswipe,0
17-7034,PRINCE OF WALES DR @ STRANDHERD DR,367175.89130,5014825.09326,-75.70506776880,45.27061638530,2017-08-08,5:56:00 PM,01 - Clear,01 - Daylight,01 - Dry,01 - Traffic signal,01 - Functioning,03 - P.D. only,03 - Rear end,0
17-7035,BRIAN COBURN BLVD @ TRIM RD,387159.87380,5035824.92020,-75.44692534680,45.45749831060,2017-08-08,5:00:00 PM,01 - Clear,01 - Daylight,01 - Dry,11 - Roundabout,01 - Functioning,02 - Non-fatal injury,07 - SMV other,0
17-7036,MITCH OWENS RD btwn DAWN TARA DR & JOHN QUINN RD,380303.36897,5017511.52574,-75.53738121160,45.29350074390,2017-08-08,6:57:00 PM,01 - Clear,01 - Daylight,01 - Dry,10 - No control,,03 - P.D. only,07 - SMV other,0
17-7037,BANK ST btwn RIVERSIDE DR & BILLINGS TRANSIT,369398.86286,5027789.65445,-75.67504891330,45.38706789180,2017-08-08,7:44:00 PM,01 - Clear,01 - Daylight,01 - Dry,10 - No control,,02 - Non-fatal injury,05 - Turning movement,0
17-7038,EAGLESON RD @ HAZELDEAN RD/ROBERTSON RD,353674.26286,5018423.50306,-75.87676941120,45.30406369340,2017-08-08,7:51:00 PM,01 - Clear,01 - Daylight,01 - Dry,01 - Traffic signal,01 - Functioning,03 - P.D. only,05 - Turning movement,0
17-7039,MEADOWLANDS DR @ MERIVALE RD,364858.69990,5023724.55346,-75.73351724090,45.35089480530,2017-08-08,10:12:00 PM,01 - Clear,07 - Dark,01 - Dry,01 - Traffic signal,01 - Functioning,03 - P.D. only,05 - Turning movement,0
17-7040,CORONATION AVE btwn CHOMLEY CRES & WEYBURN ST,371777.15167,5030401.62339,-75.64432596890,45.41034593640,2017-08-09,7:26:00 AM,01 - Clear,01 - Daylight,01 - Dry,10 - No control,,02 - Non-fatal injury,04 - Sideswipe,0
17-7041,BANK ST @ RIVERSIDE DR N,369226.32473,5027983.85041,-75.67722670970,45.38883109660,2017-08-09,7:59:00 AM,01 - Clear,01 - Daylight,01 - Dry,01 - Traffic signal,01 - Functioning,03 - P.D. only,04 - Sideswipe,0
17-7042,ST. JOSEPH BLVD @ JEANNE D'ARC BLVD,379860.74250,5036470.93987,-75.54014147880,45.46413294790,2017-08-09,11:46:00 AM,01 - Clear,01 - Daylight,01 - Dry,11 - Roundabout,00 - Unknown,03 - P.D. only,04 - Sideswipe,0
17-7043,MER BLEUE RD btwn 210 S OF INNES RD & INNES RD,382705.34204,5035430.03294,-75.50393578950,45.45445632110,2017-08-09,1:05:00 PM,01 - Clear,01 - Daylight,01 - Dry,10 - No control,,02 - Non-fatal injury,05 - Turning movement,0
17-7044,HUNTMAR DR btwn OLD CARP RD & BRADLEY SIDE RD,345863.17576,5021623.95216,-75.97610424670,45.33336250040,2017-08-09,1:09:00 PM,01 - Clear,01 - Daylight,01 - Dry,10 - No control,,03 - P.D. only,07 - SMV other,0
17-7045,MEADOWLANDS DR btwn CLAYMOR AVE & DEBRA AVE,367173.68456,5025560.04082,-75.70374407100,45.36720805720,2017-08-09,1:12:00 PM,01 - Clear,01 - Daylight,01 - Dry,10 - No control,,03 - P.D. only,06 - SMV unattended vehicle,0
17-7046,LEES AVE @ KING EDWARD AVE/MANN AVE,369179.20393,5031334.82247,-75.67739092540,45.41898633270,2017-08-09,12:00:00 AM,01 - Clear,00 - Unknown,01 - Dry,01 - Traffic signal,00 - Unknown,03 - P.D. only,06 - SMV unattended vehicle,0
17-7047,MAITLAND AVE/HWY 417 MAITLAND IC126R53 @ HWY 4,363229.63345,5025774.31504,-75.75406363880,45.36947595970,2017-08-09,1:47:00 PM,01 - Clear,01 - Daylight,01 - Dry,01 - Traffic signal,01 - Functioning,03 - P.D. only,03 - Rear end,0
17-7048,ORTONA AVE N @ NORMANDY CRES N,366830.25645,5024871.87186,-75.70821420240,45.36104653620,2017-08-09,2:24:00 PM,01 - Clear,01 - Daylight,01 - Dry,02 - Stop sign,01 - Functioning,02 - Non-fatal injury,02 - Angle,0
17-7049,GLADSTONE AVE @ METCALFE ST,368230.07374,5030750.24962,-75.68959250680,45.41381323350,2017-08-09,3:04:00 PM,01 - Clear,01 - Daylight,01 - Dry,01 - Traffic signal,01 - Functioning,03 - P.D. only,05 - Turning movement,0
17-7050,BANK ST @ COLLINS AVE/WILDWOOD AVE,370049.50214,5026697.84171,-75.66688519670,45.37718381230,2017-08-09,3:13:00 PM,01 - Clear,01 - Daylight,01 - Dry,02 - Stop sign,00 - Unknown,03 - P.D. only,03 - Rear end,0
17-7051,MERIVALE RD @ SLACK RD,366020.06672,5020954.52919,-75.71903970390,45.32587011300,2017-08-09,3:39:00 PM,01 - Clear,01 - Daylight,01 - Dry,01 - Traffic signal,00 - Unknown,03 - P.D. only,03 - Rear end,0
17-7052,INNES RD btwn HWY417 IC112 RAMP58 & HWY417 IC112 RAMP57,374236.00586,5030716.17998,-75.61287201380,45.41293652470,2017-08-09,3:39:00 PM,01 - Clear,01 - Daylight,01 - Dry,10 - No control,,02 - Non-fatal injury,03 - Rear end,0
17-7053,LAURIER AVE   W btwn METCALFE ST & ELGIN ST,367878.91000,5031505.43962,-75.69398199310,45.42063992990,2017-08-09,12:00:00 AM,01 - Clear,00 - Unknown,01 - Dry,10 - No control,,03 - P.D. only,06 - SMV unattended vehicle,0
17-7054,PARKDALE AVE @ GLADSTONE AVE,365216.70170,5029117.92007,-75.72828895130,45.39939257410,2017-08-09,6:18:00 PM,01 - Clear,01 - Daylight,01 - Dry,01 - Traffic signal,01 - Functioning,03 - P.D. only,03 - Rear end,0
17-7055,GOULBOURN FORCED RD @ INNOVATION DR,349438.00600,5022666.63590,-75.93040365170,45.34252652670,2017-08-09,8:45:00 PM,01 - Clear,07 - Dark,01 - Dry,10 - No control,00 - Unknown,03 - P.D. only,07 - SMV other,0
17-7056,BLAIR ST btwn DORION AVE & DRAKE AVE,370897.43280,5030177.86723,-75.65559368040,45.40841630500,2017-08-09,10:51:00 PM,01 - Clear,07 - Dark,01 - Dry,10 - No control,,03 - P.D. only,06 - SMV unattended vehicle,0
17-7057,CLARE ST @ WESTHAVEN CRES,363956.04885,5027926.97720,-75.74453282190,45.38878433870,2017-08-09,11:11:00 PM,01 - Clear,07 - Dark,01 - Dry,02 - Stop sign,00 - Unknown,03 - P.D. only,05 - Turning movement,0
17-7058,UNIVERSITY RD btwn LIBRARY RD & CAMPUS AVE,367701.19154,5027183.64939,-75.69680384890,45.38176973710,2017-08-10,4:20:00 AM,01 - Clear,07 - Dark,01 - Dry,10 - No control,,03 - P.D. only,07 - SMV other,0
17-7059,NICHOLAS ST NB btwn HWY417 IC118 RAMP52 & WALLER ST/TRANSITWAY,368977.67619,5031360.86027,-75.67996230030,45.41923912640,2017-08-10,6:49:00 AM,01 - Clear,01 - Daylight,01 - Dry,10 - No control,,02 - Non-fatal injury,03 - Rear end,0
17-7060,ST. JOSEPH BLVD @ JEANNE D'ARC BLVD,379861.40843,5036471.80288,-75.54013283290,45.46414064100,2017-08-10,7:47:00 AM,01 - Clear,01 - Daylight,01 - Dry,11 - Roundabout,01 - Functioning,03 - P.D. only,04 - Sideswipe,0
17-7061,HAZELDEAN RD @ HUNTMAR DR/IBER RD,350946.94596,5016079.44190,-75.91176357950,45.28315562930,2017-08-10,7:50:00 AM,01 - Clear,01 - Daylight,01 - Dry,01 - Traffic signal,01 - Functioning,02 - Non-fatal injury,03 - Rear end,0
17-7062,EARL ARMSTRONG RD @ SPRATT RD,368397.31793,5015011.12469,-75.68947935920,45.27218088010,2017-08-09,6:00:00 PM,01 - Clear,01 - Daylight,01 - Dry,01 - Traffic signal,01 - Functioning,03 - P.D. only,03 - Rear end,0
17-7063,HUNT CLUB RD EB btwn 275 E OF HAWTHORNE RD/OC TRANSPO TURNAROUND & HWY417 HUNT CLUB IC109 RAMP25,376444.64900,5027609.80500,-75.58510872340,45.38476445190,2017-08-10,9:40:00 AM,01 - Clear,01 - Daylight,01 - Dry,10 - No control,,03 - P.D. only,03 - Rear end,0
17-7064,BLAIR RD @ REGIONAL RD 174 S/OR174 IC112 RAMP15,374907.82695,5032660.99697,-75.60401298920,45.43036795030,2017-08-10,9:01:00 AM,01 - Clear,01 - Daylight,01 - Dry,01 - Traffic signal,00 - Unknown,03 - P.D. only,04 - Sideswipe,0
17-7065,ROCKDALE RD btwn HWY417 IC88 RAMP61 & HIGHWAY LANE,395358.83590,5022729.60359,-75.34451590190,45.33866838220,2017-08-10,10:05:00 AM,01 - Clear,01 - Daylight,01 - Dry,10 - No control,,03 - P.D. only,07 - SMV other,0
17-7066,BASELINE RD @ WOODROFFE AVE,362549.69020,5023771.30791,-75.76297738670,45.35150943980,2017-08-10,9:45:00 AM,01 - Clear,01 - Daylight,01 - Dry,01 - Traffic signal,01 - Functioning,03 - P.D. only,04 - Sideswipe,0
17-7067,LONGWOOD AVE btwn HARWICK CRES & SYCAMORE DR,357717.20912,5020116.99941,-75.82503752020,45.31900902000,2017-08-08,6:30:00 PM,01 - Clear,01 - Daylight,01 - Dry,10 - No control,,03 - P.D. only,06 - SMV unattended vehicle,0
17-7068,RIDEAU ST btwn CUMBERLAND ST & KING EDWARD AVE,368467.47643,5032387.30715,-75.68634810680,45.42852134750,2017-08-10,10:22:00 AM,01 - Clear,01 - Daylight,01 - Dry,10 - No control,,02 - Non-fatal injury,07 - SMV other,1
17-7069,STITTSVILLE MAIN ST @ HOBIN ST/WILDPINE CRT,349664.60813,5014032.98497,-75.92829367740,45.26482392090,2017-08-10,10:26:00 AM,01 - Clear,01 - Daylight,01 - Dry,01 - Traffic signal,01 - Functioning,03 - P.D. only,03 - Rear end,0
17-7070,ORLEANS BLVD @ ST. JOSEPH BLVD,380629.91122,5036982.11217,-75.53022808320,45.46864899510,2017-08-10,10:52:00 AM,01 - Clear,01 - Daylight,01 - Dry,01 - Traffic signal,01 - Functioning,03 - P.D. only,03 - Rear end,0
17-7071,CARLING AVE @ HIGH ST,359925.19134,5024561.63068,-75.79638147490,45.35883196670,2017-08-10,10:52:00 AM,01 - Clear,01 - Daylight,01 - Dry,02 - Stop sign,01 - Functioning,02 - Non-fatal injury,07 - SMV other,1
17-7072,GREENBANK RD @ 220 N OF STRANDHERD DR,363850.95353,5014984.18570,-75.74741882180,45.27233495270,2017-08-10,11:15:00 AM,01 - Clear,01 - Daylight,01 - Dry,01 - Traffic signal,00 - Unknown,02 - Non-fatal injury,05 - Turning movement,0
17-7073,GIBFORD DR @ HUNT CLUB RD,369959.86005,5023005.26090,-75.66851646360,45.34396739810,2017-08-10,11:27:00 AM,01 - Clear,01 - Daylight,01 - Dry,02 - Stop sign,01 - Functioning,03 - P.D. only,02 - Angle,0
17-7074,GREENBANK RD @ STRANDHERD DR,363933.08240,5014784.71795,-75.74639596630,45.27053323750,2017-08-10,11:39:00 AM,01 - Clear,01 - Daylight,01 - Dry,01 - Traffic signal,01 - Functioning,03 - P.D. only,03 - Rear end,0
17-7075,CARLING AVE @ RICHMOND RD,360246.32003,5024780.87127,-75.79225830340,45.36077936410,2017-08-10,12:16:00 PM,01 - Clear,01 - Daylight,01 - Dry,01 - Traffic signal,01 - Functioning,03 - P.D. only,03 - Rear end,0
17-7076,BANK ST @ SUNNYSIDE AVE,368733.10227,5028580.74599,-75.68344755180,45.39424697590,2017-08-10,1:59:00 PM,01 - Clear,01 - Daylight,01 - Dry,01 - Traffic signal,01 - Functioning,03 - P.D. only,04 - Sideswipe,0
17-7077,LEES AVE / GRAHAM AVE @ MAIN ST,369001.97622,5030561.26830,-75.67975600470,45.41204245210,2017-08-08,8:40:00 PM,01 - Clear,05 - Dusk,01 - Dry,01 - Traffic signal,01 - Functioning,02 - Non-fatal injury,05 - Turning movement,0
17-7078,INNES RD @ STONEHENGE CRES E,375362.79575,5031312.36957,-75.59839234150,45.41818800220,2017-08-10,3:13:00 PM,01 - Clear,01 - Daylight,01 - Dry,01 - Traffic signal,01 - Functioning,03 - P.D. only,03 - Rear end,0
17-7079,NICHOLAS ST btwn BESSERER ST & DALY AVE,368196.38587,5032095.09018,-75.68984983000,45.42591670620,2017-08-10,3:17:00 PM,01 - Clear,01 - Daylight,01 - Dry,10 - No control,,02 - Non-fatal injury,03 - Rear end,0
17-7080,BYRON AVE @ HILLCREST AVE,362632.18368,5027773.81625,-75.76145609410,45.38751678490,2017-08-10,12:30:00 PM,01 - Clear,01 - Daylight,01 - Dry,02 - Stop sign,00 - Unknown,03 - P.D. only,06 - SMV unattended vehicle,0
17-7081,MONTREAL RD @ ST. LAURENT BLVD,371544.48524,5033819.11677,-75.64683499690,45.44111724510,2017-08-10,2:30:00 PM,01 - Clear,01 - Daylight,01 - Dry,01 - Traffic signal,01 - Functioning,03 - P.D. only,03 - Rear end,0
17-7082,HEMLOCK RD @ ST. LAURENT BLVD,371145.70890,5034780.00290,-75.65180224920,45.44980080800,2017-08-10,4:00:00 PM,01 - Clear,01 - Daylight,01 - Dry,01 - Traffic signal,01 - Functioning,03 - P.D. only,05 - Turning movement,0
17-7083,GREENBANK RD @ BERRIGAN DR/WESSEX RD,363724.29053,5015277.33794,-75.74899816080,45.27498336670,2017-08-10,4:12:00 PM,01 - Clear,01 - Daylight,01 - Dry,01 - Traffic signal,00 - Unknown,03 - P.D. only,03 - Rear end,0
17-7084,CAMPEAU DR @ KANATA AVE,350595.20064,5019402.06449,-75.91594018630,45.31307654280,2017-08-10,3:13:00 PM,01 - Clear,01 - Daylight,01 - Dry,01 - Traffic signal,01 - Functioning,03 - P.D. only,05 - Turning movement,0