COLLISION_ID,LOCATION,X,Y,LONGITUDE,LATITUDE,DATE,TIME,ENVIRONMENT,LIGHT,SURFACE_CONDITION,TRAFFIC_CONTROL,TRAFFIC_CONTROL_CONDITION,COLLISION_CLASSIFICATION,IMPACT_TYPE,NO_OF_PEDESTRIANS
17-7085,HUNT CLUB RD @ RIVERSIDE DR,368037.34403,5021944.21645,-75.69318218550,45.33459628740,2017-08-10,5:13:00 PM,01 - Clear,01 - Daylight,01 - Dry,01 - Traffic signal,01 - Functioning,03 - P.D. only,04 - Sideswipe,0
17-7086,BRONSON AVE @ CATHERINE ST/RAYMOND ST,367253.03727,5029796.52936,-75.70219510500,45.40531982190,2017-08-10,5:42:00 PM,01 - Clear,01 - Daylight,01 - Dry,01 - Traffic signal,01 - Functioning,03 - P.D. only,03 - Rear end,0
17-7087,GREENBANK RD btwn WEST HUNT CLUB RD & FALLOWFIELD RD,363039.17194,5016835.91395,-75.75754649040,45.28906455080,2017-08-10,6:20:00 PM,01 - Clear,01 - Daylight,01 - Dry,10 - No control,,03 - P.D. only,03 - Rear end,0
17-7088,KNIGHTSBRIDGE RD @ WOODROFFE AVE,361624.32236,5026560.84308,-75.77446552380,45.37668506850,2017-08-10,6:24:00 PM,01 - Clear,01 - Daylight,02 - Wet,02 - Stop sign,01 - Functioning,03 - P.D. only,02 - Angle,0
17-7089,COLONNADE RD @ PRINCE OF WALES DR,367393.49394,5023266.21169,-75.70122873210,45.34654908000,2017-08-10,6:30:00 PM,01 - Clear,01 - Daylight,01 - Dry,01 - Traffic signal,01 - Functioning,03 - P.D. only,03 - Rear end,0
17-7090,CAMPEAU DR @ TERRY FOX DR,350455.60070,5019010.75961,-75.91775656830,45.30956456660,2017-08-10,6:37:00 PM,01 - Clear,01 - Daylight,02 - Wet,01 - Traffic signal,01 - Functioning,03 - P.D. only,03 - Rear end,0
17-7091,HAMILTON AVE   N btwn ARMSTRONG ST & WELLINGTON ST W,365075.16158,5029237.16131,-75.73008212630,45.40047768000,2017-08-10,7:54:00 PM,01 - Clear,01 - Daylight,01 - Dry,10 - No control,,03 - P.D. only,06 - SMV unattended vehicle,0
17-7092,HAWTHORNE RD @ HUNT CLUB RD,375508.35873,5026407.44244,-75.59723569140,45.37404132350,2017-08-10,7:45:00 PM,01 - Clear,01 - Daylight,01 - Dry,01 - Traffic signal,01 - Functioning,03 - P.D. only,03 - Rear end,0
17-7093,BLAIR RD btwn OGILVIE RD & OR174 IC112 RAMP36,374606.94158,5033028.51913,-75.60780576890,45.43370480910,2017-08-10,8:00:00 PM,01 - Clear,05 - Dusk,01 - Dry,10 - No control,,02 - Non-fatal injury,03 - Rear end,0
17-7094,MITCH OWENS RD @ STAGECOACH RD,375400.39573,5014486.38128,-75.60031322810,45.26679119930,2017-08-10,9:51:00 PM,01 - Clear,07 - Dark,01 - Dry,01 - Traffic signal,01 - Functioning,03 - P.D. only,05 - Turning movement,0
17-7095,TIMBERMILL ST @ TRESA CRT,372532.21327,5023423.22116,-75.63563795950,45.34748439780,2017-08-11,12:13:00 AM,01 - Clear,07 - Dark,01 - Dry,02 - Stop sign,01 - Functioning,02 - Non-fatal injury,07 - SMV other,1
17-7096,BLAIR RD @ REGIONAL RD 174 N/OR174 IC112 RAMP61,374634.64298,5032990.54980,-75.60745714930,45.43336041650,2017-08-11,12:40:00 AM,01 - Clear,07 - Dark,01 - Dry,01 - Traffic signal,01 - Functioning,03 - P.D. only,05 - Turning movement,0
17-7097,BLACKBURN BYPASS @ INNES RD E,379792.22127,5033782.27496,-75.54142750620,45.43994971950,2017-08-10,1:05:00 PM,01 - Clear,01 - Daylight,01 - Dry,01 - Traffic signal,01 - Functioning,03 - P.D. only,03 - Rear end,0
17-7098,BLAIR RD @ MEADOWBROOK RD,375193.51684,5032310.04723,-75.60041245300,45.42718160470,2017-08-10,4:30:00 PM,01 - Clear,01 - Daylight,01 - Dry,01 - Traffic signal,00 - Unknown,03 - P.D. only,03 - Rear end,0
17-7099,STRANDHERD DR @ LONGFIELDS DR,364549.28387,5015173.56139,-75.73849687090,45.27397996700,2017-08-11,11:55:00 AM,01 - Clear,01 - Daylight,01 - Dry,01 - Traffic signal,01 - Functioning,02 - Non-fatal injury,03 - Rear end,0
17-7100,OLD CARP RD @ SECOND LINE RD,347766.59920,5023538.45914,-75.95165464050,45.35047578870,2017-08-11,8:37:00 AM,01 - Clear,01 - Daylight,01 - Dry,02 - Stop sign,01 - Functioning,03 - P.D. only,02 - Angle,0
17-7101,PLEASANT PARK RD @ ST. LAURENT BLVD,373597.11907,5028795.24549,-75.62130159090,45.39571596710,2017-08-11,8:38:00 AM,01 - Clear,01 - Daylight,01 - Dry,01 - Traffic signal,00 - Unknown,03 - P.D. only,03 - Rear end,0
17-7102,OLMSTEAD ST @ JEANNE MANCE ST,370466.43871,5032942.57424,-75.66073061530,45.43333258480,2017-08-11,10:38:00 AM,01 - Clear,01 - Daylight,01 - Dry,02 - Stop sign,00 - Unknown,02 - Non-fatal injury,04 - Sideswipe,0
17-7103,BESSERER ST @ WALLER ST,368316.88005,5032192.68786,-75.68829758910,45.42678392460,2017-08-11,11:12:00 AM,01 - Clear,01 - Daylight,01 - Dry,01 - Traffic signal,01 - Functioning,03 - P.D. only,03 - Rear end,0
17-7104,TERRY FOX DR @ EDGEWATER ST/WALTER BAKER PL,351778.03970,5017613.23455,-75.90102492760,45.29690206630,2017-08-11,12:20:00 PM,01 - Clear,01 - Daylight,01 - Dry,01 - Traffic signal,01 - Functioning,03 - P.D. only,05 - Turning movement,0
17-7105,ALTA VISTA DR @ BANK ST,370248.73503,5026200.07347,-75.66440760050,45.37268647420,2017-08-11,12:40:00 PM,01 - Clear,01 - Daylight,01 - Dry,01 - Traffic signal,01 - Functioning,03 - P.D. only,03 - Rear end,0
17-7106,DUNROBIN RD @ LILLIAN WAY,345529.61921,5027920.68172,-75.97984073170,45.39004169320,2017-08-11,1:15:00 PM,01 - Clear,01 - Daylight,01 - Dry,10 - No control,00 - Unknown,03 - P.D. only,07 - SMV other,0
17-7107,CONROY RD @ ST. LAURENT BLVD,373069.96750,5027159.60631,-75.62826001290,45.38105078700,2017-08-11,1:18:00 PM,01 - Clear,01 - Daylight,01 - Dry,01 - Traffic signal,01 - Functioning,03 - P.D. only,03 - Rear end,0
17-7108,BLAIR RD @ MEADOWBROOK RD,375194.73450,5032311.56930,-75.60039667590,45.42719517720,2017-08-11,12:55:00 PM,01 - Clear,01 - Daylight,01 - Dry,01 - Traffic signal,01 - Functioning,02 - Non-fatal injury,04 - Sideswipe,0
17-7109,JAMIE AVE @ SUNDERLAND ST,366065.42123,5022022.71055,-75.71832898440,45.33547750710,2017-08-11,2:36:00 PM,01 - Clear,01 - Daylight,01 - Dry,02 - Stop sign,01 - Functioning,03 - P.D. only,02 - Angle,0
17-7110,INDUSTRIAL AVE @ NEIGHBORHOOD WAY,371091.82785,5030527.78056,-75.65306346580,45.41154629800,2017-08-11,3:25:00 PM,01 - Clear,01 - Daylight,01 - Dry,02 - Stop sign,01 - Functioning,02 - Non-fatal injury,03 - Rear end,0
17-7111,FALLOWFIELD RD @ RICHMOND RD,357722.06710,5013530.06325,-75.82567825720,45.25973845790,2017-08-11,3:31:00 PM,01 - Clear,01 - Daylight,01 - Dry,01 - Traffic signal,00 - Unknown,03 - P.D. only,07 - SMV other,0
17-7112,CARBROOKE ST @ DESMOND AVE,353512.17867,5018110.78801,-75.87886686840,45.30126107380,2017-08-11,3:30:00 PM,01 - Clear,01 - Daylight,01 - Dry,02 - Stop sign,01 - Functioning,02 - Non-fatal injury,02 - Angle,0
17-7113,HAWTHORNE RD btwn STEVENAGE DR & HUNT CLUB RD,375488.26740,5026454.01778,-75.59748550750,45.37446241340,2017-08-11,3:56:00 PM,01 - Clear,01 - Daylight,01 - Dry,10 - No control,,02 - Non-fatal injury,04 - Sideswipe,0
17-7114,RICHARDSON SIDE RD @ SPRUCE RIDGE RD,343201.95720,5014397.66555,-76.01061528400,45.26848801760,2017-08-11,3:59:00 PM,01 - Clear,01 - Daylight,01 - Dry,02 - Stop sign,00 - Unknown,03 - P.D. only,07 - SMV other,0
17-7115,LYON ST @ WELLINGTON ST,366934.62997,5031426.16600,-75.70605676170,45.42001115270,2017-08-11,4:07:00 PM,01 - Clear,01 - Daylight,01 - Dry,01 - Traffic signal,01 - Functioning,03 - P.D. only,05 - Turning movement,0
17-7116,KNOXDALE RD @ WEST HUNT CLUB RD,361864.32673,5020583.83607,-75.77209110680,45.32288478460,2017-08-11,4:27:00 PM,01 - Clear,01 - Daylight,01 - Dry,01 - Traffic signal,01 - Functioning,02 - Non-fatal injury,03 - Rear end,0
17-7117,GARRITY CRES btwn BALINROAN CRES & LEAMINGTON WAY,365030.54000,5014275.64800,-75.73247273070,45.26585949330,2017-08-11,4:32:00 PM,01 - Clear,01 - Daylight,01 - Dry,10 - No control,,03 - P.D. only,02 - Angle,0
17-7118,BRONSON AVE btwn PLYMOUTH ST & RENFREW AVE,367354.09328,5029557.96030,-75.70093455790,45.40316422260,2017-08-11,5:02:00 PM,01 - Clear,01 - Daylight,01 - Dry,10 - No control,,03 - P.D. only,02 - Angle,0
17-7119,MACKENZIE KING BR/WALLER ST @ NICHOLAS ST/WALL,368372.17838,5031992.57840,-75.68761681380,45.42497838630,2017-08-11,5:34:00 PM,01 - Clear,01 - Daylight,01 - Dry,01 - Traffic signal,01 - Functioning,02 - Non-fatal injury,07 - SMV other,1
17-7120,ALBION RD btwn ALBION RD S & BANK ST,371942.24072,5024141.03786,-75.64306855720,45.35399979580,2017-08-11,6:08:00 PM,01 - Clear,01 - Daylight,01 - Dry,10 - No control,,02 - Non-fatal injury,02 - Angle,0
17-7121,MONTREAL RD btwn HILLSIDE DR & MONTREAL SQUARE SC,371727.11316,5033906.05624,-75.64448898310,45.44188202500,2017-08-11,6:46:00 PM,01 - Clear,01 - Daylight,01 - Dry,10 - No control,,03 - P.D. only,04 - Sideswipe,0
17-7122,ST. LAURENT BLVD @ WALKLEY RD,373902.75010,5028046.53612,-75.61750329680,45.38894933180,2017-08-11,9:00:00 AM,01 - Clear,01 - Daylight,01 - Dry,01 - Traffic signal,01 - Functioning,03 - P.D. only,05 - Turning movement,0
17-7123,HERON RD WB btwn RIVERSIDE DR & BRONSON AVE RAMP 36,368441.91213,5026683.86869,-75.68741083050,45.37720595110,2017-08-11,7:20:00 PM,01 - Clear,01 - Daylight,01 - Dry,10 - No control,,03 - P.D. only,04 - Sideswipe,0
17-7124,HWY 417 TERRYFO IC140R36 @ TERRY FOX DR,350691.55041,5018849.50146,-75.91476260470,45.30809814460,2017-08-11,9:53:00 PM,01 - Clear,07 - Dark,01 - Dry,10 - No control,00 - Unknown,03 - P.D. only,03 - Rear end,0
17-7125,ELGIN ST @ LAURIER AVE,367948.27840,5031548.92855,-75.69309012260,45.42102497150,2017-08-12,1:42:00 AM,01 - Clear,07 - Dark,01 - Dry,01 - Traffic signal,00 - Unknown,03 - P.D. only,06 - SMV unattended vehicle,0
17-7126,KNOXDALE RD btwn CRAIG HENRY DR & WOODROFFE AVE,363133.51638,5021664.98349,-75.75577537590,45.33250857150,2017-08-12,4:14:00 AM,02 - Rain,07 - Dark,02 - Wet,10 - No control,,03 - P.D. only,07 - SMV other,0
17-7127,CENTRAL PARK DR btwn CRYSTAL PARK CRES & MERIVALE RD,364923.89435,5025870.48110,-75.73242423640,45.37019794770,2017-08-12,5:00:00 AM,02 - Rain,07 - Dark,02 - Wet,10 - No control,,03 - P.D. only,02 - Angle,0
17-7128,STRANDHERD DR btwn JOCKVALE RD & 215 W OF GREENBANK RD/BARRHAVEN MALL,363582.05547,5014590.35068,-75.75089214660,45.26881374340,2017-08-12,8:30:00 AM,02 - Rain,01 - Daylight,02 - Wet,10 - No control,,02 - Non-fatal injury,07 - SMV other,0
17-7129,BANK ST btwn RIVERSIDE DR & BILLINGS TRANSIT,369406.39056,5027783.18871,-75.67495363830,45.38700902030,2017-08-12,8:38:00 AM,01 - Clear,01 - Daylight,01 - Dry,10 - No control,,03 - P.D. only,02 - Angle,0
17-7130,CARP RD @ HAZELDEAN RD,348805.85795,5014359.79517,-75.93920717820,45.26781893130,2017-08-12,10:23:00 AM,01 - Clear,01 - Daylight,01 - Dry,01 - Traffic signal,01 - Functioning,03 - P.D. only,03 - Rear end,0
17-7131,BANK ST @ EXHIBITION WAY,368529.36230,5029085.16410,-75.68598428600,45.39880414520,2017-08-12,11:20:00 AM,01 - Clear,01 - Daylight,01 - Dry,01 - Traffic signal,01 - Functioning,03 - P.D. only,03 - Rear end,0
17-7132,WOODROFFE AVE @ QUEENSBURY DR/RIDEAUCREST DR,365727.59223,5016328.81438,-75.72333892470,45.28427377400,2017-08-11,4:30:00 PM,01 - Clear,01 - Daylight,01 - Dry,01 - Traffic signal,01 - Functioning,03 - P.D. only,03 - Rear end,0
17-7133,ANDERSON RD btwn WEIR RD & DOLMAN RIDGE RD,377927.26484,5031135.82727,-75.56565564990,45.41633625770,2017-08-12,1:14:00 PM,01 - Clear,01 - Daylight,01 - Dry,10 - No control,,02 - Non-fatal injury,05 - Turning movement,0
17-7134,ST. JOSEPH BLVD/OLD MONTREAL RD @ TRIM RD,384681.70155,5039280.12030,-75.47804499550,45.48887261160,2017-08-12,1:10:00 PM,01 - Clear,01 - Daylight,01 - Dry,11 - Roundabout,01 - Functioning,03 - P.D. only,04 - Sideswipe,0
17-7135,CARLING AVE @ BAYSHORE DR/BIRCHDALE AVE,359003.58895,5023991.25313,-75.80820648770,45.35377156290,2017-08-12,1:45:00 PM,01 - Clear,01 - Daylight,01 - Dry,01 - Traffic signal,01 - Functioning,02 - Non-fatal injury,05 - Turning movement,0
17-7136,WOODROFFE AVE @ GEORGINA DR/LENESTER AVE,361909.97336,5025370.69798,-75.77095622220,45.36595302680,2017-08-12,1:49:00 PM,01 - Clear,01 - Daylight,01 - Dry,01 - Traffic signal,01 - Functioning,02 - Non-fatal injury,05 - Turning movement,0
17-7137,DANFORTH AVE @ ROOSEVELT AVE,363029.61158,5028077.55060,-75.75634534480,45.39021681300,2017-08-12,2:08:00 PM,01 - Clear,01 - Daylight,01 - Dry,02 - Stop sign,00 - Unknown,03 - P.D. only,99 - Other,0
17-7138,KANATA AVE @ TERRY FOX DR,349304.58545,5019212.22563,-75.93241657640,45.31145130010,2017-08-12,3:06:00 PM,02 - Rain,01 - Daylight,02 - Wet,01 - Traffic signal,01 - Functioning,03 - P.D. only,05 - Turning movement,0
17-7139,BREWER RD @ BRONSON AVE,368109.47860,5027765.35715,-75.69151627350,45.38696700310,2017-08-12,4:02:00 PM,02 - Rain,01 - Daylight,02 - Wet,01 - Traffic signal,01 - Functioning,02 - Non-fatal injury,03 - Rear end,0
17-7140,DES EPINETTES AVE @ JEANNE D'ARC BLVD,382225.46605,5035958.57140,-75.50998713460,45.45926499960,2017-08-12,4:00:00 PM,02 - Rain,01 - Daylight,02 - Wet,01 - Traffic signal,02 - Not functioning,03 - P.D. only,03 - Rear end,0
17-7141,INDUSTRIAL AVE @ ALTA VISTA DR/SANDFORD FLEMIN,370885.56695,5030555.91537,-75.65569457030,45.41181895150,2017-08-12,2:50:00 PM,01 - Clear,01 - Daylight,01 - Dry,01 - Traffic signal,01 - Functioning,03 - P.D. only,05 - Turning movement,0
17-7142,PARKDALE AVE @ HWY 417 PARKDAL IC122R15/HWY 41,365336.22030,5028844.83785,-75.72679597750,45.39692511770,2017-08-12,5:00:00 PM,01 - Clear,01 - Daylight,02 - Wet,01 - Traffic signal,01 - Functioning,02 - Non-fatal injury,02 - Angle,0
17-7143,BANK ST @ PARK LANE,374039.26090,5022691.26165,-75.61651055620,45.34075135870,2017-08-12,5:01:00 PM,01 - Clear,01 - Daylight,02 - Wet,02 - Stop sign,01 - Functioning,03 - P.D. only,07 - SMV other,0
17-7144,BREWER RD @ BRONSON AVE,368107.75260,5027767.51465,-75.69153803620,45.38698657170,2017-08-12,5:20:00 PM,02 - Rain,01 - Daylight,02 - Wet,01 - Traffic signal,01 - Functioning,03 - P.D. only,07 - SMV other,0
17-7145,HUNT CLUB RD @ CANADAIR PRIV,368661.71406,5022310.82500,-75.68516961410,45.33783840460,2017-08-12,5:37:00 PM,02 - Rain,01 - Daylight,02 - Wet,01 - Traffic signal,01 - Functioning,03 - P.D. only,07 - SMV other,0
17-7146,MERIVALE RD @ ROSSLAND AVE,364673.69700,5024153.03607,-75.73582619140,45.35476605360,2017-08-12,6:15:00 PM,01 - Clear,01 - Daylight,01 - Dry,02 - Stop sign,00 - Unknown,03 - P.D. only,03 - Rear end,0
17-7147,BANK ST @ PARK LANE,374041.77281,5022694.84283,-75.61647800710,45.34078333220,2017-08-12,6:27:00 PM,02 - Rain,01 - Daylight,02 - Wet,02 - Stop sign,01 - Functioning,02 - Non-fatal injury,07 - SMV other,1
17-7148,FALLOWFIELD RD @ STRANDHERD DR,360751.58377,5014963.43635,-75.78691825050,45.27240168470,2017-08-12,6:56:00 PM,02 - Rain,01 - Daylight,02 - Wet,01 - Traffic signal,01 - Functioning,02 - Non-fatal injury,03 - Rear end,0
17-7149,BEECH ST btwn LORETTA AVE S & CHAMPAGNE AVE S,366392.95691,5029145.40945,-75.71326245590,45.39953742400,2017-08-12,3:30:00 PM,02 - Rain,01 - Daylight,02 - Wet,10 - No control,,03 - P.D. only,06 - SMV unattended vehicle,0
17-7150,STRANDHERD DR @ TARTAN DR,362490.32473,5013842.13425,-75.76489070750,45.26217164500,2017-08-12,7:16:00 PM,02 - Rain,05 - Dusk,02 - Wet,02 - Stop sign,01 - Functioning,03 - P.D. only,03 - Rear end,0
17-7151,HUNT CLUB RD @ RIVERSIDE DR,368037.98505,5021943.57542,-75.69317408870,45.33459046110,2017-08-13,12:18:00 PM,01 - Clear,01 - Daylight,01 - Dry,01 - Traffic signal,01 - Functioning,03 - P.D. only,03 - Rear end,0
17-7152,DONALD ST @ ST. LAURENT BLVD,372093.07187,5032471.94387,-75.64000759180,45.42894343780,2017-08-13,12:26:00 PM,01 - Clear,01 - Daylight,01 - Dry,01 - Traffic signal,01 - Functioning,03 - P.D. only,05 - Turning movement,0
17-7153,AIRPORT PKWY @ HUNT CLUB RD,371018.63184,5023703.71413,-75.65491377830,45.35015271960,2017-08-13,12:35:00 PM,01 - Clear,01 - Daylight,01 - Dry,01 - Traffic signal,01 - Functioning,02 - Non-fatal injury,03 - Rear end,0
17-7154,BATHGATE DR @ MATHESON RD,373640.43415,5033373.22283,-75.62010890840,45.43690208570,2017-08-13,12:48:00 PM,01 - Clear,01 - Daylight,01 - Dry,02 - Stop sign,01 - Functioning,03 - P.D. only,05 - Turning movement,0
17-7155,CAHILL DR    W btwn YORKBERRY GT & TWYFORD ST,370283.24285,5023462.62061,-75.66432977130,45.34805247900,2017-08-13,2:10:00 PM,01 - Clear,01 - Daylight,01 - Dry,10 - No control,,03 - P.D. only,06 - SMV unattended vehicle,0
17-7156,BYRON AVE @ GOLDEN AVE,362884.04637,5027977.26895,-75.75821601530,45.38932658160,2017-08-13,2:39:00 PM,01 - Clear,01 - Daylight,01 - Dry,02 - Stop sign,01 - Functioning,03 - P.D. only,02 - Angle,0
17-7157,UPPER DWYER HILL RD btwn VAUGHAN SIDE RD & CARROLL SIDE RD,332731.14623,5015734.91380,-76.14397431300,45.28101520090,2017-08-13,2:40:00 PM,01 - Clear,01 - Daylight,01 - Dry,10 - No control,,02 - Non-fatal injury,07 - SMV other,0
17-7158,INDUSTRIAL AVE/INNES RD @ ST. LAURENT BLVD,373099.24950,5030004.84985,-75.62749228110,45.40664817840,2017-08-13,3:02:00 PM,01 - Clear,01 - Daylight,01 - Dry,01 - Traffic signal,01 - Functioning,03 - P.D. only,03 - Rear end,0
17-7159,GREENBANK RD btwn GREENBANK SQUARE SC & GIBBARD AVE,361341.85435,5020816.42942,-75.77872863860,45.32501993690,2017-08-13,3:52:00 PM,01 - Clear,01 - Daylight,01 - Dry,10 - No control,,03 - P.D. only,03 - Rear end,0
17-7160,STE. CECILE ST @ STE. MONIQUE ST,369960.01250,5033811.81985,-75.66708739170,45.44120106600,2017-08-13,4:22:00 PM,01 - Clear,01 - Daylight,01 - Dry,02 - Stop sign,01 - Functioning,02 - Non-fatal injury,07 - SMV other,0
17-7161,FALLOWFIELD RD @ GREENBANK RD,363079.39365,5016733.09633,-75.75704585040,45.28813606170,2017-08-13,4:30:00 PM,01 - Clear,01 - Daylight,01 - Dry,01 - Traffic signal,01 - Functioning,02 - Non-fatal injury,05 - Turning movement,0
17-7162,LYON ST @ WELLINGTON ST,366937.19408,5031426.80703,-75.70602392050,45.42001669250,2017-08-13,5:10:00 PM,01 - Clear,01 - Daylight,01 - Dry,01 - Traffic signal,01 - Functioning,03 - P.D. only,05 - Turning movement,0
17-7163,MOFFATT POND CRT btwn ANJANA CIRC & COBBLE HILL DR,361690.94728,5013995.91217,-75.77505820470,45.26362045490,2017-08-13,6:23:00 PM,01 - Clear,01 - Daylight,01 - Dry,10 - No control,,03 - P.D. only,06 - SMV unattended vehicle,0
17-7164,INNES RD @ WILDFLOWER DR,382936.53322,5035691.66538,-75.50093876070,45.45678445150,2017-08-13,6:57:00 PM,01 - Clear,01 - Daylight,01 - Dry,01 - Traffic signal,01 - Functioning,02 - Non-fatal injury,03 - Rear end,0
17-7165,HERON RD @ KALADAR AVE,369686.36443,5026804.53760,-75.67150728080,45.37817755190,2017-08-13,7:39:00 PM,01 - Clear,01 - Daylight,01 - Dry,01 - Traffic signal,01 - Functioning,03 - P.D. only,03 - Rear end,0
17-7166,HUNT CLUB RD @ RIVERSIDE DR,368037.02359,5021943.77336,-75.69318632960,45.33459232930,2017-08-13,10:13:00 PM,01 - Clear,07 - Dark,01 - Dry,01 - Traffic signal,01 - Functioning,03 - P.D. only,04 - Sideswipe,0
17-7167,BOUNDARY RD btwn INDCUM RD & ENTREPRENEUR CRES,387944.80739,5022482.05900,-75.43913965660,45.33735897000,2017-08-13,11:41:00 PM,01 - Clear,07 - Dark,01 - Dry,10 - No control,,03 - P.D. only,07 - SMV other,0
17-7168,RICHMOND RD btwn NEW ORCHARD AVE & WOODROFFE AVE,361514.53914,5026560.54730,-75.77586716130,45.37669130180,2017-08-13,11:46:00 PM,01 - Clear,07 - Dark,01 - Dry,10 - No control,,02 - Non-fatal injury,04 - Sideswipe,0
17-7169,BESSERER ST @ DALHOUSIE ST,368252.31900,5032157.40655,-75.68912709800,45.42647233560,2017-08-14,8:10:00 AM,01 - Clear,01 - Daylight,01 - Dry,01 - Traffic signal,01 - Functioning,03 - P.D. only,07 - SMV other,0
17-7170,ALBION RD @ RIDEAU RD,375095.62478,5016668.83606,-75.60388751160,45.28645876930,2017-08-14,8:17:00 AM,01 - Clear,01 - Daylight,01 - Dry,01 - Traffic signal,01 - Functioning,02 - Non-fatal injury,03 - Rear end,0
17-7171,RIVERSIDE DR @ BROOKFIELD RD/HOG'S BACK RD,368168.35203,5026221.88047,-75.69096261360,45.37307389860,2017-08-14,9:20:00 AM,01 - Clear,01 - Daylight,01 - Dry,01 - Traffic signal,02 - Not functioning,03 - P.D. only,02 - Angle,0
17-7172,BANK ST @ SECOND AVE,368306.87953,5029627.45320,-75.68875594350,45.40370370930,2017-08-14,9:08:00 AM,01 - Clear,01 - Daylight,01 - Dry,02 - Stop sign,01 - Functioning,02 - Non-fatal injury,07 - SMV other,1
17-7173,HAWTHORNE RD/RUSSELL RD @ WALKLEY RD,374674.74390,5028500.82335,-75.60758119340,45.39296019440,2017-08-14,9:16:00 AM,01 - Clear,01 - Daylight,01 - Dry,01 - Traffic signal,01 - Functioning,03 - P.D. only,03 - Rear end,0
17-7174,DOWNPATRICK RD @ UPLANDS DR,370292.26033,5022804.74819,-75.66430181220,45.34213228450,2017-08-14,4:01:00 PM,01 - Clear,01 - Daylight,01 - Dry,02 - Stop sign,00 - Unknown,02 - Non-fatal injury,03 - Rear end,0
17-7175,HUNT CLUB RD @ BRIDLE PATH DR/DAZE ST,371291.72890,5023865.17419,-75.65140716910,45.35157964730,2017-08-14,9:30:00 AM,01 - Clear,01 - Daylight,01 - Dry,01 - Traffic signal,01 - Functioning,02 - Non-fatal injury,02 - Angle,0
17-7176,CANOTEK RD @ SHEFFORD RD,376029.49743,5035093.58990,-75.58932763420,45.45214159810,2017-08-14,10:09:00 AM,01 - Clear,01 - Daylight,01 - Dry,01 - Traffic signal,01 - Functioning,03 - P.D. only,02 - Angle,0
17-7177,LAKEPOINTE DR btwn TENTH LINE RD & AQUAVIEW DR,384381.56358,5035471.08979,-75.48250106240,45.45463683060,2017-08-12,10:57:00 AM,02 - Rain,01 - Daylight,02 - Wet,10 - No control,,03 - P.D. only,06 - SMV unattended vehicle,0
17-7178,DALHOUSIE ST @ ST. PATRICK ST,367958.34163,5032640.58110,-75.69282156640,45.43084637890,2017-08-14,1:18:00 PM,01 - Clear,01 - Daylight,01 - Dry,01 - Traffic signal,01 - Functioning,03 - P.D. only,02 - Angle,0
17-7179,AKERSON RD btwn BARRICK HILL RD & MICHAEL COWPLAND DR,353940.97000,5016167.04200,-75.87359221750,45.28374094700,2017-08-14,12:02:00 PM,01 - Clear,01 - Daylight,01 - Dry,10 - No control,,02 - Non-fatal injury,01 - Approaching,0
17-7180,BRONSON AVE @ GLADSTONE AVE,367133.70170,5030080.84715,-75.70368346140,45.40788866880,2017-08-14,1:08:00 PM,01 - Clear,01 - Daylight,01 - Dry,01 - Traffic signal,01 - Functioning,03 - P.D. only,02 - Angle,0
17-7181,JEANNE D'ARC BLVD @ OR174 IC105 RAMP52,379455.79965,5036917.16097,-75.54525128660,45.46819109910,2017-08-14,12:59:00 PM,01 - Clear,01 - Daylight,01 - Dry,01 - Traffic signal,01 - Functioning,03 - P.D. only,02 - Angle,0
17-7182,CARWOOD CIRC @ DEN HAAG DR,372505.59530,5033982.73345,-75.63452844560,45.44249696820,2017-08-14,2:21:00 PM,01 - Clear,01 - Daylight,01 - Dry,02 - Stop sign,00 - Unknown,03 - P.D. only,07 - SMV other,0
17-7183,WEST HUNT CLUB RD WB btwn 354 E OF WOODROFFE AVE/REC PATH & CLEOPATRA,365176.95853,5021713.98434,-75.72970129500,45.33277663630,2017-08-14,3:22:00 PM,01 - Clear,01 - Daylight,01 - Dry,10 - No control,,03 - P.D. only,03 - Rear end,0
17-7184,CARLING AVE EB btwn WESTGATE SC E & 73 E OF ARCHIBALD ST/WESTGATE SC W,364770.34483,5027622.33907,-75.73417159620,45.38597401210,2017-08-14,3:26:00 PM,01 - Clear,01 - Daylight,01 - Dry,10 - No control,,02 - Non-fatal injury,02 - Angle,0
17-7185,CRAIG'S SIDE RD btwn FARMLAND RD & CARP RD,339121.74623,5023118.39814,-76.06200689030,45.34717227710,2017-08-14,4:14:00 PM,01 - Clear,01 - Daylight,01 - Dry,10 - No control,,02 - Non-fatal injury,07 - SMV other,0
17-7186,PLEASANT PARK RD @ ST. LAURENT BLVD,373597.29640,5028794.47115,-75.62129943470,45.39570898290,2017-08-14,4:18:00 PM,01 - Clear,01 - Daylight,01 - Dry,01 - Traffic signal,01 - Functioning,03 - P.D. only,03 - Rear end,0
17-7187,GLADECREST CRT @ VALLEY STREAM DR,359904.97194,5021792.00576,-75.79694810800,45.33391247330,2017-08-14,12:00:00 AM,01 - Clear,00 - Unknown,01 - Dry,03 - Yield sign,00 - Unknown,03 - P.D. only,06 - SMV unattended vehicle,0
17-7188,KELLY AVE @ PINECREST RD,360275.76862,5023952.55546,-75.79197539520,45.35332387120,2017-08-14,3:30:00 PM,01 - Clear,01 - Daylight,01 - Dry,02 - Stop sign,01 - Functioning,03 - P.D. only,02 - Angle,0