COLLISION_ID,LOCATION,X,Y,LONGITUDE,LATITUDE,DATE,TIME,ENVIRONMENT,LIGHT,SURFACE_CONDITION,TRAFFIC_CONTROL,TRAFFIC_CONTROL_CONDITION,COLLISION_CLASSIFICATION,IMPACT_TYPE,NO_OF_PEDESTRIANS
17-7189,DUMAURIER AVE @ RICHMOND RD,359627.02437,5023733.58832,-75.80027882570,45.35140462820,2017-08-14,4:40:00 PM,01 - Clear,01 - Daylight,01 - Dry,01 - Traffic signal,01 - Functioning,02 - Non-fatal injury,02 - Angle,0
17-7190,MEADOWFIELD PL btwn MEADOWGLEN DR & PIEDMONT PL (1),379858.16930,5034858.05227,-75.54042056200,45.44962168930,2017-08-14,12:00:00 AM,01 - Clear,00 - Unknown,01 - Dry,10 - No control,,03 - P.D. only,06 - SMV unattended vehicle,0
17-7191,LEMIEUX ST @ ST. LAURENT BLVD,372391.72602,5031742.56339,-75.63629137640,45.42235201730,2017-08-14,5:42:00 PM,01 - Clear,01 - Daylight,01 - Dry,01 - Traffic signal,01 - Functioning,03 - P.D. only,03 - Rear end,0
17-7192,BLACKBURN BYPASS @ INNES RD E,379791.74790,5033780.43750,-75.54143383640,45.43993323780,2017-07-12,6:16:00 PM,01 - Clear,01 - Daylight,01 - Dry,01 - Traffic signal,01 - Functioning,03 - P.D. only,02 - Angle,0
17-7193,WEST HUNT CLUB RD btwn PRINCE OF WALES DR & TURN LANE,367487.51798,5021890.22874,-75.70020332510,45.33415985030,2017-08-14,6:33:00 PM,01 - Clear,01 - Daylight,01 - Dry,10 - No control,,02 - Non-fatal injury,03 - Rear end,0
17-7194,KANATA AVE/CASTLEFRANK RD @ AIRD PL,351811.68813,5019070.58975,-75.90045771980,45.31001346600,2017-08-14,5:00:00 PM,01 - Clear,01 - Daylight,01 - Dry,01 - Traffic signal,01 - Functioning,03 - P.D. only,03 - Rear end,0
17-7195,BASELINE RD @ CLYDE AVE,364358.06227,5024888.58982,-75.73976568360,45.36141134750,2017-08-14,8:00:00 PM,01 - Clear,05 - Dusk,01 - Dry,01 - Traffic signal,01 - Functioning,03 - P.D. only,02 - Angle,0
17-7196,MONTREAL RD btwn LACASSE AVE & STE. ANNE ST,370697.69804,5033411.61292,-75.65771247400,45.43753103600,2017-08-14,8:42:00 PM,01 - Clear,05 - Dusk,01 - Dry,10 - No control,,02 - Non-fatal injury,07 - SMV other,0
17-7197,MICHAEL COWPLAND DR btwn TERENCE MATTHEWS CRES & EAGLESON RD,354235.90690,5016516.16449,-75.86979805380,45.28686175070,2017-08-14,9:24:00 PM,01 - Clear,07 - Dark,01 - Dry,10 - No control,,02 - Non-fatal injury,02 - Angle,0
17-7198,HUNT CLUB RD @ UPLANDS DR,370156.72720,5023121.49210,-75.66598921730,45.34499489990,2017-08-15,4:02:00 AM,01 - Clear,07 - Dark,02 - Wet,01 - Traffic signal,01 - Functioning,03 - P.D. only,05 - Turning movement,0
17-7199,TENTH LINE RD @ VANGUARD DR,384071.94482,5035874.13064,-75.48639413360,45.45829821850,2017-08-15,6:18:00 AM,01 - Clear,01 - Daylight,01 - Dry,01 - Traffic signal,01 - Functioning,03 - P.D. only,05 - Turning movement,0
17-7200,HERON RD @ ALTA VISTA DR,370490.79932,5026902.53710,-75.66122402540,45.37898435750,2017-08-15,6:43:00 AM,02 - Rain,01 - Daylight,02 - Wet,01 - Traffic signal,01 - Functioning,03 - P.D. only,03 - Rear end,0
17-7201,BESSERER ST @ DALHOUSIE ST,368252.06067,5032156.93347,-75.68913045950,45.42646810220,2017-08-15,8:52:00 AM,01 - Clear,01 - Daylight,01 - Dry,01 - Traffic signal,01 - Functioning,03 - P.D. only,04 - Sideswipe,0
17-7202,MONTREAL RD @ OGILVIE RD,375654.09397,5034555.94507,-75.59420401660,45.44734236100,2017-08-15,8:55:00 AM,01 - Clear,01 - Daylight,02 - Wet,01 - Traffic signal,01 - Functioning,03 - P.D. only,03 - Rear end,0
17-7203,CEDARVIEW RD @ WEST HUNT CLUB RD,359719.31843,5019553.83667,-75.79956480100,45.31378789290,2017-08-15,9:04:00 AM,01 - Clear,01 - Daylight,01 - Dry,01 - Traffic signal,01 - Functioning,03 - P.D. only,05 - Turning movement,0
17-7204,BOOTH ST @ ORANGEVILLE ST,366891.92994,5029572.00551,-75.70683588960,45.40333174350,2017-08-15,9:32:00 AM,01 - Clear,01 - Daylight,01 - Dry,02 - Stop sign,01 - Functioning,03 - P.D. only,03 - Rear end,0
17-7205,UPPER DWYER HILL RD btwn GALETTA SIDE RD & OTTAWA ROAD 29,320654.89496,5029055.75966,-76.29747658740,45.40126065840,2017-08-15,9:30:00 AM,01 - Clear,01 - Daylight,01 - Dry,10 - No control,,03 - P.D. only,07 - SMV other,0
17-7206,BLACKBURN BYPASS @ INNES RD E,379791.62142,5033781.32903,-75.54143531730,45.43994127250,2017-08-14,4:30:00 PM,01 - Clear,01 - Daylight,01 - Dry,01 - Traffic signal,01 - Functioning,03 - P.D. only,04 - Sideswipe,0
17-7207,ALDGATE CRES btwn SHERWAY DR & SHERWAY DR,362738.05325,5015114.16947,-75.76158593500,45.27359712660,2017-08-11,2:00:00 PM,01 - Clear,99 - Other,01 - Dry,10 - No control,,03 - P.D. only,06 - SMV unattended vehicle,0
17-7208,MACKENZIE KING BR/WALLER ST @ NICHOLAS ST/WALL,368372.10950,5031993.93189,-75.68761751950,45.42499057090,2017-08-15,11:20:00 AM,01 - Clear,01 - Daylight,01 - Dry,01 - Traffic signal,01 - Functioning,03 - P.D. only,03 - Rear end,0
17-7209,O'CONNOR ST btwn MACLAREN ST & GILMOUR ST,367936.32366,5030880.65039,-75.69332849180,45.41501310280,2017-08-15,11:20:00 AM,01 - Clear,01 - Daylight,01 - Dry,10 - No control,,02 - Non-fatal injury,07 - SMV other,1
17-7210,MERIVALE RD @ ROSSLAND AVE,364674.21660,5024151.51400,-75.73581974470,45.35475231360,2017-08-15,11:28:00 AM,01 - Clear,01 - Daylight,01 - Dry,02 - Stop sign,01 - Functioning,03 - P.D. only,03 - Rear end,0
17-7211,NAVAHO DR @ WOODROFFE AVE/TRANSITWAY N BASELIN,362705.81040,5023493.44835,-75.76101762730,45.34899640790,2017-08-15,12:27:00 PM,01 - Clear,01 - Daylight,01 - Dry,01 - Traffic signal,01 - Functioning,03 - P.D. only,07 - SMV other,0
17-7212,WEST HUNT CLUB RD btwn PRINCE OF WALES DR & TURN LANE,367547.60044,5021888.44722,-75.69943706680,45.33413845060,2017-08-15,12:34:00 PM,01 - Clear,01 - Daylight,01 - Dry,10 - No control,,02 - Non-fatal injury,03 - Rear end,0
17-7213,CLEGG ST @ COLONEL BY DR,368968.61410,5029742.10015,-75.68028881740,45.40467491800,2017-08-15,9:50:00 AM,01 - Clear,01 - Daylight,01 - Dry,01 - Traffic signal,01 - Functioning,02 - Non-fatal injury,05 - Turning movement,0
17-7214,SNAKE ISLAND RD btwn 5TH LINE RD & GREY'S CREEK RD,381703.33464,5008900.97606,-75.52086752330,45.21587546160,2017-08-15,12:42:00 PM,01 - Clear,01 - Daylight,01 - Dry,10 - No control,,02 - Non-fatal injury,99 - Other,0
17-7215,STRANDHERD DR @ WOODROFFE AVE,366106.15400,5015394.50797,-75.71862914600,45.27583402180,2017-08-15,1:30:00 PM,01 - Clear,01 - Daylight,01 - Dry,01 - Traffic signal,01 - Functioning,03 - P.D. only,03 - Rear end,0
17-7216,NICHOLAS ST NB btwn LAURIER AVE E & WALLER ST,368487.01144,5031713.38884,-75.68618561750,45.42245589130,2017-08-15,2:45:00 PM,01 - Clear,01 - Daylight,01 - Dry,10 - No control,,03 - P.D. only,03 - Rear end,0
17-7217,SLATER ST btwn KENT ST & BANK ST,367361.88189,5031318.03844,-75.70061168900,45.41900017910,2017-08-15,2:45:00 PM,01 - Clear,01 - Daylight,01 - Dry,10 - No control,,03 - P.D. only,04 - Sideswipe,0
17-7218,MCARTHUR AVE @ VANIER PKWY,370215.77631,5032692.59453,-75.66396714780,45.43110686480,2017-08-15,2:50:00 PM,01 - Clear,01 - Daylight,01 - Dry,01 - Traffic signal,01 - Functioning,03 - P.D. only,03 - Rear end,0
17-7219,8TH LINE RD @ MITCH OWENS RD,382361.93290,5018774.68815,-75.51094214800,45.30464173570,2017-08-14,5:00:00 PM,01 - Clear,01 - Daylight,01 - Dry,02 - Stop sign,00 - Unknown,03 - P.D. only,07 - SMV other,0
17-7220,TRIM RD @ DAIRY DR/TAYLOR CREEK DR,384535.60649,5039595.65333,-75.47986249140,45.49172817410,2017-08-15,4:46:00 PM,01 - Clear,01 - Daylight,01 - Dry,11 - Roundabout,01 - Functioning,03 - P.D. only,04 - Sideswipe,0
17-7221,CARLING AVE @ CHAMPAGNE AVE,366627.72802,5028811.29920,-75.71030584840,45.39651049290,2017-08-15,4:57:00 PM,01 - Clear,01 - Daylight,01 - Dry,01 - Traffic signal,01 - Functioning,03 - P.D. only,03 - Rear end,0
17-7222,FALLOWFIELD RD @ STRANDHERD DR,360753.50685,5014961.51327,-75.78689395990,45.27238422740,2017-08-15,2:45:00 PM,01 - Clear,01 - Daylight,01 - Dry,01 - Traffic signal,01 - Functioning,02 - Non-fatal injury,02 - Angle,0
17-7223,BELFAST RD @ ST. LAURENT BLVD,372861.58710,5030578.34625,-75.63044883510,45.41183138580,2017-08-15,5:10:00 PM,01 - Clear,01 - Daylight,01 - Dry,01 - Traffic signal,01 - Functioning,02 - Non-fatal injury,04 - Sideswipe,0
17-7224,MALVERN DR btwn CHALICE CRT & SHERWAY DR,362632.96056,5015868.25254,-75.76283736500,45.28039104830,2017-08-15,5:41:00 PM,01 - Clear,01 - Daylight,01 - Dry,10 - No control,,03 - P.D. only,02 - Angle,0
17-7225,MONTREAL RD @ OLMSTEAD ST,370333.58853,5033213.95326,-75.66239224040,45.43578680120,2017-08-15,4:30:00 PM,01 - Clear,01 - Daylight,01 - Dry,01 - Traffic signal,00 - Unknown,03 - P.D. only,04 - Sideswipe,0
17-7226,BANK ST @ ST. PAUL AVE,370508.27945,5025560.73587,-75.66117935920,45.36690963390,2017-08-15,7:27:00 PM,01 - Clear,05 - Dusk,01 - Dry,02 - Stop sign,00 - Unknown,03 - P.D. only,03 - Rear end,0
17-7227,CARLING AVE @ CONNAUGHT AVE,360770.67620,5025116.23275,-75.78552772410,45.36375526350,2017-08-15,4:00:00 PM,01 - Clear,01 - Daylight,01 - Dry,01 - Traffic signal,01 - Functioning,03 - P.D. only,05 - Turning movement,0
17-7228,MICHAEL ST btwn PARISIEN ST & MICHAEL ST,372923.42199,5031198.97663,-75.62957313990,45.41740950920,2017-08-15,7:52:00 PM,01 - Clear,05 - Dusk,01 - Dry,10 - No control,,03 - P.D. only,02 - Angle,0
17-7229,DES GRIVES CRES btwn DES SERINS LANE & SUNVIEW DR (2),381668.28233,5036756.50099,-75.51698582580,45.46650562900,2017-08-15,7:30:00 AM,01 - Clear,01 - Daylight,01 - Dry,10 - No control,,03 - P.D. only,06 - SMV unattended vehicle,0
17-7230,HAWTHORNE RD btwn WHYTE SIDE RD & DAVIDSON RD,376266.71560,5024553.29671,-75.58782282590,45.35728170590,2017-08-15,11:15:00 PM,01 - Clear,07 - Dark,01 - Dry,10 - No control,,03 - P.D. only,03 - Rear end,0
17-7231,GEORGE ST @ DALHOUSIE ST,368158.33863,5032314.94867,-75.69030770940,45.42789836350,2017-08-12,6:35:00 AM,01 - Clear,03 - Dawn,02 - Wet,01 - Traffic signal,01 - Functioning,03 - P.D. only,02 - Angle,0
17-7232,CARLING AVE @ EDGEWORTH AVE,361262.61860,5025424.52410,-75.77921329030,45.36648979640,2017-08-16,7:17:00 AM,01 - Clear,01 - Daylight,01 - Dry,01 - Traffic signal,01 - Functioning,03 - P.D. only,04 - Sideswipe,0
17-7233,DALY AVE btwn NICHOLAS ST & COURT HOUSE LANE,368260.72361,5032069.84451,-75.68903098620,45.42568372010,2017-08-16,8:04:00 AM,01 - Clear,01 - Daylight,01 - Dry,09 - Traffic controller,01 - Functioning,03 - P.D. only,07 - SMV other,1
17-7234,INDUSTRIAL AVE btwn TRAINYARDS DR & RUSSELL RD,371934.58999,5030488.19534,-75.64230303440,45.41110978810,2017-08-16,8:16:00 AM,01 - Clear,01 - Daylight,01 - Dry,10 - No control,,03 - P.D. only,05 - Turning movement,0
17-7235,MCKELLAR AVE btwn BROMLEY RD & CARLING AVE,362736.94018,5026445.95130,-75.76027424810,45.37556016920,2017-08-16,9:16:00 AM,01 - Clear,01 - Daylight,01 - Dry,10 - No control,,03 - P.D. only,99 - Other,0
17-7236,ALTA VISTA DR @ SMYTH RD,370433.99795,5029080.91647,-75.66165950340,45.39858996880,2017-08-16,9:53:00 AM,01 - Clear,01 - Daylight,01 - Dry,01 - Traffic signal,00 - Unknown,03 - P.D. only,03 - Rear end,0
17-7237,BEATRICE DR @ STRANDHERD DR,365527.37700,5015320.84087,-75.72601421680,45.27522139350,2017-08-16,10:31:00 AM,01 - Clear,01 - Daylight,01 - Dry,01 - Traffic signal,01 - Functioning,03 - P.D. only,02 - Angle,0
17-7238,MARCH RD @ RICHARDSON SIDE RD,351414.61620,5021780.76455,-75.90526621740,45.33442671300,2017-08-16,9:55:00 AM,01 - Clear,01 - Daylight,01 - Dry,01 - Traffic signal,01 - Functioning,03 - P.D. only,03 - Rear end,0
17-7239,EARL ARMSTRONG RD @ RIVER RD,367572.71850,5014684.70191,-75.70002875470,45.26931784570,2017-08-16,10:45:00 AM,01 - Clear,01 - Daylight,02 - Wet,01 - Traffic signal,01 - Functioning,03 - P.D. only,03 - Rear end,0
17-7240,FERNBANK RD @ STITTSVILLE MAIN ST,350934.58880,5012161.16721,-75.91228502780,45.24789850540,2017-08-16,10:59:00 AM,01 - Clear,01 - Daylight,01 - Dry,01 - Traffic signal,00 - Unknown,02 - Non-fatal injury,03 - Rear end,0
17-7241,COLONEL BY DR @ HAWTHORNE AVE/PRETORIA BRIDGE,368768.46898,5030526.13589,-75.68274354460,45.41174772610,2017-08-16,11:09:00 AM,01 - Clear,01 - Daylight,01 - Dry,01 - Traffic signal,01 - Functioning,03 - P.D. only,03 - Rear end,0
17-7242,RONDEL ST btwn INNES RD & ORIENT PARK DR,378879.39160,5033132.61429,-75.55319171530,45.43420184160,2017-08-12,12:00:00 AM,01 - Clear,00 - Unknown,01 - Dry,10 - No control,,03 - P.D. only,06 - SMV unattended vehicle,0
17-7243,BANNER RD @ GREENBANK RD,361021.67260,5021565.20985,-75.78272765390,45.33178318250,2017-08-16,12:10:00 PM,01 - Clear,01 - Daylight,01 - Dry,01 - Traffic signal,01 - Functioning,02 - Non-fatal injury,01 - Approaching,0
17-7244,ST. LAURENT BLVD @ COVENTRY RD/OGILVIE RD,372306.33942,5031951.79937,-75.63735367610,45.42424287030,2017-08-16,12:24:00 PM,01 - Clear,01 - Daylight,01 - Dry,01 - Traffic signal,01 - Functioning,03 - P.D. only,05 - Turning movement,0
17-7245,CASTLEFRANK RD @ HAZELDEAN RD,352678.51913,5017676.76900,-75.88953823220,45.29741297880,2017-08-16,12:45:00 PM,01 - Clear,01 - Daylight,01 - Dry,01 - Traffic signal,01 - Functioning,03 - P.D. only,03 - Rear end,0
17-7246,O'CONNOR ST @ SECOND AVE,368594.66353,5029800.34193,-75.68505776390,45.40523313810,2017-08-16,2:39:00 PM,01 - Clear,01 - Daylight,01 - Dry,02 - Stop sign,01 - Functioning,03 - P.D. only,04 - Sideswipe,0
17-7247,CARLING AVE @ CHURCHILL AVE,363776.97765,5027014.81985,-75.74692848210,45.38059199630,2017-08-16,3:00:00 PM,01 - Clear,01 - Daylight,01 - Dry,01 - Traffic signal,01 - Functioning,03 - P.D. only,05 - Turning movement,0
17-7248,INNES RD btwn STAR TOP RD & HWY417 IC112 RAMP55,374191.31554,5030690.91947,-75.61344647460,45.41271367640,2017-08-16,3:32:00 PM,01 - Clear,01 - Daylight,01 - Dry,10 - No control,,03 - P.D. only,03 - Rear end,0
17-7249,REGIONAL ROAD 174 EB btwn OR174 IC109 RAMP55 & TRANSIT,376484.48214,5035009.14389,-75.58352368740,45.45133528510,2017-08-16,4:06:00 PM,01 - Clear,01 - Daylight,01 - Dry,10 - No control,,03 - P.D. only,03 - Rear end,0
17-7250,MEADOWLANDS DR @ MERIVALE RD,364859.34093,5023724.86937,-75.73350902270,45.35089759280,2017-08-16,4:14:00 PM,01 - Clear,01 - Daylight,01 - Dry,01 - Traffic signal,01 - Functioning,03 - P.D. only,05 - Turning movement,0
17-7251,KIRKWOOD AVE @ RICHMOND RD,363777.73391,5028642.74974,-75.74672428500,45.39523977420,2017-08-16,4:18:00 PM,01 - Clear,01 - Daylight,01 - Dry,01 - Traffic signal,01 - Functioning,02 - Non-fatal injury,05 - Turning movement,0
17-7252,CARLING AVE @ WOODROFFE AVE W,361767.68360,5025724.87247,-75.77273165260,45.36915143910,2017-08-16,4:24:00 PM,01 - Clear,01 - Daylight,01 - Dry,01 - Traffic signal,01 - Functioning,02 - Non-fatal injury,05 - Turning movement,0
17-7253,KING EDWARD AVE @ MURRAY ST,368292.98185,5032753.58200,-75.68853064430,45.43183281930,2017-08-16,4:33:00 PM,01 - Clear,01 - Daylight,01 - Dry,01 - Traffic signal,01 - Functioning,03 - P.D. only,04 - Sideswipe,0
17-7254,BASELINE RD btwn DEERFIELD DR & FERGUSON ST,363416.56469,5024300.35925,-75.75185223540,45.35619786860,2017-08-16,4:36:00 PM,01 - Clear,01 - Daylight,01 - Dry,10 - No control,,03 - P.D. only,03 - Rear end,0
17-7255,AVIATION PKWY @ OGILVIE RD,373110.71420,5032375.50685,-75.62701720450,45.42797709370,2017-08-16,4:49:00 PM,01 - Clear,01 - Daylight,01 - Dry,01 - Traffic signal,01 - Functioning,03 - P.D. only,02 - Angle,0
17-7256,CARLING AVE @ IROQUOIS RD,362214.18349,5026026.09990,-75.76699694270,45.37182541850,2017-08-16,4:56:00 PM,01 - Clear,01 - Daylight,01 - Dry,01 - Traffic signal,01 - Functioning,03 - P.D. only,05 - Turning movement,0
17-7257,CARLING AVE btwn DEFENSE  RESEARCH COMPLEX & RIFLE RD,353483.17518,5023059.45297,-75.87875016040,45.34579208690,2017-08-16,5:16:00 PM,01 - Clear,01 - Daylight,01 - Dry,10 - No control,,03 - P.D. only,03 - Rear end,0
17-7258,MERIVALE RD btwn AMBERWOOD CRES & FALLOWFIELD RD,366741.03875,5019209.59683,-75.71006161890,45.31010619160,2017-08-16,5:20:00 PM,01 - Clear,01 - Daylight,01 - Dry,10 - No control,,02 - Non-fatal injury,03 - Rear end,0
17-7259,DWYER HILL RD @ ROGER STEVENS DR,354336.54200,4989351.27180,-75.87121018500,45.04241353510,2017-08-16,5:46:00 PM,01 - Clear,01 - Daylight,01 - Dry,02 - Stop sign,01 - Functioning,03 - P.D. only,02 - Angle,0
17-7260,HAWTHORNE RD @ STEVENAGE DR,375136.66763,5027313.51501,-75.60185158080,45.38223113730,2017-08-16,6:07:00 PM,01 - Clear,01 - Daylight,01 - Dry,01 - Traffic signal,00 - Unknown,03 - P.D. only,04 - Sideswipe,0
17-7261,TERRY FOX DR btwn COPE DR & TRANS CANADA TRAIL,353323.11908,5015910.29067,-75.88149270240,45.28147355560,2017-08-16,6:12:00 PM,01 - Clear,01 - Daylight,01 - Dry,10 - No control,,03 - P.D. only,03 - Rear end,0
17-7262,MARCH RD btwn 280 S OF CARLING AVE/STATION RD & RICHARDSON SIDE RD,351296.38535,5021838.81368,-75.90676913300,45.33495689560,2017-08-16,6:35:00 PM,01 - Clear,01 - Daylight,01 - Dry,10 - No control,,02 - Non-fatal injury,05 - Turning movement,0
17-7263,COBOURG ST @ ST. PATRICK ST,368801.82087,5033232.97905,-75.68196579360,45.43609986980,2017-08-16,7:18:00 PM,01 - Clear,01 - Daylight,01 - Dry,01 - Traffic signal,01 - Functioning,03 - P.D. only,04 - Sideswipe,0
17-7264,CONROY RD @ THURSTON DR,373205.17153,5026794.77577,-75.62658433720,45.37775500730,2017-08-16,7:30:00 PM,01 - Clear,05 - Dusk,01 - Dry,01 - Traffic signal,01 - Functioning,02 - Non-fatal injury,05 - Turning movement,0
17-7265,MCLEOD ST btwn BANK ST & O'CONNOR ST,368025.49838,5030532.92666,-75.69223385690,45.41187634580,2017-08-16,12:00:00 AM,01 - Clear,00 - Unknown,01 - Dry,10 - No control,,03 - P.D. only,06 - SMV unattended vehicle,0
17-7266,HOLITZNER WAY @ LEIKIN DR,366721.60441,5017197.67210,-75.71056072690,45.29200482020,2017-08-09,8:00:00 PM,01 - Clear,01 - Daylight,01 - Dry,02 - Stop sign,00 - Unknown,03 - P.D. only,03 - Rear end,0
17-7267,LORRY GREENBERG DR btwn HUNTER'S GLEN CRES & MARGRAVE AVE,372588.12884,5025173.69669,-75.63468445430,45.36322913780,2017-08-16,5:45:00 PM,01 - Clear,01 - Daylight,01 - Dry,10 - No control,,03 - P.D. only,02 - Angle,0
17-7268,RUSSELL RD btwn ANDERSON RD & FARMERS WAY,380756.93612,5026442.74028,-75.53022871430,45.37380965460,2017-08-16,9:07:00 PM,01 - Clear,07 - Dark,01 - Dry,10 - No control,,03 - P.D. only,07 - SMV other,0
17-7269,WOODROFFE AVE btwn Continuation of WOODROFFE AVE & PARKGLEN DR,362866.89303,5023174.58952,-75.75899953260,45.34611402210,2017-08-16,9:29:00 PM,01 - Clear,07 - Dark,01 - Dry,10 - No control,,03 - P.D. only,03 - Rear end,0
17-7270,WOODROFFE AVE btwn Continuation of WOODROFFE AVE & PARKGLEN DR,362866.77931,5023170.32978,-75.75900148350,45.34607570310,2017-08-16,10:06:00 PM,01 - Clear,07 - Dark,01 - Dry,10 - No control,,03 - P.D. only,03 - Rear end,0
17-7271,HAANEL DR btwn TIMM DR & ROBERTSON RD,354917.66307,5019330.06643,-75.86082322940,45.31213349670,2017-08-16,10:20:00 PM,01 - Clear,07 - Dark,01 - Dry,10 - No control,,03 - P.D. only,07 - SMV other,0
17-7272,KLONDIKE RD @ MARCH RD,349262.45219,5024061.36170,-75.93251827140,45.35508774250,2017-08-17,6:14:00 AM,01 - Clear,03 - Dawn,01 - Dry,01 - Traffic signal,01 - Functioning,02 - Non-fatal injury,07 - SMV other,1
17-7273,BLAIR RD @ INNES RD,375578.09387,5031437.63202,-75.59562374560,45.41929329700,2017-08-17,6:30:00 AM,01 - Clear,01 - Daylight,01 - Dry,01 - Traffic signal,01 - Functioning,02 - Non-fatal injury,01 - Approaching,0
17-7274,CATHERINE ST/HWY 417 O'CONN IC119BR76 @ O'CONN,368244.37156,5030392.56710,-75.68945588930,45.41059362750,2017-08-17,7:35:00 AM,01 - Clear,01 - Daylight,01 - Dry,01 - Traffic signal,01 - Functioning,03 - P.D. only,02 - Angle,0
17-7275,LORRAINE AVE btwn JEFFERSON ST & PALM ST,371939.59280,5027153.42169,-75.64269298290,45.38110438270,2017-08-17,7:59:00 AM,01 - Clear,01 - Daylight,01 - Dry,10 - No control,,03 - P.D. only,06 - SMV unattended vehicle,0
17-7276,ST. LAURENT BLVD btwn BOURASSA ST & SMYTH RD,373238.17478,5029688.60966,-75.62576164190,45.40378922620,2017-08-17,8:25:00 AM,01 - Clear,01 - Daylight,01 - Dry,10 - No control,,03 - P.D. only,04 - Sideswipe,0
17-7277,COLONNADE RD @ MERIVALE RD,365363.05397,5022543.85537,-75.72722571300,45.34022767580,2017-08-17,8:56:00 AM,01 - Clear,01 - Daylight,01 - Dry,01 - Traffic signal,01 - Functioning,03 - P.D. only,02 - Angle,0
17-7278,CATHERINE ST @ KENT ST,367907.83993,5030188.64681,-75.69378098200,45.40878924390,2017-08-17,9:16:00 AM,01 - Clear,01 - Daylight,01 - Dry,01 - Traffic signal,01 - Functioning,03 - P.D. only,05 - Turning movement,0
17-7279,WALKLEY RD @ GLENHAVEN PRIV,370212.96547,5025873.93061,-75.66490741510,45.36975528400,2017-08-17,11:43:00 AM,01 - Clear,01 - Daylight,01 - Dry,01 - Traffic signal,00 - Unknown,03 - P.D. only,04 - Sideswipe,0
17-7280,HOLLAND AVE @ WELLINGTON ST,364929.70140,5029152.27235,-75.73195032670,45.39972637650,2017-08-17,12:18:00 PM,01 - Clear,01 - Daylight,01 - Dry,01 - Traffic signal,01 - Functioning,03 - P.D. only,04 - Sideswipe,0
17-7281,BANK ST @ GLOUCESTER ST,367524.13850,5031197.93465,-75.69855393790,45.41790499650,2017-08-17,12:00:00 AM,01 - Clear,00 - Unknown,01 - Dry,01 - Traffic signal,00 - Unknown,03 - P.D. only,06 - SMV unattended vehicle,0
17-7282,MONTREAL RD @ ST. LAURENT BLVD,371547.62598,5033816.95367,-75.64679514730,45.44109748270,2017-08-17,11:20:00 AM,01 - Clear,01 - Daylight,01 - Dry,01 - Traffic signal,01 - Functioning,03 - P.D. only,02 - Angle,0
17-7283,CARLING AVE @ KIRKWOOD AVE S,364351.63001,5027338.63767,-75.73955238570,45.38345704120,2017-08-16,2:40:00 PM,01 - Clear,01 - Daylight,01 - Dry,01 - Traffic signal,01 - Functioning,02 - Non-fatal injury,03 - Rear end,0
17-7284,LAURIER AVE @ NICHOLAS ST,368373.63700,5031797.62887,-75.68762333640,45.42322416660,2017-08-17,12:38:00 PM,01 - Clear,01 - Daylight,01 - Dry,01 - Traffic signal,01 - Functioning,03 - P.D. only,04 - Sideswipe,0
17-7285,HOLLAND AVE @ WELLINGTON ST,364929.06037,5029152.91337,-75.73195843540,45.39973219910,2017-08-17,1:42:00 PM,01 - Clear,01 - Daylight,01 - Dry,01 - Traffic signal,01 - Functioning,03 - P.D. only,04 - Sideswipe,0
17-7286,HUNT CLUB RD @ PAUL ANKA DR,369777.25183,5022897.72709,-75.67086054730,45.34301677590,2017-08-17,1:47:00 PM,01 - Clear,01 - Daylight,01 - Dry,01 - Traffic signal,01 - Functioning,03 - P.D. only,05 - Turning movement,0
17-7287,HERZBERG RD @ MARCH RD,352323.07575,5021529.58120,-75.89370037630,45.33210557730,2017-08-17,2:01:00 PM,01 - Clear,01 - Daylight,01 - Dry,01 - Traffic signal,01 - Functioning,03 - P.D. only,03 - Rear end,0
17-7288,WESSEX RD @ GLACIER ST,363464.37563,5015143.64554,-75.75232634160,45.27380213230,2017-08-17,2:04:00 PM,01 - Clear,01 - Daylight,01 - Dry,02 - Stop sign,01 - Functioning,03 - P.D. only,02 - Angle,0
17-7289,LEITRIM RD @ ALBION RD,373498.86715,5020419.26120,-75.62372044760,45.32036182240,2017-08-17,2:29:00 PM,01 - Clear,01 - Daylight,01 - Dry,01 - Traffic signal,01 - Functioning,02 - Non-fatal injury,05 - Turning movement,0
17-7290,CLARIDGE DR btwn FAIRLOP WAY & BERRIGAN DR,364586.03255,5015967.99708,-75.73793286830,45.28112516790,2017-08-17,3:09:00 PM,01 - Clear,01 - Daylight,01 - Dry,10 - No control,,03 - P.D. only,99 - Other,0
17-7291,PRINCE OF WALES DR btwn FISHER AVE & NE/OT BOUNDARY,367163.59829,5023991.03201,-75.70407079500,45.35309134860,2017-08-17,3:36:00 PM,01 - Clear,01 - Daylight,01 - Dry,10 - No control,,02 - Non-fatal injury,03 - Rear end,0
17-7292,MONTGOMERY ST @ MONTREAL RD,369813.71260,5032919.94707,-75.66907507550,45.43318998390,2017-08-17,4:10:00 PM,02 - Rain,01 - Daylight,02 - Wet,01 - Traffic signal,01 - Functioning,03 - P.D. only,04 - Sideswipe,0