COLLISION_ID,LOCATION,X,Y,LONGITUDE,LATITUDE,DATE,TIME,ENVIRONMENT,LIGHT,SURFACE_CONDITION,TRAFFIC_CONTROL,TRAFFIC_CONTROL_CONDITION,COLLISION_CLASSIFICATION,IMPACT_TYPE,NO_OF_PEDESTRIANS
17-7293,FALLOWFIELD RD @ STEEPLE HILL CRES,358398.93423,5013994.39990,-75.81700427500,45.26386539510,2017-08-17,4:25:00 PM,01 - Clear,01 - Daylight,01 - Dry,02 - Stop sign,00 - Unknown,03 - P.D. only,03 - Rear end,0
17-7294,CHAPMAN MILLS DR @ LONGFIELDS DR,364841.82600,5014582.92110,-75.73484018070,45.26864047110,2017-08-17,4:26:00 PM,01 - Clear,01 - Daylight,01 - Dry,02 - Stop sign,00 - Unknown,03 - P.D. only,06 - SMV unattended vehicle,0
17-7295,"MUTUAL ST btwn EGLISE, RUE DE L & MAY ST",371467.51737,5032912.40402,-75.64794153020,45.43296640630,2017-08-17,4:21:00 PM,01 - Clear,01 - Daylight,01 - Dry,10 - No control,,03 - P.D. only,07 - SMV other,0
17-7296,ST. JOSEPH BLVD btwn COUSINEAU ST & DUSSERE ST,380793.82260,5037087.29460,-75.52811589490,45.46957752600,2017-08-17,4:50:00 PM,01 - Clear,01 - Daylight,01 - Dry,10 - No control,,03 - P.D. only,05 - Turning movement,0
17-7297,MARSHFIELD ST btwn DUGAS CRT & LICHEN AVE,385072.78895,5036553.36791,-75.47348805170,45.46429508280,2017-08-17,4:20:00 PM,01 - Clear,01 - Daylight,01 - Dry,10 - No control,,03 - P.D. only,06 - SMV unattended vehicle,0
17-7298,HAWTHORNE RD @ LEITRIM RD,377038.33020,5022709.28655,-75.57824482670,45.34061113800,2017-08-17,5:16:00 PM,01 - Clear,01 - Daylight,01 - Dry,01 - Traffic signal,01 - Functioning,03 - P.D. only,03 - Rear end,0
17-7299,DONALD ST @ TELFORD AVE,371697.60695,5032428.24089,-75.64506692540,45.42858815580,2017-08-17,5:20:00 PM,01 - Clear,01 - Daylight,01 - Dry,01 - Traffic signal,01 - Functioning,03 - P.D. only,03 - Rear end,0
17-7300,HAZELDEAN RD @ TERRY FOX DR,352208.08437,5017241.74094,-75.89557762940,45.29353038470,2017-08-17,5:45:00 PM,01 - Clear,01 - Daylight,01 - Dry,01 - Traffic signal,01 - Functioning,03 - P.D. only,03 - Rear end,0
17-7301,CHAMPLAIN ST @ JEANNE D'ARC BLVD,381381.16482,5038722.41497,-75.52035057570,45.48422480330,2017-08-17,6:24:00 PM,01 - Clear,01 - Daylight,01 - Dry,01 - Traffic signal,01 - Functioning,02 - Non-fatal injury,02 - Angle,0
17-7302,WEST HUNT CLUB RD WB btwn LANCELOT DR & 210 W OF MERIVALE RD,365354.78796,5021788.82149,-75.72742356940,45.33343468960,2017-08-17,6:24:00 PM,01 - Clear,01 - Daylight,01 - Dry,10 - No control,,03 - P.D. only,03 - Rear end,0
17-7303,RIVERSIDE DR @ 175 S OF HUNT CLUB  RD/RUNWAY C,368028.31393,5021766.90318,-75.69332003720,45.33300167070,2017-08-17,6:37:00 PM,01 - Clear,01 - Daylight,01 - Dry,01 - Traffic signal,01 - Functioning,03 - P.D. only,02 - Angle,0
17-7304,SLATER ST btwn KENT ST & BANK ST,367350.97838,5031309.00659,-75.70075214210,45.41891988870,2017-08-17,12:00:00 AM,01 - Clear,00 - Unknown,01 - Dry,10 - No control,,03 - P.D. only,06 - SMV unattended vehicle,0
17-7305,BANK ST @ JOHNSTON RD,370851.73050,5024840.17515,-75.65689171240,45.36039398140,2017-08-17,8:34:00 PM,01 - Clear,07 - Dark,01 - Dry,01 - Traffic signal,01 - Functioning,03 - P.D. only,05 - Turning movement,0
17-7306,PRINCE OF WALES DR btwn MARYLAND AVE & DYNES RD,367090.71967,5025933.09986,-75.70475605080,45.37057213700,2017-08-17,9:22:00 PM,02 - Rain,07 - Dark,02 - Wet,10 - No control,,02 - Non-fatal injury,07 - SMV other,1
17-7307,BLAIR RD @ OGILVIE RD,374509.01820,5033197.92775,-75.60903317710,45.43523882360,2017-08-17,9:39:00 PM,02 - Rain,07 - Dark,02 - Wet,01 - Traffic signal,01 - Functioning,03 - P.D. only,03 - Rear end,0
17-7308,CARLING AVE @ KIRKWOOD AVE S,364352.56350,5027336.90185,-75.73954067580,45.38344134340,2017-08-17,9:49:00 PM,01 - Clear,07 - Dark,01 - Dry,01 - Traffic signal,01 - Functioning,02 - Non-fatal injury,07 - SMV other,1
17-7309,KING EDWARD AVE @ YORK ST S,368390.18280,5032597.34815,-75.68730867410,45.43041825250,2017-08-17,10:51:00 PM,01 - Clear,07 - Dark,01 - Dry,02 - Stop sign,01 - Functioning,02 - Non-fatal injury,07 - SMV other,1
17-7310,GREENBANK RD btwn WEST HUNT CLUB RD & FALLOWFIELD RD,361558.64140,5020322.54393,-75.77602004140,45.32055846090,2017-08-18,1:13:00 AM,02 - Rain,07 - Dark,02 - Wet,10 - No control,,03 - P.D. only,07 - SMV other,0
17-7311,LEGGET DR btwn FARRAR RD & HERZBERG RD,351840.93274,5022695.21218,-75.89974040920,45.34262664130,2017-08-18,3:13:00 AM,02 - Rain,07 - Dark,02 - Wet,10 - No control,,03 - P.D. only,07 - SMV other,0
17-7312,LEITRIM RD @ RIVER RD,368021.12332,5017176.74814,-75.69399744150,45.29170083970,2017-08-18,5:14:00 AM,02 - Rain,07 - Dark,02 - Wet,02 - Stop sign,01 - Functioning,02 - Non-fatal injury,05 - Turning movement,0
17-7313,PARKDALE AVE btwn GRANT ST & WELLINGTON ST W,365145.38064,5029281.98268,-75.72917978940,45.40087492380,2017-08-18,6:41:00 AM,01 - Clear,01 - Daylight,02 - Wet,10 - No control,,03 - P.D. only,02 - Angle,0
17-7314,HWY 417 MAITLAND IC126R26/62 @ MAITLAND AVE,363146.94181,5025984.35211,-75.75509441470,45.37137273720,2017-08-18,7:08:00 AM,02 - Rain,01 - Daylight,02 - Wet,01 - Traffic signal,01 - Functioning,03 - P.D. only,03 - Rear end,0
17-7315,HARMATTAN AVE btwn MONCAO LANE & ROSEHILL AVE,350446.53711,5016772.57111,-75.91807820580,45.28942529260,2017-08-18,7:50:00 AM,02 - Rain,01 - Daylight,02 - Wet,10 - No control,,03 - P.D. only,06 - SMV unattended vehicle,0
17-7316,STRANDHERD DR btwn MARAVISTA DR & KENNEVALE DR,361468.72036,5014145.32307,-75.77787269430,45.26498280600,2017-08-18,9:50:00 AM,02 - Rain,01 - Daylight,02 - Wet,10 - No control,,03 - P.D. only,07 - SMV other,0
17-7317,MELDRUM AVE btwn CLANCY ST & LA VERENDRYE DR,374669.64399,5035507.04936,-75.60665253710,45.45599894290,2017-08-18,10:18:00 AM,02 - Rain,01 - Daylight,02 - Wet,10 - No control,,03 - P.D. only,05 - Turning movement,0
17-7318,TENTH LINE RD btwn DES EPINETTES AVE & INNES RD,383756.68843,5036622.99172,-75.49030424040,45.46507149050,2017-08-18,10:46:00 AM,01 - Clear,01 - Daylight,02 - Wet,10 - No control,,02 - Non-fatal injury,03 - Rear end,0
17-7319,NORICE ST btwn WOODROFFE AVE & SULLIVAN AVE,363285.73039,5022446.03589,-75.75374127270,45.33952375690,2017-08-18,1:05:00 PM,01 - Clear,01 - Daylight,01 - Dry,10 - No control,,03 - P.D. only,07 - SMV other,0
17-7320,INNES RD @ ORCHARDVIEW AVE/ESPRIT DR,384843.60401,5036561.35613,-75.47641705030,45.46439325150,2017-08-18,12:05:00 PM,01 - Clear,01 - Daylight,02 - Wet,01 - Traffic signal,01 - Functioning,03 - P.D. only,02 - Angle,0
17-7321,ST. JOSEPH BLVD btwn JEANNE D'ARC BLVD S & NOTRE DAME ST,379937.91370,5036521.98852,-75.53914696880,45.46458394730,2017-08-18,2:21:00 PM,01 - Clear,01 - Daylight,01 - Dry,10 - No control,,03 - P.D. only,02 - Angle,0
17-7322,RIVERSIDE DR @ TREMBLAY RD/HWY417 IC117 RAMP52,370802.50960,5031015.69215,-75.65669401880,45.41596367530,2017-08-18,2:49:00 PM,02 - Rain,01 - Daylight,02 - Wet,01 - Traffic signal,01 - Functioning,03 - P.D. only,03 - Rear end,0
17-7323,KANATA AVE @ TERRY FOX DR,349305.43600,5019211.36885,-75.93240580720,45.31144353740,2017-08-18,3:23:00 PM,01 - Clear,01 - Daylight,01 - Dry,01 - Traffic signal,01 - Functioning,02 - Non-fatal injury,07 - SMV other,0
17-7324,MAITLAND AVE @ TERREBONNE DR,364011.68568,5025136.16991,-75.74415698710,45.36366838210,2017-08-18,3:54:00 PM,01 - Clear,01 - Daylight,02 - Wet,02 - Stop sign,01 - Functioning,02 - Non-fatal injury,03 - Rear end,0
17-7325,BRONSON AVE @ POWELL AVE,367387.44740,5029476.99825,-75.70051881000,45.40243276860,2017-08-10,12:00:00 AM,01 - Clear,00 - Unknown,01 - Dry,01 - Traffic signal,00 - Unknown,03 - P.D. only,06 - SMV unattended vehicle,0
17-7326,CYRVILLE RD btwn STAR TOP RD & MEADOWBROOK RD,374499.55539,5031285.39634,-75.60942475760,45.41803183730,2017-08-18,4:00:00 PM,02 - Rain,01 - Daylight,02 - Wet,10 - No control,,03 - P.D. only,02 - Angle,0
17-7327,O'CONNOR ST btwn LISGAR ST & COOPER ST,367765.03718,5031155.93084,-75.69548157130,45.41750542140,2017-08-18,4:05:00 PM,01 - Clear,01 - Daylight,01 - Dry,10 - No control,,03 - P.D. only,06 - SMV unattended vehicle,0
17-7328,LAURIER AVE   W btwn ELGIN ST & QUEEN ELIZABETH DRWY/LAURIER AVE WB ON,368035.35640,5031603.41243,-75.69197055630,45.42150733300,2017-08-18,4:21:00 PM,01 - Clear,01 - Daylight,01 - Dry,10 - No control,,03 - P.D. only,02 - Angle,0
17-7329,BLACKBURN BYPASS @ INNES RD E,379790.45906,5033782.08182,-75.54145005740,45.43994817030,2017-08-18,4:27:00 PM,02 - Rain,01 - Daylight,02 - Wet,01 - Traffic signal,01 - Functioning,03 - P.D. only,03 - Rear end,0
17-7330,LAURIER AVE   W btwn PERCY ST & BAY ST,366997.54693,5030976.26102,-75.70530969010,45.41595745290,2017-08-18,4:39:00 PM,01 - Clear,01 - Daylight,01 - Dry,10 - No control,,02 - Non-fatal injury,07 - SMV other,0
17-7331,COLONNADE RD @ PRINCE OF WALES DR,367395.14310,5023266.30035,-75.70120767710,45.34654973090,2017-08-18,4:47:00 PM,01 - Clear,01 - Daylight,01 - Dry,01 - Traffic signal,01 - Functioning,03 - P.D. only,03 - Rear end,0
17-7332,COLONNADE RD @ PRINCE OF WALES DR,367395.14310,5023265.86885,-75.70120773170,45.34654584840,2017-08-18,5:10:00 PM,01 - Clear,01 - Daylight,01 - Dry,01 - Traffic signal,01 - Functioning,02 - Non-fatal injury,03 - Rear end,0
17-7333,CARLING AVE @ GRENON AVE,359595.38372,5024349.43741,-75.80061434890,45.35694850790,2017-08-18,5:40:00 PM,01 - Clear,01 - Daylight,01 - Dry,01 - Traffic signal,01 - Functioning,02 - Non-fatal injury,03 - Rear end,0
17-7334,BLAIR RD @ REGIONAL RD 174 S/OR174 IC112 RAMP15,374908.59558,5032661.66979,-75.60400307180,45.43037392670,2017-08-18,5:56:00 PM,02 - Rain,01 - Daylight,02 - Wet,01 - Traffic signal,01 - Functioning,03 - P.D. only,03 - Rear end,0
17-7335,BRONSON AVE @ FINDLAY AVE,367728.77467,5028661.47642,-75.69626322930,45.39506434090,2017-08-18,5:58:00 PM,01 - Clear,01 - Daylight,01 - Dry,02 - Stop sign,01 - Functioning,03 - P.D. only,03 - Rear end,0
17-7336,CARP RD @ WESTBROOK RD,347736.59590,5015442.44410,-75.95273916530,45.27762711190,2017-08-18,6:27:00 PM,01 - Clear,01 - Daylight,01 - Dry,01 - Traffic signal,01 - Functioning,03 - P.D. only,03 - Rear end,0
17-7337,FLEWELLYN RD @ SHEA RD,352993.16870,5012174.62095,-75.88606066590,45.24788161500,2017-08-18,6:57:00 PM,01 - Clear,01 - Daylight,01 - Dry,02 - Stop sign,01 - Functioning,03 - P.D. only,07 - SMV other,0
17-7338,JOHNSTON RD @ TAPIOLA CRES E,372255.36175,5025675.53465,-75.63886323180,45.36777659050,2017-08-18,9:06:00 PM,01 - Clear,07 - Dark,01 - Dry,02 - Stop sign,01 - Functioning,03 - P.D. only,03 - Rear end,0
17-7339,SLADE CRES btwn WALDEN DR & WALDEN DR,350572.52307,5021105.97704,-75.91607191730,45.32841025320,2017-08-18,9:43:00 PM,01 - Clear,07 - Dark,01 - Dry,10 - No control,,03 - P.D. only,06 - SMV unattended vehicle,0
17-7340,8TH LINE RD @ GLENWOOD DR,385888.54250,5010030.30105,-75.46740602970,45.22556724920,2017-08-19,12:44:00 AM,01 - Clear,07 - Dark,01 - Dry,10 - No control,,02 - Non-fatal injury,07 - SMV other,0
17-7341,DONNELLY DR btwn MERLYN WILSON RD & MCCORDICK RD,370022.79239,4991517.28196,-75.67183456120,45.06063397920,2017-08-19,1:00:00 AM,01 - Clear,07 - Dark,01 - Dry,10 - No control,,03 - P.D. only,07 - SMV other,0
17-7342,EVELYN AVE btwn ROSEMERE AVE & CONCORD ST S,369261.98015,5030609.44540,-75.67642823930,45.41245203100,2017-08-19,11:25:00 AM,01 - Clear,01 - Daylight,01 - Dry,10 - No control,,02 - Non-fatal injury,07 - SMV other,1
17-7343,GREENBANK RD @ KILBIRNIE DR,365285.25590,5011656.86110,-75.72954584620,45.24227376750,2017-08-19,11:36:00 AM,01 - Clear,01 - Daylight,01 - Dry,02 - Stop sign,01 - Functioning,02 - Non-fatal injury,02 - Angle,0
17-7344,FIFTH AVE btwn CHRYSLER ST & PERCY ST,367833.03657,5029062.87243,-75.69488042100,45.39866660740,2017-08-19,11:44:00 AM,01 - Clear,01 - Daylight,01 - Dry,10 - No control,,03 - P.D. only,06 - SMV unattended vehicle,0
17-7345,PRINCE OF WALES DR @ WEST HUNT CLUB RD,367458.70129,5021891.52613,-75.70057078180,45.33417409780,2017-08-19,1:42:00 PM,01 - Clear,01 - Daylight,01 - Dry,01 - Traffic signal,01 - Functioning,02 - Non-fatal injury,03 - Rear end,0
17-7346,FAIRMONT AVE @ GLADSTONE AVE,365735.27090,5029344.34715,-75.72163783090,45.40138496910,2017-08-19,1:47:00 PM,01 - Clear,01 - Daylight,01 - Dry,01 - Traffic signal,01 - Functioning,02 - Non-fatal injury,03 - Rear end,0
17-7347,TERRY FOX DR btwn 329 N OF CAMPEAU DR/SIGNATURE CENTRE & CAMPEAU DR,350130.48000,5019033.82691,-75.92190049230,45.30979319310,2017-08-19,1:49:00 PM,01 - Clear,01 - Daylight,01 - Dry,10 - No control,,02 - Non-fatal injury,04 - Sideswipe,0
17-7348,BRONSON AVE @ LAURIER AVE,366804.22310,5030862.28615,-75.70779386620,45.41494909870,2017-08-19,2:11:00 PM,01 - Clear,01 - Daylight,01 - Dry,01 - Traffic signal,01 - Functioning,02 - Non-fatal injury,02 - Angle,0
17-7349,BASELINE RD @ COLLEGE SQUARE SC,362759.83044,5023897.58129,-75.76028092340,45.35262830120,2017-08-19,2:31:00 PM,01 - Clear,01 - Daylight,01 - Dry,01 - Traffic signal,01 - Functioning,03 - P.D. only,02 - Angle,0
17-7350,INNES RD @ JEANNE D'ARC BLVD/MER BLEUE RD,382638.18510,5035567.76945,-75.50477249850,45.45570304120,2017-08-19,3:06:00 PM,01 - Clear,01 - Daylight,01 - Dry,01 - Traffic signal,01 - Functioning,03 - P.D. only,02 - Angle,0
17-7351,BAY ST btwn FLORA ST & ARLINGTON AVE,367577.82846,5030097.22024,-75.69800818880,45.40799629370,2017-08-18,12:00:00 AM,01 - Clear,00 - Unknown,01 - Dry,10 - No control,,03 - P.D. only,06 - SMV unattended vehicle,0
17-7352,IONA ST @ PICCADILLY AVE,364434.17490,5028421.83705,-75.73836752910,45.39319644740,2017-08-19,3:12:00 PM,01 - Clear,01 - Daylight,01 - Dry,03 - Yield sign,01 - Functioning,02 - Non-fatal injury,02 - Angle,0
17-7353,MARGUERITE AVE @ STEVENS AVE,370058.72007,5032448.68710,-75.66600648100,45.42892695880,2017-08-19,3:08:00 PM,01 - Clear,01 - Daylight,01 - Dry,10 - No control,00 - Unknown,03 - P.D. only,02 - Angle,0
17-7354,BOOTH ST @ SOMERSET ST,366593.14973,5030254.34724,-75.71056663430,45.40949770630,2017-08-19,4:06:00 PM,01 - Clear,01 - Daylight,01 - Dry,01 - Traffic signal,01 - Functioning,03 - P.D. only,02 - Angle,0
17-7355,KANATA RD @ LORD BYNG WAY/MARITIME WAY,351431.59958,5019331.12419,-75.90528022460,45.31238315990,2017-08-17,5:30:00 PM,01 - Clear,01 - Daylight,01 - Dry,01 - Traffic signal,01 - Functioning,03 - P.D. only,03 - Rear end,0
17-7356,BANK ST @ MITCH OWENS RD,377757.47120,5015948.53825,-75.57006520760,45.27970656950,2017-08-19,4:25:00 PM,01 - Clear,01 - Daylight,01 - Dry,01 - Traffic signal,01 - Functioning,03 - P.D. only,05 - Turning movement,0
17-7357,MONTREAL RD @ VANIER PKWY,370073.35083,5033064.31005,-75.66573791480,45.43446471550,2017-08-19,4:35:00 PM,01 - Clear,01 - Daylight,01 - Dry,01 - Traffic signal,00 - Unknown,03 - P.D. only,04 - Sideswipe,0
17-7358,CYRVILLE RD @ INNES RD,375047.72470,5031120.20523,-75.60244501970,45.41649071520,2017-08-19,5:43:00 PM,01 - Clear,01 - Daylight,01 - Dry,01 - Traffic signal,01 - Functioning,03 - P.D. only,04 - Sideswipe,0
17-7359,BRONSON AVE btwn POWELL AVE & CLEMOW AVE,367400.86122,5029443.94419,-75.70035167710,45.40213415790,2017-08-19,6:12:00 PM,01 - Clear,01 - Daylight,01 - Dry,10 - No control,,03 - P.D. only,03 - Rear end,0
17-7360,ELGIN ST @ MCLEOD ST,368424.71210,5030778.92415,-75.68710228000,45.41405356810,2017-08-19,8:37:00 PM,01 - Clear,07 - Dark,01 - Dry,02 - Stop sign,01 - Functioning,02 - Non-fatal injury,02 - Angle,0
17-7361,NAVAHO DR btwn Continuation of NAVAHO DR & Continuation of NAVAHO DR,363146.08421,5023903.53512,-75.75535102890,45.35264984210,2017-08-20,4:39:00 AM,01 - Clear,07 - Dark,01 - Dry,10 - No control,,03 - P.D. only,07 - SMV other,0
17-7362,MCARTHUR AVE btwn MAY ST & ST. LAURENT BLVD,371825.34473,5032868.11049,-75.64337478430,45.43253366960,2017-08-20,5:03:00 AM,01 - Clear,07 - Dark,01 - Dry,10 - No control,,03 - P.D. only,03 - Rear end,0
17-7363,REGIONAL ROAD 174 btwn Continuation of REGIONAL ROAD 174 & OR174 IC112,374438.69267,5032574.93840,-75.61002002540,45.42964051200,2017-08-18,3:40:00 PM,01 - Clear,01 - Daylight,02 - Wet,10 - No control,,03 - P.D. only,04 - Sideswipe,0
17-7364,CARLING AVE @ WOODROFFE AVE W,361768.32463,5025726.15453,-75.77272332220,45.36916292230,2017-08-20,11:29:00 AM,01 - Clear,01 - Daylight,01 - Dry,01 - Traffic signal,01 - Functioning,03 - P.D. only,03 - Rear end,0
17-7365,ASSALY RD @ RICHMOND RD,360729.24240,5025529.61325,-75.78600979810,45.36747814680,2017-08-20,11:40:00 AM,01 - Clear,01 - Daylight,01 - Dry,01 - Traffic signal,01 - Functioning,03 - P.D. only,02 - Angle,0
17-7366,ARGYLE AVE btwn METCALFE ST & METCALFE ST,368374.71431,5030599.67558,-75.68776413050,45.41244529310,2017-08-20,10:45:00 AM,01 - Clear,01 - Daylight,01 - Dry,10 - No control,,03 - P.D. only,05 - Turning movement,0
17-7367,GREENBANK RD @ CANFIELD RD/CRAIG HENRY DR,361107.11130,5021364.70815,-75.78166052590,45.32997221930,2017-08-20,12:19:00 PM,01 - Clear,01 - Daylight,01 - Dry,01 - Traffic signal,01 - Functioning,02 - Non-fatal injury,02 - Angle,0
17-7368,SULLIVAN AVE @ VIEWMOUNT DR,364026.12540,5022604.28645,-75.74427595270,45.34088556790,2017-08-20,1:14:00 PM,01 - Clear,01 - Daylight,01 - Dry,02 - Stop sign,01 - Functioning,02 - Non-fatal injury,07 - SMV other,0
17-7369,PARKIN CIRC btwn FIRST (1ST) ST & STEDMAN ST,372801.42356,5022932.94945,-75.63227023920,45.34304705750,2017-08-19,12:00:00 AM,01 - Clear,00 - Unknown,01 - Dry,10 - No control,,03 - P.D. only,06 - SMV unattended vehicle,0
17-7370,TERRY FOX DR btwn CASTLEFRANK RD & TRANS CANADA TRAIL,353123.45884,5016153.99884,-75.88401382330,45.28368025720,2017-08-20,3:23:00 PM,01 - Clear,01 - Daylight,01 - Dry,10 - No control,,03 - P.D. only,04 - Sideswipe,0
17-7371,CASTLEFRANK RD @ TERRY FOX DR,352993.78702,5016303.69802,-75.88565213380,45.28503619170,2017-08-20,3:31:00 PM,01 - Clear,01 - Daylight,01 - Dry,01 - Traffic signal,01 - Functioning,03 - P.D. only,03 - Rear end,0
17-7372,THORNBURY CRES btwn REDDING WAY & REDDING WAY,362023.40540,5023353.66302,-75.76974180250,45.34779463730,2017-08-20,3:37:00 PM,01 - Clear,01 - Daylight,01 - Dry,10 - No control,,03 - P.D. only,06 - SMV unattended vehicle,0
17-7373,CLEGG ST @ COLONEL BY DR,368968.56770,5029741.21395,-75.68028952540,45.40466694850,2017-08-20,4:28:00 PM,01 - Clear,01 - Daylight,01 - Dry,01 - Traffic signal,01 - Functioning,03 - P.D. only,03 - Rear end,0
17-7374,CORKSTOWN RD @ MARCH RD,352658.90760,5020882.83875,-75.88947860070,45.32626324070,2017-08-20,8:21:00 PM,01 - Clear,07 - Dark,01 - Dry,02 - Stop sign,01 - Functioning,03 - P.D. only,05 - Turning movement,0
17-7375,FALLOWFIELD RD @ STEEPLE HILL CRES,358397.69361,5013996.70435,-75.81701983390,45.26388622600,2017-08-20,8:36:00 PM,01 - Clear,05 - Dusk,01 - Dry,02 - Stop sign,01 - Functioning,02 - Non-fatal injury,02 - Angle,0
17-7376,BAYSHORE DR @ WOODRIDGE CRES S,359234.10050,5023508.85875,-75.80531782080,45.34941311930,2017-08-20,8:53:00 PM,01 - Clear,07 - Dark,01 - Dry,01 - Traffic signal,01 - Functioning,02 - Non-fatal injury,03 - Rear end,0
17-7377,MAITLAND AVE btwn HENRY FARM DR & TERREBONNE DR,363943.93644,5025138.12005,-75.74502150460,45.36369164920,2017-08-20,9:24:00 PM,01 - Clear,07 - Dark,01 - Dry,10 - No control,,02 - Non-fatal injury,04 - Sideswipe,0
17-7378,BYRON AVE @ TWEEDSMUIR AVE,363593.16348,5028304.07913,-75.74912180980,45.39220799560,2017-08-20,9:29:00 PM,01 - Clear,07 - Dark,01 - Dry,02 - Stop sign,01 - Functioning,02 - Non-fatal injury,02 - Angle,0
17-7379,EDITH AVE @ QUEEN MARY ST,370933.58380,5032022.79715,-75.65488429860,45.42501280760,2017-08-20,10:58:00 PM,01 - Clear,07 - Dark,01 - Dry,02 - Stop sign,01 - Functioning,02 - Non-fatal injury,02 - Angle,0
17-7380,KING EDWARD AVE @ STEWART ST,368635.03577,5032205.30792,-75.68423055410,45.42686851110,2017-08-21,3:34:00 AM,01 - Clear,07 - Dark,01 - Dry,01 - Traffic signal,01 - Functioning,03 - P.D. only,03 - Rear end,0
17-7381,COBBLE HILL DR btwn NEWBURGH PL & ODESSA WAY,360891.57900,5015276.60900,-75.78509882270,45.27520848750,2017-08-21,7:30:00 AM,01 - Clear,01 - Daylight,01 - Dry,10 - No control,,03 - P.D. only,06 - SMV unattended vehicle,0
17-7382,INNES RD btwn ORCHARDVIEW AVE & PORTOBELLO BLVD,384917.25651,5036594.86371,-75.47546988580,45.46468627780,2017-08-16,12:00:00 PM,01 - Clear,01 - Daylight,01 - Dry,10 - No control,,03 - P.D. only,07 - SMV other,0
17-7383,INDUSTRIAL AVE/INNES RD @ ST. LAURENT BLVD,373099.72740,5030005.35095,-75.62748610730,45.40665264050,2017-08-20,8:20:00 PM,01 - Clear,05 - Dusk,01 - Dry,01 - Traffic signal,01 - Functioning,03 - P.D. only,02 - Angle,0
17-7384,HINES RD btwn INNOVATION DR & SOLANDT RD,350222.11690,5022687.30016,-75.92039673900,45.34266213520,2017-08-21,9:12:00 AM,01 - Clear,01 - Daylight,01 - Dry,10 - No control,,03 - P.D. only,02 - Angle,0
17-7385,BASELINE RD @ GREENBANK RD,360598.35023,5022583.39032,-75.78801314660,45.34097855480,2017-08-21,9:58:00 AM,01 - Clear,01 - Daylight,01 - Dry,01 - Traffic signal,01 - Functioning,02 - Non-fatal injury,03 - Rear end,0
17-7386,BOOTH ST @ ECCLES ST,366623.22653,5030186.32751,-75.71019095750,45.40888302770,2017-08-21,10:26:00 AM,01 - Clear,01 - Daylight,01 - Dry,01 - Traffic signal,01 - Functioning,02 - Non-fatal injury,07 - SMV other,2
17-7387,AVIATION PKWY @ OGILVIE RD,373109.85120,5032375.93835,-75.62702817210,45.42798106040,2017-08-19,6:20:00 PM,01 - Clear,01 - Daylight,01 - Dry,01 - Traffic signal,01 - Functioning,03 - P.D. only,03 - Rear end,0
17-7388,BRONSON AVE @ SUNNYSIDE AVE/UNIVERSITY RD - CA,367923.57310,5028091.33135,-75.69384841970,45.38991680640,2017-08-21,11:49:00 AM,01 - Clear,01 - Daylight,01 - Dry,01 - Traffic signal,00 - Unknown,03 - P.D. only,04 - Sideswipe,0
17-7389,MERIVALE RD/LOTTA AVE @ CLYDE AVE,364522.11692,5024507.03577,-75.73771788370,45.35796422160,2017-08-21,12:21:00 PM,01 - Clear,01 - Daylight,01 - Dry,01 - Traffic signal,00 - Unknown,03 - P.D. only,03 - Rear end,0
17-7390,MARCH RD @ RICHARDSON SIDE RD,351414.77960,5021778.89686,-75.90526430870,45.33440989620,2017-08-21,9:00:00 AM,01 - Clear,01 - Daylight,01 - Dry,01 - Traffic signal,01 - Functioning,03 - P.D. only,03 - Rear end,0
17-7391,MONTREAL RD @ BATHGATE DR/BURMA RD,373225.15390,5034516.37645,-75.62525728930,45.44722834690,2017-08-21,1:22:00 PM,01 - Clear,01 - Daylight,01 - Dry,01 - Traffic signal,00 - Unknown,03 - P.D. only,04 - Sideswipe,0
17-7392,BAYSWATER AVE @ GLADSTONE AVE,366000.28688,5029479.56000,-75.71823616180,45.40257846270,2017-08-21,1:29:00 PM,01 - Clear,01 - Daylight,01 - Dry,01 - Traffic signal,01 - Functioning,03 - P.D. only,05 - Turning movement,0
17-7393,BECKSTEAD RD @ MERIVALE RD,367261.58060,5017942.24635,-75.70358345110,45.29865662890,2017-08-17,1:32:00 PM,01 - Clear,01 - Daylight,02 - Wet,02 - Stop sign,00 - Unknown,02 - Non-fatal injury,03 - Rear end,0
17-7394,RIVERSIDE DR @ UPLANDS DR/KIMBERWICK CRES N,368194.59170,5022793.27942,-75.69106735040,45.34222179030,2017-08-21,2:00:00 PM,01 - Clear,01 - Daylight,01 - Dry,01 - Traffic signal,01 - Functioning,03 - P.D. only,03 - Rear end,0
17-7395,HARVEY ST @ MAIN ST,368925.28350,5030742.35205,-75.68071216990,45.41367881270,2017-08-21,1:30:00 PM,01 - Clear,01 - Daylight,01 - Dry,02 - Stop sign,01 - Functioning,02 - Non-fatal injury,05 - Turning movement,0
17-7396,ALESTHER ST btwn PRINCE ALBERT ST & END,372158.26665,5032060.02737,-75.63923084460,45.42523092970,2017-08-21,2:49:00 PM,01 - Clear,01 - Daylight,01 - Dry,10 - No control,,03 - P.D. only,06 - SMV unattended vehicle,0
17-7397,ST. LAURENT BLVD btwn QUEEN MARY ST & CYRVILLE RD,372233.23746,5032132.31288,-75.63826300780,45.42587409750,2017-08-21,3:08:00 PM,01 - Clear,01 - Daylight,01 - Dry,10 - No control,,03 - P.D. only,03 - Rear end,0