COLLISION_ID,LOCATION,X,Y,LONGITUDE,LATITUDE,DATE,TIME,ENVIRONMENT,LIGHT,SURFACE_CONDITION,TRAFFIC_CONTROL,TRAFFIC_CONTROL_CONDITION,COLLISION_CLASSIFICATION,IMPACT_TYPE,NO_OF_PEDESTRIANS
17-7398,MONTREAL RD @ BATHGATE DR/BURMA RD,373224.29090,5034515.51345,-75.62526844060,45.44722066660,2017-08-21,3:21:00 PM,01 - Clear,01 - Daylight,01 - Dry,01 - Traffic signal,01 - Functioning,03 - P.D. only,03 - Rear end,0
17-7399,RICHMOND RD btwn WINSTON AVE & CHURCHILL AVE N,363203.96133,5028275.93857,-75.75409542020,45.39198735920,2017-08-21,3:23:00 PM,01 - Clear,01 - Daylight,01 - Dry,10 - No control,,03 - P.D. only,06 - SMV unattended vehicle,0
17-7400,ST. JOSEPH BLVD/OLD MONTREAL RD @ TRIM RD,384680.11040,5039284.92063,-75.47806456800,45.48891598210,2017-08-21,3:33:00 PM,01 - Clear,01 - Daylight,01 - Dry,11 - Roundabout,00 - Unknown,03 - P.D. only,03 - Rear end,0
17-7401,MEADOWLANDS DR btwn PRINCE OF WALES DR & DEBRA AVE,367330.08491,5025671.12121,-75.70173361670,45.36819359750,2017-08-21,3:26:00 PM,01 - Clear,01 - Daylight,01 - Dry,10 - No control,,03 - P.D. only,02 - Angle,0
17-7402,BANTREE ST @ INNES RD,373705.72320,5030406.31871,-75.61968951770,45.41020095960,2017-08-21,3:57:00 PM,01 - Clear,01 - Daylight,01 - Dry,01 - Traffic signal,01 - Functioning,03 - P.D. only,05 - Turning movement,0
17-7403,HUNT CLUB RD @ UPLANDS DR,370156.72720,5023120.82171,-75.66598930590,45.34498886790,2017-08-21,4:07:00 PM,01 - Clear,01 - Daylight,01 - Dry,01 - Traffic signal,01 - Functioning,03 - P.D. only,05 - Turning movement,0
17-7404,CAMERON ST @ REGIONAL RD 174,389859.52862,5042619.18773,-75.41123590570,45.51830174900,2017-08-21,4:31:00 PM,01 - Clear,01 - Daylight,01 - Dry,01 - Traffic signal,00 - Unknown,03 - P.D. only,03 - Rear end,0
17-7405,HINES RD @ SOLANDT RD,350332.92216,5022568.42837,-75.91899383570,45.34158531690,2017-08-18,12:30:00 PM,01 - Clear,01 - Daylight,01 - Dry,10 - No control,00 - Unknown,03 - P.D. only,07 - SMV other,0
17-7406,SHEFFIELD RD @ WALKLEY RD,375259.02960,5028783.46005,-75.60007943350,45.39544467130,2017-08-21,5:00:00 PM,01 - Clear,01 - Daylight,01 - Dry,01 - Traffic signal,01 - Functioning,02 - Non-fatal injury,05 - Turning movement,0
17-7407,ALPINE AVE @ CARLING AVE,360496.19910,5024942.75785,-75.78905073650,45.36221620590,2017-08-21,7:08:00 PM,01 - Clear,01 - Daylight,01 - Dry,01 - Traffic signal,01 - Functioning,03 - P.D. only,03 - Rear end,0
17-7408,HAZELDEAN RD @ HUNTMAR DR/IBER RD,350942.47781,5016078.45939,-75.91182062420,45.28314708180,2017-08-21,5:22:00 PM,01 - Clear,01 - Daylight,01 - Dry,01 - Traffic signal,00 - Unknown,03 - P.D. only,03 - Rear end,0
17-7409,MARCH RD btwn GOLDEN LINE RD & BURNT LANDS RD,332903.65213,5013425.41354,-76.14190621120,45.26022600570,2017-08-18,9:30:00 PM,02 - Rain,07 - Dark,02 - Wet,10 - No control,,03 - P.D. only,07 - SMV other,0
17-7410,BANK ST @ CAHILL DR/DAZE ST,371307.24650,5024317.37475,-75.65114832120,45.35564693110,2017-08-21,7:15:00 PM,01 - Clear,01 - Daylight,01 - Dry,01 - Traffic signal,01 - Functioning,03 - P.D. only,05 - Turning movement,0
17-7411,ELGIN ST btwn COOPER ST & SOMERSET ST W,368126.18649,5031262.74316,-75.69085382010,45.41843389040,2017-08-21,6:00:00 PM,01 - Clear,01 - Daylight,01 - Dry,10 - No control,,03 - P.D. only,06 - SMV unattended vehicle,0
17-7412,BRONSON AVE @ LAKESIDE AVE,367654.41860,5028837.89675,-75.69719034620,45.39665839980,2017-08-21,7:49:00 PM,01 - Clear,05 - Dusk,01 - Dry,02 - Stop sign,01 - Functioning,03 - P.D. only,03 - Rear end,0
17-7413,BELL ST @ GLADSTONE AVE,366945.55331,5029969.56410,-75.70610086260,45.40690410600,2017-08-21,8:16:00 PM,01 - Clear,05 - Dusk,01 - Dry,02 - Stop sign,01 - Functioning,02 - Non-fatal injury,05 - Turning movement,0
17-7414,UPLANDS DR btwn PAUL ANKA DR & SHEARWATER PRIV,369533.46304,5023505.69341,-75.67389151090,45.34850963910,2017-08-22,3:00:00 AM,01 - Clear,07 - Dark,01 - Dry,10 - No control,,02 - Non-fatal injury,06 - SMV unattended vehicle,0
17-7415,RIVER RD btwn OSGOODE MAIN ST & DALMENY RD,373150.58646,4999212.19754,-75.63107444110,45.12957825870,2017-08-22,6:16:00 AM,01 - Clear,03 - Dawn,01 - Dry,10 - No control,,02 - Non-fatal injury,01 - Approaching,0
17-7416,WOODROFFE AVE @ KNOXDALE RD/MEDHURST DR,363418.39540,5021826.27125,-75.75212207050,45.33393608920,2017-08-22,8:43:00 AM,02 - Rain,01 - Daylight,02 - Wet,01 - Traffic signal,01 - Functioning,03 - P.D. only,03 - Rear end,0
17-7417,AKERSON RD @ MICHAEL COWPLAND DR,353916.77590,5016238.03260,-75.87389357830,45.28438142830,2017-08-22,9:48:00 AM,02 - Rain,01 - Daylight,02 - Wet,02 - Stop sign,01 - Functioning,03 - P.D. only,03 - Rear end,0
17-7418,FALLOWFIELD RD @ GREENBANK RD,363080.67570,5016732.23955,-75.75702960930,45.28812824680,2017-08-22,9:51:00 AM,01 - Clear,01 - Daylight,02 - Wet,01 - Traffic signal,01 - Functioning,02 - Non-fatal injury,05 - Turning movement,0
17-7419,ST. LAURENT BLVD btwn INDUSTRIAL AVE & BOURASSA ST,373196.60255,5029787.83923,-75.62627886500,45.40468611050,2017-08-22,9:58:00 AM,01 - Clear,01 - Daylight,01 - Dry,10 - No control,,03 - P.D. only,07 - SMV other,0
17-7420,MONTREAL RD @ ST. LAURENT BLVD,371545.70290,5033816.94745,-75.64681972750,45.44109761050,2017-08-22,10:13:00 AM,02 - Rain,01 - Daylight,02 - Wet,01 - Traffic signal,01 - Functioning,03 - P.D. only,04 - Sideswipe,0
17-7421,AVIATION PKWY @ OGILVIE RD,373110.49222,5032376.80758,-75.62701986080,45.42798881840,2017-08-22,10:45:00 AM,01 - Clear,01 - Daylight,01 - Dry,01 - Traffic signal,01 - Functioning,03 - P.D. only,04 - Sideswipe,0
17-7422,EAGLESON RD @ HAZELDEAN RD/ROBERTSON RD,353674.05640,5018424.67575,-75.87677192860,45.30407426000,2017-08-22,10:47:00 AM,01 - Clear,01 - Daylight,01 - Dry,01 - Traffic signal,01 - Functioning,03 - P.D. only,04 - Sideswipe,0
17-7423,TERRY FOX DR btwn LEGGET DR & HELMSDALE DR,350335.24877,5023527.94228,-75.91887581380,45.35021907860,2017-08-22,11:03:00 AM,02 - Rain,01 - Daylight,02 - Wet,10 - No control,,03 - P.D. only,02 - Angle,0
17-7424,EAGLESON RD @ FALLOWFIELD RD,355961.20260,5012593.32695,-75.84820977140,45.25143973990,2017-08-22,11:26:00 AM,01 - Clear,01 - Daylight,01 - Dry,01 - Traffic signal,01 - Functioning,03 - P.D. only,02 - Angle,0
17-7425,TRIM RD @ DAIRY DR/TAYLOR CREEK DR,384536.14390,5039595.39100,-75.47985565960,45.49172575280,2017-08-22,12:05:00 PM,01 - Clear,01 - Daylight,01 - Dry,11 - Roundabout,01 - Functioning,03 - P.D. only,04 - Sideswipe,0
17-7426,RIVERSIDE DR btwn HOG'S BACK RD & RIDGEWOOD AVE,368205.68295,5025979.15580,-75.69051720630,45.37088654850,2017-08-22,12:13:00 PM,01 - Clear,01 - Daylight,02 - Wet,10 - No control,,03 - P.D. only,04 - Sideswipe,0
17-7427,HAZELDEAN RD btwn CASTLEFRANK RD & 246 E OF CASTLEFRANK RD,352788.34196,5017777.09262,-75.88812833680,45.29830822220,2017-08-22,12:44:00 PM,01 - Clear,01 - Daylight,02 - Wet,10 - No control,,02 - Non-fatal injury,02 - Angle,0
17-7428,ROBERTSON RD btwn WESTCLIFFE RD & FITZGERALD RD,356706.01453,5020240.36859,-75.83792157120,45.32019459970,2017-08-22,1:26:00 PM,01 - Clear,01 - Daylight,01 - Dry,10 - No control,,03 - P.D. only,04 - Sideswipe,0
17-7429,LEEDS AVE @ SHEFFIELD RD,374862.73960,5029549.47405,-75.60503151940,45.40237664300,2017-08-22,1:56:00 PM,01 - Clear,01 - Daylight,01 - Dry,03 - Yield sign,01 - Functioning,02 - Non-fatal injury,02 - Angle,0
17-7430,GRANT CARMAN DR @ MEADOWLANDS DR,365051.69410,5023901.28394,-75.73103289280,45.35246844590,2017-08-22,1:58:00 PM,02 - Rain,01 - Daylight,02 - Wet,01 - Traffic signal,01 - Functioning,03 - P.D. only,03 - Rear end,0
17-7431,GILMOUR ST @ O'CONNOR ST,367944.99345,5030869.21103,-75.69321919740,45.41490939250,2017-08-21,12:00:00 AM,01 - Clear,00 - Unknown,01 - Dry,01 - Traffic signal,00 - Unknown,03 - P.D. only,06 - SMV unattended vehicle,0
17-7432,ST. JOSEPH BLVD/OLD MONTREAL RD @ TRIM RD,384682.75400,5039285.79765,-75.47803061020,45.48892357080,2017-08-22,1:30:00 PM,02 - Rain,01 - Daylight,02 - Wet,11 - Roundabout,01 - Functioning,03 - P.D. only,04 - Sideswipe,0
17-7433,MCLEOD ST W @ METCALFE ST,368270.45198,5030685.35605,-75.68908502670,45.41322568200,2017-08-22,4:08:00 PM,01 - Clear,01 - Daylight,02 - Wet,01 - Traffic signal,00 - Unknown,03 - P.D. only,04 - Sideswipe,0
17-7434,ELGIN ST @ GLADSTONE AVE,368384.71600,5030844.35195,-75.68760479510,45.41464590090,2017-08-22,4:09:00 PM,01 - Clear,01 - Daylight,01 - Dry,01 - Traffic signal,01 - Functioning,03 - P.D. only,02 - Angle,0
17-7435,CHAMBERLAIN AVE btwn KENT ST & TO BE DETERMINED,368014.10369,5030094.07029,-75.69243569680,45.40792868470,2017-08-22,4:28:00 PM,01 - Clear,01 - Daylight,02 - Wet,10 - No control,,03 - P.D. only,04 - Sideswipe,0
17-7436,EAGLESON RD @ FLEWELLYN RD,355334.48650,5014247.20955,-75.85602537400,45.26636706890,2017-08-22,4:47:00 PM,02 - Rain,01 - Daylight,02 - Wet,02 - Stop sign,00 - Unknown,03 - P.D. only,07 - SMV other,0
17-7437,FISHER AVE @ ARNOT RD,366321.50839,5025654.93621,-75.71461001170,45.36813722450,2017-08-22,4:49:00 PM,02 - Rain,01 - Daylight,02 - Wet,02 - Stop sign,01 - Functioning,03 - P.D. only,03 - Rear end,0
17-7438,LIVERPOOL CRT @ NEWMARKET ST,373499.16310,5030382.47445,-75.62233145350,45.41000672760,2017-08-22,5:30:00 PM,02 - Rain,01 - Daylight,02 - Wet,02 - Stop sign,00 - Unknown,03 - P.D. only,03 - Rear end,0
17-7439,CARP RD btwn THOMAS A. DOLAN PKWY & NORMA LANE,338964.64060,5024349.33232,-76.06392666070,45.35825639450,2017-08-22,5:46:00 PM,01 - Clear,01 - Daylight,02 - Wet,10 - No control,,02 - Non-fatal injury,01 - Approaching,0
17-7440,BREWER RD @ BRONSON AVE,368109.04710,5027767.08315,-75.69152156200,45.38698257220,2017-08-22,5:52:00 PM,02 - Rain,01 - Daylight,02 - Wet,01 - Traffic signal,01 - Functioning,03 - P.D. only,04 - Sideswipe,0
17-7441,LACASSE AVE @ MCARTHUR AVE,370824.14250,5032757.21955,-75.65618422810,45.43163116380,2017-08-22,5:30:00 PM,01 - Clear,01 - Daylight,01 - Dry,02 - Stop sign,00 - Unknown,03 - P.D. only,03 - Rear end,0
17-7442,210 W OF MERIVALE RD @ WEST HUNT CLUB RD,365431.70335,5021829.49630,-75.72643736620,45.33379403480,2017-08-22,6:10:00 PM,01 - Clear,01 - Daylight,02 - Wet,01 - Traffic signal,01 - Functioning,02 - Non-fatal injury,03 - Rear end,0
17-7443,METCALFE ST @ PRETORIA AVE,368492.66046,5030333.16794,-75.68629182920,45.41003662070,2017-08-22,4:10:00 PM,02 - Rain,01 - Daylight,02 - Wet,02 - Stop sign,01 - Functioning,03 - P.D. only,02 - Angle,0
17-7444,ST. JOSEPH BLVD @ REGIONAL RD 174/TRANSITWAY,376556.49945,5035056.53739,-75.58259615970,45.45175431060,2017-08-22,6:25:00 PM,02 - Rain,01 - Daylight,02 - Wet,01 - Traffic signal,01 - Functioning,02 - Non-fatal injury,03 - Rear end,0
17-7445,MERIVALE RD/LOTTA AVE @ CLYDE AVE,364522.12980,5024506.87865,-75.73771773800,45.35796280690,2017-08-22,7:22:00 PM,02 - Rain,01 - Daylight,02 - Wet,01 - Traffic signal,01 - Functioning,03 - P.D. only,02 - Angle,0
17-7446,HENRI LAUZON ST btwn WILDBERRY CRT & FORESTCREST ST,380124.63043,5036443.70526,-75.53677159690,45.46385950760,2017-08-22,9:28:00 PM,01 - Clear,07 - Dark,01 - Dry,10 - No control,,03 - P.D. only,06 - SMV unattended vehicle,0
17-7447,BANNING RD btwn BALBAIR RD & ABBEYHILL DR,353377.35335,5017677.85275,-75.88062835250,45.29737476110,2017-08-22,10:24:00 PM,01 - Clear,07 - Dark,01 - Dry,10 - No control,,03 - P.D. only,06 - SMV unattended vehicle,0
17-7448,ELGIN ST @ GLOUCESTER ST,367986.96809,5031476.84489,-75.69260503910,45.42037289310,2017-08-23,12:00:00 AM,01 - Clear,07 - Dark,01 - Dry,10 - No control,00 - Unknown,03 - P.D. only,06 - SMV unattended vehicle,0
17-7449,INNES RD btwn INDUSTRIAL AVE & BANTREE ST,373428.66986,5030231.35158,-75.62325297400,45.40865391190,2017-08-23,6:33:00 AM,01 - Clear,01 - Daylight,01 - Dry,10 - No control,,03 - P.D. only,04 - Sideswipe,0
17-7450,BESSERER ST btwn CUMBERLAND ST & KING EDWARD AVE,368455.50244,5032282.44676,-75.68651466900,45.42757894120,2017-08-23,6:15:00 AM,01 - Clear,03 - Dawn,01 - Dry,10 - No control,,03 - P.D. only,05 - Turning movement,0
17-7451,FLEWELLYN RD btwn ORMROD RD & DWYER HILL RD,343301.96233,5003529.98847,-76.01018128780,45.17068922690,2017-08-23,6:48:00 AM,01 - Clear,01 - Daylight,01 - Dry,10 - No control,,03 - P.D. only,07 - SMV other,0
17-7452,ELGIN ST @ LEWIS ST,368276.70430,5031018.43739,-75.68896225310,45.41622206960,2017-08-23,7:05:00 AM,01 - Clear,01 - Daylight,01 - Dry,02 - Stop sign,00 - Unknown,03 - P.D. only,02 - Angle,0
17-7453,TRENTON AVE @ MERIVALE RD,364886.41895,5026361.52490,-75.73284289000,45.37461948990,2017-08-23,8:00:00 AM,01 - Clear,01 - Daylight,01 - Dry,02 - Stop sign,00 - Unknown,03 - P.D. only,05 - Turning movement,0
17-7454,SUSSEX DR @ 262 N OF KING EDWARD AVE,367769.52848,5033733.84617,-75.69509456100,45.44070021890,2017-08-23,8:07:00 AM,01 - Clear,01 - Daylight,01 - Dry,01 - Traffic signal,00 - Unknown,02 - Non-fatal injury,07 - SMV other,1
17-7455,MERIVALE RD btwn AMBERWOOD CRES & FALLOWFIELD RD,366594.92518,5019556.87911,-75.71188152860,45.31324386800,2017-08-23,9:06:00 AM,01 - Clear,01 - Daylight,01 - Dry,10 - No control,,03 - P.D. only,03 - Rear end,0
17-7456,MONTREAL RD @ ST. LAURENT BLVD,371545.25597,5033817.81816,-75.64682532130,45.44110548740,2017-08-19,9:40:00 PM,01 - Clear,07 - Dark,01 - Dry,01 - Traffic signal,00 - Unknown,03 - P.D. only,04 - Sideswipe,0
17-7457,DALHOUSIE ST @ ST. PATRICK ST,367957.05957,5032641.22213,-75.69283786680,45.43085226220,2017-08-23,12:00:00 AM,01 - Clear,00 - Unknown,01 - Dry,01 - Traffic signal,00 - Unknown,03 - P.D. only,06 - SMV unattended vehicle,0
17-7458,WEST HUNT CLUB RD @ ANTARES DR/LASER ST,367108.04856,5022081.40709,-75.70502023390,45.33591383840,2017-08-23,10:04:00 AM,01 - Clear,01 - Daylight,01 - Dry,01 - Traffic signal,01 - Functioning,03 - P.D. only,03 - Rear end,0
17-7459,MONTREAL RD @ ST. LAURENT BLVD,371545.70313,5033817.59453,-75.64681963720,45.44110343190,2017-08-23,10:06:00 AM,01 - Clear,01 - Daylight,01 - Dry,01 - Traffic signal,01 - Functioning,02 - Non-fatal injury,03 - Rear end,0
17-7460,CEDARVIEW RD @ WEST HUNT CLUB RD,359719.12860,5019555.61032,-75.79956702490,45.31380386670,2017-08-23,10:46:00 AM,01 - Clear,01 - Daylight,01 - Dry,01 - Traffic signal,01 - Functioning,03 - P.D. only,02 - Angle,0
17-7461,HERON RD @ BAYCREST DR,371143.50732,5026978.87857,-75.65288054710,45.37960974830,2017-08-21,4:00:00 PM,01 - Clear,01 - Daylight,01 - Dry,01 - Traffic signal,00 - Unknown,03 - P.D. only,04 - Sideswipe,0
17-7462,RICE AVE btwn WOODROFFE AVE & LOCKHART AVE,361504.11660,5026960.58429,-75.77595428540,45.38029164140,2017-08-22,12:00:00 AM,01 - Clear,00 - Unknown,01 - Dry,10 - No control,,03 - P.D. only,06 - SMV unattended vehicle,0
17-7463,DONALD ST @ ST. LAURENT BLVD,372094.18627,5032471.40147,-75.63999342570,45.42893845030,2017-08-23,1:39:00 PM,01 - Clear,01 - Daylight,01 - Dry,01 - Traffic signal,01 - Functioning,03 - P.D. only,05 - Turning movement,0
17-7464,BRONSON AVE @ CATHERINE ST/RAYMOND ST,367252.61405,5029796.28468,-75.70220054160,45.40531765790,2017-08-23,2:15:00 PM,01 - Clear,01 - Daylight,01 - Dry,01 - Traffic signal,01 - Functioning,02 - Non-fatal injury,03 - Rear end,0
17-7465,VIEWMOUNT DR @ MERIVALE RD,365193.69710,5022948.25645,-75.72933711330,45.34388102370,2017-08-23,1:50:00 PM,01 - Clear,01 - Daylight,01 - Dry,01 - Traffic signal,01 - Functioning,03 - P.D. only,05 - Turning movement,0
17-7466,PARKDALE AVE btwn INGLEWOOD PL & CARLING AVE,365583.80118,5028273.09120,-75.72370446200,45.39175922040,2017-08-23,4:21:00 PM,01 - Clear,01 - Daylight,01 - Dry,10 - No control,,03 - P.D. only,03 - Rear end,0
17-7467,LORNE AVE @ SOMERSET ST,366651.07244,5030303.36593,-75.70982056800,45.40993364630,2017-08-23,4:36:00 PM,01 - Clear,01 - Daylight,01 - Dry,02 - Stop sign,01 - Functioning,02 - Non-fatal injury,04 - Sideswipe,0
17-7468,TERRY FOX DR N @ FLAMBOROUGH WAY/INNOVATION DR,349384.88923,5022957.54302,-75.93105518680,45.34514755590,2017-08-23,4:59:00 PM,01 - Clear,01 - Daylight,01 - Dry,01 - Traffic signal,01 - Functioning,02 - Non-fatal injury,03 - Rear end,0
17-7469,OR174 IC109 RAMP66 @ MONTREAL RD,376297.80964,5034935.21023,-75.58592071000,45.45068919910,2017-08-23,5:04:00 PM,01 - Clear,01 - Daylight,01 - Dry,03 - Yield sign,01 - Functioning,03 - P.D. only,03 - Rear end,0
17-7470,OGILVIE RD @ ELMLEA GT/SHOPPERS CITY EAST SC,374988.37950,5033486.43696,-75.60286596880,45.43778671320,2017-08-23,5:50:00 PM,01 - Clear,01 - Daylight,01 - Dry,01 - Traffic signal,01 - Functioning,03 - P.D. only,03 - Rear end,0
17-7471,MACLAREN ST btwn KENT ST & BANK ST,367605.34133,5030765.31039,-75.69757162240,45.41400509530,2017-08-23,6:05:00 PM,01 - Clear,01 - Daylight,01 - Dry,10 - No control,,03 - P.D. only,99 - Other,0
17-7472,ALTA VISTA DR @ CUNNINGHAM AVE,370344.56750,5028017.11032,-75.66294299850,45.38902660030,2017-08-23,6:17:00 PM,02 - Rain,01 - Daylight,02 - Wet,02 - Stop sign,01 - Functioning,03 - P.D. only,03 - Rear end,0
17-7473,SILVER SEVEN RD btwn 280 N OF PALLADIUM DR/COSTCO SC & PALLADIUM DR,350970.13641,5017977.30290,-75.91129133060,45.30023160830,2017-08-23,6:24:00 PM,01 - Clear,01 - Daylight,01 - Dry,10 - No control,,03 - P.D. only,02 - Angle,0
17-7474,BANK ST @ EVANS AVE,369918.88068,5027061.59877,-75.66850483910,45.38046893350,2017-08-23,6:44:00 PM,01 - Clear,01 - Daylight,01 - Dry,02 - Stop sign,01 - Functioning,02 - Non-fatal injury,02 - Angle,0
17-7475,SLATER ST btwn KENT ST & BANK ST,367359.11088,5031315.47551,-75.70064741750,45.41897736670,2017-08-22,7:02:00 PM,01 - Clear,01 - Daylight,01 - Dry,10 - No control,,03 - P.D. only,06 - SMV unattended vehicle,0
17-7476,GLENVIEW AVE @ RIVERDALE AVE,369325.37693,5029411.33732,-75.67577516350,45.40166603180,2017-08-23,7:07:00 PM,01 - Clear,01 - Daylight,01 - Dry,02 - Stop sign,01 - Functioning,03 - P.D. only,03 - Rear end,0
17-7477,AIRPORT PKWY btwn RAMP & RAMP (4),371315.92475,5021678.57206,-75.65139239390,45.33190297070,2017-08-23,7:26:00 PM,01 - Clear,05 - Dusk,01 - Dry,10 - No control,,03 - P.D. only,05 - Turning movement,0
17-7478,BOTELER ST @ SUSSEX DR,367451.97743,5032951.30517,-75.69925284380,45.43368771540,2017-08-23,4:45:00 PM,01 - Clear,01 - Daylight,01 - Dry,01 - Traffic signal,01 - Functioning,03 - P.D. only,04 - Sideswipe,0
17-7479,FERNBANK RD btwn WEST RIDGE DR & ETTA ST,350692.63743,5011945.29906,-75.91538704480,45.24597186370,2017-08-22,10:45:00 AM,01 - Clear,01 - Daylight,01 - Dry,10 - No control,,03 - P.D. only,06 - SMV unattended vehicle,0
17-7480,HUNT CLUB RD @ DOWNPATRICK RD/MCCARTHY RD,370507.20861,5023401.09058,-75.66148009500,45.34747790360,2017-08-23,8:43:00 PM,01 - Clear,07 - Dark,01 - Dry,01 - Traffic signal,01 - Functioning,03 - P.D. only,03 - Rear end,0
17-7481,JOCKVALE RD/RIDEAU VALLEY DR @ PRINCE OF WALES,366709.29266,5012193.59433,-75.71134151120,45.24697948690,2017-08-23,11:27:00 PM,01 - Clear,07 - Dark,01 - Dry,01 - Traffic signal,01 - Functioning,02 - Non-fatal injury,02 - Angle,0
17-7482,HUNT CLUB RD @ DOWNPATRICK RD/MCCARTHY RD,370508.57027,5023400.02142,-75.66146286160,45.34746815570,2017-08-24,12:06:00 AM,01 - Clear,07 - Dark,01 - Dry,01 - Traffic signal,01 - Functioning,02 - Non-fatal injury,05 - Turning movement,0
17-7483,CARP RD btwn RIVINGTON ST & MARCH RD,342052.79694,5021852.68060,-76.02469916760,45.33563332020,2017-08-24,1:46:00 AM,01 - Clear,07 - Dark,01 - Dry,10 - No control,,03 - P.D. only,04 - Sideswipe,0
17-7484,OTTAWA RIVER PKWY @ ISLAND PARK DR,363299.12680,5029453.34765,-75.75274049000,45.40257354440,2017-08-24,7:15:00 AM,01 - Clear,01 - Daylight,01 - Dry,01 - Traffic signal,01 - Functioning,03 - P.D. only,99 - Other,0
17-7485,WOODROFFE AVE SB btwn SPORTSPLEX N & TRANSIT,363769.20253,5021022.15989,-75.74774250350,45.32667136090,2017-08-24,8:10:00 AM,01 - Clear,01 - Daylight,01 - Dry,10 - No control,,02 - Non-fatal injury,07 - SMV other,0
17-7486,WELLINGTON ST @ HAMILTON AVE,365078.94247,5029230.37545,-75.73003466520,45.40041629730,2017-08-24,8:10:00 AM,01 - Clear,01 - Daylight,01 - Dry,02 - Stop sign,01 - Functioning,03 - P.D. only,02 - Angle,0
17-7487,CARLING AVE @ KIRKWOOD AVE N,364274.54074,5027494.23549,-75.74051794720,45.38486363250,2017-08-24,9:16:00 AM,01 - Clear,01 - Daylight,01 - Dry,01 - Traffic signal,01 - Functioning,02 - Non-fatal injury,03 - Rear end,0
17-7488,BELFAST RD @ TRIOLE ST,372981.19394,5030622.85288,-75.62891476620,45.41222019280,2017-08-24,9:45:00 AM,01 - Clear,01 - Daylight,01 - Dry,02 - Stop sign,00 - Unknown,03 - P.D. only,02 - Angle,0
17-7489,INDUSTRIAL AVE/INNES RD @ ST. LAURENT BLVD,373099.06147,5030005.78868,-75.62749455240,45.40665664370,2017-08-24,9:56:00 AM,01 - Clear,01 - Daylight,01 - Dry,01 - Traffic signal,01 - Functioning,03 - P.D. only,03 - Rear end,0
17-7490,MCARTHUR AVE @ VANIER PKWY,370219.28481,5032689.42507,-75.66392273400,45.43107801970,2017-08-24,10:05:00 AM,01 - Clear,01 - Daylight,01 - Dry,01 - Traffic signal,01 - Functioning,03 - P.D. only,04 - Sideswipe,0
17-7491,SOMERSET ST @ MARLBOROUGH AVE,369539.75391,5032030.82115,-75.67269299510,45.42521539420,2017-08-24,10:20:00 AM,01 - Clear,01 - Daylight,01 - Dry,02 - Stop sign,01 - Functioning,03 - P.D. only,02 - Angle,0
17-7492,HUNT CLUB RD @ RIVERSIDE DR,368036.48102,5021946.16443,-75.69319294620,45.33461389190,2017-08-24,11:14:00 AM,01 - Clear,01 - Daylight,01 - Dry,01 - Traffic signal,01 - Functioning,03 - P.D. only,03 - Rear end,0
17-7493,HAZELDEAN RD @ TERRY FOX DR,352208.08437,5017242.21431,-75.89557758410,45.29353464450,2017-08-24,11:55:00 AM,01 - Clear,01 - Daylight,01 - Dry,01 - Traffic signal,01 - Functioning,02 - Non-fatal injury,03 - Rear end,0
17-7494,HERZBERG RD @ MARCH RD,352322.95627,5021528.71028,-75.89370198450,45.33209774880,2017-08-24,12:00:00 PM,01 - Clear,01 - Daylight,01 - Dry,01 - Traffic signal,01 - Functioning,03 - P.D. only,03 - Rear end,0
17-7495,RAVENHILL AVE @ ROOSEVELT AVE,363070.14916,5027985.54790,-75.75583854380,45.38938561490,2017-08-24,12:59:00 PM,01 - Clear,01 - Daylight,01 - Dry,03 - Yield sign,01 - Functioning,02 - Non-fatal injury,02 - Angle,0
17-7496,BERTRAND ST @ IVY CRES E,369029.27010,5033790.38635,-75.67898623350,45.44109434580,2017-08-24,1:00:00 PM,01 - Clear,01 - Daylight,01 - Dry,02 - Stop sign,03 - Obscured,02 - Non-fatal injury,02 - Angle,0
17-7497,MONTREAL RD @ SINCLAIR ST,375967.79088,5034757.63594,-75.59016505910,45.44912518000,2017-08-24,1:12:00 PM,01 - Clear,01 - Daylight,01 - Dry,01 - Traffic signal,01 - Functioning,03 - P.D. only,03 - Rear end,0
17-7498,AIRPORT PKWY btwn RAMP & AIRPORT PKWY (2),371033.27283,5023656.84699,-75.65473322660,45.34972964130,2017-08-24,2:00:00 PM,01 - Clear,01 - Daylight,01 - Dry,10 - No control,,03 - P.D. only,99 - Other,0
17-7499,BASELINE RD @ CLYDE AVE,364358.48825,5024890.56941,-75.73976000780,45.36142912350,2017-08-24,2:02:00 PM,01 - Clear,01 - Daylight,01 - Dry,01 - Traffic signal,00 - Unknown,03 - P.D. only,03 - Rear end,0
17-7500,BLACKBURN BYPASS @ INNES RD E,379791.74790,5033781.32821,-75.54143370070,45.43994125170,2017-08-24,2:10:00 PM,01 - Clear,01 - Daylight,01 - Dry,01 - Traffic signal,01 - Functioning,03 - P.D. only,03 - Rear end,0
17-7501,MEADOWLANDS DR/TALLWOOD DR @ WOODROFFE AVE,363056.95453,5022730.47594,-75.75662663760,45.34210216200,2017-08-24,1:45:00 PM,01 - Clear,01 - Daylight,01 - Dry,01 - Traffic signal,01 - Functioning,03 - P.D. only,99 - Other,0