COLLISION_ID,LOCATION,X,Y,LONGITUDE,LATITUDE,DATE,TIME,ENVIRONMENT,LIGHT,SURFACE_CONDITION,TRAFFIC_CONTROL,TRAFFIC_CONTROL_CONDITION,COLLISION_CLASSIFICATION,IMPACT_TYPE,NO_OF_PEDESTRIANS
17-7502,ANN ST @ TIGHE ST,368787.11992,5009762.62899,-75.68518752730,45.22491997090,2017-08-24,12:00:00 AM,01 - Clear,00 - Unknown,01 - Dry,02 - Stop sign,01 - Functioning,03 - P.D. only,06 - SMV unattended vehicle,0
17-7503,COOPER ST btwn KENT ST & BANK ST,367569.39967,5030941.86679,-75.69800829560,45.41559691940,2017-08-24,2:19:00 PM,01 - Clear,01 - Daylight,01 - Dry,10 - No control,,03 - P.D. only,99 - Other,0
17-7504,INNES RD @ STAR TOP RD/WINDMILL LANE,374148.19917,5030666.79719,-75.61400066240,45.41250091010,2017-08-24,2:22:00 PM,01 - Clear,01 - Daylight,01 - Dry,01 - Traffic signal,01 - Functioning,03 - P.D. only,05 - Turning movement,0
17-7505,CENTENNIAL BLVD @ MAIN ST,369480.05377,5029416.33782,-75.67379892480,45.40169675090,2017-08-24,2:39:00 PM,01 - Clear,01 - Daylight,01 - Dry,02 - Stop sign,01 - Functioning,03 - P.D. only,03 - Rear end,0
17-7506,INDUSTRIAL AVE btwn TRAINYARDS DR & RUSSELL RD,371784.73423,5030522.83073,-75.64421263790,45.41143578190,2017-08-24,2:43:00 PM,01 - Clear,01 - Daylight,01 - Dry,10 - No control,,03 - P.D. only,03 - Rear end,0
17-7507,FOX CRES @ WOODROFFE AVE,361804.25518,5025626.77059,-75.77227612500,45.36826575280,2017-08-24,3:09:00 PM,01 - Clear,01 - Daylight,01 - Dry,02 - Stop sign,01 - Functioning,02 - Non-fatal injury,02 - Angle,0
17-7508,PLACE D'ORLEANS DR W @ ST. JOSEPH BLVD,381602.84024,5037685.00000,-75.51767747460,45.47486667890,2017-08-24,3:55:00 PM,01 - Clear,01 - Daylight,01 - Dry,01 - Traffic signal,01 - Functioning,03 - P.D. only,05 - Turning movement,0
17-7509,BEATRICE DR @ BERRIGAN DR,365177.80718,5016073.87972,-75.73037756770,45.28202731980,2017-08-24,4:33:00 PM,01 - Clear,01 - Daylight,01 - Dry,02 - Stop sign,00 - Unknown,03 - P.D. only,04 - Sideswipe,0
17-7510,INNES RD btwn ANDERSON RD & INNES RD,376593.42128,5032025.12217,-75.58256631570,45.42447573330,2017-08-24,4:58:00 PM,01 - Clear,01 - Daylight,01 - Dry,10 - No control,,02 - Non-fatal injury,02 - Angle,0
17-7511,ELGIN ST @ WELLINGTON ST W,367664.22590,5031878.77214,-75.69667730010,45.42401837710,2017-08-24,5:04:00 PM,01 - Clear,01 - Daylight,01 - Dry,01 - Traffic signal,01 - Functioning,03 - P.D. only,05 - Turning movement,0
17-7512,MEADOWLANDS DR @ MERIVALE RD,364858.92188,5023725.73238,-75.73351426480,45.35090539390,2017-08-24,5:08:00 PM,01 - Clear,01 - Daylight,01 - Dry,01 - Traffic signal,01 - Functioning,03 - P.D. only,03 - Rear end,0
17-7513,REGIONAL ROAD 174 btwn TRANSIT & OR174 IC109 RAMP56,376205.67114,5034437.11154,-75.58717081990,45.44621703950,2017-08-24,5:06:00 PM,01 - Clear,01 - Daylight,01 - Dry,10 - No control,,02 - Non-fatal injury,03 - Rear end,0
17-7514,BOOTH ST @ WELLINGTON ST S,366403.59655,5030674.90101,-75.71293546480,45.41329844400,2017-08-24,5:33:00 PM,01 - Clear,01 - Daylight,01 - Dry,02 - Stop sign,01 - Functioning,03 - P.D. only,03 - Rear end,0
17-7515,RICHMOND RD @ HOLLY ACRES RD/NANAIMO DR,359059.61835,5022748.73279,-75.80762776620,45.34258701080,2017-08-24,5:38:00 PM,01 - Clear,01 - Daylight,01 - Dry,01 - Traffic signal,01 - Functioning,02 - Non-fatal injury,05 - Turning movement,0
17-7516,MEADOWLANDS DR @ TIVERTON DR,365204.97601,5024344.12521,-75.72902269170,45.35643987860,2017-08-24,5:43:00 PM,01 - Clear,01 - Daylight,01 - Dry,01 - Traffic signal,01 - Functioning,02 - Non-fatal injury,03 - Rear end,0
17-7517,RIVER RD btwn 175 N OF EARL ARMSTRONG/LOBLAWS SC & 700 N OF EARL ARMST,367652.56136,5014870.80392,-75.69898778720,45.27098524520,2017-08-24,5:47:00 PM,01 - Clear,01 - Daylight,01 - Dry,10 - No control,,02 - Non-fatal injury,03 - Rear end,0
17-7518,MARCH RD @ TERRY FOX DR,349864.60860,5023399.28544,-75.92489357730,45.34909179610,2017-08-24,5:49:00 PM,01 - Clear,01 - Daylight,01 - Dry,01 - Traffic signal,01 - Functioning,03 - P.D. only,03 - Rear end,0
17-7519,SHAKESPEARE ST btwn STE. ANNE ST & GRANVILLE ST,370612.30015,5033651.26648,-75.65877184670,45.43969537720,2017-08-24,5:53:00 PM,01 - Clear,01 - Daylight,01 - Dry,10 - No control,,03 - P.D. only,06 - SMV unattended vehicle,0
17-7520,BELFAST RD @ TREMBLAY RD,371559.19207,5031319.85354,-75.64698584380,45.41862860250,2017-08-24,5:56:00 PM,01 - Clear,01 - Daylight,01 - Dry,01 - Traffic signal,01 - Functioning,02 - Non-fatal injury,05 - Turning movement,0
17-7521,BRONSON AVE btwn KIPPEWA DR & FOURTH AVE,367560.72123,5029067.94404,-75.69835771110,45.39873670370,2017-08-24,6:45:00 PM,01 - Clear,01 - Daylight,01 - Dry,10 - No control,,02 - Non-fatal injury,04 - Sideswipe,0
17-7522,BASELINE RD @ CORDOVA ST,363593.82477,5024409.39535,-75.74957701700,45.35716412220,2017-08-24,3:30:00 PM,01 - Clear,01 - Daylight,01 - Dry,01 - Traffic signal,01 - Functioning,03 - P.D. only,03 - Rear end,0
17-7523,INNES RD btwn PRESTWICK DR & TENTH LINE RD,383799.20207,5036095.38558,-75.48984544630,45.46031976250,2017-08-24,8:09:00 PM,01 - Clear,05 - Dusk,01 - Dry,10 - No control,,02 - Non-fatal injury,03 - Rear end,0
17-7524,BANK ST @ CHAMBERLAIN AVE N/ISABELLA ST,368082.41464,5030166.85561,-75.69155376510,45.40857741080,2017-08-24,8:58:00 PM,01 - Clear,05 - Dusk,01 - Dry,01 - Traffic signal,01 - Functioning,03 - P.D. only,04 - Sideswipe,0
17-7525,STRANDHERD DR @ LONGFIELDS DR,364549.03248,5015173.54668,-75.73850007640,45.27397985610,2017-08-24,9:21:00 PM,01 - Clear,07 - Dark,01 - Dry,01 - Traffic signal,01 - Functioning,03 - P.D. only,03 - Rear end,0
17-7526,HERON RD @ FINN CRT,370830.62620,5026945.32695,-75.65687967890,45.37933742110,2017-08-24,9:47:00 PM,01 - Clear,07 - Dark,01 - Dry,01 - Traffic signal,00 - Unknown,03 - P.D. only,04 - Sideswipe,0
17-7527,EAGLESON RD @ HOPE SIDE RD/TERRY FOX DR,355187.93092,5014615.33897,-75.85785550380,45.26969009860,2017-08-24,9:54:00 PM,01 - Clear,07 - Dark,01 - Dry,01 - Traffic signal,01 - Functioning,03 - P.D. only,03 - Rear end,0
17-7528,HERON RD btwn BANK ST & EDGE HILL PL,370143.77771,5026873.51778,-75.66565835320,45.37875570260,2017-08-24,10:12:00 PM,01 - Clear,07 - Dark,01 - Dry,10 - No control,,02 - Non-fatal injury,03 - Rear end,0
17-7529,RUSHMORE RD btwn EAGLESON RD & RICHMOND RD,356794.28329,5010573.98360,-75.83780821280,45.23320814260,2017-08-25,3:09:00 AM,01 - Clear,07 - Dark,01 - Dry,10 - No control,,03 - P.D. only,07 - SMV other,0
17-7530,BLAIR RD @ INNES RD,375578.26153,5031439.79179,-75.59562129410,45.41931271270,2017-08-25,6:29:00 AM,01 - Clear,01 - Daylight,01 - Dry,01 - Traffic signal,01 - Functioning,02 - Non-fatal injury,05 - Turning movement,0
17-7531,ALBION RD @ MITCH OWENS RD,375907.70085,5014804.21241,-75.59380375450,45.26959983550,2017-08-25,7:06:00 AM,01 - Clear,01 - Daylight,01 - Dry,01 - Traffic signal,01 - Functioning,03 - P.D. only,05 - Turning movement,0
17-7532,KING EDWARD AVE @ MURRAY ST,368292.17317,5032752.39857,-75.68854113140,45.43182224490,2017-08-25,7:50:00 AM,01 - Clear,01 - Daylight,01 - Dry,01 - Traffic signal,01 - Functioning,03 - P.D. only,03 - Rear end,0
17-7533,KATIMAVIK RD @ MCGIBBON DR/SEWELL WAY,351725.47221,5018738.46410,-75.90158862320,45.30703068320,2017-08-25,9:02:00 AM,01 - Clear,01 - Daylight,01 - Dry,02 - Stop sign,01 - Functioning,02 - Non-fatal injury,02 - Angle,0
17-7534,CARLING AVE @ MOODIE DR/JAMES CUMMINGS AVE W,356002.22398,5023935.89484,-75.84651568260,45.35349902370,2017-08-24,8:30:00 PM,01 - Clear,05 - Dusk,01 - Dry,01 - Traffic signal,00 - Unknown,03 - P.D. only,07 - SMV other,0
17-7535,FALLOWFIELD RD btwn TRANSIT & 482 E OF HOLITMAN DR/BARRHAVEN CROSSING,364273.27719,5017437.95715,-75.74174286490,45.29437837060,2017-08-25,8:15:00 AM,01 - Clear,01 - Daylight,01 - Dry,10 - No control,,03 - P.D. only,03 - Rear end,0
17-7536,MERIVALE RD @ WEST HUNT CLUB RD,365612.91718,5021941.83227,-75.72411178020,45.33478913850,2017-08-24,11:30:00 AM,01 - Clear,01 - Daylight,01 - Dry,01 - Traffic signal,01 - Functioning,03 - P.D. only,03 - Rear end,0
17-7537,PRINCE OF WALES DR @ MERIVALE RD,367449.23793,5017616.69729,-75.70123208900,45.29571066850,2017-08-25,9:51:00 AM,01 - Clear,01 - Daylight,01 - Dry,01 - Traffic signal,01 - Functioning,02 - Non-fatal injury,05 - Turning movement,0
17-7538,HUNT CLUB RD @ RIVERSIDE DR,368036.48102,5021944.38862,-75.69319317310,45.33459791360,2017-08-25,10:33:00 AM,01 - Clear,01 - Daylight,01 - Dry,01 - Traffic signal,00 - Unknown,03 - P.D. only,04 - Sideswipe,0
17-7539,BRUYERE ST @ PARENT AVE,367688.17347,5032763.34631,-75.69625835640,45.43197532450,2017-08-25,10:41:00 AM,01 - Clear,01 - Daylight,01 - Dry,02 - Stop sign,01 - Functioning,03 - P.D. only,05 - Turning movement,0
17-7540,TERRY FOX DR btwn PALLADIUM DR & MAPLE GROVE RD,351372.27071,5018072.11927,-75.90615514360,45.30105824790,2017-08-25,11:30:00 AM,01 - Clear,01 - Daylight,01 - Dry,10 - No control,,03 - P.D. only,03 - Rear end,0
17-7541,WALKLEY RD @ GLENHAVEN PRIV,370213.00028,5025872.48543,-75.66490716220,45.36974227730,2017-08-25,12:19:00 PM,01 - Clear,01 - Daylight,08 - Loose sand or gravel,01 - Traffic signal,01 - Functioning,02 - Non-fatal injury,03 - Rear end,0
17-7542,FALLOWFIELD RD @ GREENBANK RD,363080.89768,5016732.67728,-75.75702672800,45.28813216690,2017-08-25,12:57:00 PM,01 - Clear,01 - Daylight,01 - Dry,01 - Traffic signal,01 - Functioning,03 - P.D. only,03 - Rear end,0
17-7543,CASTLEFRANK RD @ HAZELDEAN RD,352677.40473,5017676.05894,-75.88955250880,45.29740666510,2017-08-25,1:10:00 PM,01 - Clear,01 - Daylight,01 - Dry,01 - Traffic signal,00 - Unknown,03 - P.D. only,99 - Other,0
17-7544,MARKETPLACE AVE @ RIOCAN AVE,364286.42997,5014760.92461,-75.74189607750,45.27028934430,2017-08-25,1:10:00 PM,01 - Clear,01 - Daylight,01 - Dry,02 - Stop sign,01 - Functioning,02 - Non-fatal injury,02 - Angle,0
17-7545,EAGLESON RD @ HAZELDEAN RD/ROBERTSON RD,353674.29083,5018424.23802,-75.87676898290,45.30407030420,2017-08-25,2:10:00 PM,01 - Clear,01 - Daylight,01 - Dry,01 - Traffic signal,01 - Functioning,03 - P.D. only,03 - Rear end,0
17-7546,BRONSON AVE btwn BRONSON AVE SB ON RAMP 43 & SUNNYSIDE AVE/UNIVERSITY,367912.29590,5028109.29858,-75.69399012860,45.39007948650,2017-08-25,12:00:00 AM,01 - Clear,00 - Unknown,01 - Dry,10 - No control,,03 - P.D. only,06 - SMV unattended vehicle,0
17-7547,CARLING AVE @ REX AVE,363031.44760,5026526.61946,-75.75650484960,45.37626159820,2017-08-25,2:46:00 PM,01 - Clear,01 - Daylight,01 - Dry,02 - Stop sign,00 - Unknown,03 - P.D. only,04 - Sideswipe,0
17-7548,TENTH LINE RD @ CHARLEMAGNE BLVD N/TOMPKINS AV,383184.40327,5037978.59196,-75.49740523080,45.47733241480,2017-08-25,2:49:00 PM,01 - Clear,01 - Daylight,01 - Dry,01 - Traffic signal,01 - Functioning,02 - Non-fatal injury,03 - Rear end,0
17-7549,WEST HUNT CLUB RD @ CLEOPATRA DR/LANCELOT DR,365235.66509,5021732.56737,-75.72895010610,45.33293879130,2017-08-25,3:34:00 PM,01 - Clear,01 - Daylight,01 - Dry,01 - Traffic signal,01 - Functioning,03 - P.D. only,05 - Turning movement,0
17-7550,ORLEANS BLVD @ ST. JOSEPH BLVD,380632.68445,5036980.82679,-75.53019282090,45.46863712900,2017-08-25,3:52:00 PM,01 - Clear,01 - Daylight,01 - Dry,01 - Traffic signal,01 - Functioning,02 - Non-fatal injury,05 - Turning movement,0
17-7551,ROCKY HILL DR @ PRINCE OF WALES DR,366969.43433,5014402.31052,-75.70775157560,45.26683049300,2017-08-25,3:56:00 PM,02 - Rain,01 - Daylight,02 - Wet,01 - Traffic signal,01 - Functioning,03 - P.D. only,04 - Sideswipe,0
17-7552,MCARTHUR AVE @ VANIER PKWY,370218.70500,5032689.93865,-75.66393007500,45.43108269510,2017-08-25,4:04:00 PM,01 - Clear,01 - Daylight,01 - Dry,01 - Traffic signal,01 - Functioning,03 - P.D. only,02 - Angle,0
17-7553,RIVERSIDE DR @ HERON RD,368120.88292,5026647.44308,-75.69151403740,45.37690728930,2017-08-25,4:52:00 PM,01 - Clear,01 - Daylight,01 - Dry,01 - Traffic signal,01 - Functioning,03 - P.D. only,03 - Rear end,0
17-7554,JACK PURCELL LANE btwn LEWIS ST & WAVERLEY ST,368248.73659,5030984.00015,-75.68932399240,45.41591475180,2017-08-25,4:58:00 PM,01 - Clear,01 - Daylight,01 - Dry,10 - No control,,03 - P.D. only,06 - SMV unattended vehicle,0
17-7555,ANALDEA DR/ WHITE ALDER AVE @ BANK ST,375697.74990,5020813.72599,-75.59561986800,45.32369244210,2017-08-25,5:00:00 PM,01 - Clear,01 - Daylight,01 - Dry,01 - Traffic signal,00 - Unknown,03 - P.D. only,02 - Angle,0
17-7556,GREENBANK RD @ STRANDHERD DR,363933.46192,5014785.08313,-75.74639108680,45.27053649080,2017-08-25,4:47:00 PM,01 - Clear,01 - Daylight,01 - Dry,01 - Traffic signal,00 - Unknown,03 - P.D. only,03 - Rear end,0
17-7557,DALHOUSIE ST @ MURRAY ST,368001.17700,5032573.35565,-75.69228280280,45.43023763860,2017-08-25,6:14:00 PM,01 - Clear,01 - Daylight,01 - Dry,01 - Traffic signal,01 - Functioning,03 - P.D. only,03 - Rear end,0
17-7558,COPE DR @ TERRY FOX,353998.21685,5015345.54439,-75.87294395750,45.27634490730,2017-08-25,6:36:00 PM,01 - Clear,01 - Daylight,01 - Dry,01 - Traffic signal,01 - Functioning,03 - P.D. only,05 - Turning movement,0
17-7559,KIRKWOOD AVE @ MERIVALE RD,364853.70140,5026645.82555,-75.73322600370,45.37718038240,2017-08-25,7:17:00 PM,01 - Clear,05 - Dusk,01 - Dry,01 - Traffic signal,01 - Functioning,02 - Non-fatal injury,05 - Turning movement,0
17-7560,MADAWASKA DR @ DOW'S LAKE RD,367330.70730,5028965.73497,-75.70130834670,45.39783763650,2017-08-25,9:51:00 PM,01 - Clear,07 - Dark,08 - Loose sand or gravel,02 - Stop sign,01 - Functioning,02 - Non-fatal injury,07 - SMV other,0
17-7561,MONTREAL RD @ VANIER PKWY,370072.70980,5033065.36662,-75.66574596650,45.43447428130,2017-08-25,11:12:00 PM,01 - Clear,07 - Dark,01 - Dry,01 - Traffic signal,01 - Functioning,03 - P.D. only,03 - Rear end,0
17-7562,BAYSHORE DR btwn CARLING AVE & WOODRIDGE CRES N,359010.23413,5023975.64003,-75.80812339520,45.35363056230,2017-08-25,11:40:00 PM,01 - Clear,07 - Dark,01 - Dry,10 - No control,,02 - Non-fatal injury,07 - SMV other,0
17-7563,CARLING AVE @ MERIVALE RD,364894.23043,5027699.83414,-75.73258026950,45.38666067940,2017-08-26,12:00:00 AM,01 - Clear,00 - Unknown,01 - Dry,01 - Traffic signal,01 - Functioning,02 - Non-fatal injury,02 - Angle,0
17-7564,RIDEAU ST btwn AUGUSTA ST & COBOURG ST,369126.74909,5032786.06114,-75.67787157140,45.43204885860,2017-08-26,3:03:00 AM,01 - Clear,07 - Dark,01 - Dry,10 - No control,,03 - P.D. only,05 - Turning movement,0
17-7565,GREENBANK RD btwn WEST HUNT CLUB RD & FALLOWFIELD RD,362880.89159,5017191.48279,-75.75952250150,45.29227706220,2017-08-26,5:07:00 AM,01 - Clear,07 - Dark,01 - Dry,10 - No control,,03 - P.D. only,07 - SMV other,0
17-7566,INDUSTRIAL AVE/INNES RD @ ST. LAURENT BLVD,373100.65902,5030007.40317,-75.62747392350,45.40667101430,2017-08-26,10:46:00 AM,01 - Clear,01 - Daylight,01 - Dry,01 - Traffic signal,01 - Functioning,03 - P.D. only,03 - Rear end,0
17-7567,WELLINGTON ST @ LETT ST,366354.11502,5031111.38908,-75.71351307720,45.41723019590,2017-08-26,10:50:00 AM,01 - Clear,01 - Daylight,01 - Dry,01 - Traffic signal,01 - Functioning,02 - Non-fatal injury,03 - Rear end,0
17-7568,RICHMOND RD @ WOODROFFE AVE,361584.46442,5026654.74518,-75.77496359270,45.37753322230,2017-08-26,11:29:00 AM,01 - Clear,01 - Daylight,01 - Dry,01 - Traffic signal,01 - Functioning,03 - P.D. only,03 - Rear end,0
17-7569,RICHMOND RD btwn WINSTON AVE & CHURCHILL AVE N,363121.23000,5028220.75580,-75.75515845330,45.39149772780,2017-08-23,12:30:00 PM,01 - Clear,01 - Daylight,01 - Dry,10 - No control,,03 - P.D. only,06 - SMV unattended vehicle,0
17-7570,BELCOURT BLVD btwn BELVAL CRES & BEAUSEJOUR DR,381731.17064,5036227.74720,-75.51626446230,45.46174142130,2017-08-26,11:53:00 AM,01 - Clear,01 - Daylight,01 - Dry,10 - No control,,03 - P.D. only,06 - SMV unattended vehicle,0
17-7571,ST. JOSEPH BLVD @ JEANNE D'ARC BLVD,379861.85238,5036470.91497,-75.54012729150,45.46413260460,2017-08-26,12:07:00 PM,01 - Clear,01 - Daylight,01 - Dry,11 - Roundabout,01 - Functioning,03 - P.D. only,04 - Sideswipe,0
17-7572,BASELINE RD @ WOODROFFE AVE,362549.69020,5023769.79464,-75.76297756350,45.35149582330,2017-08-26,1:27:00 PM,01 - Clear,01 - Daylight,01 - Dry,01 - Traffic signal,01 - Functioning,03 - P.D. only,03 - Rear end,0
17-7573,CARLING AVE WB btwn ANCASTER AVE & WOODROFFE AVE,361847.21023,5025792.96912,-75.77170860820,45.36975769770,2017-08-26,1:36:00 PM,01 - Clear,01 - Daylight,01 - Dry,10 - No control,,03 - P.D. only,05 - Turning movement,0
17-7574,ST. JOSEPH BLVD @ FOREST VALLEY DR/YOUVILLE DR,379165.21447,5036157.30056,-75.54908192800,45.46138544470,2017-08-26,1:55:00 PM,01 - Clear,01 - Daylight,01 - Dry,01 - Traffic signal,01 - Functioning,03 - P.D. only,02 - Angle,0
17-7575,FALLOWFIELD RD @ GREENBANK RD,363081.14907,5016733.16536,-75.75702346610,45.28813653790,2017-08-26,1:59:00 PM,01 - Clear,01 - Daylight,01 - Dry,01 - Traffic signal,01 - Functioning,03 - P.D. only,03 - Rear end,0
17-7576,BASELINE RD btwn NAVAHO DR & COLLEGE SQUARE SC,362799.46636,5023921.31656,-75.75977232250,45.35283859240,2017-08-26,2:48:00 PM,01 - Clear,01 - Daylight,01 - Dry,10 - No control,,03 - P.D. only,02 - Angle,0
17-7577,BANK ST @ RIVERSIDE DR S,369305.62711,5027894.31181,-75.67622576600,45.38801815760,2017-08-26,3:16:00 PM,01 - Clear,01 - Daylight,01 - Dry,01 - Traffic signal,01 - Functioning,03 - P.D. only,03 - Rear end,0
17-7578,BASELINE RD @ GREENBANK RD,360597.01837,5022585.61008,-75.78802988870,45.34099863450,2017-08-26,1:30:00 PM,01 - Clear,01 - Daylight,01 - Dry,01 - Traffic signal,01 - Functioning,03 - P.D. only,03 - Rear end,0
17-7579,STATEWOOD DR @ TERRY FOX DR,348941.81290,5022544.50410,-75.93674583510,45.34145895310,2017-08-26,5:58:00 PM,01 - Clear,01 - Daylight,01 - Dry,02 - Stop sign,00 - Unknown,03 - P.D. only,04 - Sideswipe,0
17-7580,HAWTHORNE AVE/ISABELLA ST @ QUEEN ELIZABETH DR,368666.27043,5030476.34344,-75.68405554470,45.41130904430,2017-08-26,6:00:00 PM,01 - Clear,01 - Daylight,01 - Dry,01 - Traffic signal,01 - Functioning,03 - P.D. only,99 - Other,0
17-7581,PRINCE OF WALES DR btwn RIDEAU SHORE CRT & COLONNADE RD,367388.94023,5023281.61044,-75.70128488870,45.34668804080,2017-08-26,8:47:00 PM,01 - Clear,07 - Dark,01 - Dry,10 - No control,,03 - P.D. only,04 - Sideswipe,0
17-7582,FARINCOURT CRES btwn CHINIAN ST & CHINIAN ST,383887.56295,5034820.12438,-75.48892083420,45.44883610890,2017-08-26,9:36:00 PM,01 - Clear,07 - Dark,01 - Dry,10 - No control,,03 - P.D. only,06 - SMV unattended vehicle,0
17-7583,CUMMINGS AVE @ OGILVIE RD,372748.72020,5032169.93845,-75.63167116350,45.42616274970,2017-08-27,12:11:00 AM,01 - Clear,07 - Dark,01 - Dry,01 - Traffic signal,01 - Functioning,03 - P.D. only,02 - Angle,0
17-7584,TENTH LINE RD @ CHARLEMAGNE BLVD S/DES EPINETT,383640.97510,5036900.45590,-75.49173924100,45.46758093120,2017-08-27,1:13:00 AM,01 - Clear,07 - Dark,01 - Dry,01 - Traffic signal,01 - Functioning,03 - P.D. only,05 - Turning movement,0
17-7585,ESPRIT DR @ DU PLATEAU ST/SCALA AVE,384875.34890,5036398.27815,-75.47603773200,45.46292239280,2017-08-26,10:35:00 AM,01 - Clear,01 - Daylight,01 - Dry,02 - Stop sign,01 - Functioning,03 - P.D. only,05 - Turning movement,0
17-7586,CAMPEAU DR/HWY 417 MARCH IC138R63 @ MARCH RD,352841.84688,5020475.80077,-75.88718452550,45.32258813470,2017-08-27,11:16:00 AM,01 - Clear,01 - Daylight,02 - Wet,01 - Traffic signal,00 - Unknown,03 - P.D. only,04 - Sideswipe,0
17-7587,GREENBANK RD @ WEST HUNT CLUB RD,361480.78688,5020501.36932,-75.77699256200,45.32217382200,2017-08-27,11:35:00 AM,01 - Clear,01 - Daylight,01 - Dry,01 - Traffic signal,01 - Functioning,02 - Non-fatal injury,03 - Rear end,0
17-7588,GOULBOURN FORCED RD @ INNOVATION DR,349438.00600,5022666.63590,-75.93040365170,45.34252652670,2017-08-27,11:47:00 AM,01 - Clear,01 - Daylight,01 - Dry,02 - Stop sign,01 - Functioning,03 - P.D. only,02 - Angle,0
17-7589,PROVENDER AVE btwn BURMA RD & ROTHBURY CRES,373146.37202,5034685.20297,-75.62624086040,45.44875506610,2017-08-27,11:54:00 AM,01 - Clear,01 - Daylight,01 - Dry,10 - No control,,03 - P.D. only,06 - SMV unattended vehicle,0
17-7590,LONGFIELDS DR @ WOODROFFE AVE,365420.69653,5017107.65496,-75.72715548660,45.29130827760,2017-08-27,12:02:00 PM,01 - Clear,01 - Daylight,01 - Dry,01 - Traffic signal,01 - Functioning,03 - P.D. only,05 - Turning movement,0
17-7591,WELLINGTON ST    W btwn HARMER AVE N & HURON AVE N,364821.30094,5029113.95598,-75.73333948770,45.39939091540,2017-08-27,12:00:00 AM,01 - Clear,00 - Unknown,01 - Dry,10 - No control,,03 - P.D. only,06 - SMV unattended vehicle,0
17-7592,MONSON CRES btwn FILLMORE CRES & FILLMORE CRES,375351.62588,5036262.29955,-75.59782548500,45.46272569230,2017-08-27,12:47:00 PM,01 - Clear,01 - Daylight,01 - Dry,10 - No control,,03 - P.D. only,06 - SMV unattended vehicle,0
17-7593,HWY 417 MAITLAND IC126R26/62 @ MAITLAND AVE,363145.57899,5025984.09421,-75.75511184240,45.37137053010,2017-08-27,12:53:00 PM,01 - Clear,01 - Daylight,01 - Dry,01 - Traffic signal,01 - Functioning,02 - Non-fatal injury,02 - Angle,0
17-7594,BRONSON AVE @ MCLEOD ST,367160.11241,5030015.42616,-75.70335437090,45.40729767700,2017-08-27,1:40:00 PM,01 - Clear,01 - Daylight,01 - Dry,02 - Stop sign,01 - Functioning,03 - P.D. only,04 - Sideswipe,0
17-7595,HWY 417 WOODROFF IC127R62 @ WOODROFFE AVE,362051.83229,5025019.65079,-75.76918612760,45.36278276070,2017-08-27,4:02:00 PM,01 - Clear,01 - Daylight,01 - Dry,03 - Yield sign,01 - Functioning,03 - P.D. only,03 - Rear end,0
17-7596,BLAIR RD @ MONTREAL RD,374021.01470,5034439.36905,-75.61509510500,45.44645711330,2017-08-27,4:00:00 PM,01 - Clear,01 - Daylight,01 - Dry,01 - Traffic signal,01 - Functioning,03 - P.D. only,03 - Rear end,0
17-7597,EMOND ST btwn DESCHAMPS AVE & MONTREAL RD,370134.09741,5033239.97901,-75.66493827910,45.43603963760,2017-08-27,12:00:00 AM,01 - Clear,00 - Unknown,01 - Dry,10 - No control,,03 - P.D. only,06 - SMV unattended vehicle,0
17-7598,FINDLAY CREEK DR @ BANK ST,375847.94677,5020458.78167,-75.59375509990,45.32048361340,2017-08-27,8:03:00 PM,01 - Clear,05 - Dusk,01 - Dry,01 - Traffic signal,01 - Functioning,03 - P.D. only,02 - Angle,0
17-7599,HWY 417 WOODROFF IC127R53 @ WOODROFFE AVE,362205.98439,5024625.77805,-75.76726430310,45.35922611980,2017-08-27,8:18:00 PM,01 - Clear,07 - Dark,01 - Dry,03 - Yield sign,00 - Unknown,02 - Non-fatal injury,02 - Angle,0
17-7600,DONALD ST @ VANIER PKWY,370312.66889,5032270.82435,-75.66278507340,45.42730288280,2017-08-27,10:57:00 PM,01 - Clear,07 - Dark,01 - Dry,01 - Traffic signal,01 - Functioning,03 - P.D. only,03 - Rear end,0
17-7601,ALBERT ST @ BOOTH ST,366429.16657,5030625.38317,-75.71261499810,45.41285064510,2017-08-27,10:59:00 PM,01 - Clear,07 - Dark,01 - Dry,01 - Traffic signal,01 - Functioning,03 - P.D. only,05 - Turning movement,0
17-7602,MACKENZIE KING BR/WALLER ST @ NICHOLAS ST/WALL,368372.25934,5031992.33940,-75.68761581090,45.42497622850,2017-08-28,7:15:00 AM,01 - Clear,01 - Daylight,01 - Dry,01 - Traffic signal,01 - Functioning,03 - P.D. only,04 - Sideswipe,0
17-7603,LIVERY ST btwn ASTURCON ST & TAPADERO AVE,352686.56200,5015270.57600,-75.88966792550,45.27576087760,2017-08-28,12:00:00 AM,01 - Clear,00 - Unknown,01 - Dry,10 - No control,,03 - P.D. only,06 - SMV unattended vehicle,0
17-7604,HARMER AVE   N btwn WELLINGTON ST W & BYRON AVE,364854.23520,5028908.07088,-75.73294391790,45.39753558070,2017-08-28,8:31:00 AM,01 - Clear,01 - Daylight,01 - Dry,10 - No control,,03 - P.D. only,07 - SMV other,0
17-7605,COLONEL BY DR/SUSSEX DR @ RIDEAU ST,367921.63362,5032044.73728,-75.69336702530,45.42548849580,2017-08-28,10:32:00 AM,01 - Clear,01 - Daylight,01 - Dry,01 - Traffic signal,01 - Functioning,03 - P.D. only,04 - Sideswipe,0