COLLISION_ID,LOCATION,X,Y,LONGITUDE,LATITUDE,DATE,TIME,ENVIRONMENT,LIGHT,SURFACE_CONDITION,TRAFFIC_CONTROL,TRAFFIC_CONTROL_CONDITION,COLLISION_CLASSIFICATION,IMPACT_TYPE,NO_OF_PEDESTRIANS
17-7606,GREENACRE CRES btwn ELMRIDGE DR & BURFIELD AVE,375000.38321,5034002.58764,-75.60263893960,45.44242953420,2017-08-26,1:00:00 PM,01 - Clear,01 - Daylight,01 - Dry,10 - No control,,03 - P.D. only,06 - SMV unattended vehicle,0
17-7607,MERIVALE RD/LOTTA AVE @ CLYDE AVE,364521.25435,5024507.96986,-75.73772877860,45.35797270000,2017-08-28,12:43:00 PM,01 - Clear,01 - Daylight,01 - Dry,01 - Traffic signal,00 - Unknown,03 - P.D. only,04 - Sideswipe,0
17-7608,CYR AVE @ MONTREAL RD,370220.70940,5033148.81356,-75.66384348930,45.43521127170,2017-08-28,12:59:00 PM,01 - Clear,01 - Daylight,01 - Dry,02 - Stop sign,01 - Functioning,03 - P.D. only,04 - Sideswipe,0
17-7609,TRUMP AVE btwn WHITESTONE DR & BLOOMINGDALE ST,364605.45121,5025892.09733,-75.73648668210,45.37041969360,2017-08-28,1:08:00 PM,01 - Clear,01 - Daylight,01 - Dry,10 - No control,,03 - P.D. only,06 - SMV unattended vehicle,0
17-7610,IRIS ST @ WOODROFFE AVE,362284.11222,5024440.33607,-75.76628872040,45.35755112600,2017-08-28,1:31:00 PM,01 - Clear,01 - Daylight,01 - Dry,01 - Traffic signal,01 - Functioning,03 - P.D. only,05 - Turning movement,0
17-7611,CEDARWOOD DR @ WALKLEY RD,371195.83848,5026455.74598,-75.65228275900,45.37489783060,2017-08-28,3:30:00 PM,01 - Clear,01 - Daylight,01 - Dry,01 - Traffic signal,01 - Functioning,02 - Non-fatal injury,03 - Rear end,0
17-7612,BRONSON AVE @ COMMISSIONER ST/SLATER ST,366769.25875,5030948.49743,-75.70822970920,45.41572789930,2017-08-28,8:30:00 AM,01 - Clear,01 - Daylight,01 - Dry,01 - Traffic signal,01 - Functioning,03 - P.D. only,01 - Approaching,0
17-7613,BLAIR RD @ INNES RD,375578.51292,5031440.22103,-75.59561802050,45.41931654900,2017-08-28,4:23:00 PM,01 - Clear,01 - Daylight,01 - Dry,01 - Traffic signal,01 - Functioning,03 - P.D. only,03 - Rear end,0
17-7614,MARCH RD btwn CAMPEAU DR/HWY 417 MARCH IC138R63 & HWY417 IC138 RAMP62,352757.24532,5020662.80523,-75.88824551990,45.32427662270,2017-08-28,4:30:00 PM,01 - Clear,01 - Daylight,01 - Dry,10 - No control,,02 - Non-fatal injury,03 - Rear end,0
17-7615,ST. JOSEPH BLVD @ JEANNE D'ARC BLVD,379860.74250,5036471.34421,-75.54014141710,45.46413658550,2017-08-28,3:40:00 PM,01 - Clear,01 - Daylight,01 - Dry,11 - Roundabout,00 - Unknown,03 - P.D. only,02 - Angle,0
17-7616,ST. JOSEPH BLVD btwn TENTH LINE RD & OR174 IC101 RAMP63,382940.50794,5038682.31079,-75.50041239440,45.48369117630,2017-08-28,5:16:00 PM,01 - Clear,01 - Daylight,01 - Dry,10 - No control,,03 - P.D. only,07 - SMV other,0
17-7617,CONROY RD @ HUNT CLUB RD,373762.79325,5025403.81274,-75.61965950980,45.36518505050,2017-08-28,5:24:00 PM,01 - Clear,01 - Daylight,01 - Dry,01 - Traffic signal,01 - Functioning,03 - P.D. only,03 - Rear end,0
17-7618,PRINCE OF WALES DR btwn MERIVALE RD & HOLBORN AVE,367450.82118,5017666.84906,-75.70120556820,45.29616178730,2017-08-28,5:46:00 PM,01 - Clear,01 - Daylight,01 - Dry,10 - No control,,03 - P.D. only,03 - Rear end,0
17-7619,MONTREAL RD @ NORTH RIVER RD,369739.70870,5032887.82159,-75.67002503910,45.43290780780,2017-08-28,5:52:00 PM,01 - Clear,01 - Daylight,01 - Dry,01 - Traffic signal,01 - Functioning,02 - Non-fatal injury,07 - SMV other,1
17-7620,CATHERINE ST @ KENT ST,367907.70750,5030189.74783,-75.69378253230,45.40879916230,2017-08-28,6:42:00 PM,01 - Clear,01 - Daylight,01 - Dry,01 - Traffic signal,01 - Functioning,03 - P.D. only,05 - Turning movement,0
17-7621,OSNABROOK PRIV btwn DUNDONALD DR & KILBIRNIE DR,365547.34637,5012190.19654,-75.72614251690,45.24705016000,2017-08-28,7:00:00 AM,01 - Clear,01 - Daylight,01 - Dry,10 - No control,,03 - P.D. only,06 - SMV unattended vehicle,0
17-7622,BANK ST @ WALKLEY RD,370338.07398,5025947.95688,-75.66330057130,45.37040966080,2017-08-28,9:40:00 PM,01 - Clear,07 - Dark,01 - Dry,01 - Traffic signal,00 - Unknown,03 - P.D. only,03 - Rear end,0
17-7623,BRASSEUR CRES @ WINSOME TER,385973.22993,5037567.80551,-75.46180773350,45.47331793190,2017-08-28,9:53:00 PM,01 - Clear,07 - Dark,01 - Dry,,00 - Unknown,03 - P.D. only,06 - SMV unattended vehicle,0
17-7624,CUMMINGS AVE @ MONTREAL RD,372008.18107,5034040.34951,-75.64087823410,45.44306336640,2017-08-29,2:33:00 AM,01 - Clear,07 - Dark,01 - Dry,01 - Traffic signal,01 - Functioning,03 - P.D. only,07 - SMV other,0
17-7625,ALTA VISTA DR btwn KILBORN AVE & CAVENDISH RD,370353.88678,5027851.90081,-75.66284594100,45.38753923090,2017-08-29,4:20:00 AM,01 - Clear,07 - Dark,01 - Dry,10 - No control,,03 - P.D. only,07 - SMV other,0
17-7626,HAZELDEAN RD @ HUNTMAR DR/IBER RD,350944.01802,5016078.24877,-75.91180101180,45.28314508560,2017-08-29,7:34:00 AM,01 - Clear,01 - Daylight,01 - Dry,01 - Traffic signal,01 - Functioning,02 - Non-fatal injury,02 - Angle,0
17-7627,WOODKILTON RD btwn TO BE DETERMINED & KILMAURS SIDE RD,332942.86236,5039282.66223,-76.13993295690,45.49289967860,2017-08-29,7:41:00 AM,01 - Clear,01 - Daylight,01 - Dry,10 - No control,,03 - P.D. only,07 - SMV other,0
17-7628,KILBORN AVE btwn BLOSSOM DR & BEAVER AVE,369928.45319,5027698.02244,-75.66829865670,45.38619437330,2017-08-28,8:30:00 PM,01 - Clear,07 - Dark,01 - Dry,10 - No control,,03 - P.D. only,06 - SMV unattended vehicle,0
17-7629,CLEMOW AVE @ BRONSON AVE,367421.82008,5029396.89207,-75.70008995400,45.40170892220,2017-08-29,8:26:00 AM,01 - Clear,01 - Daylight,01 - Dry,02 - Stop sign,01 - Functioning,03 - P.D. only,03 - Rear end,0
17-7630,GEORGE ST @ SUSSEX DR,367869.21590,5032129.49816,-75.69402595230,45.42625587390,2017-08-29,8:49:00 AM,01 - Clear,01 - Daylight,01 - Dry,01 - Traffic signal,01 - Functioning,03 - P.D. only,04 - Sideswipe,0
17-7631,BIRKENFELS RD btwn BUENA VISTA RD & MACKINNON RD,368489.35601,5034924.13790,-75.68574024950,45.45134479480,2017-08-28,12:45:00 PM,01 - Clear,01 - Daylight,01 - Dry,10 - No control,,03 - P.D. only,99 - Other,0
17-7632,LAURIER AVE @ NICHOLAS ST,368373.19007,5031798.04644,-75.68762899270,45.42322796370,2017-08-29,9:21:00 AM,01 - Clear,01 - Daylight,01 - Dry,01 - Traffic signal,01 - Functioning,03 - P.D. only,04 - Sideswipe,0
17-7633,OGILVIE RD @ ELMRIDGE DR/JASMINE CRES N,375420.95208,5034060.80018,-75.59725518560,45.44291093750,2017-08-29,9:48:00 AM,01 - Clear,01 - Daylight,01 - Dry,01 - Traffic signal,01 - Functioning,03 - P.D. only,04 - Sideswipe,0
17-7634,HAZELDEAN RD @ TERRY FOX DR,352207.61100,5017242.21431,-75.89558361930,45.29353467640,2017-08-29,10:37:00 AM,01 - Clear,01 - Daylight,01 - Dry,01 - Traffic signal,01 - Functioning,03 - P.D. only,03 - Rear end,0
17-7635,BANK ST @ HUNT CLUB RD,371610.15662,5024096.74289,-75.64731243460,45.35363296240,2017-08-29,10:42:00 AM,01 - Clear,01 - Daylight,01 - Dry,01 - Traffic signal,01 - Functioning,03 - P.D. only,05 - Turning movement,0
17-7636,VIEWMOUNT DR @ MERIVALE RD,365194.64385,5022948.25871,-75.72932503230,45.34388096200,2017-08-29,10:47:00 AM,01 - Clear,01 - Daylight,01 - Dry,01 - Traffic signal,01 - Functioning,03 - P.D. only,05 - Turning movement,0
17-7637,CHURCHILL AVE   N btwn DUNCAIRN AVE & DOVERCOURT AVE,363601.59780,5027428.10501,-75.74911847090,45.38432541460,2017-08-29,10:50:00 AM,01 - Clear,01 - Daylight,01 - Dry,10 - No control,,03 - P.D. only,02 - Angle,0
17-7638,ALTA VISTA DR @ SMYTH RD,370432.22981,5029082.10534,-75.66168192800,45.39860083090,2017-08-29,12:07:00 PM,01 - Clear,01 - Daylight,01 - Dry,01 - Traffic signal,00 - Unknown,03 - P.D. only,03 - Rear end,0
17-7639,BANK ST @ RIDEAU RD,376954.97448,5017845.58248,-75.58001680270,45.29685825110,2017-08-29,12:53:00 PM,01 - Clear,01 - Daylight,01 - Dry,01 - Traffic signal,01 - Functioning,02 - Non-fatal injury,03 - Rear end,0
17-7640,NAVAHO DR btwn NAVAHO DR & DEERFIELD DR,363137.25857,5024004.20344,-75.75545177930,45.35355638030,2017-08-29,1:10:00 PM,01 - Clear,01 - Daylight,01 - Dry,10 - No control,,03 - P.D. only,02 - Angle,0
17-7641,PARKDALE AVE btwn INGLEWOOD PL & CARLING AVE,365617.31812,5028196.44957,-75.72328588930,45.39106670630,2017-08-23,12:00:00 AM,01 - Clear,00 - Unknown,01 - Dry,10 - No control,,03 - P.D. only,06 - SMV unattended vehicle,0
17-7642,JAMES ST @ KENT ST,367660.66025,5030599.75733,-75.69688602720,45.41251053320,2017-08-29,1:44:00 PM,01 - Clear,01 - Daylight,01 - Dry,02 - Stop sign,01 - Functioning,03 - P.D. only,05 - Turning movement,0
17-7643,CAMBRIAN RD @ CEDARVIEW RD,363001.66806,5011836.40909,-75.75861041520,45.24408186650,2017-08-29,1:57:00 PM,01 - Clear,01 - Daylight,01 - Dry,02 - Stop sign,01 - Functioning,03 - P.D. only,03 - Rear end,0
17-7644,GREENBANK RD @ WEST HUNT CLUB RD,361480.34293,5020501.36932,-75.77699822510,45.32217385790,2017-08-29,3:36:00 PM,01 - Clear,01 - Daylight,01 - Dry,01 - Traffic signal,01 - Functioning,03 - P.D. only,03 - Rear end,0
17-7645,REGIONAL RD 174 @ TRIM RD,384350.93693,5039989.99568,-75.48216086330,45.49529715620,2017-08-29,4:08:00 PM,01 - Clear,01 - Daylight,01 - Dry,01 - Traffic signal,01 - Functioning,03 - P.D. only,03 - Rear end,0
17-7646,DALY AVE @ KING EDWARD AVE,368592.18097,5032272.40227,-75.68476946390,45.42747611200,2017-08-29,4:10:00 PM,01 - Clear,01 - Daylight,01 - Dry,02 - Stop sign,01 - Functioning,03 - P.D. only,02 - Angle,0
17-7647,CARLING AVE @ MAITLAND AVE/SHERBOURNE RD,362942.78667,5026488.63500,-75.75764124260,45.37592718120,2017-08-29,4:45:00 PM,01 - Clear,01 - Daylight,01 - Dry,01 - Traffic signal,01 - Functioning,03 - P.D. only,03 - Rear end,0
17-7648,CARLING AVE btwn BURKE RD & DEFENSE  RESEARCH COMPLEX,352902.80376,5022704.52217,-75.88619041120,45.34263840310,2017-08-29,4:57:00 PM,01 - Clear,01 - Daylight,01 - Dry,10 - No control,,02 - Non-fatal injury,05 - Turning movement,0
17-7649,RICHMOND RD @ WEST HUNT CLUB RD,357146.59405,5018151.27887,-75.83252290290,45.30136400140,2017-08-29,5:15:00 PM,01 - Clear,01 - Daylight,01 - Dry,01 - Traffic signal,01 - Functioning,03 - P.D. only,05 - Turning movement,0
17-7650,BEECHWOOD AVE btwn SPRINGFIELD RD & LOYER ST,369283.02270,5033679.75480,-75.67575746040,45.44007556830,2017-08-29,6:44:00 PM,01 - Clear,01 - Daylight,01 - Dry,10 - No control,,02 - Non-fatal injury,07 - SMV other,0
17-7651,KING EDWARD AVE @ TEMPLETON ST,369061.12912,5031508.76513,-75.67887679060,45.42056225990,2017-08-29,6:53:00 PM,01 - Clear,01 - Daylight,01 - Dry,01 - Traffic signal,01 - Functioning,03 - P.D. only,03 - Rear end,0
17-7652,BEATRICE DR @ STRANDHERD DR,365528.48688,5015322.59178,-75.72599985790,45.27523705220,2017-08-29,7:00:00 PM,01 - Clear,01 - Daylight,01 - Dry,01 - Traffic signal,01 - Functioning,03 - P.D. only,03 - Rear end,0
17-7653,KING EDWARD AVE @ ST. PATRICK ST,368249.81118,5032823.36682,-75.68907333730,45.43246463590,2017-08-29,7:34:00 PM,01 - Clear,01 - Daylight,01 - Dry,01 - Traffic signal,01 - Functioning,02 - Non-fatal injury,04 - Sideswipe,0
17-7654,BOOTH ST @ NORMAN ST,366999.97939,5029319.65903,-75.70548762290,45.40105160720,2017-08-30,7:25:00 AM,01 - Clear,01 - Daylight,01 - Dry,01 - Traffic signal,01 - Functioning,03 - P.D. only,03 - Rear end,0
17-7655,TRIM RD btwn INNES RD & 150 S OF INNES RD,386615.99293,5037153.65357,-75.45365723220,45.46951680820,2017-08-30,7:56:00 AM,01 - Clear,01 - Daylight,01 - Dry,10 - No control,,02 - Non-fatal injury,05 - Turning movement,0
17-7656,BAYSHORE DR @ RICHMOND RD,359372.46322,5023369.63578,-75.80356754510,45.34814963680,2017-08-29,4:30:00 PM,01 - Clear,01 - Daylight,01 - Dry,01 - Traffic signal,01 - Functioning,03 - P.D. only,04 - Sideswipe,0
17-7657,AYLMER AVE @ BANK ST,368675.05318,5028728.87311,-75.68416969980,45.39558507480,2017-08-30,8:10:00 AM,01 - Clear,01 - Daylight,01 - Dry,01 - Traffic signal,01 - Functioning,03 - P.D. only,03 - Rear end,0
17-7658,MONTREAL RD @ FOXVIEW PL/DESLOGES PRIV,372908.61701,5034446.73113,-75.62931304630,45.44663262960,2017-08-30,9:38:00 AM,01 - Clear,01 - Daylight,01 - Dry,02 - Stop sign,01 - Functioning,03 - P.D. only,04 - Sideswipe,0
17-7659,HERON RD @ ALTA VISTA DR,370492.72240,5026901.41978,-75.66119962150,45.37897412400,2017-08-30,9:43:00 AM,01 - Clear,01 - Daylight,01 - Dry,01 - Traffic signal,01 - Functioning,02 - Non-fatal injury,04 - Sideswipe,0
17-7660,BOOTH ST @ RAYMOND ST,366860.69890,5029641.79819,-75.70722601330,45.40396248850,2017-08-29,10:00:00 AM,01 - Clear,01 - Daylight,01 - Dry,01 - Traffic signal,00 - Unknown,03 - P.D. only,06 - SMV unattended vehicle,0
17-7661,GILMOUR ST btwn DERBY PL & O'CONNOR ST,367938.78821,5030865.47111,-75.69329895150,45.41487630200,2017-08-30,11:12:00 AM,01 - Clear,01 - Daylight,01 - Dry,10 - No control,,03 - P.D. only,06 - SMV unattended vehicle,0
17-7662,BANK ST @ RIVERSIDE DR N,369226.66265,5027982.83594,-75.67722252600,45.38882193740,2017-08-30,11:35:00 AM,01 - Clear,01 - Daylight,01 - Dry,01 - Traffic signal,01 - Functioning,02 - Non-fatal injury,02 - Angle,0
17-7663,BANK ST @ WALKLEY RD,370338.07398,5025947.51292,-75.66330063020,45.37040566590,2017-08-30,12:28:00 PM,01 - Clear,01 - Daylight,01 - Dry,01 - Traffic signal,01 - Functioning,03 - P.D. only,03 - Rear end,0
17-7664,MITCH OWENS RD btwn MANOTICK STATION RD & BOWESVILLE RD,373788.06687,5013450.38888,-75.62100113380,45.25762959140,2017-08-30,12:57:00 PM,01 - Clear,01 - Daylight,01 - Dry,10 - No control,,03 - P.D. only,02 - Angle,0
17-7665,BILLINGS AVE @ LESLIE AVE,369767.72000,5028548.31931,-75.67023908540,45.39385998600,2017-08-30,12:00:00 AM,01 - Clear,00 - Unknown,01 - Dry,10 - No control,00 - Unknown,03 - P.D. only,06 - SMV unattended vehicle,0
17-7666,AGES DR btwn LEGACY RD & HAWTHORNE RD,374675.33428,5027551.30085,-75.60770809490,45.38441678970,2017-08-30,2:24:00 PM,01 - Clear,01 - Daylight,01 - Dry,10 - No control,,03 - P.D. only,02 - Angle,0
17-7667,BANK ST @ CAHILL DR/DAZE ST,371307.31135,5024317.61515,-75.65114746060,45.35564908800,2017-08-30,3:15:00 PM,01 - Clear,01 - Daylight,01 - Dry,01 - Traffic signal,01 - Functioning,02 - Non-fatal injury,02 - Angle,0
17-7668,BESSERER ST @ DALHOUSIE ST,368253.36763,5032158.24043,-75.68911359160,45.42647974270,2017-08-30,2:20:00 PM,01 - Clear,01 - Daylight,01 - Dry,01 - Traffic signal,01 - Functioning,03 - P.D. only,04 - Sideswipe,0
17-7669,HUNT CLUB RD @ RIVERSIDE DR,368037.17637,5021946.68193,-75.69318400860,45.33461848560,2017-08-30,3:52:00 PM,01 - Clear,01 - Daylight,01 - Dry,01 - Traffic signal,01 - Functioning,03 - P.D. only,03 - Rear end,0
17-7670,ISABELLA ST/HWY417 IC119AR75 @ METCALFE ST,368448.91611,5030399.67535,-75.68684204360,45.41063901290,2017-08-30,4:03:00 PM,01 - Clear,01 - Daylight,01 - Dry,01 - Traffic signal,01 - Functioning,03 - P.D. only,03 - Rear end,0
17-7671,AIRPORT PKWY btwn RAMP & RAMP (4),371331.46629,5021757.87583,-75.65118347840,45.33261504920,2017-08-30,4:39:00 PM,01 - Clear,01 - Daylight,01 - Dry,10 - No control,,02 - Non-fatal injury,05 - Turning movement,0
17-7672,MCCARTHY RD btwn PAUL ANKA DR & HUNTVIEW PRIV,369751.60550,5023848.78465,-75.67106287250,45.35157651380,2017-08-30,6:42:00 PM,01 - Clear,01 - Daylight,01 - Dry,10 - No control,,02 - Non-fatal injury,03 - Rear end,0
17-7673,FALLOWFIELD RD @ WOODROFFE AVE,365084.92802,5017902.08012,-75.73133919500,45.29848535780,2017-08-30,6:48:00 PM,01 - Clear,01 - Daylight,01 - Dry,01 - Traffic signal,01 - Functioning,03 - P.D. only,03 - Rear end,0
17-7674,MITCH OWENS RD/BRIDGE ST @ RIVER RD,369499.87638,5010770.73073,-75.67598115270,45.23392569120,2017-08-30,7:04:00 PM,01 - Clear,01 - Daylight,01 - Dry,01 - Traffic signal,01 - Functioning,02 - Non-fatal injury,05 - Turning movement,0
17-7675,MERIVALE RD @ FAMILY BROWN LANE,365005.57571,5023384.90643,-75.73168429780,45.34782611350,2017-08-30,7:05:00 PM,01 - Clear,01 - Daylight,01 - Dry,01 - Traffic signal,01 - Functioning,03 - P.D. only,03 - Rear end,0
17-7676,GREENBANK RD @ HALF MOON BAY,364651.59550,5013125.00410,-75.73743986390,45.25553832950,2017-08-30,7:16:00 PM,01 - Clear,01 - Daylight,01 - Dry,02 - Stop sign,01 - Functioning,03 - P.D. only,05 - Turning movement,0
17-7677,CARP RD btwn KITTIWAKE DR & HAZELDEAN RD,348766.68656,5014395.77523,-75.93970315340,45.26814514250,2017-08-30,8:01:00 PM,01 - Clear,05 - Dusk,01 - Dry,10 - No control,,02 - Non-fatal injury,02 - Angle,0
17-7678,WALLER ST btwn DALY AVE & STEWART ST,368351.59420,5032098.91054,-75.68786611150,45.42593699550,2017-08-30,8:07:00 PM,01 - Clear,05 - Dusk,09 - Spilled liquid,10 - No control,,02 - Non-fatal injury,07 - SMV other,0
17-7679,MONTREAL RD btwn BETHAMY LANE & OGILVIE RD,375635.32672,5034544.51509,-75.59444555260,45.44724142300,2017-08-30,8:21:00 PM,01 - Clear,07 - Dark,01 - Dry,10 - No control,,02 - Non-fatal injury,07 - SMV other,0
17-7680,CYRVILLE RD @ MEADOWBROOK RD,374629.73290,5031242.79279,-75.60776767490,45.41763553340,2017-08-30,8:30:00 AM,01 - Clear,01 - Daylight,01 - Dry,01 - Traffic signal,01 - Functioning,02 - Non-fatal injury,03 - Rear end,0
17-7681,BELFAST RD @ TRIOLE ST,372981.20227,5030623.79309,-75.62891452880,45.41222865150,2017-08-30,11:06:00 PM,01 - Clear,07 - Dark,01 - Dry,02 - Stop sign,01 - Functioning,02 - Non-fatal injury,02 - Angle,0
17-7682,STRANDHERD DR @ LONGFIELDS DR,364548.33713,5015172.61464,-75.73850905070,45.27397152820,2017-08-31,12:39:00 AM,01 - Clear,07 - Dark,01 - Dry,01 - Traffic signal,01 - Functioning,03 - P.D. only,07 - SMV other,0
17-7683,PARKDALE AVE @ KENILWORTH ST,365446.64655,5028594.36717,-75.72541646930,45.39466188240,2017-08-31,6:59:00 AM,01 - Clear,01 - Daylight,01 - Dry,02 - Stop sign,01 - Functioning,03 - P.D. only,05 - Turning movement,0
17-7684,KING EDWARD AVE @ ST. PATRICK ST,368248.74432,5032823.65045,-75.68908693500,45.43246728530,2017-08-31,7:40:00 AM,01 - Clear,01 - Daylight,01 - Dry,01 - Traffic signal,01 - Functioning,03 - P.D. only,04 - Sideswipe,0
17-7685,ATHLONE AVE btwn SCOTT ST & RICHMOND RD,363445.16879,5028460.72730,-75.75099314550,45.39362989940,2017-08-31,8:21:00 AM,01 - Clear,01 - Daylight,01 - Dry,10 - No control,,02 - Non-fatal injury,07 - SMV other,1
17-7686,STITTSVILLE MAIN ST @ ORVILLE ST,350312.39496,5013247.56320,-75.92011135130,45.25771480310,2017-08-30,8:30:00 PM,01 - Clear,07 - Dark,01 - Dry,02 - Stop sign,01 - Functioning,02 - Non-fatal injury,03 - Rear end,0
17-7687,BRONSON AVE @ IMPERIAL AVE/PLYMOUTH ST,367318.70600,5029643.69819,-75.70137568080,45.40393882880,2017-08-31,10:15:00 AM,01 - Clear,01 - Daylight,01 - Dry,10 - No control,00 - Unknown,03 - P.D. only,05 - Turning movement,0
17-7688,FOREST VALLEY DR @ ORLEANS BLVD,380260.16882,5034820.28156,-75.53528773350,45.44923856990,2017-08-31,11:02:00 AM,01 - Clear,01 - Daylight,01 - Dry,01 - Traffic signal,01 - Functioning,03 - P.D. only,05 - Turning movement,0
17-7689,TENTH LINE RD @ CHARLEMAGNE BLVD N/TOMPKINS AV,383183.48297,5037977.65844,-75.49741714930,45.47732411840,2017-08-31,11:26:00 AM,01 - Clear,01 - Daylight,01 - Dry,01 - Traffic signal,00 - Unknown,03 - P.D. only,04 - Sideswipe,0
17-7690,CARLING AVE @ MAITLAND AVE/SHERBOURNE RD,362942.74878,5026488.54853,-75.75764173660,45.37592640600,2017-08-31,12:54:00 PM,01 - Clear,01 - Daylight,01 - Dry,01 - Traffic signal,00 - Unknown,03 - P.D. only,04 - Sideswipe,0
17-7691,CEDARWOOD DR btwn WALKLEY RD & BAYCREST DR,371135.46934,5026561.37824,-75.65303925690,45.37585398950,2017-08-31,1:48:00 PM,01 - Clear,01 - Daylight,01 - Dry,10 - No control,,03 - P.D. only,06 - SMV unattended vehicle,0
17-7692,DATA CENTRE RD @ RIVERSIDE DR,368897.44900,5027671.66815,-75.68146681490,45.38605235230,2017-08-31,1:59:00 PM,01 - Clear,01 - Daylight,01 - Dry,01 - Traffic signal,01 - Functioning,02 - Non-fatal injury,03 - Rear end,0
17-7693,EAGLESON RD @ HAZELDEAN RD/ROBERTSON RD,353674.29083,5018424.23802,-75.87676898290,45.30407030420,2017-08-31,2:02:00 PM,01 - Clear,01 - Daylight,01 - Dry,01 - Traffic signal,01 - Functioning,03 - P.D. only,03 - Rear end,0
17-7694,EAGLESON RD @ PALOMINO DR S/ROTHESAY DR,354123.15199,5017289.77619,-75.87115842930,45.29383080380,2017-08-31,2:06:00 PM,01 - Clear,01 - Daylight,01 - Dry,01 - Traffic signal,01 - Functioning,03 - P.D. only,03 - Rear end,0
17-7695,TERRY FOX DR @ PALLADIUM DR/KATIMAVIK RD,351269.93998,5018181.55322,-75.90744963850,45.30204973990,2017-08-31,1:55:00 PM,01 - Clear,01 - Daylight,01 - Dry,01 - Traffic signal,01 - Functioning,03 - P.D. only,03 - Rear end,0
17-7696,LAURIER AVE @ NICHOLAS ST,368372.97107,5031797.16002,-75.68763190530,45.42322000810,2017-08-31,2:58:00 PM,01 - Clear,01 - Daylight,01 - Dry,01 - Traffic signal,00 - Unknown,03 - P.D. only,03 - Rear end,0
17-7697,KENT ST @ LAURIER AVE,367316.22110,5031164.82755,-75.70121450410,45.41762571760,2017-08-31,3:19:00 PM,01 - Clear,01 - Daylight,01 - Dry,01 - Traffic signal,01 - Functioning,02 - Non-fatal injury,05 - Turning movement,0
17-7698,BESSERER ST @ WALLER ST,368315.62205,5032192.28016,-75.68831371640,45.42678037050,2017-08-31,3:23:00 PM,01 - Clear,01 - Daylight,01 - Dry,01 - Traffic signal,01 - Functioning,03 - P.D. only,04 - Sideswipe,0
17-7699,HARKNESS AVE @ WEXFORD WAY,369305.33339,5025430.43123,-75.67655136560,45.36584892970,2017-08-31,12:00:00 AM,01 - Clear,00 - Unknown,01 - Dry,02 - Stop sign,00 - Unknown,03 - P.D. only,06 - SMV unattended vehicle,0
17-7700,BANK ST @ RIVERSIDE DR N,369226.19380,5027983.78495,-75.67722838970,45.38883052020,2017-08-31,3:55:00 PM,01 - Clear,01 - Daylight,01 - Dry,01 - Traffic signal,01 - Functioning,03 - P.D. only,03 - Rear end,0
17-7701,UPLANDS DR @ AIRPORT PKWY RAMP 35,371124.39457,5021374.51028,-75.65387640010,45.32918523550,2017-08-31,4:04:00 PM,01 - Clear,01 - Daylight,01 - Dry,01 - Traffic signal,01 - Functioning,02 - Non-fatal injury,05 - Turning movement,0
17-7702,CATHERINE ST @ KENT ST,367907.22960,5030187.84755,-75.69378888030,45.40878210800,2017-08-31,5:46:00 PM,01 - Clear,01 - Daylight,01 - Dry,01 - Traffic signal,01 - Functioning,02 - Non-fatal injury,05 - Turning movement,0
17-7703,SHAWONDASEE ST btwn TEMPEST DR & TEMPEST DR,350406.20063,5016187.01051,-75.91864623170,45.28415885650,2017-08-31,4:31:00 PM,01 - Clear,01 - Daylight,01 - Dry,10 - No control,,03 - P.D. only,06 - SMV unattended vehicle,0
17-7704,CATHCART ST @ KING EDWARD AVE NB,368093.70300,5033120.82879,-75.69103005270,45.43515523870,2017-08-31,4:45:00 PM,01 - Clear,01 - Daylight,01 - Dry,02 - Stop sign,00 - Unknown,03 - P.D. only,05 - Turning movement,0
17-7705,BASELINE RD @ WOODROFFE AVE,362551.04645,5023771.59199,-75.76296004540,45.35151188440,2017-08-31,2:57:00 PM,01 - Clear,01 - Daylight,01 - Dry,01 - Traffic signal,00 - Unknown,03 - P.D. only,03 - Rear end,0
17-7706,CEDARWOOD DR @ WALKLEY RD,371194.72860,5026454.81394,-75.65229705350,45.37488954910,2017-08-31,4:52:00 PM,01 - Clear,01 - Daylight,01 - Dry,01 - Traffic signal,01 - Functioning,03 - P.D. only,03 - Rear end,0
17-7707,BANK ST btwn CAHILL DR & TURN LANE (1),371534.13114,5024118.73403,-75.64827966000,45.35383807030,2017-08-31,5:12:00 PM,01 - Clear,01 - Daylight,01 - Dry,10 - No control,,03 - P.D. only,05 - Turning movement,0
17-7708,ST. JOSEPH BLVD @ JEANNE D'ARC BLVD,379860.26913,5036471.81759,-75.54014739770,45.46414089570,2017-08-31,5:24:00 PM,01 - Clear,01 - Daylight,01 - Dry,11 - Roundabout,01 - Functioning,03 - P.D. only,04 - Sideswipe,0
17-7709,ISABELLA ST/HWY417 IC119AR75 @ METCALFE ST,368448.92428,5030398.96821,-75.68684203010,45.41063264900,2017-08-31,1:40:00 PM,01 - Clear,01 - Daylight,01 - Dry,01 - Traffic signal,00 - Unknown,03 - P.D. only,04 - Sideswipe,0