COLLISION_ID,LOCATION,X,Y,LONGITUDE,LATITUDE,DATE,TIME,ENVIRONMENT,LIGHT,SURFACE_CONDITION,TRAFFIC_CONTROL,TRAFFIC_CONTROL_CONDITION,COLLISION_CLASSIFICATION,IMPACT_TYPE,NO_OF_PEDESTRIANS
17-7710,MARCH RD @ TALL FOREST DR E,343831.10023,5023266.75279,-76.00189943470,45.34826096110,2017-08-31,6:32:00 PM,01 - Clear,01 - Daylight,01 - Dry,02 - Stop sign,01 - Functioning,03 - P.D. only,02 - Angle,0
17-7711,MONTREAL RD btwn BLAIR RD & CLOVELLY RD,374068.77680,5034433.59146,-75.61448541250,45.44640039820,2017-08-31,6:35:00 PM,01 - Clear,01 - Daylight,01 - Dry,10 - No control,,03 - P.D. only,03 - Rear end,0
17-7712,JEANNE D'ARC BLVD  S btwn SAPINIER ST & INNES RD,382632.14908,5035584.87677,-75.50484695470,45.45585763040,2017-08-31,6:45:00 PM,01 - Clear,01 - Daylight,01 - Dry,10 - No control,,03 - P.D. only,03 - Rear end,0
17-7713,VANIER PKWY/CRICHTON ST @ BEECHWOOD AVE/ST. PA,369127.62623,5033487.32420,-75.67776873140,45.43835846950,2017-08-31,6:46:00 PM,01 - Clear,01 - Daylight,01 - Dry,01 - Traffic signal,01 - Functioning,03 - P.D. only,04 - Sideswipe,0
17-7714,STRANDHERD BRIDGE (VIMY MEMORIAL BRIDGE) btwn PRINCE OF WALES DR & RIVER RD,367272.05800,5014790.14900,-75.70384671390,45.27029342280,2017-08-31,7:14:00 PM,01 - Clear,01 - Daylight,01 - Dry,10 - No control,,02 - Non-fatal injury,03 - Rear end,0
17-7715,INNES RD btwn BELCOURT BLVD & 260 E OF BELCOURT BLVD/WALMART SC,382321.94351,5035386.36461,-75.50884390110,45.45410606850,2017-08-31,7:15:00 PM,01 - Clear,01 - Daylight,01 - Dry,10 - No control,,03 - P.D. only,04 - Sideswipe,0
17-7716,RIVERSIDE DR @ SMYTH RD SOUTH SIDE RAMP,369789.44824,5028997.30700,-75.66990245550,45.39789780570,2017-08-31,7:51:00 PM,01 - Clear,05 - Dusk,01 - Dry,01 - Traffic signal,01 - Functioning,02 - Non-fatal injury,05 - Turning movement,0
17-7717,BANK ST @ WALKLEY RD,370338.51793,5025948.84478,-75.66329478700,45.37041760840,2017-08-31,9:03:00 PM,01 - Clear,07 - Dark,01 - Dry,01 - Traffic signal,01 - Functioning,03 - P.D. only,04 - Sideswipe,0
17-7718,RIVERSIDE DR btwn RIVERSIDE DR & RIVER RD,368400.70336,5020494.82574,-75.68873290290,45.32152211360,2017-08-31,9:21:00 PM,01 - Clear,07 - Dark,01 - Dry,10 - No control,,03 - P.D. only,07 - SMV other,0
17-7719,FALLOWFIELD RD btwn EAGLESON RD & RICHMOND RD,356850.14108,5013021.80002,-75.83684063900,45.25523004630,2017-08-31,11:56:00 PM,01 - Clear,07 - Dark,01 - Dry,10 - No control,,03 - P.D. only,07 - SMV other,0
17-7720,CHARKAY ST @ SEYMOUR AVE,365650.01156,5023976.60429,-75.72338824940,45.35309450460,2017-09-01,12:00:00 AM,01 - Clear,00 - Unknown,01 - Dry,03 - Yield sign,00 - Unknown,03 - P.D. only,06 - SMV unattended vehicle,0
17-7721,INNES RD @ STONEHENGE CRES E,375363.26913,5031314.26306,-75.59838602230,45.41820499110,2017-09-01,7:30:00 AM,01 - Clear,01 - Daylight,01 - Dry,01 - Traffic signal,01 - Functioning,02 - Non-fatal injury,03 - Rear end,0
17-7722,BASELINE RD @ FARLANE BLVD,365356.88747,5025517.29342,-75.72694019780,45.36698274730,2017-09-01,7:46:00 AM,01 - Clear,01 - Daylight,01 - Dry,01 - Traffic signal,01 - Functioning,03 - P.D. only,03 - Rear end,0
17-7723,LEES AVE btwn CHESTNUT ST & HWY417 IC118 RAMP45,369391.75618,5030792.88518,-75.67474634280,45.41409058960,2017-09-01,7:45:00 AM,01 - Clear,01 - Daylight,01 - Dry,10 - No control,,03 - P.D. only,02 - Angle,0
17-7724,BRIAN COBURN BLVD @ TENTH LINE RD,384428.33890,5035022.30790,-75.48197576030,45.45059377220,2017-09-01,8:22:00 AM,01 - Clear,01 - Daylight,01 - Dry,01 - Traffic signal,01 - Functioning,02 - Non-fatal injury,03 - Rear end,0
17-7725,BOOTH ST @ WELLINGTON ST S,366402.48072,5030674.90547,-75.71294971990,45.41329858270,2017-09-01,8:24:00 AM,01 - Clear,01 - Daylight,01 - Dry,02 - Stop sign,01 - Functioning,03 - P.D. only,03 - Rear end,0
17-7726,ANALDEA DR/ WHITE ALDER AVE @ BANK ST,375697.86692,5020815.05959,-75.59561818480,45.32370442950,2017-09-01,8:24:00 AM,01 - Clear,01 - Daylight,01 - Dry,01 - Traffic signal,01 - Functioning,02 - Non-fatal injury,03 - Rear end,0
17-7727,PRESLAND RD btwn WHITTON CRES & ELLIS PRIV,370957.87131,5031812.08794,-75.65460226390,45.42311463840,2017-09-01,12:00:00 AM,01 - Clear,07 - Dark,01 - Dry,10 - No control,,03 - P.D. only,06 - SMV unattended vehicle,0
17-7728,ST. LAURENT BLVD @ COVENTRY RD/OGILVIE RD,372305.24789,5031951.87242,-75.63736761250,45.42424363250,2017-09-01,8:15:00 AM,01 - Clear,01 - Daylight,01 - Dry,01 - Traffic signal,00 - Unknown,03 - P.D. only,04 - Sideswipe,0
17-7729,RIVERSIDE DR @ TREMBLAY RD/HWY417 IC117 RAMP52,370802.74403,5031016.12988,-75.65669096560,45.41596759140,2017-09-01,9:30:00 AM,01 - Clear,01 - Daylight,01 - Dry,01 - Traffic signal,01 - Functioning,03 - P.D. only,03 - Rear end,0
17-7730,TERRY FOX DR @ PALLADIUM DR/KATIMAVIK RD,351270.38393,5018181.99718,-75.90744393690,45.30205370580,2017-09-01,12:00:00 PM,01 - Clear,01 - Daylight,01 - Dry,01 - Traffic signal,01 - Functioning,03 - P.D. only,03 - Rear end,0
17-7731,MARCH RD btwn CARLING AVE/STATION RD & 280 S OF CARLING AVE/STATION RD,350973.75286,5022171.04560,-75.91085426730,45.33796769540,2017-09-01,12:30:00 PM,01 - Clear,01 - Daylight,01 - Dry,10 - No control,,02 - Non-fatal injury,03 - Rear end,0
17-7732,ST. LAURENT BLVD btwn BELFAST RD & INDUSTRIAL AVE,372882.69968,5030529.06145,-75.63018594020,45.41138589040,2017-09-01,1:08:00 PM,01 - Clear,01 - Daylight,01 - Dry,10 - No control,,03 - P.D. only,03 - Rear end,0
17-7733,HAZELDEAN RD @ TERRY FOX DR,352208.27693,5017242.67298,-75.89557508610,45.29353875900,2017-09-01,1:20:00 PM,01 - Clear,01 - Daylight,01 - Dry,01 - Traffic signal,01 - Functioning,02 - Non-fatal injury,03 - Rear end,0
17-7734,SOUTHLAND CRES btwn KARSH DR & KARSH DR,373762.83634,5026163.74375,-75.61955288070,45.37202258630,2017-09-01,1:51:00 PM,01 - Clear,01 - Daylight,01 - Dry,10 - No control,,03 - P.D. only,06 - SMV unattended vehicle,0
17-7735,BANK ST @ SURREY AVE,370383.70226,5025810.19875,-75.66273640370,45.36916588930,2017-09-01,1:59:00 PM,01 - Clear,01 - Daylight,01 - Dry,02 - Stop sign,01 - Functioning,03 - P.D. only,02 - Angle,0
17-7736,BLACKBURN BYPASS @ NAVAN RD,379617.68519,5033274.57411,-75.54373533120,45.43540049270,2017-09-01,2:14:00 PM,01 - Clear,01 - Daylight,01 - Dry,01 - Traffic signal,01 - Functioning,03 - P.D. only,03 - Rear end,0
17-7737,BEARHILL RD @ MARCH RD,338158.71718,5017979.81977,-76.07464230660,45.30097942580,2017-09-01,2:59:00 PM,01 - Clear,01 - Daylight,01 - Dry,02 - Stop sign,01 - Functioning,03 - P.D. only,03 - Rear end,0
17-7738,PRINCE OF WALES DR btwn COLONNADE RD & STEPHANIE AVE,367441.24278,5023151.10154,-75.70063403440,45.34550907850,2017-09-01,2:47:00 PM,01 - Clear,01 - Daylight,01 - Dry,10 - No control,,03 - P.D. only,03 - Rear end,0
17-7739,TERRY FOX DR @ PALLADIUM DR/KATIMAVIK RD,351270.38393,5018181.10927,-75.90744402010,45.30204571620,2017-09-01,3:24:00 PM,01 - Clear,01 - Daylight,01 - Dry,01 - Traffic signal,01 - Functioning,03 - P.D. only,03 - Rear end,0
17-7740,MERIVALE RD btwn EMERALD PLAZA SC & MEADOWLANDS DR,364826.33744,5023799.51256,-75.73392112180,45.35157204790,2017-09-01,3:29:00 PM,01 - Clear,01 - Daylight,01 - Dry,10 - No control,,03 - P.D. only,03 - Rear end,0
17-7741,MCARTHUR AVE @ VANIER PKWY,370217.89301,5032688.72917,-75.66394061220,45.43107188850,2017-09-01,3:36:00 PM,01 - Clear,01 - Daylight,01 - Dry,01 - Traffic signal,01 - Functioning,03 - P.D. only,04 - Sideswipe,0
17-7742,MACLAREN ST @ O'CONNOR ST,367898.75911,5030939.86015,-75.69380081320,45.41554924190,2017-09-01,3:42:00 PM,01 - Clear,01 - Daylight,01 - Dry,02 - Stop sign,01 - Functioning,02 - Non-fatal injury,02 - Angle,0
17-7743,MONTREAL RD @ BORTHWICK AVE,371944.34495,5034010.11598,-75.64169828350,45.44279747430,2017-09-01,3:15:00 PM,01 - Clear,01 - Daylight,01 - Dry,02 - Stop sign,01 - Functioning,03 - P.D. only,02 - Angle,0
17-7744,EARL ARMSTRONG RD @ RIVER RD,367572.71850,5014685.49040,-75.70002865500,45.26932494060,2017-09-01,4:00:00 PM,01 - Clear,01 - Daylight,01 - Dry,01 - Traffic signal,01 - Functioning,02 - Non-fatal injury,02 - Angle,0
17-7745,ARGYLE AVE @ O'CONNOR ST,368185.59635,5030485.34778,-75.69019477560,45.41143376390,2017-09-01,12:00:00 AM,01 - Clear,00 - Unknown,01 - Dry,01 - Traffic signal,00 - Unknown,03 - P.D. only,06 - SMV unattended vehicle,0
17-7746,MERIVALE RD btwn VIEWMOUNT DR & COLONNADE RD,365235.20653,5022847.94046,-75.72881973010,45.34297481880,2017-09-01,4:21:00 PM,01 - Clear,01 - Daylight,01 - Dry,10 - No control,,02 - Non-fatal injury,03 - Rear end,0
17-7747,GREENBANK RD @ LISA AVE,360554.51289,5022893.70811,-75.78853749360,45.34377427650,2017-09-01,4:37:00 PM,01 - Clear,01 - Daylight,01 - Dry,01 - Traffic signal,01 - Functioning,02 - Non-fatal injury,02 - Angle,0
17-7748,MONTREAL RD @ OLMSTEAD ST,370332.85064,5033213.39786,-75.66240174470,45.43578187310,2017-09-01,4:53:00 PM,01 - Clear,01 - Daylight,01 - Dry,01 - Traffic signal,01 - Functioning,02 - Non-fatal injury,07 - SMV other,1
17-7749,MERIVALE RD btwn SLACK RD & CAPITAL DR,366061.48205,5020853.43760,-75.71852394070,45.32495689020,2017-09-01,5:03:00 PM,01 - Clear,01 - Daylight,01 - Dry,10 - No control,,03 - P.D. only,01 - Approaching,0
17-7750,MACDONALD-CARTIER BR RAMP SB-2 btwn BOTELER ST & MACDONALD-CARTIER BR,367555.14138,5033162.01925,-75.69790758800,45.43557439780,2017-09-01,5:30:00 PM,01 - Clear,01 - Daylight,01 - Dry,10 - No control,,02 - Non-fatal injury,03 - Rear end,0
17-7751,TERRY FOX DR S @ DIDSBURY RD/CENTRUM KANATA SC,350625.06303,5018916.46335,-75.91560425700,45.30870502700,2017-09-01,5:52:00 PM,01 - Clear,01 - Daylight,01 - Dry,01 - Traffic signal,01 - Functioning,03 - P.D. only,05 - Turning movement,0
17-7752,JASMINE CRES S @ OGILVIE RD,375353.78855,5033720.34871,-75.59816243350,45.43985453710,2017-09-01,6:42:00 PM,01 - Clear,01 - Daylight,01 - Dry,02 - Stop sign,01 - Functioning,03 - P.D. only,02 - Angle,0
17-7753,FALLOWFIELD RD btwn MUNSTER RD & CONLEY RD,347163.86024,5005037.89549,-75.96092461210,45.18403692730,2017-09-01,8:20:00 PM,01 - Clear,07 - Dark,01 - Dry,10 - No control,,03 - P.D. only,07 - SMV other,0
17-7754,ANDERSON RD btwn RUSSELL RD & HWY417 IC104 RAMP61,379786.81391,5026610.69980,-75.54258738430,45.37542533280,2017-09-01,9:18:00 PM,01 - Clear,07 - Dark,01 - Dry,10 - No control,,03 - P.D. only,07 - SMV other,0
17-7755,KANATA AVE btwn EARL GREY DR & MARITIME WAY,351222.52824,5019312.66221,-75.90794821960,45.31223088660,2017-09-01,9:50:00 PM,02 - Rain,07 - Dark,02 - Wet,10 - No control,,03 - P.D. only,03 - Rear end,0
17-7756,KANATA RD @ LORD BYNG WAY/MARITIME WAY,351429.71834,5019332.87046,-75.90530405230,45.31239899850,2017-09-01,8:00:00 PM,01 - Clear,07 - Dark,01 - Dry,01 - Traffic signal,01 - Functioning,03 - P.D. only,03 - Rear end,0
17-7757,GREENBANK RD btwn MONTEREY DR & MEADOWBANK DR,360675.10365,5022397.40343,-75.78705485230,45.33929893750,2017-09-02,5:34:00 AM,01 - Clear,07 - Dark,01 - Dry,10 - No control,,03 - P.D. only,07 - SMV other,0
17-7758,ECCLES ST btwn LEBRETON ST N & BELL ST N,366742.85900,5030221.03276,-75.70865840450,45.40918471860,2017-09-02,6:51:00 AM,01 - Clear,03 - Dawn,01 - Dry,10 - No control,,02 - Non-fatal injury,07 - SMV other,0
17-7759,DONALD ST btwn TELFORD AVE & OKEE ST,371847.09872,5032442.80009,-75.64315469500,45.42870483820,2017-09-02,7:25:00 AM,01 - Clear,03 - Dawn,01 - Dry,10 - No control,,03 - P.D. only,06 - SMV unattended vehicle,0
17-7760,TERRY FOX DR btwn WALTER BAKER PL & 240 S OF EDGEWATER ST,351806.75993,5017587.40490,-75.90066121060,45.29666772290,2017-09-02,7:28:00 AM,01 - Clear,01 - Daylight,01 - Dry,10 - No control,,02 - Non-fatal injury,07 - SMV other,0
17-7761,YORK ST EB btwn BY WARD MARKET SQ & SUSSEX DR,367923.87470,5032312.10367,-75.69330412240,45.42789396500,2017-09-01,2:00:00 PM,01 - Clear,01 - Daylight,01 - Dry,10 - No control,,03 - P.D. only,06 - SMV unattended vehicle,0
17-7762,BANK ST @ HUNT CLUB RD,371608.25860,5024096.74515,-75.64733665540,45.35363316390,2017-09-02,9:41:00 AM,01 - Clear,01 - Daylight,01 - Dry,01 - Traffic signal,01 - Functioning,03 - P.D. only,02 - Angle,0
17-7763,BRONSON AVE @ HOLMWOOD AVE,367700.96289,5028729.44402,-75.69660974520,45.39567839290,2017-09-02,10:47:00 AM,01 - Clear,01 - Daylight,01 - Dry,01 - Traffic signal,01 - Functioning,03 - P.D. only,03 - Rear end,0
17-7764,MCKITRICK DR btwn MELANIE CRES N & SUMNER ST,353002.22885,5017125.49912,-75.88546467970,45.29243038540,2017-08-27,8:00:00 PM,01 - Clear,01 - Daylight,01 - Dry,10 - No control,,03 - P.D. only,06 - SMV unattended vehicle,0
17-7765,BASELINE RD @ CORDOVA ST,363593.46622,5024409.74838,-75.74958155170,45.35716732850,2017-09-02,11:45:00 AM,01 - Clear,01 - Daylight,01 - Dry,01 - Traffic signal,01 - Functioning,03 - P.D. only,03 - Rear end,0
17-7766,LEES AVE @ KING EDWARD AVE/MANN AVE,369178.88895,5031334.78603,-75.67739495470,45.41898603330,2017-09-02,1:12:00 PM,01 - Clear,01 - Daylight,01 - Dry,01 - Traffic signal,01 - Functioning,03 - P.D. only,03 - Rear end,0
17-7767,BRONSON AVE @ SOMERSET ST,366968.16947,5030476.33551,-75.70574806460,45.41146188120,2017-09-02,1:46:00 PM,01 - Clear,01 - Daylight,01 - Dry,01 - Traffic signal,01 - Functioning,03 - P.D. only,03 - Rear end,0
17-7768,BANKFIELD RD @ PRINCE OF WALES DR,366379.21653,5008974.20297,-75.71594436950,45.21804031540,2017-09-02,2:30:00 PM,01 - Clear,01 - Daylight,01 - Dry,01 - Traffic signal,01 - Functioning,03 - P.D. only,03 - Rear end,0
17-7769,ELGIN ST @ WELLINGTON ST W,367665.81368,5031878.24333,-75.69665707960,45.42401347640,2017-09-02,3:34:00 PM,01 - Clear,01 - Daylight,01 - Dry,01 - Traffic signal,00 - Unknown,03 - P.D. only,03 - Rear end,0
17-7770,BANK ST @ CAHILL DR/DAZE ST,371307.50985,5024315.76864,-75.65114517580,45.35563245400,2017-09-02,3:35:00 PM,01 - Clear,01 - Daylight,01 - Dry,01 - Traffic signal,01 - Functioning,03 - P.D. only,03 - Rear end,0
17-7771,KITCHENER AVE btwn COCHRANE ST & JASPER AVE,370981.58208,5025764.07947,-75.65511067800,45.36869472100,2017-09-02,4:07:00 PM,01 - Clear,01 - Daylight,01 - Dry,10 - No control,,03 - P.D. only,03 - Rear end,0
17-7772,WALKLEY RD @ DON REID DR/RYDER ST,372602.33673,5027284.53700,-75.63421335040,45.38222027680,2017-09-02,4:25:00 PM,01 - Clear,01 - Daylight,01 - Dry,01 - Traffic signal,01 - Functioning,02 - Non-fatal injury,02 - Angle,0
17-7773,BRONSON AVE @ SUNNYSIDE AVE/UNIVERSITY RD - CA,367923.66589,5028090.83025,-75.69384729870,45.38991228930,2017-09-02,5:03:00 PM,01 - Clear,01 - Daylight,01 - Dry,01 - Traffic signal,01 - Functioning,03 - P.D. only,99 - Other,0
17-7774,BRONSON AVE @ CATHERINE ST/RAYMOND ST,367252.70850,5029795.84965,-75.70219939090,45.40531373540,2017-09-02,6:53:00 PM,01 - Clear,01 - Daylight,01 - Dry,01 - Traffic signal,01 - Functioning,03 - P.D. only,03 - Rear end,0
17-7775,CARLING AVE @ PINECREST  RD/GREENVIEW AVE,360006.20233,5024632.76469,-75.79533958310,45.35946565440,2017-09-02,7:05:00 PM,01 - Clear,01 - Daylight,01 - Dry,01 - Traffic signal,01 - Functioning,03 - P.D. only,03 - Rear end,0
17-7776,BRONSON AVE @ SOMERSET ST,366968.64285,5030476.33551,-75.70574201710,45.41146183910,2017-09-02,8:11:00 PM,01 - Clear,07 - Dark,01 - Dry,01 - Traffic signal,01 - Functioning,02 - Non-fatal injury,03 - Rear end,0
17-7777,MAYVIEW AVE btwn MEDFORD ST & MERIVALE RD,364811.66299,5026370.55155,-75.73379615920,45.37470711680,2017-09-02,8:37:00 PM,01 - Clear,07 - Dark,01 - Dry,10 - No control,,03 - P.D. only,06 - SMV unattended vehicle,0
17-7778,BANK ST btwn SALE BARN RD & GREY'S CREEK RD,380146.24257,5013406.30269,-75.54000721880,45.25658076240,2017-09-02,9:04:00 PM,01 - Clear,07 - Dark,01 - Dry,10 - No control,,03 - P.D. only,07 - SMV other,0
17-7779,ALBION RD btwn LESTER RD & LEITRIM RD,372750.65718,5022197.48993,-75.63301897200,45.33643456390,2017-09-02,10:55:00 PM,01 - Clear,07 - Dark,01 - Dry,10 - No control,,02 - Non-fatal injury,07 - SMV other,0
17-7780,RUSSELL RD btwn BLAKE RD & RAMSAYVILLE RD,377391.49753,5026511.14999,-75.57318071950,45.37478188050,2017-09-03,12:24:00 AM,01 - Clear,07 - Dark,01 - Dry,10 - No control,,02 - Non-fatal injury,03 - Rear end,0
17-7781,CAHILL DR    W btwn MCCARTHY RD & OWL DR,370277.09663,5023757.18738,-75.66436919790,45.35070348090,2017-09-03,2:35:00 AM,01 - Clear,07 - Dark,01 - Dry,10 - No control,,03 - P.D. only,06 - SMV unattended vehicle,0
17-7782,TRENTON AVE btwn PRINCE ST & SILVER ST,365209.76714,5026559.52337,-75.72869067800,45.37637324230,2017-09-03,2:00:00 AM,01 - Clear,07 - Dark,01 - Dry,10 - No control,,03 - P.D. only,06 - SMV unattended vehicle,0
17-7783,RIDEAU VALLEY DR    N btwn KELLY MARIE DR & BOUCHER CRES,370635.88121,5008143.46026,-75.66186195310,45.21018045190,2017-09-02,9:30:00 PM,01 - Clear,07 - Dark,01 - Dry,10 - No control,,03 - P.D. only,07 - SMV other,0
17-7784,CATHERINE ST/HWY 417 O'CONN IC119BR76 @ O'CONN,368243.44328,5030392.65984,-75.68946773590,45.41059454570,2017-09-03,10:09:00 AM,02 - Rain,01 - Daylight,02 - Wet,01 - Traffic signal,01 - Functioning,03 - P.D. only,02 - Angle,0
17-7785,INNES RD btwn BLAIR RD & ANDERSON RD,376210.96810,5031803.57107,-75.58748509990,45.42252149410,2017-09-03,10:23:00 AM,02 - Rain,01 - Daylight,02 - Wet,10 - No control,,03 - P.D. only,05 - Turning movement,0
17-7786,MARCH RD @ TERRY FOX DR,349865.05553,5023400.17929,-75.92488779280,45.34909981090,2017-09-03,10:39:00 AM,02 - Rain,01 - Daylight,02 - Wet,01 - Traffic signal,01 - Functioning,02 - Non-fatal injury,04 - Sideswipe,0
17-7787,BREWER RD @ BRONSON AVE,368109.52047,5027767.14596,-75.69151550900,45.38698309450,2017-09-03,10:59:00 AM,02 - Rain,01 - Daylight,02 - Wet,01 - Traffic signal,01 - Functioning,03 - P.D. only,03 - Rear end,0
17-7788,AIRPORT PKWY btwn BROOKFIELD RAMP 34 & BRONSON AVE RAMP 24C,368709.77307,5026677.72923,-75.68399188500,45.37712632820,2017-09-03,11:03:00 AM,02 - Rain,01 - Daylight,02 - Wet,10 - No control,,03 - P.D. only,04 - Sideswipe,0
17-7789,CARLING AVE/STATION RD @ MARCH RD,350906.61715,5022247.37224,-75.91170371560,45.33865891370,2017-09-03,11:25:00 AM,02 - Rain,01 - Daylight,02 - Wet,01 - Traffic signal,01 - Functioning,03 - P.D. only,07 - SMV other,0
17-7790,BARNSDALE RD @ TWIN ELM RD N,360185.17057,5007832.46823,-75.79493051590,45.20828091240,2017-09-03,11:36:00 AM,02 - Rain,01 - Daylight,02 - Wet,02 - Stop sign,01 - Functioning,03 - P.D. only,07 - SMV other,0
17-7791,BRONSON AVE btwn UNIVERSITY RD & BREWER WAY,367940.50480,5028061.96077,-75.69363596430,45.38965101180,2017-09-03,11:43:00 AM,02 - Rain,01 - Daylight,02 - Wet,10 - No control,,03 - P.D. only,04 - Sideswipe,0
17-7792,ROCKY HILL DR @ PRINCE OF WALES DR,366968.76840,5014403.42040,-75.70775992160,45.26684053870,2017-09-03,11:50:00 AM,02 - Rain,01 - Daylight,02 - Wet,01 - Traffic signal,01 - Functioning,03 - P.D. only,03 - Rear end,0
17-7793,BOOTH ST @ GLADSTONE AVE,366768.15895,5029849.46880,-75.70838192150,45.40583924970,2017-09-03,11:55:00 AM,01 - Clear,01 - Daylight,01 - Dry,01 - Traffic signal,01 - Functioning,03 - P.D. only,02 - Angle,0
17-7794,FROBISHER LANE W @ RIVERSIDE DR,370118.70842,5029601.22618,-75.66561734450,45.40330101160,2017-09-03,12:39:00 PM,01 - Clear,01 - Daylight,02 - Wet,01 - Traffic signal,01 - Functioning,03 - P.D. only,03 - Rear end,0
17-7795,LAFONTAINE AVE @ MCARTHUR AVE,370951.14599,5032772.29055,-75.65455922390,45.43175476430,2017-09-03,12:45:00 PM,02 - Rain,01 - Daylight,02 - Wet,01 - Traffic signal,01 - Functioning,03 - P.D. only,05 - Turning movement,0
17-7796,CYRVILLE RD @ MEADOWBROOK RD,374628.78615,5031241.84604,-75.60777990390,45.41762710910,2017-09-03,12:30:00 PM,02 - Rain,01 - Daylight,02 - Wet,01 - Traffic signal,01 - Functioning,03 - P.D. only,03 - Rear end,0
17-7797,BREWER RD @ BRONSON AVE,368108.57373,5027765.25247,-75.69152784170,45.38696614290,2017-09-03,12:50:00 PM,02 - Rain,01 - Daylight,02 - Wet,01 - Traffic signal,01 - Functioning,03 - P.D. only,03 - Rear end,0
17-7798,DALY AVE @ NICHOLAS ST,368226.26731,5032046.33475,-75.68947428870,45.42547531320,2017-09-03,1:04:00 PM,02 - Rain,01 - Daylight,02 - Wet,01 - Traffic signal,01 - Functioning,02 - Non-fatal injury,02 - Angle,0
17-7799,CYRVILLE RD btwn STAR TOP RD & MEADOWBROOK RD,374504.04592,5031283.89421,-75.60936760040,45.41801787480,2017-09-03,1:15:00 PM,02 - Rain,01 - Daylight,02 - Wet,10 - No control,,02 - Non-fatal injury,02 - Angle,0
17-7800,WALKLEY RD btwn HARDING RD & HALIFAX DR,373215.17718,5027646.60439,-75.62633855210,45.38541842190,2017-09-03,1:18:00 PM,02 - Rain,01 - Daylight,02 - Wet,10 - No control,,03 - P.D. only,03 - Rear end,0
17-7801,CENTREPOINTE DR btwn Continuation of CENTREPOINTE DR & HEMMINGWOOD WAY,362298.65085,5023250.97300,-75.76624147620,45.34684812840,2017-09-03,1:18:00 PM,02 - Rain,01 - Daylight,02 - Wet,10 - No control,,02 - Non-fatal injury,07 - SMV other,0
17-7802,PRINCESS PATRICIA WAY btwn MARCHE WAY & PRINCESS PATRICIA WAY,368836.40130,5029302.10410,-75.68203470910,45.40072808550,2017-09-03,11:30:00 AM,02 - Rain,01 - Daylight,02 - Wet,10 - No control,,03 - P.D. only,04 - Sideswipe,0
17-7803,BESSERER ST @ KING EDWARD AVE,368550.70520,5032340.34315,-75.68529065440,45.42809120120,2017-09-03,4:19:00 PM,02 - Rain,01 - Daylight,02 - Wet,01 - Traffic signal,01 - Functioning,03 - P.D. only,02 - Angle,0
17-7804,SWEETNAM DR btwn ORCHARD DR & HARRY DOUGLAS DR,350576.06009,5015491.67059,-75.91654523730,45.27789092830,2017-09-03,2:39:00 PM,02 - Rain,01 - Daylight,02 - Wet,10 - No control,,03 - P.D. only,07 - SMV other,0
17-7805,WOODROFFE AVE/HWY 417 WOODROFF IC127R25 @ HWY,362179.42373,5024694.67905,-75.76759529980,45.35984825990,2017-09-03,2:44:00 PM,02 - Rain,01 - Daylight,02 - Wet,01 - Traffic signal,01 - Functioning,03 - P.D. only,07 - SMV other,0
17-7806,TENTH LINE RD btwn LAKEPOINTE DR & BLACKBURN BYPS,384426.66722,5035026.32991,-75.48199647810,45.45063014890,2017-09-03,2:46:00 PM,02 - Rain,01 - Daylight,02 - Wet,10 - No control,,03 - P.D. only,07 - SMV other,0
17-7807,LYON ST    N btwn QUEEN ST & ALBERT ST,367044.78937,5031245.47594,-75.70467213080,45.41837556630,2017-09-03,11:41:00 AM,02 - Rain,01 - Daylight,02 - Wet,10 - No control,,03 - P.D. only,06 - SMV unattended vehicle,0
17-7808,MERIVALE RD @ CAPILANO DR/WITHROW AVE,364642.90690,5024227.05205,-75.73621017390,45.35543466790,2017-09-03,2:53:00 PM,02 - Rain,01 - Daylight,02 - Wet,01 - Traffic signal,01 - Functioning,03 - P.D. only,02 - Angle,0
17-7809,EXPLORER LANE N @ VOYAGEUR DR N,378433.38870,5037815.48180,-75.55819015670,45.47638205950,2017-09-03,3:19:00 PM,02 - Rain,01 - Daylight,02 - Wet,,01 - Functioning,03 - P.D. only,07 - SMV other,0
17-7810,GREENBANK RD btwn 220 N OF STRANDHERD DR & STRANDHERD DR,363926.81505,5014803.67092,-75.74647357430,45.27070430300,2017-09-03,3:24:00 PM,01 - Clear,01 - Daylight,01 - Dry,10 - No control,,02 - Non-fatal injury,03 - Rear end,0
17-7811,OTTAWA RIVER PKWY OFFR-EB @ PARKDALE AVE,364685.09634,5030331.05427,-75.73493127640,45.41035376440,2017-09-03,2:30:00 PM,02 - Rain,01 - Daylight,02 - Wet,03 - Yield sign,00 - Unknown,02 - Non-fatal injury,07 - SMV other,0
17-7812,WOODROFFE AVE @ GEORGINA DR/LENESTER AVE,361909.96718,5025369.84724,-75.77095639970,45.36594537180,2017-09-03,4:15:00 PM,02 - Rain,01 - Daylight,02 - Wet,01 - Traffic signal,01 - Functioning,03 - P.D. only,03 - Rear end,0
17-7813,ORCHARDVIEW AVE @ GARDENWAY DR,384734.67010,5036807.09975,-75.47776989000,45.46661669470,2017-09-03,4:32:00 PM,02 - Rain,01 - Daylight,02 - Wet,02 - Stop sign,01 - Functioning,03 - P.D. only,02 - Angle,0