COLLISION_ID,LOCATION,X,Y,LONGITUDE,LATITUDE,DATE,TIME,ENVIRONMENT,LIGHT,SURFACE_CONDITION,TRAFFIC_CONTROL,TRAFFIC_CONTROL_CONDITION,COLLISION_CLASSIFICATION,IMPACT_TYPE,NO_OF_PEDESTRIANS
17-7814,CARLING AVE @ NORTON AVE,360636.94538,5025011.84781,-75.78724647540,45.36282667720,2017-09-03,4:32:00 PM,01 - Clear,01 - Daylight,02 - Wet,02 - Stop sign,01 - Functioning,03 - P.D. only,05 - Turning movement,0
17-7815,MOODIE DR @ WEST HUNT CLUB RD,357907.17833,5018499.16576,-75.82278801810,45.30443724200,2017-09-03,5:10:00 PM,02 - Rain,01 - Daylight,02 - Wet,01 - Traffic signal,01 - Functioning,03 - P.D. only,03 - Rear end,0
17-7816,BRONSON AVE @ IMPERIAL AVE/PLYMOUTH ST,367318.64663,5029643.41466,-75.70137647550,45.40393628330,2017-09-03,5:14:00 PM,02 - Rain,01 - Daylight,02 - Wet,10 - No control,00 - Unknown,03 - P.D. only,03 - Rear end,0
17-7817,OGILVIE RD @ CITY PARK DR E/CSIS HQ ACCESS,374187.78145,5033010.81349,-75.61316485200,45.43358722070,2017-09-03,5:40:00 PM,02 - Rain,01 - Daylight,02 - Wet,01 - Traffic signal,01 - Functioning,02 - Non-fatal injury,07 - SMV other,0
17-7818,MOODIE DR btwn WEST HUNT CLUB RD & ALTI PL,358646.67676,5016680.52814,-75.81355623160,45.28801663960,2017-09-03,6:21:00 PM,02 - Rain,01 - Daylight,02 - Wet,10 - No control,,03 - P.D. only,07 - SMV other,0
17-7819,COOPER ST btwn METCALFE ST & ELGIN ST,367984.60674,5031193.09504,-75.69267159670,45.41782001890,2017-09-03,7:24:00 PM,01 - Clear,05 - Dusk,02 - Wet,10 - No control,,03 - P.D. only,99 - Other,0
17-7820,WEST HUNT CLUB RD EB btwn WOODROFFE AVE & 354 E OF WOODROFFE AVE/REC P,363832.22027,5021362.85698,-75.74689804430,45.32973163170,2017-09-03,11:19:00 PM,02 - Rain,07 - Dark,02 - Wet,10 - No control,,03 - P.D. only,07 - SMV other,0
17-7821,VANIER PKWY/CRICHTON ST @ BEECHWOOD AVE/ST. PA,369127.82771,5033486.90767,-75.67776621060,45.43835470350,2017-09-03,11:51:00 PM,01 - Clear,07 - Dark,01 - Dry,01 - Traffic signal,01 - Functioning,02 - Non-fatal injury,07 - SMV other,0
17-7822,DALHOUSIE ST @ YORK ST,368093.65034,5032419.35661,-75.69112089660,45.42884364610,2017-09-04,12:41:00 AM,01 - Clear,07 - Dark,01 - Dry,01 - Traffic signal,00 - Unknown,03 - P.D. only,05 - Turning movement,0
17-7823,CUMMINGS AVE btwn OGILVIE RD & LABELLE ST,372863.16030,5031917.28037,-75.63024379460,45.42387832830,2017-09-04,1:05:00 AM,01 - Clear,07 - Dark,01 - Dry,10 - No control,,03 - P.D. only,02 - Angle,0
17-7824,BAYSWATER AVE btwn BEECH ST & HICKORY ST,366262.89906,5028874.24133,-75.71495733900,45.39710895020,2017-09-04,8:15:00 AM,02 - Rain,01 - Daylight,02 - Wet,10 - No control,,03 - P.D. only,06 - SMV unattended vehicle,0
17-7825,COLONEL BY DR/MACKENZIE AVE @ DALY AVE,368003.18497,5031905.29006,-75.69234287480,45.42422643360,2017-09-04,9:21:00 AM,01 - Clear,01 - Daylight,01 - Dry,01 - Traffic signal,01 - Functioning,02 - Non-fatal injury,03 - Rear end,0
17-7826,CATHERINE ST @ METCALFE ST,368393.88812,5030486.73651,-75.68753376040,45.41142736240,2017-09-04,1:00:00 PM,01 - Clear,01 - Daylight,02 - Wet,01 - Traffic signal,01 - Functioning,03 - P.D. only,02 - Angle,0
17-7827,BLOHM DR btwn NOTMAN WAY & PITTAWAY AVE,374236.52738,5025936.27267,-75.61353797660,45.36992912660,2017-09-04,1:44:00 PM,01 - Clear,01 - Daylight,01 - Dry,10 - No control,,03 - P.D. only,06 - SMV unattended vehicle,0
17-7828,JOHNWOODS ST btwn MAPLE GROVE RD & ALON ST,349646.05792,5016013.93544,-75.92835111570,45.28265037820,2017-09-04,2:52:00 PM,01 - Clear,01 - Daylight,01 - Dry,10 - No control,,03 - P.D. only,07 - SMV other,0
17-7829,MARIER AVE @ MONTREAL RD,370420.18167,5033260.88094,-75.66127932630,45.43620091460,2017-09-04,3:10:00 PM,02 - Rain,01 - Daylight,02 - Wet,01 - Traffic signal,01 - Functioning,03 - P.D. only,03 - Rear end,0
17-7830,BLAIR RD @ OGILVIE RD,374508.19707,5033197.39157,-75.60904374640,45.43523408100,2017-09-04,3:05:00 PM,01 - Clear,01 - Daylight,01 - Dry,01 - Traffic signal,01 - Functioning,03 - P.D. only,03 - Rear end,0
17-7831,AYLMER AVE btwn GROSVENOR AVE & BARTON ST,368480.66082,5028612.45334,-75.68666731020,45.39455527110,2017-09-04,4:28:00 PM,01 - Clear,01 - Daylight,01 - Dry,10 - No control,,02 - Non-fatal injury,06 - SMV unattended vehicle,0
17-7832,GREENBANK RD btwn CANFIELD RD & BELLMAN DR,361210.79736,5021121.90945,-75.78036551900,45.32777919120,2017-09-04,5:05:00 PM,02 - Rain,01 - Daylight,02 - Wet,10 - No control,,02 - Non-fatal injury,02 - Angle,0
17-7833,KANATA RD @ LORD BYNG WAY/MARITIME WAY,351429.63955,5019331.97790,-75.90530513990,45.31239097190,2017-09-04,5:52:00 PM,02 - Rain,01 - Daylight,02 - Wet,01 - Traffic signal,01 - Functioning,02 - Non-fatal injury,03 - Rear end,0
17-7834,LAKEPOINTE DR btwn TENTH LINE RD & AQUAVIEW DR,384351.38080,5035459.04941,-75.48288885430,45.45453193880,2017-08-11,6:00:00 PM,99 - Other,99 - Other,99 - Other,10 - No control,,03 - P.D. only,06 - SMV unattended vehicle,0
17-7835,LACASSE AVE @ MCARTHUR AVE,370824.66679,5032756.81125,-75.65617758280,45.43162744060,2017-09-04,7:10:00 PM,02 - Rain,05 - Dusk,02 - Wet,02 - Stop sign,01 - Functioning,02 - Non-fatal injury,07 - SMV other,1
17-7836,MAITLAND AVE/HWY 417 MAITLAND IC126R53 @ HWY 4,363229.95533,5025774.73937,-75.75405947950,45.36947975160,2017-09-04,8:36:00 PM,02 - Rain,07 - Dark,02 - Wet,01 - Traffic signal,01 - Functioning,02 - Non-fatal injury,05 - Turning movement,0
17-7837,NAVAN RD btwn INNES RD & ORLEANS BLVD,379805.44737,5033217.21074,-75.54134456980,45.43486426330,2017-09-05,12:40:00 AM,01 - Clear,07 - Dark,02 - Wet,10 - No control,,03 - P.D. only,03 - Rear end,0
17-7838,HWY417 HUNT CLUB IC109 RAMP26 btwn HIGHWAY 417 WB & HUNT CLUB RD EB,376600.27700,5027695.24100,-75.58310920550,45.38551722440,2017-09-05,2:42:00 AM,02 - Rain,07 - Dark,02 - Wet,10 - No control,,02 - Non-fatal injury,07 - SMV other,0
17-7839,BLACKBURN BYPASS WB btwn NAVAN RD & INNES RD E,379734.43278,5033537.53325,-75.54220333100,45.43775390790,2017-09-05,5:30:00 AM,01 - Clear,07 - Dark,02 - Wet,10 - No control,,03 - P.D. only,07 - SMV other,0
17-7840,FALLOWFIELD RD btwn EAGLESON RD & RICHMOND RD,356250.34918,5012677.75766,-75.84451756540,45.25217838660,2017-09-05,7:21:00 AM,01 - Clear,01 - Daylight,01 - Dry,10 - No control,,02 - Non-fatal injury,04 - Sideswipe,0
17-7841,BOUNDARY RD @ INDCUM RD,387909.43395,5022577.16281,-75.43957494310,45.33821882380,2017-09-05,7:50:00 AM,01 - Clear,01 - Daylight,01 - Dry,02 - Stop sign,01 - Functioning,02 - Non-fatal injury,03 - Rear end,0
17-7842,CONROY RD @ WALKLEY RD,372904.49499,5027463.22831,-75.63033080200,45.38379875670,2017-09-05,8:21:00 AM,01 - Clear,01 - Daylight,02 - Wet,01 - Traffic signal,01 - Functioning,02 - Non-fatal injury,03 - Rear end,0
17-7843,EAGLESON RD btwn HWY417 IC138 RAMP51 & KATIMAVIK RD,353176.39232,5019657.82775,-75.88299724640,45.31520487570,2017-09-05,9:01:00 AM,01 - Clear,01 - Daylight,01 - Dry,10 - No control,,03 - P.D. only,04 - Sideswipe,0
17-7844,WOODROFFE AVE @ GEORGINA DR/LENESTER AVE,361911.10280,5025369.71695,-75.77094191930,45.36594410780,2017-09-05,8:30:00 AM,01 - Clear,01 - Daylight,01 - Dry,01 - Traffic signal,01 - Functioning,03 - P.D. only,03 - Rear end,0
17-7845,MONTREAL RD btwn PALACE ST & VANIER PKWY,369983.17122,5033015.86371,-75.66689679650,45.43403722690,2017-09-05,10:53:00 AM,01 - Clear,01 - Daylight,01 - Dry,10 - No control,,03 - P.D. only,03 - Rear end,0
17-7846,MONTREAL RD @ ST. LAURENT BLVD,371546.59675,5033816.47738,-75.64680836620,45.44109329550,2017-09-05,11:16:00 AM,01 - Clear,01 - Daylight,01 - Dry,01 - Traffic signal,01 - Functioning,03 - P.D. only,04 - Sideswipe,0
17-7847,HAWTHORNE RD btwn STEVENAGE DR & HUNT CLUB RD,375469.17285,5026501.69758,-75.59772244420,45.37489333910,2017-09-05,12:46:00 PM,01 - Clear,01 - Daylight,01 - Dry,10 - No control,,02 - Non-fatal injury,04 - Sideswipe,0
17-7848,CATHERINE ST @ LYON ST/HWY 417 LYON IC120BR36,367748.60045,5030091.44778,-75.69582751570,45.40792901740,2017-09-05,2:05:00 PM,01 - Clear,01 - Daylight,01 - Dry,01 - Traffic signal,01 - Functioning,03 - P.D. only,02 - Angle,0
17-7849,ORLEANS BLVD @ NAVAN RD,380597.46485,5033091.51041,-75.53124248040,45.43364790400,2017-09-05,8:50:00 AM,01 - Clear,01 - Daylight,01 - Dry,02 - Stop sign,01 - Functioning,03 - P.D. only,03 - Rear end,0
17-7850,LYON ST @ WELLINGTON ST,366935.24083,5031426.84051,-75.70604887270,45.42001716740,2017-09-05,2:47:00 PM,01 - Clear,01 - Daylight,01 - Dry,01 - Traffic signal,01 - Functioning,03 - P.D. only,03 - Rear end,0
17-7851,BESSERER ST @ CHARLOTTE ST,369292.70750,5032790.46838,-75.67575018230,45.43207322860,2017-09-05,2:51:00 PM,01 - Clear,01 - Daylight,01 - Dry,02 - Stop sign,01 - Functioning,03 - P.D. only,02 - Angle,0
17-7852,LACASSE AVE @ MONTREAL RD,370687.66219,5033406.11710,-75.65784147070,45.43748253300,2017-09-05,3:22:00 PM,01 - Clear,01 - Daylight,01 - Dry,01 - Traffic signal,01 - Functioning,02 - Non-fatal injury,05 - Turning movement,0
17-7853,MER BLEUE RD btwn 210 S OF INNES RD & INNES RD,382662.34609,5035526.11235,-75.50447022180,45.45532555440,2017-09-05,3:00:00 PM,01 - Clear,01 - Daylight,01 - Dry,10 - No control,,03 - P.D. only,04 - Sideswipe,0
17-7854,RIVERSIDE DR @ SAN REMO PRIV,370386.27415,5030402.19500,-75.66209327110,45.41048280610,2017-09-05,3:57:00 PM,01 - Clear,01 - Daylight,01 - Dry,01 - Traffic signal,01 - Functioning,02 - Non-fatal injury,05 - Turning movement,0
17-7855,BANK ST @ WELLINGTON ST,367258.15393,5031629.69072,-75.70189744210,45.42181359650,2017-09-05,3:55:00 PM,01 - Clear,01 - Daylight,01 - Dry,01 - Traffic signal,01 - Functioning,03 - P.D. only,04 - Sideswipe,0
17-7856,LENNOX ST @ PERTH ST,356634.13650,5006155.10515,-75.84030756470,45.19345759670,2017-09-05,4:00:00 PM,01 - Clear,01 - Daylight,01 - Dry,02 - Stop sign,01 - Functioning,02 - Non-fatal injury,02 - Angle,0
17-7857,MONTREAL RD @ ST. LAURENT BLVD,371546.64965,5033817.83139,-75.64680750640,45.44110547310,2017-09-05,4:13:00 PM,01 - Clear,01 - Daylight,01 - Dry,01 - Traffic signal,01 - Functioning,03 - P.D. only,03 - Rear end,0
17-7858,DEAKIN ST @ PRINCE OF WALES DR,367390.26417,5021522.81741,-75.70149047400,45.33086262930,2017-09-05,4:15:00 PM,01 - Clear,01 - Daylight,01 - Dry,01 - Traffic signal,01 - Functioning,03 - P.D. only,04 - Sideswipe,0
17-7859,MEADOWLANDS DR @ MERIVALE RD,364858.69990,5023725.74709,-75.73351709590,45.35090554520,2017-09-05,4:17:00 PM,01 - Clear,01 - Daylight,01 - Dry,01 - Traffic signal,00 - Unknown,03 - P.D. only,03 - Rear end,0
17-7860,MONTREAL RD @ ST. LAURENT BLVD,371546.18080,5033817.83365,-75.64681349920,45.44110553850,2017-09-05,4:24:00 PM,01 - Clear,01 - Daylight,01 - Dry,01 - Traffic signal,01 - Functioning,03 - P.D. only,05 - Turning movement,0
17-7861,MONTREAL RD btwn AVIATION PKWY & DEN HAAG DR (1),372204.10088,5034137.31673,-75.63836079500,45.44391696610,2017-09-05,4:26:00 PM,01 - Clear,01 - Daylight,01 - Dry,10 - No control,,03 - P.D. only,04 - Sideswipe,0
17-7862,LEMIEUX ST @ ST. LAURENT BLVD,372390.76891,5031742.32545,-75.63630363780,45.42234996930,2017-09-05,4:40:00 PM,01 - Clear,01 - Daylight,01 - Dry,01 - Traffic signal,01 - Functioning,03 - P.D. only,05 - Turning movement,0
17-7863,MONTREAL RD btwn ST. LAURENT BLVD & HILLSIDE DR,371582.97889,5033837.42744,-75.64634051930,45.44127831920,2017-09-05,4:44:00 PM,01 - Clear,01 - Daylight,01 - Dry,10 - No control,,03 - P.D. only,05 - Turning movement,0
17-7864,BASELINE RD btwn MERIVALE RD & FARLANE BLVD,365178.37618,5025402.47440,-75.72923286890,45.36596502570,2017-09-05,5:02:00 PM,01 - Clear,01 - Daylight,01 - Dry,10 - No control,,03 - P.D. only,04 - Sideswipe,0
17-7865,FISHER AVE @ TUNIS AVE,365497.17700,5027596.29515,-75.72489391460,45.38567706800,2017-09-05,5:04:00 PM,01 - Clear,01 - Daylight,01 - Dry,02 - Stop sign,01 - Functioning,02 - Non-fatal injury,02 - Angle,0
17-7866,DU GRAND BOIS AVE @ INNES RD,383108.79961,5035761.84565,-75.49872530810,45.45739658770,2017-09-05,5:32:00 PM,01 - Clear,01 - Daylight,01 - Dry,02 - Stop sign,01 - Functioning,03 - P.D. only,03 - Rear end,0
17-7867,TREMBLAY RD btwn RIVERSIDE DR & TRAIN STATION,371099.33019,5031270.86608,-75.65286766250,45.41823156210,2017-09-05,6:00:00 PM,01 - Clear,01 - Daylight,01 - Dry,10 - No control,,03 - P.D. only,02 - Angle,0
17-7868,BLAIR RD @ MEADOWBROOK RD,375194.73450,5032311.34584,-75.60039670780,45.42719316620,2017-09-05,6:16:00 PM,01 - Clear,05 - Dusk,01 - Dry,01 - Traffic signal,00 - Unknown,02 - Non-fatal injury,04 - Sideswipe,0
17-7869,ALBERT ST @ O'CONNOR ST,367539.24895,5031520.57300,-75.69831980250,45.42080663800,2017-09-05,6:00:00 PM,01 - Clear,01 - Daylight,01 - Dry,01 - Traffic signal,01 - Functioning,03 - P.D. only,04 - Sideswipe,0
17-7870,BANK ST @ WALKLEY RD,370337.37863,5025948.44496,-75.66330938350,45.37041411760,2017-09-05,9:43:00 PM,01 - Clear,07 - Dark,01 - Dry,01 - Traffic signal,01 - Functioning,03 - P.D. only,05 - Turning movement,0
17-7871,HAWTHORNE RD btwn BLAIS RD & RIDEAU RD,378311.29100,5019685.10212,-75.56245312840,45.31326880320,2017-09-06,7:04:00 AM,01 - Clear,03 - Dawn,01 - Dry,10 - No control,,03 - P.D. only,04 - Sideswipe,0
17-7872,MARCH RD @ UPPER DWYER HILL RD,334081.44190,5014290.78954,-76.12684823770,45.26796515570,2017-09-06,7:25:00 AM,"07 - Fog, mist, smoke, dust",01 - Daylight,01 - Dry,01 - Traffic signal,01 - Functioning,03 - P.D. only,03 - Rear end,0
17-7873,PRINCE OF WALES DR @ NORMANDY CRES S/KOCHAR DR,367446.90466,5024562.36799,-75.70038298660,45.35820685510,2017-09-06,8:16:00 AM,01 - Clear,01 - Daylight,01 - Dry,01 - Traffic signal,00 - Unknown,02 - Non-fatal injury,03 - Rear end,0
17-7874,BANK ST @ CATHERINE ST,368040.90056,5030267.56600,-75.69207114280,45.40948732340,2017-09-06,8:38:00 AM,01 - Clear,01 - Daylight,01 - Dry,01 - Traffic signal,01 - Functioning,03 - P.D. only,07 - SMV other,0
17-7875,REGIONAL ROAD 174 btwn OR174 IC112 RAMP36 & OR174 IC112 RAMP26,374778.11828,5032829.38160,-75.60564655000,45.43189597200,2017-09-05,5:40:00 PM,01 - Clear,01 - Daylight,01 - Dry,10 - No control,,03 - P.D. only,99 - Other,0
17-7876,BRONSON AVE @ FIFTH AVE/MADAWASKA DR,367613.99252,5028938.60125,-75.69769381520,45.39756813790,2017-09-06,9:57:00 AM,01 - Clear,01 - Daylight,01 - Dry,01 - Traffic signal,01 - Functioning,02 - Non-fatal injury,03 - Rear end,0
17-7877,BLAIR RD @ OGILVIE RD,374507.72370,5033198.33831,-75.60904966230,45.43524264610,2017-09-06,11:09:00 AM,01 - Clear,01 - Daylight,01 - Dry,01 - Traffic signal,01 - Functioning,03 - P.D. only,03 - Rear end,0
17-7878,BELFAST RD btwn TREMBLAY RD & TRAINYARDS DR,371806.73718,5030940.16870,-75.64387482460,45.41518870180,2017-09-06,12:12:00 PM,01 - Clear,01 - Daylight,01 - Dry,10 - No control,,02 - Non-fatal injury,03 - Rear end,0
17-7879,BANK ST @ LAURIER AVE,367481.60385,5031264.85188,-75.69908885120,45.41851090810,2017-09-06,12:53:00 PM,01 - Clear,01 - Daylight,01 - Dry,01 - Traffic signal,01 - Functioning,02 - Non-fatal injury,04 - Sideswipe,0
17-7880,ST. GERMAIN CRES btwn VORLAGE DR & VORLAGE DR,379629.22588,5037747.72337,-75.54290722080,45.47564529520,2017-09-06,12:57:00 PM,01 - Clear,01 - Daylight,01 - Dry,10 - No control,,03 - P.D. only,06 - SMV unattended vehicle,0
17-7881,GRANT CARMAN DR @ MEADOWLANDS DR,365051.21620,5023900.79055,-75.73103905160,45.35246404830,2017-09-06,1:18:00 PM,01 - Clear,01 - Daylight,01 - Dry,01 - Traffic signal,01 - Functioning,02 - Non-fatal injury,05 - Turning movement,0
17-7882,GREENBANK RD @ LISA AVE,360554.91956,5022893.41299,-75.78853233750,45.34377158890,2017-09-06,2:50:00 PM,01 - Clear,01 - Daylight,01 - Dry,01 - Traffic signal,01 - Functioning,03 - P.D. only,03 - Rear end,0
17-7883,ST. JOSEPH BLVD @ JEANNE D'ARC BLVD,379860.74250,5036471.34195,-75.54014141740,45.46413656570,2017-09-06,3:05:00 PM,01 - Clear,01 - Daylight,01 - Dry,11 - Roundabout,01 - Functioning,03 - P.D. only,04 - Sideswipe,0
17-7884,BOUNDARY RD @ NINTH LINE RD,387602.42879,5023359.32927,-75.44336055930,45.34529239390,2017-09-06,3:07:00 PM,01 - Clear,01 - Daylight,01 - Dry,02 - Stop sign,01 - Functioning,03 - P.D. only,05 - Turning movement,0
17-7885,PRINCE OF WALES DR @ WEST HUNT CLUB RD,367459.15723,5021891.27984,-75.70056499700,45.33417184090,2017-09-06,4:55:00 PM,01 - Clear,01 - Daylight,01 - Dry,01 - Traffic signal,01 - Functioning,03 - P.D. only,03 - Rear end,0
17-7886,EDISON AVE @ RAVENHILL AVE,363238.56044,5028065.58529,-75.75367848850,45.39009174690,2017-09-06,5:04:00 PM,01 - Clear,01 - Daylight,01 - Dry,02 - Stop sign,01 - Functioning,03 - P.D. only,02 - Angle,0
17-7887,HWY 417 MAITLAND IC126R26/62 @ MAITLAND AVE,363145.66755,5025983.45675,-75.75511078660,45.37136478750,2017-09-06,5:20:00 PM,01 - Clear,01 - Daylight,01 - Dry,01 - Traffic signal,01 - Functioning,02 - Non-fatal injury,03 - Rear end,0
17-7888,BANK ST @ HUNT CLUB RD,371609.20987,5024096.26951,-75.64732457980,45.35362879310,2017-09-06,5:55:00 PM,01 - Clear,01 - Daylight,01 - Dry,01 - Traffic signal,01 - Functioning,03 - P.D. only,03 - Rear end,0
17-7889,BESSERER ST btwn NICHOLAS ST & END,368155.66209,5032091.67480,-75.69037063150,45.42588966540,2017-09-06,6:17:00 PM,01 - Clear,01 - Daylight,01 - Dry,10 - No control,,03 - P.D. only,05 - Turning movement,0
17-7890,CARP RD @ HAZELDEAN RD,348804.91035,5014360.43620,-75.93921919670,45.26782475850,2017-09-06,5:10:00 PM,01 - Clear,01 - Daylight,01 - Dry,01 - Traffic signal,01 - Functioning,03 - P.D. only,03 - Rear end,0
17-7891,REGIONAL ROAD 174 btwn HIGHWAY 417 & HWY417 IC113 RAMP65,373680.91838,5031847.41062,-75.61980494210,45.42316963090,2017-09-06,11:12:00 PM,01 - Clear,07 - Dark,01 - Dry,10 - No control,,03 - P.D. only,07 - SMV other,0
17-7892,DALMENY RD btwn 5TH LINE RD & CAMPBELLCROFT RD,383259.85020,5002757.40679,-75.50201946910,45.16042672460,2017-09-07,6:56:00 AM,02 - Rain,03 - Dawn,02 - Wet,10 - No control,,01 - Fatal injury,01 - Approaching,0
17-7893,HIGHWAY 417 btwn HWY417 IC115 RAMP61 & REGIONAL ROAD 174,373169.10473,5031682.81888,-75.62636722990,45.42173892400,2017-09-07,7:20:00 AM,02 - Rain,01 - Daylight,02 - Wet,10 - No control,,02 - Non-fatal injury,07 - SMV other,0
17-7894,INNES RD @ ORLEANS BLVD,380460.32173,5034296.63969,-75.53280979170,45.44450560220,2017-09-07,7:24:00 AM,02 - Rain,01 - Daylight,02 - Wet,01 - Traffic signal,00 - Unknown,03 - P.D. only,03 - Rear end,0
17-7895,BANK ST @ CONROY RD,375045.41603,5022237.83297,-75.60373800660,45.33657157090,2017-09-07,7:24:00 AM,02 - Rain,01 - Daylight,02 - Wet,01 - Traffic signal,01 - Functioning,03 - P.D. only,03 - Rear end,0
17-7896,WOODROFFE AVE btwn HWY417 IC127 RAMP63 & HWY417 IC127 RAMP35,362140.91175,5024793.95547,-75.76807531670,45.36074469200,2017-09-07,7:35:00 AM,02 - Rain,01 - Daylight,02 - Wet,10 - No control,,03 - P.D. only,03 - Rear end,0
17-7897,PRINCE OF WALES DR btwn RIDEAU GLEN DR & FALLOWFIELD RD,367437.57982,5018969.31044,-75.70120981620,45.30788234870,2017-09-07,7:57:00 AM,02 - Rain,01 - Daylight,02 - Wet,10 - No control,,03 - P.D. only,03 - Rear end,0
17-7898,SPRATT RD @ CANYON WALK DR/GOLDENEYE WAY,368670.43135,5016145.34519,-75.68585305970,45.28236170470,2017-09-07,8:13:00 AM,01 - Clear,01 - Daylight,02 - Wet,02 - Stop sign,01 - Functioning,03 - P.D. only,03 - Rear end,0
17-7899,DUNROBIN RD @ THOMAS A. DOLAN PKWY,342338.49065,5031477.35534,-76.02032244840,45.42222391260,2017-09-07,8:05:00 AM,02 - Rain,01 - Daylight,02 - Wet,01 - Traffic signal,00 - Unknown,03 - P.D. only,03 - Rear end,0
17-7900,SLACK RD @ VAAN DR,364943.22543,5020368.71299,-75.73284644440,45.32069208950,2017-09-07,8:45:00 AM,01 - Clear,01 - Daylight,01 - Dry,02 - Stop sign,01 - Functioning,03 - P.D. only,03 - Rear end,0
17-7901,INNES RD btwn BLAIR RD & ANDERSON RD,375642.64551,5031483.57745,-75.59479242660,45.41970015550,2017-09-07,8:59:00 AM,01 - Clear,01 - Daylight,01 - Dry,10 - No control,,03 - P.D. only,04 - Sideswipe,0
17-7902,HERON RD @ FINN CRT,370831.48914,5026945.11115,-75.65686869090,45.37933539800,2017-09-07,9:28:00 AM,01 - Clear,01 - Daylight,01 - Dry,01 - Traffic signal,00 - Unknown,03 - P.D. only,04 - Sideswipe,0
17-7903,LEES AVE @ KING EDWARD AVE/MANN AVE,369179.38648,5031333.72334,-75.67738873610,45.41897642570,2017-09-06,7:35:00 PM,01 - Clear,05 - Dusk,01 - Dry,01 - Traffic signal,01 - Functioning,03 - P.D. only,03 - Rear end,0
17-7904,INNES RD @ PORTOBELLO BLVD,385630.34958,5036893.26166,-75.46630335010,45.46728882240,2017-09-07,10:13:00 AM,01 - Clear,01 - Daylight,01 - Dry,01 - Traffic signal,01 - Functioning,02 - Non-fatal injury,05 - Turning movement,0
17-7905,BASELINE RD @ FISHER AVE,366167.14053,5026027.41538,-75.71653423140,45.37150225030,2017-09-07,7:30:00 AM,01 - Clear,01 - Daylight,01 - Dry,01 - Traffic signal,01 - Functioning,02 - Non-fatal injury,03 - Rear end,0
17-7906,DONALD ST btwn QUILL ST & BEAUDRY ST,370815.49372,5032326.39521,-75.65635250570,45.42775560800,2017-09-07,10:47:00 AM,01 - Clear,01 - Daylight,01 - Dry,10 - No control,,03 - P.D. only,07 - SMV other,0
17-7907,KING EDWARD AVE @ LAURIER AVE,368740.15413,5032035.69992,-75.68290936720,45.42533283870,2017-09-07,8:00:00 AM,01 - Clear,01 - Daylight,01 - Dry,01 - Traffic signal,01 - Functioning,03 - P.D. only,04 - Sideswipe,0
17-7908,CHURCHILL AVE @ RICHMOND RD,363227.69377,5028292.55133,-75.75379037990,45.39213485800,2017-09-06,12:00:00 AM,01 - Clear,00 - Unknown,01 - Dry,01 - Traffic signal,00 - Unknown,03 - P.D. only,06 - SMV unattended vehicle,0
17-7909,VANIER PKWY/CRICHTON ST @ BEECHWOOD AVE/ST. PA,369127.79700,5033488.99225,-75.67776633050,45.43837346270,2017-09-02,11:28:00 AM,01 - Clear,01 - Daylight,01 - Dry,01 - Traffic signal,00 - Unknown,03 - P.D. only,03 - Rear end,0
17-7910,BANK ST @ EVANS AVE,369918.97245,5027062.52596,-75.66850354480,45.38047726760,2017-09-06,5:30:00 PM,01 - Clear,01 - Daylight,01 - Dry,02 - Stop sign,00 - Unknown,03 - P.D. only,03 - Rear end,0
17-7911,MERIVALE RD btwn WOODFIELD DR & 170 N OF WEST HUNT CLUB RD/COSTCO SC,365521.17105,5022161.34043,-75.72525529170,45.33677218930,2017-09-07,11:45:00 AM,01 - Clear,01 - Daylight,01 - Dry,10 - No control,,02 - Non-fatal injury,03 - Rear end,0
17-7912,COLONEL BY DR/MACKENZIE AVE @ DALY AVE,368003.28369,5031904.73130,-75.69234168540,45.42422139680,2017-09-07,12:13:00 PM,01 - Clear,01 - Daylight,01 - Dry,01 - Traffic signal,01 - Functioning,03 - P.D. only,03 - Rear end,0
17-7913,BANK ST btwn ALTA VISTA DR & ERIE AVE,370228.18744,5026248.31336,-75.66466351610,45.37312244000,2017-09-07,1:11:00 PM,02 - Rain,01 - Daylight,02 - Wet,10 - No control,,03 - P.D. only,03 - Rear end,0
17-7914,MERIVALE RD btwn CLYDE AVE & RITA AVE,364529.30303,5024483.40206,-75.73762902550,45.35775095670,2017-09-07,2:02:00 PM,02 - Rain,01 - Daylight,02 - Wet,10 - No control,,03 - P.D. only,03 - Rear end,0
17-7915,NELSON ST @ STEWART ST,368770.26567,5032289.91691,-75.68249159290,45.42761743710,2017-09-07,2:07:00 PM,01 - Clear,01 - Daylight,01 - Dry,02 - Stop sign,00 - Unknown,03 - P.D. only,06 - SMV unattended vehicle,0
17-7916,MERIVALE RD @ ROSSLAND AVE,364673.69700,5024151.27505,-75.73582640470,45.35475020840,2017-09-07,2:30:00 PM,01 - Clear,01 - Daylight,01 - Dry,02 - Stop sign,01 - Functioning,03 - P.D. only,05 - Turning movement,0
17-7917,ST. LAURENT BLVD @ MCARTHUR AVE,371921.71900,5032887.81385,-75.64214051410,45.43270170800,2017-09-07,3:07:00 PM,02 - Rain,01 - Daylight,02 - Wet,01 - Traffic signal,01 - Functioning,02 - Non-fatal injury,02 - Angle,0