COLLISION_ID,LOCATION,X,Y,LONGITUDE,LATITUDE,DATE,TIME,ENVIRONMENT,LIGHT,SURFACE_CONDITION,TRAFFIC_CONTROL,TRAFFIC_CONTROL_CONDITION,COLLISION_CLASSIFICATION,IMPACT_TYPE,NO_OF_PEDESTRIANS
17-7918,ISABELLA ST/HWY417 IC119AR75 @ METCALFE ST,368448.95215,5030399.03456,-75.68684166510,45.41063324390,2017-09-07,12:30:00 PM,02 - Rain,01 - Daylight,02 - Wet,01 - Traffic signal,01 - Functioning,03 - P.D. only,03 - Rear end,0
17-7919,BRONSON AVE btwn BREWER WAY & RIVERSIDE DR RAMPS 34B & 42A-3,368157.33112,5027675.78501,-75.69091674010,45.38615673100,2017-09-07,3:30:00 PM,02 - Rain,01 - Daylight,02 - Wet,10 - No control,,03 - P.D. only,03 - Rear end,0
17-7920,STEVENAGE DR btwn SWANSEA CRES & HAWTHORNE RD,375126.97459,5027310.04739,-75.60197583210,45.38220091060,2017-09-07,3:33:00 PM,02 - Rain,01 - Daylight,02 - Wet,10 - No control,,03 - P.D. only,05 - Turning movement,0
17-7921,MAJESTIC DR @ WOODROFFE AVE,363527.22003,5021570.78234,-75.75076407430,45.33162811810,2017-09-07,3:53:00 PM,01 - Clear,01 - Daylight,02 - Wet,01 - Traffic signal,01 - Functioning,03 - P.D. only,03 - Rear end,0
17-7922,GREAT LAKES AVE @ MARITIME WAY,351737.61100,5019489.62300,-75.90136268210,45.31378898250,2017-09-07,4:25:00 PM,01 - Clear,01 - Daylight,01 - Dry,02 - Stop sign,01 - Functioning,03 - P.D. only,02 - Angle,0
17-7923,BAY ST @ SLATER ST,366984.05462,5031078.30876,-75.70546918560,45.41687684770,2017-09-07,4:28:00 PM,02 - Rain,01 - Daylight,02 - Wet,01 - Traffic signal,01 - Functioning,03 - P.D. only,02 - Angle,0
17-7924,CARLING AVE @ WOODROFFE AVE W,361767.68360,5025724.84311,-75.77273165590,45.36915117450,2017-09-07,4:33:00 PM,02 - Rain,01 - Daylight,02 - Wet,01 - Traffic signal,01 - Functioning,03 - P.D. only,03 - Rear end,0
17-7925,WEST HUNT CLUB RD btwn MOODIE DR & HWY416 IC72 RAMP53,358081.95338,5018600.57861,-75.82054857740,45.30533652980,2017-09-07,4:30:00 PM,01 - Clear,01 - Daylight,01 - Dry,10 - No control,,03 - P.D. only,03 - Rear end,0
17-7926,MEADOWBROOK RD btwn CYRVILLE RD & FINE CRES,374639.29085,5031281.50473,-75.60764007810,45.41798288870,2017-09-07,4:36:00 PM,02 - Rain,01 - Daylight,02 - Wet,10 - No control,,03 - P.D. only,02 - Angle,0
17-7927,MONTGOMERY ST @ MONTREAL RD,369813.23923,5032919.87804,-75.66908113440,45.43318940610,2017-09-06,3:55:00 PM,01 - Clear,01 - Daylight,01 - Dry,01 - Traffic signal,01 - Functioning,02 - Non-fatal injury,04 - Sideswipe,0
17-7928,SOUTHMORE DR @ WALKLEY RD,369711.67085,5025574.29221,-75.67134587120,45.36710583640,2017-09-07,4:55:00 PM,01 - Clear,01 - Daylight,01 - Dry,02 - Stop sign,01 - Functioning,03 - P.D. only,03 - Rear end,0
17-7929,LANG'S RD btwn GREENHILL WAY & MONTREAL RD,372353.26519,5034299.24200,-75.63643198750,45.44535949000,2017-09-07,5:12:00 PM,01 - Clear,01 - Daylight,02 - Wet,10 - No control,,03 - P.D. only,07 - SMV other,0
17-7930,FRANK KENNY RD E @ INNES RD,387873.84830,5037730.17382,-75.43747584180,45.47455524050,2017-09-07,5:50:00 PM,01 - Clear,01 - Daylight,02 - Wet,02 - Stop sign,00 - Unknown,02 - Non-fatal injury,03 - Rear end,0
17-7931,HUNT CLUB RD @ LORRY GREENBERG DR/SABLE RIDGE,372824.21207,5024806.79474,-75.63172169890,45.35990502400,2017-09-07,6:13:00 PM,02 - Rain,01 - Daylight,02 - Wet,01 - Traffic signal,01 - Functioning,02 - Non-fatal injury,05 - Turning movement,0
17-7932,CARLING AVE @ MAITLAND AVE/SHERBOURNE RD,362943.17580,5026488.76605,-75.75763625960,45.37592832850,2017-09-07,5:00:00 PM,02 - Rain,01 - Daylight,02 - Wet,01 - Traffic signal,00 - Unknown,03 - P.D. only,04 - Sideswipe,0
17-7933,EMPEROR AVE @ FISHER AVE,365684.18290,5027161.82535,-75.72255964700,45.38175157040,2017-09-07,7:21:00 PM,01 - Clear,05 - Dusk,01 - Dry,02 - Stop sign,00 - Unknown,03 - P.D. only,03 - Rear end,0
17-7934,INDUSTRIAL AVE @ ALTA VISTA DR/SANDFORD FLEMIN,370885.67959,5030557.33105,-75.65569294210,45.41183167870,2017-09-07,8:00:00 PM,02 - Rain,05 - Dusk,02 - Wet,01 - Traffic signal,01 - Functioning,03 - P.D. only,05 - Turning movement,0
17-7935,MARCH RD btwn KLONDIKE RD & MORGAN'S GRANT WAY,349266.61887,5024057.57762,-75.93246543410,45.35505342810,2017-09-07,7:47:00 PM,02 - Rain,07 - Dark,02 - Wet,10 - No control,,03 - P.D. only,07 - SMV other,0
17-7936,BANK ST @ HERON RD,369995.24663,5026850.83214,-75.66755766560,45.37856542100,2017-09-07,8:34:00 PM,02 - Rain,07 - Dark,02 - Wet,01 - Traffic signal,01 - Functioning,02 - Non-fatal injury,02 - Angle,0
17-7937,BEECHWOOD AVE @ MARIER AVE/PUTMAN AVE,369605.70650,5033907.36994,-75.67160327410,45.44209371840,2017-09-07,10:36:00 PM,02 - Rain,07 - Dark,02 - Wet,01 - Traffic signal,01 - Functioning,02 - Non-fatal injury,03 - Rear end,0
17-7938,HWY 417 INNES IC112R68 @ INNES RD,374641.30140,5030920.82279,-75.60766551000,45.41473746190,2017-09-07,11:36:00 PM,01 - Clear,07 - Dark,02 - Wet,01 - Traffic signal,01 - Functioning,02 - Non-fatal injury,02 - Angle,0
17-7939,CONSTANCE BAY RD @ DUNROBIN RD,336736.69510,5037256.42805,-76.09152663480,45.47450384180,2017-09-08,2:00:00 AM,01 - Clear,07 - Dark,01 - Dry,02 - Stop sign,00 - Unknown,03 - P.D. only,07 - SMV other,0
17-7941,HOPE SIDE RD @ RICHMOND RD,356952.63660,5015486.15175,-75.83527609170,45.27739718330,2017-09-08,3:00:00 AM,01 - Clear,07 - Dark,01 - Dry,02 - Stop sign,01 - Functioning,03 - P.D. only,07 - SMV other,0
17-7942,ROSINGDALE ST btwn FOXLIGHT CIR & SUMMERGAZE ST,356774.10900,5015619.90500,-75.83753740010,45.27861393920,2017-09-08,4:55:00 AM,01 - Clear,07 - Dark,01 - Dry,10 - No control,,03 - P.D. only,06 - SMV unattended vehicle,0
17-7943,CYRVILLE RD @ INNES RD,375046.07972,5031121.35330,-75.60246587160,45.41650121030,2017-09-08,7:19:00 AM,01 - Clear,01 - Daylight,01 - Dry,01 - Traffic signal,01 - Functioning,03 - P.D. only,03 - Rear end,0
17-7944,LAURIER AVE   W btwn BRONSON AVE & PERCY ST,366863.42186,5030894.70086,-75.70703349470,45.41523550860,2017-09-08,8:22:00 AM,01 - Clear,01 - Daylight,01 - Dry,10 - No control,,03 - P.D. only,07 - SMV other,0
17-7945,MAILES AVE @ PATRICIA AVE,363919.68650,5028827.31405,-75.74488927690,45.39688848020,2017-09-08,8:29:00 AM,01 - Clear,01 - Daylight,01 - Dry,10 - No control,00 - Unknown,03 - P.D. only,99 - Other,0
17-7946,CUMMINGS AVE @ OGILVIE RD,372749.26665,5032169.49280,-75.63166424190,45.42615868640,2017-09-08,8:37:00 AM,02 - Rain,01 - Daylight,02 - Wet,01 - Traffic signal,01 - Functioning,03 - P.D. only,03 - Rear end,0
17-7947,COLDREY AVE @ KIRKWOOD AVE,364438.64839,5027136.64371,-75.73846570080,45.38163213150,2017-09-08,8:41:00 AM,01 - Clear,01 - Daylight,01 - Dry,01 - Traffic signal,01 - Functioning,02 - Non-fatal injury,02 - Angle,0
17-7948,COLONIAL RD @ FRANK KENNY RD,390201.70435,5032046.83341,-75.40869424560,45.42314210220,2017-09-08,9:06:00 AM,01 - Clear,01 - Daylight,01 - Dry,02 - Stop sign,01 - Functioning,03 - P.D. only,02 - Angle,0
17-7949,HWY 417 CASTLEFR IC139R61 @ KANATA AVE,351616.47417,5019225.25999,-75.90293254280,45.31141826710,2017-09-08,10:42:00 AM,01 - Clear,01 - Daylight,01 - Dry,01 - Traffic signal,01 - Functioning,03 - P.D. only,02 - Angle,0
17-7950,OLD CARP RD @ SECOND LINE RD,347765.51372,5023538.85905,-75.95166845840,45.35047945450,2017-09-08,11:03:00 AM,02 - Rain,01 - Daylight,02 - Wet,02 - Stop sign,01 - Functioning,02 - Non-fatal injury,02 - Angle,0
17-7951,MERIVALE RD btwn CLYDE AVE & RITA AVE,364582.33180,5024367.12588,-75.73696630070,45.35670020000,2017-09-08,11:45:00 AM,02 - Rain,01 - Daylight,02 - Wet,10 - No control,,02 - Non-fatal injury,03 - Rear end,0
17-7952,CARLING AVE @ BAYSHORE DR/BIRCHDALE AVE,359004.42407,5023991.28249,-75.80819582700,45.35377176280,2017-09-08,12:22:00 PM,01 - Clear,01 - Daylight,02 - Wet,01 - Traffic signal,01 - Functioning,02 - Non-fatal injury,03 - Rear end,0
17-7953,TERRY FOX DR @ FERNBANK RD,354303.83160,5015130.58564,-75.86907041570,45.27438920450,2017-09-08,12:53:00 PM,01 - Clear,01 - Daylight,01 - Dry,01 - Traffic signal,01 - Functioning,03 - P.D. only,03 - Rear end,0
17-7954,BRONSON AVE btwn FLORENCE ST & GLADSTONE AVE,367127.01114,5030097.09566,-75.70376687180,45.40803546390,2017-09-08,11:45:00 AM,01 - Clear,01 - Daylight,01 - Dry,10 - No control,,02 - Non-fatal injury,05 - Turning movement,0
17-7955,HENRY FARM DR @ MAITLAND AVE,363848.69320,5025152.74166,-75.74623544090,45.36383124190,2017-09-08,1:11:00 PM,01 - Clear,01 - Daylight,01 - Dry,02 - Stop sign,01 - Functioning,02 - Non-fatal injury,03 - Rear end,0
17-7956,CAMBRIAN RD/GOLFLINKS DR W @ LONGFIELDS DR,365383.20443,5013222.89670,-75.72810745560,45.25635655480,2017-09-08,1:37:00 PM,01 - Clear,01 - Daylight,01 - Dry,11 - Roundabout,01 - Functioning,03 - P.D. only,02 - Angle,0
17-7957,FRANK KENNY RD W @ INNES RD,387529.32421,5037630.10005,-75.44189843800,45.47369578430,2017-09-08,2:10:00 PM,01 - Clear,01 - Daylight,01 - Dry,02 - Stop sign,00 - Unknown,03 - P.D. only,05 - Turning movement,0
17-7958,BANK ST @ EVANS AVE,369917.60070,5027062.06355,-75.66852112020,45.38047323460,2017-09-08,2:45:00 PM,01 - Clear,01 - Daylight,01 - Dry,02 - Stop sign,00 - Unknown,02 - Non-fatal injury,05 - Turning movement,0
17-7959,MERIVALE RD btwn WITHROW AVE & ROSSLAND AVE,364671.89089,5024155.47104,-75.73584894590,45.35478811670,2017-09-08,3:04:00 PM,01 - Clear,01 - Daylight,01 - Dry,10 - No control,,02 - Non-fatal injury,02 - Angle,0
17-7960,TRIM RD @ WATTERS RD,384965.60789,5038717.81485,-75.47450527480,45.48378099200,2017-09-08,3:16:00 PM,01 - Clear,01 - Daylight,01 - Dry,01 - Traffic signal,01 - Functioning,03 - P.D. only,05 - Turning movement,0
17-7961,HAMLET RD @ OTHELLO AVE,373262.93436,5029288.17111,-75.62550098670,45.40018384260,2017-09-08,3:29:00 PM,01 - Clear,01 - Daylight,01 - Dry,03 - Yield sign,01 - Functioning,03 - P.D. only,02 - Angle,0
17-7962,ALBERT ST @ BRICKHILL ST,366626.15123,5030800.78686,-75.71007652550,45.41441150200,2017-09-08,3:31:00 PM,01 - Clear,01 - Daylight,01 - Dry,02 - Stop sign,00 - Unknown,03 - P.D. only,02 - Angle,0
17-7963,FALLOWFIELD RD @ MERIVALE RD,366891.26567,5018843.79881,-75.70819177840,45.30680152020,2017-09-08,3:58:00 PM,01 - Clear,01 - Daylight,01 - Dry,01 - Traffic signal,01 - Functioning,02 - Non-fatal injury,03 - Rear end,0
17-7964,CAMPEAU DR @ TERON RD/COLCHESTER SQ,352563.24460,5020468.24265,-75.89073886620,45.32253913700,2017-09-08,4:05:00 PM,02 - Rain,01 - Daylight,02 - Wet,01 - Traffic signal,01 - Functioning,02 - Non-fatal injury,05 - Turning movement,0
17-7965,CARINA CRES btwn LOCHNAW PRIV & SHANLY PRIV,364808.85100,5013012.97700,-75.73545000120,45.25451691330,2017-09-08,4:05:00 PM,01 - Clear,01 - Daylight,02 - Wet,10 - No control,,03 - P.D. only,05 - Turning movement,0
17-7966,BESSERER ST @ CUMBERLAND ST,368416.22511,5032257.52979,-75.68701978080,45.42735832040,2017-09-08,4:12:00 PM,01 - Clear,01 - Daylight,01 - Dry,01 - Traffic signal,01 - Functioning,02 - Non-fatal injury,05 - Turning movement,0
17-7967,BRONSON AVE @ IMPERIAL AVE/PLYMOUTH ST,367318.70330,5029643.31275,-75.70137576420,45.40393536140,2017-09-08,4:24:00 PM,01 - Clear,01 - Daylight,01 - Dry,10 - No control,00 - Unknown,03 - P.D. only,05 - Turning movement,0
17-7968,FALLOWFIELD RD @ MOODIE DR,359502.10283,5014636.18944,-75.80287726570,45.26955538050,2017-09-08,4:36:00 PM,01 - Clear,01 - Daylight,02 - Wet,01 - Traffic signal,01 - Functioning,02 - Non-fatal injury,03 - Rear end,0
17-7969,CLARENCE ST @ DALHOUSIE ST,368042.86299,5032503.96252,-75.69175901690,45.42960949460,2017-09-08,4:53:00 PM,01 - Clear,01 - Daylight,01 - Dry,01 - Traffic signal,00 - Unknown,03 - P.D. only,04 - Sideswipe,0
17-7970,BELL ST @ GLADSTONE AVE,366945.71949,5029969.30935,-75.70609877170,45.40690179960,2017-09-08,4:58:00 PM,01 - Clear,01 - Daylight,01 - Dry,02 - Stop sign,01 - Functioning,03 - P.D. only,02 - Angle,0
17-7971,PINECREST RD @ QUEENSVIEW DR,360346.67970,5023782.38868,-75.79108955950,45.35178710050,2017-09-08,5:15:00 PM,01 - Clear,01 - Daylight,01 - Dry,01 - Traffic signal,00 - Unknown,03 - P.D. only,05 - Turning movement,0
17-7972,RAFTSMAN LANE S @ VOYAGEUR DR,379025.18575,5037885.59750,-75.55061120740,45.47695024990,2017-09-08,5:34:00 PM,01 - Clear,01 - Daylight,01 - Dry,02 - Stop sign,01 - Functioning,02 - Non-fatal injury,02 - Angle,0
17-7973,CENTURY RD S @ MCCORDICK RD S,360469.93876,5003122.65578,-75.79183131700,45.16587844800,2017-09-08,5:59:00 PM,02 - Rain,01 - Daylight,02 - Wet,02 - Stop sign,01 - Functioning,02 - Non-fatal injury,02 - Angle,0
17-7974,BASELINE RD @ ROCKWAY CRES,361184.93005,5022932.72870,-75.78048916270,45.34407499230,2017-09-08,6:18:00 PM,01 - Clear,01 - Daylight,01 - Dry,02 - Stop sign,00 - Unknown,02 - Non-fatal injury,03 - Rear end,0
17-7975,CAMPEAU DR @ TERRY FOX DR,350454.25992,5019010.67866,-75.91777367400,45.30956392580,2017-09-08,6:23:00 PM,02 - Rain,01 - Daylight,02 - Wet,01 - Traffic signal,01 - Functioning,03 - P.D. only,02 - Angle,0
17-7976,PRINCE OF WALES DR btwn TURN LANE & WEST HUNT CLUB RD,367457.76239,5021878.06253,-75.70058446410,45.33405303860,2017-09-08,6:49:00 PM,01 - Clear,05 - Dusk,01 - Dry,10 - No control,,03 - P.D. only,03 - Rear end,0
17-7977,MITCH OWENS RD/BRIDGE ST @ RIVER RD,369499.68204,5010768.42558,-75.67598392800,45.23390496790,2017-09-08,6:55:00 PM,01 - Clear,01 - Daylight,01 - Dry,01 - Traffic signal,00 - Unknown,03 - P.D. only,99 - Other,0
17-7978,MEADOWLANDS DR btwn TURN LANE & SULLIVAN AVE,363144.73429,5022778.98592,-75.75550091910,45.34253135610,2017-09-08,7:36:00 PM,01 - Clear,05 - Dusk,01 - Dry,10 - No control,,03 - P.D. only,02 - Angle,0
17-7979,ANALDEA DR/ WHITE ALDER AVE @ BANK ST,375696.85605,5020814.60662,-75.59563114320,45.32370045570,2017-09-08,5:30:00 PM,02 - Rain,01 - Daylight,02 - Wet,01 - Traffic signal,00 - Unknown,03 - P.D. only,03 - Rear end,0
17-7980,MAITLAND AVE btwn WOODWARD DR & GARFIELD AVE,363284.86778,5025639.51064,-75.75337451320,45.36825839920,2017-09-08,8:16:00 PM,01 - Clear,07 - Dark,01 - Dry,10 - No control,,02 - Non-fatal injury,99 - Other,0
17-7981,FENTON RD btwn SOUTHCLARK PL & LEITRIM RD,373955.30310,5020577.53601,-75.61787702890,45.32174111070,2017-09-08,8:20:00 PM,01 - Clear,07 - Dark,01 - Dry,10 - No control,,03 - P.D. only,07 - SMV other,0
17-7982,ANDERSON RD btwn DOLMAN RIDGE RD & RIDGE RD,379012.32723,5028555.90650,-75.55218202440,45.39300956090,2017-09-08,11:45:00 PM,01 - Clear,07 - Dark,01 - Dry,10 - No control,,03 - P.D. only,07 - SMV other,0
17-7983,CLARENCE ST @ CUMBERLAND ST,368213.14433,5032607.36444,-75.68956973270,45.43052444950,2017-09-09,2:37:00 AM,01 - Clear,07 - Dark,01 - Dry,02 - Stop sign,01 - Functioning,03 - P.D. only,02 - Angle,0
17-7984,CARP RD btwn GALETTA SIDE RD & STYLES SIDE RD,330039.28586,5033176.61582,-76.17739498610,45.43806641410,2017-09-09,5:43:00 AM,01 - Clear,07 - Dark,01 - Dry,10 - No control,,03 - P.D. only,07 - SMV other,0
17-7985,GLADSTONE AVE @ KENT ST,367744.70420,5030459.33155,-75.69583031280,45.41123947230,2017-09-09,9:42:00 AM,01 - Clear,01 - Daylight,01 - Dry,01 - Traffic signal,01 - Functioning,03 - P.D. only,02 - Angle,0
17-7986,TERRY FOX DR @ EDGEWATER ST/WALTER BAKER PL,351781.92523,5017612.68736,-75.90097544170,45.29689688260,2017-09-09,11:58:00 AM,01 - Clear,01 - Daylight,01 - Dry,01 - Traffic signal,01 - Functioning,02 - Non-fatal injury,05 - Turning movement,0
17-7987,HWY 417 WALKLEY IC110R64 @ WALKLEY EXTENSION R,375987.99840,5029175.86999,-75.59071340300,45.39890163390,2017-09-09,12:23:00 PM,01 - Clear,01 - Daylight,01 - Dry,02 - Stop sign,00 - Unknown,03 - P.D. only,04 - Sideswipe,0
17-7988,COPPERWOOD ST btwn QUARRY RIDGE DR & QUARRY RIDGE DR,380889.84229,5038092.94260,-75.52673233120,45.47861506380,2017-09-08,2:30:00 PM,01 - Clear,01 - Daylight,01 - Dry,10 - No control,,03 - P.D. only,06 - SMV unattended vehicle,0
17-7989,MCARTHUR AVE @ VANIER PKWY,370218.70500,5032689.91551,-75.66393007810,45.43108248630,2017-09-09,1:23:00 PM,01 - Clear,01 - Daylight,01 - Dry,01 - Traffic signal,01 - Functioning,02 - Non-fatal injury,03 - Rear end,0
17-7990,CARLING AVE @ MOODIE DR/JAMES CUMMINGS AVE W,356001.65490,5023938.22775,-75.84652270380,45.35352005780,2017-09-09,2:15:00 PM,01 - Clear,01 - Daylight,01 - Dry,01 - Traffic signal,01 - Functioning,02 - Non-fatal injury,05 - Turning movement,0
17-7991,FOURTH LINE RD @ COMMUNITY WAY,366707.19477,4999074.53863,-75.71299670790,45.12893340130,2017-09-09,2:28:00 PM,01 - Clear,01 - Daylight,01 - Dry,10 - No control,00 - Unknown,02 - Non-fatal injury,03 - Rear end,0
17-7992,ST. LAURENT BLVD @ COVENTRY RD/OGILVIE RD,372304.82565,5031950.90421,-75.63737313980,45.42423496180,2017-09-08,3:58:00 PM,01 - Clear,01 - Daylight,01 - Dry,01 - Traffic signal,01 - Functioning,02 - Non-fatal injury,03 - Rear end,0
17-7993,BEATRICE DR @ CLARIDGE DR,365145.20570,5016521.63815,-75.73073864260,45.28605903420,2017-09-09,4:06:00 PM,01 - Clear,01 - Daylight,01 - Dry,02 - Stop sign,01 - Functioning,02 - Non-fatal injury,02 - Angle,0
17-7994,BASELINE RD @ WOODROFFE AVE,362549.69017,5023770.50484,-75.76297748050,45.35150221360,2017-09-09,4:30:00 PM,01 - Clear,01 - Daylight,01 - Dry,01 - Traffic signal,01 - Functioning,03 - P.D. only,03 - Rear end,0
17-7995,MACKENZIE AVE @ RIDEAU ST,367869.59109,5032010.33459,-75.69403641660,45.42518364640,2017-09-09,4:00:00 PM,01 - Clear,01 - Daylight,01 - Dry,01 - Traffic signal,01 - Functioning,03 - P.D. only,04 - Sideswipe,0
17-7996,ST. JOSEPH BLVD @ JEANNE D'ARC BLVD,379860.29557,5036471.35744,-75.54014712910,45.46413675230,2017-09-09,5:21:00 PM,01 - Clear,01 - Daylight,01 - Dry,11 - Roundabout,01 - Functioning,03 - P.D. only,04 - Sideswipe,0
17-7997,BASELINE RD @ MERIVALE RD,365053.74965,5025325.27821,-75.73083307230,45.36528115120,2017-09-09,5:57:00 PM,01 - Clear,01 - Daylight,01 - Dry,01 - Traffic signal,01 - Functioning,03 - P.D. only,03 - Rear end,0
17-7998,MCCARTHY RD btwn CAHILL DR W & PLANTE DR,370341.24296,5023711.35122,-75.66355671250,45.35028506800,2017-09-09,12:00:00 AM,01 - Clear,00 - Unknown,01 - Dry,10 - No control,,03 - P.D. only,06 - SMV unattended vehicle,0
17-7999,BRONSON AVE @ GLADSTONE AVE,367132.74591,5030080.84715,-75.70369567060,45.40788875390,2017-09-10,1:00:00 AM,01 - Clear,07 - Dark,01 - Dry,01 - Traffic signal,01 - Functioning,03 - P.D. only,04 - Sideswipe,0
17-8000,BANK ST btwn ARENA PL & WHITE ALDER AVE,375434.62571,5021437.15073,-75.59888695570,45.32932829090,2017-09-10,12:58:00 AM,01 - Clear,07 - Dark,01 - Dry,10 - No control,,03 - P.D. only,07 - SMV other,0
17-8001,REGIONAL ROAD 174 btwn OR174 IC105 RAMP35 & OR174 IC105 RAMP25,379640.32281,5037132.33260,-75.54285904340,45.47010729940,2017-09-10,3:00:00 AM,01 - Clear,07 - Dark,01 - Dry,10 - No control,,03 - P.D. only,07 - SMV other,0
17-8002,JOCKVALE RD @ FABLE ST/WEYBRIDGE DR E,362512.42801,5015144.05413,-75.76445779210,45.27388458380,2017-09-10,9:09:00 AM,01 - Clear,01 - Daylight,01 - Dry,11 - Roundabout,01 - Functioning,02 - Non-fatal injury,03 - Rear end,0
17-8003,MITCH OWENS RD @ DOZOIS RD/LIMEBANK RD,371678.04974,5012109.78091,-75.64806287360,45.24577075860,2017-09-10,10:25:00 AM,01 - Clear,01 - Daylight,01 - Dry,01 - Traffic signal,01 - Functioning,02 - Non-fatal injury,03 - Rear end,0
17-8004,RIDDELL DR btwn MORAN ST & MARCH VALLEY RD,347589.56458,5026694.10194,-75.95364060580,45.37888184270,2017-09-10,10:23:00 AM,01 - Clear,01 - Daylight,01 - Dry,10 - No control,,03 - P.D. only,07 - SMV other,0
17-8005,WELLINGTON ST    W btwn GRANVILLE AVE & GILCHRIST AVE,364391.10750,5028984.10800,-75.73884960660,45.39825931750,2017-09-10,11:30:00 AM,01 - Clear,01 - Daylight,01 - Dry,10 - No control,,02 - Non-fatal injury,06 - SMV unattended vehicle,0
17-8006,REGIONAL ROAD 174 btwn Continuation of REGIONAL ROAD 174 & TO BE DETER,384694.54939,5040356.25899,-75.47770547800,45.49855317240,2017-09-10,12:11:00 PM,01 - Clear,01 - Daylight,01 - Dry,10 - No control,,02 - Non-fatal injury,05 - Turning movement,0
17-8007,HUNT CLUB RD @ RIVERSIDE DR,368036.92925,5021944.96238,-75.69318738070,45.33460303620,2017-09-10,1:40:00 PM,01 - Clear,01 - Daylight,01 - Dry,01 - Traffic signal,00 - Unknown,02 - Non-fatal injury,03 - Rear end,0
17-8008,CARP RD @ HAZELDEAN RD,348804.24145,5014359.76730,-75.93922777970,45.26781878140,2017-09-10,2:00:00 PM,01 - Clear,01 - Daylight,01 - Dry,01 - Traffic signal,01 - Functioning,03 - P.D. only,03 - Rear end,0
17-8009,CARLING AVE @ RICHMOND RD,360246.22545,5024781.51230,-75.79225943760,45.36078513930,2017-09-10,2:31:00 PM,01 - Clear,01 - Daylight,01 - Dry,01 - Traffic signal,00 - Unknown,03 - P.D. only,04 - Sideswipe,0
17-8010,GREENBANK RD btwn GREENBANK SQUARE SC & GIBBARD AVE,361400.53217,5020685.53635,-75.77799514160,45.32383743290,2017-09-10,3:22:00 PM,01 - Clear,01 - Daylight,01 - Dry,10 - No control,,02 - Non-fatal injury,07 - SMV other,0
17-8011,SHERWOOD DR btwn HOLLAND AVE & HINTON AVE S,365214.25167,5028674.72293,-75.72837452290,45.39540499460,2017-09-10,4:15:00 PM,01 - Clear,01 - Daylight,01 - Dry,10 - No control,,02 - Non-fatal injury,04 - Sideswipe,0
17-8012,GUIGUES AVE @ KING EDWARD AVE,368202.03592,5032902.25634,-75.68967371430,45.43317878830,2017-09-10,4:25:00 PM,01 - Clear,01 - Daylight,01 - Dry,02 - Stop sign,00 - Unknown,03 - P.D. only,04 - Sideswipe,0
17-8013,TERRY FOX DR @ WESTPHALIAN AVE,353455.22610,5015759.78900,-75.87982363390,45.28011017200,2017-09-10,4:30:00 PM,01 - Clear,01 - Daylight,01 - Dry,01 - Traffic signal,01 - Functioning,03 - P.D. only,03 - Rear end,0
17-8014,CASTLEFRANK RD N @ GLAMORGAN DR N,353398.47753,5016665.54368,-75.88045822050,45.28826430420,2017-09-09,12:01:00 AM,01 - Clear,07 - Dark,01 - Dry,10 - No control,00 - Unknown,03 - P.D. only,06 - SMV unattended vehicle,0
17-8015,ALESTHER ST @ DONALD ST,371992.72050,5032460.82265,-75.64129143560,45.42885302250,2017-09-10,5:57:00 PM,01 - Clear,01 - Daylight,01 - Dry,02 - Stop sign,01 - Functioning,03 - P.D. only,05 - Turning movement,0
17-8016,ALTA VISTA DR @ SMYTH RD,370431.76011,5029081.79645,-75.66168796790,45.39859809650,2017-09-10,6:25:00 PM,01 - Clear,01 - Daylight,01 - Dry,01 - Traffic signal,01 - Functioning,03 - P.D. only,05 - Turning movement,0
17-8017,WATTERS RD btwn TRIM RD & END,385923.35096,5038804.95444,-75.46224124610,45.48445434470,2017-09-10,6:46:00 PM,01 - Clear,01 - Daylight,01 - Dry,10 - No control,,03 - P.D. only,07 - SMV other,0
17-8018,GLADSTONE AVE @ O'CONNOR ST,368075.66699,5030658.80865,-75.69157680900,45.41300445700,2017-09-10,7:47:00 PM,01 - Clear,07 - Dark,01 - Dry,01 - Traffic signal,01 - Functioning,02 - Non-fatal injury,05 - Turning movement,0
17-8019,HENNESSY CRES E @ VALIN ST E,385266.70555,5037698.34271,-75.47082121010,45.47457414490,2017-09-10,8:15:00 PM,01 - Clear,07 - Dark,01 - Dry,02 - Stop sign,01 - Functioning,03 - P.D. only,02 - Angle,0
17-8020,WEST HUNT CLUB RD btwn MOODIE DR & HWY416 IC72 RAMP53,358367.86675,5018768.22870,-75.81688475050,45.30682331570,2017-09-10,8:38:00 PM,01 - Clear,07 - Dark,01 - Dry,10 - No control,,02 - Non-fatal injury,05 - Turning movement,0
17-8021,ASHTON STATION RD btwn DOUGLAS SIDE RD(BECKWITH TWP) & OVERPASS RD,339605.46965,5004208.07735,-76.05715898190,45.17698313320,2017-09-11,6:59:00 AM,01 - Clear,01 - Daylight,01 - Dry,10 - No control,,03 - P.D. only,07 - SMV other,0
17-8022,BANK ST @ SUNNYSIDE AVE,368735.18660,5028581.31025,-75.68342086080,45.39425186300,2017-09-11,7:46:00 AM,01 - Clear,01 - Daylight,01 - Dry,01 - Traffic signal,01 - Functioning,02 - Non-fatal injury,05 - Turning movement,0