COLLISION_ID,LOCATION,X,Y,LONGITUDE,LATITUDE,DATE,TIME,ENVIRONMENT,LIGHT,SURFACE_CONDITION,TRAFFIC_CONTROL,TRAFFIC_CONTROL_CONDITION,COLLISION_CLASSIFICATION,IMPACT_TYPE,NO_OF_PEDESTRIANS
17-8023,MEADOWGLEN DR btwn DU CLAIRVAUX RD & DU CLAIRVAUX RD,379962.33369,5034405.24946,-75.53915823840,45.44553651480,2017-09-11,7:50:00 AM,"07 - Fog, mist, smoke, dust",01 - Daylight,01 - Dry,10 - No control,,03 - P.D. only,06 - SMV unattended vehicle,0
17-8024,BOBOLINK RDG @ LIVERY ST,352715.47620,5014807.57100,-75.88934410840,45.27159265860,2017-09-11,7:55:00 AM,01 - Clear,01 - Daylight,01 - Dry,02 - Stop sign,01 - Functioning,03 - P.D. only,02 - Angle,0
17-8025,BRONSON AVE @ FIFTH AVE/MADAWASKA DR,367612.81885,5028938.33024,-75.69770883840,45.39756580390,2017-09-11,8:41:00 AM,01 - Clear,01 - Daylight,01 - Dry,01 - Traffic signal,01 - Functioning,03 - P.D. only,03 - Rear end,0
17-8026,CAMPEAU DR @ TERRY FOX DR,350456.55649,5019011.17205,-75.91774434170,45.30956821620,2017-09-11,9:06:00 AM,01 - Clear,01 - Daylight,01 - Dry,01 - Traffic signal,01 - Functioning,03 - P.D. only,05 - Turning movement,0
17-8027,MONTREAL RD @ CARSON'S RD/CODD'S RD,372770.75126,5034399.12024,-75.63108186700,45.44621767140,2017-09-11,9:20:00 AM,01 - Clear,01 - Daylight,01 - Dry,01 - Traffic signal,01 - Functioning,02 - Non-fatal injury,03 - Rear end,0
17-8028,BLAIR RD @ INNES RD,375578.73490,5031439.77856,-75.59561524780,45.41931254600,2017-09-11,8:08:00 AM,01 - Clear,01 - Daylight,01 - Dry,01 - Traffic signal,00 - Unknown,03 - P.D. only,04 - Sideswipe,0
17-8029,ALTA VISTA DR btwn PALEN AVE & WESMAR DR,370426.59869,5027265.75978,-75.66199540470,45.38225852840,2017-09-09,4:20:00 PM,01 - Clear,01 - Daylight,01 - Dry,10 - No control,,03 - P.D. only,03 - Rear end,0
17-8030,CARP RD btwn RICHARDSON SIDE RD & HWY417 IC144 RAMP62,347105.54952,5016140.85044,-75.96072245620,45.28394989390,2017-09-11,11:17:00 AM,01 - Clear,01 - Daylight,01 - Dry,10 - No control,,03 - P.D. only,03 - Rear end,0
17-8031,RICHMOND RD @ HOLLY ACRES RD/NANAIMO DR,359059.62739,5022749.21295,-75.80762759870,45.34259133090,2017-09-11,11:31:00 AM,01 - Clear,01 - Daylight,01 - Dry,01 - Traffic signal,01 - Functioning,03 - P.D. only,05 - Turning movement,0
17-8032,BANK ST @ RIVERSIDE DR N,369225.71590,5027983.30931,-75.67723455430,45.38882628400,2017-09-11,12:02:00 PM,01 - Clear,01 - Daylight,01 - Dry,01 - Traffic signal,00 - Unknown,03 - P.D. only,03 - Rear end,0
17-8033,BILBERRY DR E @ JEANNE D'ARC BLVD,381176.23758,5038630.15446,-75.52298603190,45.48341717290,2017-09-11,12:21:00 PM,01 - Clear,01 - Daylight,01 - Dry,02 - Stop sign,00 - Unknown,03 - P.D. only,03 - Rear end,0
17-8034,BASELINE RD @ WOODROFFE AVE,362549.69020,5023770.72816,-75.76297745440,45.35150422370,2017-09-09,4:13:00 PM,01 - Clear,01 - Daylight,01 - Dry,01 - Traffic signal,01 - Functioning,03 - P.D. only,04 - Sideswipe,0
17-8035,CHAMPLAIN BRIDGE/ISLAND PARK DR @ BATE ISLAND,362970.50803,5030058.58127,-75.75686646120,45.40804671550,2017-09-11,1:08:00 PM,01 - Clear,01 - Daylight,01 - Dry,02 - Stop sign,00 - Unknown,02 - Non-fatal injury,05 - Turning movement,0
17-8036,BOUNDARY RD @ HIGHWAY 417 WB,387416.47933,5023829.40647,-75.44565452940,45.34954367490,2017-09-10,10:30:00 PM,01 - Clear,07 - Dark,01 - Dry,10 - No control,00 - Unknown,03 - P.D. only,03 - Rear end,0
17-8037,GREENBANK RD @ HWY 417 IC129 RAMP57/IRIS ST,360530.97289,5023312.52147,-75.78879066590,45.34754462380,2017-09-11,1:52:00 PM,01 - Clear,01 - Daylight,01 - Dry,01 - Traffic signal,01 - Functioning,03 - P.D. only,03 - Rear end,0
17-8038,BASELINE RD/HERON RD @ PRINCE OF WALES DR,366874.15343,5026438.30884,-75.70745711790,45.37513710800,2017-09-11,2:00:00 PM,01 - Clear,01 - Daylight,01 - Dry,01 - Traffic signal,01 - Functioning,03 - P.D. only,03 - Rear end,0
17-8039,HUNT CLUB RD @ UPLANDS DR,370156.72720,5023120.94565,-75.66598928950,45.34498998360,2017-09-08,6:00:00 PM,01 - Clear,01 - Daylight,01 - Dry,01 - Traffic signal,01 - Functioning,03 - P.D. only,03 - Rear end,0
17-8040,FALLOWFIELD RD @ GREENBANK RD,363080.22877,5016731.33798,-75.75703541190,45.28812017130,2017-09-11,2:35:00 PM,01 - Clear,01 - Daylight,01 - Dry,01 - Traffic signal,01 - Functioning,03 - P.D. only,03 - Rear end,0
17-8041,DUNROBIN RD btwn DUNROBIN RD & MURPHY SIDE RD,344170.71127,5029345.79968,-75.99708096320,45.40294297580,2017-09-11,3:06:00 PM,01 - Clear,01 - Daylight,01 - Dry,10 - No control,,02 - Non-fatal injury,03 - Rear end,0
17-8042,GILBEY DR @ MERIVALE RD,364682.17710,5024719.76535,-75.73564931480,45.35986467970,2017-09-05,6:15:00 PM,01 - Clear,01 - Daylight,01 - Dry,02 - Stop sign,00 - Unknown,03 - P.D. only,02 - Angle,0
17-8043,MERIVALE RD/LOTTA AVE @ CLYDE AVE,364521.69830,5024508.24275,-75.73772308030,45.35797511770,2017-09-11,3:13:00 PM,01 - Clear,01 - Daylight,01 - Dry,01 - Traffic signal,01 - Functioning,03 - P.D. only,05 - Turning movement,0
17-8044,ORTONA AVE btwn FALAISE RD & STORMONT ST,366945.07264,5024593.17152,-75.70678381450,45.35852867910,2017-09-11,3:25:00 PM,01 - Clear,01 - Daylight,01 - Dry,10 - No control,,02 - Non-fatal injury,06 - SMV unattended vehicle,0
17-8045,DALY AVE @ NICHOLAS ST,368227.94953,5032046.38454,-75.68945278760,45.42547560780,2017-09-11,2:16:00 PM,01 - Clear,01 - Daylight,01 - Dry,01 - Traffic signal,00 - Unknown,03 - P.D. only,03 - Rear end,0
17-8046,PRINCE OF WALES DR btwn DYNES RD & 187 N OF MEADOWLANDS DR,367129.90963,5025919.73372,-75.70425746200,45.37044838660,2017-09-11,3:47:00 PM,01 - Clear,01 - Daylight,01 - Dry,10 - No control,,03 - P.D. only,02 - Angle,0
17-8047,LEBRETON ST    N btwn GLADSTONE AVE & LOUISA ST,366895.44432,5029831.32808,-75.70675834460,45.40566474450,2017-09-11,10:00:00 AM,01 - Clear,01 - Daylight,01 - Dry,10 - No control,,03 - P.D. only,06 - SMV unattended vehicle,0
17-8048,CARLING AVE @ KIRKWOOD AVE N,364276.67063,5027493.58255,-75.74049082970,45.38485757700,2017-09-11,3:51:00 PM,01 - Clear,01 - Daylight,01 - Dry,01 - Traffic signal,01 - Functioning,03 - P.D. only,05 - Turning movement,0
17-8049,BASELINE RD @ WOODROFFE AVE,362550.16357,5023769.32127,-75.76297157750,45.35149152560,2017-09-11,3:55:00 PM,01 - Clear,01 - Daylight,01 - Dry,01 - Traffic signal,01 - Functioning,02 - Non-fatal injury,99 - Other,0
17-8050,GILLIGAN RD @ LEITRIM RD,372980.20000,5020083.56600,-75.63038167950,45.31739190600,2017-09-11,4:07:00 PM,01 - Clear,01 - Daylight,01 - Dry,01 - Traffic signal,01 - Functioning,03 - P.D. only,03 - Rear end,0
17-8051,BASELINE RD @ FISHER AVE,366167.14053,5026027.41538,-75.71653423140,45.37150225030,2017-09-11,4:16:00 PM,01 - Clear,01 - Daylight,01 - Dry,01 - Traffic signal,00 - Unknown,03 - P.D. only,03 - Rear end,0
17-8052,DONALD ST @ ST. LAURENT BLVD,372093.26597,5032472.80836,-75.64000499340,45.42895119750,2017-09-11,6:23:00 PM,01 - Clear,01 - Daylight,01 - Dry,01 - Traffic signal,01 - Functioning,03 - P.D. only,03 - Rear end,0
17-8053,BELFAST RD @ ST. LAURENT BLVD,372860.72410,5030578.33854,-75.63045986050,45.41183139960,2017-09-11,4:40:00 PM,01 - Clear,01 - Daylight,01 - Dry,01 - Traffic signal,01 - Functioning,03 - P.D. only,02 - Angle,0
17-8054,KING EDWARD R-26 @ MACDONALD-CARTIER BR,367512.52915,5033196.37054,-75.69844779780,45.43588730100,2017-09-11,6:57:00 PM,01 - Clear,01 - Daylight,01 - Dry,10 - No control,00 - Unknown,03 - P.D. only,03 - Rear end,0
17-8055,CARP RD @ STITTSVILLE MAIN ST,349524.23965,5014330.74975,-75.93005547980,45.26751225470,2017-09-11,7:17:00 PM,01 - Clear,05 - Dusk,01 - Dry,01 - Traffic signal,01 - Functioning,03 - P.D. only,05 - Turning movement,0
17-8056,MEADOWLANDS DR btwn LAIRD ST & ROWLEY AVE,364226.92666,5023375.70025,-75.74162128160,45.34780968490,2017-09-11,8:24:00 PM,01 - Clear,07 - Dark,01 - Dry,10 - No control,,02 - Non-fatal injury,06 - SMV unattended vehicle,0
17-8057,MEADOWLANDS DR @ MERIVALE RD,364857.74411,5023725.74935,-75.73352929270,45.35090564770,2017-09-11,10:47:00 PM,01 - Clear,07 - Dark,01 - Dry,01 - Traffic signal,01 - Functioning,03 - P.D. only,04 - Sideswipe,0
17-8058,BANK ST @ RIVERSIDE DR S,369305.61902,5027893.42550,-75.67622598530,45.38801018370,2017-09-12,3:41:00 AM,01 - Clear,07 - Dark,01 - Dry,01 - Traffic signal,01 - Functioning,02 - Non-fatal injury,07 - SMV other,0
17-8059,MER BLEUE RD E @ NAVAN RD,384139.78604,5032190.19991,-75.48612071740,45.42514576890,2017-09-12,6:20:00 AM,01 - Clear,03 - Dawn,01 - Dry,02 - Stop sign,00 - Unknown,03 - P.D. only,03 - Rear end,0
17-8060,MARCH RD @ SOLANDT RD,350489.16157,5022710.27894,-75.91698720290,45.34285156030,2017-09-12,7:13:00 AM,01 - Clear,01 - Daylight,01 - Dry,01 - Traffic signal,01 - Functioning,03 - P.D. only,03 - Rear end,0
17-8061,INNES RD @ STONEHENGE CRES E,375363.74250,5031312.88261,-75.59838017190,45.41819252240,2017-09-12,7:19:00 AM,01 - Clear,01 - Daylight,01 - Dry,01 - Traffic signal,01 - Functioning,03 - P.D. only,03 - Rear end,0
17-8062,ALBERT ST @ LYON ST,367061.75345,5031219.34721,-75.70445869600,45.41813895880,2017-09-12,7:47:00 AM,01 - Clear,01 - Daylight,01 - Dry,01 - Traffic signal,01 - Functioning,02 - Non-fatal injury,07 - SMV other,1
17-8063,GREENBANK RD @ STRANDHERD DR,363933.23697,5014783.29988,-75.74639416500,45.27052046440,2017-09-12,8:17:00 AM,01 - Clear,01 - Daylight,01 - Dry,01 - Traffic signal,02 - Not functioning,03 - P.D. only,03 - Rear end,0
17-8064,HAWTHORNE RD btwn STEVENAGE DR & HUNT CLUB RD,375273.48075,5026972.18663,-75.60015351280,45.37914628100,2017-09-12,8:21:00 AM,01 - Clear,01 - Daylight,01 - Dry,10 - No control,,03 - P.D. only,02 - Angle,0
17-8065,GREENBANK RD btwn HARRISON ST & BANNER RD,360877.58176,5021915.05625,-75.78452617220,45.33494262810,2017-09-12,8:32:00 AM,01 - Clear,01 - Daylight,01 - Dry,10 - No control,,03 - P.D. only,03 - Rear end,0
17-8066,CARLING AVE/STATION RD @ MARCH RD,350905.07007,5022245.61656,-75.91172361830,45.33864321810,2017-09-12,9:02:00 AM,01 - Clear,01 - Daylight,01 - Dry,01 - Traffic signal,01 - Functioning,02 - Non-fatal injury,03 - Rear end,0
17-8067,CARIBOU AVE btwn ORVILLE ST & EVELYN ST,350759.27094,5013582.11095,-75.91438690790,45.26069612990,2017-09-12,12:00:00 AM,01 - Clear,00 - Unknown,01 - Dry,10 - No control,,03 - P.D. only,06 - SMV unattended vehicle,0
17-8068,HUNT CLUB RD @ RIVERSIDE DR,368036.70324,5021945.49837,-75.69319019660,45.33460787940,2017-09-12,7:50:00 AM,01 - Clear,01 - Daylight,01 - Dry,01 - Traffic signal,01 - Functioning,03 - P.D. only,04 - Sideswipe,0
17-8069,ST. LAURENT BLVD @ COVENTRY RD/OGILVIE RD,372305.71977,5031951.57429,-75.63736162380,45.42424090480,2017-09-12,9:46:00 AM,01 - Clear,01 - Daylight,01 - Dry,01 - Traffic signal,01 - Functioning,03 - P.D. only,04 - Sideswipe,0
17-8070,GREENSAND PL @ HUNTSVILLE DR,348545.41100,5020070.14200,-75.94202238770,45.31921879110,2017-09-12,10:14:00 AM,01 - Clear,01 - Daylight,01 - Dry,10 - No control,00 - Unknown,03 - P.D. only,06 - SMV unattended vehicle,0
17-8071,BASELINE RD btwn MARSON ST & FISHER AVE,366066.13494,5025963.95169,-75.71783150640,45.37094005430,2017-09-12,10:35:00 AM,01 - Clear,01 - Daylight,01 - Dry,10 - No control,,02 - Non-fatal injury,03 - Rear end,0
17-8072,ST. JOSEPH BLVD @ JEANNE D'ARC BLVD,379860.74250,5036471.35744,-75.54014141510,45.46413670430,2017-09-12,11:51:00 AM,01 - Clear,01 - Daylight,01 - Dry,11 - Roundabout,01 - Functioning,03 - P.D. only,02 - Angle,0
17-8073,PRINCE OF WALES DR btwn NORMANDY CRES & FALAISE RD (1),367473.74988,5024795.48410,-75.70001081230,45.36030198320,2017-09-12,12:06:00 PM,01 - Clear,01 - Daylight,01 - Dry,10 - No control,,03 - P.D. only,05 - Turning movement,0
17-8074,CUMMINGS AVE @ OGILVIE RD,372748.72020,5032169.91531,-75.63167116670,45.42616254100,2017-09-12,12:30:00 PM,01 - Clear,01 - Daylight,01 - Dry,01 - Traffic signal,01 - Functioning,03 - P.D. only,03 - Rear end,0
17-8075,DUROCHER ST @ MONTREAL RD,370135.81465,5033102.25599,-75.66493460990,45.43480030340,2017-09-12,12:52:00 PM,01 - Clear,01 - Daylight,01 - Dry,02 - Stop sign,00 - Unknown,02 - Non-fatal injury,02 - Angle,0
17-8076,GREENBANK RD @ MALVERN DR/FOXFIELD DR,363312.03983,5016194.50339,-75.75414380990,45.28327046730,2017-09-12,1:18:00 PM,01 - Clear,01 - Daylight,01 - Dry,01 - Traffic signal,00 - Unknown,03 - P.D. only,03 - Rear end,0
17-8077,OSGOODE ST @ RANGE RD,369498.09767,5032250.00321,-75.67319647140,45.42719136330,2017-09-12,1:25:00 PM,01 - Clear,01 - Daylight,01 - Dry,02 - Stop sign,01 - Functioning,03 - P.D. only,06 - SMV unattended vehicle,0
17-8078,HWY 417 WOODROFF IC127R62 @ WOODROFFE AVE,362051.40198,5025018.40028,-75.76919176480,45.36277154400,2017-09-12,2:22:00 PM,01 - Clear,01 - Daylight,01 - Dry,03 - Yield sign,01 - Functioning,03 - P.D. only,03 - Rear end,0
17-8079,BYRON AVE @ CHURCHILL AVE,363274.35825,5028179.21271,-75.75320788740,45.39111116040,2017-09-12,2:43:00 PM,01 - Clear,01 - Daylight,01 - Dry,01 - Traffic signal,01 - Functioning,03 - P.D. only,05 - Turning movement,0
17-8080,HOLLY ACRES RD @ CARLING AVE,358234.20937,5023496.84801,-75.81807870520,45.34938194020,2017-09-12,3:14:00 PM,01 - Clear,01 - Daylight,01 - Dry,01 - Traffic signal,01 - Functioning,03 - P.D. only,03 - Rear end,0
17-8081,TERRY FOX DR btwn WALTER BAKER PL & 240 S OF EDGEWATER ST,351938.50205,5017494.56762,-75.89899040770,45.29582352230,2017-09-12,3:32:00 PM,01 - Clear,01 - Daylight,01 - Dry,10 - No control,,03 - P.D. only,03 - Rear end,0
17-8082,CATHERINE ST/HWY 417 O'CONN IC119BR76 @ O'CONN,368244.27793,5030392.93805,-75.68945703860,45.41059697410,2017-09-12,3:43:00 PM,01 - Clear,01 - Daylight,01 - Dry,01 - Traffic signal,01 - Functioning,03 - P.D. only,04 - Sideswipe,0
17-8083,HARDING RD @ WALKLEY RD,373148.28377,5027609.65262,-75.62719779740,45.38509247580,2017-09-12,3:56:00 PM,01 - Clear,01 - Daylight,01 - Dry,01 - Traffic signal,01 - Functioning,03 - P.D. only,05 - Turning movement,0
17-8084,BEECHWOOD AVE @ MARQUETTE AVE,369680.89256,5034039.63614,-75.67062485020,45.44327682050,2017-09-12,4:03:00 PM,01 - Clear,01 - Daylight,01 - Dry,02 - Stop sign,00 - Unknown,03 - P.D. only,01 - Approaching,0
17-8085,EARL ARMSTRONG RD @ RIVER RD,367572.71850,5014684.62096,-75.70002876490,45.26931711780,2017-09-12,4:22:00 PM,01 - Clear,01 - Daylight,01 - Dry,01 - Traffic signal,01 - Functioning,02 - Non-fatal injury,03 - Rear end,0
17-8086,HIGHWAY 417 @ HWY 417 NICHOLAS IC118R57,369062.24581,5030770.91909,-75.67895874570,45.41392328430,2017-09-12,4:30:00 PM,01 - Clear,01 - Daylight,01 - Dry,10 - No control,00 - Unknown,03 - P.D. only,03 - Rear end,0
17-8087,GREENBANK RD @ STRANDHERD DR,363933.68390,5014784.64066,-75.74638831050,45.27053249140,2017-09-12,4:29:00 PM,01 - Clear,01 - Daylight,01 - Dry,01 - Traffic signal,01 - Functioning,03 - P.D. only,03 - Rear end,0
17-8088,8TH LINE RD @ MITCH OWENS RD,382363.24283,5018774.69586,-75.51092544560,45.30464166040,2017-09-12,4:47:00 PM,01 - Clear,01 - Daylight,01 - Dry,02 - Stop sign,01 - Functioning,02 - Non-fatal injury,03 - Rear end,0
17-8089,SWITZER AVE btwn KIRKWOOD AVE & END,364198.40141,5027570.43500,-75.74148098060,45.38555572300,2017-09-11,4:59:00 PM,01 - Clear,01 - Daylight,01 - Dry,10 - No control,,03 - P.D. only,06 - SMV unattended vehicle,0
17-8090,BANK ST @ DAVIDSON RD/LESTER RD,373673.83303,5022920.82484,-75.62114088600,45.34285285200,2017-09-12,4:59:00 PM,01 - Clear,01 - Daylight,01 - Dry,01 - Traffic signal,01 - Functioning,02 - Non-fatal injury,03 - Rear end,0
17-8091,CHAPEL CRES/CHAPEL ST @ MANN AVE,369551.72523,5031552.61910,-75.67260288700,45.42091160680,2017-09-12,5:03:00 PM,01 - Clear,01 - Daylight,01 - Dry,02 - Stop sign,01 - Functioning,03 - P.D. only,02 - Angle,0
17-8092,FISHER AVE @ NORMANDY CRES N,366683.75817,5024782.66027,-75.71009517280,45.36025677530,2017-09-12,5:02:00 PM,01 - Clear,01 - Daylight,01 - Dry,02 - Stop sign,01 - Functioning,03 - P.D. only,02 - Angle,0
17-8093,BLAIR RD @ REGIONAL RD 174 S/OR174 IC112 RAMP15,374907.89024,5032661.24167,-75.60401214670,45.43037014560,2017-09-12,5:08:00 PM,01 - Clear,01 - Daylight,01 - Dry,01 - Traffic signal,01 - Functioning,03 - P.D. only,04 - Sideswipe,0
17-8094,DESCHAMPS AVE @ VANIER PKWY,369851.71260,5033267.36814,-75.66854355180,45.43631240150,2017-09-12,5:10:00 PM,01 - Clear,01 - Daylight,01 - Dry,01 - Traffic signal,01 - Functioning,02 - Non-fatal injury,05 - Turning movement,0
17-8095,TERRY FOX DR btwn COPE DR & TRANS CANADA TRAIL,353333.51752,5015895.25594,-75.88136163570,45.28133755080,2017-09-12,5:23:00 PM,01 - Clear,01 - Daylight,01 - Dry,10 - No control,,03 - P.D. only,03 - Rear end,0
17-8096,GREENBANK RD btwn LARKIN DR & MALVERN DR,363195.44885,5016464.21876,-75.75559813350,45.28570706580,2017-09-12,5:50:00 PM,01 - Clear,01 - Daylight,01 - Dry,10 - No control,,03 - P.D. only,05 - Turning movement,0
17-8097,ROYDON PL btwn WOODFIELD DR & WEST HUNT CLUB RD,365557.44094,5022355.05071,-75.72476878140,45.33851202900,2017-09-12,6:30:00 PM,01 - Clear,01 - Daylight,01 - Dry,10 - No control,,02 - Non-fatal injury,02 - Angle,0
17-8098,CARLING AVE WB btwn CHAMPAGNE AVE S & PRESTON ST,366714.85124,5028864.39605,-75.70918651030,45.39698054650,2017-09-12,6:38:00 PM,01 - Clear,01 - Daylight,01 - Dry,10 - No control,,03 - P.D. only,04 - Sideswipe,0
17-8099,"DECOEUR, PROMENADE/SOUTHFIELD WAY @ TENTH LINE RD",384551.51700,5034726.57590,-75.48044915820,45.44791900010,2017-09-12,6:48:00 PM,01 - Clear,01 - Daylight,01 - Dry,02 - Stop sign,01 - Functioning,02 - Non-fatal injury,03 - Rear end,0
17-8100,COVENTRY RD @ LOLA ST,371263.71760,5031614.79748,-75.65072105780,45.42131051320,2017-09-12,8:18:00 PM,01 - Clear,07 - Dark,01 - Dry,01 - Traffic signal,01 - Functioning,02 - Non-fatal injury,04 - Sideswipe,0
17-8101,REGIONAL ROAD 174 EB btwn HWY417 IC113 RAMP65 & OR174 BLAIR IC112 RAMP51,374755.48777,5032786.90313,-75.60594177810,45.43151603820,2017-09-12,9:32:00 PM,01 - Clear,07 - Dark,01 - Dry,10 - No control,,02 - Non-fatal injury,03 - Rear end,0
17-8102,AVONCOURT WAY btwn HARKNESS AVE & WALKLEY RD,369597.19399,5025529.97107,-75.67281292820,45.36671764070,2017-09-12,9:39:00 PM,01 - Clear,07 - Dark,01 - Dry,10 - No control,,03 - P.D. only,06 - SMV unattended vehicle,0
17-8103,BANTREE ST btwn EDINBURGH PL & BLACKWELL ST,374431.63330,5029954.39762,-75.61048054300,45.40606295560,2017-09-12,12:00:00 AM,01 - Clear,00 - Unknown,01 - Dry,10 - No control,,03 - P.D. only,06 - SMV unattended vehicle,0
17-8104,BANK ST @ CHAMBERLAIN AVE N/ISABELLA ST,368082.81516,5030166.67548,-75.69154867100,45.40857575410,2017-09-13,5:30:00 AM,01 - Clear,07 - Dark,01 - Dry,01 - Traffic signal,01 - Functioning,03 - P.D. only,02 - Angle,0
17-8105,CAMPEAU DR/HWY 417 MARCH IC138R63 @ MARCH RD,352842.63649,5020476.38734,-75.88717439710,45.32259335810,2017-09-13,5:54:00 AM,01 - Clear,07 - Dark,01 - Dry,01 - Traffic signal,01 - Functioning,03 - P.D. only,04 - Sideswipe,0
17-8106,ST. JOSEPH BLVD @ JEANNE D'ARC BLVD,379860.74250,5036472.25129,-75.54014127860,45.46414474690,2017-09-13,8:01:00 AM,01 - Clear,01 - Daylight,01 - Dry,11 - Roundabout,01 - Functioning,02 - Non-fatal injury,02 - Angle,0
17-8107,MCCARTHY RD btwn PLANTE DR & HUNT CLUB RD,370461.70088,5023501.29112,-75.66204747390,45.34838374060,2017-09-13,12:00:00 AM,01 - Clear,00 - Unknown,01 - Dry,10 - No control,,03 - P.D. only,06 - SMV unattended vehicle,0
17-8108,CARP RD @ MARCH RD,342164.07740,5021732.74695,-76.02328846670,45.33454819460,2017-09-13,8:54:00 AM,01 - Clear,01 - Daylight,01 - Dry,01 - Traffic signal,01 - Functioning,02 - Non-fatal injury,02 - Angle,0
17-8109,CHAMBERLAIN AVE btwn KENT ST & TO BE DETERMINED,368020.80679,5030097.49153,-75.69234963410,45.40795886220,2017-09-13,9:12:00 AM,01 - Clear,01 - Daylight,01 - Dry,10 - No control,,02 - Non-fatal injury,07 - SMV other,0
17-8110,BANK ST btwn 73 N OF EVANS BLVD & EVANS AVE,369905.56463,5027085.31926,-75.66867172480,45.38068360050,2017-09-12,4:30:00 PM,01 - Clear,01 - Daylight,01 - Dry,10 - No control,,03 - P.D. only,99 - Other,0
17-8111,MACKAY ST @ VAUGHAN ST,369065.84990,5033637.56365,-75.67853865380,45.43971594620,2017-09-13,9:10:00 AM,01 - Clear,01 - Daylight,01 - Dry,02 - Stop sign,01 - Functioning,03 - P.D. only,02 - Angle,0
17-8112,STONEHAVEN DR btwn RICHMOND RD & SAWYER WAY/SUMMITVIEW DR,356765.71011,5015881.40959,-75.83761706580,45.28096762590,2017-09-13,10:49:00 AM,01 - Clear,01 - Daylight,01 - Dry,10 - No control,,03 - P.D. only,02 - Angle,0
17-8113,ST. JOSEPH BLVD @ JEANNE D'ARC BLVD,379861.18943,5036470.91051,-75.54013576930,45.46413263540,2017-09-13,12:26:00 PM,01 - Clear,01 - Daylight,01 - Dry,11 - Roundabout,01 - Functioning,03 - P.D. only,04 - Sideswipe,0
17-8114,HENNESSY CRES/VARENNES BLVD @ VALIN ST,385176.55564,5037685.49202,-75.47197615480,45.47446890900,2017-09-13,12:46:00 PM,01 - Clear,01 - Daylight,01 - Dry,02 - Stop sign,01 - Functioning,03 - P.D. only,02 - Angle,0
17-8115,MITCH OWENS RD btwn HALL RD & BLACKCREEK RD,386554.31868,5021274.36310,-75.45707765380,45.32665647500,2017-09-13,12:50:00 PM,01 - Clear,01 - Daylight,01 - Dry,10 - No control,,02 - Non-fatal injury,03 - Rear end,0
17-8116,COLONEL BY DR @ HOG'S BACK RD,367603.60325,5025873.76126,-75.69821643040,45.36999244860,2017-09-13,12:15:00 PM,01 - Clear,01 - Daylight,01 - Dry,01 - Traffic signal,01 - Functioning,03 - P.D. only,03 - Rear end,0
17-8117,INNES RD btwn ANDERSON RD & INNES RD,376372.14539,5031891.17024,-75.58541305540,45.42329318770,2017-09-13,7:30:00 AM,01 - Clear,01 - Daylight,01 - Dry,10 - No control,,03 - P.D. only,04 - Sideswipe,0
17-8118,BRUYERE ST @ SUSSEX DR,367538.53598,5032668.00069,-75.69818275660,45.43113087750,2017-09-13,3:05:00 PM,01 - Clear,01 - Daylight,01 - Dry,01 - Traffic signal,01 - Functioning,03 - P.D. only,03 - Rear end,0
17-8119,BYRON AVE btwn EVERED AVE & ATHLONE AVE,363461.95527,5028246.69575,-75.75080421620,45.39170267340,2017-09-13,3:33:00 PM,01 - Clear,01 - Daylight,01 - Dry,10 - No control,,03 - P.D. only,03 - Rear end,0
17-8120,BASELINE RD @ CORDOVA ST,363594.58205,5024408.40908,-75.74956746930,45.35715518410,2017-09-13,3:35:00 PM,01 - Clear,01 - Daylight,01 - Dry,01 - Traffic signal,01 - Functioning,03 - P.D. only,03 - Rear end,0
17-8121,BYWARD MARKET @ YORK ST,367944.25427,5032328.81446,-75.69304156330,45.42804248340,2017-09-13,12:00:00 AM,01 - Clear,00 - Unknown,01 - Dry,02 - Stop sign,00 - Unknown,03 - P.D. only,06 - SMV unattended vehicle,0
17-8122,STITTSVILLE MAIN ST btwn HOBIN ST & BEVERLY ST,349794.29178,5013882.03257,-75.92665488410,45.26345731360,2017-09-13,3:55:00 PM,01 - Clear,01 - Daylight,01 - Dry,10 - No control,,02 - Non-fatal injury,03 - Rear end,0
17-8123,INDUSTRIAL AVE/INNES RD @ ST. LAURENT BLVD,373100.68319,5030005.80565,-75.62747383560,45.40665663840,2017-09-06,4:00:00 PM,01 - Clear,01 - Daylight,01 - Dry,01 - Traffic signal,01 - Functioning,03 - P.D. only,03 - Rear end,0
17-8124,HERON RD btwn CLEMENTINE BLVD & FALCON AVE,369591.54669,5026793.26936,-75.67271929930,45.37808493880,2017-09-13,5:00:00 PM,01 - Clear,01 - Daylight,01 - Dry,10 - No control,,03 - P.D. only,03 - Rear end,0
17-8125,RUSSELL RD S @ ST. LAURENT BLVD,373569.53323,5029260.38270,-75.62158903830,45.39990376630,2017-09-13,5:00:00 PM,01 - Clear,01 - Daylight,01 - Dry,01 - Traffic signal,01 - Functioning,02 - Non-fatal injury,03 - Rear end,0
17-8126,LAURIER AVE   W btwn METCALFE ST & ELGIN ST,367935.91903,5031541.54736,-75.69324898140,45.42095967340,2017-09-13,5:18:00 PM,01 - Clear,01 - Daylight,01 - Dry,10 - No control,,02 - Non-fatal injury,05 - Turning movement,0