COLLISION_ID,LOCATION,X,Y,LONGITUDE,LATITUDE,DATE,TIME,ENVIRONMENT,LIGHT,SURFACE_CONDITION,TRAFFIC_CONTROL,TRAFFIC_CONTROL_CONDITION,COLLISION_CLASSIFICATION,IMPACT_TYPE,NO_OF_PEDESTRIANS
17-8127,ST. JOSEPH BLVD @ JEANNE D'ARC BLVD,379860.74250,5036470.46358,-75.54014155160,45.46412866260,2017-09-13,6:06:00 PM,01 - Clear,01 - Daylight,01 - Dry,11 - Roundabout,01 - Functioning,03 - P.D. only,02 - Angle,0
17-8128,GLENMORISTON AVE btwn GOWRIE DR & SEABROOKE DR,352393.33364,5017282.86139,-75.89321200890,45.29388787480,2017-09-13,4:00:00 PM,01 - Clear,01 - Daylight,01 - Dry,10 - No control,,03 - P.D. only,06 - SMV unattended vehicle,0
17-8129,CENTRAL PARK DR N @ MERIVALE RD,364953.79775,5025872.91741,-75.73204221040,45.37021730300,2017-09-13,6:20:00 PM,01 - Clear,01 - Daylight,01 - Dry,01 - Traffic signal,01 - Functioning,03 - P.D. only,04 - Sideswipe,0
17-8130,HAZELDEAN RD @ TERRY FOX DR,352207.61354,5017242.44942,-75.89558356500,45.29353679170,2017-09-13,6:18:00 PM,01 - Clear,01 - Daylight,01 - Dry,01 - Traffic signal,01 - Functioning,03 - P.D. only,04 - Sideswipe,0
17-8131,WOODROFFE AVE @ HWY 417 WOODROFF IC127R26/HWY4,362082.71206,5024939.66356,-75.76880125390,45.36206051970,2017-09-13,6:37:00 PM,01 - Clear,01 - Daylight,01 - Dry,01 - Traffic signal,00 - Unknown,03 - P.D. only,03 - Rear end,0
17-8132,KATIMAVIK RD @ CURRAN ST/DAVIS AVE,351461.46705,5018494.00312,-75.90497814740,45.30484854950,2017-09-13,6:42:00 PM,01 - Clear,05 - Dusk,01 - Dry,02 - Stop sign,01 - Functioning,02 - Non-fatal injury,02 - Angle,0
17-8133,BASELINE RD @ WOODROFFE AVE,362550.58405,5023771.62202,-75.76296594270,45.35151219250,2017-09-13,6:43:00 PM,01 - Clear,01 - Daylight,01 - Dry,01 - Traffic signal,01 - Functioning,02 - Non-fatal injury,03 - Rear end,0
17-8134,GULF PL btwn HOCHELAGA ST & THE ROCKERY PRIV,373135.39728,5034406.81148,-75.62641981510,45.44625131990,2017-09-13,12:00:00 AM,01 - Clear,00 - Unknown,01 - Dry,10 - No control,,03 - P.D. only,06 - SMV unattended vehicle,0
17-8135,JEANNE D'ARC BLVD  N btwn AVIGNON CRT & DECARIE DR,380848.17794,5038508.92731,-75.52720077370,45.48236228690,2017-09-12,12:00:00 AM,01 - Clear,00 - Unknown,01 - Dry,10 - No control,,03 - P.D. only,06 - SMV unattended vehicle,0
17-8136,CARLING AVE @ CIVIC HOSPITAL,365791.79006,5028278.56832,-75.72104771750,45.39179041860,2017-09-13,4:30:00 PM,01 - Clear,01 - Daylight,01 - Dry,01 - Traffic signal,01 - Functioning,03 - P.D. only,05 - Turning movement,0
17-8137,BLEEKS RD btwn DWYER HILL RD & BAYBERRY LANE,348668.12156,5002741.92573,-75.94198575480,45.16328463810,2017-09-13,8:00:00 PM,01 - Clear,07 - Dark,01 - Dry,10 - No control,,03 - P.D. only,07 - SMV other,0
17-8138,MISS OTTAWA ST @ MONTREAL RD,375798.17473,5034647.46758,-75.59234911930,45.44815120400,2017-09-13,8:34:00 PM,01 - Clear,07 - Dark,01 - Dry,01 - Traffic signal,01 - Functioning,02 - Non-fatal injury,03 - Rear end,0
17-8139,MARQUETTE AVE @ STE. MONIQUE ST,369992.75981,5033882.82995,-75.66665943490,45.44183693170,2017-09-13,10:18:00 PM,01 - Clear,07 - Dark,01 - Dry,02 - Stop sign,01 - Functioning,03 - P.D. only,02 - Angle,0
17-8140,CARLING AVE btwn DAVIDSON'S SIDE RD & GRANDVIEW RD,355536.95546,5024125.05088,-75.85243402150,45.35523488590,2017-09-13,10:59:00 PM,01 - Clear,07 - Dark,01 - Dry,10 - No control,,03 - P.D. only,03 - Rear end,0
17-8141,HWY 416 ACRES IC75R24 @ HOLLY ACRES RD,358757.36747,5022866.49889,-75.81147147040,45.34366998750,2017-09-14,7:47:00 AM,01 - Clear,01 - Daylight,01 - Dry,01 - Traffic signal,01 - Functioning,03 - P.D. only,03 - Rear end,0
17-8142,ALBERT ST @ BOOTH ST,366429.63995,5030627.27666,-75.71260871370,45.41286764060,2017-09-14,7:50:00 AM,01 - Clear,01 - Daylight,01 - Dry,01 - Traffic signal,01 - Functioning,03 - P.D. only,02 - Angle,0
17-8143,COLONIAL RD btwn FRANK KENNY RD & ROCKDALE RD,390382.70994,5032132.86693,-75.40636674350,45.42389401790,2017-09-14,8:21:00 AM,01 - Clear,01 - Daylight,01 - Dry,10 - No control,,03 - P.D. only,07 - SMV other,0
17-8144,WALKLEY RD @ GLENHAVEN PRIV,370212.87926,5025873.46424,-75.66490857720,45.36975109560,2017-09-14,9:00:00 AM,01 - Clear,01 - Daylight,01 - Dry,01 - Traffic signal,01 - Functioning,03 - P.D. only,05 - Turning movement,0
17-8145,ELGIN ST @ SOMERSET ST,368164.70860,5031196.93256,-75.69037011880,45.41783826090,2017-09-14,10:38:00 AM,01 - Clear,01 - Daylight,01 - Dry,01 - Traffic signal,01 - Functioning,02 - Non-fatal injury,07 - SMV other,1
17-8146,HUNT CLUB RD @ BRIDLE PATH DR/DAZE ST,371291.01925,5023866.07025,-75.65141610380,45.35158777740,2017-09-14,8:25:00 AM,01 - Clear,01 - Daylight,01 - Dry,01 - Traffic signal,01 - Functioning,03 - P.D. only,03 - Rear end,0
17-8147,STAGECOACH RD @ WOODSTREAM DR/JACK PINE CRES,375874.30367,5013426.21264,-75.59442647100,45.25720440560,2017-09-13,3:45:00 PM,01 - Clear,01 - Daylight,01 - Dry,02 - Stop sign,00 - Unknown,03 - P.D. only,05 - Turning movement,0
17-8148,MONTREAL RD @ BORTHWICK AVE,371941.76425,5034010.29336,-75.64173124450,45.44279931830,2017-09-14,11:07:00 AM,01 - Clear,01 - Daylight,01 - Dry,02 - Stop sign,01 - Functioning,02 - Non-fatal injury,05 - Turning movement,0
17-8149,CHAPEL ST @ RIDEAU ST,368892.45300,5032643.35546,-75.68088426070,45.43078635960,2017-09-14,5:32:00 PM,01 - Clear,01 - Daylight,01 - Dry,01 - Traffic signal,01 - Functioning,02 - Non-fatal injury,07 - SMV other,1
17-8150,DONALD ST @ ST. LAURENT BLVD,372093.71290,5032471.46758,-75.63999946590,45.42893909060,2017-09-14,11:53:00 AM,01 - Clear,01 - Daylight,01 - Dry,01 - Traffic signal,01 - Functioning,03 - P.D. only,03 - Rear end,0
17-8151,BANK ST btwn ORVILLE KEMP ST & LEITRIM RD,375280.12106,5021806.24266,-75.60080523410,45.33266476320,2017-09-14,12:09:00 PM,01 - Clear,01 - Daylight,01 - Dry,10 - No control,,03 - P.D. only,05 - Turning movement,0
17-8152,BANK ST btwn WILDWOOD AVE & RIDGEMONT AVE,370052.71971,5026692.28800,-75.66684485210,45.37713354230,2017-09-14,1:13:00 PM,01 - Clear,01 - Daylight,01 - Dry,10 - No control,,02 - Non-fatal injury,02 - Angle,0
17-8153,ALBERT ST btwn BRONSON AVE & BAY ST,366899.68465,5031118.97489,-75.70654195800,45.41725024220,2017-09-14,1:21:00 PM,01 - Clear,01 - Daylight,01 - Dry,10 - No control,,03 - P.D. only,04 - Sideswipe,0
17-8154,INNES RD @ TRIM RD,386566.77210,5037272.83905,-75.45426677900,45.47059488200,2017-09-14,1:33:00 PM,01 - Clear,01 - Daylight,01 - Dry,01 - Traffic signal,01 - Functioning,03 - P.D. only,04 - Sideswipe,0
17-8155,KENT ST @ LISGAR ST,367437.22390,5030963.33025,-75.69969418470,45.41580188580,2017-09-14,2:06:00 PM,01 - Clear,01 - Daylight,01 - Dry,02 - Stop sign,00 - Unknown,03 - P.D. only,04 - Sideswipe,0
17-8156,BASELINE RD @ CLYDE AVE,364359.72732,5024890.00967,-75.73974426130,45.36142398210,2017-09-14,2:22:00 PM,01 - Clear,01 - Daylight,01 - Dry,01 - Traffic signal,01 - Functioning,02 - Non-fatal injury,02 - Angle,0
17-8157,ATHLONE AVE btwn SCOTT ST & RICHMOND RD,363400.19838,5028562.02907,-75.75155541890,45.39454516090,2017-09-14,2:24:00 PM,01 - Clear,01 - Daylight,01 - Dry,10 - No control,,03 - P.D. only,06 - SMV unattended vehicle,0
17-8158,DEERFIELD DR btwn NAVAHO DR & DEERFIELD DR,363421.08286,5024098.36330,-75.75181852470,45.35437995190,2017-09-13,12:00:00 AM,01 - Clear,00 - Unknown,01 - Dry,10 - No control,,03 - P.D. only,06 - SMV unattended vehicle,0
17-8159,9TH LINE RD @ VICTORIA ST,387131.38688,5012213.18231,-75.45122085640,45.24506320820,2017-09-14,2:46:00 PM,01 - Clear,01 - Daylight,01 - Dry,02 - Stop sign,01 - Functioning,03 - P.D. only,02 - Angle,0
17-8160,RIDEAU ST btwn NELSON ST & FRIEL ST,368738.24959,5032550.99051,-75.68286680530,45.42996940850,2017-09-14,2:45:00 PM,01 - Clear,01 - Daylight,01 - Dry,10 - No control,,02 - Non-fatal injury,07 - SMV other,1
17-8161,PRINCE OF WALES DR @ STRANDHERD DR,367174.33401,5014823.95205,-75.70508775680,45.27060625500,2017-09-14,2:51:00 PM,01 - Clear,01 - Daylight,01 - Dry,01 - Traffic signal,01 - Functioning,03 - P.D. only,03 - Rear end,0
17-8162,BELFAST RD @ ST. LAURENT BLVD,372861.67989,5030578.80095,-75.63044758680,45.41183546800,2017-09-14,3:19:00 PM,01 - Clear,01 - Daylight,01 - Dry,01 - Traffic signal,01 - Functioning,03 - P.D. only,04 - Sideswipe,0
17-8163,ST. JOSEPH BLVD @ JEANNE D'ARC BLVD,379860.74251,5036471.58089,-75.54014138100,45.46413871520,2017-09-14,3:27:00 PM,01 - Clear,01 - Daylight,01 - Dry,11 - Roundabout,01 - Functioning,03 - P.D. only,03 - Rear end,0
17-8164,CARP RD @ HAZELDEAN RD,348804.91035,5014359.09841,-75.93921931520,45.26781272050,2017-09-14,3:41:00 PM,01 - Clear,01 - Daylight,01 - Dry,01 - Traffic signal,01 - Functioning,03 - P.D. only,05 - Turning movement,0
17-8165,REGIONAL ROAD 174 EB btwn HWY417 IC113 RAMP65 & OR174 BLAIR IC112 RAMP51,374017.97716,5032180.06407,-75.61545160530,45.42612940460,2017-09-14,3:57:00 PM,01 - Clear,01 - Daylight,01 - Dry,10 - No control,,02 - Non-fatal injury,03 - Rear end,0
17-8166,MONTREAL RD/HANNAH ST @ CODY AVE,370255.51664,5033169.33097,-75.66339593060,45.43539262130,2017-09-14,4:00:00 PM,01 - Clear,01 - Daylight,01 - Dry,01 - Traffic signal,01 - Functioning,03 - P.D. only,05 - Turning movement,0
17-8167,STONEHAVEN DR @ STONEMEADOW DR,355949.91800,5016618.91205,-75.84793888730,45.28766364600,2017-09-14,4:07:00 PM,01 - Clear,01 - Daylight,01 - Dry,02 - Stop sign,01 - Functioning,02 - Non-fatal injury,03 - Rear end,0
17-8168,DONALD ST @ ST. LAURENT BLVD,372093.23953,5032472.34821,-75.64000539490,45.42894705940,2017-09-14,4:22:00 PM,01 - Clear,01 - Daylight,01 - Dry,01 - Traffic signal,01 - Functioning,03 - P.D. only,03 - Rear end,0
17-8169,MEADOWLANDS DR/TALLWOOD DR @ WOODROFFE AVE,363057.58345,5022730.27084,-75.75661863620,45.34210026430,2017-09-14,5:00:00 PM,01 - Clear,01 - Daylight,01 - Dry,01 - Traffic signal,01 - Functioning,03 - P.D. only,99 - Other,0
17-8170,CUMBERLAND ST @ LAURIER AVE,368596.74831,5031948.34535,-75.68475307580,45.42455994820,2017-09-14,8:30:00 AM,01 - Clear,01 - Daylight,01 - Dry,01 - Traffic signal,01 - Functioning,03 - P.D. only,02 - Angle,0
17-8171,BANK ST @ WALKLEY RD,370337.37410,5025947.97385,-75.66330950340,45.37040987930,2017-09-14,5:30:00 PM,01 - Clear,01 - Daylight,01 - Dry,01 - Traffic signal,01 - Functioning,03 - P.D. only,03 - Rear end,0
17-8172,BURKE RD @ CARLING AVE,352832.58369,5022662.21455,-75.88709050200,45.34226252380,2017-09-14,5:41:00 PM,01 - Clear,01 - Daylight,01 - Dry,02 - Stop sign,01 - Functioning,03 - P.D. only,03 - Rear end,0
17-8173,BRONSON AVE @ CARLING AVE/GLEBE AVE,367446.27331,5029335.80095,-75.69978538780,45.40115705430,2017-09-14,6:43:00 PM,01 - Clear,01 - Daylight,01 - Dry,01 - Traffic signal,01 - Functioning,03 - P.D. only,05 - Turning movement,0
17-8174,FALLOWFIELD RD @ GREENBANK RD,363080.22877,5016732.23184,-75.75703530690,45.28812821370,2017-09-14,6:55:00 PM,01 - Clear,05 - Dusk,01 - Dry,01 - Traffic signal,01 - Functioning,03 - P.D. only,03 - Rear end,0
17-8175,ROBERTSON RD btwn HAANEL DR & MILL HILL RD,355077.09080,5019256.23714,-75.85879758360,45.31145777190,2017-09-14,7:13:00 PM,01 - Clear,05 - Dusk,01 - Dry,10 - No control,,03 - P.D. only,04 - Sideswipe,0
17-8176,CUMBERLAND ST @ LAURIER AVE,368598.65989,5031949.30115,-75.68472852650,45.42456837380,2017-09-14,7:36:00 PM,01 - Clear,07 - Dark,01 - Dry,01 - Traffic signal,01 - Functioning,03 - P.D. only,04 - Sideswipe,0
17-8177,UPPER DWYER HILL RD btwn MARCH RD & OLD ALMONTE RD,334256.74655,5014108.23477,-76.12462509560,45.26631509660,2017-09-14,7:30:00 PM,01 - Clear,05 - Dusk,01 - Dry,10 - No control,,03 - P.D. only,07 - SMV other,0
17-8178,JOCKVALE RD/RIDEAU VALLEY DR @ PRINCE OF WALES,366709.66510,5012196.58057,-75.71133639580,45.24700632480,2017-09-14,9:16:00 PM,01 - Clear,07 - Dark,01 - Dry,01 - Traffic signal,01 - Functioning,02 - Non-fatal injury,03 - Rear end,0
17-8179,KING GEORGE ST btwn FRANCES ST & LAWSON AVE,371604.01388,5032169.15472,-75.64629802850,45.42626596060,2017-09-14,10:17:00 PM,01 - Clear,07 - Dark,01 - Dry,10 - No control,,03 - P.D. only,06 - SMV unattended vehicle,0
17-8180,BANK ST btwn ORVILLE KEMP ST & LEITRIM RD,375261.71545,5021853.55266,-75.60103329120,45.33309228760,2017-09-15,12:09:00 AM,01 - Clear,07 - Dark,01 - Dry,10 - No control,,03 - P.D. only,07 - SMV other,0
17-8181,REGIONAL ROAD 174 btwn OR174 IC101 RAMP61 & TRIM RD,383525.85181,5039430.87764,-75.49280569920,45.49036031350,2017-09-15,5:35:00 AM,01 - Clear,07 - Dark,01 - Dry,10 - No control,,03 - P.D. only,07 - SMV other,0
17-8182,COBOURG ST @ ST. PATRICK ST,368801.97057,5033234.44223,-75.68196369020,45.43611302050,2017-09-15,7:12:00 AM,01 - Clear,01 - Daylight,01 - Dry,01 - Traffic signal,01 - Functioning,03 - P.D. only,03 - Rear end,0
17-8183,FAIRLEA CRES btwn HEATHERINGTON RD & GORE PRIV,371819.15022,5026695.03596,-75.64429296240,45.37699153420,2017-09-14,12:00:00 AM,01 - Clear,00 - Unknown,01 - Dry,10 - No control,,03 - P.D. only,06 - SMV unattended vehicle,0
17-8184,ALBION RD btwn DEL ZOTTO AVE & HIGH RD,373998.31921,5019236.63665,-75.61751569210,45.30967191950,2017-09-15,7:55:00 AM,01 - Clear,01 - Daylight,01 - Dry,10 - No control,,02 - Non-fatal injury,03 - Rear end,0
17-8185,RICHMOND RD @ HOLLY ACRES RD/NANAIMO DR,359059.11853,5022747.37878,-75.80763429310,45.34257486610,2017-09-15,7:45:00 AM,01 - Clear,01 - Daylight,01 - Dry,01 - Traffic signal,01 - Functioning,03 - P.D. only,03 - Rear end,0
17-8186,SCOTT ST btwn CAROLINE AVE & HURON AVE N,364654.84252,5029545.88132,-75.73541307280,45.40329153870,2017-09-15,8:08:00 AM,01 - Clear,01 - Daylight,01 - Dry,10 - No control,,02 - Non-fatal injury,04 - Sideswipe,0
17-8187,"MONTREAL RD btwn EGLISE, RUE DE L & ST. LAURENT BLVD",371248.42058,5033677.84930,-75.65063811200,45.43987438810,2017-09-15,8:56:00 AM,01 - Clear,01 - Daylight,01 - Dry,10 - No control,,03 - P.D. only,04 - Sideswipe,0
17-8188,GLOUCESTER ST @ METCALFE ST,367833.54436,5031386.69006,-75.69457680630,45.41957554990,2017-09-15,10:31:00 AM,01 - Clear,01 - Daylight,01 - Dry,01 - Traffic signal,00 - Unknown,03 - P.D. only,04 - Sideswipe,0
17-8189,REGIONAL ROAD 174 EB btwn HWY417 IC113 RAMP65 & OR174 BLAIR IC112 RAMP51,374140.95058,5032323.77988,-75.61386006280,45.42741030380,2017-09-15,11:16:00 AM,01 - Clear,01 - Daylight,01 - Dry,10 - No control,,03 - P.D. only,03 - Rear end,0
17-8190,CYR AVE @ MCARTHUR AVE,370355.65835,5032708.35101,-75.66217750790,45.43123553700,2017-09-15,12:05:00 PM,01 - Clear,01 - Daylight,01 - Dry,02 - Stop sign,01 - Functioning,03 - P.D. only,99 - Other,0
17-8191,DWYER HILL RD @ ROGER STEVENS DR,354336.06863,4989351.03511,-75.87121621700,45.04241143820,2017-09-15,12:14:00 PM,01 - Clear,01 - Daylight,01 - Dry,02 - Stop sign,01 - Functioning,02 - Non-fatal injury,02 - Angle,0
17-8192,MCARTHUR AVE @ OLMSTEAD ST,370483.66479,5032724.30595,-75.66053959290,45.43136708250,2017-09-15,12:25:00 PM,01 - Clear,01 - Daylight,01 - Dry,01 - Traffic signal,01 - Functioning,03 - P.D. only,03 - Rear end,0
17-8193,KING EDWARD AVE @ ST. PATRICK ST,368250.13499,5032823.82775,-75.68906914000,45.43246875440,2017-09-15,12:28:00 PM,01 - Clear,01 - Daylight,01 - Dry,01 - Traffic signal,01 - Functioning,02 - Non-fatal injury,03 - Rear end,0
17-8194,MAIN ST btwn LEES AVE & EVELYN AVE,369003.11532,5030555.20529,-75.67974224280,45.41198779480,2017-09-15,12:54:00 PM,01 - Clear,01 - Daylight,01 - Dry,10 - No control,,03 - P.D. only,05 - Turning movement,0
17-8195,GLADSTONE AVE btwn BAY ST & LYON ST N,367488.61195,5030304.46238,-75.69912147150,45.40986899310,2017-09-15,1:02:00 PM,01 - Clear,01 - Daylight,01 - Dry,10 - No control,,02 - Non-fatal injury,03 - Rear end,0
17-8196,CARLING AVE @ CROYDON AVE,360658.76272,5025042.41231,-75.78696454630,45.36309995700,2017-09-15,1:25:00 PM,01 - Clear,01 - Daylight,01 - Dry,01 - Traffic signal,01 - Functioning,03 - P.D. only,03 - Rear end,0
17-8197,MONTREAL RD @ OGILVIE RD,375654.25710,5034556.82505,-75.59420180510,45.44735026220,2017-09-15,1:45:00 PM,01 - Clear,01 - Daylight,01 - Dry,01 - Traffic signal,01 - Functioning,03 - P.D. only,03 - Rear end,0
17-8198,BANK ST btwn VANCOUVER AVE & FOXBAR AVE,370473.86061,5025624.22868,-75.66161025790,45.36748414760,2017-09-15,1:49:00 PM,01 - Clear,01 - Daylight,01 - Dry,10 - No control,,03 - P.D. only,02 - Angle,0
17-8199,CARLING AVE @ CROYDON AVE,360658.61154,5025042.84190,-75.78696642770,45.36310383460,2017-09-15,1:59:00 PM,01 - Clear,01 - Daylight,01 - Dry,01 - Traffic signal,01 - Functioning,03 - P.D. only,04 - Sideswipe,0
17-8200,GOTHWOOD PL btwn GOTH AVE & END,372374.00146,5023310.99933,-75.63767207570,45.34648992420,2017-09-13,12:00:00 AM,01 - Clear,00 - Unknown,01 - Dry,10 - No control,,03 - P.D. only,06 - SMV unattended vehicle,0
17-8201,BRONSON AVE @ POWELL AVE,367386.92311,5029476.49715,-75.70052557020,45.40242830670,2017-09-15,2:06:00 PM,01 - Clear,01 - Daylight,01 - Dry,01 - Traffic signal,00 - Unknown,03 - P.D. only,04 - Sideswipe,0
17-8202,HAZELDEAN RD @ EDGEWATER ST,352324.56149,5017352.63974,-75.89408207830,45.29452041260,2017-09-15,2:24:00 PM,01 - Clear,01 - Daylight,01 - Dry,01 - Traffic signal,01 - Functioning,03 - P.D. only,02 - Angle,0
17-8203,MEADOWLANDS DR/TALLWOOD DR @ WOODROFFE AVE,363055.73381,5022729.29956,-75.75664235120,45.34209167910,2017-09-13,12:00:00 PM,01 - Clear,01 - Daylight,01 - Dry,01 - Traffic signal,01 - Functioning,03 - P.D. only,03 - Rear end,0
17-8204,REGIONAL RD 174 EB @ OR174 IC109 RAMP55,376461.33143,5034962.55053,-75.58382641570,45.45091844180,2017-09-15,3:27:00 PM,01 - Clear,01 - Daylight,01 - Dry,10 - No control,00 - Unknown,03 - P.D. only,03 - Rear end,0
17-8205,GREENBANK RD btwn WEST HUNT CLUB RD & FALLOWFIELD RD,362672.50776,5017668.29139,-75.76212334130,45.29658458440,2017-09-15,3:35:00 PM,01 - Clear,01 - Daylight,01 - Dry,10 - No control,,03 - P.D. only,07 - SMV other,0
17-8206,MONTREAL RD @ DEN HAAG DR/LANG'S RD,372386.71800,5034221.82039,-75.63601502650,45.44465965560,2017-09-15,3:42:00 PM,01 - Clear,01 - Daylight,01 - Dry,01 - Traffic signal,01 - Functioning,03 - P.D. only,03 - Rear end,0
17-8207,HWY 416 WESTHUNT IC72R34 @ WEST HUNT CLUB RD,359371.46209,5019361.22830,-75.80402220780,45.31208190980,2017-09-15,3:54:00 PM,01 - Clear,01 - Daylight,01 - Dry,01 - Traffic signal,01 - Functioning,03 - P.D. only,03 - Rear end,0
17-8208,MOODIE DR @ WEST HUNT CLUB RD,357907.20477,5018498.23224,-75.82278778020,45.30442883930,2017-09-04,10:50:00 AM,02 - Rain,01 - Daylight,02 - Wet,01 - Traffic signal,01 - Functioning,02 - Non-fatal injury,03 - Rear end,0
17-8209,BOUNDARY RD @ CARTWRIGHT RD,390900.09255,5014587.15694,-75.40281052300,45.26597136840,2017-09-15,5:00:00 PM,01 - Clear,01 - Daylight,01 - Dry,02 - Stop sign,01 - Functioning,03 - P.D. only,02 - Angle,0
17-8210,MONTREAL RD btwn MONTGOMERY ST & PALACE ST,369900.59785,5032965.94329,-75.66795865090,45.43359575570,2017-09-15,5:30:00 PM,01 - Clear,01 - Daylight,01 - Dry,10 - No control,,03 - P.D. only,07 - SMV other,0
17-8211,GOLDENEYE WAY btwn NAKINA WAY & NORTH BLUFF DR,369426.94369,5016265.65884,-75.67619523620,45.28337512570,2017-09-15,12:00:00 AM,01 - Clear,00 - Unknown,01 - Dry,10 - No control,,03 - P.D. only,06 - SMV unattended vehicle,0
17-8212,GLOUCESTER ST @ METCALFE ST,367834.60565,5031386.80346,-75.69456323220,45.41957647460,2017-09-15,2:08:00 PM,01 - Clear,01 - Daylight,01 - Dry,01 - Traffic signal,00 - Unknown,03 - P.D. only,06 - SMV unattended vehicle,0
17-8213,MANOTICK MAIN ST btwn BEAVERWOOD RD & CURRIER ST,368980.75033,5009686.44134,-75.68273191100,45.22421682090,2017-09-15,6:06:00 PM,01 - Clear,01 - Daylight,01 - Dry,10 - No control,,03 - P.D. only,06 - SMV unattended vehicle,0
17-8214,NICHOLAS ST NB btwn LAURIER AVE E & WALLER ST,368490.72183,5031711.05365,-75.68613851150,45.42243454310,2017-09-15,6:12:00 PM,01 - Clear,01 - Daylight,01 - Dry,10 - No control,,02 - Non-fatal injury,03 - Rear end,0
17-8215,HOLLAND AVE @ KENILWORTH ST,365213.74151,5028495.83415,-75.72840294460,45.39379543660,2017-09-14,5:40:00 PM,01 - Clear,01 - Daylight,01 - Dry,01 - Traffic signal,01 - Functioning,03 - P.D. only,02 - Angle,0
17-8216,VIEWMOUNT DR @ MERIVALE RD,365193.69710,5022948.73435,-75.72933705490,45.34388532380,2017-09-15,7:01:00 PM,01 - Clear,01 - Daylight,01 - Dry,01 - Traffic signal,01 - Functioning,03 - P.D. only,04 - Sideswipe,0
17-8217,CARLING AVE @ CROYDON AVE,360659.15850,5025041.80065,-75.78695956350,45.36309442230,2017-09-15,7:42:00 PM,01 - Clear,07 - Dark,01 - Dry,01 - Traffic signal,01 - Functioning,03 - P.D. only,05 - Turning movement,0
17-8218,EARL ARMSTRONG RD @ BOWESVILLE RD,372560.78539,5017440.46490,-75.63609190340,45.29365063100,2017-09-15,7:50:00 PM,01 - Clear,05 - Dusk,01 - Dry,02 - Stop sign,01 - Functioning,03 - P.D. only,02 - Angle,0
17-8219,NICHOLAS ST NB btwn HWY417 IC118 RAMP52 & WALLER ST/TRANSITWAY,368614.97511,5031618.81948,-75.68456287020,45.42159332890,2017-09-15,8:07:00 PM,01 - Clear,07 - Dark,01 - Dry,10 - No control,,03 - P.D. only,04 - Sideswipe,0
17-8220,TERREBONNE DR btwn MARYGROVE CIRC & MAITLAND AVE,364011.51350,5025059.84346,-75.74416833060,45.36298162180,2017-09-15,12:00:00 AM,01 - Clear,00 - Unknown,01 - Dry,10 - No control,,03 - P.D. only,06 - SMV unattended vehicle,0
17-8221,ANGLEHART AVE btwn WOODHAVEN HGTS & DES ARBRES ST,383042.92660,5036153.77449,-75.49950507910,45.46093019990,2017-09-15,8:53:00 PM,01 - Clear,07 - Dark,01 - Dry,10 - No control,,03 - P.D. only,06 - SMV unattended vehicle,0
17-8222,MISS OTTAWA ST @ MONTREAL RD,375797.72780,5034649.77964,-75.59235449820,45.44817205140,2017-09-15,11:39:00 PM,01 - Clear,07 - Dark,01 - Dry,01 - Traffic signal,01 - Functioning,03 - P.D. only,03 - Rear end,0
17-8223,ANDERSON RD btwn RUSSELL RD & HWY417 IC104 RAMP61,379937.96023,5026234.61794,-75.54071507220,45.37202539300,2017-09-16,2:59:00 AM,01 - Clear,07 - Dark,01 - Dry,10 - No control,,03 - P.D. only,07 - SMV other,0
17-8224,KING EDWARD AVE @ ST. PATRICK ST,368248.64374,5032823.56296,-75.68908823190,45.43246650720,2017-09-07,4:30:00 PM,01 - Clear,01 - Daylight,01 - Dry,01 - Traffic signal,01 - Functioning,03 - P.D. only,04 - Sideswipe,0
17-8225,PERTH ST btwn GAMBLE DR & SHEA RD,357510.84179,5006956.81134,-75.82906573420,45.20060659450,2017-09-16,10:00:00 AM,01 - Clear,01 - Daylight,01 - Dry,10 - No control,,03 - P.D. only,02 - Angle,0
17-8226,FALLOWFIELD RD @ WOODROFFE AVE,365085.15000,5017903.42669,-75.73133620100,45.29849745540,2017-09-16,10:02:00 AM,01 - Clear,01 - Daylight,01 - Dry,01 - Traffic signal,01 - Functioning,03 - P.D. only,05 - Turning movement,0
17-8227,BRONSON AVE @ RENFREW AVE,367356.71160,5029550.84605,-75.70090201750,45.40309997710,2017-09-12,9:50:00 AM,01 - Clear,01 - Daylight,01 - Dry,02 - Stop sign,00 - Unknown,03 - P.D. only,04 - Sideswipe,0
17-8228,ST. LAURENT BLVD btwn DUNBARTON CRT & MONTREAL RD,371504.99734,5033909.04653,-75.64732750780,45.44193015910,2017-09-16,11:24:00 AM,01 - Clear,01 - Daylight,01 - Dry,10 - No control,,03 - P.D. only,04 - Sideswipe,0
17-8229,WOODROFFE AVE btwn MEADOWLANDS DR/TALLWOOD DR & NORICE ST,363105.91302,5022605.04627,-75.75601675020,45.34096948830,2017-09-16,12:10:00 PM,01 - Clear,01 - Daylight,01 - Dry,10 - No control,,02 - Non-fatal injury,03 - Rear end,0
17-8230,RICHARDSON SIDE RD btwn DAVID MANCHESTER RD & WILLIAM MOONEY RD,344393.65840,5015481.12905,-75.99534272890,45.27817142330,2017-09-16,12:52:00 PM,01 - Clear,01 - Daylight,01 - Dry,10 - No control,,02 - Non-fatal injury,07 - SMV other,0
17-8231,AVONDALE AVE @ MELBOURNE AVE,363388.73501,5027520.77575,-75.75182544200,45.38517708880,2017-09-16,12:50:00 PM,01 - Clear,01 - Daylight,01 - Dry,02 - Stop sign,01 - Functioning,03 - P.D. only,02 - Angle,0