COLLISION_ID,LOCATION,X,Y,LONGITUDE,LATITUDE,DATE,TIME,ENVIRONMENT,LIGHT,SURFACE_CONDITION,TRAFFIC_CONTROL,TRAFFIC_CONTROL_CONDITION,COLLISION_CLASSIFICATION,IMPACT_TYPE,NO_OF_PEDESTRIANS
17-8440,HAWTHORNE AVE/ISABELLA ST @ QUEEN ELIZABETH DR,368665.71150,5030475.47930,-75.68406279630,45.41130132040,2017-09-21,3:10:00 PM,01 - Clear,01 - Daylight,01 - Dry,01 - Traffic signal,01 - Functioning,03 - P.D. only,03 - Rear end,0
17-8441,BRIDLE PATH DR @ TRAPPER'S RD,371771.44689,5023568.06256,-75.64532574510,45.34886068740,2017-09-22,11:46:00 AM,01 - Clear,01 - Daylight,01 - Dry,02 - Stop sign,01 - Functioning,02 - Non-fatal injury,02 - Angle,0
17-8442,BASELINE RD @ MERIVALE RD,365053.26271,5025325.75385,-75.73083923050,45.36528547340,2017-09-22,12:34:00 PM,01 - Clear,01 - Daylight,01 - Dry,01 - Traffic signal,01 - Functioning,03 - P.D. only,05 - Turning movement,0
17-8443,SPRING VALLEY DR btwn KNOTRIDGE ST & NAVAN RD,382003.03800,5032549.93600,-75.51336559940,45.42862148390,2017-09-21,5:00:00 PM,01 - Clear,01 - Daylight,01 - Dry,10 - No control,,03 - P.D. only,06 - SMV unattended vehicle,0
17-8444,STRANDHERD DR @ WOODROFFE AVE,366106.15400,5015393.52078,-75.71862926790,45.27582513900,2017-09-22,1:25:00 PM,01 - Clear,01 - Daylight,01 - Dry,01 - Traffic signal,01 - Functioning,02 - Non-fatal injury,03 - Rear end,0
17-8445,CARRUTHERS AVE @ SCOTT ST,365154.71112,5029847.59847,-75.72899139040,45.40596340150,2017-09-22,1:51:00 PM,01 - Clear,01 - Daylight,01 - Dry,01 - Traffic signal,01 - Functioning,03 - P.D. only,03 - Rear end,0
17-8446,INNES RD btwn BELCOURT BLVD & 260 E OF BELCOURT BLVD/WALMART SC,382165.13541,5035293.61004,-75.51086305890,45.45328891790,2017-09-22,1:00:00 PM,01 - Clear,01 - Daylight,01 - Dry,10 - No control,,03 - P.D. only,03 - Rear end,0
17-8447,CARLING AVE @ CLYDE AVE/COLE AVE,363519.59770,5026849.99565,-75.75023426220,45.37913055230,2017-09-21,4:00:00 PM,01 - Clear,01 - Daylight,01 - Dry,01 - Traffic signal,01 - Functioning,02 - Non-fatal injury,03 - Rear end,0
17-8448,DES PERES BLANCS AVE @ DES PERES BLANCS AVE,370453.81981,5034079.85952,-75.66074018350,45.44356656880,2017-09-21,12:00:00 PM,01 - Clear,01 - Daylight,01 - Dry,10 - No control,,03 - P.D. only,06 - SMV unattended vehicle,0
17-8449,MCCARTHY RD @ SOUTHMORE DR,369449.85199,5024838.16497,-75.67478417590,45.36050657170,2017-09-22,3:15:00 PM,01 - Clear,01 - Daylight,01 - Dry,02 - Stop sign,01 - Functioning,02 - Non-fatal injury,02 - Angle,0
17-8450,MARCH RD btwn BEARHILL RD & ROB LYTLE'S LANE,338812.44778,5018614.34897,-76.06626327350,45.30665788160,2017-09-22,3:15:00 PM,01 - Clear,01 - Daylight,01 - Dry,10 - No control,,02 - Non-fatal injury,03 - Rear end,0
17-8451,CARLING AVE @ CLYDE AVE/COLE AVE,363519.27048,5026850.77879,-75.75023834660,45.37913762590,2017-09-22,3:43:00 PM,01 - Clear,01 - Daylight,01 - Dry,01 - Traffic signal,00 - Unknown,03 - P.D. only,04 - Sideswipe,0
17-8452,STITTSVILLE MAIN ST btwn HOBIN ST & BEVERLY ST,349698.91263,5013993.95216,-75.92786008780,45.26447050090,2017-09-22,3:49:00 PM,01 - Clear,01 - Daylight,01 - Dry,10 - No control,,03 - P.D. only,03 - Rear end,0
17-8453,INNES RD @ JEANNE D'ARC BLVD/MER BLEUE RD,382636.80685,5035567.55370,-75.50479015140,45.45570125320,2017-09-22,4:35:00 PM,01 - Clear,01 - Daylight,01 - Dry,01 - Traffic signal,01 - Functioning,03 - P.D. only,03 - Rear end,0
17-8454,ARLINGTON AVE @ KENT ST,367868.70950,5030258.11745,-75.69427194560,45.40941784680,2017-09-22,2:30:00 PM,01 - Clear,01 - Daylight,01 - Dry,01 - Traffic signal,01 - Functioning,03 - P.D. only,04 - Sideswipe,0
17-8455,MERIVALE RD @ WOODFIELD DR/ROYDON PL,365463.64785,5022299.20896,-75.72597226430,45.33801768880,2017-09-22,4:24:00 PM,01 - Clear,01 - Daylight,01 - Dry,01 - Traffic signal,01 - Functioning,03 - P.D. only,02 - Angle,0
17-8456,CYRVILLE RD btwn STAR TOP RD & MEADOWBROOK RD,374445.11752,5031305.75137,-75.61011736800,45.41822040270,2017-09-22,4:42:00 PM,01 - Clear,01 - Daylight,01 - Dry,10 - No control,,02 - Non-fatal injury,02 - Angle,0
17-8457,CARLING AVE @ FAIRLAWN AVE/WOODROFFE AVE E,361934.68410,5025830.52790,-75.77058762240,45.37008852270,2017-09-22,5:07:00 PM,01 - Clear,01 - Daylight,01 - Dry,01 - Traffic signal,01 - Functioning,03 - P.D. only,03 - Rear end,0
17-8458,EARL ARMSTRONG RD @ RIVER RD,367572.59842,5014685.07085,-75.70003023850,45.26932117670,2017-09-22,5:08:00 PM,01 - Clear,01 - Daylight,01 - Dry,01 - Traffic signal,01 - Functioning,03 - P.D. only,03 - Rear end,0
17-8459,FALLOWFIELD RD @ MOODIE DR,359500.70915,5014636.17621,-75.80289502710,45.26955537010,2017-09-22,5:13:00 PM,01 - Clear,01 - Daylight,01 - Dry,01 - Traffic signal,01 - Functioning,03 - P.D. only,03 - Rear end,0
17-8460,KLONDIKE RD @ MARCONI AVE,349696.62133,5024463.22416,-75.92694067680,45.35867612070,2017-09-22,3:30:00 PM,01 - Clear,01 - Daylight,01 - Dry,02 - Stop sign,01 - Functioning,03 - P.D. only,02 - Angle,0
17-8461,ROGER STEVENS DR btwn DWYER HILL RD & MALAKOFF RD,361591.08170,4995572.55439,-75.77842778410,45.09785103610,2017-09-22,5:33:00 PM,01 - Clear,01 - Daylight,01 - Dry,10 - No control,,03 - P.D. only,07 - SMV other,0
17-8462,TENTH LINE RD @ CHARLEMAGNE BLVD S/DES EPINETT,383640.97510,5036900.45590,-75.49173924100,45.46758093120,2017-09-22,5:47:00 PM,01 - Clear,01 - Daylight,01 - Dry,01 - Traffic signal,01 - Functioning,03 - P.D. only,03 - Rear end,0
17-8463,FAIRBANKS AVE @ SMYTH RD,370628.72070,5029080.84744,-75.65917259620,45.39857106600,2017-09-22,5:57:00 PM,01 - Clear,01 - Daylight,01 - Dry,02 - Stop sign,01 - Functioning,03 - P.D. only,02 - Angle,0
17-8464,8TH LINE RD @ PARKWAY RD,383166.74125,5016892.17066,-75.50097839610,45.28761467040,2017-09-22,5:59:00 PM,01 - Clear,01 - Daylight,01 - Dry,02 - Stop sign,01 - Functioning,01 - Fatal injury,02 - Angle,0
17-8465,MONTREAL RD @ OGILVIE RD,375654.73500,5034557.76953,-75.59419556040,45.44735871090,2017-09-22,6:36:00 PM,01 - Clear,01 - Daylight,01 - Dry,01 - Traffic signal,01 - Functioning,03 - P.D. only,03 - Rear end,0
17-8466,INDUSTRIAL AVE/INNES RD @ ST. LAURENT BLVD,373099.72740,5030004.85664,-75.62748617580,45.40664819210,2017-09-22,5:00:00 PM,01 - Clear,01 - Daylight,01 - Dry,01 - Traffic signal,01 - Functioning,03 - P.D. only,03 - Rear end,0
17-8467,OR174 IC112 RAMP15 btwn BLAIR RD & REGIONAL ROAD 174,375099.03550,5033041.79290,-75.60151525520,45.43377494280,2017-09-22,7:46:00 PM,01 - Clear,07 - Dark,08 - Loose sand or gravel,10 - No control,,02 - Non-fatal injury,07 - SMV other,0
17-8468,FITZGERALD RD @ ROBERTSON RD,356790.04897,5020288.58854,-75.83684469360,45.32062226970,2017-09-22,7:54:00 PM,01 - Clear,07 - Dark,01 - Dry,01 - Traffic signal,01 - Functioning,02 - Non-fatal injury,07 - SMV other,1
17-8469,GUIGUES AVE @ KING EDWARD AVE,368200.75555,5032902.82309,-75.68969000290,45.43318400420,2017-09-22,9:14:00 PM,01 - Clear,07 - Dark,01 - Dry,02 - Stop sign,01 - Functioning,02 - Non-fatal injury,05 - Turning movement,0
17-8470,PLANTE DR btwn AVOCADO ST & MINA LANE,370475.61805,5024357.34465,-75.66175618160,45.35608495480,2017-09-22,9:27:00 PM,01 - Clear,07 - Dark,01 - Dry,10 - No control,,02 - Non-fatal injury,06 - SMV unattended vehicle,0
17-8471,CARSON'S RD btwn CHARLESWOOD AVE & DEN HAAG DR,372981.97139,5033904.88275,-75.62845048600,45.44175020860,2017-09-19,4:00:00 AM,01 - Clear,07 - Dark,01 - Dry,10 - No control,,03 - P.D. only,07 - SMV other,0
17-8472,CASTLEFRANK RD btwn KATIMAVIK RD & MCCURDY DR,352018.07861,5018856.90956,-75.89784611740,45.30807687410,2017-09-23,12:26:00 AM,01 - Clear,07 - Dark,01 - Dry,10 - No control,,03 - P.D. only,04 - Sideswipe,0
17-8473,BAYSHORE DR @ WOODRIDGE CRES N,359072.39763,5023874.36804,-75.80734118710,45.35271450750,2017-09-23,12:49:00 AM,01 - Clear,07 - Dark,01 - Dry,01 - Traffic signal,01 - Functioning,03 - P.D. only,04 - Sideswipe,0
17-8474,CLARENCE ST btwn WILLIAM ST & DALHOUSIE ST,367987.20549,5032469.64100,-75.69247465000,45.42930571240,2017-09-23,2:50:00 AM,01 - Clear,07 - Dark,01 - Dry,10 - No control,,03 - P.D. only,06 - SMV unattended vehicle,0
17-8475,BYWARD MARKET @ YORK ST,367944.66150,5032328.46064,-75.69303640540,45.42803926240,2017-09-23,7:19:00 AM,01 - Clear,01 - Daylight,01 - Dry,02 - Stop sign,00 - Unknown,03 - P.D. only,99 - Other,0
17-8476,KANATA AVE @ TERRY FOX DR,349305.86750,5019211.34791,-75.93240030620,45.31144332110,2017-09-23,9:29:00 AM,01 - Clear,01 - Daylight,01 - Dry,01 - Traffic signal,01 - Functioning,03 - P.D. only,02 - Angle,0
17-8477,CARTIER ST btwn MACLAREN ST & GILMOUR ST,368364.55174,5031212.60329,-75.68781489980,45.41796113360,2017-09-23,9:35:00 AM,01 - Clear,01 - Daylight,01 - Dry,10 - No control,,03 - P.D. only,02 - Angle,0
17-8478,CAMPEAU DR/HWY 417 MARCH IC138R63 @ MARCH RD,352841.38646,5020475.91340,-75.88719038700,45.32258917940,2017-09-23,10:49:00 AM,01 - Clear,01 - Daylight,01 - Dry,01 - Traffic signal,01 - Functioning,03 - P.D. only,05 - Turning movement,0
17-8479,SMYTH RD E/LANCASTER RD @ ST. LAURENT BLVD N/R,373364.42982,5029424.97459,-75.62418568720,45.40140480490,2017-09-23,11:11:00 AM,01 - Clear,01 - Daylight,01 - Dry,01 - Traffic signal,01 - Functioning,03 - P.D. only,03 - Rear end,0
17-8480,CONROY RD @ LORRY GREENBERG DR,373567.71263,5025878.89306,-75.62208338140,45.36947879330,2017-09-23,11:51:00 AM,01 - Clear,01 - Daylight,01 - Dry,01 - Traffic signal,01 - Functioning,02 - Non-fatal injury,02 - Angle,0
17-8481,SAI CRES btwn BLOHM DR & BLOHM DR,374554.32730,5026649.51500,-75.60938054380,45.37631499950,2017-09-22,11:59:00 AM,01 - Clear,01 - Daylight,01 - Dry,10 - No control,,03 - P.D. only,06 - SMV unattended vehicle,0
17-8482,COOLSPRING CRES btwn COACH HOUSE GT & VIEWMOUNT DR,366613.88260,5023668.20221,-75.71112634900,45.35023525790,2017-09-23,12:16:00 PM,01 - Clear,01 - Daylight,01 - Dry,10 - No control,,03 - P.D. only,06 - SMV unattended vehicle,0
17-8483,VANIER PKWY SB btwn PRESLAND RD & COVENTRY RD,370447.35253,5031734.63692,-75.66113553860,45.42246586070,2017-09-23,12:32:00 PM,01 - Clear,01 - Daylight,01 - Dry,10 - No control,,02 - Non-fatal injury,04 - Sideswipe,0
17-8484,CYRVILLE RD @ INNES RD,375047.25133,5031119.32751,-75.60245119270,45.41648286560,2017-09-23,1:53:00 PM,01 - Clear,01 - Daylight,01 - Dry,01 - Traffic signal,01 - Functioning,03 - P.D. only,05 - Turning movement,0
17-8485,VIEWMOUNT DR @ MERIVALE RD,365194.17047,5022947.78534,-75.72933113050,45.34387674320,2017-09-23,2:28:00 PM,01 - Clear,01 - Daylight,01 - Dry,01 - Traffic signal,01 - Functioning,03 - P.D. only,03 - Rear end,0
17-8486,RIVERSIDE DR @ TREMBLAY RD/HWY417 IC117 RAMP52,370802.07810,5031016.61796,-75.65669940740,45.41597204600,2017-09-23,2:36:00 PM,01 - Clear,01 - Daylight,01 - Dry,01 - Traffic signal,01 - Functioning,03 - P.D. only,03 - Rear end,0
17-8487,SULLIVAN AVE @ VIEWMOUNT DR,364026.64065,5022604.26551,-75.74426938050,45.34088533550,2017-09-23,2:45:00 PM,01 - Clear,01 - Daylight,01 - Dry,02 - Stop sign,01 - Functioning,03 - P.D. only,99 - Other,0
17-8488,BANK ST @ CHAMBERLAIN AVE N/ISABELLA ST,368083.12481,5030166.70135,-75.69154471290,45.40857595920,2017-09-23,2:50:00 PM,01 - Clear,01 - Daylight,01 - Dry,01 - Traffic signal,01 - Functioning,03 - P.D. only,02 - Angle,0
17-8489,HUNTMAR DR @ PALLADIUM DR S,349676.07997,5017365.19971,-75.92784621200,45.29480757090,2017-09-23,3:17:00 PM,01 - Clear,01 - Daylight,01 - Dry,01 - Traffic signal,01 - Functioning,03 - P.D. only,05 - Turning movement,0
17-8490,RIVERDALE AVE @ BELMONT AVE S,369080.16302,5028562.51143,-75.67901773090,45.39405113390,2017-09-23,3:30:00 PM,01 - Clear,01 - Daylight,01 - Dry,02 - Stop sign,01 - Functioning,03 - P.D. only,03 - Rear end,0
17-8491,OTTAWA RIVER PKWY @ ISLAND PARK DR,363298.66449,5029453.57245,-75.75274636820,45.40257560570,2017-09-22,9:05:00 AM,01 - Clear,01 - Daylight,01 - Dry,01 - Traffic signal,01 - Functioning,03 - P.D. only,03 - Rear end,0
17-8492,GREENBANK RD btwn BATEMAN DR/BELLMAN DR & GREENBANK SQUARE SC,361263.30272,5020999.50074,-75.77970972030,45.32667353530,2017-09-23,5:30:00 PM,01 - Clear,01 - Daylight,01 - Dry,10 - No control,,02 - Non-fatal injury,02 - Angle,0
17-8493,CONROY RD btwn WALKLEY RD & ST. LAURENT BLVD,373039.87866,5027231.47485,-75.62863423860,45.38170036200,2017-09-23,6:45:00 PM,01 - Clear,05 - Dusk,01 - Dry,10 - No control,,02 - Non-fatal injury,07 - SMV other,0
17-8494,BELFAST RD @ ST. LAURENT BLVD,372861.19747,5030578.32531,-75.63045381490,45.41183123480,2017-09-23,6:00:00 PM,01 - Clear,01 - Daylight,01 - Dry,01 - Traffic signal,01 - Functioning,03 - P.D. only,03 - Rear end,0
17-8495,ANAND PRIV btwn END & WALKLEY RD,370230.44300,5025835.60300,-75.66468938940,45.36940879300,2017-09-23,8:48:00 PM,01 - Clear,07 - Dark,01 - Dry,10 - No control,,03 - P.D. only,02 - Angle,0
17-8496,ST. JOSEPH BLVD btwn ROCKCLIFFE PKWY & HART RD,377325.30044,5035395.13621,-75.57271843240,45.45472143460,2017-09-23,9:12:00 PM,01 - Clear,07 - Dark,01 - Dry,10 - No control,,02 - Non-fatal injury,07 - SMV other,0
17-8497,BORRISOKANE RD btwn CAMBRIAN RD & STRANDHERD DR,362718.30194,5012234.88582,-75.76217329740,45.24769076860,2017-09-23,9:27:00 PM,01 - Clear,07 - Dark,01 - Dry,10 - No control,,03 - P.D. only,07 - SMV other,0
17-8498,MOODIE DR btwn CORKSTOWN RD & HWY417 IC134 RAMP62,356347.54449,5022751.79316,-75.84223213270,45.34281908170,2017-09-23,11:23:00 PM,01 - Clear,07 - Dark,01 - Dry,10 - No control,,03 - P.D. only,07 - SMV other,0
17-8499,CLYDE AVE btwn MAITLAND AVE & BASELINE RD,364336.67206,5024942.18544,-75.74003224000,45.36189541020,2017-09-24,1:30:00 AM,01 - Clear,07 - Dark,01 - Dry,10 - No control,,01 - Fatal injury,07 - SMV other,1
17-8500,RIVERSIDE DR @ BROOKFIELD RD/HOG'S BACK RD,368166.61810,5026220.88216,-75.69098487650,45.37306507290,2017-09-23,8:00:00 PM,01 - Clear,07 - Dark,01 - Dry,01 - Traffic signal,00 - Unknown,03 - P.D. only,04 - Sideswipe,0
17-8501,DALY AVE @ NICHOLAS ST,368226.74521,5032046.81265,-75.68946812070,45.42547956980,2017-09-24,2:01:00 AM,01 - Clear,07 - Dark,01 - Dry,01 - Traffic signal,01 - Functioning,02 - Non-fatal injury,07 - SMV other,1
17-8502,KILBORN AVE @ KILBORN PL/LAMIRA ST,369743.41462,5027683.01025,-75.67066335680,45.38607648020,2017-09-24,2:07:00 AM,01 - Clear,07 - Dark,01 - Dry,11 - Roundabout,01 - Functioning,03 - P.D. only,02 - Angle,0
17-8503,RICHMOND RD btwn JOHN SUTHERLAND DR & HOLLY ACRES RD,359049.69296,5022726.17554,-75.80775688220,45.34238480720,2017-09-24,2:26:00 AM,01 - Clear,07 - Dark,01 - Dry,10 - No control,,03 - P.D. only,07 - SMV other,0
17-8504,GEORGE ST @ DALHOUSIE ST,368158.17550,5032315.35075,-75.69030974180,45.42790199620,2017-09-24,2:48:00 AM,01 - Clear,07 - Dark,01 - Dry,01 - Traffic signal,01 - Functioning,02 - Non-fatal injury,07 - SMV other,1
17-8505,ACCEPTANCE PL @ HOPE SIDE RD,356552.33500,5015257.14660,-75.84040176480,45.27536613000,2017-09-24,4:30:00 AM,01 - Clear,07 - Dark,01 - Dry,,00 - Unknown,03 - P.D. only,07 - SMV other,0
17-8506,HWY 417 WOODROFF IC127R62 @ WOODROFFE AVE,362051.91767,5025018.80754,-75.76918513530,45.36277516580,2017-09-24,8:53:00 AM,01 - Clear,01 - Daylight,01 - Dry,03 - Yield sign,00 - Unknown,03 - P.D. only,03 - Rear end,0
17-8507,MONTREAL RD btwn PALACE ST & VANIER PKWY,369985.13584,5033016.83471,-75.66687156110,45.43404578040,2017-09-24,10:30:00 AM,01 - Clear,01 - Daylight,01 - Dry,10 - No control,,02 - Non-fatal injury,07 - SMV other,1
17-8508,HAWTHORNE RD @ HUNT CLUB RD,375507.20345,5026407.62210,-75.59725041270,45.37404305690,2017-09-24,11:11:00 AM,01 - Clear,01 - Daylight,01 - Dry,01 - Traffic signal,01 - Functioning,02 - Non-fatal injury,03 - Rear end,0
17-8509,PARKDALE AVE @ HWY 417 PARKDAL IC122R15/HWY 41,365336.22483,5028845.79139,-75.72679580300,45.39693369670,2017-09-24,11:18:00 AM,01 - Clear,01 - Daylight,01 - Dry,01 - Traffic signal,01 - Functioning,02 - Non-fatal injury,07 - SMV other,1
17-8510,HWY 417 MAITLAND IC126R26/62 @ MAITLAND AVE,363145.52650,5025983.22361,-75.75511261540,45.37136270090,2017-09-24,11:46:00 AM,01 - Clear,01 - Daylight,01 - Dry,01 - Traffic signal,01 - Functioning,03 - P.D. only,05 - Turning movement,0
17-8511,BANK ST @ GROVE AVE,368848.01604,5028371.61726,-75.68200717380,45.39235480050,2017-09-24,11:57:00 AM,01 - Clear,01 - Daylight,01 - Dry,02 - Stop sign,01 - Functioning,03 - P.D. only,06 - SMV unattended vehicle,0
17-8512,DONALD ST @ ST. LAURENT BLVD,372093.23953,5032473.76833,-75.64000520080,45.42895983680,2017-09-24,11:48:00 AM,01 - Clear,01 - Daylight,01 - Dry,01 - Traffic signal,01 - Functioning,03 - P.D. only,03 - Rear end,0
17-8513,HIGHWAY 417 btwn HWY417 IC110 RAMP55 & HWY417 IC104 RAMP51,376577.48483,5027483.08314,-75.58343107480,45.38361067710,2017-09-24,1:02:00 PM,01 - Clear,01 - Daylight,01 - Dry,10 - No control,,03 - P.D. only,03 - Rear end,0
17-8514,TERRY FOX DR @ EDGEWATER ST/WALTER BAKER PL,351777.14649,5017611.45450,-75.90103648400,45.29688610820,2017-09-24,1:00:00 PM,01 - Clear,01 - Daylight,01 - Dry,01 - Traffic signal,01 - Functioning,02 - Non-fatal injury,05 - Turning movement,0
17-8515,ADIRONDACK DR @ WOODROFFE AVE,362458.15937,5024005.27541,-75.76411815570,45.35362219330,2017-09-24,1:11:00 PM,01 - Clear,01 - Daylight,01 - Dry,02 - Stop sign,01 - Functioning,03 - P.D. only,03 - Rear end,0
17-8516,BANK ST @ WILTON CRES,368577.83423,5028966.53328,-75.68538055560,45.39773232880,2017-09-24,1:23:00 PM,01 - Clear,01 - Daylight,01 - Dry,02 - Stop sign,00 - Unknown,02 - Non-fatal injury,04 - Sideswipe,0
17-8517,HWY 417 CASTLEFR IC139R61 @ KANATA AVE,351615.30497,5019224.93602,-75.90294748380,45.31141542960,2017-09-24,1:38:00 PM,01 - Clear,01 - Daylight,01 - Dry,01 - Traffic signal,01 - Functioning,03 - P.D. only,05 - Turning movement,0
17-8518,BASELINE RD @ CLYDE AVE,364359.03775,5024890.51290,-75.73975300110,45.36142856840,2017-09-24,2:04:00 PM,01 - Clear,01 - Daylight,01 - Dry,01 - Traffic signal,00 - Unknown,03 - P.D. only,03 - Rear end,0
17-8519,TENTH LINE RD @ LAKEPOINTE DR,384264.67561,5035420.68950,-75.48400345360,45.45419667650,2017-09-24,3:24:00 PM,01 - Clear,01 - Daylight,01 - Dry,01 - Traffic signal,01 - Functioning,02 - Non-fatal injury,02 - Angle,0
17-8520,GREENVIEW AVE btwn DON ST & CARLING AVE,359837.90668,5024986.88815,-75.79744813500,45.36266528170,2017-09-24,4:12:00 PM,01 - Clear,01 - Daylight,01 - Dry,10 - No control,,03 - P.D. only,01 - Approaching,0
17-8521,LEES AVE btwn CHAPEL CRES & TRANSIT,369795.18194,5031048.43457,-75.66955883260,45.41635257220,2017-09-24,4:20:00 PM,01 - Clear,01 - Daylight,01 - Dry,10 - No control,,03 - P.D. only,03 - Rear end,0
17-8522,BRONSON AVE @ COMMISSIONER ST/SLATER ST,366768.92771,5030948.26107,-75.70823396890,45.41572580250,2017-09-24,4:45:00 PM,01 - Clear,01 - Daylight,01 - Dry,01 - Traffic signal,01 - Functioning,03 - P.D. only,04 - Sideswipe,0
17-8523,BELFAST RD @ ST. LAURENT BLVD,372860.25073,5030578.32531,-75.63046590980,45.41183132690,2017-09-24,5:47:00 PM,01 - Clear,01 - Daylight,01 - Dry,01 - Traffic signal,01 - Functioning,02 - Non-fatal injury,05 - Turning movement,0
17-8524,BLAIR RD @ INNES RD,375579.20827,5031439.31841,-75.59560926580,45.41930835750,2017-09-24,6:05:00 PM,01 - Clear,01 - Daylight,01 - Dry,01 - Traffic signal,01 - Functioning,03 - P.D. only,04 - Sideswipe,0
17-8525,TRENTON AVE @ MERIVALE RD,364887.70100,5026361.76159,-75.73282649470,45.37462150970,2017-09-24,6:37:00 PM,01 - Clear,01 - Daylight,01 - Dry,02 - Stop sign,01 - Functioning,03 - P.D. only,05 - Turning movement,0
17-8526,COBURN AVE @ CARBROOKE ST,353555.59035,5018043.45700,-75.87831997630,45.30065220310,2017-09-24,7:42:00 PM,01 - Clear,05 - Dusk,01 - Dry,02 - Stop sign,00 - Unknown,03 - P.D. only,01 - Approaching,0
17-8527,PRINCE OF WALES DR btwn BLAZER AVE & DEAKIN ST,367348.45074,5021159.26857,-75.70206980080,45.32759520660,2017-09-24,8:54:00 PM,01 - Clear,07 - Dark,01 - Dry,10 - No control,,02 - Non-fatal injury,07 - SMV other,0
17-8528,CARLING AVE @ RICHMOND RD,360246.62575,5024782.22236,-75.79225424870,45.36079149710,2017-09-24,9:50:00 PM,01 - Clear,07 - Dark,01 - Dry,01 - Traffic signal,01 - Functioning,03 - P.D. only,02 - Angle,0
17-8529,BANK ST @ SLATER ST,367425.92940,5031355.47967,-75.69978863940,45.41933133410,2017-09-25,2:24:00 AM,01 - Clear,07 - Dark,01 - Dry,01 - Traffic signal,01 - Functioning,02 - Non-fatal injury,03 - Rear end,0
17-8530,SHEFFIELD RD btwn TO BE DETERMINED & WALKLEY RD,375159.74517,5028967.79237,-75.60132107130,45.39711318280,2017-09-25,1:52:00 AM,01 - Clear,07 - Dark,01 - Dry,10 - No control,,03 - P.D. only,03 - Rear end,0
17-8531,HUNTLEY RD btwn FALLOWFIELD RD & MANSFIELD RD,352714.08719,5009221.79778,-75.88990010310,45.22133015180,2017-09-25,5:39:00 AM,01 - Clear,07 - Dark,01 - Dry,10 - No control,,02 - Non-fatal injury,07 - SMV other,0
17-8532,EMPEROR AVE btwn SILVER ST & HOLLINGTON ST,365172.56529,5026840.59065,-75.72913126160,45.37890543970,2017-09-25,7:04:00 AM,01 - Clear,01 - Daylight,01 - Dry,10 - No control,,03 - P.D. only,06 - SMV unattended vehicle,0
17-8533,DALY AVE @ NICHOLAS ST,368227.70100,5032047.28376,-75.68945584700,45.42548372200,2017-09-25,7:10:00 AM,01 - Clear,01 - Daylight,01 - Dry,01 - Traffic signal,00 - Unknown,03 - P.D. only,99 - Other,0
17-8534,MARIER AVE @ MONTREAL RD,370419.70830,5033261.82769,-75.66128525010,45.43620947790,2017-09-24,12:30:00 AM,01 - Clear,07 - Dark,01 - Dry,01 - Traffic signal,01 - Functioning,03 - P.D. only,03 - Rear end,0
17-8535,FLEWELLYN RD btwn MUNSTER RD & CONLEY RD,346735.29051,5006599.30481,-75.96624656100,45.19811293000,2017-09-25,8:06:00 AM,01 - Clear,01 - Daylight,01 - Dry,10 - No control,,03 - P.D. only,07 - SMV other,0
17-8536,RIVERSIDE DR @ WALKLEY RD,368419.19727,5024853.76599,-75.68793650550,45.36074123140,2017-09-25,8:20:00 AM,01 - Clear,01 - Daylight,01 - Dry,01 - Traffic signal,01 - Functioning,03 - P.D. only,03 - Rear end,0
17-8537,COLONIAL RD @ DESSAINT ST,394887.29715,5034064.50860,-75.34846210050,45.44070687390,2017-09-25,7:59:00 AM,01 - Clear,01 - Daylight,01 - Dry,02 - Stop sign,00 - Unknown,03 - P.D. only,03 - Rear end,0
17-8538,BASELINE RD @ GREENBANK RD,360597.68430,5022584.26351,-75.78802154440,45.34098646480,2017-09-25,8:49:00 AM,01 - Clear,01 - Daylight,01 - Dry,01 - Traffic signal,01 - Functioning,02 - Non-fatal injury,03 - Rear end,0
17-8539,MERIVALE RD @ SLACK RD,366020.17367,5020955.25631,-75.71903824920,45.32587664600,2017-09-25,8:49:00 AM,01 - Clear,01 - Daylight,01 - Dry,01 - Traffic signal,01 - Functioning,03 - P.D. only,03 - Rear end,0
17-8540,BASELINE RD @ MERIVALE RD,365054.69635,5025325.51489,-75.73082095950,45.36528319960,2017-09-25,10:00:00 AM,01 - Clear,01 - Daylight,01 - Dry,01 - Traffic signal,01 - Functioning,03 - P.D. only,03 - Rear end,0
17-8541,CROSSKEYS PL/HELENE CAMPBELL RD @ STRANDHERD DR,360982.31120,5014901.73290,-75.78398492900,45.27182807490,2017-09-25,10:36:00 AM,01 - Clear,01 - Daylight,01 - Dry,01 - Traffic signal,01 - Functioning,02 - Non-fatal injury,02 - Angle,0
17-8542,PRINCE OF WALES DR @ MEADOWLANDS DR/HOG'S BACK,367371.44553,5025694.18706,-75.70120273260,45.36839744780,2017-09-25,11:01:00 AM,01 - Clear,01 - Daylight,01 - Dry,01 - Traffic signal,00 - Unknown,03 - P.D. only,03 - Rear end,0
17-8544,BANK ST @ CAHILL DR/DAZE ST,371307.76175,5024315.54407,-75.65114199250,45.35563041020,2017-09-25,11:29:00 AM,01 - Clear,01 - Daylight,01 - Dry,01 - Traffic signal,01 - Functioning,02 - Non-fatal injury,02 - Angle,0
17-8545,MERIVALE RD/LOTTA AVE @ CLYDE AVE,364522.24475,5024506.97945,-75.73771625940,45.35796370410,2017-09-24,3:30:00 PM,01 - Clear,01 - Daylight,01 - Dry,01 - Traffic signal,00 - Unknown,03 - P.D. only,04 - Sideswipe,0