COLLISION_ID,LOCATION,X,Y,LONGITUDE,LATITUDE,DATE,TIME,ENVIRONMENT,LIGHT,SURFACE_CONDITION,TRAFFIC_CONTROL,TRAFFIC_CONTROL_CONDITION,COLLISION_CLASSIFICATION,IMPACT_TYPE,NO_OF_PEDESTRIANS
17-8546,HUNT CLUB RD @ BRIDLE PATH DR/DAZE ST,371292.82180,5023863.95735,-75.65139338620,45.35156859530,2017-09-23,5:40:00 PM,01 - Clear,01 - Daylight,01 - Dry,01 - Traffic signal,01 - Functioning,03 - P.D. only,05 - Turning movement,0
17-8547,CANOTEK RD @ SHEFFORD RD,376031.49761,5035092.60629,-75.58930220720,45.45213254440,2017-09-07,3:15:00 PM,02 - Rain,01 - Daylight,02 - Wet,01 - Traffic signal,01 - Functioning,03 - P.D. only,04 - Sideswipe,0
17-8548,O'CONNOR ST @ WELLINGTON ST,367413.69920,5031721.86565,-75.69989833320,45.42262905320,2017-09-25,8:30:00 AM,01 - Clear,01 - Daylight,01 - Dry,01 - Traffic signal,01 - Functioning,03 - P.D. only,01 - Approaching,0
17-8549,EAGLESON RD @ FALLOWFIELD RD,355961.16073,5012594.16901,-75.84821021850,45.25144731950,2017-09-25,2:22:00 PM,01 - Clear,01 - Daylight,01 - Dry,01 - Traffic signal,01 - Functioning,02 - Non-fatal injury,03 - Rear end,0
17-8550,BANK ST @ HUNT CLUB RD,371609.28295,5024095.95975,-75.64732368880,45.35362599960,2017-09-25,2:53:00 PM,01 - Clear,01 - Daylight,01 - Dry,01 - Traffic signal,01 - Functioning,02 - Non-fatal injury,02 - Angle,0
17-8551,MCARTHUR AVE btwn IRWIN MILLER ST & BRANT ST,371243.78459,5032802.97345,-75.65081544570,45.43200309310,2017-09-25,3:12:00 PM,01 - Clear,01 - Daylight,01 - Dry,10 - No control,,02 - Non-fatal injury,05 - Turning movement,0
17-8552,CASTLEFRANK RD @ TERRY FOX DR,352994.00867,5016304.80793,-75.88564920000,45.28504616370,2017-09-25,3:47:00 PM,01 - Clear,01 - Daylight,01 - Dry,01 - Traffic signal,01 - Functioning,03 - P.D. only,03 - Rear end,0
17-8553,HEMLOCK RD @ ST. LAURENT BLVD,371145.81377,5034781.46359,-75.65180071120,45.44981394070,2017-09-25,3:54:00 PM,01 - Clear,01 - Daylight,01 - Dry,01 - Traffic signal,01 - Functioning,03 - P.D. only,04 - Sideswipe,0
17-8554,HWY 417 WALKLEY IC110R57 @ WALKLEY EXTENSION R,375656.67061,5028998.38433,-75.59497042680,45.39733832140,2017-09-25,4:13:00 PM,01 - Clear,01 - Daylight,01 - Dry,02 - Stop sign,00 - Unknown,03 - P.D. only,03 - Rear end,0
17-8555,BELGREEN DR @ RUSSELL RD,376027.22397,5027431.24816,-75.59046426410,45.38320045960,2017-09-24,7:06:00 AM,01 - Clear,03 - Dawn,01 - Dry,02 - Stop sign,00 - Unknown,03 - P.D. only,07 - SMV other,0
17-8556,KIRKWOOD AVE @ 118 N OF DOVERCOURT AVE,364160.37194,5027757.74844,-75.74194404760,45.38724436020,2017-09-25,4:37:00 PM,01 - Clear,01 - Daylight,01 - Dry,01 - Traffic signal,01 - Functioning,02 - Non-fatal injury,07 - SMV other,1
17-8557,LAURIER AVE @ NELSON ST,368878.19600,5032116.86375,-75.68113495320,45.42605048970,2017-09-25,4:52:00 PM,01 - Clear,01 - Daylight,01 - Dry,01 - Traffic signal,01 - Functioning,03 - P.D. only,04 - Sideswipe,0
17-8558,BANK ST btwn 112 N OF ALBION RD & OT/GL BOUNDARY,371855.83709,5024121.35827,-75.64417386530,45.35383099320,2017-09-25,5:06:00 PM,01 - Clear,01 - Daylight,01 - Dry,10 - No control,,03 - P.D. only,02 - Angle,0
17-8559,JEANNE D'ARC BLVD @ SAPINIER ST,382555.61307,5035769.62333,-75.50579617520,45.45752834260,2017-09-25,5:57:00 PM,01 - Clear,01 - Daylight,01 - Dry,02 - Stop sign,01 - Functioning,03 - P.D. only,03 - Rear end,0
17-8560,CARLING AVE @ BAYSHORE DR/BIRCHDALE AVE,359004.39310,5023991.80684,-75.80819616510,45.35377648290,2017-09-25,3:50:00 PM,01 - Clear,01 - Daylight,01 - Dry,01 - Traffic signal,00 - Unknown,03 - P.D. only,04 - Sideswipe,0
17-8561,ARLINGTON AVE btwn BOOTH ST & LEBRETON ST N,366836.70526,5029705.57520,-75.70752445840,45.40453846310,2017-09-24,12:00:00 AM,01 - Clear,00 - Unknown,01 - Dry,10 - No control,,03 - P.D. only,06 - SMV unattended vehicle,0
17-8562,CARP RD @ HAZELDEAN RD,348804.91035,5014361.77399,-75.93921907820,45.26783679650,2017-09-25,7:40:00 PM,01 - Clear,07 - Dark,01 - Dry,01 - Traffic signal,01 - Functioning,02 - Non-fatal injury,05 - Turning movement,0
17-8563,BANK ST @ SUNNYSIDE AVE,368733.76195,5028580.36577,-75.68343917630,45.39424349470,2017-09-25,9:17:00 PM,01 - Clear,07 - Dark,01 - Dry,01 - Traffic signal,01 - Functioning,02 - Non-fatal injury,05 - Turning movement,0
17-8564,EWING ST btwn CLIFFORD PRIV & WELSH PRIV,373694.62753,5026284.40115,-75.62040676820,45.37311491920,2017-09-25,10:09:00 PM,01 - Clear,07 - Dark,01 - Dry,10 - No control,,03 - P.D. only,06 - SMV unattended vehicle,0
17-8565,PRINCE OF WALES DR @ STRANDHERD DR,367175.76317,5014823.00757,-75.70506966320,45.27059762970,2017-09-26,7:17:00 AM,01 - Clear,03 - Dawn,01 - Dry,01 - Traffic signal,01 - Functioning,03 - P.D. only,03 - Rear end,0
17-8566,MCARTHUR AVE @ OLMSTEAD ST,370482.36168,5032723.90122,-75.66055629920,45.43136356270,2017-09-26,7:21:00 AM,01 - Clear,01 - Daylight,01 - Dry,01 - Traffic signal,01 - Functioning,03 - P.D. only,02 - Angle,0
17-8567,ST. JOSEPH BLVD @ JEANNE D'ARC BLVD,379861.83540,5036471.03445,-75.54012749060,45.46413368160,2017-09-26,7:46:00 AM,01 - Clear,01 - Daylight,01 - Dry,11 - Roundabout,01 - Functioning,03 - P.D. only,02 - Angle,0
17-8568,ROBERTSON RD btwn FITZGERALD RD & MOODIE DR,357019.65756,5020428.15570,-75.83390142020,45.32186106890,2017-09-26,8:11:00 AM,01 - Clear,01 - Daylight,01 - Dry,10 - No control,,03 - P.D. only,05 - Turning movement,0
17-8569,BANK ST @ WALKLEY RD,370338.94490,5025946.09556,-75.66328970100,45.37039283200,2017-09-26,8:20:00 AM,01 - Clear,01 - Daylight,01 - Dry,01 - Traffic signal,01 - Functioning,03 - P.D. only,02 - Angle,0
17-8570,FISHER AVE btwn ARNOT RD & DEER PARK RD,366347.11778,5025592.56882,-75.71429087990,45.36757380690,2017-09-26,8:36:00 AM,01 - Clear,01 - Daylight,01 - Dry,10 - No control,,02 - Non-fatal injury,04 - Sideswipe,0
17-8571,REGIONAL ROAD 174 btwn TRANSIT & OR174 IC105 RAMP51,378570.53892,5036529.88999,-75.55662917120,45.46480078000,2017-09-26,9:08:00 AM,01 - Clear,01 - Daylight,01 - Dry,10 - No control,,02 - Non-fatal injury,04 - Sideswipe,0
17-8572,CARLING AVE @ TAVISTOCK RD,360698.83384,5025069.65225,-75.78644999840,45.36334186710,2017-09-26,9:21:00 AM,01 - Clear,01 - Daylight,01 - Dry,02 - Stop sign,01 - Functioning,03 - P.D. only,02 - Angle,0
17-8573,REGIONAL ROAD 174 EB btwn HWY417 IC113 RAMP65 & OR174 BLAIR IC112 RAMP51,374133.27993,5032317.56765,-75.61395895300,45.42735517010,2017-09-26,9:34:00 AM,01 - Clear,01 - Daylight,01 - Dry,10 - No control,,02 - Non-fatal injury,03 - Rear end,0
17-8574,GILMOUR ST @ PERCY ST,367201.17250,5030423.28375,-75.70277825580,45.41096380050,2017-09-26,12:00:00 AM,01 - Clear,00 - Unknown,01 - Dry,02 - Stop sign,00 - Unknown,03 - P.D. only,06 - SMV unattended vehicle,0
17-8575,ST. JOSEPH BLVD btwn R.C.M.P. COMPLEX & YOUVILLE DR,379065.28755,5036113.96755,-75.55036607580,45.46100619610,2017-09-26,8:10:00 AM,01 - Clear,01 - Daylight,01 - Dry,10 - No control,,03 - P.D. only,03 - Rear end,0
17-8576,ALTA VISTA DR @ SMYTH RD,370431.64766,5029083.03455,-75.66168923870,45.39860924700,2017-09-26,10:05:00 AM,01 - Clear,01 - Daylight,01 - Dry,01 - Traffic signal,01 - Functioning,03 - P.D. only,05 - Turning movement,0
17-8577,CARLING AVE @ CARLINGWOOD SC,362074.57481,5025920.14539,-75.76879145710,45.37088347400,2017-09-26,10:13:00 AM,01 - Clear,01 - Daylight,01 - Dry,01 - Traffic signal,01 - Functioning,02 - Non-fatal injury,02 - Angle,0
17-8578,MONTREAL RD @ VANIER PKWY,370072.70996,5033065.59467,-75.66574593370,45.43447633360,2017-09-26,10:51:00 AM,01 - Clear,01 - Daylight,01 - Dry,01 - Traffic signal,00 - Unknown,03 - P.D. only,03 - Rear end,0
17-8579,HWY 417 ST.LAURE IC115R51 @ ST. LAURENT BLVD,372531.98186,5031410.73298,-75.63454496640,45.41935279720,2017-09-26,12:00:00 PM,01 - Clear,01 - Daylight,01 - Dry,01 - Traffic signal,01 - Functioning,03 - P.D. only,03 - Rear end,0
17-8580,WALKLEY RD btwn BANTON ST & MELFORT ST,374394.77931,5028336.78600,-75.61117951870,45.39151214360,2017-09-26,12:32:00 PM,01 - Clear,01 - Daylight,01 - Dry,10 - No control,,02 - Non-fatal injury,03 - Rear end,0
17-8581,STITTSVILLE MAIN ST/HUNTLEY RD @ FLEWELLYN RD,351417.30437,5010739.74611,-75.90626921470,45.23507623860,2017-09-21,10:30:00 AM,01 - Clear,01 - Daylight,01 - Dry,02 - Stop sign,01 - Functioning,03 - P.D. only,02 - Angle,0
17-8582,CONROY RD @ WALKLEY RD,372904.26905,5027463.53130,-75.63033364450,45.38380150490,2017-09-26,1:25:00 PM,01 - Clear,01 - Daylight,01 - Dry,01 - Traffic signal,01 - Functioning,03 - P.D. only,03 - Rear end,0
17-8583,BRONSON AVE @ COMMISSIONER ST/SLATER ST,366769.25132,5030948.85159,-75.70822976050,45.41573108700,2017-09-26,1:36:00 PM,01 - Clear,01 - Daylight,01 - Dry,01 - Traffic signal,01 - Functioning,03 - P.D. only,05 - Turning movement,0
17-8584,KING EDWARD AVE @ MURRAY ST,368290.74401,5032754.29885,-75.68855915040,45.43183947280,2017-09-26,2:11:00 PM,01 - Clear,01 - Daylight,01 - Dry,01 - Traffic signal,01 - Functioning,03 - P.D. only,03 - Rear end,0
17-8585,BAYVIEW RD @ SCOTT ST/ALBERT ST,365520.45712,5030071.80079,-75.72429194090,45.40794908680,2017-09-26,2:16:00 PM,01 - Clear,01 - Daylight,01 - Dry,01 - Traffic signal,01 - Functioning,02 - Non-fatal injury,05 - Turning movement,0
17-8586,DUMAURIER AVE btwn RAMSEY CRES & RAMSEY CRES,360124.39617,5023334.96682,-75.79397627550,45.34777877500,2017-09-26,3:01:00 PM,01 - Clear,01 - Daylight,01 - Dry,10 - No control,,03 - P.D. only,07 - SMV other,0
17-8587,BESSERER ST @ WALLER ST,368314.84040,5032191.97780,-75.68832374400,45.42677772060,2017-09-26,5:00:00 PM,01 - Clear,01 - Daylight,01 - Dry,01 - Traffic signal,01 - Functioning,03 - P.D. only,04 - Sideswipe,0
17-8588,PARKGLEN DR @ WOODROFFE AVE,362888.68790,5023127.05905,-75.75872701010,45.34568454250,2017-09-26,3:44:00 PM,01 - Clear,01 - Daylight,01 - Dry,02 - Stop sign,01 - Functioning,03 - P.D. only,03 - Rear end,0
17-8589,CEDARVIEW RD @ WEST HUNT CLUB RD,359719.22385,5019553.38480,-75.79956605630,45.31378383410,2017-09-26,4:51:00 PM,01 - Clear,01 - Daylight,01 - Dry,01 - Traffic signal,01 - Functioning,03 - P.D. only,03 - Rear end,0
17-8590,BASELINE RD @ GREENBANK RD,360597.68430,5022584.50020,-75.78802151770,45.34098859470,2017-09-26,4:59:00 PM,01 - Clear,01 - Daylight,01 - Dry,01 - Traffic signal,01 - Functioning,03 - P.D. only,03 - Rear end,0
17-8591,ELGIN ST @ LAURIER AVE,367948.16345,5031549.02935,-75.69309157770,45.42102588880,2017-09-26,5:27:00 PM,01 - Clear,01 - Daylight,01 - Dry,01 - Traffic signal,01 - Functioning,02 - Non-fatal injury,07 - SMV other,1
17-8592,DALHOUSIE ST @ GUIGUES AVE,367913.24415,5032712.49520,-75.69338864680,45.43149750820,2017-09-26,5:42:00 PM,01 - Clear,01 - Daylight,01 - Dry,02 - Stop sign,01 - Functioning,03 - P.D. only,02 - Angle,0
17-8593,BASELINE RD @ WOODROFFE AVE,362550.16357,5023770.74139,-75.76297141170,45.35150430350,2017-09-26,5:56:00 PM,01 - Clear,01 - Daylight,01 - Dry,01 - Traffic signal,01 - Functioning,03 - P.D. only,03 - Rear end,0
17-8594,CHURCHILL AVE @ RICHMOND RD,363228.24025,5028292.55130,-75.75378340090,45.39213481240,2017-09-26,7:08:00 PM,01 - Clear,05 - Dusk,01 - Dry,01 - Traffic signal,01 - Functioning,03 - P.D. only,05 - Turning movement,0
17-8595,BLAIR RD @ INNES RD,375578.18845,5031439.00865,-75.59562233920,45.41930567420,2017-09-26,6:45:00 AM,01 - Clear,03 - Dawn,01 - Dry,01 - Traffic signal,01 - Functioning,02 - Non-fatal injury,03 - Rear end,0
17-8596,MARAVISTA DR @ STRANDHERD DR,361288.43810,5014584.95810,-75.78011984030,45.26895318370,2017-09-26,7:50:00 PM,01 - Clear,07 - Dark,01 - Dry,01 - Traffic signal,01 - Functioning,03 - P.D. only,03 - Rear end,0
17-8597,INNES RD @ TENTH LINE RD,383951.76030,5036159.01435,-75.48788476290,45.46087496980,2017-09-26,7:53:00 PM,01 - Clear,07 - Dark,01 - Dry,01 - Traffic signal,01 - Functioning,02 - Non-fatal injury,07 - SMV other,2
17-8598,LAKES PARK DR btwn TWIN LAKES AVE & THUNDERBIRD DR,376867.79769,5014786.65329,-75.58157240110,45.26934411650,2017-09-26,9:25:00 PM,01 - Clear,07 - Dark,01 - Dry,10 - No control,,03 - P.D. only,06 - SMV unattended vehicle,0
17-8599,BANK ST @ RIVERSIDE DR S,369304.62390,5027896.12097,-75.67623833970,45.38803452860,2017-09-26,9:27:00 PM,01 - Clear,07 - Dark,01 - Dry,01 - Traffic signal,02 - Not functioning,03 - P.D. only,02 - Angle,0
17-8600,WALKLEY RD @ DON REID DR/RYDER ST,372601.80627,5027284.53700,-75.63422012250,45.38222032810,2017-09-26,11:04:00 PM,01 - Clear,07 - Dark,01 - Dry,01 - Traffic signal,01 - Functioning,03 - P.D. only,03 - Rear end,0
17-8601,LEES AVE btwn MAIN ST & ROSEMERE AVE,369117.24623,5030625.72753,-75.67827505710,45.41261184870,2017-09-26,11:15:00 PM,01 - Clear,07 - Dark,01 - Dry,10 - No control,,02 - Non-fatal injury,07 - SMV other,0
17-8602,HUNTLEY RD btwn GARVIN RD & MOORE ST,356432.30167,5006887.50527,-75.84280028430,45.20006277660,2017-09-27,1:01:00 AM,01 - Clear,07 - Dark,01 - Dry,10 - No control,,03 - P.D. only,07 - SMV other,0
17-8603,ALBION RD @ MITCH OWENS RD,375904.13105,5014806.52522,-75.59384891120,45.26962100630,2017-09-27,6:53:00 AM,01 - Clear,03 - Dawn,01 - Dry,01 - Traffic signal,01 - Functioning,03 - P.D. only,05 - Turning movement,0
17-8604,RUSSELL RD btwn FORCED RD & DUNNING RD,395845.75571,5027781.31739,-75.33737373070,45.38405462680,2017-09-27,6:57:00 AM,01 - Clear,01 - Daylight,01 - Dry,10 - No control,,03 - P.D. only,03 - Rear end,0
17-8605,FALLOWFIELD RD btwn STEEPLE HILL CRES & MOODIE DR,359310.94552,5014564.28175,-75.80532108420,45.26892318860,2017-09-27,7:31:00 AM,01 - Clear,01 - Daylight,01 - Dry,10 - No control,,02 - Non-fatal injury,03 - Rear end,0
17-8606,BLACKBURN BYPASS @ INNES RD E,379791.74790,5033781.01845,-75.54143374790,45.43993846530,2017-09-27,8:02:00 AM,01 - Clear,01 - Daylight,01 - Dry,01 - Traffic signal,00 - Unknown,02 - Non-fatal injury,03 - Rear end,0
17-8607,HUNT CLUB RD btwn TURN LANE & RIVERSIDE DR,367947.33621,5021916.58572,-75.69433396730,45.33435577660,2017-09-27,8:29:00 AM,01 - Clear,01 - Daylight,01 - Dry,10 - No control,,03 - P.D. only,04 - Sideswipe,0
17-8608,WELLINGTON ST    W btwn MERTON ST & FAIRMONT AVE,365499.08071,5029608.76465,-75.72462200340,45.40378465390,2017-09-27,8:41:00 AM,01 - Clear,01 - Daylight,01 - Dry,10 - No control,,03 - P.D. only,06 - SMV unattended vehicle,0
17-8609,CHAPEL CRES/CHAPEL ST @ MANN AVE,369552.00694,5031552.89229,-75.67259925190,45.42091403890,2017-09-27,8:45:00 AM,01 - Clear,01 - Daylight,01 - Dry,02 - Stop sign,01 - Functioning,03 - P.D. only,02 - Angle,0
17-8610,DIAMONDVIEW RD @ THOMAS A. DOLAN PKWY,335556.51350,5025182.00465,-76.10737467630,45.36590694260,2017-09-27,11:16:00 AM,01 - Clear,01 - Daylight,01 - Dry,02 - Stop sign,01 - Functioning,02 - Non-fatal injury,02 - Angle,0
17-8611,SWANSEA CRES btwn LEGACY RD & STEVENAGE DR,374740.39554,5027350.59178,-75.60690581650,45.38260441160,2017-09-27,9:47:00 AM,01 - Clear,01 - Daylight,01 - Dry,10 - No control,,03 - P.D. only,06 - SMV unattended vehicle,0
17-8612,PAUL METIVIER DR btwn CLEARBROOK DR & MOSS GROVE ST,366155.83224,5014787.88828,-75.71807100000,45.27037135200,2017-09-27,10:44:00 AM,01 - Clear,01 - Daylight,01 - Dry,10 - No control,,03 - P.D. only,06 - SMV unattended vehicle,0
17-8613,POULIN AVE @ RICHMOND RD,360326.16669,5024900.29760,-75.79122576480,45.36184763810,2017-09-27,11:57:00 AM,01 - Clear,01 - Daylight,01 - Dry,01 - Traffic signal,00 - Unknown,03 - P.D. only,07 - SMV other,0
17-8614,MILNER DOWNS CRES btwn BRIDGESTONE DR & EAGLEVIEW ST,355451.42893,5015747.99809,-75.85438213530,45.27986308510,2017-09-27,5:14:00 AM,01 - Clear,07 - Dark,01 - Dry,10 - No control,,03 - P.D. only,06 - SMV unattended vehicle,0
17-8615,CARLING AVE @ BAYSHORE DR/BIRCHDALE AVE,359004.44262,5023990.32888,-75.80819569540,45.35376318090,2017-09-27,12:08:00 PM,01 - Clear,01 - Daylight,01 - Dry,01 - Traffic signal,01 - Functioning,03 - P.D. only,03 - Rear end,0
17-8616,MATHESON RD @ SILVESTRI CRES S,373331.17315,5032648.57190,-75.62416216010,45.43041242830,2017-09-27,12:52:00 PM,01 - Clear,01 - Daylight,01 - Dry,10 - No control,00 - Unknown,02 - Non-fatal injury,02 - Angle,0
17-8617,DONALD B. MUNRO DR btwn JOHN SHAW RD & WILLIAM HODGINS LANE,334969.65776,5023670.84319,-76.11495831020,45.35233433060,2017-09-27,1:21:00 PM,01 - Clear,01 - Daylight,01 - Dry,10 - No control,,03 - P.D. only,07 - SMV other,0
17-8618,FALLOWFIELD RD @ MOODIE DR,359502.12927,5014637.12296,-75.80287682510,45.26956377910,2017-09-27,1:48:00 PM,01 - Clear,01 - Daylight,01 - Dry,01 - Traffic signal,01 - Functioning,03 - P.D. only,03 - Rear end,0
17-8619,BRONSON AVE btwn MCLEOD ST & FLORA ST,367171.48532,5029993.56586,-75.70321186260,45.40709997100,2017-09-27,2:11:00 PM,01 - Clear,01 - Daylight,01 - Dry,10 - No control,,02 - Non-fatal injury,05 - Turning movement,0
17-8620,RIVERSIDE DR @ BROOKFIELD RD/HOG'S BACK RD,368166.29088,5026222.75819,-75.69098881290,45.37308198230,2017-09-27,2:34:00 PM,02 - Rain,01 - Daylight,02 - Wet,01 - Traffic signal,01 - Functioning,03 - P.D. only,03 - Rear end,0
17-8621,MARCH RD @ TERRY FOX DR,349865.08197,5023400.69233,-75.92488740790,45.34910442530,2017-09-27,2:43:00 PM,01 - Clear,01 - Daylight,01 - Dry,01 - Traffic signal,01 - Functioning,02 - Non-fatal injury,03 - Rear end,0
17-8622,LONGFIELDS DR @ WOODROFFE AVE,365421.16990,5017106.23484,-75.72714962540,45.29129545790,2017-09-27,3:05:00 PM,01 - Clear,01 - Daylight,01 - Dry,01 - Traffic signal,00 - Unknown,03 - P.D. only,03 - Rear end,0
17-8623,CARLING AVE @ PINECREST  RD/GREENVIEW AVE,360006.20730,5024635.54872,-75.79533920830,45.35949070440,2017-09-27,3:10:00 PM,02 - Rain,01 - Daylight,02 - Wet,01 - Traffic signal,01 - Functioning,02 - Non-fatal injury,07 - SMV other,1
17-8624,BANK ST @ QUEENSDALE AVE,373336.33979,5023446.30900,-75.62537412540,45.34761401860,2017-09-27,3:29:00 PM,02 - Rain,01 - Daylight,02 - Wet,01 - Traffic signal,00 - Unknown,03 - P.D. only,03 - Rear end,0
17-8625,RICHMOND RD @ FRASER AVE,362489.69190,5027691.77999,-75.76328521840,45.38679038410,2017-09-27,3:38:00 PM,02 - Rain,01 - Daylight,02 - Wet,01 - Traffic signal,02 - Not functioning,03 - P.D. only,03 - Rear end,0
17-8626,AIRPORT PKWY btwn RAMP & TO BE DETERMINED,369994.82361,5025631.88133,-75.66772396320,45.36759772530,2017-09-27,3:48:00 PM,01 - Clear,01 - Daylight,02 - Wet,10 - No control,,02 - Non-fatal injury,03 - Rear end,0
17-8627,ALBION RD @ MITCH OWENS RD,375905.80735,5014804.21241,-75.59382788220,45.26960002700,2017-09-27,3:57:00 PM,01 - Clear,01 - Daylight,01 - Dry,01 - Traffic signal,01 - Functioning,03 - P.D. only,03 - Rear end,0
17-8628,BANK ST @ LEITRIM RD,375358.65612,5021619.27162,-75.59983005040,45.33097458210,2017-09-27,4:07:00 PM,01 - Clear,01 - Daylight,02 - Wet,01 - Traffic signal,01 - Functioning,03 - P.D. only,05 - Turning movement,0
17-8629,ALERT RD/AIRPORT PKWY/UPLANDS DR RAMP 62 @ LES,371306.59759,5021356.28131,-75.65155467710,45.32900397390,2017-09-27,4:05:00 PM,02 - Rain,01 - Daylight,02 - Wet,01 - Traffic signal,01 - Functioning,03 - P.D. only,04 - Sideswipe,0
17-8630,CARLING AVE @ FAIRLAWN AVE/WOODROFFE AVE E,361934.68410,5025830.52790,-75.77058762240,45.37008852270,2017-09-27,4:21:00 PM,01 - Clear,01 - Daylight,01 - Dry,01 - Traffic signal,02 - Not functioning,02 - Non-fatal injury,02 - Angle,0
17-8631,BEECH ST btwn PRESTON ST & ROCHESTER ST,366705.05133,5029278.31300,-75.70925971950,45.40070572830,2017-09-27,4:40:00 PM,01 - Clear,01 - Daylight,01 - Dry,10 - No control,,03 - P.D. only,02 - Angle,0
17-8632,TENTH LINE RD @ CHARLEMAGNE BLVD S/DES EPINETT,383640.97510,5036900.45590,-75.49173924100,45.46758093120,2017-09-27,6:30:00 PM,01 - Clear,05 - Dusk,01 - Dry,01 - Traffic signal,01 - Functioning,03 - P.D. only,05 - Turning movement,0
17-8633,FALLOWFIELD RD @ WOODROFFE AVE,365085.15000,5017903.42669,-75.73133620100,45.29849745540,2017-09-27,6:15:00 PM,01 - Clear,01 - Daylight,01 - Dry,01 - Traffic signal,01 - Functioning,03 - P.D. only,05 - Turning movement,0
17-8634,ProposedWESTVALLEY PRIV @ GLENHAVEN PRIV,370179.99406,5025910.55793,-75.66532345090,45.37008792150,2017-09-27,8:02:00 PM,01 - Clear,07 - Dark,01 - Dry,10 - No control,00 - Unknown,03 - P.D. only,04 - Sideswipe,0
17-8635,BANTREE ST @ INNES RD,373706.67899,5030406.79435,-75.61967724170,45.41020514570,2017-09-27,3:00:00 PM,02 - Rain,01 - Daylight,02 - Wet,01 - Traffic signal,01 - Functioning,03 - P.D. only,02 - Angle,0
17-8636,DALY AVE btwn MACKENZIE AVE & NICHOLAS ST,368202.01794,5032029.63381,-75.68978629090,45.42532724180,2017-09-28,6:21:00 AM,01 - Clear,07 - Dark,01 - Dry,10 - No control,,03 - P.D. only,07 - SMV other,0
17-8637,REGIONAL ROAD 174 btwn Continuation of REGIONAL ROAD 174 & OR174 IC112,374281.74731,5032456.63645,-75.61204223050,45.42859170430,2017-09-28,9:03:00 AM,01 - Clear,01 - Daylight,01 - Dry,10 - No control,,02 - Non-fatal injury,03 - Rear end,0
17-8638,OR174 IC101 RAMP45 btwn ST. JOSEPH BLVD & REGIONAL ROAD 174,383397.18439,5039299.39615,-75.49447262600,45.48919186870,2017-09-28,6:33:00 AM,01 - Clear,03 - Dawn,01 - Dry,10 - No control,,02 - Non-fatal injury,03 - Rear end,0
17-8639,JEANNE D'ARC BLVD N/OR174 IC105 RAMP63 @ TRANS,379343.27469,5037116.76799,-75.54665985420,45.46999902870,2017-09-28,7:00:00 AM,01 - Clear,01 - Daylight,01 - Dry,01 - Traffic signal,00 - Unknown,03 - P.D. only,03 - Rear end,0
17-8640,OR174 IC109 RAMP65 @ MONTREAL RD,376402.55360,5034982.25163,-75.58457491200,45.45110172420,2017-09-28,7:17:00 AM,01 - Clear,01 - Daylight,01 - Dry,01 - Traffic signal,00 - Unknown,03 - P.D. only,03 - Rear end,0
17-8641,EARL ARMSTRONG RD @ RIVER RD,367575.89525,5014684.53205,-75.69998829520,45.26931603430,2017-09-28,7:17:00 AM,01 - Clear,01 - Daylight,01 - Dry,01 - Traffic signal,01 - Functioning,03 - P.D. only,03 - Rear end,0
17-8642,ST. JOSEPH BLVD btwn R.C.M.P. COMPLEX & YOUVILLE DR,378913.38015,5036082.03429,-75.55231306930,45.46073501510,2017-09-28,7:19:00 AM,01 - Clear,01 - Daylight,01 - Dry,10 - No control,,03 - P.D. only,03 - Rear end,0
17-8643,HIGHWAY 417 btwn HWY417 IC117 RAMP61 & HWY417 IC115 RAMP36,371724.43245,5031441.81347,-75.64485815900,45.41971015860,2017-09-28,7:23:00 AM,01 - Clear,01 - Daylight,01 - Dry,10 - No control,,03 - P.D. only,03 - Rear end,0
17-8644,REGIONAL ROAD 174 btwn Continuation of REGIONAL ROAD 174 & OR174 IC112,374198.61227,5032389.60321,-75.61311399100,45.42799682820,2017-09-28,6:26:00 AM,01 - Clear,03 - Dawn,01 - Dry,10 - No control,,03 - P.D. only,03 - Rear end,0
17-8645,BELFAST RD btwn TREMBLAY RD & TRAINYARDS DR,371693.64986,5030984.61265,-75.64531351290,45.41559940970,2017-09-28,8:15:00 AM,01 - Clear,01 - Daylight,01 - Dry,10 - No control,,03 - P.D. only,04 - Sideswipe,0
17-8646,CAMPEAU DR @ TERON RD/COLCHESTER SQ,352562.97988,5020467.33706,-75.89074232980,45.32253100630,2017-09-28,8:19:00 AM,01 - Clear,01 - Daylight,01 - Dry,01 - Traffic signal,01 - Functioning,03 - P.D. only,04 - Sideswipe,0
17-8647,MARCH RD @ MORGAN'S GRANT WAY/SHIRLEY'S BROOK,349662.08257,5023618.22006,-75.92745818540,45.35107480340,2017-09-28,8:21:00 AM,01 - Clear,01 - Daylight,01 - Dry,01 - Traffic signal,00 - Unknown,03 - P.D. only,04 - Sideswipe,0
17-8648,BASELINE RD btwn CONSTELLATION CRES & WOODROFFE AVE,362295.16315,5023609.80902,-75.76624426260,45.35007719750,2017-09-28,8:32:00 AM,01 - Clear,01 - Daylight,01 - Dry,10 - No control,,03 - P.D. only,04 - Sideswipe,0