COLLISION_ID,LOCATION,X,Y,LONGITUDE,LATITUDE,DATE,TIME,ENVIRONMENT,LIGHT,SURFACE_CONDITION,TRAFFIC_CONTROL,TRAFFIC_CONTROL_CONDITION,COLLISION_CLASSIFICATION,IMPACT_TYPE,NO_OF_PEDESTRIANS
17-8649,ROMINA ST @ OPUS ST,354554.03545,5015182.00410,-75.86587659320,45.27483422100,2017-09-28,8:43:00 AM,01 - Clear,01 - Daylight,01 - Dry,10 - No control,00 - Unknown,03 - P.D. only,06 - SMV unattended vehicle,0
17-8650,DALY AVE btwn MACKENZIE AVE & NICHOLAS ST,368191.24615,5032021.82454,-75.68992493350,45.42525795270,2017-09-28,8:54:00 AM,01 - Clear,01 - Daylight,01 - Dry,10 - No control,,03 - P.D. only,99 - Other,0
17-8651,RICHMOND RD btwn WEST HUNT CLUB RD & STONEHAVEN DR,356760.87607,5015940.07088,-75.83767253670,45.28149582810,2017-09-28,8:59:00 AM,01 - Clear,01 - Daylight,01 - Dry,10 - No control,,02 - Non-fatal injury,03 - Rear end,0
17-8652,CHARLEVOIX ST btwn BEECHWOOD AVE & BARRETTE ST,369206.51160,5033571.58597,-75.67674950270,45.43910936130,2017-09-28,9:15:00 AM,01 - Clear,01 - Daylight,02 - Wet,10 - No control,,03 - P.D. only,02 - Angle,0
17-8653,AVOCADO ST btwn BOURBON ST & PLANTE DR,370169.51113,5024464.49134,-75.66564856000,45.35707763310,2017-09-27,11:00:00 PM,01 - Clear,07 - Dark,01 - Dry,10 - No control,,03 - P.D. only,06 - SMV unattended vehicle,0
17-8654,"YELLOWCRESS WAY btwn AUBEPINES, PROMENADE DES & THIMBLEBERRY ROW",384145.32830,5034731.79110,-75.48564025040,45.44801215020,2017-09-28,12:00:00 AM,01 - Clear,00 - Unknown,01 - Dry,10 - No control,,03 - P.D. only,06 - SMV unattended vehicle,0
17-8655,GLADSTONE AVE btwn BANK ST & O'CONNOR ST,367939.11077,5030576.77815,-75.69333181370,45.41227870700,2017-09-28,9:44:00 AM,01 - Clear,01 - Daylight,01 - Dry,10 - No control,,03 - P.D. only,06 - SMV unattended vehicle,0
17-8656,BRIAN COBURN BLVD @ MER BLEUE RD,383150.81890,5034441.16410,-75.49839848590,45.44550952730,2017-09-27,6:30:00 PM,01 - Clear,05 - Dusk,01 - Dry,11 - Roundabout,01 - Functioning,03 - P.D. only,03 - Rear end,0
17-8657,ST. JOSEPH BLVD @ REGIONAL RD 174/TRANSITWAY,376556.35496,5035056.24084,-75.58259805010,45.45175165690,2017-09-28,7:15:00 AM,01 - Clear,01 - Daylight,01 - Dry,01 - Traffic signal,00 - Unknown,03 - P.D. only,03 - Rear end,0
17-8658,OR174 IC109 RAMP65 @ MONTREAL RD,376402.23580,5034982.53412,-75.58457893340,45.45110429850,2017-09-28,6:45:00 AM,01 - Clear,03 - Dawn,01 - Dry,01 - Traffic signal,00 - Unknown,02 - Non-fatal injury,03 - Rear end,0
17-8659,WOODKILTON RD @ KINBURN SIDE RD,336952.13115,5034991.72090,-76.08891939440,45.45411553240,2017-09-28,11:32:00 AM,01 - Clear,01 - Daylight,01 - Dry,02 - Stop sign,01 - Functioning,03 - P.D. only,02 - Angle,0
17-8660,INNES RD @ ORCHARDVIEW AVE/ESPRIT DR,384846.72325,5036560.56000,-75.47637729730,45.46438573150,2017-09-28,11:42:00 AM,01 - Clear,01 - Daylight,01 - Dry,01 - Traffic signal,01 - Functioning,02 - Non-fatal injury,05 - Turning movement,0
17-8661,CARDEVCO RD @ CARP RD,345930.19954,5017475.81786,-75.97559355820,45.29603220870,2017-09-28,12:30:00 PM,01 - Clear,01 - Daylight,01 - Dry,02 - Stop sign,01 - Functioning,02 - Non-fatal injury,03 - Rear end,0
17-8662,MONTREAL RD @ DUCHARME BLVD/CANTIN ST,371018.19565,5033565.09919,-75.65359575490,45.43888175700,2017-09-28,12:45:00 PM,01 - Clear,01 - Daylight,01 - Dry,01 - Traffic signal,00 - Unknown,03 - P.D. only,04 - Sideswipe,0
17-8663,MAITLAND AVE btwn HWY417 IC126 RAMP63 & HWY417 IC126 RAMP52,363187.92442,5025874.09371,-75.75458427410,45.37037723240,2017-09-28,1:09:00 PM,01 - Clear,01 - Daylight,01 - Dry,10 - No control,,02 - Non-fatal injury,03 - Rear end,0
17-8664,INNES RD btwn STONEHENGE CRES & BLAIR RD,375409.09769,5031340.32896,-75.59779679050,45.41843489430,2017-09-28,1:27:00 PM,01 - Clear,01 - Daylight,01 - Dry,10 - No control,,03 - P.D. only,04 - Sideswipe,0
17-8665,VANIER PKWY NB btwn DESCHAMPS AVE & MONTREAL RD,370044.84095,5033092.91450,-75.66609847040,45.43472474670,2017-09-28,2:28:00 PM,01 - Clear,01 - Daylight,01 - Dry,10 - No control,,03 - P.D. only,03 - Rear end,0
17-8666,FOX CRES @ WOODROFFE AVE,361807.09542,5025626.29721,-75.77223992420,45.36826126220,2017-09-28,2:31:00 PM,01 - Clear,01 - Daylight,01 - Dry,02 - Stop sign,00 - Unknown,03 - P.D. only,04 - Sideswipe,0
17-8667,BLAIR RD @ MOWAT ST,374199.16855,5033984.49800,-75.61288205660,45.44234677130,2017-09-28,2:51:00 PM,01 - Clear,01 - Daylight,01 - Dry,02 - Stop sign,01 - Functioning,03 - P.D. only,03 - Rear end,0
17-8668,BAYSHORE DR @ WOODRIDGE CRES S,359234.21545,5023510.05245,-75.80531622190,45.34942385130,2017-09-28,3:58:00 PM,01 - Clear,01 - Daylight,01 - Dry,01 - Traffic signal,01 - Functioning,02 - Non-fatal injury,07 - SMV other,1
17-8669,PARKDALE AVE btwn BULLMAN ST & OXFORD ST,365027.92823,5029550.74094,-75.73064710600,45.40330326460,2017-09-28,3:59:00 PM,01 - Clear,01 - Daylight,01 - Dry,10 - No control,,03 - P.D. only,06 - SMV unattended vehicle,0
17-8670,BRONSON AVE @ FIFTH AVE/MADAWASKA DR,367614.25915,5028939.10015,-75.69769034560,45.39757260300,2017-09-28,3:58:00 PM,01 - Clear,01 - Daylight,01 - Dry,01 - Traffic signal,01 - Functioning,02 - Non-fatal injury,04 - Sideswipe,0
17-8671,RIVERSIDE DR @ TREMBLAY RD/HWY417 IC117 RAMP52,370802.07810,5031015.67121,-75.65669953420,45.41596352710,2017-09-28,2:40:00 PM,01 - Clear,01 - Daylight,08 - Loose sand or gravel,01 - Traffic signal,01 - Functioning,03 - P.D. only,03 - Rear end,0
17-8672,BLAIR RD @ MONTREAL RD,374019.24683,5034440.29486,-75.61511757250,45.44646561830,2017-09-28,4:21:00 PM,01 - Clear,01 - Daylight,01 - Dry,01 - Traffic signal,01 - Functioning,03 - P.D. only,03 - Rear end,0
17-8673,FRIEL ST @ LAURIER AVE,368997.70640,5032191.03125,-75.67959820170,45.42670686280,2017-09-28,4:26:00 PM,01 - Clear,01 - Daylight,01 - Dry,02 - Stop sign,01 - Functioning,02 - Non-fatal injury,05 - Turning movement,0
17-8674,TERRY FOX DR btwn COPE DR & TRANS CANADA TRAIL,353388.95391,5015837.65882,-75.88066068930,45.28081544790,2017-09-28,4:31:00 PM,01 - Clear,01 - Daylight,01 - Dry,10 - No control,,02 - Non-fatal injury,03 - Rear end,0
17-8675,ANTARES DR btwn AURIGA DR & WEST HUNT CLUB RD,367063.68763,5022053.09933,-75.70558973670,45.33566306750,2017-09-28,4:48:00 PM,01 - Clear,01 - Daylight,01 - Dry,10 - No control,,03 - P.D. only,03 - Rear end,0
17-8676,PRESTON ST @ SOMERSET ST,366307.15215,5030127.02205,-75.71423591270,45.40837726200,2017-09-28,5:00:00 PM,01 - Clear,01 - Daylight,01 - Dry,01 - Traffic signal,01 - Functioning,03 - P.D. only,04 - Sideswipe,0
17-8677,STRANDHERD DR btwn MARAVISTA DR & KENNEVALE DR,361293.45482,5014574.25576,-75.78005713070,45.26885648050,2017-09-28,6:07:00 PM,01 - Clear,01 - Daylight,01 - Dry,10 - No control,,03 - P.D. only,03 - Rear end,0
17-8678,SIDNEY ST btwn PRESTON ST & END,366747.92109,5028960.34137,-75.70875211310,45.39784091210,2017-09-28,6:10:00 PM,01 - Clear,01 - Daylight,01 - Dry,10 - No control,,03 - P.D. only,02 - Angle,0
17-8679,DRIVEWAY (THE) @ PRINCE OF WALES DR,366884.00786,5028137.42246,-75.70711762600,45.39042444840,2017-09-28,6:05:00 PM,01 - Clear,01 - Daylight,01 - Dry,11 - Roundabout,01 - Functioning,03 - P.D. only,03 - Rear end,0
17-8680,COOPER ST btwn KENT ST & BANK ST,367486.01821,5030892.16555,-75.69907986110,45.41515719830,2017-09-28,12:00:00 AM,01 - Clear,00 - Unknown,01 - Dry,10 - No control,,03 - P.D. only,06 - SMV unattended vehicle,0
17-8681,MEADOWLANDS DR btwn PRINCE OF WALES DR & DEBRA AVE,367353.71704,5025684.60568,-75.70143024860,45.36831281910,2017-09-28,6:50:00 PM,01 - Clear,05 - Dusk,01 - Dry,10 - No control,,03 - P.D. only,05 - Turning movement,0
17-8682,INNES RD @ TENTH LINE RD,383950.34018,5036158.85074,-75.48790294530,45.46087365780,2017-09-28,4:10:00 PM,01 - Clear,01 - Daylight,01 - Dry,01 - Traffic signal,01 - Functioning,03 - P.D. only,03 - Rear end,0
17-8683,SOMERSET ST    W btwn BOOTH ST & UPPER LORNE PL,366614.41243,5030274.65211,-75.71029247420,45.40967852650,2017-09-28,8:42:00 PM,01 - Clear,07 - Dark,01 - Dry,10 - No control,,03 - P.D. only,06 - SMV unattended vehicle,0
17-8684,ELGIN ST @ LAURIER AVE,367947.75411,5031549.33685,-75.69309676910,45.42102869260,2017-09-29,6:50:00 AM,01 - Clear,03 - Dawn,01 - Dry,01 - Traffic signal,01 - Functioning,03 - P.D. only,04 - Sideswipe,0
17-8685,HIGHWAY 417 btwn HWY417 IC117 RAMP61 & HWY417 IC115 RAMP36,371828.39788,5031449.91194,-75.64352876540,45.41977307160,2017-09-29,6:58:00 AM,01 - Clear,01 - Daylight,01 - Dry,10 - No control,,03 - P.D. only,03 - Rear end,0
17-8686,FISHER AVE @ MEADOWLANDS DR,366575.06490,5025044.89955,-75.71144965890,45.36262593820,2017-09-29,7:40:00 AM,01 - Clear,01 - Daylight,01 - Dry,01 - Traffic signal,01 - Functioning,02 - Non-fatal injury,99 - Other,1
17-8687,INDUSTRIAL AVE @ TRAINYARDS DR,371686.42847,5030540.18896,-75.64546608140,45.41160136700,2017-09-29,7:46:00 AM,01 - Clear,01 - Daylight,01 - Dry,01 - Traffic signal,01 - Functioning,02 - Non-fatal injury,03 - Rear end,0
17-8688,ST. LAURENT BLVD btwn BELFAST RD & INDUSTRIAL AVE,372894.85769,5030499.17614,-75.63003475800,45.41111581260,2017-09-29,7:48:00 AM,01 - Clear,01 - Daylight,01 - Dry,10 - No control,,03 - P.D. only,04 - Sideswipe,0
17-8689,WILLIAM HODGINS LANE btwn VAUGHAN SIDE RD & DIAMONDVIEW RD,338285.73048,5019867.40979,-76.07289525310,45.31795883550,2017-09-29,8:38:00 AM,01 - Clear,01 - Daylight,01 - Dry,10 - No control,,02 - Non-fatal injury,99 - Other,0
17-8690,HERON RD btwn EVANS BLVD & ALTA VISTA DR,370477.52250,5026901.34726,-75.66139369080,45.37897489680,2017-09-29,8:47:00 AM,01 - Clear,01 - Daylight,01 - Dry,10 - No control,,02 - Non-fatal injury,07 - SMV other,1
17-8691,LACOLLE WAY @ TAYLOR CREEK DR W,384011.21290,5039298.97100,-75.48661839780,45.48911862720,2017-09-29,8:50:00 AM,01 - Clear,01 - Daylight,01 - Dry,02 - Stop sign,01 - Functioning,03 - P.D. only,05 - Turning movement,0
17-8692,LABELLE ST/RAMP @ LEMIEUX ST/HWY417 IC115 RAMP,372541.72040,5031688.02275,-75.63438241960,45.42184677820,2017-09-29,8:56:00 AM,01 - Clear,01 - Daylight,01 - Dry,02 - Stop sign,01 - Functioning,03 - P.D. only,02 - Angle,0
17-8693,HWY 417 VANIER IC117R63 @ VANIER PKWY,370798.93558,5031398.16990,-75.65668845020,45.41940538960,2017-09-29,9:00:00 AM,01 - Clear,01 - Daylight,01 - Dry,01 - Traffic signal,01 - Functioning,03 - P.D. only,03 - Rear end,0
17-8694,BESSERER ST @ WALLER ST,368315.86115,5032192.06055,-75.68831068950,45.42677837290,2017-09-29,9:13:00 AM,01 - Clear,01 - Daylight,01 - Dry,01 - Traffic signal,01 - Functioning,02 - Non-fatal injury,05 - Turning movement,0
17-8695,FAUBERT ST @ REGIONAL RD 174,390281.91415,5042683.15897,-75.40581919370,45.51882562830,2017-09-29,10:53:00 AM,01 - Clear,01 - Daylight,01 - Dry,02 - Stop sign,00 - Unknown,02 - Non-fatal injury,03 - Rear end,0
17-8696,BLAIR RD @ CROWNHILL ST,374462.36580,5033310.96345,-75.60961338440,45.43626050570,2017-09-29,11:02:00 AM,01 - Clear,01 - Daylight,01 - Dry,02 - Stop sign,01 - Functioning,03 - P.D. only,02 - Angle,0
17-8697,CARLING AVE WB @ SAIGON CRT,364065.18011,5027195.72894,-75.74322705750,45.38219546470,2017-09-29,11:34:00 AM,01 - Clear,01 - Daylight,01 - Dry,01 - Traffic signal,01 - Functioning,03 - P.D. only,04 - Sideswipe,0
17-8698,FISHER AVE @ KINTYRE PRIV,366496.73510,5025235.39197,-75.71242564990,45.36434684890,2017-09-29,11:40:00 AM,01 - Clear,01 - Daylight,01 - Dry,01 - Traffic signal,01 - Functioning,02 - Non-fatal injury,03 - Rear end,0
17-8699,MEADOWLANDS DR @ MERIVALE RD,364858.22653,5023726.22046,-75.73352307950,45.35090984530,2017-09-29,11:50:00 AM,01 - Clear,01 - Daylight,01 - Dry,01 - Traffic signal,01 - Functioning,03 - P.D. only,03 - Rear end,0
17-8700,STAR TOP RD btwn CYRVILLE RD & ALGOMA RD,373873.43545,5031352.47826,-75.61741454460,45.41869749950,2017-09-29,12:00:00 PM,01 - Clear,01 - Daylight,01 - Dry,10 - No control,,03 - P.D. only,07 - SMV other,0
17-8701,TENTH LINE RD @ CHARLEMAGNE BLVD S/DES EPINETT,383640.97510,5036900.45590,-75.49173924100,45.46758093120,2017-09-29,1:05:00 PM,01 - Clear,01 - Daylight,01 - Dry,01 - Traffic signal,01 - Functioning,02 - Non-fatal injury,05 - Turning movement,0
17-8702,ALBERT ST @ METCALFE ST,367691.70050,5031614.12835,-75.69636003150,45.42163473070,2017-09-29,1:21:00 PM,01 - Clear,01 - Daylight,01 - Dry,01 - Traffic signal,01 - Functioning,02 - Non-fatal injury,07 - SMV other,1
17-8703,BASELINE RD @ MERIVALE RD,365054.14995,5025324.96845,-75.73082800180,45.36527833020,2017-09-29,2:21:00 PM,01 - Clear,01 - Daylight,01 - Dry,01 - Traffic signal,01 - Functioning,03 - P.D. only,04 - Sideswipe,0
17-8704,WOODROFFE AVE @ ALGONQUIN COLLEGE/TRANSITWAY S,362823.35345,5023271.17490,-75.75954376930,45.34698669340,2017-09-29,2:45:00 PM,01 - Clear,01 - Daylight,01 - Dry,01 - Traffic signal,01 - Functioning,03 - P.D. only,03 - Rear end,0
17-8705,LEITRIM RD btwn 810 W OF HAWTHORNE & HAWTHORNE RD,376962.66215,5022661.96689,-75.57921712040,45.34019316520,2017-09-29,4:00:00 PM,01 - Clear,01 - Daylight,01 - Dry,10 - No control,,03 - P.D. only,07 - SMV other,0
17-8706,BEECHWOOD AVE @ CHARLEVOIX ST/MACKAY ST,369186.43858,5033592.60200,-75.67700330200,45.43930030380,2017-09-29,3:44:00 PM,01 - Clear,01 - Daylight,01 - Dry,01 - Traffic signal,01 - Functioning,03 - P.D. only,05 - Turning movement,0
17-8707,OLD TENTH LINE RD/OR174 IC101 RAMP63 @ ST. JOS,383119.63333,5038785.44594,-75.49810489240,45.48459901790,2017-09-29,3:00:00 PM,01 - Clear,01 - Daylight,01 - Dry,01 - Traffic signal,00 - Unknown,03 - P.D. only,07 - SMV other,0
17-8708,ROCKDALE RD @ RUSSELL RD,393759.86120,5026973.02035,-75.36415027300,45.37705049600,2017-09-29,4:02:00 PM,01 - Clear,01 - Daylight,01 - Dry,02 - Stop sign,00 - Unknown,03 - P.D. only,05 - Turning movement,0
17-8709,MAJESTIC DR @ WOODROFFE AVE,363527.69340,5021571.49240,-75.75075795090,45.33163446790,2017-09-29,4:09:00 PM,01 - Clear,01 - Daylight,01 - Dry,01 - Traffic signal,01 - Functioning,03 - P.D. only,03 - Rear end,0
17-8710,CASTLEFRANK RD @ KATIMAVIK RD,351951.40533,5018943.00714,-75.89868813750,45.30885607950,2017-09-29,4:11:00 PM,01 - Clear,01 - Daylight,01 - Dry,01 - Traffic signal,01 - Functioning,03 - P.D. only,03 - Rear end,0
17-8711,ALBERT ST @ PRESTON ST,366159.37423,5030466.00798,-75.71608142780,45.41144033800,2017-09-29,4:16:00 PM,01 - Clear,01 - Daylight,01 - Dry,01 - Traffic signal,01 - Functioning,02 - Non-fatal injury,03 - Rear end,0
17-8712,RUSSELL RD @ SAUMURE RD/LANGLADE RD,399932.60245,5029464.47590,-75.28487301060,45.39865421990,2017-09-29,4:29:00 PM,01 - Clear,01 - Daylight,01 - Dry,02 - Stop sign,01 - Functioning,02 - Non-fatal injury,05 - Turning movement,0
17-8713,FEATHERSTON DR @ EMSLIE AVE,372421.58741,5027696.79513,-75.63646464930,45.38594707880,2017-09-29,4:57:00 PM,01 - Clear,01 - Daylight,01 - Dry,03 - Yield sign,00 - Unknown,03 - P.D. only,07 - SMV other,0
17-8714,BRIDLE PATH DR btwn TRAPPER'S RD & CAROUSEL CRES,371823.57096,5023586.57540,-75.64465811470,45.34902228020,2017-09-29,3:40:00 PM,01 - Clear,01 - Daylight,01 - Dry,10 - No control,,03 - P.D. only,99 - Other,0
17-8715,ST. JOSEPH BLVD/OLD MONTREAL RD @ TRIM RD,384685.31849,5039287.67245,-75.47799750170,45.48894014490,2017-09-29,5:13:00 PM,01 - Clear,01 - Daylight,01 - Dry,11 - Roundabout,01 - Functioning,02 - Non-fatal injury,02 - Angle,0
17-8716,STRANDHERD DR @ WOODROFFE AVE,366105.20725,5015395.38569,-75.71864110250,45.27584200180,2017-09-29,5:20:00 PM,01 - Clear,01 - Daylight,01 - Dry,01 - Traffic signal,01 - Functioning,03 - P.D. only,04 - Sideswipe,0
17-8717,PARKDALE AVE @ TYNDALL ST,365264.17397,5029014.74433,-75.72769528420,45.39846012310,2017-09-29,1:30:00 PM,01 - Clear,01 - Daylight,01 - Dry,02 - Stop sign,01 - Functioning,03 - P.D. only,05 - Turning movement,0
17-8718,COVENTRY RD @ VANIER PKWY,370677.47780,5031612.24945,-75.65821160270,45.42134303670,2017-09-29,6:55:00 PM,01 - Clear,05 - Dusk,01 - Dry,01 - Traffic signal,01 - Functioning,03 - P.D. only,04 - Sideswipe,0
17-8719,MAITLAND AVE/GLENMOUNT AVE @ ERINDALE DR,363697.42596,5025211.32791,-75.74815923690,45.36437111910,2017-09-29,8:34:00 PM,02 - Rain,07 - Dark,02 - Wet,01 - Traffic signal,01 - Functioning,03 - P.D. only,05 - Turning movement,0
17-8720,RIVERSIDE DR @ TREMBLAY RD/HWY417 IC117 RAMP52,370801.53165,5031014.81500,-75.65670662940,45.41595587490,2017-09-29,8:32:00 PM,01 - Clear,07 - Dark,01 - Dry,01 - Traffic signal,01 - Functioning,03 - P.D. only,02 - Angle,0
17-8721,LAPERRIERE AVE @ LARKIN ST,364233.86267,5026779.97355,-75.74112334220,45.37844027680,2017-09-29,9:25:00 PM,02 - Rain,07 - Dark,02 - Wet,02 - Stop sign,01 - Functioning,03 - P.D. only,02 - Angle,0
17-8722,BLACKBURN BYPASS @ NAVAN RD,379617.20065,5033275.10875,-75.54374144160,45.43540535540,2017-09-29,10:07:00 PM,02 - Rain,07 - Dark,02 - Wet,01 - Traffic signal,01 - Functioning,03 - P.D. only,03 - Rear end,0
17-8723,VIA SAN MARINO ST btwn CHARING CROSS WAY & HIGHBURY PARK DR,363812.03230,5015741.27570,-75.74782481830,45.27915052590,2017-09-29,8:00:00 PM,02 - Rain,07 - Dark,02 - Wet,10 - No control,,03 - P.D. only,06 - SMV unattended vehicle,0
17-8724,BLAIR RD @ REGIONAL RD 174 S/OR174 IC112 RAMP15,374907.65752,5032661.69124,-75.60401505630,45.43037421330,2017-09-29,10:20:00 PM,02 - Rain,07 - Dark,02 - Wet,01 - Traffic signal,01 - Functioning,03 - P.D. only,03 - Rear end,0
17-8725,BILL LEATHEM DR @ LEIKIN DR S,366925.29535,5017438.52425,-75.70793394870,45.29415400660,2017-09-29,10:50:00 PM,02 - Rain,07 - Dark,02 - Wet,02 - Stop sign,01 - Functioning,03 - P.D. only,02 - Angle,0
17-8726,MONTREAL RD @ GRANVILLE ST/LAFONTAINE AVE,370827.25985,5033475.68450,-75.65604803320,45.43809530090,2017-09-29,11:17:00 PM,01 - Clear,07 - Dark,02 - Wet,01 - Traffic signal,01 - Functioning,03 - P.D. only,05 - Turning movement,0
17-8727,GEORGE ST btwn DALHOUSIE ST & CUMBERLAND ST,368181.44342,5032326.72425,-75.69001095420,45.42800222290,2017-09-30,2:25:00 AM,01 - Clear,07 - Dark,01 - Dry,10 - No control,,03 - P.D. only,02 - Angle,0
17-8728,RICHARDSON SIDE RD btwn CARP RD & OAK CREEK RD,346320.79830,5017261.99506,-75.97063157220,45.29408517750,2017-09-29,12:00:00 AM,01 - Clear,00 - Unknown,01 - Dry,10 - No control,,03 - P.D. only,06 - SMV unattended vehicle,0
17-8729,CARLING AVE EB btwn BROADVIEW AVE & BOYD AVE,363273.46767,5026678.54160,-75.75339702720,45.37760841730,2017-09-30,8:41:00 AM,01 - Clear,01 - Daylight,01 - Dry,10 - No control,,03 - P.D. only,04 - Sideswipe,0
17-8730,FISHER AVE @ MALIBU TER,366261.67318,5025799.58944,-75.71535580570,45.36944403440,2017-09-30,10:05:00 AM,01 - Clear,01 - Daylight,01 - Dry,02 - Stop sign,01 - Functioning,03 - P.D. only,02 - Angle,0
17-8731,CAMPEAU DR @ TERON RD/COLCHESTER SQ,352563.75522,5020467.18998,-75.89073245500,45.32252962990,2017-09-29,4:36:00 PM,01 - Clear,01 - Daylight,01 - Dry,01 - Traffic signal,01 - Functioning,03 - P.D. only,03 - Rear end,0
17-8732,BANK ST @ SECOND AVE,368305.15895,5029628.56030,-75.68877777660,45.40371382670,2017-09-30,10:54:00 AM,01 - Clear,01 - Daylight,01 - Dry,02 - Stop sign,00 - Unknown,02 - Non-fatal injury,01 - Approaching,0
17-8733,BASELINE RD @ 207 E OF CLYDE AVE,364535.69948,5025000.43304,-75.73748490010,45.36240258250,2017-09-30,11:10:00 AM,01 - Clear,01 - Daylight,01 - Dry,01 - Traffic signal,00 - Unknown,03 - P.D. only,05 - Turning movement,0
17-8734,ISABELLA ST/HWY417 IC119AR75 @ METCALFE ST,368449.29062,5030399.01791,-75.68683734450,45.41063306290,2017-09-29,10:00:00 PM,01 - Clear,07 - Dark,01 - Dry,01 - Traffic signal,01 - Functioning,03 - P.D. only,04 - Sideswipe,0
17-8735,CRESTWAY DR @ PRINCE OF WALES DR,367368.88666,5016576.90900,-75.70238760930,45.28636192520,2017-09-30,12:11:00 PM,01 - Clear,01 - Daylight,01 - Dry,01 - Traffic signal,01 - Functioning,02 - Non-fatal injury,03 - Rear end,0
17-8736,STRANDHERD DR @ 215 W OF GREENBANK RD/BARRHAVE,363743.44675,5014680.27946,-75.74882490860,45.26960941730,2017-09-30,12:21:00 PM,01 - Clear,01 - Daylight,01 - Dry,01 - Traffic signal,01 - Functioning,03 - P.D. only,05 - Turning movement,0
17-8737,BANK ST @ HUNT CLUB RD,371607.78975,5024097.21626,-75.64734257430,45.35363744740,2017-09-30,11:00:00 AM,01 - Clear,01 - Daylight,01 - Dry,01 - Traffic signal,01 - Functioning,03 - P.D. only,03 - Rear end,0
17-8738,WEST HUNT CLUB RD WB btwn WOODROFFE AVE & 354 E OF WOODROFFE AVE/REC P,363920.96422,5021412.60922,-75.74576005300,45.33017182800,2017-09-30,1:14:00 PM,01 - Clear,01 - Daylight,01 - Dry,10 - No control,,03 - P.D. only,07 - SMV other,0
17-8739,PLACE D'ORLEANS DR btwn OR174 IC102 RAMP51 & ST. JOSEPH BLVD (1),381400.79603,5037972.97069,-75.52021637340,45.47747978860,2017-09-30,1:26:00 PM,01 - Clear,01 - Daylight,01 - Dry,10 - No control,,03 - P.D. only,02 - Angle,0
17-8740,ST. JOSEPH BLVD @ JEANNE D'ARC BLVD,379860.26913,5036470.87084,-75.54014754230,45.46413237710,2017-09-30,12:45:00 PM,01 - Clear,01 - Daylight,01 - Dry,11 - Roundabout,00 - Unknown,03 - P.D. only,04 - Sideswipe,0
17-8741,SUSSEX DR/PRINCESS AVE @ RIDEAU GATE,367957.03335,5034164.27190,-75.69264278610,45.44455611690,2017-09-30,1:51:00 PM,01 - Clear,01 - Daylight,01 - Dry,11 - Roundabout,01 - Functioning,03 - P.D. only,04 - Sideswipe,0
17-8742,FALLOWFIELD RD btwn MOODIE DR & HWY416 IC66 RAMP53,359520.78158,5014641.87738,-75.80263861430,45.26960510870,2017-09-30,3:48:00 PM,01 - Clear,01 - Daylight,01 - Dry,10 - No control,,03 - P.D. only,07 - SMV other,0
17-8743,CYRVILLE RD @ INNES RD,375047.72470,5031119.32751,-75.60244514480,45.41648281810,2017-09-30,4:50:00 PM,01 - Clear,01 - Daylight,01 - Dry,01 - Traffic signal,01 - Functioning,03 - P.D. only,03 - Rear end,0
17-8744,EAGLESON RD @ KAKULU RD,353382.56435,5019151.70549,-75.88041746530,45.31063644910,2017-09-30,3:45:00 PM,01 - Clear,01 - Daylight,01 - Dry,01 - Traffic signal,01 - Functioning,03 - P.D. only,03 - Rear end,0
17-8745,GREENBANK RD @ MALVERN DR/FOXFIELD DR,363311.64859,5016194.38587,-75.75414880990,45.28326944260,2017-09-30,5:29:00 PM,01 - Clear,01 - Daylight,01 - Dry,01 - Traffic signal,01 - Functioning,03 - P.D. only,03 - Rear end,0
17-8746,SMYTH RD btwn HAIG DR & SAUNDERSON DR,372600.79047,5029302.91998,-75.63395575910,45.40038098440,2017-09-30,12:41:00 PM,01 - Clear,01 - Daylight,01 - Dry,10 - No control,,03 - P.D. only,06 - SMV unattended vehicle,0
17-8747,DALHOUSIE ST @ RIDEAU ST,368206.70910,5032227.58120,-75.68970086540,45.42710787810,2017-09-30,7:19:00 PM,01 - Clear,05 - Dusk,01 - Dry,01 - Traffic signal,01 - Functioning,03 - P.D. only,06 - SMV unattended vehicle,0
17-8748,BANK ST @ RANDALL AVE,369739.67350,5027282.55775,-75.67076380850,45.38247368590,2017-09-30,7:45:00 PM,01 - Clear,07 - Dark,01 - Dry,01 - Traffic signal,01 - Functioning,03 - P.D. only,03 - Rear end,0
17-8749,GLADSTONE AVE @ KENT ST,367744.15775,5030459.02405,-75.69583733210,45.41123675470,2017-09-30,9:13:00 PM,01 - Clear,07 - Dark,01 - Dry,01 - Traffic signal,01 - Functioning,03 - P.D. only,05 - Turning movement,0
17-8750,FLEMING AVE btwn FIFE CRES & ARCH ST,372842.04914,5028257.40792,-75.63101863200,45.39095051700,2017-09-30,11:16:00 PM,01 - Clear,07 - Dark,01 - Dry,10 - No control,,03 - P.D. only,06 - SMV unattended vehicle,0
17-8751,BOOTH ST @ RAYMOND ST,366861.79180,5029641.56150,-75.70721208350,45.40396026180,2017-09-30,11:34:00 PM,01 - Clear,07 - Dark,01 - Dry,01 - Traffic signal,01 - Functioning,03 - P.D. only,02 - Angle,0
17-8752,LORRY GREENBERG DR btwn BRAMBLEGROVE CRES & BRAMBLEGROVE CRES,373408.70276,5025706.39922,-75.62413708180,45.36794234810,2017-10-01,7:44:00 AM,01 - Clear,03 - Dawn,01 - Dry,10 - No control,,03 - P.D. only,07 - SMV other,0