COLLISION_ID,LOCATION,X,Y,LONGITUDE,LATITUDE,DATE,TIME,ENVIRONMENT,LIGHT,SURFACE_CONDITION,TRAFFIC_CONTROL,TRAFFIC_CONTROL_CONDITION,COLLISION_CLASSIFICATION,IMPACT_TYPE,NO_OF_PEDESTRIANS
17-8753,TERRY FOX DR @ HALKIRK AVE/WINCHESTER DR,352511.94117,5016869.90003,-75.89173963820,45.29016389890,2017-10-01,10:19:00 AM,01 - Clear,01 - Daylight,01 - Dry,01 - Traffic signal,01 - Functioning,02 - Non-fatal injury,05 - Turning movement,0
17-8754,BRONSON AVE @ CATHERINE ST/RAYMOND ST,367253.80140,5029795.47360,-75.70218547870,45.40531025390,2017-09-30,8:20:00 PM,01 - Clear,07 - Dark,01 - Dry,01 - Traffic signal,01 - Functioning,03 - P.D. only,04 - Sideswipe,0
17-8755,TENTH LINE RD @ TENTH LINE RD,383530.54767,5037154.66356,-75.49311050180,45.46988051730,2017-10-01,12:08:00 PM,01 - Clear,01 - Daylight,01 - Dry,01 - Traffic signal,00 - Unknown,03 - P.D. only,05 - Turning movement,0
17-8756,BRONSON AVE @ COMMISSIONER ST/SLATER ST,366768.70540,5030948.80439,-75.70823674060,45.41573071060,2017-10-01,12:36:00 PM,01 - Clear,01 - Daylight,01 - Dry,01 - Traffic signal,00 - Unknown,03 - P.D. only,06 - SMV unattended vehicle,0
17-8757,MOODIE DR btwn ROBERTSON RD & HADLEY CIRC,357087.96358,5020410.12291,-75.83303209210,45.32169372350,2017-10-01,12:50:00 PM,01 - Clear,01 - Daylight,01 - Dry,10 - No control,,02 - Non-fatal injury,02 - Angle,0
17-8758,BRONSON AVE btwn RENFREW AVE & POWELL AVE,367358.35094,5029547.73776,-75.70088147350,45.40307186300,2017-10-01,1:01:00 PM,01 - Clear,01 - Daylight,01 - Dry,10 - No control,,03 - P.D. only,02 - Angle,0
17-8759,DAIRY DR @ SOUTH FRONTAGE,384734.30190,5039695.61500,-75.47730451040,45.49260480120,2017-10-01,1:09:00 PM,01 - Clear,01 - Daylight,01 - Dry,02 - Stop sign,00 - Unknown,03 - P.D. only,05 - Turning movement,0
17-8760,BANKFIELD RD @ PRINCE OF WALES DR,366379.14345,5008975.38640,-75.71594515250,45.21805097010,2017-10-01,1:27:00 PM,01 - Clear,01 - Daylight,01 - Dry,01 - Traffic signal,01 - Functioning,02 - Non-fatal injury,03 - Rear end,0
17-8761,DUNCAIRN AVE btwn CHURCHILL AVE N & TWEEDSMUIR AVE,363673.87103,5027553.19430,-75.74818072040,45.38544487770,2017-09-30,12:00:00 AM,01 - Clear,00 - Unknown,01 - Dry,10 - No control,,03 - P.D. only,06 - SMV unattended vehicle,0
17-8762,BEECH ST @ PRESTON ST,366684.69630,5029269.00915,-75.70952086530,45.40062381480,2017-10-01,3:15:00 PM,01 - Clear,01 - Daylight,01 - Dry,01 - Traffic signal,00 - Unknown,03 - P.D. only,04 - Sideswipe,0
17-8763,LAFONTAINE AVE @ MCARTHUR AVE,370949.16585,5032771.57370,-75.65458462400,45.43174850120,2017-10-01,3:51:00 PM,01 - Clear,01 - Daylight,01 - Dry,01 - Traffic signal,01 - Functioning,02 - Non-fatal injury,02 - Angle,0
17-8764,TRACKER PRIV @ SILVER STAR PRIV,369967.54995,5020992.44650,-75.66868338760,45.32585588850,2017-10-01,4:27:00 PM,01 - Clear,01 - Daylight,01 - Dry,02 - Stop sign,01 - Functioning,03 - P.D. only,02 - Angle,0
17-8765,FORESTBROOK ST @ OLD SECOND LINE RD,348355.51290,5022892.54400,-75.94419608440,45.34462735330,2017-10-01,4:00:00 PM,01 - Clear,01 - Daylight,01 - Dry,02 - Stop sign,01 - Functioning,03 - P.D. only,03 - Rear end,0
17-8766,JEANNE D'ARC BLVD  N btwn MILLWOOD CRT & BILBERRY DR,380303.25120,5038249.53949,-75.53421028780,45.48008767490,2017-10-01,5:21:00 PM,01 - Clear,01 - Daylight,01 - Dry,10 - No control,,02 - Non-fatal injury,99 - Other,0
17-8767,BANK ST btwn ORVILLE KEMP ST & LEITRIM RD,375352.28972,5021629.33317,-75.59990982720,45.33106575230,2017-10-01,6:09:00 PM,01 - Clear,01 - Daylight,01 - Dry,10 - No control,,03 - P.D. only,07 - SMV other,0
17-8768,NICHOLAS ST SB btwn RAMP & LAURIER AVE E,368368.39367,5031808.12713,-75.68768897650,45.42331910220,2017-10-01,3:15:00 PM,01 - Clear,01 - Daylight,01 - Dry,10 - No control,,03 - P.D. only,04 - Sideswipe,0
17-8769,ST. JOSEPH BLVD btwn MARENGER ST & JEANNE D'ARC BLVD S,379844.89551,5036459.55904,-75.54034583530,45.46403225400,2017-10-01,10:46:00 PM,01 - Clear,07 - Dark,01 - Dry,10 - No control,,02 - Non-fatal injury,07 - SMV other,1
17-8770,UPPER DWYER HILL RD btwn MARCH RD & OLD ALMONTE RD,336925.35515,5011121.32899,-76.09081222360,45.23932031040,2017-10-01,11:28:00 PM,01 - Clear,07 - Dark,01 - Dry,10 - No control,,03 - P.D. only,07 - SMV other,0
17-8771,LEITRIM RD N @ RAMSAYVILLE RD,378726.22545,5023872.95825,-75.55653640120,45.35090539460,2017-10-01,11:48:00 PM,01 - Clear,07 - Dark,01 - Dry,02 - Stop sign,00 - Unknown,03 - P.D. only,03 - Rear end,0
17-8772,WALKLEY RD btwn BAYCREST DR & HEATHERINGTON RD,371514.96949,5026641.47721,-75.64818357440,45.37653866070,2017-10-02,2:26:00 AM,01 - Clear,07 - Dark,01 - Dry,10 - No control,,03 - P.D. only,07 - SMV other,0
17-8773,COLDREY AVE @ KIRKWOOD AVE,364439.20500,5027135.52070,-75.73845872980,45.38162197960,2017-10-02,7:08:00 AM,01 - Clear,01 - Daylight,01 - Dry,01 - Traffic signal,01 - Functioning,03 - P.D. only,05 - Turning movement,0
17-8774,MONTREAL RD @ GRANVILLE ST/LAFONTAINE AVE,370826.71340,5033474.35491,-75.65605519610,45.43808338940,2017-10-02,7:31:00 AM,01 - Clear,01 - Daylight,01 - Dry,01 - Traffic signal,01 - Functioning,03 - P.D. only,02 - Angle,0
17-8775,CAMPEAU DR @ HUNTMAR DR,349053.60820,5018056.46440,-75.93572041960,45.30106726970,2017-10-02,7:36:00 AM,01 - Clear,01 - Daylight,01 - Dry,11 - Roundabout,01 - Functioning,03 - P.D. only,02 - Angle,0
17-8776,DUNROBIN RD btwn BUCKHAMS BAY RD & KILMAURS SIDE RD,335002.73583,5039033.02072,-76.11359434940,45.49056723160,2017-10-02,7:45:00 AM,"07 - Fog, mist, smoke, dust",01 - Daylight,02 - Wet,10 - No control,,03 - P.D. only,07 - SMV other,0
17-8777,CYRVILLE RD @ MEADOWBROOK RD,374629.73290,5031241.46320,-75.60776786340,45.41762357040,2017-10-02,8:01:00 AM,01 - Clear,01 - Daylight,01 - Dry,01 - Traffic signal,00 - Unknown,03 - P.D. only,03 - Rear end,0
17-8778,ALBERT ST btwn SCOTT ST & CITY CENTRE AVE (1),365728.57569,5030212.69138,-75.72161604510,45.40919869880,2017-10-02,8:37:00 AM,01 - Clear,01 - Daylight,01 - Dry,10 - No control,,03 - P.D. only,04 - Sideswipe,0
17-8779,STANLEYFIELD CRES btwn BUSH DR & DONWEL DR (1),378412.38369,5012893.65194,-75.56217138370,45.25215166340,2017-10-02,8:49:00 AM,01 - Clear,01 - Daylight,01 - Dry,10 - No control,,03 - P.D. only,06 - SMV unattended vehicle,0
17-8780,MONTREAL RD @ DUCHARME BLVD/CANTIN ST,371017.70384,5033566.57462,-75.65360184320,45.43889507860,2017-10-02,8:56:00 AM,01 - Clear,01 - Daylight,01 - Dry,01 - Traffic signal,01 - Functioning,02 - Non-fatal injury,03 - Rear end,0
17-8781,MERIVALE RD btwn RAVEN AVE & LAROSE AVE,364845.33554,5026920.00712,-75.73329946910,45.37964813530,2017-10-02,9:45:00 AM,01 - Clear,01 - Daylight,01 - Dry,10 - No control,,03 - P.D. only,04 - Sideswipe,0
17-8782,HUNT CLUB RD @ PAUL ANKA DR,369776.86220,5022898.56915,-75.67086540760,45.34302438900,2017-10-02,9:54:00 AM,01 - Clear,01 - Daylight,01 - Dry,01 - Traffic signal,01 - Functioning,02 - Non-fatal injury,05 - Turning movement,0
17-8783,DES PERES BLANCS AVE btwn JOLLIET AVE & LAVERGNE ST,370285.68971,5033904.00572,-75.66291257850,45.44200008340,2017-10-02,10:33:00 AM,01 - Clear,01 - Daylight,01 - Dry,10 - No control,,03 - P.D. only,06 - SMV unattended vehicle,0
17-8784,BASELINE RD @ 207 E OF CLYDE AVE,364535.48053,5025000.97554,-75.73748762970,45.36240748250,2017-10-02,10:35:00 AM,01 - Clear,01 - Daylight,01 - Dry,01 - Traffic signal,01 - Functioning,02 - Non-fatal injury,07 - SMV other,1
17-8785,KING EDWARD AVE @ RIDEAU ST,368513.34654,5032413.58920,-75.68575855960,45.42875364630,2017-10-02,7:50:00 AM,01 - Clear,01 - Daylight,01 - Dry,01 - Traffic signal,01 - Functioning,02 - Non-fatal injury,03 - Rear end,0
17-8786,EAGLESON RD @ HWY 417 EAGLESO IC138R51/PARK AN,353036.76080,5020014.03079,-75.88474334720,45.31841966970,2017-10-02,10:59:00 AM,01 - Clear,01 - Daylight,01 - Dry,01 - Traffic signal,00 - Unknown,03 - P.D. only,03 - Rear end,0
17-8787,HUNT CLUB RD @ RIVERSIDE DR,368037.79590,5021944.40560,-75.69317639630,45.33459794810,2017-10-02,11:24:00 AM,01 - Clear,01 - Daylight,01 - Dry,01 - Traffic signal,01 - Functioning,03 - P.D. only,03 - Rear end,0
17-8788,PALLADIUM DR btwn HUNTMAR DR & HWY417 IC142 RAMP25,349589.30682,5017255.26226,-75.92896241210,45.29382385630,2017-10-02,11:41:00 AM,01 - Clear,01 - Daylight,01 - Dry,10 - No control,,02 - Non-fatal injury,02 - Angle,0
17-8789,BELL ST    N btwn GLADSTONE AVE & LOUISA ST,366984.25097,5029885.24376,-75.70561718840,45.40614197890,2017-09-06,12:00:00 AM,01 - Clear,00 - Unknown,01 - Dry,10 - No control,,03 - P.D. only,06 - SMV unattended vehicle,0
17-8790,NICHOLAS ST SB btwn LAURIER AVE E & Continuation of NICHOLAS ST,368440.85593,5031728.44741,-75.68677340310,45.42259558370,2017-10-02,12:01:00 PM,01 - Clear,01 - Daylight,01 - Dry,10 - No control,,03 - P.D. only,04 - Sideswipe,0
17-8791,HALL RD btwn LEITRIM RD & END,383945.14994,5027133.91972,-75.48941903080,45.37967552260,2017-10-02,12:08:00 PM,01 - Clear,01 - Daylight,01 - Dry,10 - No control,,03 - P.D. only,07 - SMV other,0
17-8792,ST. JOSEPH BLVD @ DUFORD DR/PLACE D'ORLEANS DR,381996.18905,5037994.94886,-75.51259851370,45.47761195760,2017-10-02,12:10:00 PM,01 - Clear,01 - Daylight,01 - Dry,01 - Traffic signal,01 - Functioning,03 - P.D. only,05 - Turning movement,0
17-8793,LATOUR CRES btwn GARDENWAY DR & GARDENWAY DR,383921.51471,5036778.15172,-75.48817180070,45.46644882810,2017-08-12,12:00:00 AM,01 - Clear,00 - Unknown,01 - Dry,10 - No control,,03 - P.D. only,06 - SMV unattended vehicle,0
17-8794,VANIER PKWY/CRICHTON ST @ BEECHWOOD AVE/ST. PA,369127.08425,5033493.33879,-75.67777487120,45.43841263640,2017-10-02,2:09:00 PM,01 - Clear,01 - Daylight,01 - Dry,01 - Traffic signal,01 - Functioning,02 - Non-fatal injury,07 - SMV other,1
17-8795,RIDEAU ST btwn WURTEMBURG ST & RIDEAU PL,369438.45516,5032967.78478,-75.67386436830,45.43365519530,2017-10-02,2:07:00 PM,01 - Clear,01 - Daylight,01 - Dry,10 - No control,,03 - P.D. only,07 - SMV other,0
17-8796,BANK ST @ HUNT CLUB RD,371609.28295,5024095.95975,-75.64732368880,45.35362599960,2017-09-29,1:00:00 PM,01 - Clear,01 - Daylight,01 - Dry,01 - Traffic signal,01 - Functioning,03 - P.D. only,04 - Sideswipe,0
17-8797,TENTH LINE RD @ CHARLEMAGNE BLVD N/TOMPKINS AV,383183.92990,5037976.24256,-75.49741165990,45.47731133020,2017-10-02,2:39:00 PM,01 - Clear,01 - Daylight,01 - Dry,01 - Traffic signal,01 - Functioning,03 - P.D. only,05 - Turning movement,0
17-8798,BANK ST btwn RIVERSIDE DR & BILLINGS TRANSIT,369372.71044,5027820.15802,-75.67537886460,45.38734476400,2017-10-02,3:06:00 PM,01 - Clear,01 - Daylight,01 - Dry,10 - No control,,02 - Non-fatal injury,04 - Sideswipe,0
17-8799,BANK ST @ RANDALL AVE,369740.19857,5027282.78049,-75.67075707480,45.38247564100,2017-10-02,3:25:00 PM,01 - Clear,01 - Daylight,01 - Dry,01 - Traffic signal,01 - Functioning,02 - Non-fatal injury,05 - Turning movement,0
17-8800,PRINCE OF WALES DR @ FALAISE RD/KOCHAR DR N,367461.25285,5024904.51420,-75.70015648920,45.36128412880,2017-10-02,4:19:00 PM,01 - Clear,01 - Daylight,01 - Dry,01 - Traffic signal,01 - Functioning,03 - P.D. only,03 - Rear end,0
17-8801,MONTREAL RD @ SINCLAIR ST,375967.42489,5034755.48053,-75.59017004940,45.44910582430,2017-10-02,4:25:00 PM,01 - Clear,01 - Daylight,01 - Dry,01 - Traffic signal,01 - Functioning,03 - P.D. only,03 - Rear end,0
17-8802,ST. JOSEPH BLVD @ JEANNE D'ARC BLVD,379861.28895,5036471.58090,-75.54013439340,45.46413865640,2017-10-02,3:20:00 PM,01 - Clear,01 - Daylight,01 - Dry,11 - Roundabout,01 - Functioning,03 - P.D. only,04 - Sideswipe,0
17-8803,SALTER CRES @ TERON RD,352520.24046,5020552.82702,-75.89127923830,45.32330316880,2017-10-02,4:47:00 PM,01 - Clear,01 - Daylight,01 - Dry,02 - Stop sign,01 - Functioning,03 - P.D. only,02 - Angle,0
17-8804,FALLOWFIELD RD btwn MOODIE DR & HWY416 IC66 RAMP53,359545.37175,5014648.43476,-75.80232453730,45.26966219930,2017-10-02,5:01:00 PM,01 - Clear,01 - Daylight,01 - Dry,10 - No control,,03 - P.D. only,03 - Rear end,0
17-8805,BEECHWOOD AVE @ CHARLEVOIX ST/MACKAY ST,369185.99073,5033592.20379,-75.67700907860,45.43929676220,2017-10-02,5:04:00 PM,01 - Clear,01 - Daylight,01 - Dry,01 - Traffic signal,00 - Unknown,03 - P.D. only,04 - Sideswipe,0
17-8806,AVIATION PKWY @ MONTREAL RD,372146.89137,5034108.63738,-75.63909595670,45.44366443790,2017-10-02,6:48:00 PM,01 - Clear,07 - Dark,01 - Dry,01 - Traffic signal,01 - Functioning,03 - P.D. only,03 - Rear end,0
17-8807,BANK ST @ LAURIER AVE,367482.37254,5031266.25720,-75.69907885140,45.41852348370,2017-10-02,7:06:00 PM,01 - Clear,07 - Dark,01 - Dry,01 - Traffic signal,01 - Functioning,02 - Non-fatal injury,05 - Turning movement,0
17-8808,BRONSON AVE @ CARLING AVE/GLEBE AVE,367446.61410,5029336.65490,-75.69978092660,45.40116470690,2017-10-02,7:43:00 PM,01 - Clear,07 - Dark,01 - Dry,01 - Traffic signal,01 - Functioning,03 - P.D. only,04 - Sideswipe,0
17-8809,MARCH RD @ SECOND LINE RD,346103.25646,5025327.52490,-75.97273201710,45.36667423490,2017-10-02,10:50:00 PM,01 - Clear,07 - Dark,01 - Dry,01 - Traffic signal,01 - Functioning,03 - P.D. only,03 - Rear end,0
17-8810,BARNSDALE RD btwn MOODIE DR & TRAIL RD,362383.17554,5009075.17166,-75.76680784570,45.21928678580,2017-10-02,11:15:00 PM,01 - Clear,07 - Dark,01 - Dry,10 - No control,,03 - P.D. only,03 - Rear end,0
17-8811,ALTA VISTA DR @ CUNNINGHAM AVE,370345.36724,5028018.33141,-75.66293262460,45.38903751250,2017-10-02,11:38:00 PM,01 - Clear,07 - Dark,01 - Dry,02 - Stop sign,01 - Functioning,03 - P.D. only,03 - Rear end,0
17-8812,BASELINE RD @ GREENBANK RD,360597.21093,5022584.73689,-75.78802753110,45.34099076210,2017-10-03,7:41:00 AM,01 - Clear,01 - Daylight,01 - Dry,01 - Traffic signal,01 - Functioning,03 - P.D. only,03 - Rear end,0
17-8813,CARLING AVE @ FAIRLAWN AVE/WOODROFFE AVE E,361934.68410,5025830.52790,-75.77058762240,45.37008852270,2017-10-03,7:44:00 AM,01 - Clear,01 - Daylight,01 - Dry,01 - Traffic signal,01 - Functioning,02 - Non-fatal injury,03 - Rear end,0
17-8814,INNES RD btwn BLAIR RD & ANDERSON RD,375667.96487,5031494.42987,-75.59446738210,45.41979523510,2017-10-03,7:47:00 AM,01 - Clear,01 - Daylight,01 - Dry,10 - No control,,03 - P.D. only,03 - Rear end,0
17-8815,HERON RD @ BAYCREST DR,371143.72930,5026979.54450,-75.65287762330,45.37961571880,2017-10-03,8:25:00 AM,01 - Clear,01 - Daylight,01 - Dry,01 - Traffic signal,01 - Functioning,02 - Non-fatal injury,05 - Turning movement,0
17-8816,PRESTON ST @ PRINCE OF WALES DR/QUEEN ELIZABET,366900.71150,5028776.78469,-75.70682384900,45.39617578250,2017-10-02,12:45:00 PM,01 - Clear,01 - Daylight,01 - Dry,01 - Traffic signal,00 - Unknown,03 - P.D. only,03 - Rear end,0
17-8817,CARP RD @ LLOYDALEX CRES,347914.98402,5015244.00907,-75.95048280770,45.27583060280,2017-10-03,7:55:00 AM,01 - Clear,01 - Daylight,01 - Dry,02 - Stop sign,01 - Functioning,03 - P.D. only,03 - Rear end,0
17-8818,LICHEN AVE btwn CHAREST WAY & MARCHANT DR,385457.28641,5036665.08010,-75.46855364730,45.46525587190,2017-10-03,12:00:00 AM,01 - Clear,00 - Unknown,01 - Dry,10 - No control,,03 - P.D. only,06 - SMV unattended vehicle,0
17-8819,KING EDWARD AVE @ ST. PATRICK ST,368248.15485,5032824.13525,-75.68909440600,45.43247170090,2017-10-03,11:59:00 AM,01 - Clear,01 - Daylight,01 - Dry,01 - Traffic signal,01 - Functioning,03 - P.D. only,03 - Rear end,0
17-8820,ALBION RD @ MITCH OWENS RD,375906.75410,5014803.90265,-75.59381586340,45.26959714470,2017-10-03,12:07:00 PM,01 - Clear,01 - Daylight,01 - Dry,01 - Traffic signal,01 - Functioning,03 - P.D. only,03 - Rear end,0
17-8821,BASELINE RD @ ZENA ST,365628.78588,5025688.70270,-75.72344840050,45.36850151250,2017-10-03,9:10:00 AM,01 - Clear,01 - Daylight,01 - Dry,02 - Stop sign,00 - Unknown,03 - P.D. only,03 - Rear end,0
17-8822,UPLANDS DR @ AIRPORT PKWY RAMP 35,371123.18895,5021374.57620,-75.65389176980,45.32918594240,2017-10-03,12:21:00 PM,01 - Clear,01 - Daylight,01 - Dry,01 - Traffic signal,01 - Functioning,03 - P.D. only,04 - Sideswipe,0
17-8823,BASELINE RD @ FISHER AVE,366166.69360,5026026.89336,-75.71654000120,45.37149759260,2017-10-03,1:32:00 PM,01 - Clear,01 - Daylight,01 - Dry,01 - Traffic signal,01 - Functioning,03 - P.D. only,03 - Rear end,0
17-8824,ROONEY'S LANE btwn KILBORN AVE & END,369714.71344,5027527.34312,-75.67105030910,45.38467849810,2017-10-03,1:38:00 PM,01 - Clear,01 - Daylight,01 - Dry,10 - No control,,03 - P.D. only,07 - SMV other,0
17-8825,DONALD ST @ ST. LAURENT BLVD,372094.71624,5032471.91600,-75.63998658410,45.42894302850,2017-10-03,2:10:00 PM,01 - Clear,01 - Daylight,01 - Dry,01 - Traffic signal,01 - Functioning,02 - Non-fatal injury,05 - Turning movement,0
17-8826,ALTA VISTA DR @ CUNNINGHAM AVE,370344.56750,5028017.11032,-75.66294299850,45.38902660030,2017-10-03,2:11:00 PM,01 - Clear,01 - Daylight,01 - Dry,02 - Stop sign,01 - Functioning,02 - Non-fatal injury,02 - Angle,0
17-8827,CASTLEFRANK RD btwn HAZELDEAN RD & TO BE DETERMINED,352763.12400,5017556.55042,-75.88847119040,45.29632545210,2017-10-03,2:26:00 PM,01 - Clear,01 - Daylight,01 - Dry,10 - No control,,02 - Non-fatal injury,04 - Sideswipe,0
17-8828,BLAIR RD @ INNES RD,375579.28135,5031437.91576,-75.59560853330,45.41929573030,2017-10-03,2:34:00 PM,01 - Clear,01 - Daylight,01 - Dry,01 - Traffic signal,01 - Functioning,03 - P.D. only,03 - Rear end,0
17-8829,TERRY FOX DR @ 135 S OF HAZELDEAN RD/SOBEY'S S,352292.21299,5017139.57598,-75.89451488700,45.29260539750,2017-10-03,2:36:00 PM,01 - Clear,01 - Daylight,01 - Dry,01 - Traffic signal,01 - Functioning,03 - P.D. only,02 - Angle,0
17-8830,WEST HUNT CLUB RD @ WOODROFFE AVE,363670.69100,5021245.77894,-75.74897249460,45.32869173940,2017-10-03,2:37:00 PM,01 - Clear,01 - Daylight,01 - Dry,01 - Traffic signal,01 - Functioning,02 - Non-fatal injury,03 - Rear end,0
17-8831,EARLSCOURT CRES @ GOUGH RD W,373297.72830,5010632.39630,-75.62763615550,45.23232178500,2017-10-03,3:03:00 PM,01 - Clear,01 - Daylight,01 - Dry,10 - No control,00 - Unknown,03 - P.D. only,05 - Turning movement,0
17-8832,BOREALIS CRES btwn SOLACE CRT & DEN HAAG DR,372474.95046,5033671.71024,-75.63496289710,45.43970150300,2017-10-03,3:32:00 PM,01 - Clear,01 - Daylight,01 - Dry,10 - No control,,03 - P.D. only,06 - SMV unattended vehicle,0
17-8833,BLACKBURN BYPASS EB btwn NAVAN RD & INNES RD E,379783.00473,5033683.20424,-75.54156039160,45.43905934140,2017-10-03,3:54:00 PM,01 - Clear,01 - Daylight,01 - Dry,10 - No control,,03 - P.D. only,02 - Angle,0
17-8834,HAZELDEAN RD btwn JINKINSON RD/HAZELDEAN IC RAMP 62 & KITTIWAKE DR,348446.44203,5013825.99028,-75.94383411940,45.26303794780,2017-10-03,4:27:00 PM,01 - Clear,01 - Daylight,01 - Dry,10 - No control,,03 - P.D. only,03 - Rear end,0
17-8835,BANK ST @ THIRD AVE,368337.30496,5029552.72333,-75.68837695260,45.40302855240,2017-10-03,5:12:00 PM,01 - Clear,01 - Daylight,01 - Dry,01 - Traffic signal,01 - Functioning,03 - P.D. only,03 - Rear end,0
17-8836,FLOWER AVE @ WOODROFFE AVE,361812.22655,5026114.98465,-75.77211802220,45.37265801230,2017-10-03,4:05:00 PM,01 - Clear,01 - Daylight,01 - Dry,02 - Stop sign,01 - Functioning,02 - Non-fatal injury,05 - Turning movement,0
17-8837,FALLOWFIELD RD @ WOODROFFE AVE,365084.60355,5017902.64355,-75.73134326240,45.29849045600,2017-10-03,5:42:00 PM,01 - Clear,01 - Daylight,01 - Dry,01 - Traffic signal,01 - Functioning,03 - P.D. only,03 - Rear end,0
17-8838,EAGLESON RD btwn FALLOWFIELD RD & AKINS RD,355963.86851,5012589.36563,-75.84817621800,45.25140390040,2017-10-03,5:47:00 PM,01 - Clear,01 - Daylight,01 - Dry,10 - No control,,02 - Non-fatal injury,07 - SMV other,0
17-8839,ELGIN ST @ WELLINGTON ST W,367665.25025,5031876.48450,-75.69666450410,45.42399770200,2017-10-03,7:00:00 PM,01 - Clear,05 - Dusk,01 - Dry,01 - Traffic signal,01 - Functioning,03 - P.D. only,05 - Turning movement,0
17-8840,CARLING AVE @ KIRKWOOD AVE N,364276.19273,5027492.62676,-75.74049704710,45.38484901740,2017-10-03,7:34:00 PM,01 - Clear,07 - Dark,01 - Dry,01 - Traffic signal,01 - Functioning,02 - Non-fatal injury,05 - Turning movement,0
17-8841,MAITLAND AVE/HWY 417 MAITLAND IC126R53 @ HWY 4,363229.90059,5025774.57100,-75.75406019770,45.36947824090,2017-10-03,7:44:00 PM,01 - Clear,07 - Dark,01 - Dry,01 - Traffic signal,01 - Functioning,02 - Non-fatal injury,05 - Turning movement,0
17-8842,CARLING AVE btwn RIFLE RD & DAVIDSON'S SIDE RD,353976.43025,5023368.59906,-75.87242533210,45.34853941680,2017-10-03,9:13:00 PM,01 - Clear,07 - Dark,01 - Dry,10 - No control,,03 - P.D. only,07 - SMV other,0
17-8843,CAVAN ST btwn CHATELAIN AVE & LEPAGE AVE,364593.96766,5026558.31662,-75.73655261910,45.37641520500,2017-10-04,1:14:00 AM,01 - Clear,07 - Dark,01 - Dry,10 - No control,,03 - P.D. only,06 - SMV unattended vehicle,0
17-8844,RUSSELL RD btwn MILTON RD & SAND RD,390665.29978,5025725.76759,-75.40387139550,45.36621503600,2017-10-04,6:29:00 AM,01 - Clear,07 - Dark,01 - Dry,10 - No control,,03 - P.D. only,07 - SMV other,0
17-8845,RUSSELL RD btwn MILTON RD & SAND RD,390824.95131,5025794.50673,-75.40182174430,45.36681390570,2017-10-04,6:38:00 AM,01 - Clear,03 - Dawn,01 - Dry,10 - No control,,03 - P.D. only,07 - SMV other,0
17-8846,BANK ST @ MCLEOD ST,367949.82766,5030488.05202,-75.69320627510,45.41147941000,2017-10-04,8:30:00 AM,01 - Clear,01 - Daylight,01 - Dry,02 - Stop sign,01 - Functioning,02 - Non-fatal injury,07 - SMV other,1
17-8847,RICHMOND RD @ WEST HUNT CLUB RD,357146.74020,5018151.36940,-75.83252103060,45.30136480480,2017-10-04,9:09:00 AM,01 - Clear,01 - Daylight,01 - Dry,01 - Traffic signal,00 - Unknown,03 - P.D. only,03 - Rear end,0
17-8848,CARLING AVE @ BAYSHORE DR/BIRCHDALE AVE,359005.24968,5023990.93984,-75.80818532830,45.35376861540,2017-10-04,7:10:00 AM,01 - Clear,01 - Daylight,01 - Dry,01 - Traffic signal,01 - Functioning,03 - P.D. only,03 - Rear end,0
17-8849,TRIM RD @ DAIRY DR/TAYLOR CREEK DR,384536.52906,5039594.12129,-75.47985093840,45.49171428530,2017-10-04,11:35:00 AM,01 - Clear,01 - Daylight,01 - Dry,11 - Roundabout,01 - Functioning,03 - P.D. only,07 - SMV other,0
17-8850,BASELINE RD @ NAVAHO DR,363086.23715,5024097.50630,-75.75609190170,45.35440015380,2017-10-04,11:39:00 AM,01 - Clear,01 - Daylight,01 - Dry,01 - Traffic signal,01 - Functioning,03 - P.D. only,03 - Rear end,0
17-8851,BASELINE RD @ CENTREPOINTE DR W/COBDEN RD,361633.36962,5023208.28359,-75.77473555960,45.34651823380,2017-10-04,12:04:00 PM,01 - Clear,01 - Daylight,01 - Dry,01 - Traffic signal,01 - Functioning,03 - P.D. only,03 - Rear end,0
17-8852,MONTREAL RD @ DUCHARME BLVD/CANTIN ST,371018.31263,5033565.73301,-75.65359417560,45.43888744860,2017-10-04,12:10:00 PM,01 - Clear,01 - Daylight,01 - Dry,01 - Traffic signal,01 - Functioning,03 - P.D. only,02 - Angle,0
17-8853,BLAIR RD @ REGIONAL RD 174 N/OR174 IC112 RAMP61,374636.31072,5032991.09769,-75.60743575960,45.43336517960,2017-10-04,12:26:00 PM,01 - Clear,01 - Daylight,01 - Dry,01 - Traffic signal,01 - Functioning,03 - P.D. only,03 - Rear end,0
17-8854,ALBION RD @ MITCH OWENS RD,375906.75410,5014804.44910,-75.59381578510,45.26960206100,2017-10-04,12:10:00 PM,02 - Rain,01 - Daylight,02 - Wet,01 - Traffic signal,01 - Functioning,02 - Non-fatal injury,03 - Rear end,0
17-8855,BANK ST @ LEITRIM RD,375356.75086,5021619.49710,-75.59985432130,45.33097680260,2017-10-04,12:25:00 PM,02 - Rain,01 - Daylight,02 - Wet,01 - Traffic signal,01 - Functioning,03 - P.D. only,03 - Rear end,0
17-8856,DAIRY DR btwn SOUTH FRONTAGE & Continuation of DAIRY DR,384922.49330,5039819.50745,-75.47487691490,45.49369788170,2017-10-04,12:05:00 PM,01 - Clear,01 - Daylight,01 - Dry,10 - No control,,03 - P.D. only,01 - Approaching,0