COLLISION_ID,LOCATION,X,Y,LONGITUDE,LATITUDE,DATE,TIME,ENVIRONMENT,LIGHT,SURFACE_CONDITION,TRAFFIC_CONTROL,TRAFFIC_CONTROL_CONDITION,COLLISION_CLASSIFICATION,IMPACT_TYPE,NO_OF_PEDESTRIANS
17-8857,PENNARD WAY btwn BINBURY WAY & INVERKIP AVE (2),372634.84220,5025647.62805,-75.63402316230,45.36748887300,2017-10-04,9:10:00 AM,01 - Clear,01 - Daylight,01 - Dry,10 - No control,,03 - P.D. only,06 - SMV unattended vehicle,0
17-8858,ALDERGROVE WAY @ OLD PRESCOTT RD,377677.75366,5014172.77579,-75.57134179870,45.26373721570,2017-10-04,1:00:00 PM,01 - Clear,01 - Daylight,01 - Dry,02 - Stop sign,01 - Functioning,03 - P.D. only,02 - Angle,0
17-8859,CYRVILLE RD btwn MAXIME ST & INNES RD,374901.67377,5031165.84154,-75.60430439000,45.41691597380,2017-10-04,1:08:00 PM,01 - Clear,01 - Daylight,01 - Dry,10 - No control,,03 - P.D. only,02 - Angle,0
17-8860,INNES RD btwn BANTREE ST & STAR TOP RD,374060.84055,5030612.46214,-75.61512426540,45.41202068160,2017-10-04,1:14:00 PM,01 - Clear,01 - Daylight,01 - Dry,10 - No control,,02 - Non-fatal injury,03 - Rear end,0
17-8861,BLAIR RD @ OGILVIE RD,374506.72036,5033198.57500,-75.60906245060,45.43524487580,2017-10-04,1:16:00 PM,01 - Clear,01 - Daylight,01 - Dry,01 - Traffic signal,01 - Functioning,03 - P.D. only,99 - Other,0
17-8862,KING EDWARD AVE @ WILBROD ST,368675.38694,5032139.35024,-75.68372350040,45.42627136390,2017-10-03,6:00:00 PM,01 - Clear,05 - Dusk,01 - Dry,01 - Traffic signal,00 - Unknown,03 - P.D. only,06 - SMV unattended vehicle,0
17-8863,BASELINE RD @ FERGUSON ST,363440.83051,5024315.17903,-75.75154078940,45.35632918560,2017-10-04,2:24:00 PM,01 - Clear,01 - Daylight,01 - Dry,01 - Traffic signal,01 - Functioning,02 - Non-fatal injury,07 - SMV other,1
17-8864,BASELINE RD @ SANDCASTLE DR,359629.37375,5021987.49290,-75.80044238020,45.33569305960,2017-10-04,2:25:00 PM,01 - Clear,01 - Daylight,01 - Dry,01 - Traffic signal,01 - Functioning,03 - P.D. only,03 - Rear end,0
17-8865,BOOTH ST @ SOMERSET ST,366592.15635,5030253.47780,-75.71057943190,45.40948997130,2017-10-04,2:57:00 PM,01 - Clear,01 - Daylight,01 - Dry,01 - Traffic signal,01 - Functioning,03 - P.D. only,07 - SMV other,0
17-8866,LEES AVE @ ROSEMERE AVE,369183.02531,5030662.21215,-75.67742997660,45.41293407630,2017-10-04,3:22:00 PM,01 - Clear,01 - Daylight,01 - Dry,02 - Stop sign,00 - Unknown,03 - P.D. only,04 - Sideswipe,0
17-8867,DALY AVE @ CHARLOTTE ST,369335.60982,5032722.36352,-75.67521085230,45.43145648960,2017-10-04,2:00:00 PM,01 - Clear,01 - Daylight,01 - Dry,02 - Stop sign,00 - Unknown,03 - P.D. only,06 - SMV unattended vehicle,0
17-8868,OLD INNES RD @ BANTREE ST,373728.67402,5030351.91059,-75.61940395040,45.40970916200,2017-10-04,4:00:00 PM,01 - Clear,01 - Daylight,01 - Dry,02 - Stop sign,01 - Functioning,03 - P.D. only,02 - Angle,0
17-8869,WALKLEY RD btwn MELFORT ST & RUSSELL RD,374556.58157,5028431.72979,-75.60909991070,45.39235030400,2017-10-04,4:13:00 PM,01 - Clear,01 - Daylight,01 - Dry,10 - No control,,02 - Non-fatal injury,05 - Turning movement,0
17-8870,HERON RD @ ALTA VISTA DR,370492.72240,5026902.53710,-75.66119947280,45.37898417710,2017-10-04,4:16:00 PM,01 - Clear,01 - Daylight,01 - Dry,01 - Traffic signal,01 - Functioning,03 - P.D. only,03 - Rear end,0
17-8871,BLAIR PL btwn OGILVIE RD & END,374848.57572,5033254.90484,-75.60468564010,45.43571753750,2017-10-04,4:23:00 PM,01 - Clear,01 - Daylight,01 - Dry,10 - No control,,03 - P.D. only,05 - Turning movement,0
17-8872,DWYER HILL RD @ ROGER STEVENS DR,354309.99651,4989406.80662,-75.87154164740,45.04291512610,2017-10-04,4:46:00 PM,01 - Clear,01 - Daylight,01 - Dry,02 - Stop sign,01 - Functioning,02 - Non-fatal injury,02 - Angle,0
17-8873,ATHLONE AVE @ SCOTT ST,363326.04876,5028732.99745,-75.75248209740,45.39608970750,2017-10-04,4:57:00 PM,02 - Rain,01 - Daylight,02 - Wet,01 - Traffic signal,01 - Functioning,02 - Non-fatal injury,07 - SMV other,1
17-8874,JOLLIET AVE btwn BEECHWOOD AVE & GARNEAU ST,369707.01035,5034115.14238,-75.67028106120,45.44395376990,2017-07-13,1:28:00 AM,02 - Rain,07 - Dark,02 - Wet,10 - No control,,03 - P.D. only,06 - SMV unattended vehicle,0
17-8875,CHARLTON DR btwn LOTUS ST & MATHESON RD,373198.12524,5033132.48571,-75.62579510980,45.43477946380,2017-10-04,5:06:00 PM,02 - Rain,01 - Daylight,02 - Wet,10 - No control,,03 - P.D. only,07 - SMV other,0
17-8876,ALTA VISTA DR @ KILBORN AVE,370365.24973,5027752.72253,-75.66271402220,45.38664579550,2017-10-04,5:12:00 PM,01 - Clear,01 - Daylight,01 - Dry,01 - Traffic signal,00 - Unknown,03 - P.D. only,03 - Rear end,0
17-8877,KANATA AVE @ HWY 417 CASTLEFR IC139R15,351715.39890,5019145.14365,-75.90167857470,45.31069075930,2017-10-04,5:21:00 PM,02 - Rain,01 - Daylight,02 - Wet,01 - Traffic signal,01 - Functioning,03 - P.D. only,03 - Rear end,0
17-8878,WOODROFFE AVE btwn KNOXDALE RD/MEDHURST DR & NORICE ST,363268.05167,5022212.95456,-75.75399436950,45.33742798200,2017-10-04,5:36:00 PM,02 - Rain,01 - Daylight,02 - Wet,10 - No control,,03 - P.D. only,03 - Rear end,0
17-8879,HWY 417 MAITLAND IC126R26/62 @ MAITLAND AVE,363145.82104,5025983.30469,-75.75510884630,45.37136340610,2017-10-04,5:45:00 PM,02 - Rain,01 - Daylight,02 - Wet,01 - Traffic signal,01 - Functioning,03 - P.D. only,05 - Turning movement,0
17-8880,WOODROFFE AVE btwn KNOXDALE RD/MEDHURST DR & MAJESTIC DR,363477.88336,5021687.79149,-75.75137958040,45.33268508580,2017-10-04,7:32:00 PM,01 - Clear,07 - Dark,02 - Wet,10 - No control,,03 - P.D. only,03 - Rear end,0
17-8881,BOUNDARY RD @ HWY 417 BOUNDARY IC96R51,387508.82347,5023593.47706,-75.44451569640,45.34741009990,2017-10-04,12:19:00 AM,02 - Rain,07 - Dark,02 - Wet,02 - Stop sign,01 - Functioning,01 - Fatal injury,02 - Angle,0
17-8882,MONTREAL RD btwn CODY AVE & OLMSTEAD ST,370287.52614,5033188.00722,-75.66298436830,45.43555766470,2017-10-04,8:20:00 PM,01 - Clear,07 - Dark,01 - Dry,10 - No control,,02 - Non-fatal injury,03 - Rear end,0
17-8883,CEDARVIEW RD @ WEST HUNT CLUB RD,359719.22385,5019553.38480,-75.79956605630,45.31378383410,2017-10-04,8:38:00 PM,01 - Clear,07 - Dark,01 - Dry,01 - Traffic signal,01 - Functioning,03 - P.D. only,03 - Rear end,0
17-8884,BAY ST btwn SLATER ST & LAURIER AVE W,367022.87108,5031016.74410,-75.70498104560,45.41631945620,2017-10-04,8:58:00 PM,02 - Rain,07 - Dark,02 - Wet,10 - No control,,03 - P.D. only,06 - SMV unattended vehicle,0
17-8885,ARCH ST @ CANTERBURY AVE,372876.18316,5028056.35251,-75.63061048370,45.38913818940,2017-10-04,9:21:00 PM,01 - Clear,07 - Dark,02 - Wet,02 - Stop sign,01 - Functioning,03 - P.D. only,03 - Rear end,0
17-8886,BANK ST @ CATHERINE ST,368039.70540,5030267.33531,-75.69208644010,45.40948535560,2017-10-04,9:50:00 PM,01 - Clear,07 - Dark,02 - Wet,01 - Traffic signal,01 - Functioning,03 - P.D. only,03 - Rear end,0
17-8887,BOISBRIAND CRES btwn CHAMPNEUF DR & CHAMPNEUF DR,381578.03759,5036068.31237,-75.51824721580,45.46032380470,2017-10-04,10:48:00 PM,01 - Clear,07 - Dark,01 - Dry,10 - No control,,02 - Non-fatal injury,06 - SMV unattended vehicle,0
17-8888,RAMSAYVILLE RD btwn RIDGE RD & RUSSELL RD,377198.86894,5027553.16609,-75.57548701130,45.38417729980,2017-10-05,12:31:00 AM,01 - Clear,07 - Dark,01 - Dry,10 - No control,,03 - P.D. only,03 - Rear end,0
17-8889,REGIONAL ROAD 174 btwn OR174 IC105 RAMP63 & OR174 IC102 RAMP36,379779.71863,5037243.71064,-75.54105955200,45.47109444050,2017-10-05,7:39:00 AM,01 - Clear,01 - Daylight,01 - Dry,10 - No control,,02 - Non-fatal injury,03 - Rear end,0
17-8890,BLACKBURN BYPASS @ NAVAN RD,379617.76485,5033274.51681,-75.54373432140,45.43539996860,2017-10-05,8:01:00 AM,01 - Clear,01 - Daylight,01 - Dry,01 - Traffic signal,00 - Unknown,03 - P.D. only,03 - Rear end,0
17-8891,FLORA ST @ KENT ST,367829.25985,5030323.56740,-75.69476751170,45.41001029840,2017-10-05,6:48:00 AM,01 - Clear,03 - Dawn,01 - Dry,02 - Stop sign,01 - Functioning,03 - P.D. only,02 - Angle,0
17-8892,CARLING AVE @ HOLLAND AVE,365417.24515,5028039.63970,-75.72586010110,45.38967311060,2017-10-05,8:51:00 AM,01 - Clear,01 - Daylight,01 - Dry,01 - Traffic signal,01 - Functioning,03 - P.D. only,04 - Sideswipe,0
17-8893,MARCH RD @ TERRY FOX DR,349864.06215,5023398.41600,-75.92490062920,45.34908400810,2017-10-04,5:45:00 PM,01 - Clear,01 - Daylight,01 - Dry,01 - Traffic signal,01 - Functioning,03 - P.D. only,04 - Sideswipe,0
17-8894,BANK ST @ SOMERSET ST,367694.15645,5030916.65740,-75.69641767850,45.41535889080,2017-10-05,9:54:00 AM,01 - Clear,01 - Daylight,01 - Dry,01 - Traffic signal,01 - Functioning,03 - P.D. only,04 - Sideswipe,0
17-8895,MERIVALE RD btwn WOODFIELD DR & 170 N OF WEST HUNT CLUB RD/COSTCO SC,365514.26148,5022178.28180,-75.72534136500,45.33692522380,2017-09-26,4:20:00 PM,01 - Clear,01 - Daylight,01 - Dry,10 - No control,,03 - P.D. only,03 - Rear end,0
17-8896,BASELINE RD @ GREENBANK RD,360597.68430,5022585.59310,-75.78802139440,45.34099842860,2017-10-05,11:29:00 AM,01 - Clear,01 - Daylight,01 - Dry,01 - Traffic signal,01 - Functioning,03 - P.D. only,03 - Rear end,0
17-8897,RIVERSIDE DR NB btwn RIVERSIDE DR SPLIT & DATA CENTRE RD,368754.27960,5027538.02732,-75.68331223650,45.38486297820,2017-10-05,12:13:00 PM,01 - Clear,01 - Daylight,01 - Dry,10 - No control,,03 - P.D. only,03 - Rear end,0
17-8898,BOBOLINK RDG @ ROBERT GRANT AVE,352491.94930,5014662.71800,-75.89220658460,45.27030442420,2017-10-05,12:40:00 PM,01 - Clear,01 - Daylight,01 - Dry,11 - Roundabout,01 - Functioning,03 - P.D. only,02 - Angle,0
17-8899,CAMBRIDGE ST    N btwn SOMERSET ST W & CHRISTIE ST,366956.62240,5030293.67729,-75.70591860650,45.40981940120,2017-10-05,1:05:00 PM,01 - Clear,01 - Daylight,01 - Dry,10 - No control,,03 - P.D. only,05 - Turning movement,0
17-8900,DONALD ST @ ST. LAURENT BLVD,372093.71290,5032473.29496,-75.63999921620,45.42895553270,2017-10-05,1:12:00 PM,01 - Clear,01 - Daylight,01 - Dry,01 - Traffic signal,00 - Unknown,03 - P.D. only,04 - Sideswipe,0
17-8901,AURIGA DR @ DEAKIN ST,367145.25975,5021590.04065,-75.70460740330,45.33148930180,2017-10-05,1:12:00 PM,01 - Clear,01 - Daylight,01 - Dry,02 - Stop sign,00 - Unknown,03 - P.D. only,04 - Sideswipe,0
17-8902,EAGLESON RD @ PALOMINO DR N,354009.49446,5017577.93043,-75.87257881650,45.29643164710,2017-10-05,1:25:00 PM,01 - Clear,01 - Daylight,01 - Dry,01 - Traffic signal,01 - Functioning,03 - P.D. only,03 - Rear end,0
17-8903,CARDEVCO RD @ CARP RD,345929.65310,5017478.00365,-75.97560034310,45.29605190930,2017-10-05,1:45:00 PM,01 - Clear,01 - Daylight,01 - Dry,02 - Stop sign,00 - Unknown,03 - P.D. only,03 - Rear end,0
17-8904,BANK ST @ KINGSDALE AVE,373269.29015,5023501.06515,-75.62622209760,45.34811324310,2017-10-05,2:12:00 PM,01 - Clear,01 - Daylight,01 - Dry,02 - Stop sign,01 - Functioning,03 - P.D. only,02 - Angle,0
17-8905,ST. LAURENT BLVD @ TREMBLAY RD,372595.71390,5031241.02955,-75.63375406480,45.41781971230,2017-10-05,2:16:00 PM,01 - Clear,01 - Daylight,01 - Dry,01 - Traffic signal,01 - Functioning,03 - P.D. only,03 - Rear end,0
17-8906,BANK ST @ MITCH OWENS RD,377758.29233,5015947.22281,-75.57005493640,45.27969464800,2017-10-05,2:24:00 PM,01 - Clear,01 - Daylight,01 - Dry,01 - Traffic signal,01 - Functioning,02 - Non-fatal injury,05 - Turning movement,0
17-8907,MAJESTIC DR @ WOODROFFE AVE,363528.69674,5021573.49909,-75.75074491390,45.33165244010,2017-10-05,11:55:00 AM,01 - Clear,01 - Daylight,01 - Dry,01 - Traffic signal,01 - Functioning,03 - P.D. only,03 - Rear end,0
17-8908,AVIATION PKWY @ OGILVIE RD,373110.64496,5032376.72674,-75.62701791960,45.42798807560,2017-10-05,3:01:00 PM,01 - Clear,01 - Daylight,01 - Dry,01 - Traffic signal,01 - Functioning,02 - Non-fatal injury,05 - Turning movement,0
17-8909,BRONSON AVE @ FLORA ST,367192.13771,5029939.84513,-75.70295485460,45.40661476610,2017-10-05,3:01:00 PM,01 - Clear,01 - Daylight,01 - Dry,02 - Stop sign,00 - Unknown,03 - P.D. only,04 - Sideswipe,0
17-8910,BATHGATE DR @ DES PIONNIERS PRIV,373477.72310,5033759.86914,-75.62213442360,45.44039692640,2017-10-05,3:21:00 PM,01 - Clear,01 - Daylight,01 - Dry,02 - Stop sign,01 - Functioning,03 - P.D. only,02 - Angle,0
17-8911,AVIATION PKWY @ MONTREAL RD,372146.86472,5034108.68859,-75.63909629090,45.44366490110,2017-10-05,3:20:00 PM,01 - Clear,01 - Daylight,01 - Dry,01 - Traffic signal,01 - Functioning,03 - P.D. only,03 - Rear end,0
17-8912,FISHER AVE btwn 220 S OF TRENT ST & MCCOOEY LANE,365977.48342,5026472.52564,-75.71890019670,45.37552384400,2017-10-05,3:49:00 PM,01 - Clear,01 - Daylight,01 - Dry,10 - No control,,03 - P.D. only,03 - Rear end,0
17-8913,BRONSON AVE @ SUNNYSIDE AVE/UNIVERSITY RD - CA,367921.61720,5028091.00065,-75.69387343830,45.38991400710,2017-10-05,2:25:00 PM,01 - Clear,01 - Daylight,01 - Dry,01 - Traffic signal,01 - Functioning,03 - P.D. only,03 - Rear end,0
17-8914,OGILVIE RD @ MATHESON RD/PALMERSTON DR,373380.19500,5032537.90034,-75.62355114120,45.42941185620,2017-10-05,4:02:00 PM,01 - Clear,01 - Daylight,01 - Dry,01 - Traffic signal,01 - Functioning,03 - P.D. only,03 - Rear end,0
17-8915,BRIDGE ST btwn MANOTICK MAIN ST & DICKINSON CIRC,368727.59252,5009963.09937,-75.68591972530,45.22672920050,2017-10-05,4:08:00 PM,01 - Clear,01 - Daylight,01 - Dry,10 - No control,,03 - P.D. only,02 - Angle,0
17-8916,BASELINE RD @ NAVAHO DR,363087.33004,5024098.05275,-75.75607789100,45.35440498030,2017-10-05,4:24:00 PM,01 - Clear,01 - Daylight,01 - Dry,01 - Traffic signal,01 - Functioning,03 - P.D. only,04 - Sideswipe,0
17-8917,ALPINE AVE @ CARLING AVE,360496.13055,5024941.97245,-75.78905169940,45.36220914430,2017-10-05,4:26:00 PM,01 - Clear,01 - Daylight,01 - Dry,01 - Traffic signal,00 - Unknown,03 - P.D. only,05 - Turning movement,0
17-8918,MAITLAND AVE/GLENMOUNT AVE @ ERINDALE DR,363697.66523,5025211.66529,-75.74815614350,45.36437413490,2017-10-05,5:05:00 PM,01 - Clear,01 - Daylight,01 - Dry,01 - Traffic signal,01 - Functioning,03 - P.D. only,04 - Sideswipe,0
17-8919,MONTREAL RD @ SINCLAIR ST,375969.27845,5034756.04895,-75.59014627310,45.44911075060,2017-10-05,5:10:00 PM,01 - Clear,01 - Daylight,01 - Dry,01 - Traffic signal,01 - Functioning,03 - P.D. only,03 - Rear end,0
17-8920,ALBION RD btwn LESTER RD & LEITRIM RD,372733.08640,5022241.37164,-75.63323710770,45.33683109800,2017-10-05,5:37:00 PM,01 - Clear,01 - Daylight,01 - Dry,10 - No control,,02 - Non-fatal injury,05 - Turning movement,0
17-8921,FALAISE RD @ FISHER AVE,366775.70820,5024560.81104,-75.70894942220,45.35825249740,2017-10-05,4:30:00 PM,01 - Clear,01 - Daylight,01 - Dry,02 - Stop sign,01 - Functioning,03 - P.D. only,02 - Angle,0
17-8922,PRESTON ST @ SOMERSET ST,366306.60570,5030127.56850,-75.71424282420,45.40838222640,2017-10-05,5:53:00 PM,01 - Clear,01 - Daylight,01 - Dry,01 - Traffic signal,01 - Functioning,02 - Non-fatal injury,05 - Turning movement,0
17-8923,BASELINE RD btwn COLLEGE SQUARE SC & WOODROFFE AVE,362615.53519,5023808.21735,-75.76213280320,45.35183612330,2017-10-05,6:11:00 PM,01 - Clear,01 - Daylight,01 - Dry,10 - No control,,02 - Non-fatal injury,03 - Rear end,0
17-8924,RIVERSIDE DR @ SMYTH RD SOUTH SIDE RAMP,369788.93212,5028998.71211,-75.66990886180,45.39791049620,2017-10-05,4:00:00 PM,01 - Clear,01 - Daylight,01 - Dry,01 - Traffic signal,01 - Functioning,03 - P.D. only,03 - Rear end,0
17-8925,DOMALATCHY PL @ WOODROFFE AVE,362404.24135,5024139.51040,-75.76479060530,45.35483446090,2017-10-05,6:46:00 PM,01 - Clear,05 - Dusk,01 - Dry,02 - Stop sign,01 - Functioning,03 - P.D. only,03 - Rear end,0
17-8926,FALLOWFIELD RD @ VIA PARK PL/275 W OF WOODROFFE AVE,364847.23730,5017766.02090,-75.73438606570,45.29728145900,2017-10-05,6:49:00 PM,01 - Clear,05 - Dusk,01 - Dry,01 - Traffic signal,01 - Functioning,02 - Non-fatal injury,03 - Rear end,0
17-8927,WEST HUNT CLUB RD btwn MOODIE DR & HWY416 IC72 RAMP53,358340.10357,5018754.57746,-75.81724024550,45.30670259770,2017-10-05,7:01:00 PM,01 - Clear,07 - Dark,01 - Dry,10 - No control,,03 - P.D. only,03 - Rear end,0
17-8928,OR174 IC112 RAMP15 btwn BLAIR RD & REGIONAL ROAD 174,375043.61196,5032960.45683,-75.60223513390,45.43304869610,2017-10-05,8:07:00 PM,01 - Clear,07 - Dark,01 - Dry,10 - No control,,03 - P.D. only,07 - SMV other,0
17-8929,RICHMOND RD btwn ASSALY RD & REGINA LANE,360758.82563,5025557.44728,-75.78562901720,45.36772623430,2017-10-05,4:30:00 PM,01 - Clear,01 - Daylight,01 - Dry,10 - No control,,02 - Non-fatal injury,07 - SMV other,1
17-8930,MEADOWLANDS DR @ MERIVALE RD,364859.64665,5023726.69383,-75.73350490000,45.35091398240,2017-10-05,10:58:00 PM,01 - Clear,07 - Dark,01 - Dry,01 - Traffic signal,00 - Unknown,03 - P.D. only,05 - Turning movement,0
17-8931,OLD MONTREAL RD btwn GERALD ST & Continuation of OLD MONTREAL RD,384961.91527,5039449.91896,-75.47443297230,45.49036816530,2017-10-06,6:25:00 AM,01 - Clear,03 - Dawn,01 - Dry,10 - No control,,03 - P.D. only,04 - Sideswipe,0
17-8932,ST. JOSEPH BLVD/OLD MONTREAL RD @ TRIM RD,384683.23927,5039286.68447,-75.47802425820,45.48893149380,2017-10-06,7:58:00 AM,01 - Clear,01 - Daylight,01 - Dry,11 - Roundabout,01 - Functioning,03 - P.D. only,04 - Sideswipe,0
17-8933,BASELINE RD @ FISHER AVE,366166.69360,5026029.07915,-75.71653972960,45.37151726000,2017-10-06,9:29:00 AM,01 - Clear,01 - Daylight,01 - Dry,01 - Traffic signal,01 - Functioning,02 - Non-fatal injury,03 - Rear end,0
17-8934,DONALD ST @ ST. LAURENT BLVD,372094.25935,5032472.03845,-75.63999240460,45.42894417470,2017-10-06,9:25:00 AM,01 - Clear,01 - Daylight,01 - Dry,01 - Traffic signal,01 - Functioning,03 - P.D. only,05 - Turning movement,0
17-8935,ROSS AVE @ SCOTT ST,364357.23715,5029362.56460,-75.73923648980,45.40166747580,2017-10-05,6:15:00 PM,01 - Clear,05 - Dusk,01 - Dry,02 - Stop sign,01 - Functioning,03 - P.D. only,05 - Turning movement,0
17-8936,BANK ST @ LISGAR ST,367604.71380,5031064.33221,-75.69754153150,45.41669565560,2017-10-06,10:30:00 AM,01 - Clear,01 - Daylight,01 - Dry,01 - Traffic signal,01 - Functioning,03 - P.D. only,02 - Angle,0
17-8937,O'CONNOR ST btwn SPARKS ST & QUEEN ST,367466.87646,5031632.95039,-75.69923019070,45.42182426030,2017-10-06,10:45:00 AM,01 - Clear,01 - Daylight,01 - Dry,10 - No control,,03 - P.D. only,99 - Other,0
17-8938,ESQUIMAULT AVE btwn OKANAGAN DR & QUALICUM ST,359505.77115,5022474.12782,-75.80196548390,45.34008145910,2017-10-06,11:20:00 AM,01 - Clear,01 - Daylight,01 - Dry,10 - No control,,03 - P.D. only,07 - SMV other,0
17-8939,INDUSTRIAL AVE/INNES RD @ ST. LAURENT BLVD,373100.27385,5030004.47380,-75.62747924950,45.40664469450,2017-10-05,2:15:00 PM,01 - Clear,01 - Daylight,01 - Dry,01 - Traffic signal,01 - Functioning,03 - P.D. only,03 - Rear end,0
17-8940,RIVERSIDE DR @ HERON RD,368120.55845,5026647.76755,-75.69151813740,45.37691023830,2017-10-06,12:07:00 PM,01 - Clear,01 - Daylight,01 - Dry,01 - Traffic signal,01 - Functioning,03 - P.D. only,03 - Rear end,0
17-8941,CARP RD @ HAZELDEAN RD,348803.28140,5014359.78895,-75.93924001240,45.26781903670,2017-10-06,12:27:00 PM,01 - Clear,01 - Daylight,01 - Dry,01 - Traffic signal,01 - Functioning,02 - Non-fatal injury,05 - Turning movement,0
17-8942,PRINCE ALBERT ST btwn NAUGHTON ST & FRANCES ST,371461.20134,5032011.38438,-75.64814420860,45.42486003830,2017-10-05,12:00:00 AM,01 - Clear,00 - Unknown,02 - Wet,10 - No control,,03 - P.D. only,06 - SMV unattended vehicle,0
17-8943,BOOTH ST @ OTTAWA RIVER PKWY/WELLINGTON ST,366263.77910,5031005.97105,-75.71468035310,45.41628961560,2017-10-06,1:09:00 PM,01 - Clear,01 - Daylight,01 - Dry,01 - Traffic signal,01 - Functioning,03 - P.D. only,05 - Turning movement,0
17-8944,INNES RD @ STAR TOP RD/WINDMILL LANE,374148.27225,5030667.65340,-75.61399960810,45.41250860650,2017-10-06,1:17:00 PM,01 - Clear,01 - Daylight,01 - Dry,01 - Traffic signal,01 - Functioning,03 - P.D. only,04 - Sideswipe,0
17-8945,FROBISHER LANE W @ RIVERSIDE DR,370119.67089,5029600.03126,-75.66560520910,45.40329017050,2017-10-06,1:20:00 PM,01 - Clear,01 - Daylight,01 - Dry,01 - Traffic signal,01 - Functioning,03 - P.D. only,07 - SMV other,0
17-8946,HOLLAND AVE @ WELLINGTON ST,364930.24785,5029151.91506,-75.73194339030,45.39972311470,2017-10-06,1:24:00 PM,01 - Clear,01 - Daylight,01 - Dry,01 - Traffic signal,01 - Functioning,03 - P.D. only,03 - Rear end,0
17-8947,CARP RD btwn CARP RD & KITTIWAKE DR,348540.06295,5014615.77126,-75.94257165480,45.27013888040,2017-10-04,10:00:00 AM,01 - Clear,01 - Daylight,01 - Dry,10 - No control,,03 - P.D. only,03 - Rear end,0
17-8948,HUNT CLUB RD btwn RIVERSIDE DR & LINDBERGH PRIV,368213.20573,5022041.67336,-75.69092617950,45.33545731400,2017-10-06,1:25:00 PM,01 - Clear,01 - Daylight,01 - Dry,10 - No control,,02 - Non-fatal injury,04 - Sideswipe,0
17-8949,BLAIR RD @ INNES RD,375580.40714,5031438.88620,-75.59559401190,45.41930434760,2017-10-06,2:06:00 PM,01 - Clear,01 - Daylight,01 - Dry,01 - Traffic signal,01 - Functioning,02 - Non-fatal injury,03 - Rear end,0
17-8950,CAMPEAU DR/HWY 417 MARCH IC138R63 @ MARCH RD,352841.07845,5020475.37380,-75.88719436790,45.32258434510,2017-10-06,2:27:00 PM,01 - Clear,01 - Daylight,01 - Dry,01 - Traffic signal,01 - Functioning,03 - P.D. only,03 - Rear end,0
17-8951,SECOND AVE @ BRONSON AVE,367519.16015,5029162.55530,-75.69887648670,45.39959171340,2017-10-06,2:57:00 PM,01 - Clear,01 - Daylight,01 - Dry,02 - Stop sign,00 - Unknown,03 - P.D. only,04 - Sideswipe,0
17-8952,BELCOURT BLVD @ INNES RD,382123.20972,5035266.63431,-75.51140325230,45.45305085320,2017-10-06,3:00:00 PM,01 - Clear,01 - Daylight,01 - Dry,01 - Traffic signal,00 - Unknown,02 - Non-fatal injury,03 - Rear end,0
17-8953,RICHMOND RD @ SEYTON DR,357398.60146,5019314.32080,-75.82918632320,45.31181037250,2017-10-06,3:09:00 PM,01 - Clear,01 - Daylight,01 - Dry,01 - Traffic signal,00 - Unknown,03 - P.D. only,04 - Sideswipe,0
17-8954,LARCH ST @ PRESTON ST,366437.69210,5029828.92046,-75.71260566870,45.40568354000,2017-10-06,12:00:00 AM,01 - Clear,00 - Unknown,01 - Dry,02 - Stop sign,01 - Functioning,03 - P.D. only,06 - SMV unattended vehicle,0
17-8955,MONTREAL RD btwn SINCLAIR ST & SHEFFORD RD,376002.28173,5034779.82499,-75.58972096060,45.44932131090,2017-10-06,3:37:00 PM,01 - Clear,01 - Daylight,01 - Dry,10 - No control,,03 - P.D. only,02 - Angle,0
17-8956,RIDEAU ST btwn WALLER ST & CUMBERLAND ST,368310.03013,5032291.17619,-75.68837241830,45.42767070950,2017-10-06,3:50:00 PM,01 - Clear,01 - Daylight,01 - Dry,10 - No control,,03 - P.D. only,02 - Angle,0
17-8957,COBOURG ST @ ST. PATRICK ST,368803.55480,5033233.71465,-75.68194353850,45.43610632980,2017-10-06,4:13:00 PM,01 - Clear,01 - Daylight,01 - Dry,01 - Traffic signal,01 - Functioning,03 - P.D. only,03 - Rear end,0
17-8958,ANCASTER AVE @ RICHMOND RD,361485.51560,5026521.36780,-75.77624220180,45.37634111680,2017-10-06,4:31:00 PM,01 - Clear,01 - Daylight,01 - Dry,02 - Stop sign,00 - Unknown,02 - Non-fatal injury,03 - Rear end,0
17-8959,RICHMOND RD btwn WINSTON AVE & CHURCHILL AVE N,363100.34554,5028202.98596,-75.75542725370,45.39133957680,2017-10-06,4:39:00 PM,01 - Clear,01 - Daylight,01 - Dry,10 - No control,,03 - P.D. only,04 - Sideswipe,0
17-8960,SUMMIT AVE btwn TEDDER AVE & PALMER PL,370676.29407,5028276.67358,-75.65867238980,45.39133093350,2017-10-05,2:30:00 PM,01 - Clear,01 - Daylight,01 - Dry,10 - No control,,03 - P.D. only,06 - SMV unattended vehicle,0
17-8961,ST. JOSEPH BLVD @ REGIONAL RD 174/TRANSITWAY,376556.18765,5035056.72797,-75.58260011770,45.45175605760,2017-10-06,5:16:00 PM,01 - Clear,01 - Daylight,01 - Dry,01 - Traffic signal,00 - Unknown,02 - Non-fatal injury,03 - Rear end,0