COLLISION_ID,LOCATION,X,Y,LONGITUDE,LATITUDE,DATE,TIME,ENVIRONMENT,LIGHT,SURFACE_CONDITION,TRAFFIC_CONTROL,TRAFFIC_CONTROL_CONDITION,COLLISION_CLASSIFICATION,IMPACT_TYPE,NO_OF_PEDESTRIANS
17-8962,CAMPEAU DR/HWY 417 MARCH IC138R63 @ MARCH RD,352841.62490,5020477.01315,-75.88718723950,45.32259905930,2017-10-06,5:16:00 PM,01 - Clear,01 - Daylight,01 - Dry,01 - Traffic signal,01 - Functioning,03 - P.D. only,03 - Rear end,0
17-8963,BAYSHORE DR btwn WOODRIDGE CRES N & BAYSHORE CS,359098.55406,5023831.36225,-75.80701210860,45.35232551700,2017-10-06,6:44:00 PM,01 - Clear,07 - Dark,01 - Dry,10 - No control,,03 - P.D. only,03 - Rear end,0
17-8964,MONTREAL RD btwn SHEFFORD RD & OR174 IC109 RAMP56,376142.77192,5034861.85872,-75.58791320840,45.45004507200,2017-10-06,7:12:00 PM,01 - Clear,07 - Dark,01 - Dry,10 - No control,,03 - P.D. only,03 - Rear end,0
17-8965,MAIN ST btwn HAZEL ST & HERRIDGE ST,369185.29363,5030129.83705,-75.67747053500,45.40814374400,2017-10-06,2:00:00 PM,01 - Clear,01 - Daylight,01 - Dry,10 - No control,,03 - P.D. only,06 - SMV unattended vehicle,0
17-8966,CYRVILLE RD @ INNES RD,375047.72470,5031120.65710,-75.60244495530,45.41649478110,2017-10-06,7:34:00 PM,01 - Clear,07 - Dark,01 - Dry,01 - Traffic signal,01 - Functioning,03 - P.D. only,03 - Rear end,0
17-8967,BASELINE RD @ MERIVALE RD,365054.69640,5025324.96845,-75.73082102610,45.36527828320,2017-10-06,7:49:00 PM,01 - Clear,07 - Dark,01 - Dry,01 - Traffic signal,01 - Functioning,02 - Non-fatal injury,03 - Rear end,0
17-8968,RICHMOND RD btwn MOODIE DR & BLACK FOREST LANE,357412.77518,5019699.30677,-75.82896468990,45.31527345780,2017-10-06,8:11:00 PM,01 - Clear,07 - Dark,01 - Dry,10 - No control,,03 - P.D. only,07 - SMV other,0
17-8969,ST. LAURENT BLVD btwn HWY417 IC115 RAMP51 & HWY417 IC115 RAMP25,372558.55543,5031333.92573,-75.63421602110,45.41865914780,2017-10-06,8:57:00 PM,01 - Clear,07 - Dark,01 - Dry,10 - No control,,03 - P.D. only,04 - Sideswipe,0
17-8970,LAURIER AVE @ NICHOLAS ST,368371.99766,5031799.36280,-75.68764405840,45.42323991660,2017-10-07,1:45:00 AM,01 - Clear,07 - Dark,01 - Dry,01 - Traffic signal,01 - Functioning,03 - P.D. only,05 - Turning movement,0
17-8971,MAITLAND AVE/HWY 417 MAITLAND IC126R53 @ HWY 4,363229.14345,5025774.51820,-75.75406986850,45.36947782900,2017-10-07,1:56:00 AM,01 - Clear,07 - Dark,01 - Dry,01 - Traffic signal,01 - Functioning,03 - P.D. only,05 - Turning movement,0
17-8972,SPEEDWAY RD btwn SPRUCE RIDGE RD & END,345594.88045,5011269.76329,-75.98037845610,45.24020700410,2017-10-07,1:59:00 AM,"07 - Fog, mist, smoke, dust",07 - Dark,01 - Dry,10 - No control,,03 - P.D. only,07 - SMV other,0
17-8973,INNES RD btwn FRANK KENNY RD & O'TOOLE RD,388137.12293,5037842.26077,-75.43409010140,45.47553230810,2017-10-07,4:22:00 AM,"07 - Fog, mist, smoke, dust",07 - Dark,02 - Wet,10 - No control,,03 - P.D. only,07 - SMV other,0
17-8974,HAWTHORNE RD @ HUNT CLUB RD,375508.35780,5026407.28294,-75.59723572570,45.37403988850,2017-10-07,8:53:00 AM,01 - Clear,01 - Daylight,01 - Dry,01 - Traffic signal,01 - Functioning,02 - Non-fatal injury,03 - Rear end,0
17-8975,BORRISOKANE RD btwn CAMBRIAN RD & STRANDHERD DR,362556.53419,5012615.60065,-75.76418966850,45.25112976860,2017-10-07,10:28:00 AM,02 - Rain,01 - Daylight,02 - Wet,10 - No control,,03 - P.D. only,07 - SMV other,0
17-8976,HINES RD @ SOLANDT RD,350330.50046,5022568.51505,-75.91902472740,45.34158625420,2017-10-07,10:51:00 AM,02 - Rain,01 - Daylight,02 - Wet,10 - No control,00 - Unknown,03 - P.D. only,07 - SMV other,0
17-8977,CYRVILLE RD @ STAR TOP RD,373829.47797,5031517.31709,-75.61795305040,45.42018497400,2017-10-07,11:25:00 AM,02 - Rain,01 - Daylight,02 - Wet,01 - Traffic signal,00 - Unknown,03 - P.D. only,05 - Turning movement,0
17-8978,MERIVALE RD @ CAPILANO DR/WITHROW AVE,364642.42900,5024227.22245,-75.73621625230,45.35543624190,2017-10-07,11:53:00 AM,02 - Rain,01 - Daylight,02 - Wet,01 - Traffic signal,01 - Functioning,03 - P.D. only,03 - Rear end,0
17-8979,INNES RD @ TENTH LINE RD,383951.21385,5036159.56080,-75.48789166070,45.46087994770,2017-10-07,1:19:00 PM,02 - Rain,01 - Daylight,02 - Wet,01 - Traffic signal,01 - Functioning,02 - Non-fatal injury,03 - Rear end,0
17-8980,COLONEL BY DR/MACKENZIE AVE @ DALY AVE,368001.07226,5031903.48710,-75.69237010110,45.42421040170,2017-10-07,1:38:00 PM,01 - Clear,01 - Daylight,01 - Dry,01 - Traffic signal,01 - Functioning,03 - P.D. only,03 - Rear end,0
17-8981,APPLE ORCHARD RD @ STAGECOACH RD,376240.08965,5012602.75770,-75.58988486000,45.24975816970,2017-10-07,1:54:00 PM,01 - Clear,01 - Daylight,01 - Dry,02 - Stop sign,01 - Functioning,02 - Non-fatal injury,02 - Angle,0
17-8982,WEST HUNT CLUB RD @ WOODROFFE AVE,363670.14826,5021246.21763,-75.74897936520,45.32869573230,2017-10-07,2:35:00 PM,02 - Rain,01 - Daylight,02 - Wet,01 - Traffic signal,01 - Functioning,03 - P.D. only,03 - Rear end,0
17-8983,GREENBANK RD @ HARRISON ST/ASHGROVE CRES,360839.62155,5022007.58041,-75.78499997780,45.33577819210,2017-10-07,3:00:00 PM,02 - Rain,01 - Daylight,02 - Wet,01 - Traffic signal,01 - Functioning,03 - P.D. only,03 - Rear end,0
17-8984,LAURIER AVE   W btwn METCALFE ST & ELGIN ST,367864.60323,5031496.50338,-75.69416593000,45.42056081480,2017-10-07,3:15:00 PM,01 - Clear,01 - Daylight,01 - Dry,10 - No control,,02 - Non-fatal injury,05 - Turning movement,0
17-8985,DONALD ST @ PAUL EMILE LAMARCHE,371362.35524,5032388.03355,-75.64935630960,45.42825837420,2017-10-07,4:28:00 PM,01 - Clear,01 - Daylight,01 - Dry,02 - Stop sign,01 - Functioning,02 - Non-fatal injury,03 - Rear end,0
17-8986,KENNEVALE DR @ STRANDHERD DR,361491.96818,5014099.38036,-75.77758171570,45.26456753600,2017-10-07,4:48:00 PM,01 - Clear,01 - Daylight,01 - Dry,01 - Traffic signal,01 - Functioning,03 - P.D. only,05 - Turning movement,0
17-8987,GRANT CARMAN DR @ MEADOWLANDS DR,365051.69410,5023902.05385,-75.73103279890,45.35247537420,2017-10-07,5:20:00 PM,01 - Clear,01 - Daylight,01 - Dry,01 - Traffic signal,01 - Functioning,02 - Non-fatal injury,05 - Turning movement,0
17-8988,MERIVALE RD/LOTTA AVE @ CLYDE AVE,364523.27426,5024509.16067,-75.73770285540,45.35798324260,2017-10-07,5:00:00 PM,01 - Clear,01 - Daylight,01 - Dry,01 - Traffic signal,01 - Functioning,03 - P.D. only,03 - Rear end,0
17-8989,BERRIGAN DR @ LONGFIELDS DR,364305.78415,5015645.80395,-75.74154338820,45.27824985410,2017-10-07,6:24:00 PM,01 - Clear,05 - Dusk,01 - Dry,11 - Roundabout,01 - Functioning,02 - Non-fatal injury,03 - Rear end,0
17-8990,THORNTON AVE btwn MONK ST & BANK ST,368430.65999,5029320.06722,-75.68721457860,45.40092670700,2017-10-07,6:27:00 PM,01 - Clear,07 - Dark,01 - Dry,10 - No control,,03 - P.D. only,06 - SMV unattended vehicle,0
17-8991,LEASIDE AVE @ MERIVALE RD,364875.65739,5027275.78205,-75.73286904060,45.38284673360,2017-10-07,7:15:00 PM,01 - Clear,07 - Dark,01 - Dry,02 - Stop sign,01 - Functioning,03 - P.D. only,05 - Turning movement,0
17-8992,AIRPORT PKWY @ HUNT CLUB RD,371019.07445,5023703.54465,-75.65490815180,45.35015115360,2017-10-07,8:07:00 PM,01 - Clear,07 - Dark,01 - Dry,01 - Traffic signal,01 - Functioning,03 - P.D. only,01 - Approaching,0
17-8993,AVIATION PKWY @ MONTREAL RD,372148.35594,5034107.48990,-75.63907739490,45.44365397210,2017-10-07,8:18:00 PM,01 - Clear,07 - Dark,01 - Dry,01 - Traffic signal,01 - Functioning,02 - Non-fatal injury,03 - Rear end,0
17-8994,WEST HUNT CLUB RD @ WOODROFFE AVE,363671.78390,5021246.48900,-75.74895846900,45.32869803710,2017-10-07,3:20:00 PM,01 - Clear,01 - Daylight,01 - Dry,01 - Traffic signal,01 - Functioning,03 - P.D. only,04 - Sideswipe,0
17-8995,ANDERSON RD btwn DOLMAN RIDGE RD & RIDGE RD,378769.48164,5029160.35299,-75.55519252220,45.39847368590,2017-10-07,10:51:00 PM,01 - Clear,07 - Dark,01 - Dry,10 - No control,,02 - Non-fatal injury,01 - Approaching,0
17-8996,MEADOWLANDS DR @ MERIVALE RD,364858.69990,5023726.60330,-75.73351699200,45.35091324910,2017-10-08,1:01:00 AM,01 - Clear,07 - Dark,01 - Dry,01 - Traffic signal,01 - Functioning,03 - P.D. only,01 - Approaching,0
17-8997,HUNT CLUB RD @ RIVERSIDE DR,368035.69966,5021946.83629,-75.69320282760,45.33462000800,2017-10-08,2:06:00 AM,01 - Clear,07 - Dark,01 - Dry,01 - Traffic signal,01 - Functioning,03 - P.D. only,07 - SMV other,0
17-8998,KANATA AVE @ TERRY FOX DR,349305.53305,5019212.25350,-75.93240448940,45.31145149110,2017-10-08,9:13:00 AM,01 - Clear,01 - Daylight,02 - Wet,01 - Traffic signal,01 - Functioning,03 - P.D. only,07 - SMV other,0
17-8999,NEW ORCHARD AVE @ RICHMOND RD,361293.67740,5026219.75789,-75.77872588860,45.37364274910,2017-10-08,9:35:00 AM,01 - Clear,01 - Daylight,02 - Wet,01 - Traffic signal,01 - Functioning,02 - Non-fatal injury,05 - Turning movement,0
17-9000,HUNTMAR DR @ PALLADIUM DR S,349676.07997,5017364.25297,-75.92784629770,45.29479905220,2017-10-08,9:49:00 AM,01 - Clear,01 - Daylight,01 - Dry,01 - Traffic signal,01 - Functioning,03 - P.D. only,03 - Rear end,0
17-9001,SLACK RD btwn GRENFELL CRES & MERIVALE RD,365994.59117,5020944.74487,-75.71936586380,45.32578429660,2017-10-08,11:27:00 AM,01 - Clear,01 - Daylight,01 - Dry,10 - No control,,03 - P.D. only,03 - Rear end,0
17-9002,VARENNES BLVD @ WATTERS RD,384835.34459,5038435.12713,-75.47621743220,45.48125258990,2017-10-08,11:54:00 AM,01 - Clear,01 - Daylight,01 - Dry,02 - Stop sign,01 - Functioning,02 - Non-fatal injury,05 - Turning movement,0
17-9003,ROSLYN AVE btwn AYLMER AVE & WOODBINE PL,368231.52225,5028389.98149,-75.68987760150,45.39257614870,2017-09-13,12:00:00 AM,01 - Clear,00 - Unknown,01 - Dry,10 - No control,,03 - P.D. only,06 - SMV unattended vehicle,0
17-9004,HERON RD @ WALKLEY RD,372266.22835,5027083.21791,-75.63853223160,45.38044133710,2017-10-08,12:33:00 PM,01 - Clear,01 - Daylight,01 - Dry,01 - Traffic signal,01 - Functioning,03 - P.D. only,02 - Angle,0
17-9005,CAMBRIAN RD/GOLFLINKS DR W @ LONGFIELDS DR,365383.08497,5013222.55378,-75.72810901860,45.25635347970,2017-10-08,12:41:00 PM,01 - Clear,01 - Daylight,01 - Dry,11 - Roundabout,01 - Functioning,03 - P.D. only,02 - Angle,0
17-9006,KING EDWARD AVE @ ST. PATRICK ST,368248.70130,5032823.58880,-75.68908749250,45.43246673410,2017-10-08,12:51:00 PM,01 - Clear,01 - Daylight,01 - Dry,01 - Traffic signal,01 - Functioning,03 - P.D. only,04 - Sideswipe,0
17-9007,BRONSON AVE btwn LISGAR ST & COOPER ST,366922.41078,5030578.05664,-75.70631979470,45.41238120150,2017-10-08,2:10:00 PM,01 - Clear,01 - Daylight,01 - Dry,10 - No control,,02 - Non-fatal injury,03 - Rear end,0
17-9008,CARLING AVE @ MCKELLAR AVE,362766.27832,5026376.86896,-75.75990780590,45.37493614850,2017-10-08,2:15:00 PM,01 - Clear,01 - Daylight,01 - Dry,02 - Stop sign,00 - Unknown,02 - Non-fatal injury,03 - Rear end,0
17-9009,WALKLEY RD btwn BANK ST & BANFF AVE,370425.89934,5025998.14910,-75.66217279170,45.37085305550,2017-10-08,2:20:00 PM,01 - Clear,01 - Daylight,01 - Dry,10 - No control,,03 - P.D. only,03 - Rear end,0
17-9010,BARNSDALE RD @ PRINCE OF WALES DR,366646.69620,5011532.14183,-75.71222111540,45.24103324840,2017-10-08,4:40:00 PM,01 - Clear,01 - Daylight,01 - Dry,02 - Stop sign,01 - Functioning,02 - Non-fatal injury,02 - Angle,0
17-9011,GLYNN AVE @ LOLA ST,371114.71990,5032186.03085,-75.65254785240,45.42646436500,2017-10-07,12:00:00 AM,02 - Rain,00 - Unknown,02 - Wet,02 - Stop sign,00 - Unknown,03 - P.D. only,06 - SMV unattended vehicle,0
17-9012,RUSSELL RD btwn MILTON RD & SAND RD,389798.21682,5025333.05805,-75.41500584060,45.36278749650,2017-10-08,8:42:00 PM,01 - Clear,07 - Dark,01 - Dry,10 - No control,,03 - P.D. only,07 - SMV other,0
17-9013,ELGIN ST @ LAURIER AVE,367949.66569,5031549.81475,-75.69307228380,45.42103282000,2017-10-09,12:23:00 AM,01 - Clear,07 - Dark,01 - Dry,01 - Traffic signal,01 - Functioning,03 - P.D. only,07 - SMV other,0
17-9014,JOHNSTON RD @ TAPIOLA CRES E,372254.39395,5025675.85639,-75.63887554140,45.36777957820,2017-10-09,1:52:00 AM,01 - Clear,07 - Dark,01 - Dry,02 - Stop sign,01 - Functioning,03 - P.D. only,05 - Turning movement,0
17-9015,INNES RD @ JEANNE D'ARC BLVD/MER BLEUE RD,382637.21086,5035567.82507,-75.50478494380,45.45570365000,2017-10-08,9:50:00 AM,01 - Clear,01 - Daylight,01 - Dry,01 - Traffic signal,01 - Functioning,02 - Non-fatal injury,03 - Rear end,0
17-9016,MERIVALE RD @ WOODFIELD DR/ROYDON PL,365462.15465,5022297.95245,-75.72599146880,45.33800651210,2017-10-09,11:42:00 AM,02 - Rain,01 - Daylight,02 - Wet,01 - Traffic signal,01 - Functioning,03 - P.D. only,04 - Sideswipe,0
17-9017,BRIAN COBURN BLVD @ TRIM RD,387159.87380,5035824.92020,-75.44692534680,45.45749831060,2017-10-08,8:00:00 PM,01 - Clear,07 - Dark,01 - Dry,11 - Roundabout,01 - Functioning,03 - P.D. only,07 - SMV other,0
17-9018,KANATA AVE @ TERRY FOX DR,349301.14414,5019209.04411,-75.93246074940,45.31142289010,2017-10-09,12:45:00 PM,02 - Rain,01 - Daylight,02 - Wet,01 - Traffic signal,01 - Functioning,03 - P.D. only,02 - Angle,0
17-9019,KENT ST @ SOMERSET ST,367525.75445,5030815.80159,-75.69858193180,45.41446653800,2017-10-09,2:17:00 PM,01 - Clear,01 - Daylight,02 - Wet,01 - Traffic signal,01 - Functioning,03 - P.D. only,05 - Turning movement,0
17-9020,DWYER HILL RD @ ROGER STEVENS DR,354355.59828,4989346.56865,-75.87096877310,45.04236988170,2017-10-09,3:21:00 PM,01 - Clear,01 - Daylight,02 - Wet,02 - Stop sign,01 - Functioning,02 - Non-fatal injury,02 - Angle,0
17-9021,CHAMPLAIN ST @ JEANNE D'ARC BLVD,381379.74470,5038723.83509,-75.52036851790,45.48423773600,2017-10-09,3:29:00 PM,01 - Clear,01 - Daylight,01 - Dry,01 - Traffic signal,01 - Functioning,03 - P.D. only,05 - Turning movement,0
17-9022,NELSON ST @ SOMERSET ST,369095.24934,5031762.93305,-75.67840767970,45.42284603520,2017-10-09,3:48:00 PM,01 - Clear,01 - Daylight,02 - Wet,02 - Stop sign,01 - Functioning,03 - P.D. only,06 - SMV unattended vehicle,0
17-9023,GLYNN AVE btwn EDITH AVE & LOLA ST,370926.84847,5032166.48966,-75.65495106780,45.42630632800,2017-10-09,6:17:00 PM,01 - Clear,05 - Dusk,01 - Dry,10 - No control,,03 - P.D. only,06 - SMV unattended vehicle,0
17-9024,TENTH LINE RD @ OR174 IC101 RAMP61,382703.21989,5039063.18313,-75.50338693460,45.48714444090,2017-10-09,6:15:00 PM,01 - Clear,05 - Dusk,01 - Dry,02 - Stop sign,01 - Functioning,03 - P.D. only,02 - Angle,0
17-9025,RENAUD RD btwn IDA ST & Continuation of RENAUD RD,378557.83783,5031712.22130,-75.55751365250,45.42145608780,2017-10-09,10:01:00 PM,"07 - Fog, mist, smoke, dust",07 - Dark,01 - Dry,10 - No control,,03 - P.D. only,03 - Rear end,0
17-9026,CRESTHAVEN DR btwn WOODROFFE AVE & SERENA WAY,366406.75164,5014857.45267,-75.71486491160,45.27097535290,2017-10-09,11:05:00 PM,01 - Clear,07 - Dark,02 - Wet,10 - No control,,03 - P.D. only,06 - SMV unattended vehicle,0
17-9027,STEEPLE HILL CRES btwn RICHMOND RD & PIETY HILL WAY,357469.45691,5014412.47196,-75.82880318000,45.26769749690,2017-10-10,7:14:00 AM,"07 - Fog, mist, smoke, dust",03 - Dawn,02 - Wet,10 - No control,,03 - P.D. only,07 - SMV other,0
17-9028,BRONSON AVE/BRONSON/HERON RAMP 35 @ HERON RD,368642.89703,5026698.89266,-75.68484294450,45.37732284820,2017-10-10,7:41:00 AM,01 - Clear,01 - Daylight,01 - Dry,01 - Traffic signal,01 - Functioning,03 - P.D. only,03 - Rear end,0
17-9029,MEADOWLANDS DR/TALLWOOD DR @ WOODROFFE AVE,363057.77508,5022729.13745,-75.75661632500,45.34209005100,2017-10-10,8:29:00 AM,01 - Clear,01 - Daylight,01 - Dry,01 - Traffic signal,01 - Functioning,03 - P.D. only,03 - Rear end,0
17-9030,ROBERTSON RD btwn FITZGERALD RD & MOODIE DR,356918.67574,5020369.14727,-75.83519563830,45.32133760930,2017-10-10,8:36:00 AM,01 - Clear,01 - Daylight,01 - Dry,10 - No control,,02 - Non-fatal injury,05 - Turning movement,0
17-9031,ALBERT ST @ BANK ST,367384.69276,5031425.58029,-75.70030658970,45.41996576710,2017-10-10,9:40:00 AM,01 - Clear,01 - Daylight,01 - Dry,01 - Traffic signal,01 - Functioning,02 - Non-fatal injury,07 - SMV other,1
17-9032,MITCH OWENS RD btwn RIVER RD & SPRATT RD,369673.47779,5010872.58549,-75.67375711110,45.23482619980,2017-10-10,8:51:00 AM,01 - Clear,01 - Daylight,01 - Dry,10 - No control,,03 - P.D. only,03 - Rear end,0
17-9033,ST. JOSEPH BLVD @ JEANNE D'ARC BLVD,379859.73916,5036472.91869,-75.54015400480,45.46415085950,2017-10-10,9:00:00 AM,01 - Clear,01 - Daylight,01 - Dry,11 - Roundabout,01 - Functioning,03 - P.D. only,04 - Sideswipe,0
17-9034,YORK ST btwn BY WARD MARKET SQ & WILLIAM ST,367962.33322,5032340.03821,-75.69280910580,45.42814183800,2017-10-09,6:00:00 PM,01 - Clear,01 - Daylight,01 - Dry,10 - No control,,03 - P.D. only,06 - SMV unattended vehicle,0
17-9035,FAIRLEA CRES btwn HEATHERINGTON RD & GORE PRIV,371928.82158,5026755.07656,-75.64288466260,45.37752125810,2017-10-10,10:40:00 AM,01 - Clear,01 - Daylight,01 - Dry,10 - No control,,03 - P.D. only,06 - SMV unattended vehicle,0
17-9036,BRONSON AVE @ CARLING AVE/GLEBE AVE,367447.37255,5029336.89979,-75.69977120900,45.40116684260,2017-10-10,10:53:00 AM,01 - Clear,01 - Daylight,01 - Dry,01 - Traffic signal,01 - Functioning,03 - P.D. only,04 - Sideswipe,0
17-9037,HUNT CLUB RD @ UPLANDS DR,370156.18446,5023120.67799,-75.66599624950,45.34498762540,2017-10-10,11:02:00 AM,01 - Clear,01 - Daylight,01 - Dry,01 - Traffic signal,01 - Functioning,03 - P.D. only,03 - Rear end,0
17-9038,ADIRONDACK DR @ WOODROFFE AVE,362456.60052,5024004.69799,-75.76413811740,45.35361712610,2017-10-10,11:07:00 AM,01 - Clear,01 - Daylight,01 - Dry,02 - Stop sign,01 - Functioning,03 - P.D. only,03 - Rear end,0
17-9039,O'CONNOR ST btwn MACLAREN ST & GILMOUR ST,367915.08202,5030915.68569,-75.69359537590,45.41533025540,2017-10-10,10:20:00 AM,01 - Clear,01 - Daylight,01 - Dry,10 - No control,,03 - P.D. only,06 - SMV unattended vehicle,0
17-9040,JEAN TALON ST btwn PIE XII ST & BLAKE BLVD,371144.92432,5033099.95816,-75.65203877130,45.43468461460,2017-10-10,11:39:00 AM,01 - Clear,01 - Daylight,01 - Dry,10 - No control,,03 - P.D. only,02 - Angle,0
17-9041,MANN AVE @ GOULBURN AVE/GOULBURN CRES,369686.62524,5031637.27155,-75.67086816790,45.42166077880,2017-10-10,12:10:00 PM,01 - Clear,01 - Daylight,01 - Dry,02 - Stop sign,01 - Functioning,02 - Non-fatal injury,02 - Angle,0
17-9042,IRIS ST btwn GATEWAY RD & PARKWAY DR,361832.98188,5024099.30963,-75.77208569750,45.35451943350,2017-10-10,12:20:00 PM,01 - Clear,01 - Daylight,01 - Dry,10 - No control,,03 - P.D. only,06 - SMV unattended vehicle,0
17-9043,PRESTON ST @ SPRUCE ST,366275.15695,5030200.56550,-75.71463544600,45.40904179680,2017-10-08,1:51:00 PM,01 - Clear,01 - Daylight,01 - Dry,02 - Stop sign,00 - Unknown,03 - P.D. only,06 - SMV unattended vehicle,0
17-9044,GREENBANK RD @ STRANDHERD DR,363934.01963,5014784.27233,-75.74638407650,45.27052914830,2017-10-08,10:30:00 AM,02 - Rain,01 - Daylight,02 - Wet,01 - Traffic signal,01 - Functioning,03 - P.D. only,03 - Rear end,0
17-9045,FRANK KENNY RD W @ INNES RD,387530.61445,5037630.53000,-75.44188186560,45.47369949920,2017-10-10,3:27:00 PM,01 - Clear,01 - Daylight,01 - Dry,02 - Stop sign,01 - Functioning,03 - P.D. only,02 - Angle,0
17-9046,JOHNWOODS ST btwn JOSEPH CIRC & HAZELDEAN RD,350063.14279,5015538.52432,-75.92307819670,45.27834574190,2017-10-10,3:42:00 PM,01 - Clear,01 - Daylight,01 - Dry,10 - No control,,02 - Non-fatal injury,07 - SMV other,0
17-9047,MERIVALE RD @ WOODWARD AVE,364854.69986,5027067.54291,-75.73316196300,45.38097483280,2017-10-10,3:59:00 PM,01 - Clear,01 - Daylight,01 - Dry,02 - Stop sign,01 - Functioning,03 - P.D. only,05 - Turning movement,0
17-9048,DALY AVE @ CHARLOTTE ST,369333.62242,5032722.86037,-75.67523618420,45.43146114390,2017-10-10,4:12:00 PM,01 - Clear,01 - Daylight,01 - Dry,02 - Stop sign,01 - Functioning,03 - P.D. only,03 - Rear end,0
17-9049,CORDOVA ST @ RITA AVE,363921.69080,5023875.68823,-75.74545644250,45.35233431750,2017-10-10,4:18:00 PM,01 - Clear,01 - Daylight,01 - Dry,02 - Stop sign,01 - Functioning,02 - Non-fatal injury,07 - SMV other,1
17-9050,INDUSTRIAL AVE/INNES RD @ ST. LAURENT BLVD,373099.55132,5030007.40317,-75.62748807240,45.40667112240,2017-10-10,5:01:00 PM,01 - Clear,01 - Daylight,01 - Dry,01 - Traffic signal,01 - Functioning,03 - P.D. only,04 - Sideswipe,0
17-9051,MCARTHUR AVE btwn CRETE PL & ALLEN BLVD,370649.40332,5032738.92071,-75.65841967160,45.43148299330,2017-10-10,5:25:00 PM,01 - Clear,01 - Daylight,01 - Dry,10 - No control,,02 - Non-fatal injury,02 - Angle,0
17-9052,ST. JOSEPH BLVD btwn ST. JEAN ST & BELCOURT BLVD,381046.14427,5037251.82269,-75.52486389720,45.47103031450,2017-10-10,5:24:00 PM,01 - Clear,01 - Daylight,01 - Dry,10 - No control,,03 - P.D. only,05 - Turning movement,0
17-9053,KENNEVALE DR btwn STRANDHERD DR & COBBLE HILL DR,361537.99297,5014120.44452,-75.77699286860,45.26475336170,2017-10-10,7:16:00 PM,01 - Clear,07 - Dark,01 - Dry,10 - No control,,03 - P.D. only,03 - Rear end,0
17-9054,ST. LAURENT BLVD btwn DWELLINGHAM PRIV & TAWNEY RD,373560.27878,5028889.71544,-75.62175890370,45.39656958250,2017-10-10,7:29:00 PM,01 - Clear,07 - Dark,01 - Dry,10 - No control,,03 - P.D. only,03 - Rear end,0
17-9055,ARENA PL @ BANK ST,375400.26123,5021518.54882,-75.59931369390,45.33006413550,2017-10-11,7:00:00 AM,01 - Clear,03 - Dawn,01 - Dry,02 - Stop sign,01 - Functioning,02 - Non-fatal injury,02 - Angle,0
17-9056,WEST HUNT CLUB RD btwn MOODIE DR & RICHMOND RD,357822.95225,5018445.45024,-75.82386772160,45.30396026560,2017-10-11,7:52:00 AM,01 - Clear,01 - Daylight,01 - Dry,10 - No control,,03 - P.D. only,03 - Rear end,0
17-9057,JOCKVALE RD @ STRANDHERD DR,363560.95387,5014578.07389,-75.75116249110,45.26870503980,2017-10-11,8:47:00 AM,01 - Clear,01 - Daylight,01 - Dry,01 - Traffic signal,01 - Functioning,03 - P.D. only,03 - Rear end,0
17-9058,SECOND AVE btwn LYON ST S & BANK ST,368288.21906,5029617.63134,-75.68899555410,45.40361702760,2017-10-11,8:50:00 AM,01 - Clear,01 - Daylight,01 - Dry,10 - No control,,02 - Non-fatal injury,07 - SMV other,1
17-9059,CARLING AVE @ HOLLAND AVE,365416.69870,5028037.45390,-75.72586734830,45.38965349050,2017-10-11,9:53:00 AM,01 - Clear,01 - Daylight,01 - Dry,01 - Traffic signal,01 - Functioning,02 - Non-fatal injury,05 - Turning movement,0
17-9060,RIVERSHORE CRES btwn Continuation of RIVERSHORE CRES & Continuation of,374747.70383,5036264.26022,-75.60554687110,45.46280406260,2017-10-11,10:17:00 AM,01 - Clear,01 - Daylight,01 - Dry,10 - No control,,02 - Non-fatal injury,07 - SMV other,1
17-9061,MONTREAL RD @ 46 E OF HILLSIDE DR/MONTREAL SQU,371748.95666,5033917.35890,-75.64420825730,45.44198162970,2017-10-11,10:20:00 AM,01 - Clear,01 - Daylight,01 - Dry,01 - Traffic signal,01 - Functioning,03 - P.D. only,07 - SMV other,1
17-9062,PRINCE OF WALES DR @ WEST HUNT CLUB RD,367460.34964,5021892.04975,-75.70054968780,45.33417866280,2017-10-11,10:45:00 AM,01 - Clear,01 - Daylight,01 - Dry,01 - Traffic signal,01 - Functioning,03 - P.D. only,03 - Rear end,0
17-9063,REGENT ST btwn BANK ST & HOWICK PL,368429.65835,5029329.69077,-75.68722612960,45.40101338820,2017-10-11,12:02:00 PM,01 - Clear,01 - Daylight,01 - Dry,10 - No control,,03 - P.D. only,06 - SMV unattended vehicle,0
17-9064,BASELINE RD @ MERIVALE RD,365054.36195,5025324.84600,-75.73082530950,45.36527720970,2017-10-11,12:17:00 PM,01 - Clear,01 - Daylight,01 - Dry,01 - Traffic signal,01 - Functioning,02 - Non-fatal injury,07 - SMV other,0
17-9065,GREENBANK RD @ CANFIELD RD/CRAIG HENRY DR,361108.37966,5021363.47200,-75.78164448620,45.32996099420,2017-10-11,1:12:00 PM,01 - Clear,01 - Daylight,01 - Dry,01 - Traffic signal,01 - Functioning,03 - P.D. only,04 - Sideswipe,0