COLLISION_ID,LOCATION,X,Y,LONGITUDE,LATITUDE,DATE,TIME,ENVIRONMENT,LIGHT,SURFACE_CONDITION,TRAFFIC_CONTROL,TRAFFIC_CONTROL_CONDITION,COLLISION_CLASSIFICATION,IMPACT_TYPE,NO_OF_PEDESTRIANS
17-9066,CARLING AVE @ RICHMOND RD,360245.34455,5024782.85009,-75.79227053210,45.36079724640,2017-10-11,1:00:00 PM,01 - Clear,01 - Daylight,01 - Dry,01 - Traffic signal,01 - Functioning,03 - P.D. only,03 - Rear end,0
17-9067,KENT ST @ MCLEOD ST,367786.37025,5030391.90169,-75.69530666350,45.41062901040,2017-10-10,10:45:00 AM,01 - Clear,01 - Daylight,01 - Dry,02 - Stop sign,01 - Functioning,03 - P.D. only,02 - Angle,0
17-9068,KENNEVALE DR btwn STRANDHERD DR & COBBLE HILL DR,361538.53571,5014119.35904,-75.77698607750,45.26474355050,2017-10-11,2:31:00 PM,01 - Clear,01 - Daylight,01 - Dry,10 - No control,,02 - Non-fatal injury,03 - Rear end,0
17-9069,MARCH VALLEY RD btwn TERRY FOX DR & TO BE DETERMINED,350806.20220,5023870.64270,-75.91283390150,45.35327202730,2017-10-11,2:50:00 PM,01 - Clear,01 - Daylight,01 - Dry,10 - No control,,03 - P.D. only,07 - SMV other,0
17-9070,OGILVIE RD @ BATHGATE DR/CITYPARK DR W,373828.10781,5032801.05093,-75.61779064720,45.43173548350,2017-10-11,3:00:00 PM,01 - Clear,01 - Daylight,01 - Dry,01 - Traffic signal,01 - Functioning,03 - P.D. only,03 - Rear end,0
17-9071,ORLEANS BLVD btwn BROKEN OAK DR & JEANNE D'ARC BLVD N,379985.85127,5038200.30698,-75.53827722560,45.47967897310,2017-10-11,3:28:00 PM,01 - Clear,01 - Daylight,01 - Dry,10 - No control,,02 - Non-fatal injury,03 - Rear end,0
17-9072,CONROY RD @ WALKLEY RD,372903.72260,5027462.98485,-75.63034069770,45.38379664180,2017-10-11,4:09:00 PM,01 - Clear,01 - Daylight,01 - Dry,01 - Traffic signal,01 - Functioning,03 - P.D. only,03 - Rear end,0
17-9073,MELFORT ST @ WALKLEY RD,374446.82308,5028374.35321,-75.61050962620,45.39184498140,2017-10-11,4:14:00 PM,01 - Clear,01 - Daylight,01 - Dry,01 - Traffic signal,00 - Unknown,03 - P.D. only,03 - Rear end,0
17-9074,WELLINGTON ST    W btwn HAMILTON AVE N & PARKDALE AVE,365105.20356,5029246.65037,-75.72969726290,45.40056047370,2017-10-11,4:33:00 PM,01 - Clear,01 - Daylight,01 - Dry,10 - No control,,03 - P.D. only,04 - Sideswipe,0
17-9075,PRINCE OF WALES DR btwn COLONNADE RD & STEPHANIE AVE,367430.49755,5023178.22179,-75.70076770790,45.34575406110,2017-10-11,4:05:00 PM,01 - Clear,01 - Daylight,01 - Dry,10 - No control,,03 - P.D. only,03 - Rear end,0
17-9076,RICHMOND RD btwn NEW ORCHARD AVE & WOODROFFE AVE,361408.37274,5026405.66218,-75.77724034290,45.37530624440,2017-10-11,4:57:00 PM,01 - Clear,01 - Daylight,01 - Dry,10 - No control,,03 - P.D. only,99 - Other,0
17-9077,BANK ST @ JOHNSTON RD,370851.78727,5024839.64615,-75.65689105810,45.36038921630,2017-10-11,5:19:00 PM,01 - Clear,01 - Daylight,01 - Dry,01 - Traffic signal,01 - Functioning,03 - P.D. only,03 - Rear end,0
17-9078,FRANK ST btwn O'CONNOR ST & METCALFE ST,368097.67120,5030726.59055,-75.69128700190,45.41361234650,2017-10-11,1:40:00 PM,01 - Clear,01 - Daylight,01 - Dry,10 - No control,,03 - P.D. only,99 - Other,0
17-9079,BOWESVILLE RD/HIGH RD @ LEITRIM RD,371674.73130,5019287.70859,-75.64713809850,45.31035655150,2017-10-11,5:53:00 PM,01 - Clear,07 - Dark,01 - Dry,02 - Stop sign,00 - Unknown,03 - P.D. only,04 - Sideswipe,0
17-9080,ARTHUR ST @ SOMERSET ST,366830.17507,5030391.32731,-75.70752158960,45.41070924670,2017-10-11,5:57:00 PM,01 - Clear,07 - Dark,01 - Dry,01 - Traffic signal,01 - Functioning,03 - P.D. only,04 - Sideswipe,0
17-9081,LANCASTER RD @ WALKLEY RD,374908.19776,5028603.35531,-75.60458538800,45.39385939240,2017-10-11,6:23:00 PM,01 - Clear,07 - Dark,01 - Dry,01 - Traffic signal,01 - Functioning,03 - P.D. only,03 - Rear end,0
17-9082,FALAISE RD @ FISHER AVE,366775.70820,5024562.23116,-75.70894924410,45.35826527610,2017-10-11,6:41:00 PM,01 - Clear,05 - Dusk,01 - Dry,02 - Stop sign,01 - Functioning,02 - Non-fatal injury,02 - Angle,0
17-9083,DUNROBIN RD @ MARCH RD,347172.15717,5026066.42715,-75.95902389720,45.37325925060,2017-10-11,7:21:00 PM,01 - Clear,07 - Dark,01 - Dry,01 - Traffic signal,01 - Functioning,03 - P.D. only,05 - Turning movement,0
17-9084,CUMBERLAND ST @ LAURIER AVE,368598.18200,5031947.86745,-75.68473481850,45.42455551750,2017-10-11,7:29:00 PM,01 - Clear,07 - Dark,01 - Dry,01 - Traffic signal,01 - Functioning,03 - P.D. only,05 - Turning movement,0
17-9085,INNES RD/PRESTWICK DR @ LANTHIER DR,383541.09755,5035989.90209,-75.49316218090,45.45939985320,2017-10-11,9:58:00 PM,01 - Clear,07 - Dark,01 - Dry,01 - Traffic signal,01 - Functioning,02 - Non-fatal injury,07 - SMV other,1
17-9086,COOPER ST btwn METCALFE ST & ELGIN ST,368031.55976,5031219.55351,-75.69206832780,45.41805384200,2017-10-11,12:00:00 AM,01 - Clear,00 - Unknown,01 - Dry,10 - No control,,03 - P.D. only,06 - SMV unattended vehicle,0
17-9087,BANK ST btwn LYNCH ST & CONROY RD,374881.07172,5022346.28504,-75.60581926130,45.33756381210,2017-10-11,11:43:00 PM,01 - Clear,07 - Dark,01 - Dry,10 - No control,,03 - P.D. only,03 - Rear end,0
17-9088,MARENGER ST btwn ST. JOSEPH BLVD & END,379650.11786,5036490.51292,-75.54283153580,45.46433165080,2017-10-11,11:53:00 PM,01 - Clear,07 - Dark,01 - Dry,10 - No control,,02 - Non-fatal injury,07 - SMV other,1
17-9089,AIRPORT PKWY @ HUNT CLUB RD,371018.52800,5023702.72683,-75.65491523500,45.35014384600,2017-10-12,6:44:00 AM,01 - Clear,03 - Dawn,01 - Dry,01 - Traffic signal,01 - Functioning,03 - P.D. only,03 - Rear end,0
17-9090,RIVERSIDE DR SB btwn BILLINGS BRIDGE SC RAMP SB & BANK ST,369218.14194,5027978.57559,-75.67733188800,45.38878438830,2017-10-12,7:11:00 AM,01 - Clear,01 - Daylight,01 - Dry,10 - No control,,03 - P.D. only,04 - Sideswipe,0
17-9091,STONEHAVEN DR btwn GRASSY PLAINS DR & SUMMITVIEW DR,356210.63452,5015958.00545,-75.84468395660,45.28169766280,2017-10-12,7:28:00 AM,01 - Clear,01 - Daylight,01 - Dry,10 - No control,,03 - P.D. only,03 - Rear end,0
17-9092,BLAIR RD @ REGIONAL RD 174 S/OR174 IC112 RAMP15,374908.22388,5032661.65400,-75.60400782380,45.43037382180,2017-10-12,7:35:00 AM,01 - Clear,01 - Daylight,01 - Dry,01 - Traffic signal,00 - Unknown,03 - P.D. only,03 - Rear end,0
17-9093,INNES RD @ JEANNE D'ARC BLVD/MER BLEUE RD,382637.28023,5035566.84364,-75.50478421320,45.45569481160,2017-10-12,8:06:00 AM,01 - Clear,01 - Daylight,01 - Dry,01 - Traffic signal,01 - Functioning,03 - P.D. only,05 - Turning movement,0
17-9094,RICHMOND RD btwn NE/OT BOUNDARY & DUMAURIER AVE,359550.99618,5023612.67382,-75.80126243900,45.35032257930,2017-10-12,8:47:00 AM,01 - Clear,01 - Daylight,01 - Dry,10 - No control,,03 - P.D. only,03 - Rear end,0
17-9095,RUSSELL RD btwn SOUTHVALE CRES & TUPPER AVE,373840.53722,5029070.79315,-75.61815438330,45.39817125750,2017-10-12,8:51:00 AM,01 - Clear,01 - Daylight,01 - Dry,10 - No control,,03 - P.D. only,03 - Rear end,0
17-9096,MARCH RD @ RICHARDSON SIDE RD,351416.82106,5021778.34082,-75.90523831600,45.33440475670,2017-10-12,8:54:00 AM,01 - Clear,01 - Daylight,01 - Dry,01 - Traffic signal,00 - Unknown,03 - P.D. only,04 - Sideswipe,0
17-9097,PINEWOOD CRES btwn RICHMOND RD & HARWOOD AVE,360131.79228,5024494.80305,-75.79375209950,45.35821437890,2017-10-11,12:00:00 AM,01 - Clear,00 - Unknown,01 - Dry,10 - No control,,03 - P.D. only,06 - SMV unattended vehicle,0
17-9098,REGIONAL ROAD 174 btwn OR174 IC102 RAMP61 & OR174 IC101 RAMP36,382025.54510,5038508.52239,-75.51214233280,45.48222939760,2017-10-12,9:51:00 AM,02 - Rain,01 - Daylight,02 - Wet,10 - No control,,03 - P.D. only,03 - Rear end,0
17-9099,STONEHAVEN DR btwn BRIDGESTONE DR & FURLONG CRES,355125.90148,5016984.01291,-75.85840577590,45.29100838360,2017-10-12,10:16:00 AM,01 - Clear,01 - Daylight,01 - Dry,10 - No control,,03 - P.D. only,07 - SMV other,0
17-9100,PARKDALE AVE btwn GLADSTONE AVE & FOSTER ST,365224.84281,5029102.00750,-75.72818692280,45.39924869350,2017-10-12,10:25:00 AM,01 - Clear,01 - Daylight,01 - Dry,10 - No control,,03 - P.D. only,03 - Rear end,0
17-9101,THOMAS A. DOLAN PKWY btwn KERSCOTT HEIGHTS WAY & TORWOOD DR,345429.39272,5034162.26562,-75.98060601460,45.44621050170,2017-10-12,6:45:00 AM,"07 - Fog, mist, smoke, dust",03 - Dawn,01 - Dry,10 - No control,,03 - P.D. only,07 - SMV other,0
17-9102,ALBERT ST @ COMMISSIONER ST,366714.70064,5030970.90110,-75.70892390810,45.41593431100,2017-10-12,11:45:00 AM,01 - Clear,01 - Daylight,01 - Dry,02 - Stop sign,00 - Unknown,03 - P.D. only,04 - Sideswipe,0
17-9103,DONALD ST @ ELAINE DR,372332.07496,5032481.13205,-75.63695226650,45.42900307250,2017-10-12,11:54:00 AM,01 - Clear,01 - Daylight,01 - Dry,01 - Traffic signal,01 - Functioning,03 - P.D. only,03 - Rear end,0
17-9104,MARAVISTA DR @ STRANDHERD DR,361288.43810,5014584.95810,-75.78011984030,45.26895318370,2017-10-12,12:32:00 PM,01 - Clear,01 - Daylight,01 - Dry,01 - Traffic signal,01 - Functioning,03 - P.D. only,02 - Angle,0
17-9105,SPROULE ST btwn SHILLINGTON AVE & END,365307.59289,5027170.56459,-75.72736687590,45.38186283200,2017-10-11,12:00:00 AM,01 - Clear,00 - Unknown,01 - Dry,10 - No control,,03 - P.D. only,06 - SMV unattended vehicle,0
17-9106,MEADOWLANDS DR @ MERIVALE RD,364859.79280,5023725.51040,-75.73350317810,45.35090332180,2017-10-11,7:30:00 PM,01 - Clear,07 - Dark,01 - Dry,01 - Traffic signal,01 - Functioning,03 - P.D. only,04 - Sideswipe,0
17-9107,QUEEN ST @ LYON ST,367017.61080,5031288.12695,-75.70501398410,45.41876174530,2017-10-12,1:17:00 PM,01 - Clear,01 - Daylight,01 - Dry,01 - Traffic signal,01 - Functioning,03 - P.D. only,02 - Angle,0
17-9108,JOCKVALE RD @ FABLE ST/WEYBRIDGE DR E,362513.22645,5015142.88535,-75.76444775200,45.27387400230,2017-10-12,1:20:00 PM,01 - Clear,01 - Daylight,01 - Dry,11 - Roundabout,01 - Functioning,03 - P.D. only,02 - Angle,0
17-9109,ERINDALE DR btwn NAVAHO DR & FORLAN DR,363677.89935,5024971.89158,-75.74843700670,45.36221834140,2017-10-12,1:54:00 PM,01 - Clear,01 - Daylight,01 - Dry,10 - No control,,03 - P.D. only,05 - Turning movement,0
17-9110,MAITLAND AVE @ WOODWARD DR,363275.11472,5025662.29071,-75.75349631560,45.36846418560,2017-10-12,2:44:00 PM,01 - Clear,01 - Daylight,01 - Dry,01 - Traffic signal,01 - Functioning,02 - Non-fatal injury,05 - Turning movement,0
17-9111,HAIG DR btwn RAGLAN AVE & SAUNDERSON DR,372547.64109,5029465.85166,-75.63461219650,45.40185211790,2017-10-12,3:11:00 PM,01 - Clear,01 - Daylight,01 - Dry,10 - No control,,02 - Non-fatal injury,06 - SMV unattended vehicle,0
17-9112,LEOPOLDS DR @ RIVERSIDE DR,368044.70380,5024049.51170,-75.69281912480,45.35353862320,2017-10-12,3:10:00 PM,01 - Clear,01 - Daylight,01 - Dry,02 - Stop sign,01 - Functioning,02 - Non-fatal injury,02 - Angle,0
17-9113,BESSERER ST @ KING EDWARD AVE,368550.70520,5032339.48920,-75.68529076490,45.42808351720,2017-10-12,3:16:00 PM,01 - Clear,01 - Daylight,01 - Dry,01 - Traffic signal,01 - Functioning,03 - P.D. only,03 - Rear end,0
17-9114,ST. JOSEPH BLVD @ OR174 IC101 RAMP25,383340.98116,5038948.66112,-75.49524765490,45.48604260770,2017-10-12,3:22:00 PM,01 - Clear,01 - Daylight,01 - Dry,,00 - Unknown,03 - P.D. only,03 - Rear end,0
17-9115,BYRON AVE @ ROOSEVELT AVE,363035.74764,5028061.54790,-75.75626887670,45.39007231290,2017-10-12,3:26:00 PM,01 - Clear,01 - Daylight,01 - Dry,01 - Traffic signal,01 - Functioning,03 - P.D. only,05 - Turning movement,0
17-9116,TARA DR @ MAITLAND AVE,363496.78280,5025388.62370,-75.75069921700,45.36598323500,2017-10-12,3:26:00 PM,01 - Clear,01 - Daylight,01 - Dry,02 - Stop sign,00 - Unknown,03 - P.D. only,02 - Angle,0
17-9117,CARLING AVE WB btwn DOANE ST & RITCHIE ST,359503.50197,5024310.07354,-75.80179135740,45.35660148650,2017-10-12,3:30:00 PM,01 - Clear,01 - Daylight,01 - Dry,10 - No control,,03 - P.D. only,04 - Sideswipe,0
17-9118,NELSON ST @ RIDEAU ST,368651.52755,5032499.49745,-75.68398167920,45.42951401630,2017-10-12,3:38:00 PM,01 - Clear,01 - Daylight,01 - Dry,01 - Traffic signal,01 - Functioning,02 - Non-fatal injury,07 - SMV other,1
17-9119,BANK ST @ RIVERSIDE DR N,369225.16945,5027984.09245,-75.67724142930,45.38883338120,2017-10-12,12:00:00 AM,01 - Clear,00 - Unknown,01 - Dry,01 - Traffic signal,01 - Functioning,03 - P.D. only,04 - Sideswipe,0
17-9120,DALY AVE @ WALLER ST,368340.86837,5032121.03535,-75.68800030970,45.42613704200,2017-10-12,4:30:00 PM,01 - Clear,01 - Daylight,01 - Dry,01 - Traffic signal,01 - Functioning,03 - P.D. only,04 - Sideswipe,0
17-9121,SENECA ST @ SUNNYSIDE AVE,368224.15430,5028274.21595,-75.68998657370,45.39153519220,2017-10-12,5:08:00 PM,01 - Clear,01 - Daylight,01 - Dry,02 - Stop sign,01 - Functioning,02 - Non-fatal injury,07 - SMV other,1
17-9122,GOOSE RIVER AVE btwn GOLDENEYE WAY & ROCKY HARBOUR CRES,368869.34273,5016206.07284,-75.68330998490,45.28289002250,2017-10-12,5:28:00 PM,01 - Clear,01 - Daylight,01 - Dry,10 - No control,,03 - P.D. only,99 - Other,0
17-9123,ST. PATRICK ST WB btwn MURRAY ST & ST. ANDREW ST,368403.02210,5033064.11192,-75.68708430790,45.43461685430,2017-10-12,5:50:00 PM,01 - Clear,01 - Daylight,01 - Dry,10 - No control,,03 - P.D. only,02 - Angle,0
17-9124,ARLINGTON AVE btwn KENT ST & BANK ST,367964.08085,5030319.33999,-75.69304581600,45.40996010670,2017-10-12,5:56:00 PM,01 - Clear,01 - Daylight,01 - Dry,10 - No control,,03 - P.D. only,04 - Sideswipe,0
17-9125,PINECREST RD @ RICHMOND RD,360073.14387,5024471.27571,-75.79450325390,45.35800730600,2017-10-12,7:02:00 PM,01 - Clear,05 - Dusk,01 - Dry,01 - Traffic signal,01 - Functioning,03 - P.D. only,03 - Rear end,0
17-9126,BANK ST @ HUNT CLUB RD,371609.82940,5024097.05265,-75.64731656830,45.35363578110,2017-10-10,2:00:00 PM,01 - Clear,01 - Daylight,01 - Dry,01 - Traffic signal,00 - Unknown,03 - P.D. only,04 - Sideswipe,0
17-9127,AXIS WAY btwn FERN CASEY ST & LYNN VALLEY TERR,353950.93250,5016140.06270,-75.87346790380,45.28349748420,2017-10-12,7:29:00 PM,01 - Clear,07 - Dark,01 - Dry,10 - No control,,03 - P.D. only,06 - SMV unattended vehicle,0
17-9128,ST. JOSEPH BLVD @ TENTH LINE RD,382891.35025,5038665.90635,-75.50104373980,45.48354908510,2017-10-12,7:35:00 PM,01 - Clear,07 - Dark,01 - Dry,01 - Traffic signal,01 - Functioning,03 - P.D. only,04 - Sideswipe,0
17-9129,GLADSTONE AVE btwn PERCY ST & BAY ST,367356.03091,5030222.95954,-75.70082543820,45.40914751730,2017-10-12,7:43:00 PM,01 - Clear,07 - Dark,01 - Dry,10 - No control,,03 - P.D. only,01 - Approaching,0
17-9130,EARL MULLIGAN DR @ MOUNTSHANNON DR,364813.68905,5017244.45461,-75.73487688820,45.29259129480,2017-10-12,8:57:00 PM,01 - Clear,07 - Dark,01 - Dry,02 - Stop sign,01 - Functioning,03 - P.D. only,02 - Angle,0
17-9131,CENTREPOINTE DR btwn REC PATH BEN FRANKLIN PL & PASEO PRIV,362508.75488,5022868.82944,-75.76360507900,45.34339236950,2017-10-12,9:15:00 PM,01 - Clear,07 - Dark,01 - Dry,10 - No control,,03 - P.D. only,07 - SMV other,0
17-9132,CARLING AVE btwn RIFLE RD & DAVIDSON'S SIDE RD,354208.53521,5023513.77635,-75.86944895490,45.34982942780,2017-10-12,9:44:00 PM,01 - Clear,07 - Dark,01 - Dry,10 - No control,,03 - P.D. only,03 - Rear end,0
17-9133,MCCARTHY RD @ PAUL ANKA DR,369700.88687,5023875.15551,-75.67170663330,45.35181848670,2017-10-12,10:44:00 PM,01 - Clear,07 - Dark,01 - Dry,01 - Traffic signal,01 - Functioning,03 - P.D. only,05 - Turning movement,0
17-9134,RUSSELL RD btwn DUNNING RD & CLAYTON RD,396344.63504,5028007.00626,-75.33096267010,45.38602007490,2017-10-13,6:50:00 AM,01 - Clear,03 - Dawn,01 - Dry,10 - No control,,03 - P.D. only,07 - SMV other,0
17-9135,CLARENCE ST @ DALHOUSIE ST,368041.60660,5032502.50500,-75.69177525920,45.42959649420,2017-10-13,8:33:00 AM,01 - Clear,01 - Daylight,01 - Dry,01 - Traffic signal,01 - Functioning,03 - P.D. only,05 - Turning movement,0
17-9136,LETOURNEAU ST btwn CLENNING ST & BEATRICE DR,364915.51630,5016555.31944,-75.73366230520,45.28638177890,2017-10-10,12:00:00 AM,01 - Clear,00 - Unknown,01 - Dry,10 - No control,,03 - P.D. only,06 - SMV unattended vehicle,0
17-9137,RIVERSIDE DR NB btwn FROBISHER LANE & HINCKS LANE,370171.31759,5029916.61338,-75.66490357310,45.40613383760,2017-10-13,9:13:00 AM,01 - Clear,01 - Daylight,01 - Dry,10 - No control,,02 - Non-fatal injury,04 - Sideswipe,0
17-9138,GEORGE ST btwn DALHOUSIE ST & CUMBERLAND ST,368280.78526,5032389.11041,-75.68873349160,45.42855454150,2017-10-13,10:00:00 AM,01 - Clear,01 - Daylight,01 - Dry,10 - No control,,02 - Non-fatal injury,04 - Sideswipe,0
17-9139,HWY417 IC115 RAMP61 btwn RAMP & HIGHWAY 417,372590.57522,5031597.41225,-75.63377068280,45.42102677520,2017-10-13,11:04:00 AM,01 - Clear,01 - Daylight,01 - Dry,10 - No control,,03 - P.D. only,04 - Sideswipe,0
17-9140,OGILVIE RD @ CITY PARK DR E/CSIS HQ ACCESS,374188.11440,5033008.98827,-75.61316085500,45.43357076550,2017-10-13,11:42:00 AM,01 - Clear,01 - Daylight,01 - Dry,01 - Traffic signal,00 - Unknown,03 - P.D. only,05 - Turning movement,0
17-9141,RICHMOND RD @ WOODROFFE AVE,361584.68640,5026653.43030,-75.77496090960,45.37752137300,2017-10-13,11:48:00 AM,01 - Clear,01 - Daylight,01 - Dry,01 - Traffic signal,01 - Functioning,03 - P.D. only,05 - Turning movement,0
17-9142,CANOTEK RD btwn TO BE DETERMINED & GREEN CREEK DR,376620.70338,5035667.01072,-75.58168627210,45.45724035710,2017-10-13,12:07:00 PM,01 - Clear,01 - Daylight,01 - Dry,10 - No control,,03 - P.D. only,05 - Turning movement,0
17-9143,BANK ST @ CATHERINE ST,368040.79830,5030268.11845,-75.69207237880,45.40949230390,2017-10-13,12:00:00 PM,01 - Clear,01 - Daylight,01 - Dry,01 - Traffic signal,01 - Functioning,02 - Non-fatal injury,03 - Rear end,0
17-9144,REGIONAL ROAD 174 btwn CAMERON ST & WEST ST,389883.75953,5042621.00825,-75.41092549000,45.51831517210,2017-10-13,1:31:00 PM,01 - Clear,01 - Daylight,01 - Dry,09 - Traffic controller,01 - Functioning,02 - Non-fatal injury,07 - SMV other,1
17-9145,INNES RD btwn ANDERSON RD & INNES RD,376368.78844,5031890.08461,-75.58545610520,45.42328376360,2017-10-13,1:35:00 PM,01 - Clear,01 - Daylight,01 - Dry,10 - No control,,03 - P.D. only,99 - Other,0
17-9146,HWY 417 MAITLAND IC126R26/62 @ MAITLAND AVE,363146.48566,5025985.36678,-75.75510011730,45.37138190530,2017-10-12,4:55:00 PM,01 - Clear,01 - Daylight,01 - Dry,01 - Traffic signal,01 - Functioning,03 - P.D. only,03 - Rear end,0
17-9147,BRONSON AVE @ NEPEAN ST,366859.93222,5030728.79753,-75.70709896840,45.41374306790,2017-10-13,2:05:00 PM,01 - Clear,01 - Daylight,01 - Dry,10 - No control,,02 - Non-fatal injury,05 - Turning movement,0
17-9148,WEST HUNT CLUB RD EB btwn 354 E OF WOODROFFE AVE/REC PATH & CLEOPATRA,364122.56179,5021435.88802,-75.74318559250,45.33036427680,2017-10-13,2:10:00 PM,01 - Clear,01 - Daylight,01 - Dry,10 - No control,,02 - Non-fatal injury,07 - SMV other,0
17-9149,TENTH LINE RD btwn AMIENS ST & 275 N OF DES EPINETTES AVE/FALLINGBROOK,383416.11588,5037421.77681,-75.49453101470,45.47229664970,2017-10-13,2:12:00 PM,01 - Clear,01 - Daylight,01 - Dry,10 - No control,,03 - P.D. only,03 - Rear end,0
17-9150,CARP RD @ MARCH RD,342161.40054,5021728.80236,-76.02332291670,45.33451284210,2017-10-13,4:11:00 PM,01 - Clear,01 - Daylight,01 - Dry,01 - Traffic signal,01 - Functioning,03 - P.D. only,05 - Turning movement,0
17-9151,BRIAN COBURN BLVD btwn MONTMERE AVE & TRIM RD,387078.08400,5035792.32600,-75.44797640850,45.45721469700,2017-10-13,2:59:00 PM,01 - Clear,01 - Daylight,01 - Dry,10 - No control,,03 - P.D. only,01 - Approaching,0
17-9152,ELGIN ST btwn ARGYLE AVE & ARGYLE AVE,368499.32512,5030662.33606,-75.68616415580,45.41299775970,2017-10-13,4:47:00 PM,01 - Clear,01 - Daylight,01 - Dry,10 - No control,,02 - Non-fatal injury,06 - SMV unattended vehicle,0
17-9153,WOODROFFE AVE @ SPORTSPLEX N,363763.58717,5021068.34692,-75.74780863000,45.32708742020,2017-10-13,3:22:00 PM,01 - Clear,01 - Daylight,01 - Dry,01 - Traffic signal,01 - Functioning,03 - P.D. only,03 - Rear end,0
17-9154,BELFAST RD @ COVENTRY RD,371523.72110,5031641.83597,-75.64739541870,45.42152904420,2017-10-13,3:55:00 PM,01 - Clear,01 - Daylight,01 - Dry,01 - Traffic signal,01 - Functioning,03 - P.D. only,03 - Rear end,0
17-9155,ANDERSON ST @ PRESTON ST,366360.67691,5030006.85998,-75.71356719350,45.40729136980,2017-10-13,4:15:00 PM,01 - Clear,01 - Daylight,01 - Dry,02 - Stop sign,01 - Functioning,03 - P.D. only,01 - Approaching,0
17-9156,BAY ST @ COOPER ST,367202.79380,5030721.11215,-75.70271983810,45.41364342690,2017-10-13,4:25:00 PM,01 - Clear,01 - Daylight,01 - Dry,02 - Stop sign,01 - Functioning,02 - Non-fatal injury,02 - Angle,0
17-9157,RIVERGATE WAY @ RIVERSIDE DR,368117.25815,5023240.87446,-75.69199675590,45.34625613920,2017-10-13,5:28:00 PM,01 - Clear,01 - Daylight,01 - Dry,01 - Traffic signal,00 - Unknown,03 - P.D. only,03 - Rear end,0
17-9158,STRANDHERD DR btwn LONGFIELDS DR & CLARIDGE DR,364635.14930,5015225.23727,-75.73739638780,45.27443764510,2017-10-13,5:37:00 PM,01 - Clear,01 - Daylight,01 - Dry,10 - No control,,03 - P.D. only,04 - Sideswipe,0
17-9159,SPROULE ST btwn SHILLINGTON AVE & END,365300.47228,5027181.77224,-75.72745641840,45.38196429080,2017-10-13,7:35:00 PM,01 - Clear,07 - Dark,01 - Dry,10 - No control,,03 - P.D. only,07 - SMV other,0
17-9160,WOODROFFE AVE btwn KNOXDALE RD/MEDHURST DR & MAJESTIC DR,363462.31285,5021722.66186,-75.75157408100,45.33300014910,2017-10-13,4:12:00 PM,01 - Clear,01 - Daylight,01 - Dry,10 - No control,,03 - P.D. only,03 - Rear end,0
17-9161,CHARDON DRWY btwn COLOMBINE DRWY & EGLANTINE DRWY,364391.58883,5029927.81265,-75.73872942320,45.40675053690,2017-10-13,9:30:00 AM,01 - Clear,01 - Daylight,01 - Dry,10 - No control,,03 - P.D. only,06 - SMV unattended vehicle,0
17-9162,INNES RD @ JEANNE D'ARC BLVD/MER BLEUE RD,382636.75026,5035568.89149,-75.50479066320,45.45571329580,2017-10-13,6:32:00 PM,01 - Clear,07 - Dark,01 - Dry,01 - Traffic signal,01 - Functioning,03 - P.D. only,04 - Sideswipe,0
17-9163,TAUVETTE ST btwn SOUTHPARK DR & END,377069.54032,5033162.47239,-75.57631596940,45.43465987280,2017-10-13,9:30:00 PM,01 - Clear,07 - Dark,01 - Dry,10 - No control,,03 - P.D. only,07 - SMV other,0
17-9164,SOMERSET ST    W btwn CARTIER ST & MACDONALD ST,368406.41278,5031343.67906,-75.68726316050,45.41913670440,2017-10-13,12:00:00 AM,01 - Clear,00 - Unknown,01 - Dry,10 - No control,,03 - P.D. only,06 - SMV unattended vehicle,0
17-9165,BLAIR RD @ MONTREAL RD,374019.38575,5034439.58480,-75.61511589560,45.44645921540,2017-10-14,8:50:00 AM,02 - Rain,01 - Daylight,02 - Wet,01 - Traffic signal,01 - Functioning,03 - P.D. only,07 - SMV other,0
17-9166,TENTH LINE RD @ LAKEPOINTE DR,384261.96971,5035421.41742,-75.48403792690,45.45420353320,2017-10-14,9:18:00 AM,02 - Rain,01 - Daylight,02 - Wet,01 - Traffic signal,01 - Functioning,03 - P.D. only,04 - Sideswipe,0
17-9167,DEERFIELD DR btwn NAVAHO DR & DEERFIELD DR,363373.20321,5023946.06265,-75.75244760460,45.35301356750,2017-10-14,5:30:00 AM,02 - Rain,07 - Dark,02 - Wet,10 - No control,,03 - P.D. only,07 - SMV other,0
17-9168,RICHMOND RD btwn PERTH ST & CAMBRIAN RD,359022.24916,5008494.64107,-75.80966167620,45.21432973160,2017-10-14,7:45:00 AM,01 - Clear,01 - Daylight,02 - Wet,10 - No control,,03 - P.D. only,07 - SMV other,0
17-9169,MERIVALE RD @ WEST HUNT CLUB RD,365612.69520,5021941.95175,-75.72411459770,45.33479023290,2017-10-14,10:00:00 AM,02 - Rain,01 - Daylight,02 - Wet,01 - Traffic signal,01 - Functioning,03 - P.D. only,03 - Rear end,0
17-9170,BARNSDALE RD @ PRINCE OF WALES DR,366646.14975,5011530.77386,-75.71222824470,45.24102098810,2017-10-14,10:01:00 AM,02 - Rain,01 - Daylight,02 - Wet,02 - Stop sign,01 - Functioning,02 - Non-fatal injury,02 - Angle,0