COLLISION_ID,LOCATION,X,Y,LONGITUDE,LATITUDE,DATE,TIME,ENVIRONMENT,LIGHT,SURFACE_CONDITION,TRAFFIC_CONTROL,TRAFFIC_CONTROL_CONDITION,COLLISION_CLASSIFICATION,IMPACT_TYPE,NO_OF_PEDESTRIANS
17-9171,MARCH RD @ TERRY FOX DR,349863.51570,5023399.50890,-75.92490750360,45.34909387740,2017-10-14,8:00:00 AM,02 - Rain,01 - Daylight,02 - Wet,01 - Traffic signal,01 - Functioning,03 - P.D. only,07 - SMV other,0
17-9172,TRIM RD @ DAIRY DR/TAYLOR CREEK DR,384535.52086,5039595.43662,-75.47986362160,45.49172623420,2017-10-14,10:30:00 AM,01 - Clear,01 - Daylight,02 - Wet,11 - Roundabout,01 - Functioning,03 - P.D. only,04 - Sideswipe,0
17-9173,BAYSWATER AVE @ GLADSTONE AVE,366001.65115,5029478.38247,-75.71821888220,45.40256774860,2017-10-14,12:20:00 PM,01 - Clear,01 - Daylight,02 - Wet,01 - Traffic signal,01 - Functioning,03 - P.D. only,05 - Turning movement,0
17-9174,MERIVALE RD @ WEST HUNT CLUB RD,365611.60230,5021942.49820,-75.72412847310,45.33479524410,2017-10-14,12:27:00 PM,01 - Clear,01 - Daylight,02 - Wet,01 - Traffic signal,00 - Unknown,03 - P.D. only,03 - Rear end,0
17-9175,CARLING AVE @ CLYDE AVE/COLE AVE,363520.35615,5026851.87989,-75.75022435400,45.37914744250,2017-10-14,1:15:00 PM,01 - Clear,01 - Daylight,01 - Dry,01 - Traffic signal,00 - Unknown,03 - P.D. only,05 - Turning movement,0
17-9176,VANIER PKWY SB btwn MONTREAL RD & MCARTHUR AVE,370082.54587,5033016.41177,-75.66562675560,45.43403288820,2017-10-13,12:20:00 PM,01 - Clear,01 - Daylight,01 - Dry,10 - No control,,03 - P.D. only,04 - Sideswipe,0
17-9177,MAITLAND AVE/HWY 417 MAITLAND IC126R53 @ HWY 4,363229.53846,5025774.04429,-75.75406488230,45.36947353190,2017-10-14,2:22:00 PM,01 - Clear,01 - Daylight,01 - Dry,01 - Traffic signal,01 - Functioning,02 - Non-fatal injury,05 - Turning movement,0
17-9178,CLYDE AVE @ MAITLAND AVE,364249.97664,5025140.49912,-75.74111492710,45.36368716690,2017-10-14,2:35:00 PM,01 - Clear,01 - Daylight,02 - Wet,03 - Yield sign,00 - Unknown,03 - P.D. only,04 - Sideswipe,0
17-9179,JOSEPH CYR ST @ LEMIEUX ST,372494.82365,5031752.57210,-75.63497273670,45.42243210210,2017-10-14,3:20:00 PM,01 - Clear,01 - Daylight,01 - Dry,02 - Stop sign,00 - Unknown,03 - P.D. only,04 - Sideswipe,0
17-9180,CARLING AVE @ PRESTON ST,366829.16355,5028936.09985,-75.70771756770,45.39761560070,2017-10-14,3:47:00 PM,01 - Clear,01 - Daylight,01 - Dry,01 - Traffic signal,01 - Functioning,03 - P.D. only,07 - SMV other,0
17-9181,INDUSTRIAL AVE btwn TRAINYARDS DR & RUSSELL RD,371958.32315,5030480.28938,-75.64200093680,45.41103637720,2017-10-14,3:45:00 PM,01 - Clear,01 - Daylight,01 - Dry,10 - No control,,03 - P.D. only,04 - Sideswipe,0
17-9182,STRANDHERD DR @ LONGFIELDS DR,364549.35695,5015172.77825,-75.73849603350,45.27397291450,2017-10-14,7:56:00 PM,01 - Clear,07 - Dark,01 - Dry,01 - Traffic signal,01 - Functioning,03 - P.D. only,03 - Rear end,0
17-9183,PORTOBELLO BLVD @ VALIN ST,385349.76266,5037697.56930,-75.46975919940,45.47455761100,2017-10-15,1:15:00 AM,01 - Clear,07 - Dark,02 - Wet,02 - Stop sign,01 - Functioning,02 - Non-fatal injury,03 - Rear end,0
17-9184,VALIN ST btwn NORTHLANDS DR & VARENNES BLVD,385070.77755,5037649.41670,-75.47333474090,45.47415650560,2017-10-15,2:02:00 AM,02 - Rain,07 - Dark,02 - Wet,10 - No control,,03 - P.D. only,06 - SMV unattended vehicle,0
17-9185,BESSERER ST @ WALLER ST,368316.11038,5032191.39150,-75.68830759150,45.42677232990,2017-10-15,9:51:00 AM,02 - Rain,01 - Daylight,02 - Wet,01 - Traffic signal,01 - Functioning,03 - P.D. only,04 - Sideswipe,0
17-9186,KING EDWARD AVE @ LAURIER AVE,368739.70720,5032034.85397,-75.68291518740,45.42532526850,2017-10-15,9:55:00 AM,02 - Rain,01 - Daylight,02 - Wet,01 - Traffic signal,01 - Functioning,03 - P.D. only,03 - Rear end,0
17-9187,MITCH OWENS RD btwn DOWNEY RD & MANOTICK STATION RD,373464.77855,5013240.47381,-75.62514877450,45.25577244910,2017-10-15,10:59:00 AM,01 - Clear,01 - Daylight,01 - Dry,10 - No control,,02 - Non-fatal injury,03 - Rear end,0
17-9188,KITCHENER AVE @ BANK ST,370540.87610,5025500.24307,-75.66077133040,45.36636228250,2017-10-15,11:06:00 AM,02 - Rain,01 - Daylight,02 - Wet,01 - Traffic signal,01 - Functioning,03 - P.D. only,03 - Rear end,0
17-9189,ALBERT ST @ ELGIN ST/MACKENZIE KING BRIDGE,367850.32447,5031711.68760,-75.69432082460,45.42249825780,2017-10-15,11:58:00 AM,01 - Clear,01 - Daylight,02 - Wet,01 - Traffic signal,01 - Functioning,02 - Non-fatal injury,05 - Turning movement,0
17-9190,ROBERTSON RD @ WESTCLIFFE RD,356395.53763,5020053.40063,-75.84190102020,45.31853512480,2017-10-15,12:35:00 PM,01 - Clear,01 - Daylight,01 - Dry,01 - Traffic signal,01 - Functioning,02 - Non-fatal injury,05 - Turning movement,0
17-9191,HAZELDEAN RD @ TERRY FOX DR,352207.06826,5017242.72237,-75.89559048940,45.29353928500,2017-10-15,12:40:00 PM,01 - Clear,01 - Daylight,01 - Dry,01 - Traffic signal,01 - Functioning,02 - Non-fatal injury,03 - Rear end,0
17-9192,"EGLISE, RUE DE L @ MONTREAL RD",371156.62472,5033634.40111,-75.65181720050,45.43949217950,2017-10-15,1:00:00 PM,01 - Clear,01 - Daylight,02 - Wet,01 - Traffic signal,01 - Functioning,03 - P.D. only,03 - Rear end,0
17-9193,HAZELDEAN RD btwn GO/KA BOUNDARY & HUNTMAR DR/IBER RD,351158.22368,5016276.61718,-75.90905213950,45.28491596940,2017-10-15,1:00:00 PM,01 - Clear,01 - Daylight,02 - Wet,10 - No control,,02 - Non-fatal injury,02 - Angle,0
17-9194,BANK ST btwn ST. PAUL AVE & KITCHENER AVE,370524.78143,5025529.55750,-75.66097286900,45.36662755350,2017-10-15,3:36:00 PM,01 - Clear,01 - Daylight,01 - Dry,10 - No control,,03 - P.D. only,02 - Angle,0
17-9195,ALBERT ST @ ELGIN ST/MACKENZIE KING BRIDGE,367851.25805,5031710.48850,-75.69430904940,45.42248738450,2017-10-15,12:00:00 PM,02 - Rain,01 - Daylight,02 - Wet,01 - Traffic signal,01 - Functioning,03 - P.D. only,04 - Sideswipe,0
17-9196,CARLING AVE @ BAYSHORE DR/BIRCHDALE AVE,359005.58709,5023990.93374,-75.80818102310,45.35376853440,2017-10-15,6:04:00 PM,02 - Rain,01 - Daylight,02 - Wet,01 - Traffic signal,01 - Functioning,03 - P.D. only,03 - Rear end,0
17-9197,BOWESVILLE RD btwn RIDEAU RD & MITCH OWENS RD,373378.46170,5015527.98197,-75.62593256580,45.27636330970,2017-10-15,7:33:00 PM,02 - Rain,07 - Dark,02 - Wet,10 - No control,,03 - P.D. only,07 - SMV other,0
17-9198,ROGER STEVENS DR btwn DWYER HILL RD & MALAKOFF RD,355600.11110,4990434.72225,-75.85506258250,45.05207362150,2017-10-15,9:15:00 PM,01 - Clear,07 - Dark,02 - Wet,10 - No control,,03 - P.D. only,07 - SMV other,0
17-9199,ALBURY CRES N @ DELAMERE DR N,349190.01829,5013423.70905,-75.93439548330,45.25937154060,2017-10-15,9:23:00 PM,01 - Clear,07 - Dark,01 - Dry,02 - Stop sign,00 - Unknown,03 - P.D. only,03 - Rear end,0
17-9200,SMYTH RD/OTHELLO AVE @ RUSSELL RD W,373256.25751,5029374.66749,-75.62557425720,45.40096275060,2017-10-15,10:45:00 PM,01 - Clear,07 - Dark,01 - Dry,01 - Traffic signal,01 - Functioning,03 - P.D. only,01 - Approaching,0
17-9201,CARLING AVE WB btwn HWY417 IC124 RAMP76 & KIRKWOOD AVE,364257.49932,5027484.53135,-75.74073671330,45.38477776340,2017-10-16,12:38:00 AM,01 - Clear,07 - Dark,02 - Wet,10 - No control,,03 - P.D. only,04 - Sideswipe,0
17-9202,INNES RD @ STAR TOP RD/WINDMILL LANE,374146.77905,5030666.32381,-75.61401887010,45.41249679140,2017-10-16,6:18:00 AM,01 - Clear,03 - Dawn,01 - Dry,01 - Traffic signal,01 - Functioning,03 - P.D. only,05 - Turning movement,0
17-9203,MONTREAL RD @ VANIER PKWY,370072.23643,5033064.88204,-75.66575208070,45.43446996530,2017-10-16,6:21:00 AM,01 - Clear,03 - Dawn,01 - Dry,01 - Traffic signal,01 - Functioning,03 - P.D. only,04 - Sideswipe,0
17-9204,COLONNADE RD @ PRINCE OF WALES DR,367394.90536,5023266.33771,-75.70121070540,45.34655008770,2017-10-16,7:01:00 AM,01 - Clear,03 - Dawn,01 - Dry,01 - Traffic signal,01 - Functioning,02 - Non-fatal injury,05 - Turning movement,0
17-9205,CATHCART ST @ DALHOUSIE ST,367779.16897,5032932.35261,-75.69507388700,45.43348779560,2017-10-16,7:21:00 AM,01 - Clear,01 - Daylight,01 - Dry,02 - Stop sign,01 - Functioning,02 - Non-fatal injury,02 - Angle,0
17-9206,TENTH LINE RD @ CHARLEMAGNE BLVD N/TOMPKINS AV,383183.59545,5037977.21300,-75.49741578160,45.47732009850,2017-10-16,7:44:00 AM,01 - Clear,01 - Daylight,01 - Dry,01 - Traffic signal,01 - Functioning,03 - P.D. only,03 - Rear end,0
17-9207,BLAIR RD @ REGIONAL RD 174 N/OR174 IC112 RAMP61,374634.13976,5032991.64043,-75.60746342510,45.43337027930,2017-10-16,8:26:00 AM,01 - Clear,01 - Daylight,01 - Dry,01 - Traffic signal,01 - Functioning,03 - P.D. only,03 - Rear end,0
17-9208,BAYSHORE DR @ RICHMOND RD,359372.68520,5023368.76259,-75.80356480860,45.34814176250,2017-10-16,9:07:00 AM,01 - Clear,01 - Daylight,01 - Dry,01 - Traffic signal,01 - Functioning,03 - P.D. only,04 - Sideswipe,0
17-9209,HAZELDEAN RD @ YOUNG RD,352465.04226,5017482.06205,-75.89227866990,45.29567547250,2017-10-16,8:45:00 AM,01 - Clear,01 - Daylight,01 - Dry,02 - Stop sign,00 - Unknown,03 - P.D. only,07 - SMV other,0
17-9210,WEST HUNT CLUB RD @ CLEOPATRA DR/LANCELOT DR,365235.71538,5021732.38631,-75.72894948650,45.33293715750,2017-10-16,9:54:00 AM,01 - Clear,01 - Daylight,01 - Dry,01 - Traffic signal,01 - Functioning,03 - P.D. only,05 - Turning movement,0
17-9211,BASELINE RD @ WOODROFFE AVE,362551.32954,5023771.05115,-75.76295649710,45.35150699510,2017-10-16,9:57:00 AM,01 - Clear,01 - Daylight,01 - Dry,01 - Traffic signal,01 - Functioning,03 - P.D. only,04 - Sideswipe,0
17-9212,BOTELER ST @ PARENT AVE,367556.31887,5032990.90680,-75.69791435160,45.43403468080,2017-10-10,3:40:00 PM,01 - Clear,01 - Daylight,01 - Dry,02 - Stop sign,02 - Not functioning,02 - Non-fatal injury,02 - Angle,0
17-9213,HUNT CLUB RD btwn CONROY RD & MALAK ST,373823.44149,5025441.70055,-75.61888010820,45.36551998050,2017-10-16,12:08:00 PM,01 - Clear,01 - Daylight,01 - Dry,10 - No control,,02 - Non-fatal injury,03 - Rear end,0
17-9214,AVIATION PKWY @ MONTREAL RD,372147.18997,5034108.34611,-75.63909217990,45.44366178810,2017-10-16,12:38:00 PM,01 - Clear,01 - Daylight,01 - Dry,01 - Traffic signal,00 - Unknown,03 - P.D. only,04 - Sideswipe,0
17-9215,OGILVIE RD @ 125 E OF ELMLEA GT,375092.93024,5033549.69977,-75.60152075340,45.43834541240,2017-10-16,12:37:00 PM,01 - Clear,01 - Daylight,01 - Dry,01 - Traffic signal,00 - Unknown,03 - P.D. only,03 - Rear end,0
17-9216,VALLEY STREAM DR btwn SHADOW CRT & SANDCASTLE DR,359413.92970,5021705.75560,-75.80322207600,45.33317478090,2017-10-16,2:41:00 PM,01 - Clear,01 - Daylight,01 - Dry,10 - No control,,03 - P.D. only,06 - SMV unattended vehicle,0
17-9217,KAMOURASKA CIRC btwn HARTLAND ST & TO BE DETERMINED,380855.95478,5036044.92014,-75.52748268710,45.46019231920,2017-10-15,12:00:00 AM,01 - Clear,00 - Unknown,01 - Dry,10 - No control,,03 - P.D. only,06 - SMV unattended vehicle,0
17-9218,LANCASTER RD btwn DELRIDGE LANE & BARRYMORE LANE,374383.90607,5029159.96860,-75.61120226100,45.39891982310,2017-10-16,3:35:00 PM,01 - Clear,01 - Daylight,01 - Dry,10 - No control,,03 - P.D. only,99 - Other,0
17-9219,CARRIERE ST @ ORLEANS BLVD,380793.20016,5036609.30293,-75.52819776140,45.46527701150,2017-10-16,4:14:00 PM,01 - Clear,01 - Daylight,01 - Dry,01 - Traffic signal,01 - Functioning,03 - P.D. only,03 - Rear end,0
17-9220,BOOTH ST @ OTTAWA RIVER PKWY/WELLINGTON ST,366265.26034,5031005.35011,-75.71466150710,45.41628389790,2017-10-16,5:54:00 PM,01 - Clear,01 - Daylight,01 - Dry,01 - Traffic signal,01 - Functioning,03 - P.D. only,03 - Rear end,0
17-9221,PINECREST RD @ RICHMOND RD,360072.12776,5024471.78377,-75.79451616540,45.35801195790,2017-10-16,6:47:00 PM,01 - Clear,07 - Dark,01 - Dry,01 - Traffic signal,00 - Unknown,03 - P.D. only,03 - Rear end,0
17-9222,CYRVILLE RD @ LABRIE AVE,373401.72310,5031682.27535,-75.62339521500,45.42171126170,2017-10-16,7:44:00 PM,01 - Clear,07 - Dark,01 - Dry,02 - Stop sign,01 - Functioning,03 - P.D. only,02 - Angle,0
17-9223,WHITE ALDER AVE btwn FLAT SEDGE CRES & STALWART CRES W,375462.84400,5020730.63100,-75.59862783950,45.32296847250,2017-10-16,8:06:00 PM,01 - Clear,07 - Dark,01 - Dry,10 - No control,,03 - P.D. only,06 - SMV unattended vehicle,0
17-9224,HAZELDEAN RD btwn 246 E OF CASTLEFRANK RD & IRWIN GT,352930.80519,5017907.89820,-75.88629927780,45.29947549660,2017-10-16,8:30:00 PM,01 - Clear,07 - Dark,01 - Dry,10 - No control,,03 - P.D. only,07 - SMV other,0
17-9225,RIVERSIDE DR @ WALKLEY RD,368417.63842,5024852.71519,-75.68795653730,45.36073191810,2017-10-16,8:55:00 PM,01 - Clear,07 - Dark,01 - Dry,01 - Traffic signal,01 - Functioning,02 - Non-fatal injury,03 - Rear end,0
17-9226,WOODROFFE AVE @ DEERFOX DR/STONEWAY DR,365885.54080,5015941.02025,-75.72137343010,45.28077071490,2017-10-16,10:30:00 PM,01 - Clear,07 - Dark,01 - Dry,01 - Traffic signal,01 - Functioning,03 - P.D. only,99 - Other,0
17-9227,TERRY FOX DR btwn HUNTSVILLE DR & OLD SECOND LINE RD,348077.00200,5020190.37700,-75.94798621090,45.32032973240,2017-10-17,5:45:00 AM,01 - Clear,07 - Dark,01 - Dry,10 - No control,,03 - P.D. only,07 - SMV other,0
17-9228,AVIATION PKWY @ MONTREAL RD,372146.71660,5034107.87274,-75.63909829560,45.44365757430,2017-10-17,6:00:00 AM,01 - Clear,07 - Dark,01 - Dry,01 - Traffic signal,01 - Functioning,03 - P.D. only,05 - Turning movement,0
17-9229,LEITRIM RD @ ALBION RD,373493.89497,5020422.94162,-75.62378335190,45.32039542400,2017-10-17,6:58:00 AM,01 - Clear,03 - Dawn,01 - Dry,01 - Traffic signal,01 - Functioning,02 - Non-fatal injury,07 - SMV other,1
17-9230,CATHERINE ST btwn METCALFE ST & ELGIN ST,368507.55910,5030550.81605,-75.68607338150,45.41199359060,2017-10-16,12:00:00 AM,01 - Clear,00 - Unknown,01 - Dry,10 - No control,,03 - P.D. only,06 - SMV unattended vehicle,0
17-9231,RAMSAYVILLE RD @ MITCH OWENS RD,381144.79140,5018038.19993,-75.52657409210,45.29814856110,2017-10-17,8:16:00 AM,01 - Clear,01 - Daylight,01 - Dry,02 - Stop sign,00 - Unknown,03 - P.D. only,03 - Rear end,0
17-9232,VISTAPARK DR @ BRANTHAVEN ST,385024.93900,5034951.35595,-75.47436120470,45.44988718480,2017-10-17,8:40:00 AM,01 - Clear,01 - Daylight,01 - Dry,10 - No control,00 - Unknown,03 - P.D. only,02 - Angle,0
17-9233,ALLEN BLVD @ MCARTHUR AVE,370751.17847,5032750.28166,-75.65711756580,45.43157562430,2017-10-17,9:03:00 AM,01 - Clear,01 - Daylight,01 - Dry,01 - Traffic signal,01 - Functioning,02 - Non-fatal injury,04 - Sideswipe,0
17-9234,EARL MULLIGAN DR @ WOODROFFE AVE,365250.22783,5017505.27657,-75.72928010810,45.29490074010,2017-10-17,9:47:00 AM,01 - Clear,01 - Daylight,01 - Dry,01 - Traffic signal,01 - Functioning,03 - P.D. only,02 - Angle,0
17-9235,SUNNYSIDE AVE @ LEONARD AVE,368358.89490,5028354.30169,-75.68825560900,45.39224356360,2017-10-15,4:30:00 PM,01 - Clear,01 - Daylight,01 - Dry,02 - Stop sign,01 - Functioning,02 - Non-fatal injury,02 - Angle,0
17-9236,MARENGER ST @ ST. JOSEPH BLVD,379699.74360,5036367.88094,-75.54221570650,45.46322298300,2017-10-17,10:45:00 AM,01 - Clear,01 - Daylight,01 - Dry,02 - Stop sign,00 - Unknown,03 - P.D. only,05 - Turning movement,0
17-9237,WALKLEY RD btwn HARDING RD & HALIFAX DR,373591.63388,5027869.42128,-75.62150071350,45.38738635920,2017-10-17,11:17:00 AM,01 - Clear,01 - Daylight,01 - Dry,10 - No control,,03 - P.D. only,03 - Rear end,0
17-9238,ST. JOSEPH BLVD @ JEANNE D'ARC BLVD,379861.21587,5036471.81759,-75.54013529190,45.46414079390,2017-10-17,11:25:00 AM,01 - Clear,01 - Daylight,01 - Dry,11 - Roundabout,01 - Functioning,03 - P.D. only,02 - Angle,0
17-9239,PRINCE ALBERT ST btwn NAUGHTON ST & FRANCES ST,371496.53628,5032014.50772,-75.64769229410,45.42488477220,2017-10-13,12:00:00 AM,01 - Clear,00 - Unknown,01 - Dry,10 - No control,,03 - P.D. only,06 - SMV unattended vehicle,0
17-9240,AVIATION PKWY @ OGILVIE RD,373111.18757,5032376.82229,-75.62701097290,45.42798888270,2017-10-17,11:20:00 AM,01 - Clear,01 - Daylight,01 - Dry,01 - Traffic signal,01 - Functioning,03 - P.D. only,04 - Sideswipe,0
17-9241,FALLOWFIELD RD @ MERIVALE RD,366892.04705,5018846.47589,-75.70818147930,45.30682553930,2017-10-17,11:38:00 AM,01 - Clear,01 - Daylight,01 - Dry,01 - Traffic signal,01 - Functioning,03 - P.D. only,02 - Angle,0
17-9242,LAURIER AVE @ NICHOLAS ST,368373.63672,5031798.26955,-75.68762325760,45.42322993140,2017-10-17,1:01:00 PM,01 - Clear,01 - Daylight,01 - Dry,01 - Traffic signal,01 - Functioning,03 - P.D. only,04 - Sideswipe,0
17-9243,CARP RD @ STITTSVILLE MAIN ST,349523.78276,5014330.20330,-75.93006135120,45.26750736620,2017-10-17,1:00:00 PM,01 - Clear,01 - Daylight,01 - Dry,01 - Traffic signal,01 - Functioning,03 - P.D. only,03 - Rear end,0
17-9244,BLACKBURN BYPASS WB btwn NAVAN RD & 1700 W OF NAVAN RD,379490.32235,5033174.89675,-75.54537808360,45.43451728310,2017-10-15,7:35:00 PM,02 - Rain,07 - Dark,02 - Wet,10 - No control,,03 - P.D. only,03 - Rear end,0
17-9245,ST. JOSEPH BLVD btwn PRESTONE DR & TENTH LINE RD,382879.52375,5038662.98397,-75.50119546770,45.48352411490,2017-10-17,2:20:00 PM,01 - Clear,01 - Daylight,01 - Dry,10 - No control,,03 - P.D. only,04 - Sideswipe,0
17-9246,CARLING AVE @ HAMILTON AVE,365558.70170,5028130.30901,-75.72404256970,45.39047667560,2017-09-07,3:05:00 PM,02 - Rain,01 - Daylight,02 - Wet,02 - Stop sign,01 - Functioning,02 - Non-fatal injury,02 - Angle,0
17-9247,HERZBERG RD @ CARLING AVE,352038.09337,5022300.25611,-75.89726241630,45.33905950300,2017-10-17,3:17:00 PM,01 - Clear,01 - Daylight,01 - Dry,01 - Traffic signal,01 - Functioning,02 - Non-fatal injury,05 - Turning movement,0
17-9248,CARLING AVE @ MAITLAND AVE/SHERBOURNE RD,362943.03235,5026487.85820,-75.75763819720,45.37592017130,2017-10-17,3:52:00 PM,01 - Clear,01 - Daylight,01 - Dry,01 - Traffic signal,01 - Functioning,03 - P.D. only,04 - Sideswipe,0
17-9249,MAYFIELD ST @ MCARTHUR AVE,370066.18037,5032674.82109,-75.66588117910,45.43096092390,2017-10-17,3:50:00 PM,01 - Clear,01 - Daylight,01 - Dry,02 - Stop sign,01 - Functioning,03 - P.D. only,02 - Angle,0
17-9250,GREENHAVEN CRES @ WEST RIDGE DR N,349821.78155,5012594.22903,-75.92642129080,45.25186742560,2017-10-17,4:08:00 PM,01 - Clear,01 - Daylight,01 - Dry,10 - No control,00 - Unknown,03 - P.D. only,03 - Rear end,0
17-9251,EDGAR BRAULT ST @ ST. JOSEPH BLVD,381419.69952,5037546.73817,-75.52004109490,45.47364283450,2017-10-17,4:15:00 PM,01 - Clear,01 - Daylight,01 - Dry,01 - Traffic signal,01 - Functioning,02 - Non-fatal injury,03 - Rear end,0
17-9252,PRINCE OF WALES DR btwn NORMANDY CRES & FALAISE RD (1),367463.96285,5024887.41786,-75.70012406840,45.36113005790,2017-10-17,4:36:00 PM,01 - Clear,01 - Daylight,01 - Dry,10 - No control,,03 - P.D. only,03 - Rear end,0
17-9253,BANK ST @ MACLAREN ST,367741.16736,5030846.38191,-75.69582606710,45.41472234710,2017-10-17,4:39:00 PM,01 - Clear,01 - Daylight,01 - Dry,01 - Traffic signal,00 - Unknown,02 - Non-fatal injury,03 - Rear end,0
17-9254,MAPLE GROVE RD @ TERRY FOX DR,351555.28084,5017864.46450,-75.90384128370,45.29917755890,2017-10-17,5:01:00 PM,01 - Clear,01 - Daylight,01 - Dry,01 - Traffic signal,01 - Functioning,03 - P.D. only,05 - Turning movement,0
17-9255,FALLOWFIELD RD @ STRANDHERD DR,360751.89035,5014962.82320,-75.78691441240,45.27239614270,2017-10-17,5:28:00 PM,01 - Clear,01 - Daylight,01 - Dry,01 - Traffic signal,01 - Functioning,03 - P.D. only,03 - Rear end,0
17-9256,MONTREAL RD btwn BORTHWICK AVE & CUMMINGS AVE,371962.73729,5034019.52111,-75.64146191890,45.44288033010,2017-10-17,5:35:00 PM,01 - Clear,01 - Daylight,01 - Dry,10 - No control,,03 - P.D. only,04 - Sideswipe,0
17-9257,CATHERINE ST @ QUEEN ELIZABETH DRWY,368672.07306,5030634.56740,-75.68396091480,45.41273216050,2017-10-17,6:04:00 PM,01 - Clear,01 - Daylight,01 - Dry,10 - No control,00 - Unknown,03 - P.D. only,05 - Turning movement,0
17-9258,LOUISA ST btwn PRESTON ST & END,366457.02766,5029609.52467,-75.71238612190,45.40370777200,2017-10-17,12:00:00 AM,01 - Clear,00 - Unknown,01 - Dry,10 - No control,,03 - P.D. only,06 - SMV unattended vehicle,0
17-9259,STAGECOACH RD btwn DALMENY RD & FAWN LANE,378807.07273,4997407.21504,-75.55944106120,45.11276764170,2017-10-17,6:34:00 PM,01 - Clear,07 - Dark,01 - Dry,10 - No control,,03 - P.D. only,07 - SMV other,0
17-9260,INDUSTRIAL AVE btwn RIVERSIDE DR & SANDFORD FLEMING AVE,370833.35765,5030566.75458,-75.65636006850,45.41192140650,2017-10-17,7:20:00 PM,01 - Clear,07 - Dark,01 - Dry,10 - No control,,03 - P.D. only,04 - Sideswipe,0
17-9261,FLEWELLYN RD btwn MUNSTER RD & CONLEY RD,346831.93740,5006680.40944,-75.96500965140,45.19883699600,2017-10-17,8:42:00 PM,01 - Clear,07 - Dark,01 - Dry,10 - No control,,03 - P.D. only,07 - SMV other,0
17-9262,RICHMOND RD btwn WEST HUNT CLUB RD & STONEHAVEN DR,356931.15602,5017176.30448,-75.83537228850,45.29260705600,2017-10-17,9:39:00 PM,01 - Clear,07 - Dark,01 - Dry,10 - No control,,03 - P.D. only,07 - SMV other,0
17-9263,MARCH RD btwn PETER ROBINSON RD & CORKERY RD,335018.28490,5015279.36825,-76.11484956140,45.27682134390,2017-10-17,10:09:00 PM,01 - Clear,07 - Dark,01 - Dry,10 - No control,,03 - P.D. only,07 - SMV other,0
17-9264,MONTREAL RD btwn ST. LAURENT BLVD & HILLSIDE DR,371695.50944,5033889.02125,-75.64489523610,45.44173177790,2017-10-17,7:05:00 PM,01 - Clear,05 - Dusk,01 - Dry,10 - No control,,03 - P.D. only,02 - Angle,0
17-9265,STAGECOACH RD btwn OSGOODE MAIN ST & FOREST RD,378060.15360,5003185.70255,-75.56808578820,45.16483918380,2017-10-17,11:10:00 PM,01 - Clear,07 - Dark,01 - Dry,10 - No control,,03 - P.D. only,07 - SMV other,0
17-9266,INNES RD @ JEANNE D'ARC BLVD/MER BLEUE RD,382637.24410,5035569.59171,-75.50478423970,45.45571954060,2017-10-18,1:47:00 AM,01 - Clear,07 - Dark,01 - Dry,01 - Traffic signal,01 - Functioning,03 - P.D. only,07 - SMV other,0
17-9267,MCCORDICK RD btwn MCMULLEN RD & FAIRHURST DR,369225.55953,4993182.20980,-75.68174264300,45.07568828520,2017-10-18,6:51:00 AM,01 - Clear,03 - Dawn,01 - Dry,10 - No control,,03 - P.D. only,07 - SMV other,0
17-9268,GREENBANK RD @ WEST HUNT CLUB RD,361478.59152,5020503.29331,-75.77702034360,45.32219131150,2017-10-18,7:27:00 AM,01 - Clear,01 - Daylight,01 - Dry,01 - Traffic signal,01 - Functioning,03 - P.D. only,03 - Rear end,0
17-9269,BRIAN COBURN BLVD btwn CHAPERAL PRIV & MER BLEUE RD,383305.05000,5034512.78900,-75.49641574130,45.44613664200,2017-10-18,7:55:00 AM,01 - Clear,01 - Daylight,01 - Dry,10 - No control,,02 - Non-fatal injury,03 - Rear end,0
17-9270,OLD INNES RD @ BANTREE ST,373727.64833,5030352.49926,-75.61941697030,45.40971455990,2017-10-18,8:49:00 AM,01 - Clear,01 - Daylight,01 - Dry,02 - Stop sign,00 - Unknown,03 - P.D. only,05 - Turning movement,0
17-9271,BRIAN COBURN BLVD @ TENTH LINE RD,384428.33890,5035022.30790,-75.48197576030,45.45059377220,2017-10-18,7:15:00 AM,01 - Clear,01 - Daylight,01 - Dry,01 - Traffic signal,01 - Functioning,02 - Non-fatal injury,07 - SMV other,1
17-9272,HWY 417 MAITLAND IC126R26/62 @ MAITLAND AVE,363146.07818,5025983.26067,-75.75510556820,45.37136298880,2017-10-18,10:44:00 AM,01 - Clear,01 - Daylight,01 - Dry,01 - Traffic signal,02 - Not functioning,03 - P.D. only,05 - Turning movement,0
17-9273,WEST HUNT CLUB RD @ ANTARES DR/LASER ST,367107.37685,5022080.16391,-75.70502895980,45.33590271190,2017-10-18,10:46:00 AM,01 - Clear,01 - Daylight,01 - Dry,01 - Traffic signal,01 - Functioning,03 - P.D. only,03 - Rear end,0
17-9274,MONTREAL RD @ DUCHARME BLVD/CANTIN ST,371017.61337,5033565.99234,-75.65360307700,45.43888984790,2017-10-18,11:09:00 AM,01 - Clear,01 - Daylight,01 - Dry,01 - Traffic signal,01 - Functioning,03 - P.D. only,04 - Sideswipe,0