COLLISION_ID,LOCATION,X,Y,LONGITUDE,LATITUDE,DATE,TIME,ENVIRONMENT,LIGHT,SURFACE_CONDITION,TRAFFIC_CONTROL,TRAFFIC_CONTROL_CONDITION,COLLISION_CLASSIFICATION,IMPACT_TYPE,NO_OF_PEDESTRIANS
17-9275,RICHMOND RD btwn NEW ORCHARD AVE & WOODROFFE AVE,361526.15797,5026576.26233,-75.77571701750,45.37683176340,2017-10-18,11:12:00 AM,01 - Clear,01 - Daylight,01 - Dry,10 - No control,,03 - P.D. only,05 - Turning movement,0
17-9276,MARKLAND CRES btwn ROBLYN WAY & ROBLYN WAY,365812.53817,5016296.10317,-75.72226021630,45.28397207230,2017-10-17,12:00:00 AM,01 - Clear,00 - Unknown,01 - Dry,10 - No control,,03 - P.D. only,06 - SMV unattended vehicle,0
17-9277,HUNT CLUB RD @ RIVERSIDE DR,368037.17637,5021945.73519,-75.69318412960,45.33460996740,2017-10-18,2:23:00 PM,01 - Clear,01 - Daylight,01 - Dry,01 - Traffic signal,01 - Functioning,03 - P.D. only,02 - Angle,0
17-9278,PRINCE OF WALES DR @ WEST HUNT CLUB RD,367458.71030,5021891.77467,-75.70057063550,45.33417633390,2017-10-18,3:05:00 PM,01 - Clear,01 - Daylight,01 - Dry,01 - Traffic signal,01 - Functioning,03 - P.D. only,03 - Rear end,0
17-9279,ST. JOSEPH BLVD btwn EDGAR BRAULT ST & MAISONNEUVE ST,381449.37771,5037567.28932,-75.51965836330,45.47382447910,2017-10-18,3:21:00 PM,01 - Clear,01 - Daylight,01 - Dry,10 - No control,,03 - P.D. only,02 - Angle,0
17-9280,COBOURG ST btwn OLD ST. PATRICK ST & OLD TOWN PRIV,368825.18090,5033167.25798,-75.68167579770,45.43550639790,2017-10-18,4:06:00 PM,01 - Clear,01 - Daylight,01 - Dry,10 - No control,,03 - P.D. only,04 - Sideswipe,0
17-9281,BELCOURT BLVD @ INNES RD,382121.44689,5035267.19362,-75.51142569880,45.45305608040,2017-10-18,4:29:00 PM,01 - Clear,01 - Daylight,01 - Dry,01 - Traffic signal,01 - Functioning,02 - Non-fatal injury,03 - Rear end,0
17-9282,HWY 417 VANIER IC117R63 @ VANIER PKWY,370800.14604,5031398.59513,-75.65667292890,45.41940910120,2017-10-18,4:31:00 PM,01 - Clear,01 - Daylight,01 - Dry,01 - Traffic signal,01 - Functioning,03 - P.D. only,03 - Rear end,0
17-9283,BELFAST RD @ TREMBLAY RD,371557.63322,5031320.83497,-75.64700562740,45.41863758240,2017-10-18,4:51:00 PM,01 - Clear,05 - Dusk,01 - Dry,01 - Traffic signal,01 - Functioning,03 - P.D. only,03 - Rear end,0
17-9284,MURPHY SIDE RD @ SECOND LINE RD,343968.10850,5027532.07001,-75.99981289810,45.38663393350,2017-10-18,4:57:00 PM,01 - Clear,01 - Daylight,01 - Dry,02 - Stop sign,01 - Functioning,03 - P.D. only,02 - Angle,0
17-9285,EARL ARMSTRONG RD @ BOWESVILLE RD,372560.26763,5017441.64703,-75.63609834280,45.29366131710,2017-10-18,5:01:00 PM,01 - Clear,01 - Daylight,01 - Dry,02 - Stop sign,01 - Functioning,03 - P.D. only,02 - Angle,0
17-9286,BLACKBURN AVE @ LAURIER AVE,369187.71460,5032307.81559,-75.67715501370,45.42774017850,2017-10-18,5:00:00 PM,01 - Clear,01 - Daylight,01 - Dry,02 - Stop sign,01 - Functioning,03 - P.D. only,02 - Angle,0
17-9287,WALKLEY RD btwn BAYCREST DR & HEATHERINGTON RD,371530.27877,5026655.92727,-75.64798617440,45.37666721960,2017-10-18,5:31:00 PM,01 - Clear,01 - Daylight,01 - Dry,10 - No control,,03 - P.D. only,03 - Rear end,0
17-9288,HAWTHORNE RD @ HUNT CLUB RD,375507.20716,5026407.34331,-75.59725040540,45.37404054800,2017-10-18,5:45:00 PM,01 - Clear,01 - Daylight,01 - Dry,01 - Traffic signal,01 - Functioning,03 - P.D. only,03 - Rear end,0
17-9289,MITCH OWENS RD btwn RIVER RD & SPRATT RD,369742.90039,5010915.76837,-75.67286738510,45.23520835630,2017-10-18,5:49:00 PM,01 - Clear,01 - Daylight,01 - Dry,10 - No control,,03 - P.D. only,02 - Angle,0
17-9290,CARLING AVE @ IROQUOIS RD,362214.64179,5026026.24695,-75.76699107500,45.37182670460,2017-10-18,6:42:00 PM,01 - Clear,07 - Dark,01 - Dry,01 - Traffic signal,01 - Functioning,02 - Non-fatal injury,07 - SMV other,2
17-9291,PAMILLA ST btwn PRESTON ST & ROCHESTER ST,366806.83317,5029148.50830,-75.70797605870,45.39952877300,2017-10-15,12:00:00 AM,01 - Clear,00 - Unknown,01 - Dry,10 - No control,,03 - P.D. only,06 - SMV unattended vehicle,0
17-9292,CARRUTHERS AVE btwn STONEHURST AVE & SCOTT ST,365140.32153,5029879.96943,-75.72917123380,45.40625590790,2017-10-18,12:00:00 AM,01 - Clear,00 - Unknown,01 - Dry,10 - No control,,03 - P.D. only,06 - SMV unattended vehicle,0
17-9293,UPPER DWYER HILL RD btwn CARROLL SIDE RD & MARCH RD,333917.17544,5014470.89496,-76.12893098450,45.26959267520,2017-10-18,8:37:00 PM,01 - Clear,07 - Dark,01 - Dry,10 - No control,,03 - P.D. only,07 - SMV other,0
17-9294,CONROY RD @ JOHNSTON RD,373397.14155,5026307.79090,-75.62420114220,45.37335455370,2017-10-18,9:15:00 PM,01 - Clear,07 - Dark,01 - Dry,01 - Traffic signal,01 - Functioning,02 - Non-fatal injury,02 - Angle,0
17-9295,VIEWMOUNT DR btwn MERIVALE RD & GRANT CARMAN DR,365298.24560,5023010.36316,-75.72799553220,45.34443084230,2017-10-18,9:46:00 PM,01 - Clear,07 - Dark,01 - Dry,10 - No control,,03 - P.D. only,02 - Angle,0
17-9296,REGIONAL ROAD 174 btwn OR174 IC112 RAMP15 & TRANSIT,375184.89852,5033115.32082,-75.60040747340,45.43442786790,2017-10-19,12:02:00 AM,01 - Clear,07 - Dark,01 - Dry,10 - No control,,02 - Non-fatal injury,99 - Other,0
17-9297,SOMERSET ST    W btwn BOOTH ST & UPPER LORNE PL,366599.32704,5030260.63209,-75.71048693630,45.40955371060,2017-10-19,12:03:00 AM,01 - Clear,07 - Dark,01 - Dry,10 - No control,,03 - P.D. only,04 - Sideswipe,0
17-9298,OR174 IC102 RAMP36 btwn REGIONAL ROAD 174 & TRANSIT,381447.63493,5038216.18597,-75.51957940350,45.47966289300,2017-10-19,12:45:00 AM,01 - Clear,07 - Dark,01 - Dry,10 - No control,,03 - P.D. only,07 - SMV other,0
17-9299,SLACK RD @ WOODROFFE AVE,364232.73675,5019974.71489,-75.74195551610,45.31720742940,2017-10-19,7:24:00 AM,01 - Clear,01 - Daylight,01 - Dry,01 - Traffic signal,01 - Functioning,03 - P.D. only,03 - Rear end,0
17-9300,DUMAURIER AVE @ RAMSEY CRES S,360122.35255,5023335.58927,-75.79400228330,45.34778453740,2017-10-19,7:53:00 AM,01 - Clear,01 - Daylight,01 - Dry,02 - Stop sign,01 - Functioning,03 - P.D. only,02 - Angle,0
17-9301,BANK ST btwn FINDLAY CREEK DR & BLAIS RD,376003.41460,5020091.51466,-75.59182509120,45.31716334500,2017-10-19,8:01:00 AM,01 - Clear,01 - Daylight,01 - Dry,10 - No control,,02 - Non-fatal injury,07 - SMV other,0
17-9302,LAXFORD DR btwn TYNE CRT & REDCAR CRES,348915.73951,5023582.99499,-75.93698589080,45.35080518710,2017-10-19,8:15:00 AM,01 - Clear,01 - Daylight,01 - Dry,10 - No control,,03 - P.D. only,99 - Other,0
17-9303,CONROY RD @ QUEENSDALE AVE,374351.73980,5024042.80104,-75.61233376350,45.35288105380,2017-10-19,9:14:00 AM,01 - Clear,01 - Daylight,01 - Dry,02 - Stop sign,00 - Unknown,03 - P.D. only,02 - Angle,0
17-9304,CARLING AVE @ CROYDON AVE,360658.20270,5025042.27855,-75.78697170930,45.36309879860,2017-10-19,9:58:00 AM,01 - Clear,01 - Daylight,01 - Dry,01 - Traffic signal,01 - Functioning,03 - P.D. only,05 - Turning movement,0
17-9305,CARP RD @ GALETTA SIDE RD,328150.63835,5035348.41581,-76.20143198780,45.45767475660,2017-10-19,10:25:00 AM,01 - Clear,01 - Daylight,01 - Dry,02 - Stop sign,01 - Functioning,03 - P.D. only,02 - Angle,0
17-9306,HAWTHORNE RD @ LEITRIM RD,377041.39559,5022699.81707,-75.57820710020,45.34052562030,2017-10-18,7:35:00 PM,01 - Clear,07 - Dark,01 - Dry,01 - Traffic signal,01 - Functioning,03 - P.D. only,03 - Rear end,0
17-9307,CHARLEMAGNE BLVD @ VALADE CRES W,383393.93021,5038002.51144,-75.49472181370,45.47752406690,2017-10-19,11:33:00 AM,01 - Clear,01 - Daylight,01 - Dry,02 - Stop sign,01 - Functioning,03 - P.D. only,05 - Turning movement,0
17-9308,RICHMOND RD btwn WINSTON AVE & CHURCHILL AVE N,363128.28552,5028223.67556,-75.75506800740,45.39152341210,2017-10-19,11:35:00 AM,01 - Clear,01 - Daylight,01 - Dry,10 - No control,,03 - P.D. only,06 - SMV unattended vehicle,0
17-9309,CATHERINE ST @ KENT ST,367907.70750,5030187.85434,-75.69378277470,45.40878212520,2017-10-19,11:48:00 AM,01 - Clear,01 - Daylight,01 - Dry,01 - Traffic signal,01 - Functioning,03 - P.D. only,05 - Turning movement,0
17-9310,FISHER AVE @ MEADOWLANDS DR,366575.39935,5025044.77710,-75.71144540610,45.36262480650,2017-10-19,12:15:00 PM,01 - Clear,01 - Daylight,01 - Dry,01 - Traffic signal,01 - Functioning,03 - P.D. only,02 - Angle,0
17-9311,WEST HUNT CLUB RD @ CLEOPATRA DR/LANCELOT DR,365235.76154,5021732.43246,-75.72894889280,45.33293756920,2017-10-19,12:35:00 PM,01 - Clear,01 - Daylight,01 - Dry,01 - Traffic signal,01 - Functioning,02 - Non-fatal injury,05 - Turning movement,0
17-9312,ST. JOSEPH BLVD @ JEANNE D'ARC BLVD,379861.28524,5036471.30953,-75.54013448350,45.46413621500,2017-10-19,11:30:00 AM,01 - Clear,01 - Daylight,01 - Dry,11 - Roundabout,01 - Functioning,03 - P.D. only,03 - Rear end,0
17-9313,210 W OF MERIVALE RD @ WEST HUNT CLUB RD,365430.63705,5021830.43234,-75.72645085460,45.33380254900,2017-10-19,12:20:00 PM,01 - Clear,01 - Daylight,01 - Dry,01 - Traffic signal,00 - Unknown,03 - P.D. only,05 - Turning movement,0
17-9314,COLONNADE RD @ MERIVALE RD,365364.23774,5022544.22503,-75.72721056530,45.34023089920,2017-10-19,12:51:00 PM,01 - Clear,01 - Daylight,01 - Dry,01 - Traffic signal,01 - Functioning,02 - Non-fatal injury,03 - Rear end,0
17-9315,RENAUD RD @ NAVAN RD,381816.76110,5032737.26585,-75.51571651820,45.43032746820,2017-10-19,1:03:00 PM,01 - Clear,01 - Daylight,01 - Dry,01 - Traffic signal,01 - Functioning,03 - P.D. only,02 - Angle,0
17-9316,STRANDHERD DR @ WOODROFFE AVE,366105.61126,5015394.33489,-75.71863608360,45.27583251150,2017-10-19,1:49:00 PM,01 - Clear,01 - Daylight,01 - Dry,01 - Traffic signal,01 - Functioning,03 - P.D. only,03 - Rear end,0
17-9317,BANK ST @ QUEENSDALE AVE,373337.39212,5023446.11474,-75.62536072500,45.34761216750,2017-10-19,2:36:00 PM,01 - Clear,01 - Daylight,01 - Dry,01 - Traffic signal,01 - Functioning,03 - P.D. only,05 - Turning movement,0
17-9318,PAULA CRES btwn BERNADETTE PL & BANNER RD,360134.79696,5021422.27455,-75.79405746210,45.33056754010,2017-10-19,12:00:00 AM,01 - Clear,00 - Unknown,01 - Dry,10 - No control,,03 - P.D. only,06 - SMV unattended vehicle,0
17-9319,TENTH LINE RD @ CHARLEMAGNE BLVD S/DES EPINETT,383640.97510,5036900.45590,-75.49173924100,45.46758093120,2017-10-19,4:11:00 PM,01 - Clear,01 - Daylight,01 - Dry,01 - Traffic signal,01 - Functioning,03 - P.D. only,02 - Angle,0
17-9320,BANK ST @ CATHERINE ST,368039.55646,5030266.66993,-75.69208842750,45.40947938200,2017-10-19,4:21:00 PM,01 - Clear,01 - Daylight,01 - Dry,01 - Traffic signal,01 - Functioning,02 - Non-fatal injury,07 - SMV other,1
17-9321,INDUSTRIAL AVE/INNES RD @ ST. LAURENT BLVD,373099.61537,5030005.60413,-75.62748750290,45.40665492870,2017-10-19,4:23:00 PM,01 - Clear,01 - Daylight,01 - Dry,01 - Traffic signal,01 - Functioning,03 - P.D. only,03 - Rear end,0
17-9322,RICHMOND RD btwn BERKLEY AVE & ROOSEVELT AVE,362970.33230,5028108.18985,-75.75709872920,45.39049742710,2017-10-19,5:36:00 PM,01 - Clear,01 - Daylight,01 - Dry,10 - No control,,03 - P.D. only,06 - SMV unattended vehicle,0
17-9323,BRONSON AVE @ IMPERIAL AVE/PLYMOUTH ST,367318.25056,5029643.23284,-75.70138155660,45.40393468200,2017-10-19,6:55:00 PM,01 - Clear,07 - Dark,01 - Dry,10 - No control,00 - Unknown,03 - P.D. only,05 - Turning movement,0
17-9324,BASELINE RD @ WOODROFFE AVE,362548.60472,5023771.86155,-75.76299117450,45.35151451140,2017-10-19,6:55:00 PM,01 - Clear,07 - Dark,01 - Dry,01 - Traffic signal,01 - Functioning,03 - P.D. only,03 - Rear end,0
17-9325,SILVER SEVEN RD btwn 280 N OF PALLADIUM DR/COSTCO SC & PALLADIUM DR,350982.56189,5017961.74725,-75.91113435220,45.30009081800,2017-10-19,7:14:00 PM,01 - Clear,07 - Dark,01 - Dry,10 - No control,,03 - P.D. only,05 - Turning movement,0
17-9326,BRONSON AVE @ GLOUCESTER ST,366833.22873,5030792.80939,-75.70743205260,45.41432139600,2017-10-19,7:24:00 PM,01 - Clear,07 - Dark,01 - Dry,01 - Traffic signal,01 - Functioning,03 - P.D. only,04 - Sideswipe,0
17-9327,ST. LAURENT BLVD btwn FOLEY AVE & WALKLEY RD,373889.70662,5028075.61764,-75.61766578140,45.38921228060,2017-10-19,8:11:00 PM,01 - Clear,07 - Dark,01 - Dry,10 - No control,,03 - P.D. only,04 - Sideswipe,0
17-9328,BILLINGS AVE @ RIVERSIDE DR,369673.05561,5028556.94073,-75.67144686830,45.39394633470,2017-10-19,9:23:00 PM,01 - Clear,07 - Dark,01 - Dry,02 - Stop sign,00 - Unknown,03 - P.D. only,03 - Rear end,0
17-9329,KNOXDALE RD btwn GIBBARD AVE & CONOVER ST,361919.92338,5020956.85377,-75.77133894720,45.32623667010,2017-10-20,1:36:00 AM,01 - Clear,07 - Dark,01 - Dry,10 - No control,,02 - Non-fatal injury,07 - SMV other,0
17-9330,BANK ST btwn CHESLEY ST & RIVERDALE AVE,369022.10418,5028176.61430,-75.67980940560,45.39058428170,2017-10-20,6:09:00 AM,01 - Clear,03 - Dawn,01 - Dry,10 - No control,,02 - Non-fatal injury,03 - Rear end,0
17-9331,INNES RD btwn INNES RD & PAGE RD,380638.81410,5034395.18184,-75.53051320650,45.44537286640,2017-10-20,6:12:00 AM,01 - Clear,07 - Dark,01 - Dry,10 - No control,,02 - Non-fatal injury,03 - Rear end,0
17-9332,GLEESON WAY btwn FINCHLEY DR & BEATRICE DR,365256.30446,5015784.42845,-75.72941232950,45.27941610100,2017-10-19,12:00:00 AM,01 - Clear,00 - Unknown,01 - Dry,10 - No control,,03 - P.D. only,06 - SMV unattended vehicle,0
17-9333,FIFTH LINE RD btwn GREENLAND RD & BERRY SIDE RD,346975.43108,5030545.02332,-75.96115259260,45.41357044610,2017-10-20,7:33:00 AM,01 - Clear,01 - Daylight,01 - Dry,10 - No control,,03 - P.D. only,07 - SMV other,0
17-9334,EARL MULLIGAN DR @ WOODROFFE AVE,365250.70120,5017505.64589,-75.72927402800,45.29490402230,2017-10-20,8:13:00 AM,01 - Clear,01 - Daylight,01 - Dry,01 - Traffic signal,01 - Functioning,03 - P.D. only,03 - Rear end,0
17-9335,FALLOWFIELD RD btwn HWY416 IC66 RAMP62 & STRANDHERD DR,360555.20987,5014932.03218,-75.78942429420,45.27213470380,2017-10-20,8:20:00 AM,01 - Clear,01 - Daylight,01 - Dry,10 - No control,,03 - P.D. only,03 - Rear end,0
17-9336,ESSON ST @ HUNT CLUB RD,374640.28084,5025906.16415,-75.60838833770,45.36961810540,2017-10-20,8:29:00 AM,01 - Clear,01 - Daylight,01 - Dry,02 - Stop sign,01 - Functioning,03 - P.D. only,03 - Rear end,0
17-9337,ABBEYHILL DR @ EAGLESON RD,353827.56558,5018035.01294,-75.87485307640,45.30055729310,2017-10-20,8:57:00 AM,01 - Clear,01 - Daylight,01 - Dry,01 - Traffic signal,01 - Functioning,03 - P.D. only,03 - Rear end,0
17-9338,ALASKEN DR @ KELLY FARM DR,375434.60600,5019917.44100,-75.59910396350,45.31565455070,2017-10-20,9:09:00 AM,01 - Clear,01 - Daylight,01 - Dry,02 - Stop sign,01 - Functioning,02 - Non-fatal injury,02 - Angle,0
17-9339,JASMINE CRES S @ OGILVIE RD,375355.40466,5033721.87998,-75.59814155920,45.43986815170,2017-10-20,9:49:00 AM,01 - Clear,01 - Daylight,01 - Dry,02 - Stop sign,01 - Functioning,02 - Non-fatal injury,02 - Angle,0
17-9340,ST. JOSEPH BLVD/OLD MONTREAL RD @ TRIM RD,384682.45925,5039285.27346,-75.47803446500,45.48891888830,2017-10-20,10:00:00 AM,01 - Clear,01 - Daylight,01 - Dry,11 - Roundabout,00 - Unknown,03 - P.D. only,03 - Rear end,0
17-9341,DONALD ST @ ST. LAURENT BLVD,372093.23953,5032471.87484,-75.64000545960,45.42894279990,2017-10-20,10:31:00 AM,01 - Clear,01 - Daylight,01 - Dry,01 - Traffic signal,01 - Functioning,02 - Non-fatal injury,05 - Turning movement,0
17-9342,STITTSVILLE MAIN ST @ HAZELDEAN RD,349557.45135,5014878.95369,-75.92958285650,45.27244307390,2017-10-18,5:10:00 PM,01 - Clear,01 - Daylight,01 - Dry,01 - Traffic signal,01 - Functioning,02 - Non-fatal injury,03 - Rear end,0
17-9343,RICHARDSON SIDE RD/TERON RD @ STEACIE DR,351408.10477,5021708.38151,-75.90535610540,45.33377582710,2017-10-20,11:19:00 AM,01 - Clear,01 - Daylight,01 - Dry,02 - Stop sign,00 - Unknown,03 - P.D. only,05 - Turning movement,0
17-9344,GRAINSTONE WAY btwn DRUMHELLER PL & DRUMHELLER PL,349074.85600,5019833.20900,-75.93529076320,45.31705361100,2017-10-20,11:19:00 AM,01 - Clear,01 - Daylight,01 - Dry,10 - No control,,03 - P.D. only,02 - Angle,0
17-9345,MEADOWBROOK RD btwn TELESAT CRT & ENGLEWOOD PL,375115.93591,5032273.85712,-75.60140893510,45.42686378990,2017-10-20,11:33:00 AM,01 - Clear,01 - Daylight,01 - Dry,10 - No control,,03 - P.D. only,06 - SMV unattended vehicle,0
17-9346,MERIVALE RD @ KINGSTON AVE,364902.70470,5026273.79777,-75.73264565600,45.37382874000,2017-10-20,11:55:00 AM,01 - Clear,01 - Daylight,01 - Dry,02 - Stop sign,01 - Functioning,03 - P.D. only,03 - Rear end,0
17-9347,GRENON AVE @ RICHMOND RD,359806.67050,5024032.80004,-75.79795300600,45.35408286460,2017-10-20,12:17:00 PM,01 - Clear,01 - Daylight,01 - Dry,01 - Traffic signal,01 - Functioning,03 - P.D. only,05 - Turning movement,0
17-9348,CYRVILLE RD @ INNES RD,375048.26744,5031119.83557,-75.60243813920,45.41648733520,2017-10-20,12:18:00 PM,01 - Clear,01 - Daylight,01 - Dry,01 - Traffic signal,01 - Functioning,03 - P.D. only,03 - Rear end,0
17-9349,COLONEL BY DR/SUSSEX DR @ RIDEAU ST,367922.22234,5032044.81675,-75.69335949290,45.42548915800,2017-10-20,12:43:00 PM,01 - Clear,01 - Daylight,01 - Dry,01 - Traffic signal,01 - Functioning,03 - P.D. only,03 - Rear end,0
17-9350,HAWTHORNE RD/RUSSELL RD @ WALKLEY RD,374674.83394,5028500.05743,-75.60758015250,45.39295329330,2017-10-20,2:42:00 PM,01 - Clear,01 - Daylight,01 - Dry,01 - Traffic signal,01 - Functioning,03 - P.D. only,04 - Sideswipe,0
17-9351,FRANKTOWN RD @ JOY'S RD W,355256.99194,5004890.73447,-75.85796126690,45.18218021950,2017-10-20,2:41:00 PM,01 - Clear,01 - Daylight,01 - Dry,02 - Stop sign,00 - Unknown,03 - P.D. only,03 - Rear end,0
17-9352,MITCH OWENS RD btwn RAMSAYVILLE RD & 8TH LINE RD,381389.99850,5018183.56006,-75.52342560860,45.29942974410,2017-10-20,3:30:00 PM,01 - Clear,01 - Daylight,01 - Dry,10 - No control,,03 - P.D. only,03 - Rear end,0
17-9353,FALLOWFIELD RD @ RICHMOND RD,357722.10897,5013528.70594,-75.82567786790,45.25972624060,2017-10-20,3:36:00 PM,01 - Clear,01 - Daylight,01 - Dry,01 - Traffic signal,01 - Functioning,03 - P.D. only,03 - Rear end,0
17-9354,HAZELDEAN RD btwn GO/KA BOUNDARY & HUNTMAR DR/IBER RD,351089.15222,5016214.51384,-75.90993836960,45.28436169660,2017-10-20,3:44:00 PM,01 - Clear,01 - Daylight,01 - Dry,10 - No control,,02 - Non-fatal injury,03 - Rear end,0
17-9355,COOPER ST @ LYON ST,367322.65245,5030792.32601,-75.70117959650,45.41427348820,2017-10-20,4:03:00 PM,01 - Clear,01 - Daylight,01 - Dry,02 - Stop sign,01 - Functioning,02 - Non-fatal injury,05 - Turning movement,0
17-9356,HAWTHORNE RD btwn AGES DR & STEVENAGE DR,375001.89253,5027639.17387,-75.60352603670,45.38517477730,2017-10-20,4:07:00 PM,01 - Clear,01 - Daylight,01 - Dry,10 - No control,,03 - P.D. only,05 - Turning movement,0
17-9357,ST. LAURENT BLVD @ WALKLEY RD,373904.17022,5028046.14504,-75.61748521800,45.38894567270,2017-10-20,3:00:00 PM,01 - Clear,01 - Daylight,01 - Dry,01 - Traffic signal,01 - Functioning,03 - P.D. only,04 - Sideswipe,0
17-9358,HUNT CLUB RD @ PIKE ST/MAPLE PARK PRIV,373295.79175,5025087.32857,-75.62566415820,45.36238324270,2017-10-20,4:24:00 PM,01 - Clear,01 - Daylight,01 - Dry,01 - Traffic signal,01 - Functioning,02 - Non-fatal injury,05 - Turning movement,0
17-9359,BEECH ST btwn CHAMPAGNE AVE S & RAILWAY ST,366499.81177,5029189.59693,-75.71189218180,45.39992560200,2017-10-20,10:45:00 AM,01 - Clear,01 - Daylight,01 - Dry,10 - No control,,03 - P.D. only,06 - SMV unattended vehicle,0
17-9360,PINECREST RD btwn KELLY AVE & DUMAURIER AVE,360300.85060,5023891.07895,-75.79166220480,45.35276872220,2017-10-20,4:15:00 PM,01 - Clear,01 - Daylight,01 - Dry,10 - No control,,03 - P.D. only,02 - Angle,0
17-9361,WALKLEY RD @ DON REID DR/RYDER ST,372602.06135,5027284.54400,-75.63421686440,45.38222036640,2017-10-20,5:15:00 PM,01 - Clear,01 - Daylight,01 - Dry,01 - Traffic signal,01 - Functioning,02 - Non-fatal injury,03 - Rear end,0
17-9362,FLINTRIDGE CRES btwn BRIDLE PARK DR & BRIDLE PARK DR,356040.02224,5016353.94742,-75.84681767440,45.28527288070,2017-10-20,8:00:00 AM,01 - Clear,01 - Daylight,01 - Dry,10 - No control,,03 - P.D. only,06 - SMV unattended vehicle,0
17-9363,SLATER ST btwn COMMISSIONER ST & BAY ST,366792.45122,5030961.27673,-75.70793180490,45.41584082930,2017-10-20,5:19:00 PM,01 - Clear,01 - Daylight,01 - Dry,10 - No control,,02 - Non-fatal injury,03 - Rear end,0
17-9364,BYRON AVE @ TWEEDSMUIR AVE,363593.16800,5028304.79145,-75.74912166750,45.39221440530,2017-10-20,5:10:00 PM,01 - Clear,01 - Daylight,01 - Dry,02 - Stop sign,01 - Functioning,03 - P.D. only,02 - Angle,0
17-9365,INDUSTRIAL AVE btwn RIVERSIDE DR & SANDFORD FLEMING AVE,370794.35225,5030573.28610,-75.65685747140,45.41198385370,2017-10-20,6:13:00 PM,01 - Clear,01 - Daylight,01 - Dry,10 - No control,,03 - P.D. only,03 - Rear end,0
17-9366,INDUSTRIAL AVE/INNES RD @ ST. LAURENT BLVD,373099.39295,5030005.56670,-75.62749034890,45.40665461390,2017-10-20,6:42:00 PM,01 - Clear,05 - Dusk,01 - Dry,01 - Traffic signal,01 - Functioning,03 - P.D. only,03 - Rear end,0
17-9367,HUNTMAR DR btwn PALLADIUM DR & MAPLE GROVE RD,349801.99713,5017225.55474,-75.92625356640,45.29354294890,2017-10-20,6:51:00 PM,01 - Clear,05 - Dusk,01 - Dry,10 - No control,,02 - Non-fatal injury,02 - Angle,0
17-9368,FOURTH LINE RD btwn CALLENDOR RD & DILWORTH RD,370267.67725,4995101.00755,-75.66825776420,45.09285831050,2017-10-20,7:02:00 PM,01 - Clear,05 - Dusk,01 - Dry,10 - No control,,03 - P.D. only,07 - SMV other,0
17-9369,MARCH RD @ TERRY FOX DR,349864.60860,5023399.26995,-75.92489357870,45.34909165750,2017-10-20,7:04:00 PM,01 - Clear,07 - Dark,01 - Dry,01 - Traffic signal,01 - Functioning,03 - P.D. only,99 - Other,0
17-9370,TERRY FOX DR btwn PALLADIUM DR & MAPLE GROVE RD,351486.85148,5017939.09137,-75.90470672520,45.29985362230,2017-10-20,7:11:00 PM,01 - Clear,07 - Dark,01 - Dry,10 - No control,,03 - P.D. only,03 - Rear end,0
17-9371,BEECH ST @ CHAMPAGNE AVE,366466.70140,5029178.75154,-75.71231642540,45.39983093510,2017-10-20,7:58:00 PM,01 - Clear,07 - Dark,01 - Dry,02 - Stop sign,02 - Not functioning,02 - Non-fatal injury,07 - SMV other,1
17-9372,MONTREAL RD btwn MONA AVE & LAFONTAINE AVE,370814.72929,5033469.13239,-75.65620905900,45.43803753120,2017-10-20,8:18:00 PM,01 - Clear,07 - Dark,01 - Dry,10 - No control,,03 - P.D. only,07 - SMV other,0
17-9373,STITTSVILLE MAIN ST @ HAZELDEAN RD,349558.87147,5014878.95369,-75.92956475880,45.27244298350,2017-10-20,9:48:00 PM,01 - Clear,07 - Dark,01 - Dry,01 - Traffic signal,01 - Functioning,03 - P.D. only,03 - Rear end,0
17-9374,BOUNDARY RD btwn EIGHTH LINE RD & HWY417 IC96 RAMP61,386822.71979,5025363.47438,-75.45297623750,45.36341561710,2017-10-20,10:01:00 PM,01 - Clear,07 - Dark,01 - Dry,10 - No control,,02 - Non-fatal injury,07 - SMV other,1
17-9375,GILMOUR ST @ O'CONNOR ST,367943.23803,5030868.33331,-75.69324173700,45.41490165370,2017-10-20,10:01:00 PM,01 - Clear,07 - Dark,01 - Dry,01 - Traffic signal,01 - Functioning,03 - P.D. only,04 - Sideswipe,0
17-9376,ROBERTSON RD btwn HAZELDEAN RD & HAANEL DR,353928.88547,5018570.17761,-75.87350819370,45.30536573820,2017-10-20,10:05:00 PM,01 - Clear,07 - Dark,01 - Dry,10 - No control,,03 - P.D. only,07 - SMV other,0
17-9377,BREADNER BLVD @ UPLANDS DR,370656.73200,5021963.26361,-75.65976355650,45.33452671920,2017-10-20,10:43:00 PM,01 - Clear,07 - Dark,01 - Dry,02 - Stop sign,01 - Functioning,03 - P.D. only,02 - Angle,0
17-9378,LONGFIELDS DR @ SILVER SAGE AVE,364506.05060,5016545.54720,-75.73888278410,45.28632875080,2017-10-21,12:26:00 AM,01 - Clear,07 - Dark,01 - Dry,02 - Stop sign,01 - Functioning,03 - P.D. only,02 - Angle,0
17-9379,BANK ST @ ST. BERNARD ST,373005.28649,5023708.41423,-75.62956221950,45.35000461640,2017-10-21,9:18:00 AM,01 - Clear,01 - Daylight,01 - Dry,01 - Traffic signal,01 - Functioning,03 - P.D. only,02 - Angle,0