COLLISION_ID,LOCATION,X,Y,LONGITUDE,LATITUDE,DATE,TIME,ENVIRONMENT,LIGHT,SURFACE_CONDITION,TRAFFIC_CONTROL,TRAFFIC_CONTROL_CONDITION,COLLISION_CLASSIFICATION,IMPACT_TYPE,NO_OF_PEDESTRIANS
17-9380,CARLING AVE @ IROQUOIS RD,362214.15937,5026025.76679,-75.76699728900,45.37182242330,2017-10-20,4:15:00 PM,01 - Clear,01 - Daylight,01 - Dry,01 - Traffic signal,01 - Functioning,03 - P.D. only,03 - Rear end,0
17-9381,RIVERSIDE DR btwn OLD RIVERSIDE DR & RIVERGATE WAY,368104.77140,5023343.19223,-75.69214299040,45.34717789860,2017-10-21,10:05:00 AM,01 - Clear,01 - Daylight,01 - Dry,10 - No control,,03 - P.D. only,03 - Rear end,0
17-9382,DORIMA ST @ INNES RD,384313.01926,5036322.40990,-75.48323964040,45.46230403000,2017-10-21,10:53:00 AM,01 - Clear,01 - Daylight,01 - Dry,02 - Stop sign,01 - Functioning,02 - Non-fatal injury,02 - Angle,0
17-9383,PRINCESS AVE @ ROCKCLIFFE PKWY,368227.36655,5034331.93199,-75.68916576260,45.44604018180,2017-10-20,5:00:00 PM,01 - Clear,01 - Daylight,01 - Dry,11 - Roundabout,01 - Functioning,03 - P.D. only,03 - Rear end,0
17-9384,DALY AVE @ KING EDWARD AVE,368591.70760,5032273.34675,-75.68477539080,45.42748465340,2017-10-21,12:32:00 PM,01 - Clear,01 - Daylight,01 - Dry,02 - Stop sign,01 - Functioning,03 - P.D. only,02 - Angle,0
17-9385,ALTA VISTA DR @ PALEN AVE,370423.05345,5027285.21290,-75.66203808500,45.38243389280,2017-10-21,12:48:00 PM,01 - Clear,01 - Daylight,01 - Dry,02 - Stop sign,01 - Functioning,03 - P.D. only,02 - Angle,0
17-9386,EAGLESON RD @ FALLOWFIELD RD,355961.63410,5012594.16675,-75.84820418800,45.25144726520,2017-10-21,12:56:00 PM,01 - Clear,01 - Daylight,01 - Dry,01 - Traffic signal,01 - Functioning,02 - Non-fatal injury,07 - SMV other,0
17-9387,TERRY FOX DR @ PALLADIUM DR/KATIMAVIK RD,351269.24010,5018182.01415,-75.90745851940,45.30205393440,2017-10-21,1:13:00 PM,01 - Clear,01 - Daylight,01 - Dry,01 - Traffic signal,01 - Functioning,02 - Non-fatal injury,03 - Rear end,0
17-9388,ALBERNI ST btwn SUNRIDGE LANE & DEEVY ST,363573.58173,5015455.54114,-75.75089771180,45.27659945600,2017-10-21,1:32:00 PM,01 - Clear,01 - Daylight,01 - Dry,10 - No control,,03 - P.D. only,06 - SMV unattended vehicle,0
17-9389,OLD SECOND LINE RD @ TERRY FOX DR,348795.20000,5022408.41290,-75.93862864270,45.34024357990,2017-10-21,1:27:00 PM,01 - Clear,01 - Daylight,01 - Dry,01 - Traffic signal,01 - Functioning,03 - P.D. only,03 - Rear end,0
17-9390,BLAIR RD btwn MONTREAL RD & SEGUIN ST,374024.02128,5034426.44263,-75.61505849270,45.44634051010,2017-10-21,1:50:00 PM,01 - Clear,01 - Daylight,01 - Dry,10 - No control,,03 - P.D. only,02 - Angle,0
17-9391,WALKLEY RD btwn HOLLY LANE & TURN LANE,372181.97616,5027035.49587,-75.63961442820,45.38002006160,2017-10-21,1:53:00 PM,01 - Clear,01 - Daylight,01 - Dry,10 - No control,,02 - Non-fatal injury,04 - Sideswipe,0
17-9392,DUROCHER ST @ MONTREAL RD,370135.75271,5033101.82455,-75.66493545950,45.43479642760,2017-10-21,2:07:00 PM,01 - Clear,01 - Daylight,01 - Dry,02 - Stop sign,01 - Functioning,03 - P.D. only,02 - Angle,0
17-9393,CARLING AVE @ BAYSHORE DR/BIRCHDALE AVE,359004.81162,5023990.32888,-75.80819098630,45.35376315240,2017-10-21,2:39:00 PM,01 - Clear,01 - Daylight,01 - Dry,01 - Traffic signal,01 - Functioning,03 - P.D. only,05 - Turning movement,0
17-9394,MARKETPLACE AVE @ RIOCAN AVE,364286.85700,5014761.59890,-75.74189055550,45.27029537550,2017-10-21,2:42:00 PM,01 - Clear,01 - Daylight,01 - Dry,02 - Stop sign,02 - Not functioning,02 - Non-fatal injury,07 - SMV other,0
17-9395,HAWTHORNE RD @ HUNT CLUB RD,375507.74990,5026407.88605,-75.59724339970,45.37404537710,2017-10-21,2:42:00 PM,01 - Clear,01 - Daylight,01 - Dry,01 - Traffic signal,01 - Functioning,03 - P.D. only,03 - Rear end,0
17-9396,PRESLAND RD @ LOLA ST,371175.19610,5031861.85915,-75.65181878040,45.42354187240,2017-10-21,2:50:00 PM,01 - Clear,01 - Daylight,01 - Dry,02 - Stop sign,01 - Functioning,02 - Non-fatal injury,07 - SMV other,1
17-9397,BRACEWOOD WAY btwn SILVERTHORN CRT & GOLFLINKS DR,365718.39477,5013571.31425,-75.72379446180,45.25946267200,2017-10-20,12:00:00 AM,01 - Clear,00 - Unknown,01 - Dry,10 - No control,,03 - P.D. only,06 - SMV unattended vehicle,0
17-9398,CLARENCE ST btwn CUMBERLAND ST & KING EDWARD AVE,368299.34056,5032658.51238,-75.68846164540,45.43097683990,2017-10-21,3:12:00 PM,01 - Clear,01 - Daylight,01 - Dry,10 - No control,,03 - P.D. only,04 - Sideswipe,0
17-9399,COLONEL BY DR btwn RIDEAU ST & MACKENZIE AVE,367940.81259,5032015.67072,-75.69312568690,45.42522523350,2017-10-19,7:00:00 PM,01 - Clear,05 - Dusk,01 - Dry,10 - No control,,03 - P.D. only,02 - Angle,0
17-9400,DRAPER AVE btwn MORRISON DR & CORNELL ST,360233.72059,5022558.96297,-75.79266819920,45.34078766490,2017-10-20,12:00:00 AM,01 - Clear,07 - Dark,01 - Dry,10 - No control,,03 - P.D. only,06 - SMV unattended vehicle,0
17-9401,PRINCE OF WALES DR @ WEST HUNT CLUB RD,367458.23693,5021891.26661,-75.70057673910,45.33417180430,2017-10-21,5:06:00 PM,01 - Clear,05 - Dusk,01 - Dry,01 - Traffic signal,00 - Unknown,03 - P.D. only,03 - Rear end,0
17-9402,BANK ST @ RIDGEMONT AVE,370079.72090,5026627.29391,-75.66650872590,45.37654623130,2017-10-21,5:37:00 PM,01 - Clear,07 - Dark,01 - Dry,02 - Stop sign,00 - Unknown,02 - Non-fatal injury,03 - Rear end,0
17-9403,SECOND AVE btwn BANK ST & O'CONNOR ST,368476.38242,5029730.23952,-75.68657764040,45.40461314920,2017-10-21,12:00:00 AM,01 - Clear,00 - Unknown,01 - Dry,10 - No control,,03 - P.D. only,06 - SMV unattended vehicle,0
17-9404,MERTON ST @ WELLINGTON ST,365489.64495,5029594.08362,-75.72474433200,45.40365337500,2017-10-21,6:04:00 PM,01 - Clear,01 - Daylight,01 - Dry,02 - Stop sign,00 - Unknown,02 - Non-fatal injury,05 - Turning movement,0
17-9405,ISABELLA ST/HWY417 IC119AR75 @ METCALFE ST,368448.13515,5030399.56710,-75.68685203310,45.41063810950,2017-10-21,6:10:00 PM,01 - Clear,05 - Dusk,01 - Dry,01 - Traffic signal,01 - Functioning,03 - P.D. only,04 - Sideswipe,0
17-9406,BRUYERE ST @ KING EDWARD AVE,368140.20300,5033039.25877,-75.69044628090,45.43441709080,2017-10-21,6:23:00 PM,01 - Clear,05 - Dusk,01 - Dry,02 - Stop sign,01 - Functioning,03 - P.D. only,04 - Sideswipe,0
17-9407,BANK ST @ WALKLEY RD,370338.18645,5025946.39711,-75.66329934210,45.37039561570,2017-10-21,7:39:00 PM,01 - Clear,07 - Dark,01 - Dry,01 - Traffic signal,01 - Functioning,02 - Non-fatal injury,99 - Other,0
17-9408,HAMILTON AVE   N btwn ARMSTRONG ST & WELLINGTON ST W,365028.07298,5029344.46195,-75.73067044910,45.40144720060,2017-10-21,10:24:00 PM,01 - Clear,07 - Dark,01 - Dry,10 - No control,,03 - P.D. only,02 - Angle,0
17-9409,HAZELDEAN RD @ TERRY FOX DR,352208.61434,5017241.78210,-75.89557086990,45.29353071970,2017-10-22,1:48:00 AM,01 - Clear,07 - Dark,01 - Dry,01 - Traffic signal,01 - Functioning,03 - P.D. only,07 - SMV other,0
17-9410,BOOTH ST @ OTTAWA RIVER PKWY/WELLINGTON ST,366263.92255,5031005.35011,-75.71467859730,45.41628401540,2017-10-22,7:13:00 AM,01 - Clear,01 - Daylight,01 - Dry,01 - Traffic signal,01 - Functioning,03 - P.D. only,07 - SMV other,0
17-9411,SAUNDERSON DR btwn WESTON DR & PLEASANT PARK RD,373130.10700,5028819.32683,-75.62726238240,45.39597836880,2017-10-22,9:59:00 AM,01 - Clear,01 - Daylight,01 - Dry,10 - No control,,02 - Non-fatal injury,01 - Approaching,0
17-9412,CARLING AVE @ WYLIE AVE,359142.45975,5024078.24577,-75.80642466580,45.35454357540,2017-10-22,12:00:00 PM,01 - Clear,01 - Daylight,01 - Dry,02 - Stop sign,01 - Functioning,02 - Non-fatal injury,02 - Angle,0
17-9413,INNES RD @ PORTOBELLO BLVD,385631.29633,5036892.31491,-75.46629140090,45.46728019440,2017-10-22,12:05:00 PM,01 - Clear,01 - Daylight,01 - Dry,01 - Traffic signal,01 - Functioning,03 - P.D. only,03 - Rear end,0
17-9414,MARCH RD btwn BEARHILL RD & ROB LYTLE'S LANE,338196.95674,5018009.91714,-76.07415270000,45.30124843950,2017-10-22,12:07:00 PM,01 - Clear,01 - Daylight,01 - Dry,10 - No control,,02 - Non-fatal injury,07 - SMV other,0
17-9415,KING EDWARD AVE btwn DALY AVE & STEWART ST,368616.98865,5032230.32826,-75.68445791860,45.42709528240,2017-10-22,12:20:00 PM,01 - Clear,01 - Daylight,01 - Dry,10 - No control,,03 - P.D. only,06 - SMV unattended vehicle,0
17-9416,PALLADIUM DR @ SILVER SEVEN RD,351052.08107,5017887.68349,-75.91025488150,45.29941979810,2017-10-22,12:46:00 PM,01 - Clear,01 - Daylight,01 - Dry,01 - Traffic signal,01 - Functioning,03 - P.D. only,05 - Turning movement,0
17-9417,BRIDLEWOOD DR @ STONEHAVEN DR,354796.05234,5016897.37906,-75.86261942280,45.29025237870,2017-10-22,1:17:00 PM,01 - Clear,01 - Daylight,01 - Dry,02 - Stop sign,01 - Functioning,03 - P.D. only,03 - Rear end,0
17-9418,RAYMOND ST/HWY 417 ROCHEST IC121BR16 @ ROCHEST,366737.67441,5029618.60195,-75.70880031200,45.40376467160,2017-10-22,2:08:00 PM,01 - Clear,01 - Daylight,01 - Dry,01 - Traffic signal,01 - Functioning,03 - P.D. only,05 - Turning movement,0
17-9419,BLAIR RD @ INNES RD,375578.73490,5031439.79179,-75.59561524590,45.41931266480,2017-10-22,9:00:00 AM,01 - Clear,01 - Daylight,01 - Dry,01 - Traffic signal,01 - Functioning,03 - P.D. only,04 - Sideswipe,0
17-9420,SMYTH RD E/LANCASTER RD @ ST. LAURENT BLVD N/R,373364.66755,5029424.08120,-75.62418277420,45.40139674330,2017-10-22,2:43:00 PM,01 - Clear,01 - Daylight,01 - Dry,01 - Traffic signal,01 - Functioning,03 - P.D. only,03 - Rear end,0
17-9421,CENTURY RD @ FOURTH LINE RD,362212.64444,5004061.99431,-75.76955637400,45.17419122170,2017-10-22,3:15:00 PM,01 - Clear,01 - Daylight,01 - Dry,02 - Stop sign,01 - Functioning,03 - P.D. only,04 - Sideswipe,0
17-9422,ST. JOSEPH BLVD/OLD MONTREAL RD @ TRIM RD,384683.15130,5039284.64774,-75.47802571530,45.48891317880,2017-10-22,3:33:00 PM,01 - Clear,01 - Daylight,01 - Dry,11 - Roundabout,01 - Functioning,03 - P.D. only,02 - Angle,0
17-9423,STANLEY AVE @ SUSSEX DR,367831.62253,5033871.68931,-75.69428327160,45.44193488550,2017-10-22,3:39:00 PM,01 - Clear,01 - Daylight,01 - Dry,01 - Traffic signal,01 - Functioning,02 - Non-fatal injury,03 - Rear end,0
17-9424,CARLING AVE @ CROYDON AVE,360657.26048,5025042.75419,-75.78698368170,45.36310315310,2017-10-22,5:01:00 PM,01 - Clear,01 - Daylight,01 - Dry,01 - Traffic signal,01 - Functioning,03 - P.D. only,02 - Angle,0
17-9425,PRINCE OF WALES DR @ STRANDHERD DR,367175.28980,5014823.48094,-75.70507563630,45.27060193040,2017-10-22,5:21:00 PM,01 - Clear,01 - Daylight,01 - Dry,01 - Traffic signal,01 - Functioning,03 - P.D. only,03 - Rear end,0
17-9426,LAPORTE ST btwn EAST ACRES RD & BEAVERHILL DR,375883.31511,5034148.54758,-75.59133288820,45.44365357390,2017-10-22,7:52:00 PM,01 - Clear,07 - Dark,01 - Dry,10 - No control,,03 - P.D. only,06 - SMV unattended vehicle,0
17-9427,GREY FOX DR btwn TO BE DETERMINED & MARCH RD,336341.34965,5016476.89731,-76.09791059060,45.28753926840,2017-10-22,9:17:00 PM,01 - Clear,07 - Dark,01 - Dry,10 - No control,,03 - P.D. only,07 - SMV other,0
17-9428,ORLEANS BLVD btwn BROKEN OAK DR & JEANNE D'ARC BLVD N,379915.85842,5038273.28689,-75.53916123580,45.48034312160,2017-10-22,9:40:00 PM,01 - Clear,07 - Dark,01 - Dry,10 - No control,,03 - P.D. only,07 - SMV other,0
17-9429,MCCARTHY RD btwn SOUTHMORE DR W & PLANTE DR,369489.52183,5024735.85546,-75.67429125860,45.35958236010,2017-10-23,12:44:00 AM,01 - Clear,07 - Dark,01 - Dry,10 - No control,,03 - P.D. only,01 - Approaching,0
17-9430,WOODROFFE AVE @ SPORTSPLEX N,363762.63494,5021066.35473,-75.74782101450,45.32706957450,2017-10-23,7:15:00 AM,01 - Clear,01 - Daylight,01 - Dry,01 - Traffic signal,00 - Unknown,03 - P.D. only,05 - Turning movement,0
17-9431,DES EPINETTES AVE @ JEANNE D'ARC BLVD,382227.22147,5035958.33471,-75.50996472960,45.45926267550,2017-10-23,8:35:00 AM,01 - Clear,01 - Daylight,01 - Dry,01 - Traffic signal,01 - Functioning,03 - P.D. only,03 - Rear end,0
17-9432,FRANK KENNY RD W @ INNES RD,387531.21350,5037629.98049,-75.44187429830,45.47369448440,2017-10-23,9:14:00 AM,01 - Clear,01 - Daylight,01 - Dry,02 - Stop sign,01 - Functioning,03 - P.D. only,02 - Angle,0
17-9433,FISHER AVE @ MEADOWLANDS DR,366574.11815,5025044.26257,-75.71146182320,45.36262029000,2017-10-23,9:22:00 AM,01 - Clear,01 - Daylight,01 - Dry,01 - Traffic signal,01 - Functioning,02 - Non-fatal injury,05 - Turning movement,0
17-9434,ELMLEA DR btwn ELMLEA GT & TO BE DETERMINED,374872.14139,5033567.53489,-75.60433997370,45.43852804490,2017-10-22,6:00:00 PM,01 - Clear,01 - Daylight,01 - Dry,10 - No control,,03 - P.D. only,99 - Other,0
17-9435,GEORGE ST @ WILLIAM ST,368048.44547,5032233.28331,-75.69172244280,45.42717351270,2017-10-23,12:20:00 PM,01 - Clear,01 - Daylight,01 - Dry,01 - Traffic signal,00 - Unknown,03 - P.D. only,04 - Sideswipe,0
17-9436,HUNT CLUB RD @ BRIDLE PATH DR/DAZE ST,371291.91542,5023866.82258,-75.65140456750,45.35159446140,2017-10-23,1:21:00 PM,01 - Clear,01 - Daylight,01 - Dry,01 - Traffic signal,01 - Functioning,03 - P.D. only,03 - Rear end,0
17-9437,FALLOWFIELD RD @ VIA PARK PL/275 W OF WOODROFFE AVE,364848.20721,5017766.17522,-75.73437368170,45.29728276450,2017-10-23,1:41:00 PM,01 - Clear,01 - Daylight,01 - Dry,01 - Traffic signal,01 - Functioning,02 - Non-fatal injury,05 - Turning movement,0
17-9438,GLADSTONE AVE @ PRESTON ST,366489.70600,5029712.32171,-75.71195586500,45.40462983300,2017-10-23,2:18:00 PM,01 - Clear,01 - Daylight,01 - Dry,01 - Traffic signal,00 - Unknown,03 - P.D. only,02 - Angle,0
17-9439,RICHMOND RD @ WOODROFFE AVE,361585.77188,5026653.70909,-75.77494701880,45.37752379360,2017-10-23,2:26:00 PM,01 - Clear,01 - Daylight,01 - Dry,01 - Traffic signal,01 - Functioning,03 - P.D. only,03 - Rear end,0
17-9440,HOLLAND AVE @ WELLINGTON ST,364930.17477,5029153.79109,-75.73194409520,45.39974000080,2017-10-23,2:54:00 PM,01 - Clear,01 - Daylight,01 - Dry,01 - Traffic signal,01 - Functioning,03 - P.D. only,04 - Sideswipe,0
17-9441,BRONSON AVE btwn BRONSON AVE NB ON RAMP 42 & BRONSON AVE SB OFF RAMP 3,367751.80709,5028458.77118,-75.69599494930,45.39323838700,2017-10-23,3:10:00 PM,01 - Clear,01 - Daylight,01 - Dry,10 - No control,,03 - P.D. only,04 - Sideswipe,0
17-9442,AVIATION PKWY @ AVIATION/ROCKCLIFFE PKWY WB ON,371682.80138,5035492.32327,-75.64483968480,45.45615872310,2017-10-23,3:21:00 PM,01 - Clear,01 - Daylight,01 - Dry,02 - Stop sign,01 - Functioning,03 - P.D. only,02 - Angle,0
17-9443,MONTREAL RD @ STE. ANNE ST,370707.18197,5033416.35931,-75.65759062970,45.43757284810,2017-10-23,4:09:00 PM,01 - Clear,01 - Daylight,01 - Dry,02 - Stop sign,01 - Functioning,03 - P.D. only,05 - Turning movement,0
17-9444,BELFAST RD @ COVENTRY RD,371523.67711,5031641.17209,-75.64739607080,45.42152307490,2017-10-23,4:13:00 PM,01 - Clear,01 - Daylight,01 - Dry,01 - Traffic signal,01 - Functioning,03 - P.D. only,04 - Sideswipe,0
17-9445,CARLING AVE @ KIRKWOOD AVE N,364275.48748,5027493.05206,-75.74050600030,45.38485290410,2017-10-23,4:14:00 PM,01 - Clear,01 - Daylight,01 - Dry,01 - Traffic signal,01 - Functioning,03 - P.D. only,04 - Sideswipe,0
17-9446,MERIVALE RD @ MACFARLANE RD,366152.85793,5020632.65849,-75.71738577780,45.32296236710,2017-10-23,4:19:00 PM,01 - Clear,01 - Daylight,01 - Dry,02 - Stop sign,00 - Unknown,03 - P.D. only,05 - Turning movement,0
17-9447,SIXTH LINE RD btwn BERRY SIDE RD & RIDDELL DR,350017.34714,5029272.94461,-75.92240664860,45.40193417550,2017-10-23,4:15:00 PM,01 - Clear,01 - Daylight,01 - Dry,10 - No control,,03 - P.D. only,07 - SMV other,0
17-9448,BLAIR RD @ MONTREAL RD,374020.05465,5034438.91590,-75.61510743970,45.44645313080,2017-10-23,3:30:00 PM,01 - Clear,01 - Daylight,01 - Dry,01 - Traffic signal,01 - Functioning,03 - P.D. only,99 - Other,0
17-9449,HERON RD @ 155 W OF BANK ST/CANADIAN TIRE SC,369848.10679,5026832.84458,-75.66943858390,45.37841725150,2017-10-23,4:49:00 PM,01 - Clear,01 - Daylight,01 - Dry,01 - Traffic signal,00 - Unknown,03 - P.D. only,05 - Turning movement,0
17-9450,CARLING AVE @ ISLAND PARK DR,365348.22160,5027998.25965,-75.72674659450,45.38930675280,2017-10-23,4:53:00 PM,01 - Clear,01 - Daylight,01 - Dry,01 - Traffic signal,01 - Functioning,03 - P.D. only,02 - Angle,0
17-9451,CYRVILLE RD @ STAR TOP RD,373830.67515,5031518.32611,-75.61793761450,45.42019393440,2017-10-23,5:56:00 PM,01 - Clear,05 - Dusk,01 - Dry,01 - Traffic signal,01 - Functioning,03 - P.D. only,03 - Rear end,0
17-9452,EAGLESON RD @ HWY 417 EAGLESO IC138R51/PARK AN,353037.81540,5020014.16928,-75.88472988310,45.31842084350,2017-10-23,6:17:00 PM,01 - Clear,05 - Dusk,01 - Dry,01 - Traffic signal,01 - Functioning,03 - P.D. only,03 - Rear end,0
17-9453,AVIATION PKWY btwn LA CITE PRIV & AVIATION PKWY (1),372471.90241,5033215.16810,-75.63506461790,45.43559405740,2017-10-23,6:36:00 PM,01 - Clear,07 - Dark,01 - Dry,10 - No control,,03 - P.D. only,03 - Rear end,0
17-9454,BANK ST btwn TURN LANE & SPRINGHILL RD,384046.76316,5009181.07400,-75.49099101490,45.21813597080,2017-10-23,7:22:00 PM,01 - Clear,07 - Dark,01 - Dry,10 - No control,,02 - Non-fatal injury,05 - Turning movement,0
17-9455,CUMMINGS AVE btwn THIBAULT ST & CARON ST,372520.62130,5032743.62705,-75.63450685640,45.43134664500,2017-10-24,12:00:00 AM,02 - Rain,00 - Unknown,02 - Wet,10 - No control,,03 - P.D. only,07 - SMV other,0
17-9456,RICHMOND RD btwn WEST HUNT CLUB RD & STONEHAVEN DR,356988.53337,5017426.49041,-75.83461449920,45.29485400830,2017-10-24,6:50:00 AM,02 - Rain,07 - Dark,02 - Wet,10 - No control,,02 - Non-fatal injury,03 - Rear end,0
17-9457,ANNA AVE @ CARLING AVE,365198.17540,5027892.79165,-75.72867554790,45.38837072930,2017-10-24,6:59:00 AM,02 - Rain,07 - Dark,02 - Wet,02 - Stop sign,01 - Functioning,02 - Non-fatal injury,07 - SMV other,1
17-9458,RENAUD RD @ NAVAN RD,381819.16507,5032741.24752,-75.51568517660,45.43036302680,2017-10-24,7:24:00 AM,02 - Rain,03 - Dawn,02 - Wet,01 - Traffic signal,01 - Functioning,02 - Non-fatal injury,07 - SMV other,1
17-9459,MARCH RD @ SOLANDT RD,350490.55525,5022710.26571,-75.91696942080,45.34285135070,2017-10-24,7:37:00 AM,02 - Rain,01 - Daylight,02 - Wet,01 - Traffic signal,01 - Functioning,03 - P.D. only,05 - Turning movement,0
17-9460,TERRY FOX DR btwn COPE DR & TRANS CANADA TRAIL,353647.18689,5015544.19655,-75.87739819710,45.27815690550,2017-10-23,5:15:00 PM,01 - Clear,01 - Daylight,01 - Dry,10 - No control,,03 - P.D. only,03 - Rear end,0
17-9461,RIVERSIDE DR RAMP 42A @ RIVERSIDE DR,368441.53353,5027267.11436,-75.68734048520,45.38245386620,2017-10-24,7:56:00 AM,02 - Rain,01 - Daylight,02 - Wet,03 - Yield sign,01 - Functioning,03 - P.D. only,03 - Rear end,0
17-9462,REGIONAL ROAD 174 btwn OR174 IC105 RAMP63 & OR174 IC102 RAMP36,379909.23293,5037315.21713,-75.53939245470,45.47172388300,2017-10-24,8:16:00 AM,02 - Rain,01 - Daylight,02 - Wet,10 - No control,,03 - P.D. only,03 - Rear end,0
17-9463,CARLING AVE EB btwn HOLLAND AVE & PARKDALE AVE,365444.45790,5028024.49998,-75.72551446150,45.38953453100,2017-10-24,10:04:00 AM,02 - Rain,01 - Daylight,02 - Wet,10 - No control,,03 - P.D. only,04 - Sideswipe,0
17-9464,LONGSHADOW ST @ DOZOIS RD,371714.22175,5012015.20857,-75.64761486740,45.24491637430,2017-10-24,8:23:00 AM,02 - Rain,01 - Daylight,02 - Wet,02 - Stop sign,01 - Functioning,03 - P.D. only,05 - Turning movement,0
17-9465,CORALROOT AVE @ LONGFIELDS DR,364999.23460,5016865.77700,-75.73255751060,45.28916809940,2017-10-24,8:10:00 AM,01 - Clear,01 - Daylight,02 - Wet,02 - Stop sign,00 - Unknown,03 - P.D. only,04 - Sideswipe,0
17-9466,ALBERT ST btwn METCALFE ST & ELGIN ST,367709.38270,5031624.81249,-75.69613274370,45.42172927290,2017-10-24,8:41:00 AM,02 - Rain,01 - Daylight,02 - Wet,10 - No control,,02 - Non-fatal injury,07 - SMV other,1
17-9467,BASELINE RD @ MERIVALE RD,365053.69306,5025325.51490,-75.73083376590,45.36528328590,2017-10-24,8:43:00 AM,02 - Rain,01 - Daylight,02 - Wet,01 - Traffic signal,01 - Functioning,03 - P.D. only,03 - Rear end,0
17-9468,CARP RD btwn THOMAS A. DOLAN PKWY & NORMA LANE,336633.11670,5025962.22677,-76.09358125560,45.37287963630,2017-10-24,9:37:00 AM,01 - Clear,01 - Daylight,01 - Dry,10 - No control,,03 - P.D. only,07 - SMV other,0
17-9469,HWY 417 MOODIE IC134R52 @ MOODIE DR,356459.42060,5022042.94096,-75.84087865370,45.33643253420,2017-10-24,9:42:00 AM,02 - Rain,01 - Daylight,02 - Wet,01 - Traffic signal,00 - Unknown,03 - P.D. only,04 - Sideswipe,0
17-9470,BANK ST @ HERON RD,369994.77325,5026851.77889,-75.66756358320,45.37857398410,2017-10-13,2:35:00 PM,01 - Clear,01 - Daylight,01 - Dry,01 - Traffic signal,01 - Functioning,03 - P.D. only,03 - Rear end,0
17-9471,PRINCE OF WALES DR @ WEST HUNT CLUB RD,367458.71030,5021892.21336,-75.70057058000,45.33418028120,2017-10-24,10:24:00 AM,02 - Rain,01 - Daylight,02 - Wet,01 - Traffic signal,01 - Functioning,03 - P.D. only,04 - Sideswipe,0
17-9472,BANTREE ST @ INNES RD,373706.08458,5030406.99140,-75.61968480710,45.41020697670,2017-10-24,10:29:00 AM,01 - Clear,01 - Daylight,01 - Dry,01 - Traffic signal,01 - Functioning,03 - P.D. only,05 - Turning movement,0
17-9473,ROGER STEVENS DR btwn SECOND LINE RD S & DORACK DR,370203.57151,5001668.85575,-75.66821375780,45.15196228630,2017-10-24,10:40:00 AM,02 - Rain,01 - Daylight,02 - Wet,10 - No control,,03 - P.D. only,04 - Sideswipe,0
17-9474,OR174 IC109 RAMP65 @ MONTREAL RD,376402.64599,5034982.89707,-75.58457363690,45.45110752250,2017-10-24,11:16:00 AM,02 - Rain,01 - Daylight,02 - Wet,01 - Traffic signal,01 - Functioning,02 - Non-fatal injury,01 - Approaching,0
17-9475,WEST HUNT CLUB RD WB btwn KNOXDALE RD & WOODROFFE AVE,363621.93360,5021226.37066,-75.74959675680,45.32852119380,2017-10-24,10:05:00 AM,02 - Rain,01 - Daylight,02 - Wet,10 - No control,,03 - P.D. only,04 - Sideswipe,0
17-9476,CAMPEAU DR/HWY 417 MARCH IC138R63 @ MARCH RD,352841.74262,5020476.54295,-75.88718578380,45.32259482030,2017-10-24,11:48:00 AM,02 - Rain,01 - Daylight,02 - Wet,01 - Traffic signal,01 - Functioning,03 - P.D. only,03 - Rear end,0
17-9477,HUNT CLUB RD @ UPLANDS DR,370157.20510,5023122.68684,-75.66598296160,45.34500560500,2017-10-24,12:14:00 PM,01 - Clear,01 - Daylight,02 - Wet,01 - Traffic signal,01 - Functioning,02 - Non-fatal injury,02 - Angle,0
17-9478,CHARLEMAGNE BLVD @ WATTERS RD,384559.28250,5038048.80215,-75.47981088610,45.47780840280,2017-10-24,12:22:00 PM,01 - Clear,01 - Daylight,02 - Wet,02 - Stop sign,01 - Functioning,03 - P.D. only,07 - SMV other,0
17-9479,GOULBOURN FORCED RD @ KANATA AVE,349775.69121,5020354.27685,-75.92630500320,45.32169777610,2017-10-24,12:25:00 PM,02 - Rain,01 - Daylight,02 - Wet,01 - Traffic signal,00 - Unknown,03 - P.D. only,07 - SMV other,0
17-9480,MCARTHUR AVE btwn CRETE PL & ALLEN BLVD,370548.06683,5032727.29946,-75.65971620190,45.43138796510,2017-10-24,2:12:00 PM,01 - Clear,01 - Daylight,01 - Dry,10 - No control,,03 - P.D. only,06 - SMV unattended vehicle,0
17-9481,BEECH ST @ PRESTON ST,366685.69964,5029270.22450,-75.70950789850,45.40063466100,2017-10-24,2:26:00 PM,01 - Clear,01 - Daylight,01 - Dry,01 - Traffic signal,01 - Functioning,02 - Non-fatal injury,02 - Angle,0
17-9482,HUNT CLUB RD @ UPLANDS DR,370155.72386,5023122.82989,-75.66600184220,45.34500703060,2017-10-24,3:08:00 PM,01 - Clear,01 - Daylight,01 - Dry,01 - Traffic signal,01 - Functioning,03 - P.D. only,05 - Turning movement,0
17-9483,GREENBANK RD btwn HARRISON ST & BANNER RD,360983.91872,5021659.44292,-75.78319858140,45.33263411430,2017-10-24,3:45:00 PM,01 - Clear,01 - Daylight,01 - Dry,10 - No control,,03 - P.D. only,07 - SMV other,0
17-9484,MERIVALE RD btwn AMBERWOOD CRES & FALLOWFIELD RD,366834.84283,5018983.29835,-75.70889377200,45.30806170660,2017-10-24,3:42:00 PM,01 - Clear,01 - Daylight,01 - Dry,10 - No control,,03 - P.D. only,03 - Rear end,0