COLLISION_ID,LOCATION,X,Y,LONGITUDE,LATITUDE,DATE,TIME,ENVIRONMENT,LIGHT,SURFACE_CONDITION,TRAFFIC_CONTROL,TRAFFIC_CONTROL_CONDITION,COLLISION_CLASSIFICATION,IMPACT_TYPE,NO_OF_PEDESTRIANS
17-9485,KNOXDALE RD @ WEST HUNT CLUB RD,361864.16360,5020584.71605,-75.77209308580,45.32289271610,2017-10-24,3:35:00 PM,01 - Clear,01 - Daylight,01 - Dry,01 - Traffic signal,01 - Functioning,03 - P.D. only,07 - SMV other,0
17-9486,REGIONAL ROAD 174 EB btwn HWY417 IC113 RAMP65 & OR174 BLAIR IC112 RAMP51,374777.28860,5032802.68054,-75.60566094730,45.43165581340,2017-10-24,3:55:00 PM,01 - Clear,01 - Daylight,01 - Dry,10 - No control,,03 - P.D. only,03 - Rear end,0
17-9487,CAMPEAU DR btwn TERRY FOX DR & HERLIHEY WAY,350463.55836,5019047.49035,-75.91765170480,45.30989456290,2017-10-24,3:59:00 PM,01 - Clear,01 - Daylight,01 - Dry,10 - No control,,03 - P.D. only,05 - Turning movement,0
17-9488,BANK ST @ WALKLEY RD,370337.85200,5025948.44496,-75.66330334040,45.37041407340,2017-10-24,8:23:00 AM,02 - Rain,01 - Daylight,02 - Wet,01 - Traffic signal,01 - Functioning,03 - P.D. only,04 - Sideswipe,0
17-9489,ELGIN ST @ MCLEOD ST,368424.71210,5030778.85455,-75.68710228900,45.41405294180,2017-10-24,5:51:00 PM,01 - Clear,01 - Daylight,01 - Dry,02 - Stop sign,01 - Functioning,03 - P.D. only,02 - Angle,0
17-9490,WEST HUNT CLUB RD WB btwn 545 E OF ROYDON PL/SUNDERLAND ST & ANTARES D,366523.14947,5022509.05458,-75.71242882510,45.33981343780,2017-10-24,3:30:00 PM,01 - Clear,01 - Daylight,01 - Dry,10 - No control,,03 - P.D. only,07 - SMV other,0
17-9491,GREENBANK RD btwn BATEMAN DR/BELLMAN DR & GREENBANK SQUARE SC,361322.14742,5020862.88914,-75.77897470580,45.32543956830,2017-10-24,3:40:00 PM,01 - Clear,01 - Daylight,01 - Dry,10 - No control,,03 - P.D. only,07 - SMV other,0
17-9492,ELGIN ST btwn GLADSTONE AVE & MCLEOD ST,368392.04938,5030830.69566,-75.68751287090,45.41452235970,2017-10-24,6:22:00 PM,01 - Clear,05 - Dusk,01 - Dry,10 - No control,,03 - P.D. only,03 - Rear end,0
17-9493,FLEWELLYN RD @ SHEA RD,352993.81475,5012174.17833,-75.88605247860,45.24787758720,2017-10-24,6:26:00 PM,01 - Clear,07 - Dark,01 - Dry,02 - Stop sign,01 - Functioning,03 - P.D. only,07 - SMV other,0
17-9494,INNES RD @ PROVENCE AVE,386110.03642,5037083.81462,-75.46013837690,45.46894755220,2017-10-24,7:05:00 PM,01 - Clear,07 - Dark,01 - Dry,01 - Traffic signal,01 - Functioning,03 - P.D. only,02 - Angle,0
17-9495,WALKLEY RD btwn COLLISTON CRES & COLLISTON CRES,370945.39876,5026303.15520,-75.65550036580,45.37354855660,2017-10-24,7:23:00 PM,01 - Clear,07 - Dark,01 - Dry,10 - No control,,03 - P.D. only,03 - Rear end,0
17-9496,TENTH LINE RD btwn AMIENS ST & 275 N OF DES EPINETTES AVE/FALLINGBROOK,383385.86399,5037488.46159,-75.49490719900,45.47290002380,2017-10-24,7:30:00 PM,01 - Clear,07 - Dark,01 - Dry,10 - No control,,03 - P.D. only,03 - Rear end,0
17-9497,ST. LAURENT BLVD btwn COVENTRY RD & LEMIEUX ST,372343.12607,5031860.81490,-75.63689611720,45.42342068330,2017-10-24,8:18:00 PM,01 - Clear,07 - Dark,01 - Dry,10 - No control,,03 - P.D. only,03 - Rear end,0
17-9498,CROYDON AVE @ RICHMOND RD,360545.17730,5025271.50070,-75.78838850410,45.36517032590,2017-10-24,8:28:00 PM,01 - Clear,07 - Dark,01 - Dry,01 - Traffic signal,01 - Functioning,03 - P.D. only,05 - Turning movement,0
17-9499,EARL ARMSTRONG RD @ BOWESVILLE RD,372562.85058,5017440.50516,-75.63606557090,45.29365079440,2017-10-24,9:26:00 PM,02 - Rain,07 - Dark,02 - Wet,02 - Stop sign,01 - Functioning,03 - P.D. only,02 - Angle,0
17-9500,WOODROFFE AVE @ HWY 417 WOODROFF IC127R26/HWY4,362083.16027,5024940.70103,-75.76879541300,45.36206981760,2017-10-24,9:31:00 PM,02 - Rain,07 - Dark,02 - Wet,01 - Traffic signal,01 - Functioning,02 - Non-fatal injury,05 - Turning movement,0
17-9501,MARKETPLACE AVE btwn RIOCAN AVE & TRANSITWAY SOUTHWEST,364246.16684,5014737.21630,-75.74241199080,45.27007942130,2017-10-24,9:52:00 PM,02 - Rain,07 - Dark,02 - Wet,10 - No control,,02 - Non-fatal injury,02 - Angle,0
17-9502,LAURIER AVE @ NICHOLAS ST,368374.58375,5031797.55984,-75.68761124790,45.42322345880,2017-10-24,10:07:00 PM,01 - Clear,07 - Dark,01 - Dry,01 - Traffic signal,01 - Functioning,03 - P.D. only,03 - Rear end,0
17-9503,FISHER AVE @ SHILLINGTON AVE,365627.77808,5027296.27383,-75.72326325670,45.38296620920,2017-10-24,10:23:00 PM,02 - Rain,07 - Dark,02 - Wet,01 - Traffic signal,01 - Functioning,03 - P.D. only,03 - Rear end,0
17-9504,PALLADIUM DR btwn HUNTMAR DR & HWY417 IC142 RAMP25,349643.89062,5017331.59025,-75.92825963370,45.29450719810,2017-10-24,11:12:00 PM,02 - Rain,07 - Dark,02 - Wet,10 - No control,,03 - P.D. only,06 - SMV unattended vehicle,0
17-9505,LEGGET DR @ TERRY FOX DR,350176.14443,5023445.20336,-75.92091380350,45.34948488890,2017-10-25,12:02:00 AM,02 - Rain,07 - Dark,02 - Wet,02 - Stop sign,01 - Functioning,03 - P.D. only,03 - Rear end,0
17-9506,EARL ARMSTRONG RD btwn Continuation of EARL ARMSTRONG RD & CANYON WALK,369355.14048,5015603.87406,-75.67719649920,45.27742708200,2017-10-25,6:57:00 AM,01 - Clear,03 - Dawn,01 - Dry,10 - No control,,03 - P.D. only,03 - Rear end,0
17-9507,JEANNE D'ARC BLVD N/OR174 IC105 RAMP63 @ TRANS,379342.54166,5037116.35025,-75.54666929070,45.46999534880,2017-10-25,7:15:00 AM,01 - Clear,03 - Dawn,01 - Dry,01 - Traffic signal,00 - Unknown,03 - P.D. only,03 - Rear end,0
17-9508,CAHILL DR @ HUNT CLUB RD,372409.36292,5024543.32341,-75.63705237180,45.35757453400,2017-10-25,7:22:00 AM,01 - Clear,01 - Daylight,01 - Dry,01 - Traffic signal,01 - Functioning,03 - P.D. only,03 - Rear end,0
17-9509,KINBURN SIDE RD btwn TORBOLTON RIDGE RD & WOODKILTON RD,336881.80981,5034920.84867,-76.08982308760,45.45348103680,2017-10-25,7:50:00 AM,01 - Clear,01 - Daylight,01 - Dry,10 - No control,,03 - P.D. only,07 - SMV other,0
17-9510,CARLING AVE EB btwn WESTGATE SC E & 73 E OF ARCHIBALD ST/WESTGATE SC W,364793.87540,5027637.82231,-75.73386925260,45.38611131200,2017-10-25,7:53:00 AM,01 - Clear,01 - Daylight,01 - Dry,10 - No control,,03 - P.D. only,05 - Turning movement,0
17-9511,PENNYCROSS LANE btwn RICHARDSON SIDE RD & DAVID MANCHESTER RD,344103.33527,5015189.11060,-75.99906613990,45.27556000130,2017-10-25,8:39:00 AM,01 - Clear,01 - Daylight,01 - Dry,10 - No control,,03 - P.D. only,04 - Sideswipe,0
17-9512,RIVERSIDE DR @ BROOKFIELD RD/HOG'S BACK RD,368168.08838,5026222.45472,-75.69096590500,45.37307908890,2017-10-25,8:45:00 AM,01 - Clear,01 - Daylight,01 - Dry,01 - Traffic signal,01 - Functioning,03 - P.D. only,03 - Rear end,0
17-9513,ST. JOSEPH BLVD @ JEANNE D'ARC BLVD,379860.04241,5036472.04407,-75.54015026170,45.46414295790,2017-10-25,8:45:00 AM,01 - Clear,01 - Daylight,01 - Dry,11 - Roundabout,01 - Functioning,03 - P.D. only,04 - Sideswipe,0
17-9514,ELMIRA DR btwn COBDEN RD & LAMBETH WALK,361493.56916,5024051.92015,-75.77642272180,45.35412055030,2017-10-25,8:53:00 AM,01 - Clear,01 - Daylight,01 - Dry,10 - No control,,03 - P.D. only,06 - SMV unattended vehicle,0
17-9515,BELLWOOD AVE btwn WILLARD ST & SCOTIA PL,369005.12925,5028408.17507,-75.67999604180,45.39266934890,2017-10-25,8:56:00 AM,01 - Clear,01 - Daylight,01 - Dry,10 - No control,,03 - P.D. only,06 - SMV unattended vehicle,0
17-9516,COOPER ST @ BANK ST,367649.18367,5030990.80849,-75.69698277080,45.41603011970,2017-10-25,9:40:00 AM,01 - Clear,01 - Daylight,01 - Dry,02 - Stop sign,01 - Functioning,03 - P.D. only,05 - Turning movement,0
17-9517,CYRVILLE RD @ STAR TOP RD,373829.72840,5031517.36806,-75.61794984410,45.42018540820,2017-10-25,10:01:00 AM,01 - Clear,01 - Daylight,01 - Dry,01 - Traffic signal,01 - Functioning,03 - P.D. only,03 - Rear end,0
17-9518,GREENFIELD AVE @ MAIN ST,368892.66225,5030816.33831,-75.68111928580,45.41434750320,2017-10-25,12:03:00 PM,01 - Clear,01 - Daylight,01 - Dry,01 - Traffic signal,00 - Unknown,03 - P.D. only,04 - Sideswipe,0
17-9519,MONTREAL RD @ CARSON'S RD/CODD'S RD,372771.80330,5034396.82287,-75.63106873740,45.44619689920,2017-10-25,12:06:00 PM,01 - Clear,01 - Daylight,01 - Dry,01 - Traffic signal,01 - Functioning,03 - P.D. only,05 - Turning movement,0
17-9520,LAKESHORE DR @ STAGECOACH RD N,376517.09770,5011963.62671,-75.58644853900,45.24397929350,2017-10-25,12:24:00 PM,01 - Clear,01 - Daylight,01 - Dry,02 - Stop sign,01 - Functioning,03 - P.D. only,07 - SMV other,0
17-9521,EAGLESON RD @ HAZELDEAN RD/ROBERTSON RD,353673.62490,5018424.69669,-75.87677742860,45.30407447800,2017-10-25,12:45:00 PM,01 - Clear,01 - Daylight,01 - Dry,01 - Traffic signal,01 - Functioning,03 - P.D. only,04 - Sideswipe,0
17-9522,MONTREAL RD @ OGILVIE RD,375654.26163,5034556.34941,-75.59420181610,45.44734598170,2017-10-25,12:55:00 PM,01 - Clear,01 - Daylight,01 - Dry,01 - Traffic signal,01 - Functioning,03 - P.D. only,03 - Rear end,0
17-9523,RIVERSIDE DR @ TREMBLAY RD/HWY417 IC117 RAMP52,370801.60473,5031015.67121,-75.65670558210,45.41596357170,2017-10-25,12:58:00 PM,01 - Clear,01 - Daylight,01 - Dry,01 - Traffic signal,01 - Functioning,03 - P.D. only,03 - Rear end,0
17-9524,ALBERT ST @ METCALFE ST,367691.18083,5031614.39073,-75.69636663820,45.42163713750,2017-10-25,1:13:00 PM,01 - Clear,01 - Daylight,01 - Dry,01 - Traffic signal,00 - Unknown,03 - P.D. only,04 - Sideswipe,0
17-9525,BANK ST btwn HERON RD & ANOKA ST,370004.94563,5026828.36752,-75.66743680400,45.37836238920,2017-10-24,9:00:00 AM,01 - Clear,01 - Daylight,01 - Dry,10 - No control,,03 - P.D. only,02 - Angle,0
17-9526,KING EDWARD AVE @ ST. PATRICK ST,368248.33428,5032823.75468,-75.68909216110,45.43246826010,2017-10-25,2:08:00 PM,01 - Clear,01 - Daylight,01 - Dry,01 - Traffic signal,01 - Functioning,03 - P.D. only,04 - Sideswipe,0
17-9527,CYCLONE TAYLOR BLVD @ HUNTMAR DR,349513.64445,5017550.15416,-75.92990042770,45.29648220460,2017-10-25,3:40:00 PM,01 - Clear,01 - Daylight,01 - Dry,01 - Traffic signal,01 - Functioning,03 - P.D. only,03 - Rear end,0
17-9528,HAZEL ST @ MAIN ST,369167.04885,5030172.88400,-75.67769796870,45.40853274310,2017-10-25,3:20:00 PM,01 - Clear,01 - Daylight,01 - Dry,01 - Traffic signal,01 - Functioning,02 - Non-fatal injury,02 - Angle,0
17-9529,BANK ST btwn LEITRIM RD & ARENA PL,375379.01357,5021570.99242,-75.59957725030,45.33053813860,2017-10-25,4:12:00 PM,01 - Clear,01 - Daylight,01 - Dry,10 - No control,,03 - P.D. only,02 - Angle,0
17-9530,REGIONAL ROAD 174 btwn TRANSIT & OR174 IC109 RAMP56,375978.32786,5033937.00272,-75.59014907880,45.44174055430,2017-10-25,4:49:00 PM,01 - Clear,01 - Daylight,01 - Dry,10 - No control,,02 - Non-fatal injury,03 - Rear end,0
17-9531,ENTERPRISE AVE @ MERIVALE RD,365829.29058,5021419.23046,-75.72141584920,45.33006805080,2017-10-25,4:50:00 PM,01 - Clear,01 - Daylight,01 - Dry,01 - Traffic signal,00 - Unknown,03 - P.D. only,03 - Rear end,0
17-9532,CONROY RD @ HUNT CLUB RD,373764.21337,5025404.75949,-75.61964125170,45.36519342970,2017-10-20,8:45:00 AM,01 - Clear,01 - Daylight,01 - Dry,01 - Traffic signal,01 - Functioning,03 - P.D. only,04 - Sideswipe,0
17-9533,MEADOWBROOK RD btwn PROGRESS PL & FOXWELL ST,374457.94565,5031598.57204,-75.60991207910,45.42085377160,2017-10-24,12:00:00 AM,01 - Clear,00 - Unknown,01 - Dry,10 - No control,,03 - P.D. only,06 - SMV unattended vehicle,0
17-9534,STITTSVILLE MAIN ST @ HAZELDEAN RD,349558.87600,5014878.47805,-75.92956474430,45.27243870360,2017-10-25,5:39:00 PM,01 - Clear,01 - Daylight,01 - Dry,01 - Traffic signal,01 - Functioning,03 - P.D. only,03 - Rear end,0
17-9535,LEITRIM RD @ LIMEBANK RD S,369355.71640,5017878.17586,-75.67689323140,45.29789083580,2017-10-25,6:20:00 PM,01 - Clear,05 - Dusk,01 - Dry,01 - Traffic signal,01 - Functioning,02 - Non-fatal injury,03 - Rear end,0
17-9536,BAY HILL RDG @ SPRINGBROOK DR,350386.58700,5014821.19185,-75.91902167410,45.27187005210,2017-10-25,3:15:00 PM,01 - Clear,01 - Daylight,01 - Dry,10 - No control,00 - Unknown,03 - P.D. only,04 - Sideswipe,0
17-9537,CARLING AVE WB btwn KIRKWOOD AVE & HWY417 IC124 RAMP67,364321.59297,5027517.47742,-75.73991434600,45.38506876240,2017-10-25,8:22:00 PM,01 - Clear,07 - Dark,01 - Dry,10 - No control,,03 - P.D. only,07 - SMV other,0
17-9538,BASELINE RD @ MERIVALE RD,365054.15366,5025325.24353,-75.73082791980,45.36528080430,2017-10-25,9:33:00 PM,01 - Clear,07 - Dark,01 - Dry,01 - Traffic signal,01 - Functioning,02 - Non-fatal injury,03 - Rear end,0
17-9539,KING GEORGE ST btwn LOLA ST & NAUGHTON ST,371285.01014,5032134.03220,-75.65037893140,45.42598033800,2017-10-25,6:30:00 PM,01 - Clear,07 - Dark,01 - Dry,10 - No control,,03 - P.D. only,03 - Rear end,0
17-9540,FALLOWFIELD RD @ VIA PARK PL/275 W OF WOODROFFE AVE,364848.53750,5017765.58931,-75.73436954160,45.29727746430,2017-10-26,5:31:00 AM,01 - Clear,07 - Dark,01 - Dry,01 - Traffic signal,01 - Functioning,03 - P.D. only,07 - SMV other,0
17-9541,BRONSON AVE btwn RENFREW AVE & POWELL AVE,367361.91870,5029540.43864,-75.70083682900,45.40300586810,2017-10-26,6:45:00 AM,01 - Clear,03 - Dawn,01 - Dry,10 - No control,,03 - P.D. only,02 - Angle,0
17-9542,ROBERTSON RD btwn FITZGERALD RD & MOODIE DR,357048.25745,5020443.43797,-75.83353502070,45.32199645270,2017-10-26,7:25:00 AM,01 - Clear,01 - Daylight,01 - Dry,10 - No control,,03 - P.D. only,02 - Angle,0
17-9543,ROBERTSON RD @ HAANEL DR,354989.63560,5019203.18376,-75.85991823590,45.31098664510,2017-10-26,8:47:00 AM,01 - Clear,01 - Daylight,01 - Dry,02 - Stop sign,00 - Unknown,03 - P.D. only,03 - Rear end,0
17-9544,PHEASANT RUN DR btwn FLINT CRT & READY WAY,361393.34490,5015639.00265,-75.77866288290,45.27842912630,2017-10-25,6:30:00 AM,01 - Clear,03 - Dawn,01 - Dry,10 - No control,,03 - P.D. only,06 - SMV unattended vehicle,0
17-9545,CARLING AVE @ MAITLAND AVE/SHERBOURNE RD,362943.03235,5026488.52710,-75.75763811850,45.37592618990,2017-10-26,9:33:00 AM,01 - Clear,01 - Daylight,01 - Dry,01 - Traffic signal,01 - Functioning,03 - P.D. only,03 - Rear end,0
17-9546,WOODROFFE AVE btwn 260 N OF FALLOWFIELD RD/TRANSITWAY & FALLOWFIELD RD,365085.61781,5017903.65930,-75.73133020860,45.29849950820,2017-10-25,4:35:00 PM,01 - Clear,01 - Daylight,01 - Dry,10 - No control,,03 - P.D. only,04 - Sideswipe,0
17-9547,AMESBROOKE DR @ MAITLAND AVE,363769.83150,5025177.70458,-75.74723905480,45.36406249350,2017-10-25,7:30:00 PM,01 - Clear,07 - Dark,01 - Dry,02 - Stop sign,00 - Unknown,03 - P.D. only,04 - Sideswipe,0
17-9548,SPRINGBEAUTY AVE @ TWAYBLADE AVE,365208.30690,5016773.18000,-75.72990369490,45.28831697630,2017-10-23,12:00:00 AM,00 - Unknown,00 - Unknown,99 - Other,02 - Stop sign,00 - Unknown,03 - P.D. only,06 - SMV unattended vehicle,0
17-9549,BANTON ST @ WALKLEY RD,374246.78091,5028248.82035,-75.61308181270,45.39073536260,2017-10-26,12:56:00 PM,01 - Clear,01 - Daylight,01 - Dry,01 - Traffic signal,01 - Functioning,02 - Non-fatal injury,03 - Rear end,0
17-9550,ELGIN ST @ LAURIER AVE,367949.18327,5031548.39237,-75.69307862970,45.42102006530,2017-10-26,1:20:00 PM,01 - Clear,01 - Daylight,01 - Dry,01 - Traffic signal,01 - Functioning,03 - P.D. only,03 - Rear end,0
17-9551,STAGECOACH RD btwn CABIN RD & SNAKE ISLAND RD,378099.14551,5005984.12815,-75.56717879420,45.19001467370,2017-10-26,2:39:00 PM,01 - Clear,01 - Daylight,01 - Dry,10 - No control,,03 - P.D. only,07 - SMV other,0
17-9552,INNES RD @ 298 E OF WILDFLOWER DR/LOBLAWS SC,383190.75039,5035796.56134,-75.49767209300,45.45769973890,2017-10-26,3:07:00 PM,01 - Clear,01 - Daylight,01 - Dry,01 - Traffic signal,01 - Functioning,02 - Non-fatal injury,07 - SMV other,1
17-9553,VIEWMOUNT DR @ MERIVALE RD,365192.75035,5022947.78534,-75.72934925020,45.34387686550,2017-10-25,2:45:00 PM,01 - Clear,01 - Daylight,01 - Dry,01 - Traffic signal,01 - Functioning,03 - P.D. only,03 - Rear end,0
17-9554,FISHER AVE @ MEADOWLANDS DR,366575.53827,5025044.26257,-75.71144369620,45.36262016490,2017-10-26,3:30:00 PM,01 - Clear,01 - Daylight,01 - Dry,01 - Traffic signal,01 - Functioning,03 - P.D. only,03 - Rear end,0
17-9555,WALKLEY RD btwn CONROY RD & 160 W OF CONROY RD,372779.22556,5027389.92183,-75.63194035600,45.38315134300,2017-10-26,3:41:00 PM,01 - Clear,01 - Daylight,01 - Dry,10 - No control,,03 - P.D. only,03 - Rear end,0
17-9556,CUMBERLAND ST @ MURRAY ST,368170.22353,5032679.34821,-75.69010894860,45.43117602460,2017-10-26,3:20:00 PM,01 - Clear,01 - Daylight,01 - Dry,01 - Traffic signal,01 - Functioning,03 - P.D. only,03 - Rear end,0
17-9557,BLOHM DR @ HUNT CLUB RD,375130.08045,5026189.51830,-75.60209576630,45.37211861310,2017-10-26,3:45:00 PM,01 - Clear,01 - Daylight,01 - Dry,01 - Traffic signal,01 - Functioning,03 - P.D. only,03 - Rear end,0
17-9558,FALLOWFIELD RD btwn WOODROFFE AVE & VIA PARK PL/275 W OF WOODROFFE AVE,364982.42811,5017844.25509,-75.73265301680,45.29797383920,2017-10-26,3:50:00 PM,01 - Clear,01 - Daylight,01 - Dry,10 - No control,,03 - P.D. only,03 - Rear end,0
17-9559,WOODFORD WAY btwn WOODPARK WAY & ARMAGH WAY,365002.61309,5017037.60519,-75.73249359120,45.29071391310,2017-10-26,12:00:00 AM,01 - Clear,00 - Unknown,01 - Dry,10 - No control,,03 - P.D. only,06 - SMV unattended vehicle,0
17-9560,CRESTHAVEN DR @ STRANDHERD DR,366812.95945,5015028.78076,-75.70966717110,45.27248125010,2017-10-26,4:11:00 PM,01 - Clear,01 - Daylight,01 - Dry,01 - Traffic signal,01 - Functioning,03 - P.D. only,03 - Rear end,0
17-9561,RAY WILSON RD btwn YORKS CORNERS RD & GREGOIRE RD,390027.97959,5011659.98667,-75.41442392280,45.23974122390,2017-10-26,4:26:00 PM,01 - Clear,01 - Daylight,01 - Dry,10 - No control,,02 - Non-fatal injury,07 - SMV other,0
17-9562,LEDBURY AVE @ BANK ST EXTENSION NB,370666.29416,5025286.59377,-75.65919893290,45.36442816060,2017-10-26,4:40:00 PM,01 - Clear,01 - Daylight,01 - Dry,02 - Stop sign,00 - Unknown,03 - P.D. only,07 - SMV other,0
17-9563,METCALFE ST @ STRATHCONA AVE,368536.96190,5030263.55069,-75.68573491340,45.40940619510,2017-10-26,4:46:00 PM,01 - Clear,01 - Daylight,01 - Dry,02 - Stop sign,01 - Functioning,03 - P.D. only,05 - Turning movement,0
17-9564,CARLING AVE @ CLYDE AVE/COLE AVE,363522.36284,5026848.53541,-75.75019913250,45.37911718090,2017-10-26,4:59:00 PM,01 - Clear,01 - Daylight,01 - Dry,01 - Traffic signal,01 - Functioning,03 - P.D. only,05 - Turning movement,0
17-9565,BLOHM DR @ HUNT CLUB RD,375129.27263,5026188.80824,-75.60210618050,45.37211230500,2017-10-26,5:04:00 PM,01 - Clear,05 - Dusk,01 - Dry,01 - Traffic signal,01 - Functioning,03 - P.D. only,03 - Rear end,0
17-9566,BRITTANY DR @ MONTREAL RD,371912.27622,5033994.19868,-75.64211034130,45.44265733760,2017-10-26,5:46:00 PM,01 - Clear,01 - Daylight,01 - Dry,01 - Traffic signal,01 - Functioning,03 - P.D. only,03 - Rear end,0
17-9567,CLEMOW AVE btwn BRONSON AVE & PERCY ST,367441.53860,5029407.73551,-75.69983672390,45.40180472380,2017-10-25,12:00:00 AM,01 - Clear,00 - Unknown,01 - Dry,10 - No control,,03 - P.D. only,06 - SMV unattended vehicle,0
17-9568,LEES AVE btwn HWY417 IC118 RAMP45 & TRANSIT,369622.25702,5030928.96181,-75.67178377060,45.41529364200,2017-10-26,6:03:00 PM,01 - Clear,05 - Dusk,01 - Dry,10 - No control,,03 - P.D. only,03 - Rear end,0
17-9569,DALHOUSIE ST @ RIDEAU ST,368205.76235,5032227.34451,-75.68971299290,45.42710583420,2017-10-26,6:21:00 PM,01 - Clear,05 - Dusk,01 - Dry,01 - Traffic signal,01 - Functioning,03 - P.D. only,04 - Sideswipe,0
17-9570,MONTREAL RD @ OGILVIE RD,375654.26163,5034556.82279,-75.59420174790,45.44735024100,2017-10-26,7:28:00 PM,01 - Clear,07 - Dark,01 - Dry,01 - Traffic signal,00 - Unknown,02 - Non-fatal injury,03 - Rear end,0
17-9571,DONNELLY DR btwn FAIRMILE RD & FOURTH LINE RD,371848.70068,4992682.30496,-75.64849702120,45.07094653800,2017-10-26,7:50:00 PM,01 - Clear,07 - Dark,01 - Dry,10 - No control,,03 - P.D. only,07 - SMV other,0
17-9572,HOLLAND AVE @ WELLINGTON ST,364928.75465,5029152.37097,-75.73196240590,45.39972734500,2017-10-26,8:31:00 PM,01 - Clear,07 - Dark,01 - Dry,01 - Traffic signal,01 - Functioning,02 - Non-fatal injury,05 - Turning movement,0
17-9573,WALKLEY RD btwn ST. LAURENT BLVD & MARTHA AVE,373945.82702,5028071.23380,-75.61694977600,45.38916729880,2017-10-26,9:40:00 PM,01 - Clear,07 - Dark,01 - Dry,10 - No control,,03 - P.D. only,06 - SMV unattended vehicle,0
17-9574,HOLMWOOD AVE btwn RALPH ST & MONK ST,368328.96946,5029107.91605,-75.68854071600,45.39902707260,2017-10-26,12:00:00 AM,01 - Clear,00 - Unknown,01 - Dry,10 - No control,,03 - P.D. only,06 - SMV unattended vehicle,0
17-9575,MUNSTER RD btwn FERNBANK RD & LUCAS LANE,345308.85098,5006965.79473,-75.98437178150,45.20149421000,2017-10-26,10:56:00 PM,01 - Clear,07 - Dark,01 - Dry,10 - No control,,03 - P.D. only,03 - Rear end,0
17-9576,ARMSTRONG ST btwn MERTON ST & GARLAND ST,365568.54617,5029853.65897,-75.72370454290,45.40598212670,2017-10-26,12:00:00 AM,01 - Clear,00 - Unknown,01 - Dry,10 - No control,,03 - P.D. only,06 - SMV unattended vehicle,0
17-9577,KING EDWARD AVE @ LAURIER AVE,368739.70720,5032034.34591,-75.68291525340,45.42532069680,2017-10-27,6:37:00 AM,01 - Clear,03 - Dawn,01 - Dry,01 - Traffic signal,01 - Functioning,03 - P.D. only,05 - Turning movement,0
17-9578,ROGER GUINDON AVE @ SMYTH RD,371933.43663,5029226.39809,-75.64248956470,45.39975678370,2017-10-27,7:26:00 AM,01 - Clear,01 - Daylight,01 - Dry,01 - Traffic signal,01 - Functioning,03 - P.D. only,05 - Turning movement,0
17-9579,ALBERT ST @ O'CONNOR ST,367539.03695,5031520.57300,-75.69832251110,45.42080665700,2017-10-27,7:38:00 AM,01 - Clear,01 - Daylight,01 - Dry,01 - Traffic signal,01 - Functioning,02 - Non-fatal injury,07 - SMV other,1
17-9580,BASELINE RD @ GREENBANK RD,360598.16220,5022583.78335,-75.78801550100,45.34098210690,2017-10-26,6:00:00 PM,01 - Clear,01 - Daylight,01 - Dry,01 - Traffic signal,01 - Functioning,03 - P.D. only,03 - Rear end,0
17-9581,MITCH OWENS RD/BRIDGE ST @ RIVER RD,369497.91167,5010771.50018,-75.67600607250,45.23393279560,2017-10-27,8:34:00 AM,01 - Clear,01 - Daylight,01 - Dry,01 - Traffic signal,01 - Functioning,03 - P.D. only,03 - Rear end,0
17-9582,VIEWMOUNT DR btwn MERIVALE RD & GRANT CARMAN DR,365271.15015,5022993.54814,-75.72834331460,45.34428187870,2017-10-27,9:10:00 AM,01 - Clear,01 - Daylight,01 - Dry,10 - No control,,03 - P.D. only,05 - Turning movement,0
17-9583,EGRET WAY btwn GRAND CANAL ST & RIVER MIST RD,364476.25120,5012119.16390,-75.73979445560,45.24650263710,2017-10-26,1:30:00 PM,01 - Clear,01 - Daylight,01 - Dry,10 - No control,,03 - P.D. only,06 - SMV unattended vehicle,0
17-9584,GREENBANK RD btwn BARNSDALE RD & VIEWBANK RD,365703.89649,5010652.34612,-75.72433673010,45.23319902190,2017-10-27,10:03:00 AM,01 - Clear,01 - Daylight,01 - Dry,10 - No control,,02 - Non-fatal injury,07 - SMV other,0
17-9585,FISHER AVE btwn MCCOOEY LANE & BASELINE RD,366122.16522,5026138.32782,-75.71709460120,45.37250415440,2017-10-27,10:19:00 AM,01 - Clear,01 - Daylight,01 - Dry,10 - No control,,03 - P.D. only,05 - Turning movement,0
17-9586,REGIONAL ROAD 174 btwn HWY417 IC113 RAMP67 & Continuation of REGIONAL,373697.02347,5032020.19036,-75.61957500170,45.42472262970,2017-10-27,10:42:00 AM,01 - Clear,01 - Daylight,01 - Dry,10 - No control,,03 - P.D. only,03 - Rear end,0
17-9587,HWY 417 INNES IC112R68 @ INNES RD,374640.94235,5030921.57030,-75.60766999030,45.41474422330,2017-10-27,10:59:00 AM,01 - Clear,01 - Daylight,01 - Dry,01 - Traffic signal,01 - Functioning,03 - P.D. only,04 - Sideswipe,0
17-9588,AVIATION PKWY @ MONTREAL RD,372147.23002,5034108.88807,-75.63909159450,45.44366666090,2017-10-27,11:16:00 AM,01 - Clear,01 - Daylight,01 - Dry,01 - Traffic signal,01 - Functioning,03 - P.D. only,02 - Angle,0