COLLISION_ID,LOCATION,X,Y,LONGITUDE,LATITUDE,DATE,TIME,ENVIRONMENT,LIGHT,SURFACE_CONDITION,TRAFFIC_CONTROL,TRAFFIC_CONTROL_CONDITION,COLLISION_CLASSIFICATION,IMPACT_TYPE,NO_OF_PEDESTRIANS
17-9589,IRIS ST btwn SOUTHWOOD DR & BAXTER RD,360923.47866,5023503.12990,-75.78376047450,45.34922841450,2017-10-27,11:40:00 AM,01 - Clear,01 - Daylight,01 - Dry,10 - No control,,02 - Non-fatal injury,07 - SMV other,0
17-9590,BLAIR RD @ OGILVIE RD,374507.72370,5033198.33831,-75.60904966230,45.43524264610,2017-10-27,11:57:00 AM,01 - Clear,01 - Daylight,01 - Dry,01 - Traffic signal,01 - Functioning,03 - P.D. only,03 - Rear end,0
17-9591,CUMMINGS AVE @ OGILVIE RD,372749.72354,5032171.25460,-75.63165816200,45.42617449390,2017-10-27,11:30:00 AM,01 - Clear,01 - Daylight,01 - Dry,01 - Traffic signal,01 - Functioning,02 - Non-fatal injury,05 - Turning movement,0
17-9592,HOLLAND AVE btwn SPENCER ST & ARMSTRONG ST,364847.76160,5029334.82530,-75.73297464100,45.40137598090,2017-10-26,4:30:00 PM,01 - Clear,01 - Daylight,01 - Dry,10 - No control,,03 - P.D. only,04 - Sideswipe,0
17-9593,VANIER PKWY NB btwn BEECHWOOD AVE/ ST. PATRICK ST/CRICHTON ST & DESCHA,369836.49083,5033273.71858,-75.66873724920,45.43637095660,2017-10-27,1:21:00 PM,01 - Clear,01 - Daylight,01 - Dry,10 - No control,,03 - P.D. only,03 - Rear end,0
17-9594,MERIVALE RD @ WOODFIELD DR/ROYDON PL,365463.17447,5022297.78884,-75.72597847810,45.33800495100,2017-10-27,1:43:00 PM,01 - Clear,01 - Daylight,01 - Dry,01 - Traffic signal,00 - Unknown,03 - P.D. only,05 - Turning movement,0
17-9595,VANIER PKWY NB btwn BEECHWOOD AVE/ ST. PATRICK ST/CRICHTON ST & DESCHA,369172.37501,5033464.30611,-75.67719982500,45.43814724320,2017-10-27,2:56:00 PM,01 - Clear,01 - Daylight,01 - Dry,10 - No control,,03 - P.D. only,03 - Rear end,0
17-9596,RUSSELL RD btwn ST. LAURENT BLVD & SOUTHVALE CRES,373777.54002,5029113.55414,-75.61895296280,45.39856220910,2017-10-27,3:02:00 PM,01 - Clear,01 - Daylight,01 - Dry,10 - No control,,03 - P.D. only,04 - Sideswipe,0
17-9597,GEORGE ST @ SUSSEX DR,367868.67316,5032130.96427,-75.69403269920,45.42626911430,2017-10-27,3:51:00 PM,01 - Clear,01 - Daylight,01 - Dry,01 - Traffic signal,00 - Unknown,03 - P.D. only,03 - Rear end,0
17-9598,RAMSAYVILLE RD btwn RIDGE RD & RUSSELL RD,377705.18625,5026806.69374,-75.56913256540,45.37740845100,2017-10-26,4:29:00 PM,01 - Clear,05 - Dusk,01 - Dry,10 - No control,,03 - P.D. only,07 - SMV other,0
17-9599,CARLING AVE btwn DEFENSE  RESEARCH COMPLEX & RIFLE RD,353718.39710,5023208.14618,-75.87573394730,45.34711368400,2017-10-27,4:53:00 PM,01 - Clear,01 - Daylight,01 - Dry,10 - No control,,03 - P.D. only,07 - SMV other,0
17-9600,JEANNE D'ARC BLVD  S btwn SAPINIER ST & INNES RD,382619.74221,5035610.55287,-75.50500150080,45.45609002390,2017-10-27,5:17:00 PM,01 - Clear,01 - Daylight,01 - Dry,10 - No control,,03 - P.D. only,03 - Rear end,0
17-9601,TENTH LINE RD @ CHARLEMAGNE BLVD N/TOMPKINS AV,383184.26435,5037978.55080,-75.49740701380,45.47733205970,2017-10-27,5:58:00 PM,01 - Clear,07 - Dark,01 - Dry,01 - Traffic signal,01 - Functioning,03 - P.D. only,05 - Turning movement,0
17-9602,ST. LAURENT BLVD @ COVENTRY RD/OGILVIE RD,372305.58132,5031952.23301,-75.63736330310,45.42424684480,2017-10-27,6:09:00 PM,01 - Clear,05 - Dusk,02 - Wet,01 - Traffic signal,01 - Functioning,03 - P.D. only,04 - Sideswipe,0
17-9603,KINBURN SIDE RD btwn STONECREST RD & TORBOLTON RIDGE RD,334996.27688,5033126.10361,-76.11403984850,45.43741537370,2017-10-27,6:18:00 PM,01 - Clear,05 - Dusk,01 - Dry,10 - No control,,03 - P.D. only,07 - SMV other,0
17-9604,INNES RD btwn O'TOOLE RD & DUNNING RD,389774.07833,5038548.83886,-75.41303441190,45.48169200440,2017-10-27,6:46:00 PM,01 - Clear,05 - Dusk,01 - Dry,10 - No control,,03 - P.D. only,07 - SMV other,0
17-9605,TERRY FOX DR @ WESTPHALIAN AVE,353455.22610,5015759.78900,-75.87982363390,45.28011017200,2017-10-27,6:20:00 PM,01 - Clear,05 - Dusk,01 - Dry,01 - Traffic signal,01 - Functioning,03 - P.D. only,03 - Rear end,0
17-9606,ROGER GUINDON AVE @ SMYTH RD,371935.33012,5029226.39809,-75.64246538130,45.39975660210,2017-10-27,7:10:00 PM,01 - Clear,05 - Dusk,01 - Dry,01 - Traffic signal,01 - Functioning,03 - P.D. only,03 - Rear end,0
17-9607,EAGLESON RD @ MICHAEL COWPLAND DR/STONEHAVEN D,354383.62934,5016624.11300,-75.86790423610,45.28782268960,2017-10-27,8:20:00 PM,01 - Clear,07 - Dark,01 - Dry,01 - Traffic signal,01 - Functioning,02 - Non-fatal injury,05 - Turning movement,0
17-9608,MEADOWLANDS DR @ MERIVALE RD,364857.75315,5023724.80034,-75.73352929190,45.35089710710,2017-10-27,8:51:00 PM,01 - Clear,07 - Dark,01 - Dry,01 - Traffic signal,01 - Functioning,03 - P.D. only,03 - Rear end,0
17-9609,TED GRANT PRIV btwn HORSDAL PRIV & HORSDAL PRIV,374024.50232,5025860.73103,-75.61625505820,45.36927040950,2017-10-27,12:00:00 AM,02 - Rain,07 - Dark,02 - Wet,10 - No control,,03 - P.D. only,06 - SMV unattended vehicle,0
17-9610,INNES RD/PRESTWICK DR @ LANTHIER DR,383541.09755,5035987.89540,-75.49316250230,45.45938179870,2017-10-27,9:50:00 PM,01 - Clear,07 - Dark,01 - Dry,01 - Traffic signal,01 - Functioning,03 - P.D. only,05 - Turning movement,0
17-9611,CHAPEL ST @ SOMERSET ST,369338.37395,5031906.24900,-75.67528247470,45.42411315000,2017-10-28,2:01:00 AM,01 - Clear,07 - Dark,01 - Dry,02 - Stop sign,01 - Functioning,02 - Non-fatal injury,07 - SMV other,1
17-9612,KENT ST btwn JAMES ST & FLORENCE ST,367691.52694,5030545.18923,-75.69649867410,45.41201677320,2017-10-28,5:03:00 AM,01 - Clear,07 - Dark,01 - Dry,10 - No control,,03 - P.D. only,04 - Sideswipe,0
17-9613,TENTH LINE RD btwn WALL RD & NAVAN RD,385638.19559,5032109.81699,-75.46698890720,45.42425099990,2017-10-28,6:00:00 AM,01 - Clear,07 - Dark,01 - Dry,10 - No control,,03 - P.D. only,07 - SMV other,0
17-9614,ST. LAURENT BLVD @ COVENTRY RD/OGILVIE RD,372304.61195,5031951.24148,-75.63737582400,45.42423801730,2017-10-28,9:20:00 AM,01 - Clear,01 - Daylight,01 - Dry,01 - Traffic signal,01 - Functioning,03 - P.D. only,03 - Rear end,0
17-9615,CARLING AVE @ FAIRLAWN AVE/WOODROFFE AVE E,361934.68410,5025830.52790,-75.77058762240,45.37008852270,2017-10-28,9:56:00 AM,01 - Clear,01 - Daylight,01 - Dry,01 - Traffic signal,01 - Functioning,03 - P.D. only,04 - Sideswipe,0
17-9616,STITTSVILLE MAIN ST btwn NEIL AVE & HAZELDEAN RD,349581.85115,5014809.51300,-75.92927816850,45.27181666880,2017-10-28,1:00:00 AM,01 - Clear,07 - Dark,01 - Dry,10 - No control,,03 - P.D. only,07 - SMV other,0
17-9617,TERRY FOX DR btwn CASTLEFRANK RD & TRANS CANADA TRAIL,353115.05070,5016162.35181,-75.88412018310,45.28375599760,2017-10-28,12:00:00 AM,01 - Clear,00 - Unknown,01 - Dry,10 - No control,,03 - P.D. only,06 - SMV unattended vehicle,0
17-9618,LEONARD AVE @ GROVE AVE,368476.27392,5028151.66325,-75.68678280080,45.39040962110,2017-10-28,10:36:00 AM,01 - Clear,01 - Daylight,01 - Dry,02 - Stop sign,01 - Functioning,02 - Non-fatal injury,07 - SMV other,1
17-9619,HUNT CLUB RD @ BRIDLE PATH DR/DAZE ST,371291.38896,5023864.51210,-75.65141159560,45.35157372220,2017-10-28,10:30:00 AM,01 - Clear,01 - Daylight,01 - Dry,01 - Traffic signal,01 - Functioning,03 - P.D. only,04 - Sideswipe,0
17-9620,BANK ST btwn RIDEAU RD & TURN LANE,377553.64018,5016403.63418,-75.57259623300,45.28382246320,2017-10-28,11:01:00 AM,01 - Clear,01 - Daylight,01 - Dry,10 - No control,,02 - Non-fatal injury,03 - Rear end,0
17-9621,KLONDIKE RD @ MARCH RD,349262.96366,5024060.87540,-75.93251178710,45.35508333420,2017-10-28,11:01:00 AM,01 - Clear,01 - Daylight,01 - Dry,01 - Traffic signal,01 - Functioning,03 - P.D. only,02 - Angle,0
17-9622,GREENBANK RD @ STRANDHERD DR,363934.15727,5014784.65389,-75.74638227630,45.27053257040,2017-10-28,11:20:00 AM,01 - Clear,01 - Daylight,01 - Dry,01 - Traffic signal,01 - Functioning,03 - P.D. only,03 - Rear end,0
17-9623,CLYDE AVE @ MAITLAND AVE,364248.73771,5025140.75595,-75.74113070950,45.36368958350,2017-10-27,5:15:00 PM,01 - Clear,01 - Daylight,01 - Dry,03 - Yield sign,01 - Functioning,03 - P.D. only,03 - Rear end,0
17-9624,BROPHY DR @ HWY 416 BANKFIEL IC57R34,364560.84268,5007930.66995,-75.73921989280,45.20880709470,2017-10-28,12:25:00 PM,01 - Clear,01 - Daylight,01 - Dry,02 - Stop sign,01 - Functioning,03 - P.D. only,02 - Angle,0
17-9625,INNES RD @ PEPIN CRT,377207.74204,5032352.89099,-75.57466887670,45.42736147380,2017-10-28,1:32:00 PM,01 - Clear,01 - Daylight,01 - Dry,02 - Stop sign,00 - Unknown,02 - Non-fatal injury,05 - Turning movement,0
17-9626,LORNE AVE @ SOMERSET ST,366651.08403,5030304.21579,-75.70982031320,45.40994129250,2017-10-28,1:37:00 PM,01 - Clear,01 - Daylight,01 - Dry,02 - Stop sign,00 - Unknown,03 - P.D. only,04 - Sideswipe,0
17-9627,ST. JOSEPH BLVD/OLD MONTREAL RD @ TRIM RD,384682.75400,5039285.17770,-75.47803071100,45.48891799270,2017-10-28,12:25:00 PM,01 - Clear,01 - Daylight,01 - Dry,11 - Roundabout,01 - Functioning,03 - P.D. only,04 - Sideswipe,0
17-9628,GLADSTONE AVE @ PERCY ST,367328.70850,5030207.27616,-75.70117644630,45.40900884520,2017-10-28,2:41:00 PM,01 - Clear,01 - Daylight,01 - Dry,01 - Traffic signal,00 - Unknown,03 - P.D. only,05 - Turning movement,0
17-9629,LORRY GREENBERG DR btwn HEARTLEAF PRIV & HUNT CLUB RD,372814.03970,5024827.57169,-75.63184866790,45.36009295450,2017-10-28,2:43:00 PM,01 - Clear,01 - Daylight,01 - Dry,10 - No control,,03 - P.D. only,05 - Turning movement,0
17-9630,RICHMOND RD @ STONEHAVEN DR,356783.31334,5015891.43700,-75.83739165070,45.28105655280,2017-10-28,3:05:00 PM,01 - Clear,01 - Daylight,01 - Dry,01 - Traffic signal,01 - Functioning,03 - P.D. only,05 - Turning movement,0
17-9631,EAGLESON RD @ FERNBANK RD,354798.29485,5015587.42470,-75.86272282590,45.27846496310,2017-10-28,3:38:00 PM,02 - Rain,01 - Daylight,02 - Wet,01 - Traffic signal,01 - Functioning,03 - P.D. only,05 - Turning movement,0
17-9632,BASELINE RD @ MERIVALE RD,365055.16977,5025325.75159,-75.73081488800,45.36528528870,2017-10-28,3:47:00 PM,01 - Clear,01 - Daylight,01 - Dry,01 - Traffic signal,01 - Functioning,03 - P.D. only,03 - Rear end,0
17-9633,ST. JOSEPH BLVD @ JEANNE D'ARC BLVD,379859.73916,5036472.91869,-75.54015400480,45.46415085950,2017-10-28,2:30:00 PM,01 - Clear,01 - Daylight,01 - Dry,11 - Roundabout,01 - Functioning,03 - P.D. only,04 - Sideswipe,0
17-9634,CUMBERLAND ST @ GEORGE ST,368326.04205,5032417.92729,-75.68815146360,45.42880971660,2017-10-28,6:25:00 PM,01 - Clear,07 - Dark,01 - Dry,01 - Traffic signal,01 - Functioning,03 - P.D. only,07 - SMV other,1
17-9635,BREWER RD @ BRONSON AVE,368108.04376,5027766.43590,-75.69153445620,45.38697683860,2017-10-28,6:25:00 PM,02 - Rain,07 - Dark,02 - Wet,01 - Traffic signal,01 - Functioning,02 - Non-fatal injury,05 - Turning movement,0
17-9636,KENNEVALE DR @ STRANDHERD DR,361493.53224,5014098.88010,-75.77756184450,45.26456290820,2017-10-28,6:35:00 PM,02 - Rain,07 - Dark,02 - Wet,01 - Traffic signal,01 - Functioning,03 - P.D. only,02 - Angle,0
17-9637,LEMIEUX ST @ ST. LAURENT BLVD,372392.67145,5031743.74783,-75.63627913340,45.42236258270,2017-10-28,6:45:00 PM,01 - Clear,05 - Dusk,01 - Dry,01 - Traffic signal,01 - Functioning,03 - P.D. only,03 - Rear end,0
17-9638,ECCLES ST @ PRESTON ST,366328.27678,5030075.85344,-75.71397245270,45.40791500300,2017-10-28,7:25:00 PM,01 - Clear,07 - Dark,01 - Dry,02 - Stop sign,01 - Functioning,03 - P.D. only,03 - Rear end,0
17-9639,DONALD ST @ VANIER PKWY,370311.94979,5032271.29546,-75.66279419950,45.42730718890,2017-10-28,7:48:00 PM,01 - Clear,07 - Dark,02 - Wet,01 - Traffic signal,01 - Functioning,02 - Non-fatal injury,05 - Turning movement,0
17-9640,GRANT CARMAN DR @ MEADOWLANDS DR,365052.02855,5023902.17630,-75.73102851530,45.35247644680,2017-10-28,8:04:00 PM,02 - Rain,07 - Dark,02 - Wet,01 - Traffic signal,01 - Functioning,02 - Non-fatal injury,07 - SMV other,1
17-9641,ST. LAURENT BLVD btwn COVENTRY RD & LEMIEUX ST,372342.36322,5031858.24693,-75.63690621700,45.42339765130,2017-10-28,8:09:00 PM,02 - Rain,07 - Dark,02 - Wet,10 - No control,,03 - P.D. only,04 - Sideswipe,0
17-9642,BRONSON AVE @ COMMISSIONER ST/SLATER ST,366767.70206,5030949.90549,-75.70824941990,45.41574070680,2017-10-28,8:17:00 PM,01 - Clear,07 - Dark,02 - Wet,01 - Traffic signal,01 - Functioning,03 - P.D. only,05 - Turning movement,0
17-9643,FRANK BENDER ST @ JEANNE D'ARC BLVD,381871.70649,5035882.37946,-75.51452180510,45.45861860140,2017-10-28,8:26:00 PM,02 - Rain,07 - Dark,02 - Wet,01 - Traffic signal,00 - Unknown,03 - P.D. only,03 - Rear end,0
17-9644,TENTH LINE RD btwn INNES RD & VANGUARD DR,384040.99062,5035948.14190,-75.48677793800,45.45896761620,2017-10-28,9:18:00 PM,02 - Rain,07 - Dark,02 - Wet,10 - No control,,03 - P.D. only,07 - SMV other,0
17-9645,ALBERT ST @ ELGIN ST/MACKENZIE KING BRIDGE,367851.04605,5031712.25030,-75.69431153270,45.42250325570,2017-10-28,9:18:00 PM,02 - Rain,07 - Dark,02 - Wet,01 - Traffic signal,01 - Functioning,03 - P.D. only,07 - SMV other,0
17-9646,EARL ARMSTRONG RD @ SPRATT RD,368397.71244,5015009.42241,-75.68947455000,45.27216552730,2017-10-28,10:05:00 PM,02 - Rain,07 - Dark,02 - Wet,01 - Traffic signal,01 - Functioning,03 - P.D. only,05 - Turning movement,0
17-9647,SLOAN AVE btwn HOPEWELL AVE & END,368092.50781,5027895.31667,-75.69171630840,45.38813787560,2017-10-28,12:00:00 AM,01 - Clear,00 - Unknown,01 - Dry,10 - No control,,03 - P.D. only,06 - SMV unattended vehicle,0
17-9648,DUMAURIER AVE @ RICHMOND RD,359628.13877,5023735.27471,-75.80026441750,45.35141971530,2017-10-28,11:27:00 PM,02 - Rain,07 - Dark,02 - Wet,01 - Traffic signal,01 - Functioning,03 - P.D. only,03 - Rear end,0
17-9649,WOODROFFE AVE/HWY 417 WOODROFF IC127R25 @ HWY,362179.72832,5024694.07381,-75.76759148240,45.35984278850,2017-10-28,11:30:00 PM,02 - Rain,07 - Dark,02 - Wet,01 - Traffic signal,01 - Functioning,03 - P.D. only,03 - Rear end,0
17-9650,AVIATION PKWY @ MONTREAL RD,372148.38884,5034107.91390,-75.63907691640,45.44365778390,2017-10-28,11:45:00 PM,02 - Rain,07 - Dark,02 - Wet,01 - Traffic signal,01 - Functioning,02 - Non-fatal injury,05 - Turning movement,0
17-9651,SMYTH RD @ SMYTH RD NORTH SIDE RAMP/SMYTH RD S,369916.64254,5029122.14669,-75.66826151900,45.39900925130,2017-10-28,11:56:00 PM,02 - Rain,07 - Dark,02 - Wet,03 - Yield sign,00 - Unknown,03 - P.D. only,07 - SMV other,0
17-9652,RIVERSIDE DR @ SMYTH RD SOUTH SIDE RAMP,369788.21445,5028998.40087,-75.66991806760,45.39790776270,2017-10-29,12:55:00 AM,02 - Rain,07 - Dark,02 - Wet,01 - Traffic signal,01 - Functioning,03 - P.D. only,02 - Angle,0
17-9653,MONTREAL RD @ ST. LAURENT BLVD,371545.22953,5033817.35801,-75.64682572240,45.44110134920,2017-10-29,1:31:00 AM,02 - Rain,07 - Dark,02 - Wet,01 - Traffic signal,01 - Functioning,03 - P.D. only,05 - Turning movement,0
17-9654,MILTON RD @ SMITH RD,387572.47095,5031062.51870,-75.44245140730,45.41460223000,2017-10-29,4:24:00 AM,02 - Rain,07 - Dark,02 - Wet,02 - Stop sign,01 - Functioning,03 - P.D. only,02 - Angle,0
17-9655,GILMOUR ST btwn CARTIER ST & HARTINGTON PL,368432.63212,5031158.65881,-75.68695206840,45.41746957110,2017-10-28,12:00:00 AM,02 - Rain,00 - Unknown,02 - Wet,10 - No control,,03 - P.D. only,06 - SMV unattended vehicle,0
17-9656,MONTREAL RD btwn DUROCHER ST & SAVARD AVE,370153.09646,5033109.61236,-75.66471277610,45.43486487820,2017-10-29,2:22:00 AM,02 - Rain,07 - Dark,02 - Wet,10 - No control,,02 - Non-fatal injury,07 - SMV other,1
17-9657,GREENBANK RD btwn MONTEREY DR & MEADOWBANK DR,360657.94534,5022442.98052,-75.78726862460,45.33971040620,2017-10-29,3:01:00 AM,02 - Rain,07 - Dark,02 - Wet,10 - No control,,03 - P.D. only,03 - Rear end,0
17-9658,MARCH RD btwn 280 S OF CARLING AVE/STATION RD & RICHARDSON SIDE RD,351375.48577,5021794.86712,-75.90576410950,45.33455620870,2017-10-29,4:32:00 AM,02 - Rain,07 - Dark,02 - Wet,10 - No control,,03 - P.D. only,07 - SMV other,0
17-9659,GRANT CARMAN DR @ MEADOWLANDS DR,365053.36634,5023901.50740,-75.73101152590,45.35247031320,2017-10-29,7:01:00 AM,02 - Rain,03 - Dawn,02 - Wet,01 - Traffic signal,01 - Functioning,03 - P.D. only,07 - SMV other,0
17-9660,DALMENY RD @ DALMENY RD EXTENSION,377405.72490,4998957.30790,-75.57702365030,45.12686044810,2017-10-29,9:55:00 AM,02 - Rain,01 - Daylight,02 - Wet,02 - Stop sign,00 - Unknown,03 - P.D. only,01 - Approaching,0
17-9661,LANTHIER DR @ VANTAGE DR,383601.09585,5035849.22970,-75.49241766500,45.45812744420,2017-10-29,10:35:00 AM,01 - Clear,01 - Daylight,02 - Wet,02 - Stop sign,01 - Functioning,03 - P.D. only,02 - Angle,0
17-9662,KING EDWARD AVE @ MURRAY ST,368292.03425,5032754.25090,-75.68854266760,45.43183892380,2017-10-29,10:43:00 AM,01 - Clear,01 - Daylight,02 - Wet,01 - Traffic signal,01 - Functioning,02 - Non-fatal injury,04 - Sideswipe,0
17-9663,DALHOUSIE ST btwn MURRAY ST & CLARENCE ST,368016.49367,5032549.13850,-75.69209018230,45.43001835640,2017-10-29,11:20:00 AM,02 - Rain,01 - Daylight,02 - Wet,10 - No control,,03 - P.D. only,04 - Sideswipe,0
17-9664,MANN AVE @ GOULBURN AVE/GOULBURN CRES,369688.45135,5031636.35849,-75.67084495510,45.42165239370,2017-10-29,11:26:00 AM,02 - Rain,01 - Daylight,02 - Wet,02 - Stop sign,01 - Functioning,03 - P.D. only,02 - Angle,0
17-9665,COLONIAL RD btwn MONSEIGNEUR DENIS CRT & LAFLEUR RD,396154.71971,5034513.55349,-75.33218131980,45.44458231480,2017-10-29,11:29:00 AM,02 - Rain,01 - Daylight,02 - Wet,10 - No control,,02 - Non-fatal injury,07 - SMV other,0
17-9666,TARTAN DR btwn HOULAHAN ST & HARTHILL WAY,362424.11171,5013809.28254,-75.76573815650,45.26188146910,2017-10-29,11:45:00 AM,02 - Rain,01 - Daylight,02 - Wet,10 - No control,,03 - P.D. only,04 - Sideswipe,0
17-9667,KANATA RD @ LORD BYNG WAY/MARITIME WAY,351432.20087,5019330.56445,-75.90527260900,45.31237808370,2017-10-29,11:45:00 AM,02 - Rain,01 - Daylight,02 - Wet,01 - Traffic signal,01 - Functioning,03 - P.D. only,03 - Rear end,0
17-9668,WOODROFFE AVE @ CRESTHAVEN DR/PAUL METIVIER,366327.62878,5014854.06831,-75.71587360090,45.27095182720,2017-10-29,12:03:00 PM,02 - Rain,01 - Daylight,02 - Wet,01 - Traffic signal,01 - Functioning,03 - P.D. only,05 - Turning movement,0
17-9669,BLAIR RD @ INNES RD,375580.16859,5031439.79405,-75.59559692860,45.41931254050,2017-10-29,12:59:00 PM,02 - Rain,01 - Daylight,02 - Wet,01 - Traffic signal,01 - Functioning,03 - P.D. only,03 - Rear end,0
17-9670,EASTWOOD PL @ MCARTHUR AVE,371051.71396,5032783.24370,-75.65327258790,45.43184379540,2017-10-28,1:30:00 PM,01 - Clear,01 - Daylight,01 - Dry,02 - Stop sign,01 - Functioning,03 - P.D. only,05 - Turning movement,0
17-9671,LAFONTAINE AVE @ RICHELIEU AVE,370928.04025,5033170.59230,-75.65480099740,45.43534069280,2017-10-29,4:00:00 PM,02 - Rain,01 - Daylight,02 - Wet,02 - Stop sign,01 - Functioning,03 - P.D. only,02 - Angle,0
17-9672,DALY AVE @ WALLER ST,368341.51445,5032120.44900,-75.68799212960,45.42613170710,2017-10-29,2:49:00 PM,02 - Rain,01 - Daylight,02 - Wet,01 - Traffic signal,01 - Functioning,03 - P.D. only,05 - Turning movement,0
17-9673,HEPATICA WAY btwn GENEVRIERS ST & MAGNOLIA ST,384489.91100,5034602.51900,-75.48125670340,45.44680987510,2017-10-29,3:15:00 PM,01 - Clear,01 - Daylight,01 - Dry,10 - No control,,03 - P.D. only,06 - SMV unattended vehicle,0
17-9674,ESPRIT DR btwn GALLERIA CIRC & BLACKBURN BYPS,385107.25668,5035429.57414,-75.47323090400,45.45418028980,2017-10-29,5:30:00 AM,01 - Clear,07 - Dark,01 - Dry,10 - No control,,03 - P.D. only,06 - SMV unattended vehicle,0
17-9675,GREENBANK RD btwn MONTEREY DR & MEADOWBANK DR,360676.92665,5022401.22325,-75.78703116190,45.33933316380,2017-10-29,3:33:00 PM,02 - Rain,01 - Daylight,02 - Wet,10 - No control,,02 - Non-fatal injury,01 - Approaching,0
17-9676,MOODIE DR @ WEST HUNT CLUB RD,357908.65504,5018497.78680,-75.82276933660,45.30442472190,2017-10-29,3:31:00 PM,02 - Rain,01 - Daylight,02 - Wet,01 - Traffic signal,01 - Functioning,03 - P.D. only,07 - SMV other,0
17-9677,RICHMOND RD btwn ASSALY RD & REGINA LANE,360769.47323,5025570.00607,-75.78549167770,45.36783838750,2017-10-29,10:32:00 AM,02 - Rain,01 - Daylight,02 - Wet,10 - No control,,02 - Non-fatal injury,07 - SMV other,1
17-9678,KIRKWOOD AVE @ LAPERRIERE AVE,364520.16737,5026958.30581,-75.73744643800,45.38002053370,2017-10-29,3:38:00 PM,01 - Clear,01 - Daylight,02 - Wet,01 - Traffic signal,01 - Functioning,03 - P.D. only,03 - Rear end,0
17-9679,TENTH LINE RD @ TENTH LINE RD,383531.70324,5037152.96231,-75.49309599890,45.46986508030,2017-10-29,4:12:00 PM,02 - Rain,01 - Daylight,02 - Wet,01 - Traffic signal,01 - Functioning,03 - P.D. only,03 - Rear end,0
17-9680,MAY ST @ MCARTHUR AVE,371675.05755,5032850.58140,-75.64529771160,45.43239033870,2017-10-29,4:28:00 PM,02 - Rain,01 - Daylight,02 - Wet,01 - Traffic signal,00 - Unknown,03 - P.D. only,05 - Turning movement,0
17-9681,WEST HUNT CLUB RD @ CLEOPATRA DR/LANCELOT DR,365235.71538,5021732.38631,-75.72894948650,45.33293715750,2017-10-29,4:57:00 PM,02 - Rain,01 - Daylight,02 - Wet,01 - Traffic signal,01 - Functioning,02 - Non-fatal injury,03 - Rear end,0
17-9682,ASHTON STATION RD btwn DOUGLAS SIDE RD(BECKWITH TWP) & OVERPASS RD,339664.52352,5004135.33161,-76.05641272680,45.17632560150,2017-10-29,6:18:00 PM,02 - Rain,07 - Dark,02 - Wet,10 - No control,,03 - P.D. only,07 - SMV other,0
17-9683,CYRVILLE RD @ ST. LAURENT BLVD,372242.72414,5032111.58000,-75.63814463010,45.42568663800,2017-10-29,6:19:00 PM,02 - Rain,07 - Dark,02 - Wet,01 - Traffic signal,00 - Unknown,03 - P.D. only,99 - Other,0
17-9684,JOHNWOODS ST btwn JOSEPH CIRC & HAZELDEAN RD,350119.20649,5015473.62671,-75.92236957320,45.27775816040,2017-10-29,6:49:00 PM,01 - Clear,07 - Dark,02 - Wet,10 - No control,,02 - Non-fatal injury,03 - Rear end,0
17-9685,EAGLESON RD @ FLEWELLYN RD,355334.10140,5014248.14215,-75.85603018630,45.26637548830,2017-10-29,7:02:00 PM,02 - Rain,07 - Dark,02 - Wet,02 - Stop sign,00 - Unknown,02 - Non-fatal injury,03 - Rear end,0
17-9686,FALLOWFIELD RD @ GREENBANK RD,363080.34125,5016733.79309,-75.75703369070,45.28814225300,2017-10-29,7:35:00 PM,02 - Rain,07 - Dark,02 - Wet,01 - Traffic signal,01 - Functioning,02 - Non-fatal injury,02 - Angle,0
17-9687,HUNT CLUB RD EB btwn 275 E OF HAWTHORNE RD/OC TRANSPO TURNAROUND & HAWTHORNE RD,375562.19300,5026431.36100,-75.59654502440,45.37425109720,2017-10-29,7:41:00 PM,02 - Rain,07 - Dark,02 - Wet,10 - No control,,03 - P.D. only,04 - Sideswipe,0
17-9688,CARLING AVE @ PINECREST  RD/GREENVIEW AVE,360005.00346,5024633.19690,-75.79535483530,45.35946963780,2017-10-29,7:42:00 PM,02 - Rain,07 - Dark,02 - Wet,01 - Traffic signal,00 - Unknown,03 - P.D. only,02 - Angle,0
17-9689,REGIONAL ROAD 174 btwn HWY417 IC113 RAMP67 & Continuation of REGIONAL,373722.02227,5032036.39105,-75.61925331690,45.42486593270,2017-10-29,8:07:00 PM,02 - Rain,07 - Dark,02 - Wet,10 - No control,,02 - Non-fatal injury,07 - SMV other,0
17-9690,TORMEY ST btwn COBOURG ST & BRIGADIER PRIV,369125.85970,5032883.33775,-75.67787022860,45.43292419860,2017-10-29,8:20:00 PM,02 - Rain,07 - Dark,02 - Wet,10 - No control,,02 - Non-fatal injury,07 - SMV other,1
17-9691,CANAAN RD btwn REGIONAL ROAD 174 & WILHAVEN DR,395780.17720,5043394.15311,-75.33532284750,45.52452636400,2017-10-29,8:25:00 PM,02 - Rain,07 - Dark,02 - Wet,10 - No control,,03 - P.D. only,07 - SMV other,0
17-9692,RIOCAN AVE @ STRANDHERD DR,364171.87435,5014945.24150,-75.74333382500,45.27195751040,2017-10-29,8:30:00 PM,02 - Rain,07 - Dark,02 - Wet,01 - Traffic signal,01 - Functioning,03 - P.D. only,05 - Turning movement,0