COLLISION_ID,LOCATION,X,Y,LONGITUDE,LATITUDE,DATE,TIME,ENVIRONMENT,LIGHT,SURFACE_CONDITION,TRAFFIC_CONTROL,TRAFFIC_CONTROL_CONDITION,COLLISION_CLASSIFICATION,IMPACT_TYPE,NO_OF_PEDESTRIANS
17-9693,RIDEAU RD btwn POWER RD & HAWTHORNE RD,378474.18396,5018746.47463,-75.56051544580,45.30480640730,2017-10-29,10:16:00 PM,02 - Rain,07 - Dark,02 - Wet,10 - No control,,03 - P.D. only,07 - SMV other,0
17-9694,WOODRIDGE CRES btwn BAYSHORE PS & TRANSITWAY LINK,358657.17822,5023212.23852,-75.81271220830,45.34678866280,2017-10-29,12:00:00 AM,02 - Rain,00 - Unknown,02 - Wet,10 - No control,,03 - P.D. only,06 - SMV unattended vehicle,0
17-9695,FAIRMONT AVE @ YOUNG ST,365822.69740,5029152.73894,-75.72054489180,45.39965330880,2017-10-29,11:01:00 PM,02 - Rain,07 - Dark,02 - Wet,02 - Stop sign,01 - Functioning,03 - P.D. only,07 - SMV other,0
17-9696,BRIAN COBURN BLVD @ PAGE RD,381470.80680,5033199.08500,-75.52006529230,45.43452056940,2017-10-29,11:43:00 PM,02 - Rain,07 - Dark,02 - Wet,01 - Traffic signal,00 - Unknown,03 - P.D. only,07 - SMV other,0
17-9697,NELSON ST btwn WILBROD ST & LAURIER AVE E,368871.36358,5032126.94515,-75.68122094500,45.42614182430,2017-10-30,3:46:00 AM,01 - Clear,07 - Dark,01 - Dry,10 - No control,,02 - Non-fatal injury,07 - SMV other,1
17-9698,HUNT CLUB RD btwn LORRY GREENBERG DR & PIKE ST,372995.57302,5024910.46338,-75.62952035420,45.36082114750,2017-10-30,3:46:00 AM,02 - Rain,07 - Dark,02 - Wet,10 - No control,,03 - P.D. only,04 - Sideswipe,0
17-9699,AIRPORT PKWY @ UPLANDS DR RAMP 62,371299.43423,5021621.59720,-75.65161041150,45.33139188970,2017-10-30,3:20:00 AM,02 - Rain,07 - Dark,02 - Wet,03 - Yield sign,01 - Functioning,03 - P.D. only,04 - Sideswipe,0
17-9700,MCCORDICK RD btwn COWELL RD & DILWORTH RD,368042.52851,4994533.32940,-75.69659622840,45.08795260400,2017-10-30,5:14:00 AM,02 - Rain,07 - Dark,02 - Wet,10 - No control,,03 - P.D. only,07 - SMV other,0
17-9701,ANDERSON RD @ INNES RD,376279.73776,5031840.89500,-75.58660103280,45.42285028930,2017-10-30,6:19:00 AM,02 - Rain,03 - Dawn,02 - Wet,01 - Traffic signal,01 - Functioning,02 - Non-fatal injury,05 - Turning movement,0
17-9702,CARP RD btwn RICHARDSON SIDE RD & HWY417 IC144 RAMP62,347097.85732,5016153.02325,-75.96081946830,45.28405989320,2017-10-30,11:33:00 AM,02 - Rain,01 - Daylight,02 - Wet,10 - No control,,03 - P.D. only,07 - SMV other,0
17-9703,OLD INNES RD @ BANTREE ST,373727.70163,5030352.73870,-75.61941625600,45.40971670860,2017-10-30,7:00:00 AM,02 - Rain,03 - Dawn,02 - Wet,02 - Stop sign,00 - Unknown,03 - P.D. only,05 - Turning movement,0
17-9704,ST. JOSEPH BLVD @ FOREST VALLEY DR/YOUVILLE DR,379167.25474,5036156.58850,-75.54905595100,45.46137882060,2017-10-30,7:24:00 AM,02 - Rain,01 - Daylight,02 - Wet,01 - Traffic signal,01 - Functioning,02 - Non-fatal injury,03 - Rear end,0
17-9705,BAYSWATER AVE @ SOMERSET ST,365811.69716,5029910.89870,-75.72059158530,45.40647600330,2017-10-30,7:36:00 AM,02 - Rain,01 - Daylight,02 - Wet,01 - Traffic signal,01 - Functioning,02 - Non-fatal injury,07 - SMV other,1
17-9706,REGIONAL ROAD 174 btwn OR174 IC112 RAMP36 & OR174 IC112 RAMP26,374756.13598,5032812.97968,-75.60592979010,45.43175059610,2017-10-30,7:51:00 AM,02 - Rain,01 - Daylight,02 - Wet,10 - No control,,03 - P.D. only,07 - SMV other,0
17-9707,HUNTMAR DR @ PAINE AVE,348757.85920,5018383.54700,-75.93946234230,45.30402903060,2017-10-30,8:01:00 AM,02 - Rain,01 - Daylight,02 - Wet,02 - Stop sign,00 - Unknown,03 - P.D. only,07 - SMV other,0
17-9708,ROGER STEVENS DR btwn DWYER HILL RD & MALAKOFF RD,355510.54124,4990291.61403,-75.85621410110,45.05079226630,2017-10-30,8:32:00 AM,02 - Rain,01 - Daylight,02 - Wet,10 - No control,,03 - P.D. only,07 - SMV other,0
17-9709,BOWESVILLE RD btwn RIDEAU RD & MITCH OWENS RD,373951.67345,5014203.38956,-75.61881200970,45.26438884030,2017-10-30,5:30:00 AM,02 - Rain,07 - Dark,02 - Wet,10 - No control,,03 - P.D. only,07 - SMV other,0
17-9710,BYRON AVE @ ISLAND PARK DR,364255.69000,5028603.31235,-75.74062502150,45.39484450470,2017-10-30,9:17:00 AM,02 - Rain,01 - Daylight,02 - Wet,01 - Traffic signal,01 - Functioning,03 - P.D. only,03 - Rear end,0
17-9711,ELGIN ST @ LISGAR ST,368074.37675,5031343.56941,-75.69150536940,45.41916582490,2017-10-29,11:40:00 PM,01 - Clear,07 - Dark,01 - Dry,01 - Traffic signal,01 - Functioning,03 - P.D. only,02 - Angle,0
17-9712,BLAIR RD @ OGILVIE RD,374508.67949,5033198.33605,-75.60903744780,45.43524253100,2017-10-30,9:29:00 AM,02 - Rain,01 - Daylight,02 - Wet,01 - Traffic signal,00 - Unknown,03 - P.D. only,03 - Rear end,0
17-9713,WOODROFFE AVE @ SPORTSPLEX N,363763.32785,5021065.22751,-75.74781230900,45.32705937380,2017-10-30,9:54:00 AM,02 - Rain,01 - Daylight,02 - Wet,01 - Traffic signal,01 - Functioning,02 - Non-fatal injury,05 - Turning movement,0
17-9714,PRINCE OF WALES DR @ STRANDHERD DR,367175.76770,5014824.42995,-75.70506942720,45.27061042800,2017-10-30,7:25:00 AM,02 - Rain,01 - Daylight,02 - Wet,01 - Traffic signal,01 - Functioning,03 - P.D. only,03 - Rear end,0
17-9715,MEADOWLANDS DR btwn BAYNE AVE & MERIVALE RD,364800.84037,5023694.74117,-75.73425920810,45.35063151090,2017-10-30,11:04:00 AM,02 - Rain,01 - Daylight,02 - Wet,10 - No control,,03 - P.D. only,02 - Angle,0
17-9716,FALLOWFIELD RD @ MERIVALE RD,366890.04036,5018845.13810,-75.70820723450,45.30681367940,2017-10-30,10:55:00 AM,02 - Rain,01 - Daylight,02 - Wet,01 - Traffic signal,02 - Not functioning,03 - P.D. only,05 - Turning movement,0
17-9717,ALTA VISTA DR @ SMYTH RD,370432.38145,5029082.22640,-75.66167997440,45.39860190630,2017-10-30,8:20:00 AM,02 - Rain,01 - Daylight,02 - Wet,01 - Traffic signal,01 - Functioning,03 - P.D. only,99 - Other,0
17-9718,OTTAWA RIVER PKWY @ ISLAND PARK DR,363299.17320,5029454.28025,-75.75273978670,45.40258193190,2017-10-30,11:29:00 AM,02 - Rain,01 - Daylight,02 - Wet,01 - Traffic signal,01 - Functioning,02 - Non-fatal injury,03 - Rear end,0
17-9719,MADELEINE MEILLEUR PRIV @ VANIER PKWY,369654.81520,5033359.30610,-75.67104781180,45.43715791250,2017-10-30,11:38:00 AM,02 - Rain,01 - Daylight,02 - Wet,01 - Traffic signal,01 - Functioning,03 - P.D. only,07 - SMV other,0
17-9720,LONGFIELDS DR @ WOODROFFE AVE,365422.84214,5017107.61380,-75.72712814020,45.29130772180,2017-10-30,11:50:00 AM,01 - Clear,01 - Daylight,02 - Wet,01 - Traffic signal,01 - Functioning,03 - P.D. only,99 - Other,0
17-9721,BASELINE RD/HERON RD @ PRINCE OF WALES DR,366872.83905,5026437.93199,-75.70747394550,45.37513383410,2017-10-30,12:07:00 PM,02 - Rain,01 - Daylight,02 - Wet,01 - Traffic signal,01 - Functioning,03 - P.D. only,04 - Sideswipe,0
17-9722,LISGAR ST btwn ELGIN ST & CARTIER ST,368146.25375,5031387.78721,-75.69058136110,45.41955717770,2017-10-27,12:00:00 AM,01 - Clear,00 - Unknown,01 - Dry,10 - No control,,03 - P.D. only,06 - SMV unattended vehicle,0
17-9723,GEORGE ST @ DALHOUSIE ST,368157.69794,5032315.58972,-75.69031581400,45.42790418900,2017-10-30,1:39:00 PM,01 - Clear,01 - Daylight,01 - Dry,01 - Traffic signal,01 - Functioning,03 - P.D. only,03 - Rear end,0
17-9724,TERRY FOX DR btwn 329 N OF CAMPEAU DR/SIGNATURE CENTRE & CAMPEAU DR,350084.99004,5019030.64956,-75.92248088690,45.30976753770,2017-10-30,1:40:00 PM,02 - Rain,01 - Daylight,02 - Wet,10 - No control,,03 - P.D. only,04 - Sideswipe,0
17-9725,MITCH OWENS RD @ STAGECOACH RD,375398.75136,5014485.12710,-75.60033435770,45.26678007940,2017-10-30,2:55:00 PM,01 - Clear,01 - Daylight,01 - Dry,01 - Traffic signal,01 - Functioning,03 - P.D. only,02 - Angle,0
17-9726,WEST HUNT CLUB RD @ WOODROFFE AVE,363670.69100,5021246.72795,-75.74897238180,45.32870027930,2017-10-30,3:14:00 PM,01 - Clear,01 - Daylight,01 - Dry,01 - Traffic signal,01 - Functioning,03 - P.D. only,03 - Rear end,0
17-9727,BRONSON AVE btwn GLADSTONE AVE & MCLEOD ST,367140.72511,5030061.49711,-75.70359619260,45.40771393670,2017-10-30,2:30:00 PM,01 - Clear,01 - Daylight,01 - Dry,10 - No control,,03 - P.D. only,04 - Sideswipe,0
17-9728,INNES RD btwn ORIENT PARK DR & EASTPARK DR,378367.17966,5033063.18757,-75.55974777660,45.43363126100,2017-10-30,4:30:00 PM,01 - Clear,01 - Daylight,01 - Dry,10 - No control,,03 - P.D. only,03 - Rear end,0
17-9729,KITIMAT CRES btwn OKANAGAN DR & OKANAGAN DR,359426.70550,5022597.20784,-75.80296068150,45.34119509640,2017-10-29,11:30:00 AM,02 - Rain,01 - Daylight,02 - Wet,10 - No control,,03 - P.D. only,06 - SMV unattended vehicle,0
17-9730,OLD TENTH LINE RD/OR174 IC101 RAMP63 @ ST. JOS,383119.23460,5038783.55629,-75.49811029340,45.48458206170,2017-10-30,4:40:00 PM,01 - Clear,01 - Daylight,01 - Dry,01 - Traffic signal,01 - Functioning,02 - Non-fatal injury,02 - Angle,0
17-9731,CONROY RD @ HUNT CLUB RD,373763.40555,5025405.19170,-75.61965150200,45.36519739790,2017-10-30,4:43:00 PM,01 - Clear,01 - Daylight,01 - Dry,01 - Traffic signal,01 - Functioning,03 - P.D. only,02 - Angle,0
17-9732,INNES RD @ WILDFLOWER DR,382936.75520,5035690.31881,-75.50093613660,45.45677231120,2017-10-30,4:47:00 PM,01 - Clear,01 - Daylight,02 - Wet,01 - Traffic signal,01 - Functioning,03 - P.D. only,03 - Rear end,0
17-9733,TRIM RD btwn ST. JOSEPH BLVD & WATTERS RD,384909.42829,5038803.04152,-75.47520991610,45.48455422650,2017-10-30,5:03:00 PM,01 - Clear,01 - Daylight,01 - Dry,10 - No control,,03 - P.D. only,03 - Rear end,0
17-9734,MACKENZIE KING BRIDGE @ MACKENZIE KING BRIDGE,368164.20556,5031868.23289,-75.69029020760,45.42387843860,2017-10-30,5:15:00 PM,01 - Clear,05 - Dusk,01 - Dry,01 - Traffic signal,01 - Functioning,02 - Non-fatal injury,07 - SMV other,1
17-9735,ROBERTSON RD btwn WESTCLIFFE RD & FITZGERALD RD,356470.03599,5020097.47400,-75.84094626170,45.31892622400,2017-10-30,3:00:00 PM,01 - Clear,01 - Daylight,01 - Dry,10 - No control,,03 - P.D. only,03 - Rear end,0
17-9736,ANDERSON RD btwn HWY417 IC104 RAMP51 & LEITRIM RD,380336.95663,5025244.01873,-75.53577326810,45.36306971410,2017-10-27,12:00:00 AM,01 - Clear,07 - Dark,01 - Dry,10 - No control,,03 - P.D. only,07 - SMV other,0
17-9737,WOODROFFE AVE btwn 260 N OF FALLOWFIELD RD/TRANSITWAY & FALLOWFIELD RD,365081.47107,5017915.23013,-75.73138166940,45.29860397740,2017-10-30,6:30:00 PM,01 - Clear,05 - Dusk,01 - Dry,10 - No control,,03 - P.D. only,04 - Sideswipe,0
17-9738,GREENBANK RD @ MALVERN DR/FOXFIELD DR,363311.79112,5016194.44642,-75.75414698650,45.28326997510,2017-10-30,6:32:00 PM,01 - Clear,07 - Dark,01 - Dry,01 - Traffic signal,01 - Functioning,03 - P.D. only,03 - Rear end,0
17-9739,GURDWARA RD btwn LASER ST & END (2),367118.21647,5022465.96438,-75.70484208520,45.33937311430,2017-10-30,12:00:00 AM,01 - Clear,00 - Unknown,01 - Dry,10 - No control,,03 - P.D. only,06 - SMV unattended vehicle,0
17-9740,CARLING AVE EB btwn AARON AVE & IROQUOIS RD,362191.27797,5025995.42977,-75.76729291510,45.37155132820,2017-10-30,7:30:00 PM,01 - Clear,07 - Dark,01 - Dry,10 - No control,,03 - P.D. only,04 - Sideswipe,0
17-9741,BRONSON AVE @ SUNNYSIDE AVE/UNIVERSITY RD - CA,367923.71344,5028092.88489,-75.69384642930,45.38993077170,2017-10-30,9:12:00 PM,01 - Clear,07 - Dark,01 - Dry,01 - Traffic signal,01 - Functioning,02 - Non-fatal injury,07 - SMV other,1
17-9742,TEENA COLLEEN PRIV btwn VISTA BARRETT PRIV & SUN VISTA PRIV,375705.95300,5014422.47500,-75.59642900760,45.26618545340,2017-10-31,3:08:00 AM,01 - Clear,07 - Dark,01 - Dry,10 - No control,,03 - P.D. only,06 - SMV unattended vehicle,0
17-9743,ORLEANS BLVD btwn LUMBERMAN WAY & ST. JOSEPH BLVD,380618.48326,5036999.76170,-75.53037148810,45.46880903170,2017-10-31,6:32:00 AM,01 - Clear,03 - Dawn,01 - Dry,10 - No control,,03 - P.D. only,02 - Angle,0
17-9744,INNES RD @ 215 W OF CYRVILLE RD/HOME DEPOT W,374864.88894,5031002.12159,-75.60479761360,45.41544659370,2017-10-31,7:08:00 AM,01 - Clear,01 - Daylight,01 - Dry,01 - Traffic signal,01 - Functioning,02 - Non-fatal injury,02 - Angle,0
17-9745,RIDEAU RD btwn POWER RD & HAWTHORNE RD,378495.49891,5018789.67036,-75.56023725540,45.30519282690,2017-10-31,7:05:00 AM,01 - Clear,01 - Daylight,01 - Dry,10 - No control,,03 - P.D. only,02 - Angle,0
17-9746,RIVER RD @ TEWSLEY,367969.14110,5015644.81338,-75.69485511640,45.27792134140,2017-10-31,8:46:00 AM,01 - Clear,01 - Daylight,01 - Dry,01 - Traffic signal,01 - Functioning,02 - Non-fatal injury,03 - Rear end,0
17-9747,GREENBANK RD btwn CANFIELD RD & BELLMAN DR,361111.26532,5021349.20734,-75.78160929860,45.32983240890,2017-10-31,8:53:00 AM,01 - Clear,01 - Daylight,01 - Dry,10 - No control,,03 - P.D. only,04 - Sideswipe,0
17-9748,EAGLESON RD @ HAZELDEAN RD/ROBERTSON RD,353674.10280,5018424.69895,-75.87677133470,45.30407446550,2017-10-30,2:30:00 PM,01 - Clear,01 - Daylight,02 - Wet,01 - Traffic signal,01 - Functioning,03 - P.D. only,03 - Rear end,0
17-9749,BANK ST @ JOHNSTON RD,370850.72716,5024839.52790,-75.65690460400,45.36038825170,2017-10-31,9:35:00 AM,01 - Clear,01 - Daylight,01 - Dry,01 - Traffic signal,01 - Functioning,02 - Non-fatal injury,07 - SMV other,0
17-9750,RUSSELL RD btwn CUBA AVE & SMYTH RD,373184.27417,5029451.75829,-75.62648293880,45.40166341340,2017-10-31,9:58:00 AM,01 - Clear,01 - Daylight,01 - Dry,10 - No control,,03 - P.D. only,05 - Turning movement,0
17-9751,LANTHIER DR @ VANTAGE DR,383602.43364,5035847.89190,-75.49240077770,45.45811525700,2017-10-31,12:05:00 PM,01 - Clear,01 - Daylight,01 - Dry,02 - Stop sign,01 - Functioning,03 - P.D. only,02 - Angle,0
17-9752,MERNER AVE btwn ARMADALE CRES & ARMADALE CRES,362063.67250,5014175.28919,-75.77028840240,45.26520425910,2017-10-28,4:30:00 PM,01 - Clear,05 - Dusk,01 - Dry,10 - No control,,03 - P.D. only,06 - SMV unattended vehicle,0
17-9753,BYRON AVE @ WINDERMERE AVE,362316.61045,5027480.57000,-75.76551995070,45.38490417720,2017-10-31,12:46:00 PM,01 - Clear,01 - Daylight,01 - Dry,02 - Stop sign,01 - Functioning,03 - P.D. only,02 - Angle,0
17-9754,BASELINE RD @ WOODROFFE AVE,362549.21683,5023770.26801,-75.76298354940,45.35150012190,2017-10-31,12:59:00 PM,01 - Clear,01 - Daylight,01 - Dry,01 - Traffic signal,01 - Functioning,03 - P.D. only,03 - Rear end,0
17-9755,MCCOOEY LANE @ FISHER AVE,365998.65779,5026425.29215,-75.71863572530,45.37509699860,2017-10-31,11:00:00 AM,01 - Clear,01 - Daylight,01 - Dry,01 - Traffic signal,01 - Functioning,03 - P.D. only,03 - Rear end,0
17-9756,LEIKIN DR @ MERIVALE RD,367130.37315,5018261.80410,-75.70521607630,45.30154362470,2017-10-31,2:34:00 PM,01 - Clear,01 - Daylight,01 - Dry,01 - Traffic signal,01 - Functioning,02 - Non-fatal injury,02 - Angle,0
17-9757,ST. LAURENT BLVD @ COVENTRY RD/OGILVIE RD,372305.38505,5031950.90570,-75.63736599190,45.42423492130,2017-10-31,2:32:00 PM,01 - Clear,01 - Daylight,01 - Dry,01 - Traffic signal,00 - Unknown,03 - P.D. only,04 - Sideswipe,0
17-9758,ST. ANDREW ST btwn CUMBERLAND ST & KING EDWARD AVE,368102.57457,5032933.94171,-75.69094070400,45.43347289270,2017-10-24,12:00:00 AM,01 - Clear,00 - Unknown,01 - Dry,10 - No control,,03 - P.D. only,06 - SMV unattended vehicle,0
17-9759,MARCH RD @ SOLANDT RD,350490.61184,5022708.49571,-75.91696886340,45.34283542020,2017-10-31,3:47:00 PM,01 - Clear,01 - Daylight,01 - Dry,01 - Traffic signal,01 - Functioning,03 - P.D. only,05 - Turning movement,0
17-9760,JEANNE D'ARC BLVD  N btwn OR174 IC105 RAMP36 & Continuation of JEANNE,379280.31597,5037253.24316,-75.54744424080,45.47123364520,2017-10-31,4:24:00 PM,01 - Clear,01 - Daylight,01 - Dry,10 - No control,,03 - P.D. only,03 - Rear end,0
17-9761,MOODIE DR @ ROBERTSON RD,357067.13000,5020455.23915,-75.83329305900,45.32210123620,2017-10-31,4:20:00 PM,01 - Clear,01 - Daylight,01 - Dry,01 - Traffic signal,01 - Functioning,03 - P.D. only,03 - Rear end,0
17-9762,ALBERT ST @ BOOTH ST,366429.69654,5030626.56660,-75.71260808070,45.41286124640,2017-10-31,4:27:00 PM,01 - Clear,01 - Daylight,01 - Dry,01 - Traffic signal,00 - Unknown,03 - P.D. only,04 - Sideswipe,0
17-9763,BANK ST @ FIRST AVE,368272.70686,5029701.56081,-75.68918288520,45.40437360540,2017-10-31,4:32:00 PM,01 - Clear,01 - Daylight,01 - Dry,01 - Traffic signal,01 - Functioning,03 - P.D. only,02 - Angle,0
17-9764,STRANDHERD DR btwn WOODROFFE AVE & 210 W OF WOODROFFE AVE,366023.47778,5015358.35091,-75.71968724730,45.27551588560,2017-10-31,4:37:00 PM,01 - Clear,01 - Daylight,01 - Dry,10 - No control,,03 - P.D. only,03 - Rear end,0
17-9765,BAYSWATER AVE btwn WELLINGTON ST W & SOMERSET ST W,365799.11288,5029942.30347,-75.72074844610,45.40675967260,2017-10-30,5:06:00 PM,01 - Clear,01 - Daylight,01 - Dry,10 - No control,,03 - P.D. only,06 - SMV unattended vehicle,0
17-9766,HARVEST VALLEY AVE btwn SPARKMAN AVE & END,384768.99729,5034420.51320,-75.47771905930,45.44514047950,2017-10-31,5:09:00 PM,01 - Clear,01 - Daylight,01 - Dry,10 - No control,,02 - Non-fatal injury,07 - SMV other,1
17-9767,EDGEWATER ST btwn TERRY FOX DR & HAZELDEAN RD,352159.39163,5017483.38702,-75.89617532070,45.29570806250,2017-10-31,5:25:00 PM,01 - Clear,01 - Daylight,01 - Dry,10 - No control,,03 - P.D. only,02 - Angle,0
17-9768,CLARIDGE DR @ TOTTERIDGE AVE,364653.82445,5016292.56511,-75.73702968470,45.28403985560,2017-10-31,7:48:00 PM,01 - Clear,07 - Dark,01 - Dry,02 - Stop sign,01 - Functioning,02 - Non-fatal injury,07 - SMV other,1
17-9769,WILLOW ASTER CIR btwn GERARDIA LANE & MONARDIA WAY,383585.30520,5033722.90450,-75.49296005620,45.43899841380,2017-10-31,8:59:00 PM,01 - Clear,07 - Dark,02 - Wet,10 - No control,,03 - P.D. only,06 - SMV unattended vehicle,0
17-9770,BEARBROOK RD/ROCKCLIFFE PKWY @ ST. JOSEPH BLVD,377127.72671,5035240.89050,-75.57526688830,45.45335411230,2017-10-31,10:22:00 PM,01 - Clear,07 - Dark,01 - Dry,01 - Traffic signal,01 - Functioning,03 - P.D. only,03 - Rear end,0
17-9771,VANIER PKWY NB btwn BEECHWOOD AVE/ ST. PATRICK ST/CRICHTON ST & DESCHA,369806.36691,5033292.04770,-75.66911981610,45.43653867560,2017-11-01,12:31:00 AM,01 - Clear,07 - Dark,01 - Dry,10 - No control,,03 - P.D. only,07 - SMV other,0
17-9772,PRINCE OF WALES DR @ WEST HUNT CLUB RD,367458.37585,5021892.84109,-75.70057476650,45.33418595900,2017-11-01,1:34:00 AM,01 - Clear,07 - Dark,01 - Dry,01 - Traffic signal,01 - Functioning,03 - P.D. only,02 - Angle,0
17-9773,LAURIER AVE @ NICHOLAS ST,368372.63366,5031798.26990,-75.68763607310,45.42323002520,2017-11-01,1:55:00 AM,01 - Clear,07 - Dark,01 - Dry,01 - Traffic signal,01 - Functioning,02 - Non-fatal injury,02 - Angle,0
17-9774,MUNSTER RD btwn OWLSHEAD RD & BLEEKS RD,348731.11634,5003061.46465,-75.94115637030,45.16615610380,2017-11-01,3:09:00 AM,01 - Clear,07 - Dark,02 - Wet,10 - No control,,03 - P.D. only,07 - SMV other,0
17-9775,REGIONAL ROAD 174 btwn OR174 IC109 RAMP64 & OR174 IC105 RAMP16,376778.23886,5035517.78875,-75.57969409480,45.45588154620,2017-11-01,3:35:00 AM,01 - Clear,07 - Dark,01 - Dry,10 - No control,,02 - Non-fatal injury,07 - SMV other,0
17-9776,PIKE ST btwn CASTLEGREEN PRIV & HUNTERSFIELD DR,373208.80645,5025238.76386,-75.62675341620,45.36375429150,2017-11-01,6:29:00 AM,01 - Clear,07 - Dark,01 - Dry,10 - No control,,02 - Non-fatal injury,02 - Angle,0
17-9777,RICHMOND RD btwn HWY416 IC75A RAMP53 & HWY416 IC75A RAMP63,358676.13313,5021909.11202,-75.81261224370,45.33506162530,2017-11-01,6:46:00 AM,01 - Clear,07 - Dark,01 - Dry,10 - No control,,03 - P.D. only,04 - Sideswipe,0
17-9778,CASTLEFRANK RD @ KATIMAVIK RD,351950.78735,5018942.84700,-75.89869603220,45.30885468040,2017-11-01,7:18:00 AM,02 - Rain,03 - Dawn,02 - Wet,01 - Traffic signal,01 - Functioning,03 - P.D. only,05 - Turning movement,0
17-9779,MANOTICK STATION RD btwn MITCH OWENS RD & PEBBLEWOODS DR,373565.26684,5013147.36057,-75.62388149830,45.25492482450,2017-11-01,6:45:00 AM,01 - Clear,07 - Dark,01 - Dry,10 - No control,,03 - P.D. only,07 - SMV other,0
17-9780,RUSSELL RD btwn WAY ST & BOUNDARY RD,385527.51935,5026385.82731,-75.46933976800,45.37276426660,2017-11-01,7:30:00 AM,01 - Clear,03 - Dawn,01 - Dry,10 - No control,,03 - P.D. only,07 - SMV other,0
17-9781,MARILYN AVE @ RIVERSIDE DR,368119.37955,5024233.18171,-75.69184262280,45.35518450440,2017-10-31,4:30:00 PM,01 - Clear,01 - Daylight,01 - Dry,02 - Stop sign,01 - Functioning,03 - P.D. only,05 - Turning movement,0
17-9782,BANTREE ST @ INNES RD,373706.72654,5030407.22430,-75.61967657480,45.41020900900,2017-11-01,7:47:00 AM,"07 - Fog, mist, smoke, dust",01 - Daylight,01 - Dry,01 - Traffic signal,01 - Functioning,03 - P.D. only,05 - Turning movement,0
17-9783,REGIONAL ROAD 174 btwn Continuation of REGIONAL ROAD 174 & OR174 IC112,374440.19596,5032575.07759,-75.61000079600,45.42964161470,2017-11-01,7:20:00 AM,01 - Clear,03 - Dawn,01 - Dry,10 - No control,,03 - P.D. only,03 - Rear end,0
17-9784,HERON RD btwn BAYCREST DR & SANDALWOOD DR,371243.72930,5026992.25353,-75.65159918490,45.37972059310,2017-11-01,9:02:00 AM,02 - Rain,01 - Daylight,02 - Wet,10 - No control,,03 - P.D. only,05 - Turning movement,0
17-9785,IRVING AVE @ WELLINGTON ST,365626.69794,5029802.22941,-75.72296809000,45.40551432480,2017-11-01,9:10:00 AM,02 - Rain,01 - Daylight,02 - Wet,02 - Stop sign,01 - Functioning,03 - P.D. only,05 - Turning movement,0
17-9786,FISHER AVE @ PRINCE OF WALES DR,367162.18270,5023943.22815,-75.70409488950,45.35266134550,2017-11-01,9:23:00 AM,02 - Rain,01 - Daylight,02 - Wet,01 - Traffic signal,01 - Functioning,03 - P.D. only,05 - Turning movement,0
17-9787,MEADOWLANDS DR/PETER ST @ PERRY ST,364439.28237,5023493.56369,-75.73889732370,45.34885218070,2017-10-31,5:30:00 PM,01 - Clear,05 - Dusk,01 - Dry,01 - Traffic signal,01 - Functioning,03 - P.D. only,03 - Rear end,0
17-9788,OAKLAND AVE btwn WILTON LANE & MONK ST,368452.87884,5028988.65141,-75.68697356600,45.39794271170,2017-11-01,9:55:00 AM,02 - Rain,01 - Daylight,02 - Wet,10 - No control,,03 - P.D. only,06 - SMV unattended vehicle,0
17-9789,TERRY FOX DR @ PALLADIUM DR/KATIMAVIK RD,351269.24010,5018181.53625,-75.90745856420,45.30204963420,2017-11-01,10:25:00 AM,02 - Rain,01 - Daylight,02 - Wet,01 - Traffic signal,01 - Functioning,03 - P.D. only,04 - Sideswipe,0
17-9790,BANK ST btwn BANK ST EXTENSION NB & JOHNSTON RD,370588.18793,5025392.20587,-75.66018181200,45.36538575940,2017-11-01,11:28:00 AM,02 - Rain,01 - Daylight,02 - Wet,10 - No control,,02 - Non-fatal injury,03 - Rear end,0
17-9791,CEDARVIEW RD btwn WEST HUNT CLUB RD & LYTLE AVE,360111.31985,5018642.19254,-75.79466738770,45.30555410180,2017-11-01,12:42:00 PM,02 - Rain,01 - Daylight,02 - Wet,10 - No control,,03 - P.D. only,07 - SMV other,0
17-9792,RIVERSIDE DR SB btwn Continuation of RIVERSIDE DR & HWY417 IC117 RAMP5,370749.59938,5030858.98124,-75.65739094350,45.41455864210,2017-10-31,4:50:00 PM,01 - Clear,01 - Daylight,01 - Dry,10 - No control,,03 - P.D. only,04 - Sideswipe,0
17-9793,DONALD ST @ ST. LAURENT BLVD,372094.66869,5032473.77964,-75.63998693650,45.42895980090,2017-11-01,1:49:00 PM,01 - Clear,01 - Daylight,01 - Dry,01 - Traffic signal,01 - Functioning,03 - P.D. only,03 - Rear end,0
17-9794,BELL ST    S btwn ORANGEVILLE ST & PLYMOUTH ST,367093.19841,5029636.98955,-75.70425691990,45.40389857080,2017-11-01,2:19:00 PM,01 - Clear,01 - Daylight,02 - Wet,10 - No control,,03 - P.D. only,06 - SMV unattended vehicle,0
17-9795,WELLINGTON ST @ BAYSWATER AVE/BAYVIEW RD,365760.22520,5030012.81635,-75.72123646410,45.40739751800,2017-11-01,2:10:00 PM,02 - Rain,01 - Daylight,02 - Wet,02 - Stop sign,00 - Unknown,03 - P.D. only,05 - Turning movement,0
17-9796,WOODROFFE AVE/HWY 417 WOODROFF IC127R25 @ HWY,362180.17794,5024693.63946,-75.76758579450,45.35983884390,2017-11-01,3:17:00 PM,02 - Rain,01 - Daylight,02 - Wet,01 - Traffic signal,01 - Functioning,03 - P.D. only,03 - Rear end,0