COLLISION_ID,LOCATION,X,Y,LONGITUDE,LATITUDE,DATE,TIME,ENVIRONMENT,LIGHT,SURFACE_CONDITION,TRAFFIC_CONTROL,TRAFFIC_CONTROL_CONDITION,COLLISION_CLASSIFICATION,IMPACT_TYPE,NO_OF_PEDESTRIANS
17-9797,BOOTH ST @ LOUISA ST,366802.70300,5029770.41802,-75.70795061870,45.40512491340,2017-11-01,3:26:00 PM,01 - Clear,01 - Daylight,02 - Wet,02 - Stop sign,00 - Unknown,02 - Non-fatal injury,03 - Rear end,0
17-9798,INDUSTRIAL AVE btwn RIVERSIDE DR & SANDFORD FLEMING AVE,370733.46412,5030584.19020,-75.65763383460,45.41208770370,2017-11-01,3:55:00 PM,01 - Clear,01 - Daylight,01 - Dry,10 - No control,,03 - P.D. only,03 - Rear end,0
17-9799,INDUSTRIAL AVE btwn TRAINYARDS DR & RUSSELL RD,372145.23694,5030415.46695,-75.63962209610,45.41043517210,2017-11-01,3:59:00 PM,01 - Clear,01 - Daylight,02 - Wet,10 - No control,,03 - P.D. only,05 - Turning movement,0
17-9800,BOURASSA ST @ ST. LAURENT BLVD,373235.77621,5029692.83975,-75.62579169130,45.40382752110,2017-11-01,4:02:00 PM,02 - Rain,01 - Daylight,02 - Wet,01 - Traffic signal,00 - Unknown,03 - P.D. only,04 - Sideswipe,0
17-9801,HAWTHORNE RD btwn DAVIDSON RD & LEITRIM RD,376844.24247,5023175.19483,-75.58065319840,45.34482311620,2017-11-01,5:10:00 PM,02 - Rain,07 - Dark,02 - Wet,10 - No control,,02 - Non-fatal injury,03 - Rear end,0
17-9802,BLAIR RD @ REGIONAL RD 174 S/OR174 IC112 RAMP15,374906.88292,5032660.85902,-75.60402507310,45.43036680330,2017-11-01,5:09:00 PM,02 - Rain,07 - Dark,02 - Wet,01 - Traffic signal,01 - Functioning,03 - P.D. only,05 - Turning movement,0
17-9803,HWY 417 PALLADI IC142R36 @ PALLADIUM DR,348773.72360,5017374.11966,-75.93934957980,45.29494488710,2017-11-01,5:18:00 PM,02 - Rain,05 - Dusk,02 - Wet,01 - Traffic signal,01 - Functioning,03 - P.D. only,05 - Turning movement,0
17-9804,AIRPORT PKWY btwn AIRPORT PKWY/WALKLEY RD SOUTHBOUND ON RAMP,370192.55065,5025326.24572,-75.66524050180,45.36482929110,2017-11-01,5:20:00 PM,02 - Rain,05 - Dusk,02 - Wet,10 - No control,,02 - Non-fatal injury,03 - Rear end,0
17-9805,CAHILL DR @ HUNT CLUB RD,372407.25680,5024541.79245,-75.63707945980,45.35756096260,2017-11-01,5:29:00 PM,02 - Rain,07 - Dark,02 - Wet,01 - Traffic signal,01 - Functioning,02 - Non-fatal injury,05 - Turning movement,0
17-9806,CARLING AVE @ BROADVIEW AVE,363181.16450,5026639.01950,-75.75458014850,45.37726050000,2017-11-01,6:09:00 PM,02 - Rain,07 - Dark,02 - Wet,01 - Traffic signal,00 - Unknown,02 - Non-fatal injury,03 - Rear end,0
17-9807,CRESTHAVEN DR @ STRANDHERD DR,366813.42830,5015026.87596,-75.70966143490,45.27246406940,2017-11-01,6:12:00 PM,02 - Rain,07 - Dark,02 - Wet,01 - Traffic signal,01 - Functioning,02 - Non-fatal injury,03 - Rear end,0
17-9808,ROCKDALE RD btwn RUSSELL RD & FORCED RD,394122.78910,5026035.94639,-75.35968674830,45.36857360910,2017-11-01,6:16:00 PM,02 - Rain,07 - Dark,02 - Wet,10 - No control,,03 - P.D. only,07 - SMV other,0
17-9809,EAGLESON RD @ COPE DR/CADENCE GT,354621.57809,5016027.66615,-75.86493092210,45.28243890200,2017-11-01,6:22:00 PM,02 - Rain,07 - Dark,02 - Wet,01 - Traffic signal,01 - Functioning,03 - P.D. only,05 - Turning movement,0
17-9810,HOG'S BACK RD btwn COLONEL BY DR & RIVERSIDE DR,367933.92846,5026121.34778,-75.69396810070,45.37219049030,2017-11-01,6:22:00 PM,02 - Rain,07 - Dark,02 - Wet,10 - No control,,03 - P.D. only,02 - Angle,0
17-9811,INDUSTRIAL AVE @ RIVERSIDE DR,370685.67439,5030592.31445,-75.65824324370,45.41216530380,2017-11-01,7:12:00 PM,02 - Rain,07 - Dark,02 - Wet,01 - Traffic signal,01 - Functioning,03 - P.D. only,04 - Sideswipe,0
17-9812,CARP RD btwn KINBURN SIDE RD & BAIRD SIDE RD,332367.78043,5030628.55036,-76.14777566200,45.41505001670,2017-11-01,7:18:00 PM,02 - Rain,07 - Dark,02 - Wet,10 - No control,,03 - P.D. only,07 - SMV other,0
17-9813,HAWTHORNE AVE/ISABELLA ST @ QUEEN ELIZABETH DR,368664.96824,5030476.64385,-75.68407214070,45.41131186690,2017-11-01,7:21:00 PM,02 - Rain,07 - Dark,02 - Wet,01 - Traffic signal,01 - Functioning,02 - Non-fatal injury,07 - SMV other,1
17-9814,MONTREAL RD @ VANIER PKWY,370072.70980,5033065.35315,-75.66574596830,45.43447416080,2017-11-01,7:26:00 PM,02 - Rain,07 - Dark,02 - Wet,01 - Traffic signal,01 - Functioning,02 - Non-fatal injury,05 - Turning movement,0
17-9815,UPPER DWYER HILL RD btwn MARCH RD & OLD ALMONTE RD,334168.73287,5014203.87418,-76.12574099740,45.26717939910,2017-11-01,7:33:00 PM,02 - Rain,07 - Dark,02 - Wet,10 - No control,,03 - P.D. only,07 - SMV other,0
17-9816,EAGLESON RD @ PALOMINO DR S/ROTHESAY DR,354124.73258,5017288.54178,-75.87113840150,45.29381958540,2017-11-01,7:58:00 PM,02 - Rain,07 - Dark,02 - Wet,01 - Traffic signal,01 - Functioning,02 - Non-fatal injury,05 - Turning movement,0
17-9817,KING EDWARD AVE @ RIDEAU ST,368511.70720,5032413.58920,-75.68577950730,45.42875379570,2017-11-01,9:28:00 PM,02 - Rain,07 - Dark,02 - Wet,01 - Traffic signal,01 - Functioning,02 - Non-fatal injury,07 - SMV other,1
17-9818,WOODROFFE AVE @ HWY 417 WOODROFF IC127R26/HWY4,362083.16027,5024938.33417,-75.76879568730,45.36204852130,2017-11-01,9:41:00 PM,02 - Rain,07 - Dark,02 - Wet,01 - Traffic signal,01 - Functioning,03 - P.D. only,03 - Rear end,0
17-9819,COLONNADE RD @ MERIVALE RD,365363.69500,5022544.73309,-75.72721742730,45.34023551790,2017-11-01,9:49:00 PM,02 - Rain,07 - Dark,02 - Wet,01 - Traffic signal,01 - Functioning,02 - Non-fatal injury,03 - Rear end,0
17-9820,CARLING AVE @ EDGEWORTH AVE,361261.77828,5025424.29892,-75.77922404220,45.36648783780,2017-11-01,11:23:00 PM,01 - Clear,07 - Dark,02 - Wet,01 - Traffic signal,01 - Functioning,02 - Non-fatal injury,05 - Turning movement,0
17-9821,LEES AVE @ KING EDWARD AVE/MANN AVE,369178.95935,5031334.88421,-75.67739404110,45.41898691040,2017-11-01,11:20:00 PM,02 - Rain,07 - Dark,02 - Wet,01 - Traffic signal,01 - Functioning,03 - P.D. only,03 - Rear end,0
17-9822,PRINCE OF WALES DR btwn FALLOWFIELD RD & AMBERWOOD CRES,367391.04370,5019268.54947,-75.70176541890,45.31057900960,2017-11-02,7:20:00 AM,02 - Rain,03 - Dawn,02 - Wet,10 - No control,,03 - P.D. only,07 - SMV other,0
17-9823,ANNA AVE @ CARLING AVE,365197.69750,5027891.35796,-75.72868182590,45.38835787040,2017-11-02,7:28:00 AM,02 - Rain,03 - Dawn,02 - Wet,02 - Stop sign,00 - Unknown,03 - P.D. only,03 - Rear end,0
17-9824,NORICE ST @ WOODROFFE AVE,363194.68400,5022397.73115,-75.75490859700,45.33909669880,2017-11-02,8:18:00 AM,02 - Rain,01 - Daylight,02 - Wet,01 - Traffic signal,01 - Functioning,03 - P.D. only,05 - Turning movement,0
17-9825,PRINCE OF WALES DR @ MEADOWLANDS DR/HOG'S BACK,367372.87469,5025693.23805,-75.70118460920,45.36838878130,2017-11-02,8:58:00 AM,02 - Rain,01 - Daylight,02 - Wet,01 - Traffic signal,01 - Functioning,03 - P.D. only,04 - Sideswipe,0
17-9826,WEST HUNT CLUB RD EB btwn WOODROFFE AVE & 354 E OF WOODROFFE AVE/REC P,363749.06615,5021309.57144,-75.74796513380,45.32925916120,2017-11-02,9:00:00 AM,02 - Rain,01 - Daylight,02 - Wet,10 - No control,,02 - Non-fatal injury,04 - Sideswipe,0
17-9827,WOODROFFE AVE @ KNOXDALE RD/MEDHURST DR,363420.15988,5021825.99663,-75.75209959280,45.33393347010,2017-11-02,9:02:00 AM,02 - Rain,01 - Daylight,02 - Wet,01 - Traffic signal,01 - Functioning,03 - P.D. only,05 - Turning movement,0
17-9828,LEIKIN DR @ MERIVALE RD,367131.04205,5018263.81079,-75.70520729560,45.30156162140,2017-11-02,9:04:00 AM,02 - Rain,01 - Daylight,02 - Wet,01 - Traffic signal,01 - Functioning,02 - Non-fatal injury,07 - SMV other,0
17-9829,REGIONAL RD 174 @ TRIM RD,384351.76356,5039990.42230,-75.48215021830,45.49530090010,2017-11-02,9:00:00 AM,02 - Rain,01 - Daylight,02 - Wet,01 - Traffic signal,01 - Functioning,03 - P.D. only,04 - Sideswipe,0
17-9830,WELLINGTON ST btwn KENT ST & BANK ST,367111.55682,5031536.13144,-75.70378233980,45.42098485180,2017-11-02,9:21:00 AM,02 - Rain,01 - Daylight,02 - Wet,10 - No control,,03 - P.D. only,04 - Sideswipe,0
17-9831,LEMIEUX ST btwn JOSEPH CYR ST & RAMP,372507.44035,5031742.70813,-75.63481289050,45.42234212950,2017-11-02,9:23:00 AM,02 - Rain,01 - Daylight,02 - Wet,10 - No control,,03 - P.D. only,02 - Angle,0
17-9832,BLAIR RD @ INNES RD,375578.25700,5031439.79405,-75.59562135130,45.41931273390,2017-11-02,9:38:00 AM,02 - Rain,01 - Daylight,02 - Wet,01 - Traffic signal,01 - Functioning,03 - P.D. only,03 - Rear end,0
17-9833,CATHERINE ST/HWY 417 O'CONN IC119BR76 @ O'CONN,368244.04545,5030393.23300,-75.68945996940,45.41059964860,2017-11-02,9:50:00 AM,02 - Rain,01 - Daylight,02 - Wet,01 - Traffic signal,01 - Functioning,03 - P.D. only,02 - Angle,0
17-9834,BAYSHORE DR btwn WOODRIDGE CRES S & BAYSHORE CS,359163.60983,5023665.00896,-75.80620018280,45.35082362820,2017-11-02,10:04:00 AM,02 - Rain,01 - Daylight,02 - Wet,10 - No control,,02 - Non-fatal injury,03 - Rear end,0
17-9835,CRAIG HENRY DR btwn ALDRIDGE WAY & JACK AARON DR,362373.98397,5021890.61080,-75.76543851150,45.33460148280,2017-11-02,10:12:00 AM,02 - Rain,01 - Daylight,02 - Wet,10 - No control,,03 - P.D. only,06 - SMV unattended vehicle,0
17-9836,TENTH LINE RD @ CHARLEMAGNE BLVD N/TOMPKINS AV,383184.26435,5037979.21969,-75.49740690700,45.47733807790,2017-11-02,10:54:00 AM,02 - Rain,01 - Daylight,02 - Wet,01 - Traffic signal,01 - Functioning,02 - Non-fatal injury,05 - Turning movement,0
17-9837,RICHMOND RD @ WEST HUNT CLUB RD,357144.69151,5018152.22335,-75.83254706180,45.30137264190,2017-11-02,12:02:00 PM,02 - Rain,01 - Daylight,02 - Wet,01 - Traffic signal,01 - Functioning,03 - P.D. only,03 - Rear end,0
17-9838,ROTHWELL DR btwn WICK CRES & NASKAPI DR,374620.45913,5034896.20996,-75.60736804730,45.45050788360,2017-11-02,12:29:00 PM,02 - Rain,01 - Daylight,02 - Wet,10 - No control,,03 - P.D. only,07 - SMV other,0
17-9839,BLAIR RD @ REGIONAL RD 174 S/OR174 IC112 RAMP15,374908.73964,5032661.67456,-75.60400123100,45.43037395540,2017-11-02,1:43:00 PM,02 - Rain,01 - Daylight,02 - Wet,01 - Traffic signal,01 - Functioning,03 - P.D. only,03 - Rear end,0
17-9840,ALTA VISTA DR @ CUNNINGHAM AVE,370344.24953,5028016.36137,-75.66294715870,45.38901989170,2017-11-02,2:19:00 PM,02 - Rain,01 - Daylight,02 - Wet,02 - Stop sign,01 - Functioning,02 - Non-fatal injury,03 - Rear end,0
17-9841,MONTCREST DR @ WATTERS RD,384865.64829,5038589.13435,-75.47580475280,45.48263472260,2017-11-02,3:09:00 PM,02 - Rain,01 - Daylight,02 - Wet,02 - Stop sign,01 - Functioning,03 - P.D. only,03 - Rear end,0
17-9842,ST. LAURENT BLVD @ MCARTHUR AVE,371922.05345,5032888.91269,-75.64213609100,45.43271156240,2017-11-02,3:18:00 PM,02 - Rain,01 - Daylight,02 - Wet,01 - Traffic signal,01 - Functioning,02 - Non-fatal injury,07 - SMV other,1
17-9843,RIVERSIDE DR @ PLEASANT PARK RD,369560.16678,5028414.30099,-75.67290724550,45.39267335960,2017-11-02,3:21:00 PM,02 - Rain,01 - Daylight,02 - Wet,01 - Traffic signal,01 - Functioning,02 - Non-fatal injury,07 - SMV other,1
17-9844,CHAPMAN MILLS DR btwn MEADGATE GT & CLEARBROOK DR,365740.11934,5015003.76751,-75.72334193030,45.27234997230,2017-11-02,3:37:00 PM,02 - Rain,01 - Daylight,02 - Wet,10 - No control,,03 - P.D. only,04 - Sideswipe,0
17-9845,SCOTT ST btwn PINHEY ST & MERTON ST,365309.31169,5029944.45556,-75.72700471990,45.40682155100,2017-11-02,3:47:00 PM,01 - Clear,01 - Daylight,02 - Wet,10 - No control,,02 - Non-fatal injury,03 - Rear end,0
17-9846,SLACK RD btwn VAAN DR & GRENFELL CRES,365261.33194,5020542.91417,-75.72876795620,45.32223221030,2017-11-02,3:56:00 PM,02 - Rain,01 - Daylight,02 - Wet,10 - No control,,02 - Non-fatal injury,03 - Rear end,0
17-9847,LAURIER AVE  E btwn WALLER ST & 73 E OF WALLER ST,368461.06260,5031863.73586,-75.68649773710,45.42381102350,2017-11-02,4:05:00 PM,02 - Rain,01 - Daylight,02 - Wet,10 - No control,,02 - Non-fatal injury,04 - Sideswipe,0
17-9848,GLADSTONE AVE @ CAMBRIDGE ST,367063.75785,5030036.80639,-75.70458247270,45.40749862800,2017-11-02,4:08:00 PM,02 - Rain,01 - Daylight,02 - Wet,02 - Stop sign,00 - Unknown,03 - P.D. only,03 - Rear end,0
17-9849,CEDARVIEW RD @ FALLOWFIELD RD,361294.18930,5015663.72525,-75.77992380310,45.27865955670,2017-11-02,4:27:00 PM,02 - Rain,05 - Dusk,02 - Wet,01 - Traffic signal,01 - Functioning,03 - P.D. only,03 - Rear end,0
17-9850,HWY 417 MAITLAND IC126R26/62 @ MAITLAND AVE,363146.31146,5025983.97010,-75.75510250610,45.37136935250,2017-11-02,3:20:00 PM,03 - Snow,01 - Daylight,02 - Wet,01 - Traffic signal,01 - Functioning,03 - P.D. only,03 - Rear end,0
17-9851,LEGGET DR @ SOLANDT RD,350653.91125,5022880.17760,-75.91486928890,45.34436959500,2017-11-02,5:32:00 PM,02 - Rain,07 - Dark,02 - Wet,01 - Traffic signal,01 - Functioning,03 - P.D. only,02 - Angle,0
17-9852,BASELINE RD @ GREENBANK RD,360596.72851,5022583.30546,-75.78803384750,45.34097792080,2017-11-02,5:34:00 PM,02 - Rain,07 - Dark,02 - Wet,01 - Traffic signal,01 - Functioning,03 - P.D. only,03 - Rear end,0
17-9853,HWY 417 CASTLEFR IC139R61 @ KANATA AVE,351615.64609,5019223.47022,-75.90294327240,45.31140221720,2017-11-02,6:12:00 PM,02 - Rain,07 - Dark,02 - Wet,01 - Traffic signal,01 - Functioning,02 - Non-fatal injury,07 - SMV other,0
17-9854,CARP RD btwn HWY417 IC144 RAMP25 & WESTBROOK RD,347591.29449,5015604.92907,-75.95457705420,45.27909807180,2017-11-02,6:30:00 PM,02 - Rain,07 - Dark,02 - Wet,10 - No control,,03 - P.D. only,03 - Rear end,0
17-9855,MCWATTERS RD btwn LISA AVE & THORSON AVE,360719.76951,5022849.61137,-75.78643386480,45.34336434060,2017-11-02,12:00:00 AM,02 - Rain,00 - Unknown,02 - Wet,10 - No control,,03 - P.D. only,06 - SMV unattended vehicle,0
17-9856,AMBASSADOR AVE @ CITY PARK DR,374194.22829,5032623.59625,-75.61313703770,45.43010260850,2017-11-02,6:56:00 PM,02 - Rain,07 - Dark,02 - Wet,02 - Stop sign,00 - Unknown,03 - P.D. only,02 - Angle,0
17-9857,BANK ST @ GLADSTONE AVE,367916.37195,5030561.90160,-75.69362420290,45.41214690330,2017-11-02,7:13:00 PM,02 - Rain,07 - Dark,02 - Wet,01 - Traffic signal,01 - Functioning,02 - Non-fatal injury,03 - Rear end,0
17-9858,CLOVER ST @ GREGG ST,369311.38545,5026569.85620,-75.67632530790,45.37610058620,2017-11-02,7:12:00 PM,02 - Rain,07 - Dark,02 - Wet,02 - Stop sign,01 - Functioning,03 - P.D. only,02 - Angle,0
17-9859,KING EDWARD AVE @ ST. PATRICK ST,368248.70130,5032822.87874,-75.68908758400,45.43246034490,2017-11-02,7:17:00 PM,02 - Rain,07 - Dark,02 - Wet,01 - Traffic signal,01 - Functioning,03 - P.D. only,04 - Sideswipe,0
17-9860,PRINCE OF WALES DR @ STRANDHERD DR,367175.76317,5014824.42769,-75.70506948480,45.27061040770,2017-11-02,7:30:00 PM,02 - Rain,07 - Dark,02 - Wet,01 - Traffic signal,01 - Functioning,03 - P.D. only,03 - Rear end,0
17-9861,BANK ST btwn BELMONT AVE & GROVE AVE,368830.45651,5028394.42122,-75.68222845370,45.39256158860,2017-11-02,7:36:00 PM,02 - Rain,07 - Dark,02 - Wet,10 - No control,,02 - Non-fatal injury,02 - Angle,0
17-9862,ANDERSON RD @ HWY 417 ANDERSON IC104R51,380169.18053,5025655.66756,-75.53785183220,45.36679153330,2017-11-02,8:17:00 AM,02 - Rain,01 - Daylight,02 - Wet,02 - Stop sign,00 - Unknown,03 - P.D. only,07 - SMV other,0
17-9863,TENTH LINE RD btwn AMIENS ST & 275 N OF DES EPINETTES AVE/FALLINGBROOK,383452.13618,5037335.56218,-75.49408420100,45.47151691330,2017-11-02,7:30:00 PM,02 - Rain,07 - Dark,02 - Wet,10 - No control,,03 - P.D. only,03 - Rear end,0
17-9864,CARLING AVE @ KIRKWOOD AVE S,364351.36605,5027337.54910,-75.73955588660,45.38344726860,2017-11-02,8:12:00 PM,02 - Rain,07 - Dark,02 - Wet,01 - Traffic signal,01 - Functioning,03 - P.D. only,05 - Turning movement,0
17-9865,CRAIG HENRY DR btwn ALDRIDGE WAY & JACK AARON DR,362145.36335,5021862.54431,-75.76835839510,45.33436766260,2017-11-02,8:16:00 PM,02 - Rain,07 - Dark,02 - Wet,10 - No control,,03 - P.D. only,04 - Sideswipe,0
17-9866,CONROY RD @ JOHNSTON RD,373396.32920,5026309.65454,-75.62421125430,45.37337140120,2017-11-02,8:39:00 PM,02 - Rain,07 - Dark,02 - Wet,01 - Traffic signal,01 - Functioning,02 - Non-fatal injury,02 - Angle,0
17-9867,ROOSEVELT AVE btwn GREENWOOD AVE & COLE AVE,363438.52725,5027146.46518,-75.75123411550,45.38180493170,2017-11-02,9:18:00 PM,02 - Rain,07 - Dark,02 - Wet,10 - No control,,03 - P.D. only,04 - Sideswipe,0
17-9868,METCALFE ST @ SLATER ST,367731.36215,5031550.91359,-75.69586135320,45.42106237800,2017-11-02,9:45:00 PM,02 - Rain,07 - Dark,02 - Wet,01 - Traffic signal,01 - Functioning,02 - Non-fatal injury,07 - SMV other,1
17-9869,BASELINE RD @ CENTREPOINTE DR W/COBDEN RD,361634.08970,5023207.16440,-75.77472649960,45.34650810490,2017-11-02,10:24:00 PM,02 - Rain,07 - Dark,02 - Wet,01 - Traffic signal,01 - Functioning,03 - P.D. only,03 - Rear end,0
17-9870,BANK ST @ RIVERSIDE DR N,369225.38145,5027982.87710,-75.67723888090,45.38882242590,2017-11-02,11:15:00 PM,02 - Rain,07 - Dark,02 - Wet,01 - Traffic signal,01 - Functioning,03 - P.D. only,02 - Angle,0
17-9871,MONTREAL RD @ SHEFFORD RD,376126.29595,5034854.72400,-75.58812485330,45.44998256010,2017-11-03,2:13:00 AM,02 - Rain,07 - Dark,02 - Wet,01 - Traffic signal,01 - Functioning,03 - P.D. only,04 - Sideswipe,0
17-9872,RICHMOND RD btwn PERTH ST & CAMBRIAN RD,359057.20975,5008940.87816,-75.80916798350,45.21834238400,2017-11-03,8:09:00 AM,02 - Rain,01 - Daylight,02 - Wet,10 - No control,,03 - P.D. only,07 - SMV other,0
17-9873,SIXTH LINE RD btwn BERRY SIDE RD & RIDDELL DR,349806.14859,5029502.84392,-75.92508331840,45.40401645020,2017-11-03,8:18:00 AM,01 - Clear,01 - Daylight,01 - Dry,10 - No control,,03 - P.D. only,07 - SMV other,0
17-9874,GREENBANK RD @ MEADOWBANK DR,360766.28292,5022187.18922,-75.78591530760,45.33740016450,2017-11-03,8:22:00 AM,02 - Rain,01 - Daylight,02 - Wet,02 - Stop sign,00 - Unknown,03 - P.D. only,03 - Rear end,0
17-9875,EAGLESON RD @ COPE DR/CADENCE GT,354621.45936,5016027.06175,-75.86493249580,45.28243347190,2017-11-03,8:31:00 AM,01 - Clear,01 - Daylight,02 - Wet,01 - Traffic signal,01 - Functioning,03 - P.D. only,02 - Angle,0
17-9876,PRINCE OF WALES DR @ STRANDHERD DR,367175.28980,5014824.42769,-75.70507551730,45.27061044970,2017-11-03,8:38:00 AM,02 - Rain,01 - Daylight,02 - Wet,01 - Traffic signal,00 - Unknown,02 - Non-fatal injury,03 - Rear end,0
17-9877,FALLOWFIELD RD btwn CONLEY RD & HUNTLEY RD,351336.91465,5008686.19847,-75.90748502720,45.21660294080,2017-11-03,8:40:00 AM,01 - Clear,01 - Daylight,02 - Wet,10 - No control,,02 - Non-fatal injury,07 - SMV other,0
17-9878,ROLLING MEADOW CRES @ SADDLERIDGE DR,381634.77021,5032463.79315,-75.51808470680,45.42788699060,2017-11-02,8:30:00 AM,02 - Rain,01 - Daylight,02 - Wet,10 - No control,00 - Unknown,03 - P.D. only,02 - Angle,0
17-9879,DWYER HILL RD @ DONNELLY DR,360066.74232,4982833.16140,-75.79919504880,44.98333650410,2017-11-03,9:48:00 AM,01 - Clear,01 - Daylight,02 - Wet,02 - Stop sign,01 - Functioning,02 - Non-fatal injury,07 - SMV other,0
17-9880,WOODROFFE AVE @ QUEENSBURY DR/RIDEAUCREST DR,365727.36705,5016327.10841,-75.72334200460,45.28425844310,2017-11-03,11:55:00 AM,01 - Clear,01 - Daylight,02 - Wet,01 - Traffic signal,01 - Functioning,02 - Non-fatal injury,07 - SMV other,1
17-9881,HOPE SIDE RD @ RICHMOND RD,356952.15870,5015485.67385,-75.83528223270,45.27739291860,2017-11-02,3:00:00 PM,01 - Clear,01 - Daylight,01 - Dry,02 - Stop sign,01 - Functioning,03 - P.D. only,02 - Angle,0
17-9882,LAJOIE ST @ MONTREAL RD,370534.38015,5033325.24951,-75.65981126700,45.43676934890,2017-11-03,10:15:00 AM,01 - Clear,01 - Daylight,01 - Dry,01 - Traffic signal,01 - Functioning,01 - Fatal injury,07 - SMV other,1
17-9883,BLAIR RD @ INNES RD,375577.77911,5031439.31615,-75.59562752560,45.41930848230,2017-11-03,10:01:00 AM,01 - Clear,01 - Daylight,01 - Dry,01 - Traffic signal,01 - Functioning,02 - Non-fatal injury,03 - Rear end,0
17-9884,CATHERINE ST btwn O'CONNOR ST & TO BE DETERMINED,368286.87047,5030419.00102,-75.68890958780,45.41082761710,2017-11-03,11:35:00 AM,01 - Clear,01 - Daylight,01 - Dry,10 - No control,,03 - P.D. only,03 - Rear end,0
17-9885,BLACKBURN BYPASS EB btwn NAVAN RD & INNES RD E,379778.55267,5033631.83783,-75.54162511400,45.43859766140,2017-10-31,3:23:00 PM,01 - Clear,01 - Daylight,01 - Dry,10 - No control,,03 - P.D. only,03 - Rear end,0
17-9886,INNES RD @ TENTH LINE RD,383952.23820,5036160.75554,-75.48787837270,45.46089058050,2017-11-03,11:43:00 AM,01 - Clear,01 - Daylight,01 - Dry,01 - Traffic signal,01 - Functioning,03 - P.D. only,04 - Sideswipe,0
17-9887,FOURTH LINE RD @ ROGER STEVENS DR,366457.48334,4999356.19331,-75.71613618370,45.13148961030,2017-11-03,12:11:00 PM,01 - Clear,01 - Daylight,01 - Dry,01 - Traffic signal,01 - Functioning,03 - P.D. only,99 - Other,0
17-9888,CLARENCE ST @ SUSSEX DR,367751.08890,5032321.78135,-75.69551079400,45.42799661430,2017-11-02,4:00:00 PM,02 - Rain,01 - Daylight,02 - Wet,02 - Stop sign,01 - Functioning,03 - P.D. only,02 - Angle,0
17-9889,GLADSTONE AVE @ CAMBRIDGE ST,367064.23123,5030037.75313,-75.70457630740,45.40750710400,2017-11-03,12:50:00 PM,01 - Clear,01 - Daylight,01 - Dry,02 - Stop sign,01 - Functioning,03 - P.D. only,03 - Rear end,0
17-9890,ST. LAURENT BLVD btwn THURSTON DR & WALKLEY RD,373998.20315,5027672.35481,-75.61633689330,45.38557319570,2017-11-03,12:51:00 PM,01 - Clear,01 - Daylight,01 - Dry,10 - No control,,03 - P.D. only,02 - Angle,0
17-9891,BANK ST btwn MCLEOD ST & FLORA ST,367960.41559,5030456.80397,-75.69307502290,45.41119729500,2017-11-03,1:01:00 PM,01 - Clear,01 - Daylight,01 - Dry,10 - No control,,03 - P.D. only,04 - Sideswipe,0
17-9892,HAWTHORNE RD @ HUNT CLUB RD,375508.70569,5026405.33446,-75.59723156340,45.37402232260,2017-11-03,12:58:00 PM,02 - Rain,01 - Daylight,02 - Wet,01 - Traffic signal,01 - Functioning,03 - P.D. only,04 - Sideswipe,0
17-9893,LAURIER AVE @ NICHOLAS ST,368373.63700,5031797.07516,-75.68762340790,45.42321918460,2017-11-03,1:08:00 PM,01 - Clear,01 - Daylight,01 - Dry,01 - Traffic signal,01 - Functioning,03 - P.D. only,02 - Angle,0
17-9894,BANK ST btwn QUEENSDALE AVE & LESTER RD,373345.68516,5023435.76362,-75.62525633960,45.34751822180,2017-11-03,1:32:00 PM,01 - Clear,01 - Daylight,01 - Dry,10 - No control,,02 - Non-fatal injury,03 - Rear end,0
17-9895,CARLING AVE @ MERIVALE RD,364895.18170,5027699.82735,-75.73256812310,45.38666053750,2017-11-03,1:34:00 PM,01 - Clear,01 - Daylight,01 - Dry,01 - Traffic signal,01 - Functioning,03 - P.D. only,02 - Angle,0
17-9896,SENECA ST @ SUNNYSIDE AVE,368222.62579,5028274.68850,-75.69000603200,45.39153958210,2017-11-03,1:47:00 PM,01 - Clear,01 - Daylight,01 - Dry,02 - Stop sign,01 - Functioning,03 - P.D. only,07 - SMV other,0
17-9897,MAPLE GROVE RD @ TERRY FOX DR,351553.13523,5017863.28107,-75.90386875150,45.29916705310,2017-11-02,6:06:00 PM,02 - Rain,07 - Dark,02 - Wet,01 - Traffic signal,01 - Functioning,03 - P.D. only,03 - Rear end,0
17-9898,QUEEN MARY ST @ VANIER PKWY,370363.51595,5031955.33455,-75.66217734130,45.42445947090,2017-11-03,2:23:00 PM,01 - Clear,01 - Daylight,01 - Dry,01 - Traffic signal,01 - Functioning,03 - P.D. only,03 - Rear end,0
17-9899,CHAPEL ST @ SOMERSET ST,369339.04285,5031906.24900,-75.67527392790,45.42411308830,2017-11-03,2:42:00 PM,01 - Clear,01 - Daylight,01 - Dry,02 - Stop sign,01 - Functioning,02 - Non-fatal injury,02 - Angle,0
17-9900,HOLMWOOD AVE btwn BANK ST & ADELAIDE ST,368684.10435,5029317.76398,-75.68397783770,45.40088290210,2017-11-03,2:49:00 PM,01 - Clear,01 - Daylight,01 - Dry,10 - No control,,03 - P.D. only,06 - SMV unattended vehicle,0
17-9901,OLD TENTH LINE RD @ TENTH LINE RD,383042.49300,5038359.21785,-75.49915945830,45.48077285790,2017-11-03,2:54:00 PM,01 - Clear,01 - Daylight,01 - Dry,01 - Traffic signal,01 - Functioning,03 - P.D. only,03 - Rear end,0