COLLISION_ID,LOCATION,X,Y,LONGITUDE,LATITUDE,DATE,TIME,ENVIRONMENT,LIGHT,SURFACE_CONDITION,TRAFFIC_CONTROL,TRAFFIC_CONTROL_CONDITION,COLLISION_CLASSIFICATION,IMPACT_TYPE,NO_OF_PEDESTRIANS
17-9902,ROBERTSON RD btwn WESTCLIFFE RD & FITZGERALD RD,356734.01822,5020258.82473,-75.83756246340,45.32035859880,2017-11-03,2:59:00 PM,01 - Clear,01 - Daylight,01 - Dry,10 - No control,,03 - P.D. only,03 - Rear end,0
17-9903,PRESTON ST @ PRINCE OF WALES DR/QUEEN ELIZABET,366901.71484,5028775.87910,-75.70681114970,45.39616754520,2017-11-03,3:22:00 PM,01 - Clear,01 - Daylight,01 - Dry,01 - Traffic signal,01 - Functioning,03 - P.D. only,02 - Angle,0
17-9904,GREENBANK RD @ STRANDHERD DR,363934.63969,5014784.17825,-75.74637618570,45.27052825030,2017-11-03,3:29:00 PM,01 - Clear,01 - Daylight,01 - Dry,01 - Traffic signal,01 - Functioning,03 - P.D. only,03 - Rear end,0
17-9905,RAMSAYVILLE RD @ RIDGE RD,376679.63129,5028859.11000,-75.58192644580,45.39598094020,2017-11-03,4:00:00 PM,01 - Clear,01 - Daylight,01 - Dry,02 - Stop sign,01 - Functioning,03 - P.D. only,02 - Angle,0
17-9906,CARP RD @ HWY 417 CARP IC144R51,347517.70637,5015684.84889,-75.95550809590,45.27982169550,2017-11-03,4:16:00 PM,01 - Clear,01 - Daylight,01 - Dry,02 - Stop sign,01 - Functioning,03 - P.D. only,02 - Angle,0
17-9907,GREENBANK RD @ JOCKVALE RD,364122.16117,5014331.12336,-75.74404069980,45.26643586160,2017-11-03,4:35:00 PM,02 - Rain,05 - Dusk,02 - Wet,01 - Traffic signal,01 - Functioning,03 - P.D. only,03 - Rear end,0
17-9908,STAFFORD RD btwn BEXLEY PL & RICHMOND RD,358110.35302,5021153.02988,-75.81991176230,45.32830156200,2017-11-03,4:34:00 PM,01 - Clear,05 - Dusk,01 - Dry,10 - No control,,03 - P.D. only,02 - Angle,0
17-9909,LYON ST @ WELLINGTON ST,366935.74437,5031425.45594,-75.70604261310,45.42000466450,2017-11-03,4:42:00 PM,01 - Clear,05 - Dusk,01 - Dry,01 - Traffic signal,01 - Functioning,03 - P.D. only,03 - Rear end,0
17-9910,DEAKIN ST @ PRINCE OF WALES DR,367389.27741,5021523.72675,-75.70150294710,45.33087089990,2017-11-03,4:59:00 PM,01 - Clear,05 - Dusk,01 - Dry,01 - Traffic signal,01 - Functioning,02 - Non-fatal injury,04 - Sideswipe,0
17-9911,MERIVALE RD @ BASIL MACDONALD WAY/MERIVALE MAL,365097.29770,5023171.41307,-75.73053991780,45.34589725030,2017-11-03,5:00:00 PM,01 - Clear,05 - Dusk,01 - Dry,01 - Traffic signal,01 - Functioning,03 - P.D. only,03 - Rear end,0
17-9912,COVENTRY RD btwn BELFAST RD & ST. LAURENT SC WEST,371827.06558,5031676.34721,-75.64351498170,45.42181056300,2017-11-03,2:40:00 PM,01 - Clear,01 - Daylight,01 - Dry,10 - No control,,03 - P.D. only,04 - Sideswipe,0
17-9913,MERIVALE RD @ WEST HUNT CLUB RD,365612.22183,5021943.68163,-75.72412042450,45.33480583850,2017-11-03,6:03:00 PM,01 - Clear,07 - Dark,01 - Dry,01 - Traffic signal,01 - Functioning,03 - P.D. only,03 - Rear end,0
17-9914,STITTSVILLE MAIN ST @ HAZELDEAN RD,349557.45135,5014879.42706,-75.92958281380,45.27244733370,2017-11-03,6:28:00 PM,02 - Rain,07 - Dark,02 - Wet,01 - Traffic signal,01 - Functioning,03 - P.D. only,03 - Rear end,0
17-9915,RICHMOND RD @ STONEHAVEN DR,356781.30665,5015892.77479,-75.83741708610,45.28106873890,2017-11-03,6:37:00 PM,01 - Clear,07 - Dark,01 - Dry,01 - Traffic signal,01 - Functioning,03 - P.D. only,03 - Rear end,0
17-9916,RIVERSIDE DR @ HERON RD,368121.05512,5026647.36504,-75.69151184900,45.37690657100,2017-11-03,7:13:00 PM,01 - Clear,07 - Dark,01 - Dry,01 - Traffic signal,01 - Functioning,03 - P.D. only,03 - Rear end,0
17-9917,SMYTH RD @ SOUTH HAVEN PL/GENERAL HOSPITAL ENTRANCE W,371120.60943,5029136.44639,-75.65288293550,45.39902490310,2017-11-03,7:44:00 PM,01 - Clear,07 - Dark,01 - Dry,01 - Traffic signal,01 - Functioning,03 - P.D. only,05 - Turning movement,0
17-9918,FERNBANK RD btwn DWYER HILL RD & MUNSTER RD,343051.27712,5005178.45238,-76.01324399730,45.18553675860,2017-11-03,7:00:00 PM,01 - Clear,07 - Dark,01 - Dry,10 - No control,,03 - P.D. only,07 - SMV other,0
17-9919,BANK ST @ GLADSTONE AVE,367916.23303,5030562.80719,-75.69362586140,45.41215506420,2017-11-03,9:09:00 PM,01 - Clear,07 - Dark,01 - Dry,01 - Traffic signal,01 - Functioning,02 - Non-fatal injury,03 - Rear end,0
17-9920,SOMERSET ST    W btwn METCALFE ST & ELGIN ST,368130.64455,5031177.91126,-75.69080776580,45.41767019780,2017-11-03,5:30:00 PM,01 - Clear,07 - Dark,01 - Dry,10 - No control,,03 - P.D. only,06 - SMV unattended vehicle,0
17-9921,LENNOX ST btwn STRACHAN ST & END,357141.86844,5005584.54038,-75.83390599380,45.18828596870,2017-11-03,9:53:00 PM,01 - Clear,07 - Dark,01 - Dry,10 - No control,,02 - Non-fatal injury,07 - SMV other,0
17-9922,GLADSTONE AVE @ METCALFE ST,368231.18960,5030751.04650,-75.68957814850,45.41382030260,2017-11-03,9:55:00 PM,01 - Clear,07 - Dark,01 - Dry,01 - Traffic signal,01 - Functioning,03 - P.D. only,04 - Sideswipe,0
17-9923,GALETTA SIDE RD btwn MACHARDY RD & DARWIN ST,323054.51413,5030860.62304,-76.26675831850,45.41744326840,2017-11-03,10:00:00 PM,01 - Clear,07 - Dark,01 - Dry,10 - No control,,02 - Non-fatal injury,07 - SMV other,0
17-9924,BANK ST btwn VANCOUVER AVE & FOXBAR AVE,370467.41100,5025636.26802,-75.66169098410,45.36759307770,2017-11-03,10:12:00 PM,01 - Clear,07 - Dark,01 - Dry,10 - No control,,03 - P.D. only,02 - Angle,0
17-9925,MUNSTER RD btwn MANSFIELD RD & OWLSHEAD RD,348282.39512,5003587.51357,-75.94681842400,45.17091756290,2017-11-03,10:08:00 PM,01 - Clear,07 - Dark,01 - Dry,10 - No control,,03 - P.D. only,07 - SMV other,0
17-9926,DESCHAMPS AVE @ HANNAH ST,370163.58304,5033319.58986,-75.66455088130,45.43675318710,2017-11-03,11:37:00 PM,01 - Clear,07 - Dark,01 - Dry,02 - Stop sign,01 - Functioning,03 - P.D. only,03 - Rear end,0
17-9927,RICHMOND RD btwn WEST HUNT CLUB RD & STONEHAVEN DR,356928.22031,5017147.41536,-75.83541274980,45.29234732510,2017-11-04,1:08:00 AM,01 - Clear,07 - Dark,01 - Dry,10 - No control,,03 - P.D. only,07 - SMV other,0
17-9928,BANK ST btwn HERON RD & ANOKA ST,370003.36253,5026831.16211,-75.66745664650,45.37838768150,2017-11-04,2:22:00 AM,01 - Clear,07 - Dark,01 - Dry,10 - No control,,03 - P.D. only,02 - Angle,0
17-9929,MARCH RD btwn PETER ROBINSON RD & CORKERY RD,335268.13294,5015512.99133,-76.11165082950,45.27891283630,2017-11-04,4:00:00 AM,01 - Clear,07 - Dark,01 - Dry,10 - No control,,03 - P.D. only,07 - SMV other,0
17-9930,WEST HUNT CLUB RD WB btwn 545 E OF ROYDON PL/SUNDERLAND ST & ANTARES D,367060.84739,5022169.31235,-75.70561134960,45.33670898500,2017-11-04,9:41:00 AM,01 - Clear,01 - Daylight,01 - Dry,10 - No control,,03 - P.D. only,04 - Sideswipe,0
17-9931,BLAIR PL @ OGILVIE RD,374798.16617,5033370.74735,-75.60531339000,45.43676487210,2017-11-03,6:15:00 PM,01 - Clear,07 - Dark,01 - Dry,01 - Traffic signal,01 - Functioning,03 - P.D. only,04 - Sideswipe,0
17-9932,STRANDHERD DR @ WOODROFFE AVE,366107.10979,5015395.86585,-75.71861679740,45.27584615670,2017-11-04,11:01:00 AM,01 - Clear,01 - Daylight,01 - Dry,01 - Traffic signal,01 - Functioning,03 - P.D. only,03 - Rear end,0
17-9933,CEDARVIEW RD @ FALLOWFIELD RD,361294.18930,5015663.72525,-75.77992380310,45.27865955670,2017-11-04,11:29:00 AM,01 - Clear,01 - Daylight,01 - Dry,01 - Traffic signal,01 - Functioning,03 - P.D. only,05 - Turning movement,0
17-9934,VANIER PKWY/CRICHTON ST @ BEECHWOOD AVE/ST. PA,369127.79700,5033486.89505,-75.67776660460,45.43835459290,2017-11-04,1:58:00 PM,01 - Clear,01 - Daylight,01 - Dry,01 - Traffic signal,00 - Unknown,03 - P.D. only,03 - Rear end,0
17-9935,NICHOLAS ST NB btwn HWY417 IC118 RAMP52 & WALLER ST/TRANSITWAY,369041.84354,5031329.12711,-75.67914661720,45.41894771350,2017-11-03,3:25:00 PM,01 - Clear,01 - Daylight,01 - Dry,10 - No control,,03 - P.D. only,04 - Sideswipe,0
17-9936,HUNTMAR DR @ PALLADIUM DR S,349675.60660,5017365.67309,-75.92785220450,45.29481186090,2017-11-04,3:07:00 PM,01 - Clear,01 - Daylight,01 - Dry,01 - Traffic signal,01 - Functioning,03 - P.D. only,03 - Rear end,0
17-9937,HAWTHORNE RD @ HUNT CLUB RD,375506.72135,5026405.79643,-75.59725682850,45.37402667880,2017-11-04,3:27:00 PM,01 - Clear,01 - Daylight,01 - Dry,01 - Traffic signal,01 - Functioning,03 - P.D. only,03 - Rear end,0
17-9938,CYRVILLE RD @ INNES RD,375048.05915,5031119.56420,-75.60244083770,45.41648491420,2017-11-04,4:47:00 PM,02 - Rain,05 - Dusk,02 - Wet,01 - Traffic signal,01 - Functioning,03 - P.D. only,04 - Sideswipe,0
17-9939,INNES RD @ PAGE RD,380887.74900,5034539.83765,-75.52730903400,45.44664731550,2017-11-03,6:30:00 PM,01 - Clear,07 - Dark,01 - Dry,01 - Traffic signal,01 - Functioning,03 - P.D. only,03 - Rear end,0
17-9940,VAUGHAN SIDE RD btwn PETER ROBINSON RD & MARSHWOOD RD,333539.75514,5018071.33825,-76.13353217500,45.30200711230,2017-11-04,5:15:00 PM,01 - Clear,07 - Dark,01 - Dry,10 - No control,,03 - P.D. only,07 - SMV other,0
17-9941,LEMIEUX ST @ ST. LAURENT BLVD,372391.72470,5031743.75914,-75.63629122900,45.42236277580,2017-11-04,5:15:00 PM,03 - Snow,05 - Dusk,02 - Wet,01 - Traffic signal,00 - Unknown,03 - P.D. only,04 - Sideswipe,0
17-9942,CARLING AVE @ TRANSITWAY - LINCOLN FIE,361137.01445,5025350.85410,-75.78082499160,45.36583702530,2017-11-04,5:33:00 PM,01 - Clear,07 - Dark,01 - Dry,01 - Traffic signal,01 - Functioning,03 - P.D. only,03 - Rear end,0
17-9943,MARAVISTA DR @ STRANDHERD DR,361288.43810,5014584.95810,-75.78011984030,45.26895318370,2017-11-04,6:19:00 PM,01 - Clear,07 - Dark,01 - Dry,01 - Traffic signal,01 - Functioning,03 - P.D. only,03 - Rear end,0
17-9944,COLONEL BY DR btwn UNIVERSITY RD & COLONEL BY DR SB ON RAMP 43,367361.32265,5027108.82160,-75.70115274900,45.38112688940,2017-11-05,1:53:00 AM,02 - Rain,07 - Dark,02 - Wet,10 - No control,,02 - Non-fatal injury,05 - Turning movement,0
17-9945,ALBION RD @ BRIDLE PATH DR,372106.39435,5023739.83290,-75.64102832490,45.35037415430,2017-11-05,3:31:00 AM,02 - Rain,07 - Dark,02 - Wet,01 - Traffic signal,01 - Functioning,02 - Non-fatal injury,07 - SMV other,0
17-9946,REGIONAL ROAD 174 btwn OR174 IC105 RAMP51 & OR174 IC105 RAMP35,379221.02555,5036899.87772,-75.54825593580,45.46806065170,2017-11-05,4:45:00 AM,01 - Clear,07 - Dark,02 - Wet,10 - No control,,03 - P.D. only,07 - SMV other,0
17-9947,ANDERSON RD btwn INNES RD & DESJARDINS ST,377490.40771,5031576.64935,-75.57117158630,45.42034802110,2017-11-05,5:34:00 AM,02 - Rain,07 - Dark,02 - Wet,10 - No control,,03 - P.D. only,07 - SMV other,0
17-9948,MACLAREN ST btwn METCALFE ST & ELGIN ST,368091.50603,5031059.33165,-75.69132303010,45.41660679930,2017-11-05,7:42:00 AM,02 - Rain,01 - Daylight,02 - Wet,10 - No control,,03 - P.D. only,04 - Sideswipe,0
17-9949,CROWNHILL ST btwn STEEL ST & APPLEFORD ST,374630.15789,5033889.68549,-75.60738691520,45.44145078430,2017-11-05,10:10:00 AM,02 - Rain,01 - Daylight,02 - Wet,10 - No control,,03 - P.D. only,06 - SMV unattended vehicle,0
17-9950,GREENBANK RD btwn NE/OT BOUNDARY & MONTEREY DR,360643.56244,5022474.34488,-75.78744859190,45.33999376780,2017-11-05,10:44:00 AM,02 - Rain,01 - Daylight,02 - Wet,10 - No control,,03 - P.D. only,03 - Rear end,0
17-9951,STEWART ST @ WALLER ST,368371.72905,5032042.60035,-75.68761609880,45.42542850750,2017-11-05,12:18:00 PM,02 - Rain,01 - Daylight,02 - Wet,02 - Stop sign,01 - Functioning,03 - P.D. only,03 - Rear end,0
17-9952,COPE DR @ TERRY FOX,353997.60455,5015344.63880,-75.87295185080,45.27633680140,2017-11-05,12:24:00 PM,02 - Rain,01 - Daylight,02 - Wet,01 - Traffic signal,01 - Functioning,03 - P.D. only,05 - Turning movement,0
17-9953,SLACK RD @ WOODROFFE AVE,364234.01795,5019973.14041,-75.74193936510,45.31719315370,2017-11-05,12:37:00 PM,02 - Rain,01 - Daylight,02 - Wet,01 - Traffic signal,01 - Functioning,03 - P.D. only,02 - Angle,0
17-9954,RIVERSIDE DR NB btwn INDUSTRIAL AVE & TREMBLAY RD,370715.83472,5030690.18587,-75.65784486830,45.41304307130,2017-11-05,1:42:00 PM,02 - Rain,01 - Daylight,02 - Wet,10 - No control,,03 - P.D. only,03 - Rear end,0
17-9955,COMPASS ST/MARKINCH RD @ RENAUD RD,382358.01010,5033070.71370,-75.50874780730,45.43326775050,2017-11-05,1:53:00 PM,02 - Rain,01 - Daylight,02 - Wet,02 - Stop sign,01 - Functioning,02 - Non-fatal injury,07 - SMV other,1
17-9956,FLEWELLYN RD @ SHEA RD,352994.07810,5012173.68835,-75.88604917210,45.24787316090,2017-11-05,2:18:00 PM,02 - Rain,01 - Daylight,02 - Wet,02 - Stop sign,01 - Functioning,03 - P.D. only,02 - Angle,0
17-9957,ST. LAURENT BLVD @ MCARTHUR AVE,371922.05345,5032887.57490,-75.64213627340,45.43269952550,2017-11-05,3:23:00 PM,02 - Rain,01 - Daylight,02 - Wet,01 - Traffic signal,01 - Functioning,03 - P.D. only,05 - Turning movement,0
17-9958,MONTREAL RD @ NORTH RIVER RD,369740.71204,5032886.91600,-75.67001233710,45.43289956640,2017-11-05,4:14:00 PM,02 - Rain,05 - Dusk,02 - Wet,01 - Traffic signal,01 - Functioning,03 - P.D. only,05 - Turning movement,0
17-9959,KING EDWARD AVE @ SUSSEX DR,367662.69666,5033504.26590,-75.69648932110,45.43864415130,2017-11-05,4:27:00 PM,02 - Rain,05 - Dusk,02 - Wet,01 - Traffic signal,01 - Functioning,03 - P.D. only,05 - Turning movement,0
17-9960,INNES RD @ VISENEAU DR,381799.08555,5035072.21821,-75.51557707820,45.45133744460,2017-11-05,4:39:00 PM,02 - Rain,05 - Dusk,02 - Wet,01 - Traffic signal,01 - Functioning,03 - P.D. only,05 - Turning movement,0
17-9961,ELGIN ST @ FRANK ST,368358.66689,5030887.85505,-75.68793196940,45.41503969370,2017-11-05,4:58:00 PM,02 - Rain,07 - Dark,02 - Wet,02 - Stop sign,01 - Functioning,03 - P.D. only,02 - Angle,0
17-9962,DRIVEWAY (THE) @ PRINCE OF WALES DR,366883.34468,5028137.14079,-75.70712613050,45.39042197260,2017-11-05,5:35:00 PM,02 - Rain,07 - Dark,02 - Wet,11 - Roundabout,01 - Functioning,03 - P.D. only,03 - Rear end,0
17-9963,RAMP btwn Continuation of RAMP & AIRPORT PKWY,371034.06640,5023571.44313,-75.65473453820,45.34896112830,2017-11-05,5:35:00 PM,02 - Rain,07 - Dark,02 - Wet,10 - No control,,03 - P.D. only,04 - Sideswipe,0
17-9964,LYON ST @ WELLINGTON ST,366935.74890,5031426.40495,-75.70604243590,45.42001320380,2017-11-05,6:07:00 PM,01 - Clear,07 - Dark,01 - Dry,01 - Traffic signal,01 - Functioning,03 - P.D. only,05 - Turning movement,0
17-9965,ANDERSON RD/WEIR RD @ RENAUD RD,377768.08255,5031503.56130,-75.56763478900,45.41966151510,2017-11-04,6:40:00 PM,01 - Clear,07 - Dark,02 - Wet,11 - Roundabout,01 - Functioning,03 - P.D. only,07 - SMV other,0
17-9966,KING EDWARD AVE @ RIDEAU ST,368511.70720,5032413.35025,-75.68577953820,45.42875164610,2017-11-05,8:32:00 PM,02 - Rain,07 - Dark,02 - Wet,01 - Traffic signal,01 - Functioning,03 - P.D. only,05 - Turning movement,0
17-9967,WOODROFFE AVE btwn KNOXDALE RD/MEDHURST DR & NORICE ST,363381.22836,5021925.48366,-75.75258447860,45.33483189930,2017-11-06,1:02:00 AM,02 - Rain,07 - Dark,02 - Wet,10 - No control,,03 - P.D. only,07 - SMV other,0
17-9968,MITCH OWENS RD/BRIDGE ST @ RIVER RD,369499.54874,5010771.09824,-75.67598527800,45.23392902800,2017-11-06,1:44:00 AM,02 - Rain,07 - Dark,02 - Wet,01 - Traffic signal,01 - Functioning,03 - P.D. only,07 - SMV other,0
17-9969,OLD INNES RD btwn BANTREE ST & SHEFFIELD RD,373995.11407,5030500.74320,-75.61597956870,45.41102199240,2017-11-06,3:36:00 AM,02 - Rain,07 - Dark,02 - Wet,10 - No control,,03 - P.D. only,07 - SMV other,0
17-9970,BANFF AVE btwn KITCHENER AVE & LEDBURY AVE,370733.42390,5025584.12722,-75.65830239400,45.36709895840,2017-11-05,12:00:00 AM,02 - Rain,00 - Unknown,02 - Wet,10 - No control,,03 - P.D. only,06 - SMV unattended vehicle,0
17-9971,RIVER RD btwn CABIN RD & OSGOODE MAIN ST,372994.55011,4999977.31730,-75.63295354950,45.13647786840,2017-11-06,7:29:00 AM,01 - Clear,01 - Daylight,01 - Dry,10 - No control,,03 - P.D. only,07 - SMV other,0
17-9972,BRONSON AVE @ SUNNYSIDE AVE/UNIVERSITY RD - CA,367922.23673,5028090.83704,-75.69386554840,45.38991247840,2017-11-05,7:34:00 AM,02 - Rain,03 - Dawn,02 - Wet,01 - Traffic signal,01 - Functioning,03 - P.D. only,03 - Rear end,0
17-9973,GILMOUR ST btwn O'CONNOR ST & METCALFE ST,367991.53749,5030896.66365,-75.69262106080,45.41515220130,2017-11-01,12:00:00 AM,01 - Clear,00 - Unknown,01 - Dry,10 - No control,,03 - P.D. only,06 - SMV unattended vehicle,0
17-9974,CLOVER ST @ HERON RD,369292.71570,5026764.30711,-75.67653826160,45.37785191550,2017-11-06,8:06:00 AM,02 - Rain,01 - Daylight,02 - Wet,01 - Traffic signal,01 - Functioning,03 - P.D. only,03 - Rear end,0
17-9975,ST. LAURENT BLVD @ COTE ST,371786.01858,5033225.53363,-75.64382870930,45.43575336380,2017-11-06,8:05:00 AM,02 - Rain,01 - Daylight,02 - Wet,01 - Traffic signal,01 - Functioning,03 - P.D. only,03 - Rear end,0
17-9976,TRIM RD @ DAIRY DR/TAYLOR CREEK DR,384535.53003,5039596.10945,-75.47986339590,45.49173228730,2017-11-06,8:56:00 AM,01 - Clear,01 - Daylight,01 - Dry,11 - Roundabout,01 - Functioning,03 - P.D. only,04 - Sideswipe,0
17-9977,ROSS AVE btwn SIR FREDERICK BANTING DRWY & SPENCER ST,364399.47807,5029262.30301,-75.73870908340,45.40076174750,2017-11-06,9:10:00 AM,01 - Clear,01 - Daylight,01 - Dry,10 - No control,,03 - P.D. only,06 - SMV unattended vehicle,0
17-9978,BANK ST btwn RANDALL AVE & 73 N OF EVANS BLVD,369811.43906,5027201.13603,-75.66985822870,45.38173442260,2017-11-03,3:45:00 PM,01 - Clear,01 - Daylight,01 - Dry,10 - No control,,03 - P.D. only,02 - Angle,0
17-9979,MERIVALE RD @ 170 N OF HUNTCLUB RD/COSTCO/CANA,365549.58345,5022101.22431,-75.72490018960,45.33622881310,2017-11-06,10:31:00 AM,01 - Clear,01 - Daylight,01 - Dry,01 - Traffic signal,01 - Functioning,03 - P.D. only,03 - Rear end,0
17-9980,INNES RD @ JEANNE D'ARC BLVD/MER BLEUE RD,382636.75026,5035566.21591,-75.50479108670,45.45568922310,2017-11-06,11:20:00 AM,01 - Clear,01 - Daylight,01 - Dry,01 - Traffic signal,01 - Functioning,03 - P.D. only,04 - Sideswipe,0
17-9981,RIVERSIDE DR @ HERON RD,368121.10490,5026646.98441,-75.69151126200,45.37690314190,2017-11-06,11:25:00 AM,01 - Clear,01 - Daylight,01 - Dry,01 - Traffic signal,01 - Functioning,03 - P.D. only,03 - Rear end,0
17-9982,DYNES RD @ PRINCE OF WALES DR,367116.13422,5025923.76929,-75.70443280130,45.37048592300,2017-11-04,11:40:00 AM,02 - Rain,01 - Daylight,02 - Wet,01 - Traffic signal,01 - Functioning,02 - Non-fatal injury,03 - Rear end,0
17-9983,SENECA ST btwn SUNNYSIDE AVE & HOPEWELL AVE,368233.83484,5028260.42244,-75.68986472610,45.39141020470,2017-11-06,11:56:00 AM,01 - Clear,01 - Daylight,01 - Dry,10 - No control,,03 - P.D. only,06 - SMV unattended vehicle,0
17-9984,CATHERINE ST @ METCALFE ST,368392.75091,5030486.80205,-75.68754827920,45.41142805600,2017-11-06,1:23:00 PM,01 - Clear,01 - Daylight,01 - Dry,01 - Traffic signal,01 - Functioning,03 - P.D. only,02 - Angle,0
17-9985,RIOCAN AVE @ STRANDHERD DR,364172.54325,5014945.24150,-75.74332530090,45.27195745390,2017-11-06,1:30:00 PM,01 - Clear,01 - Daylight,01 - Dry,01 - Traffic signal,01 - Functioning,03 - P.D. only,05 - Turning movement,0
17-9986,COOPER ST @ BANK ST,367647.70696,5030991.90959,-75.69700149620,45.41604015970,2017-11-06,1:46:00 PM,01 - Clear,01 - Daylight,01 - Dry,02 - Stop sign,01 - Functioning,03 - P.D. only,02 - Angle,0
17-9987,TENTH LINE RD btwn DES EPINETTES AVE & INNES RD,383687.46339,5036795.43918,-75.49116167220,45.46663083760,2017-11-06,2:58:00 PM,01 - Clear,01 - Daylight,01 - Dry,10 - No control,,03 - P.D. only,03 - Rear end,0
17-9988,NICHOLAS ST NB btwn HWY417 IC118 RAMP52 & WALLER ST/TRANSITWAY,369045.46943,5031327.47830,-75.67910050680,45.41893254530,2017-11-06,3:42:00 PM,01 - Clear,01 - Daylight,01 - Dry,10 - No control,,03 - P.D. only,04 - Sideswipe,0
17-9989,INNES RD @ TENTH LINE RD,383951.76030,5036159.32185,-75.48788471340,45.46087773640,2017-11-06,3:50:00 PM,01 - Clear,01 - Daylight,01 - Dry,01 - Traffic signal,01 - Functioning,02 - Non-fatal injury,03 - Rear end,0
17-9990,BOOTH ST @ MIDDLE ST,366115.53255,5031291.42897,-75.71653879250,45.41887109320,2017-11-06,4:04:00 PM,01 - Clear,01 - Daylight,01 - Dry,02 - Stop sign,01 - Functioning,03 - P.D. only,04 - Sideswipe,0
17-9991,TENTH LINE RD @ VANGUARD DR,384073.36821,5035874.21302,-75.48637592300,45.45829879840,2017-11-06,4:00:00 PM,01 - Clear,01 - Daylight,01 - Dry,01 - Traffic signal,01 - Functioning,02 - Non-fatal injury,03 - Rear end,0
17-9992,EARL ARMSTRONG RD btwn SPRATT RD & SHORELINE DR,368573.75052,5015123.38176,-75.68721660960,45.27317497860,2017-11-06,4:06:00 PM,01 - Clear,01 - Daylight,01 - Dry,10 - No control,,03 - P.D. only,03 - Rear end,0
17-9993,CYRVILLE RD @ INNES RD,375048.72804,5031118.22641,-75.60243248420,45.41647281030,2017-11-05,5:00:00 PM,01 - Clear,05 - Dusk,01 - Dry,01 - Traffic signal,01 - Functioning,03 - P.D. only,03 - Rear end,0
17-9994,INNES RD @ 298 E OF WILDFLOWER DR/LOBLAWS SC,383188.08032,5035795.51851,-75.49770639470,45.45769065630,2017-11-06,4:27:00 PM,01 - Clear,05 - Dusk,01 - Dry,01 - Traffic signal,01 - Functioning,02 - Non-fatal injury,05 - Turning movement,0
17-9995,CAMPEAU DR/HWY 417 MARCH IC138R63 @ MARCH RD,352842.50941,5020478.68168,-75.88717579570,45.32261401230,2017-11-06,4:15:00 PM,01 - Clear,05 - Dusk,01 - Dry,01 - Traffic signal,01 - Functioning,03 - P.D. only,03 - Rear end,0
17-9996,VIEWMOUNT DR btwn MERIVALE RD & GRANT CARMAN DR,365295.03489,5023010.03386,-75.72803653970,45.34442815630,2017-11-06,3:15:00 PM,01 - Clear,01 - Daylight,01 - Dry,10 - No control,,03 - P.D. only,05 - Turning movement,0
17-9997,BELL ST @ GLADSTONE AVE,366946.70114,5029970.23210,-75.70608611690,45.40691001460,2017-11-06,5:00:00 PM,01 - Clear,05 - Dusk,01 - Dry,02 - Stop sign,01 - Functioning,02 - Non-fatal injury,05 - Turning movement,0
17-9998,BRONSON AVE btwn LAURIER AVE W & GLOUCESTER ST,366831.14299,5030798.95031,-75.70745792500,45.41437683490,2017-11-06,5:12:00 PM,01 - Clear,07 - Dark,01 - Dry,10 - No control,,03 - P.D. only,07 - SMV other,0
17-9999,PRINCE OF WALES DR btwn FISHER AVE & NE/OT BOUNDARY,367163.18151,5023999.83056,-75.70407500420,45.35317055370,2017-11-06,5:17:00 PM,01 - Clear,07 - Dark,01 - Dry,10 - No control,,03 - P.D. only,05 - Turning movement,0
17-10000,BANK ST btwn SPRINGHILL RD & DALMENY RD,385624.73985,5004936.66990,-75.47159089090,45.17976786520,2017-11-06,5:39:00 PM,01 - Clear,07 - Dark,01 - Dry,10 - No control,,03 - P.D. only,07 - SMV other,0
17-10001,CRESTWAY DR @ LEIKIN DR,366939.06985,5016514.56420,-75.70787408560,45.28583908270,2017-11-06,5:49:00 PM,01 - Clear,07 - Dark,01 - Dry,02 - Stop sign,01 - Functioning,02 - Non-fatal injury,02 - Angle,0
17-10002,MEADOWFIELD PL btwn MEADOWGLEN DR & PIEDMONT PL (2),379708.24936,5035016.23936,-75.54231285150,45.45106102310,2017-11-06,5:59:00 PM,01 - Clear,07 - Dark,01 - Dry,10 - No control,,03 - P.D. only,06 - SMV unattended vehicle,0
17-10003,BOOTH ST @ POPLAR ST,366679.90125,5030058.35022,-75.70948305370,45.40772651500,2017-11-06,6:15:00 PM,01 - Clear,07 - Dark,01 - Dry,02 - Stop sign,01 - Functioning,03 - P.D. only,04 - Sideswipe,0
17-10004,INDUSTRIAL AVE/INNES RD @ ST. LAURENT BLVD,373100.58920,5030005.36844,-75.62747509690,45.40665271290,2017-11-06,6:32:00 PM,01 - Clear,07 - Dark,01 - Dry,01 - Traffic signal,01 - Functioning,03 - P.D. only,03 - Rear end,0
17-10005,WOODROFFE AVE @ GEORGINA DR/LENESTER AVE,361910.02105,5025371.18810,-75.77095555670,45.36595743280,2017-11-06,6:42:00 PM,01 - Clear,07 - Dark,01 - Dry,01 - Traffic signal,01 - Functioning,03 - P.D. only,03 - Rear end,0
17-10006,ST. JOSEPH BLVD @ JEANNE D'ARC BLVD,379860.40805,5036471.58090,-75.54014565660,45.46413875110,2017-11-06,6:10:00 PM,01 - Clear,07 - Dark,01 - Dry,11 - Roundabout,01 - Functioning,03 - P.D. only,02 - Angle,0