COLLISION_ID,LOCATION,X,Y,LONGITUDE,LATITUDE,DATE,TIME,ENVIRONMENT,LIGHT,SURFACE_CONDITION,TRAFFIC_CONTROL,TRAFFIC_CONTROL_CONDITION,COLLISION_CLASSIFICATION,IMPACT_TYPE,NO_OF_PEDESTRIANS
17-10007,RIOCAN AVE @ STRANDHERD DR,364173.21214,5014945.24150,-75.74331677810,45.27195739750,2017-11-06,7:43:00 PM,01 - Clear,07 - Dark,01 - Dry,01 - Traffic signal,01 - Functioning,02 - Non-fatal injury,05 - Turning movement,0
17-10008,ARTHUR ST @ SOMERSET ST,366829.70170,5030391.34825,-75.70752763440,45.41070947760,2017-11-06,7:50:00 PM,01 - Clear,07 - Dark,01 - Dry,01 - Traffic signal,01 - Functioning,03 - P.D. only,05 - Turning movement,0
17-10009,MARCH RD btwn UPPER DWYER HILL RD & PETER ROBINSON RD,334154.01715,5014363.74040,-76.12591907310,45.26861858700,2017-11-06,8:52:00 PM,01 - Clear,07 - Dark,01 - Dry,10 - No control,,03 - P.D. only,07 - SMV other,0
17-10010,GREENBANK RD @ WEST HUNT CLUB RD,361479.67700,5020503.66263,-75.77700645600,45.32219454680,2017-11-06,9:09:00 PM,01 - Clear,07 - Dark,01 - Dry,01 - Traffic signal,01 - Functioning,02 - Non-fatal injury,03 - Rear end,0
17-10011,RIOCAN AVE @ STRANDHERD DR,364172.68217,5014945.28266,-75.74332352590,45.27195781290,2017-11-06,9:14:00 PM,01 - Clear,07 - Dark,01 - Dry,01 - Traffic signal,01 - Functioning,03 - P.D. only,03 - Rear end,0
17-10012,CARLING AVE WB btwn PARKDALE AVE & CIVIC HOSPITAL,365750.44449,5028252.91510,-75.72157887960,45.39156319660,2017-11-06,11:21:00 PM,01 - Clear,07 - Dark,01 - Dry,10 - No control,,02 - Non-fatal injury,03 - Rear end,0
17-10013,BOWESVILLE RD btwn HIGH RD & EARL ARMSTRONG RD,371883.91575,5019062.25490,-75.64450115950,45.30830802900,2017-11-06,10:22:00 PM,01 - Clear,07 - Dark,01 - Dry,10 - No control,,03 - P.D. only,07 - SMV other,0
17-10014,FINDLAY CREEK DR btwn NETLEY CIRC & KELLY FARM DR,375324.84643,5020014.94938,-75.60048981720,45.31654292650,2017-11-07,7:13:00 AM,01 - Clear,01 - Daylight,01 - Dry,10 - No control,,03 - P.D. only,06 - SMV unattended vehicle,0
17-10015,BLAIR RD @ REGIONAL RD 174 N/OR174 IC112 RAMP61,374634.65680,5032991.61538,-75.60745682180,45.43337000280,2017-11-07,7:45:00 AM,01 - Clear,03 - Dawn,01 - Dry,01 - Traffic signal,00 - Unknown,03 - P.D. only,03 - Rear end,0
17-10016,O'CONNOR ST @ QUEEN ST,367497.70010,5031584.86914,-75.69884247840,45.42138887850,2017-11-07,8:09:00 AM,01 - Clear,01 - Daylight,01 - Dry,01 - Traffic signal,01 - Functioning,02 - Non-fatal injury,03 - Rear end,0
17-10017,WALKLEY RD btwn TAWNEY RD & BANTON ST,374144.08217,5028190.96536,-75.61440136990,45.39022498670,2017-11-07,8:07:00 AM,01 - Clear,01 - Daylight,01 - Dry,10 - No control,,03 - P.D. only,03 - Rear end,0
17-10018,ROGER'S CREEK WAY btwn LAKEWOOD DR & CONE TER,348585.70936,4999789.80916,-75.94329268040,45.13672494820,2017-11-07,8:18:00 AM,01 - Clear,01 - Daylight,01 - Dry,10 - No control,,02 - Non-fatal injury,07 - SMV other,1
17-10019,EAGLESON RD @ FALLOWFIELD RD,355961.63410,5012594.64239,-75.84820413910,45.25145154480,2017-11-07,7:50:00 AM,01 - Clear,01 - Daylight,01 - Dry,01 - Traffic signal,01 - Functioning,03 - P.D. only,03 - Rear end,0
17-10020,HWY 417 VANIER IC117R63 @ VANIER PKWY,370799.12737,5031397.65618,-75.65668606860,45.41940074940,2017-11-07,8:45:00 AM,01 - Clear,01 - Daylight,01 - Dry,01 - Traffic signal,01 - Functioning,03 - P.D. only,03 - Rear end,0
17-10021,WOODROFFE AVE @ CRESTHAVEN DR/PAUL METIVIER,366327.11890,5014853.19240,-75.71588020720,45.27094399050,2017-11-07,9:35:00 AM,01 - Clear,01 - Daylight,01 - Dry,01 - Traffic signal,01 - Functioning,02 - Non-fatal injury,02 - Angle,0
17-10022,HUNT CLUB RD @ RIVERSIDE DR,368036.70300,5021945.26181,-75.69319022940,45.33460575050,2017-11-07,9:50:00 AM,01 - Clear,01 - Daylight,01 - Dry,01 - Traffic signal,01 - Functioning,03 - P.D. only,03 - Rear end,0
17-10023,WOODROFFE AVE @ GEORGINA DR/LENESTER AVE,361909.68410,5025369.96324,-75.77095999990,45.36594643870,2017-11-07,10:05:00 AM,01 - Clear,01 - Daylight,01 - Dry,01 - Traffic signal,01 - Functioning,03 - P.D. only,05 - Turning movement,0
17-10024,WEST HUNT CLUB RD @ ROYDON PL/SUNDERLAND ST,365973.68635,5022169.52177,-75.71948114960,45.33680649710,2017-11-07,10:06:00 AM,01 - Clear,01 - Daylight,01 - Dry,01 - Traffic signal,01 - Functioning,03 - P.D. only,03 - Rear end,0
17-10025,VANIER PKWY/CRICHTON ST @ BEECHWOOD AVE/ST. PA,369128.11302,5033487.33563,-75.67776250840,45.43835852730,2017-11-07,10:20:00 AM,01 - Clear,01 - Daylight,01 - Dry,01 - Traffic signal,01 - Functioning,03 - P.D. only,05 - Turning movement,0
17-10026,INNES RD btwn ANDERSON RD & INNES RD,376307.83140,5031856.27962,-75.58623985340,45.42298583980,2017-11-07,11:42:00 AM,01 - Clear,01 - Daylight,01 - Dry,10 - No control,,03 - P.D. only,07 - SMV other,0
17-10027,METCALFE ST @ GILMOUR ST,368099.66959,5030960.80785,-75.69123138940,45.41571957620,2017-11-07,12:08:00 PM,01 - Clear,01 - Daylight,01 - Dry,01 - Traffic signal,00 - Unknown,03 - P.D. only,04 - Sideswipe,0
17-10028,BASELINE RD @ WOODROFFE AVE,362548.73441,5023770.74365,-75.76298964990,45.35150444190,2017-11-07,12:11:00 PM,01 - Clear,01 - Daylight,01 - Dry,01 - Traffic signal,01 - Functioning,03 - P.D. only,04 - Sideswipe,0
17-10029,HARMER AVE   N btwn BYRON AVE & KENORA ST,364894.90654,5028814.66396,-75.73243586080,45.39669163550,2017-11-07,1:04:00 PM,01 - Clear,01 - Daylight,01 - Dry,10 - No control,,02 - Non-fatal injury,07 - SMV other,1
17-10030,CARLING AVE/STATION RD @ MARCH RD,350909.81688,5022246.89360,-75.91166293590,45.33865439690,2017-11-07,1:06:00 PM,01 - Clear,01 - Daylight,01 - Dry,01 - Traffic signal,01 - Functioning,03 - P.D. only,03 - Rear end,0
17-10031,MONTREAL RD @ VANIER PKWY,370071.70107,5033064.91981,-75.66575891660,45.43447035540,2017-11-07,1:10:00 PM,01 - Clear,01 - Daylight,01 - Dry,01 - Traffic signal,00 - Unknown,03 - P.D. only,03 - Rear end,0
17-10032,CANOTEK RD @ SHEFFORD RD,376030.20620,5035094.31475,-75.58931846830,45.45214804800,2017-11-07,2:05:00 PM,01 - Clear,01 - Daylight,01 - Dry,01 - Traffic signal,01 - Functioning,03 - P.D. only,04 - Sideswipe,0
17-10033,VANIER PKWY NB btwn BEECHWOOD AVE/ ST. PATRICK ST/CRICHTON ST & DESCHA,369317.51567,5033432.62494,-75.67534899910,45.43784881060,2017-11-07,2:25:00 PM,01 - Clear,01 - Daylight,01 - Dry,10 - No control,,02 - Non-fatal injury,03 - Rear end,0
17-10034,AMIENS ST @ TENTH LINE RD,383352.72790,5037568.93496,-75.49531806960,45.47362777840,2017-11-07,2:41:00 PM,01 - Clear,01 - Daylight,01 - Dry,01 - Traffic signal,01 - Functioning,03 - P.D. only,05 - Turning movement,0
17-10035,FLETCHER CIRC btwn TORBEC AVE & KEYROCK DR,349532.26111,5020112.80431,-75.92943177150,45.31954049380,2017-11-07,3:04:00 PM,01 - Clear,01 - Daylight,01 - Dry,10 - No control,,03 - P.D. only,06 - SMV unattended vehicle,0
17-10036,CUMBERLAND ST @ RIDEAU ST,368374.51100,5032329.73505,-75.68754348940,45.42801179070,2017-11-07,3:21:00 PM,01 - Clear,01 - Daylight,01 - Dry,01 - Traffic signal,01 - Functioning,03 - P.D. only,03 - Rear end,0
17-10037,TORBEC AVE btwn KEYROCK DR & FLETCHER CIRC,349396.41209,5020077.99142,-75.93116759910,45.31923588040,2017-11-07,12:00:00 AM,01 - Clear,00 - Unknown,01 - Dry,10 - No control,,03 - P.D. only,06 - SMV unattended vehicle,0
17-10038,BARTON ST btwn AYLMER AVE & WOODBINE PL,368514.07610,5028621.35478,-75.68623942200,45.39463232440,2017-11-07,12:00:00 AM,01 - Clear,00 - Unknown,01 - Dry,10 - No control,,03 - P.D. only,06 - SMV unattended vehicle,0
17-10039,CONROY RD @ HUNT CLUB RD,373763.26663,5025403.81274,-75.61965346870,45.36518500390,2017-11-07,4:35:00 PM,01 - Clear,05 - Dusk,01 - Dry,01 - Traffic signal,01 - Functioning,03 - P.D. only,02 - Angle,0
17-10040,GREENFIELD AVE btwn HAVELOCK ST & MONTCALM ST,368973.10016,5030904.36569,-75.68008021350,45.41513217060,2017-11-07,12:00:00 AM,01 - Clear,00 - Unknown,01 - Dry,10 - No control,,03 - P.D. only,06 - SMV unattended vehicle,0
17-10041,MERIVALE RD @ EMERALD PLAZA SC,364737.57660,5024004.35681,-75.73502898760,45.35342280030,2017-11-07,5:24:00 PM,01 - Clear,07 - Dark,01 - Dry,01 - Traffic signal,01 - Functioning,02 - Non-fatal injury,07 - SMV other,1
17-10042,DATA CENTRE RD @ RIVERSIDE DR,368896.97110,5027671.66815,-75.68147291710,45.38605239600,2017-11-07,5:22:00 PM,01 - Clear,07 - Dark,01 - Dry,01 - Traffic signal,01 - Functioning,03 - P.D. only,03 - Rear end,0
17-10043,ANDERSON RD btwn DOLMAN RIDGE RD & RIDGE RD,378606.28068,5029559.83176,-75.55721701330,45.40208516840,2017-11-07,5:31:00 PM,01 - Clear,07 - Dark,01 - Dry,10 - No control,,03 - P.D. only,07 - SMV other,0
17-10044,WEST HUNT CLUB RD EB btwn 210 W OF MERIVALE RD & MERIVALE RD,365517.59365,5021865.31779,-75.72533725070,45.33410892560,2017-11-03,8:00:00 AM,02 - Rain,01 - Daylight,02 - Wet,10 - No control,,03 - P.D. only,03 - Rear end,0
17-10045,EAGLESON RD @ HAZELDEAN RD/ROBERTSON RD,353673.62490,5018423.74315,-75.87677752260,45.30406589830,2017-11-07,5:45:00 PM,01 - Clear,07 - Dark,01 - Dry,01 - Traffic signal,01 - Functioning,03 - P.D. only,03 - Rear end,0
17-10046,VANIER PKWY NB btwn RIVERSIDE DR & HWY417 IC117 RAMP26,370813.98763,5031207.19757,-75.65652172730,45.41768567960,2017-11-07,6:15:00 PM,01 - Clear,07 - Dark,01 - Dry,10 - No control,,03 - P.D. only,03 - Rear end,0
17-10047,HEARST WAY btwn CHIMO DR & COHEN AVE,352993.80357,5019711.78586,-75.88532063730,45.31570295790,2017-11-07,7:41:00 PM,01 - Clear,07 - Dark,01 - Dry,10 - No control,,02 - Non-fatal injury,07 - SMV other,1
17-10048,HAZELDEAN RD @ HUNTMAR DR/IBER RD,350941.65115,5016079.66889,-75.91183104780,45.28315801950,2017-11-07,7:35:00 PM,01 - Clear,07 - Dark,01 - Dry,01 - Traffic signal,01 - Functioning,03 - P.D. only,03 - Rear end,0
17-10049,BANK ST btwn RIVERSIDE DR & RIVERSIDE DR,369291.02679,5027907.05127,-75.67641053620,45.38813412810,2017-11-07,8:20:00 PM,01 - Clear,07 - Dark,01 - Dry,10 - No control,,03 - P.D. only,05 - Turning movement,0
17-10050,MEADOWLANDS DR @ MERIVALE RD,364859.70324,5023724.84150,-75.73350440270,45.35089731080,2017-11-07,8:50:00 PM,01 - Clear,07 - Dark,01 - Dry,01 - Traffic signal,01 - Functioning,03 - P.D. only,05 - Turning movement,0
17-10051,ANDERSON RD btwn INNES RD & DESJARDINS ST,376774.72103,5031611.46357,-75.58031025940,45.42073525220,2017-11-07,8:52:00 PM,02 - Rain,07 - Dark,02 - Wet,10 - No control,,02 - Non-fatal injury,07 - SMV other,0
17-10052,CARLING AVE @ PINECREST  RD/GREENVIEW AVE,360007.01015,5024631.19021,-75.79532944760,45.35945142350,2017-11-07,9:41:00 PM,01 - Clear,07 - Dark,01 - Dry,01 - Traffic signal,01 - Functioning,03 - P.D. only,05 - Turning movement,0
17-10053,ANDERSON RD/WEIR RD @ RENAUD RD,377767.29714,5031502.43390,-75.56764499150,45.41965145330,2017-11-07,11:46:00 PM,01 - Clear,07 - Dark,01 - Dry,11 - Roundabout,01 - Functioning,03 - P.D. only,07 - SMV other,0
17-10054,FALLOWFIELD RD btwn CONLEY RD & HUNTLEY RD,352333.69003,5009549.83626,-75.89471218340,45.22430773440,2017-11-08,5:06:00 AM,01 - Clear,07 - Dark,01 - Dry,10 - No control,,02 - Non-fatal injury,07 - SMV other,0
17-10055,ST. JOSEPH BLVD/OLD MONTREAL RD @ TRIM RD,384683.02353,5039286.86025,-75.47802699000,45.48893310020,2017-11-08,6:38:00 AM,01 - Clear,03 - Dawn,01 - Dry,11 - Roundabout,01 - Functioning,03 - P.D. only,02 - Angle,0
17-10056,JEFFERSON ST btwn LORRAINE AVE & HERON RD,371803.78268,5027109.52697,-75.64443290780,45.38072243730,2017-11-08,9:51:00 AM,01 - Clear,01 - Daylight,01 - Dry,10 - No control,,03 - P.D. only,05 - Turning movement,0
17-10057,EAGLESON RD @ HAZELDEAN RD/ROBERTSON RD,353674.09827,5018423.27657,-75.87677153230,45.30406166670,2017-11-08,9:56:00 AM,01 - Clear,01 - Daylight,01 - Dry,01 - Traffic signal,00 - Unknown,03 - P.D. only,03 - Rear end,0
17-10058,ANALDEA DR/ WHITE ALDER AVE @ BANK ST,375698.69665,5020813.25261,-75.59560785980,45.32368808700,2017-11-08,10:48:00 AM,01 - Clear,01 - Daylight,01 - Dry,01 - Traffic signal,01 - Functioning,03 - P.D. only,03 - Rear end,0
17-10059,ALBERT ST @ PERKINS ST,366534.02636,5030696.91109,-75.71126645950,45.41348499040,2017-11-08,10:58:00 AM,01 - Clear,01 - Daylight,01 - Dry,02 - Stop sign,01 - Functioning,03 - P.D. only,07 - SMV other,0
17-10060,WOODROFFE AVE @ CLARIDGE DR/STONEWAY DR N,365576.69960,5016706.72595,-75.72521592730,45.28768726640,2017-11-08,11:13:00 AM,01 - Clear,01 - Daylight,01 - Dry,01 - Traffic signal,00 - Unknown,03 - P.D. only,05 - Turning movement,0
17-10061,BOOTH ST @ OTTAWA RIVER PKWY/WELLINGTON ST,366264.73037,5031006.45121,-75.71466813970,45.41629385190,2017-11-08,11:23:00 AM,01 - Clear,01 - Daylight,01 - Dry,01 - Traffic signal,00 - Unknown,03 - P.D. only,03 - Rear end,0
17-10062,BOWESVILLE RD/HIGH RD @ LEITRIM RD,371673.77551,5019286.75505,-75.64715041530,45.31034806310,2017-11-08,11:43:00 AM,01 - Clear,01 - Daylight,01 - Dry,02 - Stop sign,00 - Unknown,03 - P.D. only,05 - Turning movement,0
17-10063,ALBERT ST @ EMPRESS AVE,366577.17890,5030720.32675,-75.71071224700,45.41369187000,2017-11-08,12:58:00 PM,01 - Clear,01 - Daylight,01 - Dry,01 - Traffic signal,00 - Unknown,03 - P.D. only,04 - Sideswipe,0
17-10064,MAITLAND AVE/GLENMOUNT AVE @ ERINDALE DR,363697.74202,5025211.49142,-75.74815518400,45.36437256370,2017-11-08,1:11:00 PM,01 - Clear,01 - Daylight,01 - Dry,01 - Traffic signal,01 - Functioning,03 - P.D. only,04 - Sideswipe,0
17-10065,STITTSVILLE MAIN ST @ HAZELDEAN RD,349559.83179,5014877.52226,-75.92955264970,45.27243004210,2017-11-08,2:41:00 PM,01 - Clear,01 - Daylight,01 - Dry,01 - Traffic signal,01 - Functioning,03 - P.D. only,05 - Turning movement,0
17-10066,BRIAN COBURN BLVD @ ESPRIT DR,385141.10847,5035343.95989,-75.47281214660,45.45340612270,2017-11-08,2:55:00 PM,01 - Clear,01 - Daylight,01 - Dry,02 - Stop sign,01 - Functioning,03 - P.D. only,02 - Angle,0
17-10067,MURRAY ST @ PARENT AVE,367863.18260,5032489.79114,-75.69405691040,45.42949821000,2017-11-08,3:23:00 PM,01 - Clear,01 - Daylight,01 - Dry,01 - Traffic signal,01 - Functioning,02 - Non-fatal injury,05 - Turning movement,0
17-10068,METCALFE ST @ LAURIER AVE,367793.18730,5031451.81525,-75.69508409930,45.42016515990,2017-11-08,3:25:00 PM,01 - Clear,01 - Daylight,01 - Dry,01 - Traffic signal,01 - Functioning,03 - P.D. only,05 - Turning movement,0
17-10069,MONTREAL RD btwn MONTGOMERY ST & PALACE ST,369929.75798,5032983.13626,-75.66758372510,45.43374773600,2017-11-08,3:38:00 PM,01 - Clear,01 - Daylight,01 - Dry,10 - No control,,02 - Non-fatal injury,07 - SMV other,1
17-10070,ALPINE AVE @ CARLING AVE,360496.67700,5024943.22896,-75.78904458360,45.36222040680,2017-11-08,3:40:00 PM,01 - Clear,01 - Daylight,01 - Dry,01 - Traffic signal,01 - Functioning,03 - P.D. only,03 - Rear end,0
17-10071,MARCHURST RD btwn RIDGETOP RD & JOHN ASELFORD DRWY,340327.60137,5029430.22337,-76.04616489680,45.40390824250,2017-11-08,4:14:00 PM,01 - Clear,01 - Daylight,01 - Dry,10 - No control,,03 - P.D. only,07 - SMV other,0
17-10072,CARLING AVE @ MERIVALE RD,364895.17717,5027700.78089,-75.73256806450,45.38666911730,2017-11-08,4:20:00 PM,01 - Clear,01 - Daylight,01 - Dry,01 - Traffic signal,01 - Functioning,03 - P.D. only,03 - Rear end,0
17-10073,MERIVALE RD @ WEST HUNT CLUB RD,365612.36075,5021942.49820,-75.72411879660,45.33479517840,2017-11-08,4:38:00 PM,01 - Clear,05 - Dusk,01 - Dry,01 - Traffic signal,01 - Functioning,03 - P.D. only,04 - Sideswipe,0
17-10074,RICHMOND RD @ LYNHAR RD/STAFFORD RD,358137.12573,5021087.42046,-75.81957731150,45.32770916980,2017-11-08,4:43:00 PM,01 - Clear,05 - Dusk,01 - Dry,01 - Traffic signal,00 - Unknown,03 - P.D. only,05 - Turning movement,0
17-10075,HERON RD @ BAYCREST DR,371143.25140,5026978.34976,-75.65288388530,45.37960501450,2017-11-08,4:49:00 PM,01 - Clear,05 - Dusk,01 - Dry,01 - Traffic signal,01 - Functioning,03 - P.D. only,05 - Turning movement,0
17-10076,RICHMOND RD btwn ROBERTSON RD & STINSON AVE,357772.69269,5020868.53892,-75.82424948240,45.32576725540,2017-11-08,6:03:00 PM,01 - Clear,07 - Dark,01 - Dry,10 - No control,,02 - Non-fatal injury,02 - Angle,0
17-10077,ST. LAURENT BLVD @ WALKLEY RD,373902.27220,5028047.57195,-75.61750925420,45.38895869950,2017-11-08,5:21:00 PM,01 - Clear,07 - Dark,01 - Dry,01 - Traffic signal,01 - Functioning,02 - Non-fatal injury,05 - Turning movement,0
17-10078,MCLEOD ST @ O'CONNOR ST,368118.71304,5030593.91119,-75.69103523650,45.41241663680,2017-11-08,5:30:00 PM,01 - Clear,07 - Dark,01 - Dry,01 - Traffic signal,01 - Functioning,03 - P.D. only,07 - SMV other,0
17-10079,BANK ST @ CONROY RD,375044.75010,5022237.78205,-75.60374650900,45.33657117960,2017-11-08,5:33:00 PM,01 - Clear,07 - Dark,01 - Dry,01 - Traffic signal,01 - Functioning,03 - P.D. only,02 - Angle,0
17-10080,RIVER RD btwn EARL ARMSTRONG RD & 175 N OF EARL ARMSTRONG/LOBLAWS SC,367611.68882,5014778.61725,-75.69952028970,45.27015940950,2017-11-08,5:59:00 PM,01 - Clear,07 - Dark,01 - Dry,10 - No control,,03 - P.D. only,03 - Rear end,0
17-10081,DWYER HILL RD btwn FALLOWFIELD RD & MCCAFFREY TR,345865.44228,5001677.60058,-75.97772255280,45.15387581930,2017-11-08,5:57:00 PM,01 - Clear,07 - Dark,01 - Dry,10 - No control,,03 - P.D. only,07 - SMV other,0
17-10082,FISHER AVE btwn CRERAR AVE & TUNIS AVE,365491.49200,5027606.47493,-75.72496525390,45.38576915540,2017-11-08,6:16:00 PM,01 - Clear,07 - Dark,01 - Dry,10 - No control,,03 - P.D. only,03 - Rear end,0
17-10083,BECKETT CRES btwn PARADE DR & PARADE DR,351657.53140,5011941.61270,-75.90309655110,45.24587511710,2017-11-06,12:00:00 AM,01 - Clear,00 - Unknown,01 - Dry,10 - No control,,03 - P.D. only,06 - SMV unattended vehicle,0
17-10084,O'CONNOR ST btwn MACLAREN ST & GILMOUR ST,367923.63972,5030901.78386,-75.69348782790,45.41520439960,2017-11-08,6:32:00 PM,01 - Clear,07 - Dark,01 - Dry,10 - No control,,03 - P.D. only,04 - Sideswipe,0
17-10085,THORNDALE DR @ WALKLEY RD,369465.72420,5025431.76179,-75.67450392160,45.36584612330,2017-11-08,8:03:00 PM,01 - Clear,07 - Dark,01 - Dry,02 - Stop sign,00 - Unknown,03 - P.D. only,03 - Rear end,0
17-10086,CLYDE AVE btwn CLYDE AVE & STARWOOD RD,364409.57721,5024773.13977,-75.73912209990,45.36036816610,2017-11-08,9:30:00 PM,01 - Clear,07 - Dark,01 - Dry,10 - No control,,03 - P.D. only,04 - Sideswipe,0
17-10087,VIEWMOUNT DR btwn 140 W OF CHESTERTON & EUROPA PRIV,366145.70959,5023408.63386,-75.71713284580,45.34794081440,2017-11-08,9:35:00 PM,01 - Clear,07 - Dark,01 - Dry,10 - No control,,03 - P.D. only,06 - SMV unattended vehicle,0
17-10088,BASELINE RD @ CLYDE AVE,364359.03775,5024891.18180,-75.73975292050,45.36143458710,2017-11-08,11:06:00 PM,01 - Clear,07 - Dark,01 - Dry,01 - Traffic signal,01 - Functioning,03 - P.D. only,05 - Turning movement,0
17-10089,OTTAWA ROAD 29 btwn UPPER DWYER HILL RD & HWY417 IC180 RAMP51,317957.69464,5030647.40506,-76.33188678620,45.41563903550,2017-11-08,11:30:00 PM,01 - Clear,07 - Dark,01 - Dry,10 - No control,,03 - P.D. only,07 - SMV other,0
17-10090,CARP RD btwn THOMAS A. DOLAN PKWY & NORMA LANE,337679.16339,5025109.12255,-76.08028333570,45.36515476330,2017-11-09,2:17:00 AM,01 - Clear,07 - Dark,01 - Dry,10 - No control,,02 - Non-fatal injury,07 - SMV other,0
17-10091,BRONSON AVE @ IMPERIAL AVE/PLYMOUTH ST,367318.36885,5029643.55170,-75.70138000520,45.40393754080,2017-11-09,6:41:00 AM,01 - Clear,03 - Dawn,01 - Dry,10 - No control,,03 - P.D. only,04 - Sideswipe,0
17-10092,COLONEL BY DR/SUSSEX DR @ RIDEAU ST,367921.34829,5032045.15188,-75.69337061770,45.42549225200,2017-11-08,2:20:00 PM,01 - Clear,01 - Daylight,01 - Dry,01 - Traffic signal,01 - Functioning,03 - P.D. only,04 - Sideswipe,0
17-10093,CARLING AVE btwn HERZBERG RD & BAYFIELD AVE,352193.13839,5022325.24196,-75.89528182670,45.33927387430,2017-11-09,7:52:00 AM,01 - Clear,01 - Daylight,01 - Dry,10 - No control,,03 - P.D. only,07 - SMV other,0
17-10094,MARGRAVE AVE btwn DRUMSO ST & DRUMSO ST,372493.16276,5025448.49856,-75.63585891100,45.36571087900,2017-11-08,12:00:00 AM,01 - Clear,00 - Unknown,01 - Dry,10 - No control,,03 - P.D. only,06 - SMV unattended vehicle,0
17-10095,ELMRIDGE DR btwn ELMSMERE RD & BETHAMY LANE,375194.33391,5034099.52481,-75.60014613750,45.44328221530,2017-11-08,4:30:00 PM,01 - Clear,05 - Dusk,01 - Dry,10 - No control,,03 - P.D. only,06 - SMV unattended vehicle,0
17-10096,VIEWMOUNT DR btwn CHESTERTON DR & COACH HOUSE GT,366236.47996,5023523.92329,-75.71596026050,45.34897022380,2017-11-09,10:29:00 AM,01 - Clear,01 - Daylight,01 - Dry,10 - No control,,02 - Non-fatal injury,03 - Rear end,0
17-10097,BRONSON AVE @ CARLING AVE/GLEBE AVE,367446.75121,5029335.80095,-75.69977928400,45.40115701150,2017-11-09,10:57:00 AM,01 - Clear,01 - Daylight,01 - Dry,01 - Traffic signal,01 - Functioning,03 - P.D. only,04 - Sideswipe,0
17-10098,LANCASTER RD @ WALKLEY RD,374908.40605,5028602.54120,-75.60458284360,45.39385204670,2017-11-09,11:05:00 AM,01 - Clear,01 - Daylight,01 - Dry,01 - Traffic signal,01 - Functioning,03 - P.D. only,02 - Angle,0
17-10099,O'CONNOR ST btwn COOPER ST & SOMERSET ST W,367833.97097,5031044.68092,-75.69461510680,45.41649822410,2017-11-09,12:10:00 PM,01 - Clear,01 - Daylight,01 - Dry,10 - No control,,03 - P.D. only,04 - Sideswipe,0
17-10100,DENZIL DOYLE CRT @ TERENCE MATTHEWS CRES,354111.67815,5016590.20481,-75.87137424890,45.28753670910,2017-11-09,12:15:00 PM,01 - Clear,01 - Daylight,01 - Dry,10 - No control,00 - Unknown,03 - P.D. only,02 - Angle,0
17-10101,BANK ST @ HUNT CLUB RD,371607.73316,5024097.17510,-75.64734330220,45.35363708210,2017-11-09,12:08:00 PM,02 - Rain,01 - Daylight,02 - Wet,01 - Traffic signal,01 - Functioning,03 - P.D. only,07 - SMV other,0
17-10102,MERIVALE RD @ 170 N OF HUNTCLUB RD/COSTCO/CANA,365550.19874,5022100.76310,-75.72489239770,45.33622461000,2017-11-09,12:51:00 PM,01 - Clear,01 - Daylight,01 - Dry,01 - Traffic signal,01 - Functioning,02 - Non-fatal injury,07 - SMV other,1
17-10103,MORRISON DR btwn ASHLEY ST & DRAPER AVE,360287.25299,5023134.46183,-75.79192062790,45.34596176810,2017-11-02,12:00:00 AM,01 - Clear,07 - Dark,01 - Dry,10 - No control,,03 - P.D. only,06 - SMV unattended vehicle,0
17-10104,BREWER RD @ BRONSON AVE,368109.52047,5027766.19921,-75.69151563050,45.38697457540,2017-11-09,1:54:00 PM,01 - Clear,01 - Daylight,01 - Dry,01 - Traffic signal,01 - Functioning,02 - Non-fatal injury,05 - Turning movement,0
17-10105,MOODIE DR btwn MCKENNA CASEY DR & CAMBRIAN RD,360648.55099,5011959.77733,-75.78856887260,45.24538258590,2017-11-09,2:03:00 PM,01 - Clear,01 - Daylight,01 - Dry,10 - No control,,03 - P.D. only,07 - SMV other,0
17-10106,RIVER RD @ ROYAL PALM CRES S,370334.36674,5009452.18706,-75.66552781620,45.22198438500,2017-11-09,3:00:00 PM,01 - Clear,01 - Daylight,01 - Dry,10 - No control,00 - Unknown,03 - P.D. only,05 - Turning movement,0
17-10107,TENTH LINE RD @ WALL RD,385153.25950,5033308.26235,-75.47298923210,45.43508940270,2017-11-09,3:55:00 PM,01 - Clear,01 - Daylight,01 - Dry,02 - Stop sign,01 - Functioning,03 - P.D. only,03 - Rear end,0
17-10108,KING EDWARD AVE @ TEMPLETON ST,369058.70566,5031505.57501,-75.67890816940,45.42053377910,2017-11-09,4:00:00 PM,01 - Clear,01 - Daylight,01 - Dry,01 - Traffic signal,01 - Functioning,02 - Non-fatal injury,07 - SMV other,1
17-10109,LAURIER AVE @ NICHOLAS ST,368373.63700,5031797.55305,-75.68762334620,45.42322348450,2017-11-09,4:14:00 PM,01 - Clear,01 - Daylight,01 - Dry,01 - Traffic signal,01 - Functioning,03 - P.D. only,03 - Rear end,0
17-10110,LYON ST    N btwn GLADSTONE AVE & MCLEOD ST,367597.28591,5030336.71156,-75.69772913640,45.41014941890,2017-11-08,11:00:00 PM,01 - Clear,07 - Dark,01 - Dry,10 - No control,,03 - P.D. only,07 - SMV other,0