COLLISION_ID,LOCATION,X,Y,LONGITUDE,LATITUDE,DATE,TIME,ENVIRONMENT,LIGHT,SURFACE_CONDITION,TRAFFIC_CONTROL,TRAFFIC_CONTROL_CONDITION,COLLISION_CLASSIFICATION,IMPACT_TYPE,NO_OF_PEDESTRIANS
17-10111,INDUSTRIAL AVE @ RUSSELL RD,372466.20197,5030278.84304,-75.63554078630,45.40917493140,2017-11-09,4:47:00 PM,01 - Clear,05 - Dusk,01 - Dry,01 - Traffic signal,01 - Functioning,03 - P.D. only,05 - Turning movement,0
17-10112,O'CONNOR ST @ STRATHCONA AVE,368378.71654,5030169.89370,-75.68776843560,45.40857789340,2017-11-09,4:58:00 PM,01 - Clear,07 - Dark,01 - Dry,02 - Stop sign,01 - Functioning,02 - Non-fatal injury,02 - Angle,0
17-10113,OR174 IC109 RAMP65 @ MONTREAL RD,376404.36191,5034983.50334,-75.58455161400,45.45111280090,2017-11-09,5:01:00 PM,01 - Clear,05 - Dusk,01 - Dry,01 - Traffic signal,01 - Functioning,03 - P.D. only,03 - Rear end,0
17-10114,AIRPORT PKWY btwn RAMP & RAMP (2),368875.97772,5026278.55212,-75.68192177260,45.37351946720,2017-11-09,5:06:00 PM,01 - Clear,07 - Dark,01 - Dry,10 - No control,,02 - Non-fatal injury,03 - Rear end,0
17-10115,HERZBERG RD btwn LEGGET DR & CARLING AVE,351963.59764,5022468.78984,-75.89819683230,45.34058101340,2017-11-09,5:09:00 PM,01 - Clear,05 - Dusk,01 - Dry,10 - No control,,03 - P.D. only,03 - Rear end,0
17-10116,LANCASTER RD @ WALKLEY RD,374907.79375,5028602.77789,-75.60459062930,45.39385423770,2017-11-09,5:13:00 PM,02 - Rain,07 - Dark,02 - Wet,01 - Traffic signal,00 - Unknown,02 - Non-fatal injury,03 - Rear end,0
17-10117,MOODIE DR @ ROBERTSON RD,357066.65210,5020454.29467,-75.83329925420,45.32209277310,2017-11-09,5:43:00 PM,02 - Rain,07 - Dark,02 - Wet,01 - Traffic signal,01 - Functioning,03 - P.D. only,03 - Rear end,0
17-10118,MARCH RD btwn DIAMONDVIEW RD & THOMAS ARGUE RD,340497.19151,5020210.46711,-76.04466458960,45.32093685710,2017-11-09,5:49:00 PM,02 - Rain,07 - Dark,02 - Wet,10 - No control,,03 - P.D. only,07 - SMV other,0
17-10119,FRANKTOWN RD btwn MUNSTER RD & GREEN'S RD,351774.16474,5001696.23544,-75.90257647950,45.15367514160,2017-11-09,5:35:00 PM,02 - Rain,07 - Dark,02 - Wet,10 - No control,,03 - P.D. only,07 - SMV other,0
17-10120,LEES AVE btwn HWY417 IC118 RAMP45 & TRANSIT,369641.91488,5030941.63267,-75.67153096620,45.41540582870,2017-11-09,6:07:00 PM,02 - Rain,07 - Dark,02 - Wet,10 - No control,,02 - Non-fatal injury,07 - SMV other,3
17-10121,WEST HUNT CLUB RD @ WOODROFFE AVE,363670.69100,5021245.77215,-75.74897249540,45.32869167910,2017-11-09,6:14:00 PM,01 - Clear,07 - Dark,01 - Dry,01 - Traffic signal,00 - Unknown,03 - P.D. only,04 - Sideswipe,0
17-10122,PRINCE OF WALES DR @ MEADOWLANDS DR/HOG'S BACK,367371.91890,5025693.71595,-75.70119674940,45.36839316670,2017-11-08,6:30:00 PM,01 - Clear,07 - Dark,01 - Dry,01 - Traffic signal,01 - Functioning,03 - P.D. only,04 - Sideswipe,0
17-10123,GREENBANK RD btwn GIBBARD AVE & WEST HUNT CLUB RD,361439.05573,5020593.99652,-75.77751423940,45.32301064980,2017-11-09,6:40:00 PM,03 - Snow,07 - Dark,02 - Wet,10 - No control,,03 - P.D. only,04 - Sideswipe,0
17-10124,FRANK KENNY RD W @ INNES RD,387529.94555,5037629.19220,-75.44189064460,45.47368754240,2017-11-09,7:22:00 PM,02 - Rain,07 - Dark,02 - Wet,02 - Stop sign,01 - Functioning,03 - P.D. only,07 - SMV other,0
17-10125,EAGLESON RD @ FALLOWFIELD RD,355959.96186,5012594.40570,-75.84822546580,45.25144953650,2017-11-09,7:28:00 PM,02 - Rain,07 - Dark,02 - Wet,01 - Traffic signal,01 - Functioning,02 - Non-fatal injury,05 - Turning movement,0
17-10126,LAROUCHE ST @ MCARTHUR AVE,370382.18620,5032711.30465,-75.66183811710,45.43125962600,2017-11-09,8:27:00 PM,01 - Clear,07 - Dark,01 - Dry,02 - Stop sign,01 - Functioning,03 - P.D. only,02 - Angle,0
17-10127,BANK ST @ SUNNYSIDE AVE,368735.71204,5028581.54920,-75.68341412010,45.39425396460,2017-11-09,9:06:00 PM,02 - Rain,07 - Dark,02 - Wet,01 - Traffic signal,01 - Functioning,02 - Non-fatal injury,07 - SMV other,1
17-10128,EAGLESON RD @ FALLOWFIELD RD,355962.63744,5012594.40570,-75.84819138230,45.25144934200,2017-11-09,9:10:00 PM,01 - Clear,07 - Dark,01 - Dry,01 - Traffic signal,01 - Functioning,03 - P.D. only,04 - Sideswipe,0
17-10129,BLACKBURN AVE @ TEMPLETON ST,369513.38084,5031779.90920,-75.67306294370,45.42296022470,2017-11-09,9:12:00 PM,03 - Snow,07 - Dark,02 - Wet,02 - Stop sign,01 - Functioning,02 - Non-fatal injury,02 - Angle,0
17-10130,FISHER AVE @ MEADOWLANDS DR,366574.73045,5025045.44600,-75.71145385880,45.36263088400,2017-11-09,9:13:00 PM,02 - Rain,07 - Dark,02 - Wet,01 - Traffic signal,01 - Functioning,03 - P.D. only,99 - Other,0
17-10131,WILHAVEN DR btwn DUNNING RD & SARSFIELD RD,391096.96367,5040848.96618,-75.39571117020,45.50222346450,2017-11-09,9:20:00 PM,03 - Snow,07 - Dark,02 - Wet,10 - No control,,03 - P.D. only,07 - SMV other,0
17-10132,GREENBANK RD @ STRANDHERD DR,363933.20600,5014784.17825,-75.74639445550,45.27052837090,2017-11-09,9:44:00 PM,01 - Clear,07 - Dark,02 - Wet,01 - Traffic signal,01 - Functioning,03 - P.D. only,05 - Turning movement,0
17-10133,HEATHERINGTON RD @ FAIRLEA CRES S/ANGELA PRIV,371876.40874,5026501.52840,-75.64358824600,45.37524494640,2017-11-09,10:16:00 PM,01 - Clear,07 - Dark,02 - Wet,02 - Stop sign,01 - Functioning,02 - Non-fatal injury,07 - SMV other,1
17-10134,RUSSELL RD btwn SOUTHVALE CRES & TUPPER AVE,374135.99981,5028840.85299,-75.61441325100,45.39607316850,2017-11-09,11:03:00 PM,03 - Snow,07 - Dark,02 - Wet,10 - No control,,02 - Non-fatal injury,07 - SMV other,1
17-10135,TANDALEE CRES @ STONEHAVEN DR,356137.55700,5016110.02869,-75.84559966600,45.28307093720,2017-11-09,11:32:00 PM,01 - Clear,07 - Dark,06 - Ice,02 - Stop sign,01 - Functioning,02 - Non-fatal injury,05 - Turning movement,0
17-10136,BASELINE RD/HERON RD @ PRINCE OF WALES DR,366873.73237,5026438.25256,-75.70746249960,45.37513663960,2017-11-10,12:55:00 AM,01 - Clear,07 - Dark,01 - Dry,01 - Traffic signal,00 - Unknown,03 - P.D. only,07 - SMV other,0
17-10137,STAGECOACH RD btwn SNAKE ISLAND RD & HERBERTS CORNERS RD,377942.44901,5008128.94802,-75.56885794000,45.20932943150,2017-11-10,4:27:00 AM,01 - Clear,07 - Dark,01 - Dry,10 - No control,,02 - Non-fatal injury,07 - SMV other,0
17-10138,GOLDRIDGE DR btwn CAMBIOR CRES & CAMBIOR CRES,349688.34448,5019715.65505,-75.92747698880,45.31595687430,2017-11-09,9:20:00 AM,01 - Clear,01 - Daylight,01 - Dry,10 - No control,,03 - P.D. only,06 - SMV unattended vehicle,0
17-10139,GLADSTONE AVE @ KENT ST,367746.37644,5030458.90160,-75.69580900610,45.41123545290,2017-11-10,8:27:00 AM,01 - Clear,01 - Daylight,01 - Dry,01 - Traffic signal,01 - Functioning,03 - P.D. only,02 - Angle,0
17-10140,CUMMINGS AVE/LABELLE ST @ CYRVILLE RD,372860.71590,5031872.28365,-75.63028124410,45.42347370750,2017-11-10,8:30:00 AM,01 - Clear,01 - Daylight,01 - Dry,01 - Traffic signal,01 - Functioning,03 - P.D. only,04 - Sideswipe,0
17-10141,KING EDWARD AVE @ STEWART ST,368635.04885,5032204.91020,-75.68423043830,45.42686493150,2017-11-10,8:40:00 AM,01 - Clear,01 - Daylight,01 - Dry,01 - Traffic signal,01 - Functioning,03 - P.D. only,02 - Angle,0
17-10142,LAMING ST @ LARKIN DR,361971.34655,5015625.44840,-75.77129784670,45.27826039970,2017-11-10,9:01:00 AM,01 - Clear,01 - Daylight,01 - Dry,02 - Stop sign,01 - Functioning,02 - Non-fatal injury,07 - SMV other,1
17-10143,BANK ST btwn ALTA VISTA DR & ERIE AVE,370243.05238,5026216.12402,-75.66447801660,45.37283142210,2017-11-07,9:30:00 AM,01 - Clear,01 - Daylight,01 - Dry,10 - No control,,03 - P.D. only,04 - Sideswipe,0
17-10144,BOURASSA ST @ ST. LAURENT BLVD,373238.15212,5029692.84654,-75.62576134390,45.40382734910,2017-11-10,9:37:00 AM,01 - Clear,01 - Daylight,01 - Dry,01 - Traffic signal,01 - Functioning,03 - P.D. only,05 - Turning movement,0
17-10145,JACKMAN TER btwn AIRD PL & AIRD PL,351900.96281,5019083.82433,-75.89931800020,45.31012657140,2017-11-09,12:00:00 AM,02 - Rain,00 - Unknown,02 - Wet,10 - No control,,03 - P.D. only,06 - SMV unattended vehicle,0
17-10146,BOOTH ST @ OTTAWA RIVER PKWY/WELLINGTON ST,366264.59145,5031007.35680,-75.71466980130,45.41630201240,2017-11-10,10:26:00 AM,01 - Clear,01 - Daylight,01 - Dry,01 - Traffic signal,01 - Functioning,03 - P.D. only,02 - Angle,0
17-10147,BAY ST @ SLATER ST,366983.69780,5031079.28036,-75.70547362140,45.41688562150,2017-11-10,11:13:00 AM,01 - Clear,01 - Daylight,01 - Dry,01 - Traffic signal,01 - Functioning,03 - P.D. only,05 - Turning movement,0
17-10148,ALBERT ST @ ELGIN ST/MACKENZIE KING BRIDGE,367852.24616,5031711.45804,-75.69429630030,45.42249601870,2017-11-10,11:48:00 AM,01 - Clear,01 - Daylight,01 - Dry,01 - Traffic signal,01 - Functioning,03 - P.D. only,07 - SMV other,0
17-10149,NICHOLAS ST NB btwn HWY417 IC118 RAMP52 & WALLER ST/TRANSITWAY,369045.45899,5031327.48062,-75.67910063940,45.41893256690,2017-11-10,11:48:00 AM,01 - Clear,01 - Daylight,01 - Dry,10 - No control,,03 - P.D. only,04 - Sideswipe,0
17-10150,BRONSON AVE @ IMPERIAL AVE/PLYMOUTH ST,367319.26485,5029642.97629,-75.70136863360,45.40393228350,2017-11-10,1:06:00 PM,01 - Clear,01 - Daylight,01 - Dry,10 - No control,00 - Unknown,03 - P.D. only,04 - Sideswipe,0
17-10151,REGIONAL ROAD 174 btwn OLD MONTREAL RD & OLD MONTREAL RD,394566.97932,5043024.85236,-75.35091800620,45.52136119750,2017-11-10,1:41:00 PM,01 - Clear,01 - Daylight,01 - Dry,10 - No control,,02 - Non-fatal injury,07 - SMV other,0
17-10152,HARMER AVE   N btwn WELLINGTON ST W & BYRON AVE,364802.94469,5029030.80247,-75.73358404860,45.39864429120,2017-11-10,2:03:00 PM,01 - Clear,01 - Daylight,01 - Dry,10 - No control,,03 - P.D. only,06 - SMV unattended vehicle,0
17-10153,CARLING AVE @ KIRKWOOD AVE N,364275.11187,5027494.07084,-75.74051067350,45.38486210210,2017-11-10,2:22:00 PM,01 - Clear,01 - Daylight,01 - Dry,01 - Traffic signal,01 - Functioning,03 - P.D. only,05 - Turning movement,0
17-10154,CEDARWOOD DR btwn WALKLEY RD & BAYCREST DR,371122.10592,5026632.35749,-75.65320032740,45.37649390120,2017-11-10,3:09:00 PM,01 - Clear,01 - Daylight,01 - Dry,10 - No control,,03 - P.D. only,02 - Angle,0
17-10155,MOODIE DR btwn WEST HUNT CLUB RD & ALTI PL,357966.18013,5018357.31858,-75.82205090560,45.30315642130,2017-11-10,3:22:00 PM,03 - Snow,01 - Daylight,02 - Wet,10 - No control,,03 - P.D. only,07 - SMV other,0
17-10156,CATHERINE ST btwn METCALFE ST & ELGIN ST,368434.84382,5030511.31226,-75.68700739660,45.41164476440,2017-11-09,3:00:00 PM,01 - Clear,01 - Daylight,01 - Dry,10 - No control,,03 - P.D. only,06 - SMV unattended vehicle,0
17-10157,COVENTRY RD @ VANIER PKWY,370676.35462,5031611.55847,-75.65822604590,45.42133692510,2017-11-10,3:42:00 PM,01 - Clear,01 - Daylight,01 - Dry,01 - Traffic signal,01 - Functioning,03 - P.D. only,03 - Rear end,0
17-10158,JASMINE CRES btwn OGILVIE RD & BEAVERHILL DR,375492.33026,5034046.36868,-75.59634494810,45.44277387710,2017-11-10,3:30:00 PM,01 - Clear,01 - Daylight,01 - Dry,10 - No control,,02 - Non-fatal injury,07 - SMV other,1
17-10159,HUNTERSFIELD DR @ PIKE ST,373226.73796,5025208.85129,-75.62652868720,45.36348339960,2017-11-10,3:57:00 PM,01 - Clear,01 - Daylight,01 - Dry,01 - Traffic signal,01 - Functioning,03 - P.D. only,02 - Angle,0
17-10160,EAGLESON RD @ PERTH ST/RICHMOND RD,358017.30274,5007409.67640,-75.82257129410,45.20464354860,2017-11-10,4:13:00 PM,01 - Clear,01 - Daylight,01 - Dry,01 - Traffic signal,01 - Functioning,02 - Non-fatal injury,02 - Angle,0
17-10161,ST. LAURENT BLVD SERVICE RD btwn RUSSELL RD & ST. LAURENT BLVD,373434.62199,5029209.25844,-75.62331920490,45.39945701230,2017-11-10,4:25:00 PM,01 - Clear,05 - Dusk,01 - Dry,10 - No control,,03 - P.D. only,03 - Rear end,0
17-10162,WALKLEY RD btwn HALIFAX DR & ST. LAURENT BLVD,373781.60526,5027977.97515,-75.61905981080,45.38834439420,2017-11-10,6:10:00 AM,01 - Clear,07 - Dark,01 - Dry,10 - No control,,03 - P.D. only,04 - Sideswipe,0
17-10163,FRANK KENNY RD btwn MCFADDEN RD & RUSSELL RD,391636.66161,5028537.71450,-75.39097911370,45.39139428790,2017-11-10,4:52:00 PM,01 - Clear,07 - Dark,01 - Dry,10 - No control,,03 - P.D. only,07 - SMV other,0
17-10164,REGIONAL ROAD 174 btwn OR174 IC109 RAMP64 & OR174 IC105 RAMP16,378899.04703,5036745.42693,-75.55239632380,45.46670525110,2017-11-10,5:00:00 PM,01 - Clear,05 - Dusk,01 - Dry,10 - No control,,03 - P.D. only,07 - SMV other,0
17-10165,DONALD ST btwn ELAINE DR & FINDON GT,372401.96194,5032455.83616,-75.63606269910,45.42876872050,2017-11-10,5:55:00 PM,01 - Clear,07 - Dark,01 - Dry,10 - No control,,03 - P.D. only,02 - Angle,0
17-10166,MORNINGMIST WAY btwn BUCKLES ST & SUMMERBREEZE DR,375088.78850,4999764.29910,-75.60635989770,45.13435591100,2017-11-10,8:08:00 PM,01 - Clear,07 - Dark,01 - Dry,10 - No control,,03 - P.D. only,06 - SMV unattended vehicle,0
17-10167,CONRAD AVE btwn KIPLING ST & FEATHERSTON DR,372295.35688,5027792.40279,-75.63806336920,45.38681949310,2017-11-10,8:15:00 PM,02 - Rain,07 - Dark,02 - Wet,10 - No control,,03 - P.D. only,06 - SMV unattended vehicle,0
17-10168,MACKENZIE KING BRIDGE @ MACKENZIE KING BRIDGE,368164.20556,5031867.56400,-75.69029029360,45.42387242010,2017-11-10,10:06:00 PM,01 - Clear,07 - Dark,01 - Dry,01 - Traffic signal,01 - Functioning,02 - Non-fatal injury,07 - SMV other,1
17-10169,PRESTON ST btwn ALBERT ST & PRIMROSE AVE,366180.42944,5030419.08605,-75.71581829780,45.41101630100,2017-11-10,12:00:00 AM,01 - Clear,00 - Unknown,01 - Dry,10 - No control,,03 - P.D. only,06 - SMV unattended vehicle,0
17-10170,RIVERSIDE DR @ WALKLEY RD,368418.24600,5024852.81245,-75.68794876980,45.36073273840,2017-11-11,4:07:00 AM,01 - Clear,07 - Dark,01 - Dry,01 - Traffic signal,01 - Functioning,03 - P.D. only,07 - SMV other,0
17-10171,BOWESVILLE RD/HIGH RD @ LEITRIM RD,371674.39685,5019287.47190,-75.64714239460,45.31035445350,2017-11-11,12:00:00 AM,01 - Clear,00 - Unknown,01 - Dry,02 - Stop sign,01 - Functioning,03 - P.D. only,07 - SMV other,0
17-10172,BANK ST btwn BANK ST & TURN LANE,377800.98020,5015859.71302,-75.56952376810,45.27890283890,2017-11-11,9:27:00 AM,01 - Clear,01 - Daylight,01 - Dry,10 - No control,,03 - P.D. only,05 - Turning movement,0
17-10173,BANK ST @ SNAKE ISLAND RD/VICTORIA ST,383698.12630,5010122.22904,-75.49528019060,45.22664313030,2017-11-11,9:00:00 AM,01 - Clear,01 - Daylight,01 - Dry,01 - Traffic signal,01 - Functioning,03 - P.D. only,05 - Turning movement,0
17-10174,TERRY FOX DR btwn DIDSBURY RD & HWY417 IC140 RAMP36,350661.59258,5018882.36718,-75.91514158370,45.30839583580,2017-11-11,9:04:00 AM,01 - Clear,01 - Daylight,01 - Dry,10 - No control,,03 - P.D. only,04 - Sideswipe,0
17-10175,CONROY RD @ THURSTON DR,373206.29177,5026796.41385,-75.62656980770,45.37776963690,2017-11-11,9:11:00 AM,01 - Clear,01 - Daylight,01 - Dry,01 - Traffic signal,01 - Functioning,03 - P.D. only,02 - Angle,0
17-10176,MOODIE DR @ ROBERTSON RD,357067.16160,5020455.47810,-75.83329263070,45.32210338350,2017-11-11,9:31:00 AM,01 - Clear,01 - Daylight,01 - Dry,01 - Traffic signal,01 - Functioning,02 - Non-fatal injury,03 - Rear end,0
17-10177,TENTH LINE RD @ CHARLEMAGNE BLVD N/TOMPKINS AV,383183.59545,5037977.88190,-75.49741567490,45.47732611660,2017-11-07,12:30:00 PM,01 - Clear,01 - Daylight,01 - Dry,01 - Traffic signal,01 - Functioning,03 - P.D. only,03 - Rear end,0
17-10178,ST. LAURENT BLVD @ COTE ST,371785.60174,5033225.93622,-75.64383398250,45.43575702610,2017-11-11,10:37:00 AM,01 - Clear,01 - Daylight,01 - Dry,01 - Traffic signal,01 - Functioning,03 - P.D. only,02 - Angle,0
17-10179,SOMERSET ST @ EMPRESS AVE,366738.46272,5030346.77853,-75.70869876400,45.41031653200,2017-11-11,10:40:00 AM,01 - Clear,01 - Daylight,01 - Dry,01 - Traffic signal,00 - Unknown,03 - P.D. only,03 - Rear end,0
17-10180,BANK ST @ SIEVERIGHT AVE,372194.99466,5024131.83024,-75.63984429650,45.35389270150,2017-11-11,11:01:00 AM,01 - Clear,01 - Daylight,01 - Dry,02 - Stop sign,01 - Functioning,02 - Non-fatal injury,02 - Angle,0
17-10181,ST. LAURENT BLVD @ MCARTHUR AVE,371922.19690,5032887.33595,-75.64213447210,45.43269736220,2017-11-11,11:44:00 AM,01 - Clear,01 - Daylight,01 - Dry,01 - Traffic signal,01 - Functioning,02 - Non-fatal injury,03 - Rear end,0
17-10182,ST. LAURENT BLVD btwn SHORE ST & BELFAST RD,372852.52714,5030596.67359,-75.63056204140,45.41199716750,2017-11-11,11:52:00 AM,01 - Clear,01 - Daylight,01 - Dry,10 - No control,,03 - P.D. only,03 - Rear end,0
17-10183,GREENBANK RD btwn JOCKVALE RD & CAMBRIAN RD,364323.80664,5013864.82336,-75.74152717710,45.26222304970,2017-11-11,12:15:00 PM,01 - Clear,01 - Daylight,01 - Dry,10 - No control,,03 - P.D. only,02 - Angle,0
17-10184,ROGER STEVENS DR btwn MALAKOFF RD & MCCORDICK RD,363438.60365,4997191.56944,-75.75476609030,45.11226869760,2017-11-11,12:23:00 PM,01 - Clear,01 - Daylight,01 - Dry,10 - No control,,03 - P.D. only,01 - Approaching,0
17-10185,HAWTHORNE RD/RUSSELL RD @ WALKLEY RD,374674.84390,5028499.07184,-75.60758016440,45.39294442440,2017-11-10,4:45:00 PM,01 - Clear,05 - Dusk,01 - Dry,01 - Traffic signal,01 - Functioning,03 - P.D. only,04 - Sideswipe,0
17-10186,GREENBANK RD @ LISA AVE,360554.19720,5022893.73105,-75.78854151920,45.34377450850,2017-11-11,12:43:00 PM,01 - Clear,01 - Daylight,01 - Dry,01 - Traffic signal,01 - Functioning,03 - P.D. only,03 - Rear end,0
17-10187,FRANK KENNY RD @ RUSSELL RD,392563.75363,5026366.99266,-75.37952704560,45.37174895800,2017-11-10,1:14:00 PM,01 - Clear,01 - Daylight,01 - Dry,02 - Stop sign,01 - Functioning,03 - P.D. only,03 - Rear end,0
17-10188,BRONSON AVE @ MACLAREN ST,366999.94228,5030399.00576,-75.70535193680,45.41076326780,2017-11-11,1:00:00 PM,01 - Clear,01 - Daylight,01 - Dry,02 - Stop sign,01 - Functioning,03 - P.D. only,02 - Angle,0
17-10189,CYRVILLE RD @ ST. LAURENT BLVD,372242.66755,5032110.86994,-75.63814544930,45.42568025430,2017-11-11,2:05:00 PM,01 - Clear,01 - Daylight,01 - Dry,01 - Traffic signal,01 - Functioning,03 - P.D. only,05 - Turning movement,0
17-10190,LONGFIELDS DR @ PAUL METIVIER DR,364841.33400,5014200.43700,-75.73489268780,45.26519892110,2017-11-11,2:20:00 PM,01 - Clear,01 - Daylight,01 - Dry,02 - Stop sign,01 - Functioning,03 - P.D. only,02 - Angle,0
17-10191,KENT ST @ MCLEOD ST,367786.37025,5030390.56390,-75.69530683440,45.41061697330,2017-11-11,2:52:00 PM,01 - Clear,01 - Daylight,01 - Dry,02 - Stop sign,01 - Functioning,03 - P.D. only,02 - Angle,0
17-10192,BRONSON AVE @ FIFTH AVE/MADAWASKA DR,367613.37825,5028939.89149,-75.69770149520,45.39757980190,2017-11-11,2:59:00 PM,01 - Clear,01 - Daylight,01 - Dry,01 - Traffic signal,01 - Functioning,02 - Non-fatal injury,07 - SMV other,1
17-10193,ALTA VISTA DR btwn CLONTARF AVE & RANDALL AVE,370401.23354,5027426.60141,-75.66229789140,45.38370810170,2017-11-11,3:19:00 PM,01 - Clear,01 - Daylight,01 - Dry,10 - No control,,02 - Non-fatal injury,03 - Rear end,0
17-10194,MERIVALE RD @ WEST HUNT CLUB RD,365613.40485,5021939.72370,-75.72410581880,45.33477012330,2017-11-11,3:18:00 PM,01 - Clear,01 - Daylight,01 - Dry,01 - Traffic signal,01 - Functioning,03 - P.D. only,03 - Rear end,0
17-10195,ST. LAURENT BLVD btwn SHORE ST & BELFAST RD,372831.98278,5030650.16277,-75.63081710190,45.41248043600,2017-11-11,5:36:00 PM,01 - Clear,07 - Dark,01 - Dry,10 - No control,,03 - P.D. only,03 - Rear end,0
17-10196,INNES RD @ STAR TOP RD/WINDMILL LANE,374146.72246,5030667.22940,-75.61401946580,45.41250494520,2017-11-11,5:48:00 PM,01 - Clear,07 - Dark,01 - Dry,01 - Traffic signal,01 - Functioning,02 - Non-fatal injury,05 - Turning movement,0
17-10197,FALLOWFIELD RD @ GREENBANK RD,363081.14907,5016731.27187,-75.75702368850,45.28811950020,2017-11-11,6:52:00 PM,01 - Clear,07 - Dark,01 - Dry,01 - Traffic signal,01 - Functioning,02 - Non-fatal injury,03 - Rear end,0
17-10198,HAZELDEAN RD @ TERRY FOX DR,352209.28324,5017243.11990,-75.89556221450,45.29354271240,2017-11-11,7:35:00 PM,01 - Clear,07 - Dark,01 - Dry,01 - Traffic signal,01 - Functioning,02 - Non-fatal injury,03 - Rear end,0
17-10199,MONTREAL RD @ VANIER PKWY,370072.23643,5033065.35541,-75.66575201790,45.43447422470,2017-11-11,9:07:00 PM,01 - Clear,07 - Dark,01 - Dry,01 - Traffic signal,00 - Unknown,03 - P.D. only,03 - Rear end,0
17-10200,BAY ST @ QUEEN ST,366899.69690,5031212.34425,-75.70653003530,45.41809035110,2017-11-11,10:45:00 PM,01 - Clear,07 - Dark,01 - Dry,01 - Traffic signal,01 - Functioning,03 - P.D. only,04 - Sideswipe,0
17-10201,REGIONAL ROAD 174 btwn OR174 IC112 RAMP15 & TRANSIT,375347.21736,5033233.04657,-75.59831625680,45.43547073970,2017-11-12,1:15:00 AM,01 - Clear,07 - Dark,01 - Dry,10 - No control,,03 - P.D. only,07 - SMV other,0
17-10202,MEADOWLANDS DR @ MERIVALE RD,364859.03435,5023725.51040,-75.73351285610,45.35090338670,2017-11-12,1:56:00 AM,01 - Clear,07 - Dark,01 - Dry,01 - Traffic signal,01 - Functioning,03 - P.D. only,05 - Turning movement,0
17-10203,CARLING AVE @ MAITLAND AVE/SHERBOURNE RD,362942.53688,5026487.60608,-75.75764455280,45.37591794400,2017-11-11,4:15:00 PM,01 - Clear,01 - Daylight,01 - Dry,01 - Traffic signal,01 - Functioning,03 - P.D. only,04 - Sideswipe,0
17-10204,BOURASSA ST @ ST. LAURENT BLVD,373236.39755,5029694.89439,-75.62578346930,45.40384594670,2017-11-12,8:02:00 AM,01 - Clear,01 - Daylight,01 - Dry,01 - Traffic signal,01 - Functioning,03 - P.D. only,03 - Rear end,0
17-10205,INDUSTRIAL AVE @ TRAINYARDS DR,371684.95176,5030539.47890,-75.64548504180,45.41159511890,2017-11-12,11:39:00 AM,01 - Clear,01 - Daylight,01 - Dry,01 - Traffic signal,01 - Functioning,03 - P.D. only,03 - Rear end,0
17-10206,STRATHCONA AVE btwn BANK ST & O'CONNOR ST,368223.18469,5030079.10118,-75.68976686730,45.40777508280,2017-11-12,11:40:00 AM,01 - Clear,01 - Daylight,01 - Dry,10 - No control,,03 - P.D. only,02 - Angle,0
17-10207,BASELINE RD/HERON RD @ PRINCE OF WALES DR,366873.37205,5026439.87009,-75.70746689610,45.37515122550,2017-11-11,12:30:00 PM,01 - Clear,01 - Daylight,01 - Dry,01 - Traffic signal,01 - Functioning,03 - P.D. only,03 - Rear end,0
17-10208,RICHMOND RD btwn MCRAE AVE & CLIFTON RD,363692.86334,5028588.47277,-75.74781465500,45.39475854350,2017-11-12,12:08:00 PM,01 - Clear,01 - Daylight,01 - Dry,10 - No control,,03 - P.D. only,05 - Turning movement,0
17-10209,O'CONNOR ST btwn WAVERLEY ST & FRANK ST,368035.49480,5030722.01858,-75.69208189630,45.41357683050,2017-11-11,12:00:00 AM,01 - Clear,00 - Unknown,01 - Dry,10 - No control,,03 - P.D. only,06 - SMV unattended vehicle,0
17-10210,PRINCE OF WALES DR btwn BLAZER AVE & DEAKIN ST,367352.37665,5021127.22329,-75.70202377050,45.32730651840,2017-11-12,12:45:00 PM,01 - Clear,01 - Daylight,01 - Dry,10 - No control,,03 - P.D. only,02 - Angle,0
17-10211,SMYTH RD E/LANCASTER RD @ ST. LAURENT BLVD N/R,373365.06385,5029425.21950,-75.62417755560,45.40140694640,2017-11-12,12:59:00 PM,01 - Clear,01 - Daylight,01 - Dry,01 - Traffic signal,01 - Functioning,03 - P.D. only,03 - Rear end,0
17-10212,DONNELLY DR @ MERLYN WILSON RD,369252.68966,4990842.21570,-75.68169857230,45.05463007290,2017-11-12,1:23:00 PM,01 - Clear,01 - Daylight,01 - Dry,02 - Stop sign,01 - Functioning,03 - P.D. only,02 - Angle,0
17-10213,MARCH RD btwn BEARHILL RD & ROB LYTLE'S LANE,338239.09721,5018052.05761,-76.07361253560,45.30162563610,2017-11-11,6:00:00 PM,01 - Clear,07 - Dark,01 - Dry,10 - No control,,03 - P.D. only,07 - SMV other,0
17-10214,NORICE ST btwn GLENRIDGE RD & DARLY PL,364878.59272,5023399.75049,-75.73330284690,45.34797056740,2017-11-10,12:00:00 AM,01 - Clear,00 - Unknown,01 - Dry,10 - No control,,03 - P.D. only,06 - SMV unattended vehicle,0
17-10215,FALLOWFIELD RD @ STEEPLE HILL CRES,358398.31495,5013998.75899,-75.81701169440,45.26390466620,2017-11-12,2:14:00 PM,01 - Clear,01 - Daylight,01 - Dry,02 - Stop sign,01 - Functioning,02 - Non-fatal injury,07 - SMV other,0