COLLISION_ID,LOCATION,X,Y,LONGITUDE,LATITUDE,DATE,TIME,ENVIRONMENT,LIGHT,SURFACE_CONDITION,TRAFFIC_CONTROL,TRAFFIC_CONTROL_CONDITION,COLLISION_CLASSIFICATION,IMPACT_TYPE,NO_OF_PEDESTRIANS
17-10216,BLAIR RD @ INNES RD,375579.06935,5031438.88620,-75.59561110240,45.41930448290,2017-11-12,2:59:00 PM,01 - Clear,01 - Daylight,01 - Dry,01 - Traffic signal,01 - Functioning,03 - P.D. only,03 - Rear end,0
17-10217,WEST HUNT CLUB RD @ WOODROFFE AVE,363671.69434,5021247.15790,-75.74895953240,45.32870406340,2017-11-12,3:10:00 PM,01 - Clear,01 - Daylight,01 - Dry,01 - Traffic signal,01 - Functioning,03 - P.D. only,03 - Rear end,0
17-10218,DUNNING RD btwn BRICKLAND DR & WILHAVEN DR,390851.22684,5041308.73678,-75.39877447290,45.50639026560,2017-11-12,3:17:00 PM,01 - Clear,01 - Daylight,01 - Dry,10 - No control,,02 - Non-fatal injury,07 - SMV other,0
17-10219,ORLEANS BLVD @ NAVAN RD,380594.18387,5033095.71174,-75.53128376170,45.43368605980,2017-11-12,3:16:00 PM,01 - Clear,01 - Daylight,01 - Dry,02 - Stop sign,01 - Functioning,03 - P.D. only,02 - Angle,0
17-10220,FOURTH AVE btwn LYON ST S & BANK ST,368283.75511,5029426.60076,-75.68907716380,45.40189859990,2017-11-12,3:55:00 PM,01 - Clear,01 - Daylight,01 - Dry,10 - No control,,02 - Non-fatal injury,07 - SMV other,1
17-10221,DALHOUSIE ST btwn GEORGE ST & RIDEAU ST,368180.95659,5032278.41732,-75.69002339150,45.42756761760,2017-11-12,12:00:00 AM,01 - Clear,00 - Unknown,01 - Dry,10 - No control,,03 - P.D. only,06 - SMV unattended vehicle,0
17-10222,ALPINE AVE @ CARLING AVE,360495.00476,5024942.51890,-75.78906600720,45.36221415020,2017-11-12,4:39:00 PM,01 - Clear,05 - Dusk,01 - Dry,01 - Traffic signal,00 - Unknown,03 - P.D. only,02 - Angle,0
17-10223,HUNT CLUB RD @ UPLANDS DR,370155.72386,5023120.82320,-75.66600210730,45.34498897480,2017-11-12,5:10:00 PM,01 - Clear,05 - Dusk,01 - Dry,01 - Traffic signal,01 - Functioning,03 - P.D. only,02 - Angle,0
17-10224,MERIVALE RD @ GERVIN ST,366292.57976,5020292.89101,-75.71564584630,45.31989295670,2017-11-12,7:57:00 PM,01 - Clear,07 - Dark,01 - Dry,02 - Stop sign,00 - Unknown,02 - Non-fatal injury,03 - Rear end,0
17-10225,MEADOWLANDS DR @ MERIVALE RD,364858.36545,5023724.17261,-75.73352155450,45.35089140670,2017-11-12,8:12:00 PM,01 - Clear,07 - Dark,01 - Dry,01 - Traffic signal,01 - Functioning,02 - Non-fatal injury,02 - Angle,0
17-10226,ALBION RD @ LESTER RD,372695.50100,5022332.93147,-75.63370404480,45.33765856100,2017-11-12,8:13:00 PM,01 - Clear,07 - Dark,01 - Dry,01 - Traffic signal,01 - Functioning,03 - P.D. only,05 - Turning movement,0
17-10227,ALTA VISTA DR @ SMYTH RD,370431.71256,5029082.89529,-75.66168842830,45.39860798750,2017-11-12,8:14:00 PM,01 - Clear,07 - Dark,01 - Dry,01 - Traffic signal,01 - Functioning,03 - P.D. only,05 - Turning movement,0
17-10228,SUMMERGAZE ST @ SUMMITVIEW DR,356660.08840,5015504.15800,-75.83900270370,45.27758084610,2017-11-13,2:21:00 AM,01 - Clear,07 - Dark,01 - Dry,02 - Stop sign,00 - Unknown,03 - P.D. only,06 - SMV unattended vehicle,0
17-10229,BANK ST @ SNAKE ISLAND RD/VICTORIA ST,383695.78496,5010120.73810,-75.49531023730,45.22662997820,2017-11-13,5:11:00 AM,01 - Clear,07 - Dark,01 - Dry,01 - Traffic signal,01 - Functioning,03 - P.D. only,07 - SMV other,0
17-10230,DUMAURIER AVE @ PINECREST RD,360320.00676,5023833.84200,-75.79142416680,45.35225218850,2017-11-13,7:51:00 AM,01 - Clear,01 - Daylight,01 - Dry,01 - Traffic signal,01 - Functioning,02 - Non-fatal injury,02 - Angle,0
17-10231,MARCH RD btwn TALL FOREST DR & HUNTMAR DR,343899.46658,5023326.71677,-76.00102226020,45.34879672910,2017-11-13,9:42:00 AM,01 - Clear,01 - Daylight,01 - Dry,10 - No control,,03 - P.D. only,07 - SMV other,0
17-10232,GRENWICH CIRC btwn Continuation of GRENWICH CIRC & Continuation of GRE,364248.48124,5025681.91304,-75.74106887200,45.36855885820,2017-11-13,10:12:00 AM,01 - Clear,01 - Daylight,01 - Dry,10 - No control,,03 - P.D. only,07 - SMV other,0
17-10233,WOODROFFE AVE @ TECUMSEH ST,362368.07129,5024229.51318,-75.76524172960,45.35564726960,2017-11-13,10:45:00 AM,01 - Clear,01 - Daylight,01 - Dry,02 - Stop sign,01 - Functioning,02 - Non-fatal injury,03 - Rear end,0
17-10234,GLOUCESTER ST btwn LYON ST N & KENT ST,367241.18639,5031028.99755,-75.70219035930,45.41641026130,2017-11-12,12:00:00 AM,01 - Clear,00 - Unknown,01 - Dry,10 - No control,,03 - P.D. only,06 - SMV unattended vehicle,0
17-10235,DU BOIS AVE btwn D'ERABLE PL & DES ORMES PL,381209.54223,5038229.62647,-75.52262237380,45.47980991670,2017-11-12,12:00:00 AM,01 - Clear,00 - Unknown,01 - Dry,10 - No control,,03 - P.D. only,06 - SMV unattended vehicle,0
17-10236,TERRY FOX DR @ EDGEWATER ST/WALTER BAKER PL,351778.61154,5017614.11920,-75.90101755370,45.29690998790,2017-11-13,11:38:00 AM,01 - Clear,01 - Daylight,01 - Dry,01 - Traffic signal,01 - Functioning,03 - P.D. only,03 - Rear end,0
17-10237,ALTA VISTA DR @ BANK ST,370248.40355,5026200.73940,-75.66441174290,45.37269249670,2017-11-13,11:00:00 AM,01 - Clear,01 - Daylight,01 - Dry,01 - Traffic signal,01 - Functioning,03 - P.D. only,04 - Sideswipe,0
17-10238,RIDEAU ST btwn CUMBERLAND ST & KING EDWARD AVE,368448.75593,5032374.49022,-75.68658898160,45.42840772860,2017-11-13,12:33:00 PM,01 - Clear,01 - Daylight,01 - Dry,10 - No control,,03 - P.D. only,05 - Turning movement,0
17-10239,KING EDWARD AVE @ MURRAY ST,368293.18291,5032752.68579,-75.68852819130,45.43182473730,2017-11-13,12:41:00 PM,01 - Clear,01 - Daylight,01 - Dry,01 - Traffic signal,01 - Functioning,03 - P.D. only,04 - Sideswipe,0
17-10240,MEADOWLANDS DR/TALLWOOD DR @ WOODROFFE AVE,363056.35515,5022730.49430,-75.75663428200,45.34210237730,2017-11-11,10:40:00 PM,01 - Clear,07 - Dark,01 - Dry,01 - Traffic signal,01 - Functioning,03 - P.D. only,03 - Rear end,0
17-10241,BAYCREST DR btwn CEDARWOOD DR & SANDALWOOD DR,371282.90356,5026751.40911,-75.65113146290,45.37754984610,2017-11-10,12:00:00 AM,01 - Clear,07 - Dark,01 - Dry,10 - No control,,03 - P.D. only,06 - SMV unattended vehicle,0
17-10242,CLYDE AVE btwn CLYDE AVE & STARWOOD RD,364409.57791,5024773.14012,-75.73912209090,45.36036816880,2017-11-13,1:40:00 PM,01 - Clear,01 - Daylight,01 - Dry,10 - No control,,03 - P.D. only,04 - Sideswipe,0
17-10243,WOODROFFE AVE @ KNOXDALE RD/MEDHURST DR,363418.68656,5021827.15590,-75.75211825080,45.33394402450,2017-11-12,2:41:00 PM,01 - Clear,01 - Daylight,01 - Dry,01 - Traffic signal,01 - Functioning,03 - P.D. only,99 - Other,0
17-10244,ALLEN BLVD @ MCARTHUR AVE,370751.03955,5032749.57160,-75.65711943590,45.43156924820,2017-11-13,3:07:00 PM,01 - Clear,01 - Daylight,01 - Dry,01 - Traffic signal,01 - Functioning,03 - P.D. only,04 - Sideswipe,0
17-10245,INNES RD @ STAR TOP RD/WINDMILL LANE,374148.06025,5030664.55381,-75.61400275240,45.41248073890,2017-11-13,3:11:00 PM,01 - Clear,01 - Daylight,01 - Dry,01 - Traffic signal,01 - Functioning,03 - P.D. only,02 - Angle,0
17-10246,KING EDWARD AVE @ LAURIER AVE,368740.18510,5032034.34365,-75.68290914720,45.42532063330,2017-11-13,4:05:00 PM,01 - Clear,01 - Daylight,01 - Dry,01 - Traffic signal,01 - Functioning,03 - P.D. only,04 - Sideswipe,0
17-10247,MARCH RD @ MARCHURST RD,345133.24455,5024452.84829,-75.98518584930,45.35886013300,2017-11-13,4:36:00 PM,01 - Clear,05 - Dusk,01 - Dry,02 - Stop sign,01 - Functioning,03 - P.D. only,03 - Rear end,0
17-10248,PRINCE OF WALES DR btwn CARSONBY RD W & ORMOND RD,366643.48595,5003442.76831,-75.71326598150,45.16824493020,2017-11-13,5:08:00 PM,01 - Clear,07 - Dark,01 - Dry,10 - No control,,02 - Non-fatal injury,01 - Approaching,0
17-10249,HIGHWAY LANE btwn ROCKDALE RD & END,395243.91871,5022930.67879,-75.34594513260,45.34049225080,2017-10-28,8:00:00 PM,01 - Clear,07 - Dark,01 - Dry,10 - No control,,03 - P.D. only,07 - SMV other,0
17-10250,ST. LAURENT BLVD @ COVENTRY RD/OGILVIE RD,372306.44228,5031954.32596,-75.63735201510,45.42426559360,2017-11-12,2:45:00 PM,01 - Clear,01 - Daylight,01 - Dry,01 - Traffic signal,01 - Functioning,03 - P.D. only,04 - Sideswipe,0
17-10251,DEAKIN ST @ PRINCE OF WALES DR,367390.37665,5021522.15001,-75.70148912330,45.33085661410,2017-11-13,5:10:00 PM,01 - Clear,05 - Dusk,01 - Dry,01 - Traffic signal,01 - Functioning,03 - P.D. only,03 - Rear end,0
17-10252,DALHOUSIE ST @ RIDEAU ST,368207.71244,5032228.25010,-75.68968795900,45.42711380570,2017-11-13,9:14:00 PM,01 - Clear,07 - Dark,01 - Dry,01 - Traffic signal,01 - Functioning,03 - P.D. only,06 - SMV unattended vehicle,0
17-10253,JINKINSON RD btwn FERNBANK RD & HAZELDEAN RD,345529.33610,5008089.77746,-75.98147350770,45.21159569870,2017-11-13,9:51:00 PM,01 - Clear,07 - Dark,01 - Dry,10 - No control,,03 - P.D. only,07 - SMV other,0
17-10254,RIDGE RD btwn ANDERSON RD & END,379461.57225,5028530.23113,-75.54644908020,45.39273079760,2017-11-13,10:21:00 PM,01 - Clear,07 - Dark,01 - Dry,10 - No control,,02 - Non-fatal injury,03 - Rear end,0
17-10255,BANK ST @ CATHERINE ST,368040.03985,5030267.57200,-75.69208213680,45.40948745520,2017-11-13,10:44:00 PM,01 - Clear,07 - Dark,01 - Dry,01 - Traffic signal,01 - Functioning,02 - Non-fatal injury,02 - Angle,0
17-10256,MACFARLANE RD btwn BRISBANE RD & GREENSIDE AVE,366939.88870,5021254.80530,-75.70726932950,45.32849112200,2017-11-13,11:14:00 PM,01 - Clear,07 - Dark,01 - Dry,10 - No control,,03 - P.D. only,06 - SMV unattended vehicle,0
17-10257,INDUSTRIAL AVE @ RIVERSIDE DR,370684.38415,5030592.55340,-75.65825969360,45.41216757480,2017-11-14,9:13:00 AM,01 - Clear,01 - Daylight,01 - Dry,01 - Traffic signal,00 - Unknown,03 - P.D. only,04 - Sideswipe,0
17-10258,GEORGE ST btwn DALHOUSIE ST & CUMBERLAND ST,368283.47418,5032391.53398,-75.68869881920,45.42857610420,2017-11-14,9:53:00 AM,01 - Clear,01 - Daylight,01 - Dry,10 - No control,,03 - P.D. only,05 - Turning movement,0
17-10259,MARGRAVE AVE btwn DRUMSO ST & DRUMSO ST,372491.85519,5025456.99777,-75.63587443690,45.36578747790,2017-11-14,10:30:00 AM,01 - Clear,01 - Daylight,01 - Dry,10 - No control,,03 - P.D. only,06 - SMV unattended vehicle,0
17-10260,BELCOURT BLVD @ ST. JOSEPH BLVD,381205.74354,5037358.59660,-75.52280642820,45.47197353520,2017-11-14,10:53:00 AM,01 - Clear,01 - Daylight,01 - Dry,01 - Traffic signal,02 - Not functioning,03 - P.D. only,02 - Angle,0
17-10261,STRANDHERD DR @ 210 W OF WOODROFFE AVE,365924.67755,5015321.47460,-75.72095091070,45.27519267000,2017-11-14,11:29:00 AM,01 - Clear,01 - Daylight,01 - Dry,01 - Traffic signal,01 - Functioning,03 - P.D. only,03 - Rear end,0
17-10262,DES EPINETTES AVE @ JEANNE D'ARC BLVD,382223.86375,5035959.40952,-75.51000748890,45.45927271770,2017-11-14,12:00:00 PM,01 - Clear,01 - Daylight,01 - Dry,01 - Traffic signal,02 - Not functioning,03 - P.D. only,02 - Angle,0
17-10263,LAURIER AVE @ NICHOLAS ST,368372.63366,5031798.26990,-75.68763607310,45.42323002520,2017-11-11,2:40:00 PM,01 - Clear,01 - Daylight,01 - Dry,01 - Traffic signal,01 - Functioning,03 - P.D. only,04 - Sideswipe,0
17-10264,EAGLESON RD @ COPE DR/CADENCE GT,354621.62564,5016027.42720,-75.86493034070,45.28243674800,2017-11-13,6:30:00 PM,01 - Clear,07 - Dark,01 - Dry,01 - Traffic signal,01 - Functioning,03 - P.D. only,02 - Angle,0
17-10265,LAURIER AVE @ NICHOLAS ST,368374.64034,5031798.93880,-75.68761034800,45.42323586140,2017-11-14,1:30:00 PM,01 - Clear,01 - Daylight,01 - Dry,01 - Traffic signal,01 - Functioning,03 - P.D. only,99 - Other,0
17-10266,O'CONNOR ST @ SLATER ST,367580.03935,5031450.57620,-75.69780755470,45.42017317020,2017-11-14,1:41:00 PM,01 - Clear,01 - Daylight,01 - Dry,01 - Traffic signal,01 - Functioning,03 - P.D. only,04 - Sideswipe,0
17-10267,HIGHGATE RD btwn WESTBURY RD & BASELINE RD,362016.43567,5023550.72580,-75.76980793990,45.34956836560,2017-11-14,2:39:00 PM,01 - Clear,01 - Daylight,01 - Dry,10 - No control,,03 - P.D. only,02 - Angle,0
17-10268,ROCHESTER ST @ SOMERSET ST,366483.37734,5030203.90349,-75.71197520090,45.40905351100,2017-11-14,2:39:00 PM,01 - Clear,01 - Daylight,01 - Dry,01 - Traffic signal,01 - Functioning,03 - P.D. only,99 - Other,0
17-10269,BOTTRIELL WAY btwn MARSALA CRES & CANTEVAL TER,383887.17572,5037246.15663,-75.48853555470,45.47066339470,2017-11-07,6:30:00 PM,01 - Clear,07 - Dark,01 - Dry,10 - No control,,03 - P.D. only,06 - SMV unattended vehicle,0
17-10270,RIDEAU ST @ WALLER ST,368283.08235,5032275.92189,-75.68871872850,45.42753590300,2017-11-14,3:10:00 PM,01 - Clear,01 - Daylight,01 - Dry,01 - Traffic signal,01 - Functioning,03 - P.D. only,04 - Sideswipe,0
17-10271,CYRVILLE RD @ INNES RD,375048.05915,5031119.56420,-75.60244083770,45.41648491420,2017-11-14,3:32:00 PM,01 - Clear,01 - Daylight,01 - Dry,01 - Traffic signal,01 - Functioning,03 - P.D. only,03 - Rear end,0
17-10272,PRINCE OF WALES DR btwn FOREST HILL AVE & BASELINE RD/HERON RD,366845.94730,5026338.86675,-75.70782970280,45.37424484970,2017-11-14,3:41:00 PM,01 - Clear,01 - Daylight,01 - Dry,10 - No control,,03 - P.D. only,02 - Angle,0
17-10273,INNES RD @ STAR TOP RD/WINDMILL LANE,374146.72246,5030664.55381,-75.61401984220,45.41248087150,2017-11-14,3:47:00 PM,01 - Clear,01 - Daylight,01 - Dry,01 - Traffic signal,01 - Functioning,03 - P.D. only,03 - Rear end,0
17-10274,DIAMONDVIEW RD btwn BAIRD SIDE RD & THOMAS A. DOLAN PKWY,333615.19284,5027191.33952,-76.13203902650,45.38407033290,2017-11-14,3:53:00 PM,01 - Clear,01 - Daylight,01 - Dry,10 - No control,,02 - Non-fatal injury,07 - SMV other,0
17-10275,INNES RD btwn PAGE RD & 473 E OF PAGE RD/BUILDERS' WAREHOUSE SC,380932.07569,5034570.10562,-75.52673776880,45.44691481580,2017-11-14,4:12:00 PM,01 - Clear,01 - Daylight,01 - Dry,10 - No control,,03 - P.D. only,03 - Rear end,0
17-10276,BRUYERE ST @ SUSSEX DR,367538.32065,5032669.09490,-75.69818536850,45.43114074210,2017-11-14,4:12:00 PM,01 - Clear,01 - Daylight,01 - Dry,01 - Traffic signal,00 - Unknown,03 - P.D. only,04 - Sideswipe,0
17-10277,BLACKBURN BYPASS @ NAVAN RD,379617.41265,5033275.90009,-75.54373861210,45.43541245220,2017-11-14,4:31:00 PM,01 - Clear,05 - Dusk,01 - Dry,01 - Traffic signal,01 - Functioning,02 - Non-fatal injury,99 - Other,0
17-10278,MCARTHUR AVE btwn LAFONTAINE AVE & EASTWOOD PL,370999.58441,5032776.47280,-75.65393966540,45.43178781040,2017-11-14,4:49:00 PM,01 - Clear,05 - Dusk,01 - Dry,10 - No control,,02 - Non-fatal injury,05 - Turning movement,0
17-10279,STRANDHERD DR btwn CLARIDGE DR & BEATRICE DR,365159.16556,5015409.27969,-75.73069598540,45.27604886840,2017-11-14,5:00:00 PM,01 - Clear,05 - Dusk,01 - Dry,10 - No control,,02 - Non-fatal injury,03 - Rear end,0
17-10280,REGIONAL ROAD 174 EB btwn HWY417 IC113 RAMP65 & OR174 BLAIR IC112 RAMP51,374800.28314,5032818.99975,-75.60536478410,45.43180034410,2017-11-14,4:58:00 PM,01 - Clear,05 - Dusk,01 - Dry,10 - No control,,03 - P.D. only,03 - Rear end,0
17-10281,ARLINGTON AVE @ BANK ST,368006.36935,5030344.90060,-75.69250233360,45.41018627500,2017-11-14,5:11:00 PM,01 - Clear,07 - Dark,01 - Dry,02 - Stop sign,01 - Functioning,02 - Non-fatal injury,07 - SMV other,1
17-10282,CARLING AVE @ MAITLAND AVE/SHERBOURNE RD,362943.03235,5026488.52710,-75.75763811850,45.37592618990,2017-11-14,5:21:00 PM,01 - Clear,07 - Dark,01 - Dry,01 - Traffic signal,00 - Unknown,03 - P.D. only,03 - Rear end,0
17-10283,BRONSON AVE @ KIPPEWA DR,367557.05125,5029076.22580,-75.69840352970,45.39881154990,2017-11-14,5:42:00 PM,01 - Clear,07 - Dark,01 - Dry,02 - Stop sign,00 - Unknown,03 - P.D. only,03 - Rear end,0
17-10284,CARLING AVE @ CONNAUGHT AVE,360771.01065,5025118.85259,-75.78552315910,45.36377880960,2017-11-14,5:50:00 PM,01 - Clear,07 - Dark,01 - Dry,01 - Traffic signal,00 - Unknown,03 - P.D. only,03 - Rear end,0
17-10285,AVENUE U btwn TREMBLAY RD & END,372130.88045,5031320.90116,-75.63968178910,45.41858324690,2017-11-14,6:05:00 PM,01 - Clear,07 - Dark,02 - Wet,10 - No control,,03 - P.D. only,06 - SMV unattended vehicle,0
17-10286,BRONSON AVE @ CARLING AVE/GLEBE AVE,367448.04145,5029336.23090,-75.69976274930,45.40116076410,2017-11-14,6:16:00 PM,01 - Clear,07 - Dark,01 - Dry,01 - Traffic signal,01 - Functioning,03 - P.D. only,04 - Sideswipe,0
17-10287,BOUNDARY RD btwn MITCH OWENS RD & DEVINE RD,388205.25799,5021817.42192,-75.43592909750,45.33134822350,2017-11-14,6:31:00 PM,01 - Clear,07 - Dark,01 - Dry,10 - No control,,03 - P.D. only,07 - SMV other,0
17-10288,INNES RD btwn FRANK KENNY RD & O'TOOLE RD,387942.07517,5037762.08431,-75.43659796290,45.47483421700,2017-11-14,7:13:00 PM,01 - Clear,07 - Dark,01 - Dry,10 - No control,,02 - Non-fatal injury,03 - Rear end,0
17-10289,ALBERT ST btwn METCALFE ST & ELGIN ST,367733.63962,5031640.41392,-75.69582082240,45.42186746740,2017-11-14,10:17:00 PM,01 - Clear,07 - Dark,01 - Dry,10 - No control,,02 - Non-fatal injury,03 - Rear end,0
17-10290,TENTH LINE RD @ OR174 IC101 RAMP26,382762.79624,5038939.72300,-75.50264449740,45.48602700740,2017-11-14,8:16:00 PM,01 - Clear,07 - Dark,01 - Dry,10 - No control,,03 - P.D. only,03 - Rear end,0
17-10291,CLYDE AVE btwn MAITLAND AVE & BASELINE RD,364292.52605,5025044.34300,-75.74058340380,45.36281835790,2017-11-14,9:25:00 PM,01 - Clear,07 - Dark,01 - Dry,10 - No control,,03 - P.D. only,03 - Rear end,0
17-10292,ORMROD RD btwn WORLEY ST & FLEWELLYN RD,341887.18512,5002303.15754,-76.02827046500,45.15972516500,2017-11-15,3:43:00 AM,01 - Clear,07 - Dark,01 - Dry,10 - No control,,02 - Non-fatal injury,07 - SMV other,0
17-10293,MARCH RD btwn SOLANDT RD & STATION RD,350598.16104,5022586.15780,-75.91560788840,45.34172758400,2017-11-15,6:28:00 AM,01 - Clear,03 - Dawn,01 - Dry,10 - No control,,03 - P.D. only,07 - SMV other,0
17-10294,CUMBERLAND ST @ RIDEAU ST,368374.84545,5032329.30510,-75.68753927060,45.42800789130,2017-11-15,6:36:00 AM,01 - Clear,03 - Dawn,01 - Dry,01 - Traffic signal,01 - Functioning,03 - P.D. only,02 - Angle,0
17-10295,LEBRUN ST btwn MICHEL CIRC & DES PERES BLANCS AVE,370205.88558,5034042.65196,-75.66391415810,45.44325503360,2017-11-15,7:30:00 AM,01 - Clear,01 - Daylight,01 - Dry,10 - No control,,03 - P.D. only,06 - SMV unattended vehicle,0
17-10296,MAXIME ST @ CYRVILLE RD,374825.51994,5031174.62252,-75.60527604820,45.41700260610,2017-11-15,7:47:00 AM,01 - Clear,01 - Daylight,01 - Dry,02 - Stop sign,00 - Unknown,03 - P.D. only,02 - Angle,0
17-10297,PRINCE OF WALES DR @ STRANDHERD DR,367174.78030,5014824.19100,-75.70508203960,45.27060836500,2017-11-15,7:50:00 AM,01 - Clear,01 - Daylight,01 - Dry,01 - Traffic signal,01 - Functioning,03 - P.D. only,03 - Rear end,0
17-10298,CHARDONNAY DR btwn ESPRIT DR & MELANSON CRES,384910.63467,5036098.53572,-75.47563543040,45.46022154740,2017-11-15,12:00:00 AM,01 - Clear,00 - Unknown,01 - Dry,10 - No control,,03 - P.D. only,06 - SMV unattended vehicle,0
17-10299,COLONEL BY DR @ HAWTHORNE AVE/PRETORIA BRIDGE,368767.37575,5030526.90469,-75.68275741010,45.41175474340,2017-11-15,8:22:00 AM,01 - Clear,01 - Daylight,01 - Dry,01 - Traffic signal,01 - Functioning,03 - P.D. only,05 - Turning movement,0
17-10300,TENTH LINE RD @ CHARLEMAGNE BLVD S/DES EPINETT,383640.97510,5036900.45590,-75.49173924100,45.46758093120,2017-11-15,8:25:00 AM,01 - Clear,01 - Daylight,01 - Dry,01 - Traffic signal,01 - Functioning,02 - Non-fatal injury,05 - Turning movement,0
17-10301,LEES AVE / GRAHAM AVE @ MAIN ST,369001.66150,5030559.84047,-75.67976021090,45.41202963410,2017-11-15,8:31:00 AM,01 - Clear,01 - Daylight,01 - Dry,01 - Traffic signal,01 - Functioning,03 - P.D. only,02 - Angle,0
17-10302,CASTLEFRANK RD @ HAZELDEAN RD,352678.88144,5017678.10679,-75.88953348390,45.29742499190,2017-11-15,8:37:00 AM,01 - Clear,01 - Daylight,01 - Dry,01 - Traffic signal,01 - Functioning,02 - Non-fatal injury,03 - Rear end,0
17-10303,CENTREPOINTE DR @ REC PATH BEN FRANKLIN PL,362420.67271,5023032.02756,-75.76470995230,45.34486805780,2017-11-15,9:22:00 AM,01 - Clear,01 - Daylight,01 - Dry,01 - Traffic signal,01 - Functioning,02 - Non-fatal injury,07 - SMV other,1
17-10304,O'CONNOR ST btwn WELLINGTON ST & SPARKS ST,367420.72261,5031709.87347,-75.69981011870,45.42252052260,2017-11-15,9:37:00 AM,01 - Clear,01 - Daylight,01 - Dry,10 - No control,,03 - P.D. only,04 - Sideswipe,0
17-10305,WEST HUNT CLUB RD @ ANTARES DR/LASER ST,367108.04575,5022079.49501,-75.70502051170,45.33589663390,2017-11-15,9:48:00 AM,01 - Clear,01 - Daylight,01 - Dry,01 - Traffic signal,01 - Functioning,03 - P.D. only,03 - Rear end,0
17-10306,ST. JOSEPH BLVD @ DUFORD DR/PLACE D'ORLEANS DR,381994.89932,5037997.79781,-75.51261456110,45.47763773210,2017-11-15,8:20:00 AM,01 - Clear,01 - Daylight,01 - Dry,01 - Traffic signal,01 - Functioning,02 - Non-fatal injury,03 - Rear end,0
17-10307,REGIONAL RD 174 @ TRIM RD,384351.34380,5039992.37871,-75.48215527160,45.49531854970,2017-11-15,10:36:00 AM,01 - Clear,01 - Daylight,01 - Dry,01 - Traffic signal,01 - Functioning,03 - P.D. only,03 - Rear end,0
17-10308,HERON RD WB btwn HERON RD WB OFF RAMP/VINCENT MASSEY PARK & RIVERSIDE,368018.11518,5026636.75893,-75.69282742020,45.37682043550,2017-11-15,10:52:00 AM,01 - Clear,01 - Daylight,01 - Dry,10 - No control,,03 - P.D. only,07 - SMV other,0
17-10309,CHARDONNAY DR btwn PELICAN ST & SCALA AVE,385236.66823,5036250.99437,-75.47144221290,45.46155576500,2017-11-15,11:08:00 AM,01 - Clear,01 - Daylight,01 - Dry,10 - No control,,03 - P.D. only,06 - SMV unattended vehicle,0
17-10310,NELSON ST @ RIDEAU ST,368650.64665,5032497.61321,-75.68399318150,45.42949714250,2017-11-15,11:24:00 AM,01 - Clear,01 - Daylight,01 - Dry,01 - Traffic signal,01 - Functioning,03 - P.D. only,04 - Sideswipe,0
17-10311,RIVERSIDE DR @ TREMBLAY RD/HWY417 IC117 RAMP52,370801.07476,5031016.57680,-75.65671223060,45.41597176990,2017-11-15,11:31:00 AM,01 - Clear,01 - Daylight,01 - Dry,01 - Traffic signal,01 - Functioning,02 - Non-fatal injury,03 - Rear end,0
17-10312,KANATA RD @ LORD BYNG WAY/MARITIME WAY,351431.64624,5019332.64679,-75.90527948700,45.31239685760,2017-11-15,11:53:00 AM,01 - Clear,01 - Daylight,01 - Dry,01 - Traffic signal,01 - Functioning,03 - P.D. only,04 - Sideswipe,0
17-10313,GILCHRIST ST @ WELLINGTON ST,364424.03445,5028993.22780,-75.73842796870,45.39833857230,2017-11-15,12:16:00 PM,01 - Clear,01 - Daylight,01 - Dry,02 - Stop sign,00 - Unknown,03 - P.D. only,03 - Rear end,0
17-10314,REGIONAL RD 174 @ TRIM RD,384352.85664,5039990.34070,-75.48213624910,45.49530004130,2017-11-15,7:45:00 AM,01 - Clear,01 - Daylight,01 - Dry,01 - Traffic signal,01 - Functioning,03 - P.D. only,04 - Sideswipe,0
17-10315,BRONSON AVE @ JAMES ST,367068.37294,5030240.23171,-75.70449782820,45.40932857950,2017-11-15,12:27:00 PM,01 - Clear,01 - Daylight,01 - Dry,02 - Stop sign,01 - Functioning,03 - P.D. only,02 - Angle,0
17-10316,LANTHIER DR @ VANTAGE DR,383601.23477,5035848.79749,-75.49241595850,45.45812354000,2017-11-15,12:56:00 PM,01 - Clear,01 - Daylight,01 - Dry,02 - Stop sign,01 - Functioning,03 - P.D. only,03 - Rear end,0
17-10317,RIDEAU RD btwn BOWESVILLE RD & ALBION RD,374696.23074,5016364.22858,-75.60902118370,45.28375783750,2017-11-14,3:00:00 PM,01 - Clear,01 - Daylight,01 - Dry,10 - No control,,03 - P.D. only,07 - SMV other,0
17-10318,CYRVILLE RD @ INNES RD,375047.39025,5031118.22641,-75.60244957390,45.41647294460,2017-11-15,1:10:00 PM,01 - Clear,01 - Daylight,01 - Dry,01 - Traffic signal,01 - Functioning,03 - P.D. only,04 - Sideswipe,0
17-10319,AIRPORT PKWY @ HUNT CLUB RD,371018.86245,5023702.99820,-75.65491093020,45.35014625640,2017-11-15,1:28:00 PM,01 - Clear,01 - Daylight,01 - Dry,01 - Traffic signal,01 - Functioning,02 - Non-fatal injury,03 - Rear end,0