COLLISION_ID,LOCATION,X,Y,LONGITUDE,LATITUDE,DATE,TIME,ENVIRONMENT,LIGHT,SURFACE_CONDITION,TRAFFIC_CONTROL,TRAFFIC_CONTROL_CONDITION,COLLISION_CLASSIFICATION,IMPACT_TYPE,NO_OF_PEDESTRIANS
17-10320,SLATER ST btwn LYON ST N & KENT ST,367240.06085,5031241.32193,-75.70217783410,45.41832079040,2017-11-14,4:30:00 PM,01 - Clear,05 - Dusk,01 - Dry,10 - No control,,02 - Non-fatal injury,07 - SMV other,1
17-10321,CENTREPOINTE DR @ CONSTELLATION CRES S,362377.36045,5023120.74600,-75.76525228210,45.34566989710,2017-11-15,1:57:00 PM,01 - Clear,01 - Daylight,01 - Dry,02 - Stop sign,01 - Functioning,02 - Non-fatal injury,07 - SMV other,1
17-10322,KENT ST @ LAURIER AVE,367316.36455,5031163.91970,-75.70121278600,45.41761753570,2017-11-15,2:51:00 PM,01 - Clear,01 - Daylight,01 - Dry,01 - Traffic signal,01 - Functioning,02 - Non-fatal injury,07 - SMV other,1
17-10323,TERRY FOX DR @ EDGEWATER ST/WALTER BAKER PL,351777.27375,5017613.45030,-75.90103467200,45.29690405840,2017-11-15,3:02:00 PM,01 - Clear,01 - Daylight,01 - Dry,01 - Traffic signal,00 - Unknown,02 - Non-fatal injury,03 - Rear end,0
17-10324,CHAPMAN MILLS DR @ LONGFIELDS DR,364841.82600,5014582.92110,-75.73484018070,45.26864047110,2017-11-15,3:35:00 PM,01 - Clear,01 - Daylight,01 - Dry,02 - Stop sign,01 - Functioning,03 - P.D. only,02 - Angle,0
17-10325,AVENUE RD/ECHO DR @ RIVERDALE AVE,369113.05624,5029041.77400,-75.67853518320,45.39836036190,2017-11-15,3:53:00 PM,01 - Clear,01 - Daylight,01 - Dry,02 - Stop sign,01 - Functioning,02 - Non-fatal injury,07 - SMV other,1
17-10326,RICHMOND RD btwn FRASER AVE & BROADVIEW AVE,362534.66511,5027734.27263,-75.76270597410,45.38716902130,2017-11-15,3:58:00 PM,01 - Clear,01 - Daylight,01 - Dry,10 - No control,,03 - P.D. only,04 - Sideswipe,0
17-10327,COVENTRY RD @ VANIER PKWY,370677.38824,5031611.70300,-75.65821282060,45.42133812790,2017-11-15,10:55:00 AM,01 - Clear,01 - Daylight,01 - Dry,01 - Traffic signal,01 - Functioning,03 - P.D. only,03 - Rear end,0
17-10328,CARLING AVE @ RICHARDSON SIDE RD,351835.10993,5022273.47173,-75.89985480080,45.33883212950,2017-11-15,4:00:00 PM,01 - Clear,01 - Daylight,01 - Dry,02 - Stop sign,00 - Unknown,03 - P.D. only,03 - Rear end,0
17-10329,BELFAST RD @ COVENTRY RD,371523.38665,5031643.57129,-75.64739945620,45.42154468950,2017-11-15,5:07:00 PM,01 - Clear,07 - Dark,01 - Dry,01 - Traffic signal,01 - Functioning,03 - P.D. only,03 - Rear end,0
17-10330,BANK ST @ CATHERINE ST,368039.37095,5030268.24090,-75.69209059560,45.40949353420,2017-11-15,5:19:00 PM,01 - Clear,07 - Dark,01 - Dry,01 - Traffic signal,01 - Functioning,02 - Non-fatal injury,07 - SMV other,1
17-10331,DUNROBIN RD btwn DUNROBIN RD & MURPHY SIDE RD,344585.50130,5028891.85363,-75.99181929010,45.39883480950,2017-11-15,5:30:00 PM,01 - Clear,07 - Dark,01 - Dry,10 - No control,,03 - P.D. only,07 - SMV other,0
17-10332,ALCIDE AVE @ ROCKDALE RD,394763.19955,5024415.45700,-75.35180774910,45.35391241080,2017-11-15,5:51:00 PM,01 - Clear,07 - Dark,01 - Dry,02 - Stop sign,01 - Functioning,03 - P.D. only,02 - Angle,0
17-10333,ST. LAURENT BLVD @ WALKLEY RD,373903.08455,5028047.52400,-75.61749888720,45.38895818740,2017-11-13,5:35:00 PM,01 - Clear,07 - Dark,01 - Dry,01 - Traffic signal,01 - Functioning,03 - P.D. only,05 - Turning movement,0
17-10334,MEADOWLANDS DR btwn PRINCE OF WALES DR & DEBRA AVE,367356.12721,5025684.52487,-75.70139949290,45.36831187700,2017-11-15,6:29:00 PM,01 - Clear,07 - Dark,02 - Wet,10 - No control,,03 - P.D. only,06 - SMV unattended vehicle,0
17-10335,CATHERINE ST/HWY 417 O'CONN IC119BR76 @ O'CONN,368242.03876,5030392.56410,-75.68948568980,45.41059381200,2017-11-15,6:33:00 PM,01 - Clear,07 - Dark,01 - Dry,01 - Traffic signal,01 - Functioning,03 - P.D. only,04 - Sideswipe,0
17-10336,FALLOWFIELD RD @ MERIVALE RD,366892.04705,5018845.80699,-75.70818156310,45.30681952060,2017-11-15,6:46:00 PM,01 - Clear,07 - Dark,01 - Dry,01 - Traffic signal,01 - Functioning,03 - P.D. only,03 - Rear end,0
17-10337,CONROY RD @ HUNT CLUB RD,373763.40555,5025405.19170,-75.61965150200,45.36519739790,2017-11-15,5:12:00 PM,01 - Clear,07 - Dark,01 - Dry,01 - Traffic signal,01 - Functioning,03 - P.D. only,03 - Rear end,0
17-10338,SMYTH RD btwn GENERAL HOSPITAL & HIGHLAND TER,371440.12887,5029172.85635,-75.64879722660,45.39932216600,2017-11-15,5:00:00 PM,02 - Rain,05 - Dusk,02 - Wet,10 - No control,,03 - P.D. only,04 - Sideswipe,0
17-10339,HWY 417 INNES IC112R57 @ INNES RD,374298.52670,5030754.58735,-75.61206791660,45.41327588860,2017-11-15,8:46:00 PM,01 - Clear,07 - Dark,01 - Dry,01 - Traffic signal,01 - Functioning,03 - P.D. only,02 - Angle,0
17-10340,RICHMOND RD btwn WEST HUNT CLUB RD & STONEHAVEN DR,357115.21252,5018009.98738,-75.83293793490,45.30009497840,2017-11-15,9:00:00 PM,01 - Clear,07 - Dark,01 - Dry,10 - No control,,03 - P.D. only,07 - SMV other,0
17-10341,RAMSAYVILLE RD btwn LEITRIM RD & EIGHTH LINE RD,379364.40067,5022302.58571,-75.54862969270,45.33670850070,2017-11-15,9:46:00 PM,01 - Clear,07 - Dark,01 - Dry,10 - No control,,03 - P.D. only,03 - Rear end,0
17-10342,HUNT CLUB RD @ PAUL ANKA DR,369777.39075,5022896.82150,-75.67085889270,45.34300861460,2017-11-16,6:00:00 AM,01 - Clear,07 - Dark,02 - Wet,01 - Traffic signal,01 - Functioning,03 - P.D. only,05 - Turning movement,0
17-10343,CARP RD @ STITTSVILLE MAIN ST,349523.78276,5014331.54109,-75.93006123080,45.26751940420,2017-11-16,6:55:00 AM,02 - Rain,03 - Dawn,02 - Wet,01 - Traffic signal,01 - Functioning,02 - Non-fatal injury,07 - SMV other,1
17-10344,MOODIE DR btwn WEST HUNT CLUB RD & ALTI PL,359065.61267,5015675.77077,-75.80832585180,45.27894349050,2017-11-16,7:10:00 AM,02 - Rain,03 - Dawn,02 - Wet,10 - No control,,03 - P.D. only,02 - Angle,0
17-10345,SECOND LINE RD btwn MURPHY SIDE RD & ROYCROFT WAY,344049.18841,5027452.28034,-75.99878387120,45.38591142550,2017-11-16,7:46:00 AM,01 - Clear,01 - Daylight,01 - Dry,10 - No control,,03 - P.D. only,07 - SMV other,0
17-10346,MOODIE DR btwn ROBERTSON RD & HADLEY CIRC,357118.65622,5020340.00602,-75.83264802140,45.32106051740,2017-11-16,8:30:00 AM,02 - Rain,01 - Daylight,02 - Wet,10 - No control,,03 - P.D. only,02 - Angle,0
17-10347,INDUSTRIAL AVE @ RIVERSIDE DR,370683.71526,5030593.22230,-75.65826814920,45.41217365630,2017-11-15,3:00:00 PM,01 - Clear,01 - Daylight,01 - Dry,01 - Traffic signal,01 - Functioning,03 - P.D. only,03 - Rear end,0
17-10348,BRONSON AVE btwn FIRST AVE & SECOND AVE,367498.73750,5029211.14434,-75.69913114730,45.40003073250,2017-11-16,9:09:00 AM,02 - Rain,01 - Daylight,02 - Wet,10 - No control,,03 - P.D. only,03 - Rear end,0
17-10349,IMPERIAL AVE btwn BRONSON AVE & CHAMBERLAIN AVE,367341.11133,5029655.59183,-75.70108799130,45.40404384260,2017-11-16,9:11:00 AM,02 - Rain,01 - Daylight,02 - Wet,10 - No control,,03 - P.D. only,03 - Rear end,0
17-10350,CYRVILLE RD @ INNES RD,375046.72136,5031120.23310,-75.60245783330,45.41649106690,2017-11-16,10:27:00 AM,02 - Rain,01 - Daylight,02 - Wet,01 - Traffic signal,01 - Functioning,03 - P.D. only,04 - Sideswipe,0
17-10351,MONTREAL RD btwn MONTREAL SQUARE SC & CENTER ST,371793.28001,5033938.87867,-75.64363881780,45.44217100850,2017-11-16,12:22:00 PM,02 - Rain,01 - Daylight,02 - Wet,10 - No control,,03 - P.D. only,04 - Sideswipe,0
17-10352,CATHERINE ST @ ELGIN ST,368553.71294,5030578.24080,-75.68548023410,45.41223614570,2017-11-16,12:41:00 PM,01 - Clear,01 - Daylight,01 - Dry,01 - Traffic signal,01 - Functioning,03 - P.D. only,07 - SMV other,0
17-10353,CARLING AVE btwn DAVIDSON'S SIDE RD & GRANDVIEW RD,354506.68827,5023697.96286,-75.86562564820,45.35146569120,2017-11-16,12:45:00 PM,02 - Rain,01 - Daylight,02 - Wet,10 - No control,,03 - P.D. only,07 - SMV other,0
17-10354,MONTREAL RD @ BATHGATE DR/BURMA RD,373224.38795,5034516.59220,-75.62526704940,45.44723036260,2017-11-16,1:22:00 PM,02 - Rain,01 - Daylight,02 - Wet,01 - Traffic signal,01 - Functioning,03 - P.D. only,03 - Rear end,0
17-10355,MEADOWGLEN DR btwn ASPENVIEW WAY & TEAKDALE AVE,380940.07985,5034974.96071,-75.52657280030,45.45055651250,2017-11-16,1:34:00 PM,01 - Clear,01 - Daylight,02 - Wet,10 - No control,,03 - P.D. only,99 - Other,0
17-10356,MONTREAL RD @ SHEFFORD RD,376124.72716,5034854.24360,-75.58814497680,45.44997839790,2017-11-16,1:43:00 PM,02 - Rain,01 - Daylight,02 - Wet,01 - Traffic signal,01 - Functioning,03 - P.D. only,04 - Sideswipe,0
17-10357,CENTER ST @ MONTREAL RD,371820.70476,5033952.25660,-75.64328646980,45.44228874780,2017-11-15,6:45:00 PM,01 - Clear,07 - Dark,01 - Dry,02 - Stop sign,00 - Unknown,03 - P.D. only,04 - Sideswipe,0
17-10358,LONGFIELDS DR btwn DEERCROFT AVE & STRANDHERD DR,364535.17538,5015197.45806,-75.73867379220,45.27419618810,2017-10-10,8:10:00 PM,01 - Clear,07 - Dark,01 - Dry,10 - No control,,02 - Non-fatal injury,03 - Rear end,0
17-10359,MERIVALE RD/LOTTA AVE @ CLYDE AVE,364522.26875,5024507.74108,-75.73771585980,45.35797055490,2017-11-16,3:01:00 PM,01 - Clear,01 - Daylight,01 - Dry,01 - Traffic signal,01 - Functioning,03 - P.D. only,02 - Angle,0
17-10360,POWELL AVE btwn LYON ST S & BANK ST,368129.44975,5029924.67355,-75.69098404940,45.40639407960,2017-11-16,10:00:00 AM,02 - Rain,01 - Daylight,02 - Wet,10 - No control,,03 - P.D. only,06 - SMV unattended vehicle,0
17-10361,OGILVIE RD btwn CADBORO RD & BATHGATE DR,373724.70872,5032740.37583,-75.61912046860,45.43119975900,2017-11-16,4:45:00 PM,02 - Rain,05 - Dusk,02 - Wet,10 - No control,,02 - Non-fatal injury,03 - Rear end,0
17-10362,COLONNADE RD @ MERIVALE RD,365363.36055,5022543.82750,-75.72722180460,45.34022739830,2017-11-16,3:26:00 PM,02 - Rain,01 - Daylight,02 - Wet,01 - Traffic signal,01 - Functioning,03 - P.D. only,03 - Rear end,0
17-10363,PINECREST RD btwn DUMAURIER AVE & QUEENSVIEW DR,360334.30512,5023815.61302,-75.79124374570,45.35208703220,2017-11-16,2:00:00 PM,01 - Clear,01 - Daylight,01 - Dry,10 - No control,,03 - P.D. only,04 - Sideswipe,0
17-10364,CAMPEAU DR/HWY 417 MARCH IC138R63 @ MARCH RD,352841.77213,5020476.08991,-75.88718545150,45.32259074120,2017-11-16,4:00:00 PM,02 - Rain,05 - Dusk,02 - Wet,01 - Traffic signal,01 - Functioning,02 - Non-fatal injury,03 - Rear end,0
17-10365,REGIONAL ROAD 174 btwn HWY417 IC113 RAMP67 & Continuation of REGIONAL,373934.40713,5032186.55456,-75.61651852310,45.42619606760,2017-11-16,4:16:00 PM,02 - Rain,05 - Dusk,02 - Wet,10 - No control,,02 - Non-fatal injury,03 - Rear end,0
17-10366,CYRVILLE RD btwn STAR TOP RD & MEADOWBROOK RD,374512.11884,5031282.36327,-75.60926467930,45.41800329630,2017-11-16,4:19:00 PM,02 - Rain,05 - Dusk,02 - Wet,10 - No control,,03 - P.D. only,02 - Angle,0
17-10367,MAITLAND AVE/HWY 417 MAITLAND IC126R53 @ HWY 4,363229.25828,5025774.90837,-75.75406835690,45.36948133040,2017-11-16,4:24:00 PM,02 - Rain,05 - Dusk,02 - Wet,01 - Traffic signal,01 - Functioning,02 - Non-fatal injury,05 - Turning movement,0
17-10368,CUMBERLAND ST @ WILBROD ST/SERAPHIN MARION PRI,368536.38394,5032049.91520,-75.68551124020,45.42547933970,2017-11-16,4:25:00 PM,01 - Clear,05 - Dusk,01 - Dry,02 - Stop sign,01 - Functioning,02 - Non-fatal injury,07 - SMV other,1
17-10369,PARKDALE AVE btwn HWY417 IC122 RAMP51 & SHERWOOD DR,365348.40389,5028820.80554,-75.72664332550,45.39670782600,2017-11-16,5:01:00 PM,02 - Rain,07 - Dark,02 - Wet,10 - No control,,02 - Non-fatal injury,03 - Rear end,0
17-10370,INNES RD @ STONEHENGE CRES E,375364.07695,5031313.55300,-75.59837580240,45.41819852060,2017-11-16,5:12:00 PM,02 - Rain,07 - Dark,02 - Wet,01 - Traffic signal,01 - Functioning,03 - P.D. only,03 - Rear end,0
17-10371,COLONNADE RD @ COLONNADE RD E,367230.29666,5023196.01000,-75.70331999090,45.34593196340,2017-11-16,5:23:00 PM,02 - Rain,07 - Dark,02 - Wet,01 - Traffic signal,01 - Functioning,03 - P.D. only,03 - Rear end,0
17-10372,GRASSY PLAINS DR @ STONEHAVEN DR,356204.97225,5015965.10000,-75.84475539130,45.28176191450,2017-11-16,5:31:00 PM,01 - Clear,07 - Dark,02 - Wet,01 - Traffic signal,01 - Functioning,02 - Non-fatal injury,07 - SMV other,1
17-10373,BANK ST @ DALMENY RD/MARVELVILLE RD,385829.36621,5004376.21337,-75.46907866460,45.17470169250,2017-11-16,5:37:00 PM,02 - Rain,07 - Dark,02 - Wet,02 - Stop sign,01 - Functioning,02 - Non-fatal injury,02 - Angle,0
17-10374,MERIVALE RD @ WOODFIELD DR/ROYDON PL,365464.22961,5022299.51790,-75.72596480500,45.33802041800,2017-11-16,5:38:00 PM,02 - Rain,07 - Dark,02 - Wet,01 - Traffic signal,01 - Functioning,03 - P.D. only,05 - Turning movement,0
17-10375,JEANNE D'ARC BLVD @ ORLEANS BLVD N,380028.39335,5038104.26091,-75.53774784700,45.47881024480,2017-11-16,5:35:00 PM,01 - Clear,07 - Dark,01 - Dry,01 - Traffic signal,01 - Functioning,03 - P.D. only,05 - Turning movement,0
17-10376,KENNEVALE DR btwn STRANDHERD DR & COBBLE HILL DR,361585.38920,5014143.50629,-75.77638631500,45.26495704910,2017-11-16,5:48:00 PM,02 - Rain,07 - Dark,02 - Wet,10 - No control,,02 - Non-fatal injury,07 - SMV other,1
17-10377,HOLLAND AVE @ SPENCER ST,364833.03565,5029371.21781,-75.73315829660,45.40170469570,2017-11-16,5:55:00 PM,02 - Rain,07 - Dark,02 - Wet,01 - Traffic signal,01 - Functioning,02 - Non-fatal injury,07 - SMV other,1
17-10378,WOODCLIFFE PRIV @ JEANNE D'ARC BLVD,380109.60847,5036227.36504,-75.53699680710,45.46191466570,2017-11-16,5:57:00 PM,02 - Rain,07 - Dark,02 - Wet,02 - Stop sign,00 - Unknown,03 - P.D. only,03 - Rear end,0
17-10379,CEDARVIEW RD @ WEST HUNT CLUB RD,359718.34295,5019554.47770,-75.79957716920,45.31379373700,2017-11-16,6:07:00 PM,02 - Rain,07 - Dark,02 - Wet,01 - Traffic signal,01 - Functioning,03 - P.D. only,05 - Turning movement,0
17-10380,STITTSVILLE MAIN ST/HUNTLEY RD @ FLEWELLYN RD,351422.49222,5010734.52774,-75.90620363400,45.23502893800,2017-11-16,6:06:00 PM,02 - Rain,07 - Dark,02 - Wet,02 - Stop sign,01 - Functioning,03 - P.D. only,02 - Angle,0
17-10381,JEANNE D'ARC BLVD @ VORLAGE DR W/VOYAGEUR WAY,379266.29696,5037739.89990,-75.54754975100,45.47561370330,2017-11-16,7:41:00 PM,02 - Rain,07 - Dark,02 - Wet,01 - Traffic signal,01 - Functioning,03 - P.D. only,05 - Turning movement,0
17-10382,FALLOWFIELD RD @ GREENBANK RD,363082.34794,5016733.12420,-75.75700818970,45.28813606780,2017-11-16,6:20:00 PM,02 - Rain,07 - Dark,02 - Wet,01 - Traffic signal,01 - Functioning,03 - P.D. only,05 - Turning movement,0
17-10383,INNES RD @ ORLEANS BLVD,380461.12955,5034297.07190,-75.53279939910,45.44450940340,2017-11-16,6:28:00 PM,02 - Rain,07 - Dark,02 - Wet,01 - Traffic signal,01 - Functioning,03 - P.D. only,05 - Turning movement,0
17-10384,SOMERSET ST    W btwn PRESTON ST & ROCHESTER ST,366328.09994,5030135.59526,-75.71396725640,45.40845256010,2017-11-16,6:33:00 PM,01 - Clear,07 - Dark,02 - Wet,10 - No control,,02 - Non-fatal injury,04 - Sideswipe,0
17-10385,WEST HUNT CLUB RD @ WOODROFFE AVE,363669.01876,5021246.48900,-75.74899374100,45.32869826910,2017-11-16,7:10:00 PM,02 - Rain,07 - Dark,02 - Wet,01 - Traffic signal,00 - Unknown,03 - P.D. only,03 - Rear end,0
17-10386,PAUL METIVIER DR btwn LEAMINGTON WAY & LONGFIELDS DR,365065.45200,5014199.86900,-75.73203707600,45.26517464370,2017-11-16,7:24:00 PM,02 - Rain,07 - Dark,02 - Wet,10 - No control,,03 - P.D. only,06 - SMV unattended vehicle,0
17-10387,ST. JOSEPH BLVD btwn ORLEANS BLVD & COUSINEAU ST,380663.97942,5037001.49759,-75.52978946290,45.46881970970,2017-11-16,7:48:00 PM,01 - Clear,07 - Dark,02 - Wet,10 - No control,,03 - P.D. only,02 - Angle,0
17-10388,BANNER RD @ GREENBANK RD,361021.67267,5021566.49183,-75.78272750700,45.33179471710,2017-11-16,8:32:00 PM,02 - Rain,07 - Dark,02 - Wet,01 - Traffic signal,01 - Functioning,03 - P.D. only,05 - Turning movement,0
17-10389,TRIM RD btwn WALL RD & NAVAN RD,388541.40455,5032423.68604,-75.42984256150,45.42673335580,2017-11-16,10:43:00 PM,01 - Clear,07 - Dark,02 - Wet,10 - No control,,03 - P.D. only,99 - Other,0
17-10390,FRANK KENNY RD @ TRIM RD,386221.42190,5038049.58600,-75.45855407770,45.47762361080,2017-11-17,1:19:00 AM,01 - Clear,07 - Dark,01 - Dry,01 - Traffic signal,01 - Functioning,03 - P.D. only,07 - SMV other,0
17-10391,YORK ST WB btwn BYWARD MARKE SQ & SUSSEX DR,367880.96216,5032312.25157,-75.69385245200,45.42789916730,2017-11-17,2:33:00 AM,01 - Clear,07 - Dark,01 - Dry,10 - No control,,02 - Non-fatal injury,07 - SMV other,1
17-10392,MONTREAL RD @ VANIER PKWY,370072.23643,5033065.35541,-75.66575201790,45.43447422470,2017-11-17,5:48:00 AM,03 - Snow,07 - Dark,03 - Loose snow,01 - Traffic signal,01 - Functioning,02 - Non-fatal injury,07 - SMV other,1
17-10393,MCCARTHY RD @ PROVOST DR,369330.38135,5025133.51630,-75.67627042120,45.36317506760,2017-11-17,9:02:00 AM,01 - Clear,01 - Daylight,01 - Dry,02 - Stop sign,01 - Functioning,03 - P.D. only,03 - Rear end,0
17-10394,OLD TENTH LINE RD @ TENTH LINE RD,383041.68065,5038358.31000,-75.49916999320,45.48076478040,2017-11-16,4:45:00 PM,02 - Rain,05 - Dusk,02 - Wet,01 - Traffic signal,01 - Functioning,03 - P.D. only,03 - Rear end,0
17-10395,PINECREST RD @ QUEENSVIEW DR,360347.01415,5023783.50600,-75.79108516530,45.35179712750,2017-11-17,9:20:00 AM,01 - Clear,01 - Daylight,01 - Dry,01 - Traffic signal,01 - Functioning,03 - P.D. only,03 - Rear end,0
17-10396,BOWHILL AVE btwn OVERLAKE DR & HILLHURST PL,365308.88789,5023615.94821,-75.72778565140,45.34987889250,2017-11-16,12:00:00 AM,02 - Rain,07 - Dark,02 - Wet,10 - No control,,03 - P.D. only,06 - SMV unattended vehicle,0
17-10397,VALIN ST btwn CHARLEMAGNE BLVD & NORTHLANDS DR,384745.83923,5037596.11743,-75.47749871650,45.47371424510,2017-11-14,2:25:00 PM,01 - Clear,01 - Daylight,01 - Dry,10 - No control,,03 - P.D. only,02 - Angle,0
17-10398,BANK ST @ ROTARY WAY,375523.54410,5021226.11700,-75.59778287780,45.32742054170,2017-11-17,7:45:00 AM,01 - Clear,03 - Dawn,01 - Dry,01 - Traffic signal,01 - Functioning,03 - P.D. only,03 - Rear end,0
17-10399,BRONSON PL @ BRONSON AVE NB ON RAMP 42,367827.13300,5028432.24315,-75.69503638950,45.39299292000,2017-11-17,10:32:00 AM,01 - Clear,01 - Daylight,01 - Dry,02 - Stop sign,01 - Functioning,03 - P.D. only,03 - Rear end,0
17-10400,TERRY FOX DR btwn COPE DR & FERNBANK RD,354274.93440,5015163.52534,-75.86943540750,45.27468763790,2017-11-17,8:50:00 AM,01 - Clear,01 - Daylight,01 - Dry,10 - No control,,03 - P.D. only,07 - SMV other,0
17-10401,CENTRAL PARK DR btwn CRYSTAL PARK CRES & MERIVALE RD,364910.70561,5025868.53397,-75.73259283390,45.37018155930,2017-11-17,11:07:00 AM,01 - Clear,01 - Daylight,01 - Dry,10 - No control,,03 - P.D. only,05 - Turning movement,0
17-10402,WOODROFFE AVE @ SPORTSPLEX S,363833.13614,5020900.11790,-75.74694153780,45.32556786100,2017-11-17,11:55:00 AM,01 - Clear,01 - Daylight,01 - Dry,01 - Traffic signal,01 - Functioning,02 - Non-fatal injury,03 - Rear end,0
17-10403,WEST HUNT CLUB RD @ WOODROFFE AVE,363670.59434,5021246.60619,-75.74897362980,45.32869919150,2017-11-17,12:19:00 PM,01 - Clear,01 - Daylight,01 - Dry,01 - Traffic signal,01 - Functioning,03 - P.D. only,03 - Rear end,0
17-10404,COVENTRY RD btwn ST. LAURENT SC WEST & ST. LAURENT SC EAST,371914.26072,5031927.54045,-75.64236668890,45.42406232700,2017-11-17,12:24:00 PM,01 - Clear,01 - Daylight,01 - Dry,10 - No control,,03 - P.D. only,04 - Sideswipe,0
17-10405,AVIATION PKWY @ OGILVIE RD,373109.71086,5032377.25450,-75.62702978240,45.42799291570,2017-11-17,1:00:00 PM,01 - Clear,01 - Daylight,01 - Dry,01 - Traffic signal,01 - Functioning,03 - P.D. only,03 - Rear end,0
17-10406,SMYTH RD E/LANCASTER RD @ ST. LAURENT BLVD N/R,373366.36121,5029423.41064,-75.62416123660,45.40139054360,2017-11-17,1:03:00 PM,01 - Clear,01 - Daylight,01 - Dry,01 - Traffic signal,01 - Functioning,03 - P.D. only,03 - Rear end,0
17-10407,CENTURY RD    W btwn MCCORDICK RD & TO BE DETERMINED,361108.53725,5003465.85850,-75.78366972990,45.16891601630,2017-11-17,1:30:00 PM,01 - Clear,01 - Daylight,01 - Dry,10 - No control,,03 - P.D. only,05 - Turning movement,0
17-10408,OLD ST. PATRICK ST btwn BEAUSOLEIL DR & PATRO ST,368566.75915,5033016.83235,-75.68499790640,45.43417653880,2017-11-16,5:00:00 PM,02 - Rain,07 - Dark,02 - Wet,10 - No control,,03 - P.D. only,06 - SMV unattended vehicle,0
17-10409,CARLING AVE @ FAIRLAWN AVE/WOODROFFE AVE E,361934.68410,5025830.52790,-75.77058762240,45.37008852270,2017-11-17,1:38:00 PM,01 - Clear,01 - Daylight,01 - Dry,01 - Traffic signal,01 - Functioning,02 - Non-fatal injury,03 - Rear end,0
17-10410,CARP RD @ RICHARDSON SIDE RD,346209.89015,5017159.78770,-75.97205406560,45.29317202140,2017-11-17,1:45:00 PM,01 - Clear,01 - Daylight,01 - Dry,01 - Traffic signal,01 - Functioning,03 - P.D. only,02 - Angle,0
17-10411,LEITRIM RD @ RIVER RD,368020.03765,5017177.45820,-75.69401118990,45.29170732670,2017-11-16,9:30:00 PM,02 - Rain,07 - Dark,02 - Wet,02 - Stop sign,01 - Functioning,03 - P.D. only,02 - Angle,0
17-10412,BANK ST @ WALKLEY RD,370338.30296,5025947.50942,-75.66329770740,45.37040561300,2017-11-17,2:12:00 PM,01 - Clear,01 - Daylight,01 - Dry,01 - Traffic signal,01 - Functioning,03 - P.D. only,04 - Sideswipe,0
17-10413,INDUSTRIAL AVE @ TRAINYARDS DR,371684.28286,5030540.81669,-75.64549340510,45.41160721980,2017-11-17,2:30:00 PM,01 - Clear,01 - Daylight,01 - Dry,01 - Traffic signal,01 - Functioning,03 - P.D. only,05 - Turning movement,0
17-10414,BOWESVILLE RD/HIGH RD @ LEITRIM RD,371675.73464,5019289.47859,-75.64712506580,45.31037238190,2017-11-17,2:43:00 PM,01 - Clear,01 - Daylight,01 - Dry,02 - Stop sign,01 - Functioning,03 - P.D. only,03 - Rear end,0
17-10415,CUMBERLAND ST @ ST. PATRICK ST,368128.37025,5032748.58150,-75.69063488750,45.43180275240,2017-11-17,3:05:00 PM,01 - Clear,01 - Daylight,01 - Dry,01 - Traffic signal,01 - Functioning,02 - Non-fatal injury,02 - Angle,0
17-10416,ROGER STEVENS DR @ MALAKOFF RD,362226.88493,4996127.34930,-75.77028650170,45.10279194400,2017-11-17,3:42:00 PM,01 - Clear,01 - Daylight,01 - Dry,02 - Stop sign,01 - Functioning,02 - Non-fatal injury,02 - Angle,0
17-10417,DALY AVE @ KING EDWARD AVE,368591.37315,5032271.57901,-75.68477989280,45.42746877790,2017-11-17,3:44:00 PM,01 - Clear,01 - Daylight,01 - Dry,02 - Stop sign,00 - Unknown,03 - P.D. only,05 - Turning movement,0
17-10418,REGIONAL ROAD 174 btwn OR174 IC112 RAMP36 & OR174 IC112 RAMP26,374671.85505,5032751.44122,-75.60701553770,45.43120533230,2017-11-17,3:47:00 PM,01 - Clear,01 - Daylight,01 - Dry,10 - No control,,03 - P.D. only,03 - Rear end,0
17-10419,INNES RD btwn BANTREE ST & STAR TOP RD,373744.85363,5030427.96008,-75.61918663680,45.41039182470,2017-11-17,3:49:00 PM,01 - Clear,01 - Daylight,01 - Dry,10 - No control,,03 - P.D. only,03 - Rear end,0
17-10420,WOODROFFE AVE btwn CARLING AVE & FOX CRES,361788.08494,5025667.98842,-75.77247778580,45.36863794210,2017-11-15,12:30:00 PM,01 - Clear,01 - Daylight,01 - Dry,10 - No control,,03 - P.D. only,04 - Sideswipe,0
17-10421,RIVERSIDE DR @ TREMBLAY RD/HWY417 IC117 RAMP52,370801.74365,5031014.57011,-75.65670395510,45.41595365140,2017-11-17,3:53:00 PM,01 - Clear,01 - Daylight,01 - Dry,01 - Traffic signal,01 - Functioning,02 - Non-fatal injury,03 - Rear end,0
17-10422,WOODROFFE AVE @ DEERFOX DR/STONEWAY DR,365886.03255,5015940.43880,-75.72136723360,45.28076543990,2017-11-17,4:12:00 PM,01 - Clear,05 - Dusk,01 - Dry,01 - Traffic signal,01 - Functioning,03 - P.D. only,04 - Sideswipe,0
17-10423,STRANDHERD DR @ LONGFIELDS DR,364549.14495,5015173.32470,-75.73849866950,45.27397784900,2017-11-17,4:17:00 PM,01 - Clear,01 - Daylight,01 - Dry,01 - Traffic signal,01 - Functioning,03 - P.D. only,03 - Rear end,0