COLLISION_ID,LOCATION,X,Y,LONGITUDE,LATITUDE,DATE,TIME,ENVIRONMENT,LIGHT,SURFACE_CONDITION,TRAFFIC_CONTROL,TRAFFIC_CONTROL_CONDITION,COLLISION_CLASSIFICATION,IMPACT_TYPE,NO_OF_PEDESTRIANS
17-10424,SHEFFIELD RD @ WALKLEY RD,375258.73844,5028784.53880,-75.60008299820,45.39545440620,2017-11-17,4:19:00 PM,01 - Clear,01 - Daylight,01 - Dry,01 - Traffic signal,01 - Functioning,02 - Non-fatal injury,05 - Turning movement,0
17-10425,GREENFIELD AVE @ MAIN ST,368892.04995,5030817.24390,-75.68112699030,45.41435570760,2017-11-17,4:20:00 PM,01 - Clear,05 - Dusk,01 - Dry,01 - Traffic signal,01 - Functioning,03 - P.D. only,04 - Sideswipe,0
17-10426,EASTVALE DR S @ OGILVIE RD,375465.89863,5035026.14368,-75.59654205510,45.45159197540,2017-11-17,4:32:00 PM,01 - Clear,05 - Dusk,01 - Dry,01 - Traffic signal,01 - Functioning,03 - P.D. only,05 - Turning movement,0
17-10427,SCOTT ST btwn STIRLING AVE & PINHEY ST,365264.09472,5029915.14152,-75.72758590090,45.40656169720,2017-11-17,5:04:00 PM,01 - Clear,07 - Dark,01 - Dry,10 - No control,,03 - P.D. only,04 - Sideswipe,0
17-10428,STRANDHERD DR btwn KENNEVALE DR & Continuation of STRANDHERD DR,361581.82656,5013918.27810,-75.77645745480,45.26293071310,2017-11-17,5:20:00 PM,01 - Clear,07 - Dark,01 - Dry,10 - No control,,03 - P.D. only,03 - Rear end,0
17-10429,MCGILLIVRAY ST btwn HERRIDGE ST & CLEGG ST,369021.55066,5029909.76568,-75.67959081950,45.40617866050,2017-11-17,5:50:00 PM,01 - Clear,07 - Dark,01 - Dry,10 - No control,,03 - P.D. only,06 - SMV unattended vehicle,0
17-10430,PERCY ST btwn ACADEMY PRIV & LISGAR ST,367013.59110,5030735.81411,-75.70513506860,45.41379255690,2017-11-17,12:00:00 AM,01 - Clear,00 - Unknown,01 - Dry,10 - No control,,03 - P.D. only,06 - SMV unattended vehicle,0
17-10431,CARRUTHERS AVE @ SCOTT ST,365152.95655,5029848.78190,-75.72901365660,45.40597420070,2017-11-17,5:45:00 PM,01 - Clear,07 - Dark,01 - Dry,01 - Traffic signal,00 - Unknown,03 - P.D. only,05 - Turning movement,0
17-10432,CATHCART ST @ KING EDWARD AVE SB/MACDONALD-CAR,368087.70955,5033096.65010,-75.69110975620,45.43493823000,2017-11-17,6:09:00 PM,01 - Clear,07 - Dark,01 - Dry,02 - Stop sign,00 - Unknown,03 - P.D. only,04 - Sideswipe,0
17-10433,TERRY FOX DR btwn DIDSBURY RD & HWY417 IC140 RAMP36,350659.03094,5018885.11758,-75.91517399600,45.30842075190,2017-11-17,6:08:00 PM,01 - Clear,07 - Dark,01 - Dry,10 - No control,,03 - P.D. only,03 - Rear end,0
17-10434,RIVERSIDE DR SB btwn Continuation of RIVERSIDE DR & HWY417 IC117 RAMP5,370742.21188,5030827.94803,-75.65748947230,45.41428011410,2017-11-17,6:16:00 PM,01 - Clear,07 - Dark,01 - Dry,10 - No control,,03 - P.D. only,03 - Rear end,0
17-10435,FITZROY ST btwn NELLIE ST & OLD SHIP RD,327326.46697,5037058.09680,-76.21189158860,45.47308616730,2017-11-17,6:22:00 PM,01 - Clear,07 - Dark,01 - Dry,10 - No control,,03 - P.D. only,07 - SMV other,0
17-10436,CHAMPLAIN ST @ JEANNE D'ARC BLVD,381380.74804,5038723.59840,-75.52035572220,45.48423549630,2017-11-17,6:48:00 PM,01 - Clear,07 - Dark,01 - Dry,01 - Traffic signal,01 - Functioning,03 - P.D. only,05 - Turning movement,0
17-10437,RIVERSIDE DR NB btwn INDUSTRIAL AVE & TREMBLAY RD,370775.65670,5030875.43967,-75.65705585380,45.41470427270,2017-11-17,7:00:00 PM,01 - Clear,07 - Dark,01 - Dry,10 - No control,,02 - Non-fatal injury,03 - Rear end,0
17-10438,OTHELLO AVE @ PLEASANT PARK RD,373447.89316,5028736.21395,-75.62321554060,45.39519947430,2017-11-17,7:44:00 PM,01 - Clear,07 - Dark,01 - Dry,02 - Stop sign,01 - Functioning,03 - P.D. only,02 - Angle,0
17-10439,BRONSON AVE @ GLADSTONE AVE,367134.03615,5030081.56400,-75.70367909800,45.40789508850,2017-11-17,7:57:00 PM,01 - Clear,07 - Dark,01 - Dry,01 - Traffic signal,01 - Functioning,03 - P.D. only,02 - Angle,0
17-10440,TERRY FOX DR @ PALLADIUM DR/KATIMAVIK RD,351270.05245,5018181.77520,-75.90744818320,45.30205173010,2017-11-17,8:02:00 PM,01 - Clear,07 - Dark,01 - Dry,01 - Traffic signal,00 - Unknown,03 - P.D. only,04 - Sideswipe,0
17-10441,PANA RD btwn 9TH LINE RD & YORKS CORNERS RD,386481.91320,5014185.23855,-75.45916871180,45.26288213100,2017-11-17,9:48:00 PM,01 - Clear,07 - Dark,01 - Dry,10 - No control,,03 - P.D. only,07 - SMV other,0
17-10442,ALBERT ST @ BOOTH ST,366427.68986,5030627.90439,-75.71263354770,45.41287346020,2017-11-17,10:04:00 PM,01 - Clear,07 - Dark,01 - Dry,01 - Traffic signal,01 - Functioning,03 - P.D. only,03 - Rear end,0
17-10443,WOODROFFE AVE btwn GEORGINA DR & HWY417 IC127 RAMP36,361966.20834,5025228.71318,-75.77025483470,45.36467087520,2017-11-18,10:00:00 AM,01 - Clear,01 - Daylight,01 - Dry,10 - No control,,03 - P.D. only,03 - Rear end,0
17-10444,CARLING AVE EB btwn FOX CRES & WOODROFFE AVE,361744.60668,5025707.45330,-75.77302824400,45.36899657790,2017-11-18,10:15:00 AM,01 - Clear,01 - Daylight,01 - Dry,10 - No control,,03 - P.D. only,04 - Sideswipe,0
17-10445,KING EDWARD AVE @ LAURIER AVE,368739.37275,5032033.24481,-75.68291966910,45.42531082000,2017-11-18,10:39:00 AM,01 - Clear,01 - Daylight,01 - Dry,01 - Traffic signal,01 - Functioning,03 - P.D. only,03 - Rear end,0
17-10446,CHAMPLAIN ST @ JEANNE D'ARC BLVD,381380.07915,5038724.93619,-75.52036406780,45.48424760600,2017-11-17,6:20:00 PM,01 - Clear,07 - Dark,01 - Dry,01 - Traffic signal,01 - Functioning,03 - P.D. only,05 - Turning movement,0
17-10447,BANK ST @ JOHNSTON RD,370851.39605,5024838.19011,-75.65689624560,45.36037615160,2017-11-18,11:35:00 AM,04 - Freezing Rain,01 - Daylight,06 - Ice,01 - Traffic signal,00 - Unknown,03 - P.D. only,04 - Sideswipe,0
17-10448,PARKDALE AVE @ SHERWOOD DR,365381.21250,5028745.54500,-75.72623355730,45.39602781100,2017-11-18,10:30:00 AM,01 - Clear,01 - Daylight,02 - Wet,01 - Traffic signal,01 - Functioning,03 - P.D. only,03 - Rear end,0
17-10449,FALLOWFIELD RD @ MERIVALE RD,366892.04705,5018846.47589,-75.70818147930,45.30682553930,2017-11-18,11:50:00 AM,02 - Rain,01 - Daylight,02 - Wet,01 - Traffic signal,01 - Functioning,03 - P.D. only,03 - Rear end,0
17-10450,TERRY FOX DR btwn COPE DR & TRANS CANADA TRAIL,353476.23535,5015741.84125,-75.87955761810,45.27994721970,2017-11-18,1:30:00 PM,01 - Clear,01 - Daylight,01 - Dry,10 - No control,,03 - P.D. only,03 - Rear end,0
17-10451,PRINCE OF WALES DR @ MEADOWLANDS DR/HOG'S BACK,367372.25335,5025694.14590,-75.70119242510,45.36839700500,2017-11-18,1:54:00 PM,04 - Freezing Rain,01 - Daylight,06 - Ice,01 - Traffic signal,01 - Functioning,03 - P.D. only,03 - Rear end,0
17-10452,HOPEWELL AVE @ SENECA ST,368265.59445,5028204.55300,-75.68946633870,45.39090463080,2017-11-18,2:01:00 PM,02 - Rain,01 - Daylight,02 - Wet,02 - Stop sign,01 - Functioning,03 - P.D. only,02 - Angle,0
17-10453,ALGOMA RD @ STAR TOP RD,373930.06545,5031214.23220,-75.61671043670,45.41744803800,2017-11-18,2:03:00 PM,04 - Freezing Rain,01 - Daylight,06 - Ice,02 - Stop sign,00 - Unknown,03 - P.D. only,05 - Turning movement,0
17-10454,HWY 417 WALKLEY IC110R58 @ WALKLEY EXTENSION R,375541.84928,5028938.25585,-75.59644544180,45.39680892780,2017-11-18,2:54:00 PM,04 - Freezing Rain,01 - Daylight,06 - Ice,10 - No control,00 - Unknown,03 - P.D. only,02 - Angle,0
17-10455,AINSLEY DR btwn ERINDALE DR & AMESBROOKE DR,363822.56811,5024660.78933,-75.74662765560,45.35940691600,2017-11-14,12:00:00 AM,01 - Clear,00 - Unknown,01 - Dry,10 - No control,,03 - P.D. only,06 - SMV unattended vehicle,0
17-10456,CARP RD @ STITTSVILLE MAIN ST,349525.78944,5014332.20999,-75.93003560060,45.26752529560,2017-11-18,3:52:00 PM,02 - Rain,05 - Dusk,02 - Wet,01 - Traffic signal,01 - Functioning,03 - P.D. only,03 - Rear end,0
17-10457,GREENBANK RD @ STRANDHERD DR,363934.68724,5014785.75499,-75.74637539260,45.27054243350,2017-11-18,3:56:00 PM,01 - Clear,01 - Daylight,01 - Dry,01 - Traffic signal,01 - Functioning,03 - P.D. only,03 - Rear end,0
17-10458,DALY AVE @ WALLER ST,368341.51445,5032121.78679,-75.68799195700,45.42614374410,2017-11-18,4:24:00 PM,01 - Clear,05 - Dusk,01 - Dry,01 - Traffic signal,01 - Functioning,03 - P.D. only,03 - Rear end,0
17-10459,GREENBANK RD @ HWY 417 IC129 RAMP57/IRIS ST,360531.36684,5023312.11317,-75.78878568560,45.34754091860,2017-11-18,4:50:00 PM,02 - Rain,05 - Dusk,02 - Wet,01 - Traffic signal,01 - Functioning,03 - P.D. only,03 - Rear end,0
17-10460,WOODROFFE AVE @ ALGONQUIN COLLEGE/TRANSITWAY S,362825.36014,5023271.17490,-75.75951816460,45.34698652740,2017-11-18,5:08:00 PM,01 - Clear,07 - Dark,06 - Ice,01 - Traffic signal,01 - Functioning,03 - P.D. only,03 - Rear end,0
17-10461,BEATRICE DR @ GREENPOINTE DR/HERITAGE GLEN DR,365529.35124,5015401.13560,-75.72597923500,45.27594371210,2017-11-18,6:30:00 PM,02 - Rain,07 - Dark,02 - Wet,02 - Stop sign,01 - Functioning,03 - P.D. only,02 - Angle,0
17-10462,GREENBANK RD @ STRANDHERD DR,363934.01835,5014783.74830,-75.74638415550,45.27052443350,2017-11-18,6:44:00 PM,02 - Rain,07 - Dark,02 - Wet,01 - Traffic signal,01 - Functioning,02 - Non-fatal injury,03 - Rear end,0
17-10463,NOTRE DAME ST W @ ST. JOSEPH BLVD,379544.28804,5036269.60846,-75.54421826600,45.46235545280,2017-11-18,6:51:00 PM,02 - Rain,07 - Dark,02 - Wet,02 - Stop sign,00 - Unknown,03 - P.D. only,04 - Sideswipe,0
17-10464,ALBION RD/COLLISTON CRES E @ WALKLEY RD,371035.12327,5026355.62154,-75.65434791350,45.37401215520,2017-11-18,6:54:00 PM,01 - Clear,07 - Dark,01 - Dry,01 - Traffic signal,01 - Functioning,02 - Non-fatal injury,05 - Turning movement,0
17-10465,EMPEROR AVE @ FISHER AVE,365683.37055,5027163.21110,-75.72256984760,45.38176410930,2017-11-18,7:51:00 PM,02 - Rain,07 - Dark,02 - Wet,02 - Stop sign,00 - Unknown,02 - Non-fatal injury,05 - Turning movement,0
17-10466,ST. LAURENT BLVD @ WALKLEY RD,373902.41565,5028048.19289,-75.61750733490,45.38896427190,2017-11-18,8:21:00 PM,02 - Rain,07 - Dark,02 - Wet,01 - Traffic signal,01 - Functioning,03 - P.D. only,05 - Turning movement,0
17-10467,MEADOWLANDS DR btwn CHESTERTON DR & TIVERTON DR,365154.15290,5024178.42079,-75.72969154200,45.35495327200,2017-11-18,8:24:00 PM,02 - Rain,07 - Dark,02 - Wet,10 - No control,,03 - P.D. only,03 - Rear end,0
17-10468,MARCH RD btwn BURNT LANDS RD & UPPER DWYER HILL RD,333171.25900,5013625.79787,-76.13848501660,45.26201845000,2017-11-18,9:31:00 PM,01 - Clear,07 - Dark,03 - Loose snow,10 - No control,,03 - P.D. only,07 - SMV other,0
17-10469,PEPPERVILLE CRES btwn TEMPLEFORD AVE & TABARET ST,354557.63092,5015474.70090,-75.86580143440,45.27746772180,2017-11-18,9:58:00 PM,02 - Rain,07 - Dark,02 - Wet,10 - No control,,03 - P.D. only,06 - SMV unattended vehicle,0
17-10470,NAVAHO DR btwn Continuation of NAVAHO DR & Continuation of NAVAHO DR,362943.89692,5023663.03785,-75.75795953070,45.35050266230,2017-11-18,10:19:00 PM,02 - Rain,07 - Dark,02 - Wet,10 - No control,,03 - P.D. only,07 - SMV other,0
17-10471,BANK ST btwn WALKLEY RD & SURREY AVE,370379.90696,5025820.37528,-75.66278349960,45.36925780930,2017-11-18,10:27:00 PM,01 - Clear,07 - Dark,02 - Wet,10 - No control,,03 - P.D. only,07 - SMV other,0
17-10472,CAMBRIDGE ST    S btwn PLYMOUTH ST & POWELL AVE,367272.66652,5029457.97297,-75.70198726820,45.40227183690,2017-11-18,10:37:00 PM,04 - Freezing Rain,07 - Dark,06 - Ice,10 - No control,,03 - P.D. only,06 - SMV unattended vehicle,0
17-10473,RICHMOND RD @ LYNHAR RD/STAFFORD RD,358138.02820,5021087.35367,-75.81956580630,45.32770850010,2017-11-19,1:14:00 AM,04 - Freezing Rain,07 - Dark,06 - Ice,01 - Traffic signal,01 - Functioning,03 - P.D. only,07 - SMV other,0
17-10474,FRONTIER RD btwn DEVINE RD & BURTON RD,389762.15692,5021652.12887,-75.41609833950,45.32967430990,2017-11-19,2:56:00 AM,04 - Freezing Rain,07 - Dark,06 - Ice,10 - No control,,03 - P.D. only,07 - SMV other,0
17-10475,BLACKBURN BYPASS WB btwn NAVAN RD & INNES RD E,379644.39450,5033304.34409,-75.54338947450,45.43566548340,2017-11-19,2:57:00 AM,03 - Snow,07 - Dark,06 - Ice,10 - No control,,03 - P.D. only,07 - SMV other,0
17-10476,DONNELLY DR btwn Continuation of DONNELLY DR & MILL POND LANE,358125.51962,4981311.78748,-75.82396968510,44.96979460680,2017-11-19,6:03:00 AM,03 - Snow,07 - Dark,05 - Packed snow,10 - No control,,03 - P.D. only,07 - SMV other,0
17-10477,RAMSAYVILLE RD btwn WHYTE SIDE RD & LEITRIM RD,378044.55463,5025519.52644,-75.56499088750,45.36579184920,2017-11-19,6:59:00 AM,03 - Snow,03 - Dawn,06 - Ice,10 - No control,,03 - P.D. only,07 - SMV other,0
17-10478,INNES RD @ STAR TOP RD/WINDMILL LANE,374147.39135,5030667.22940,-75.61401092090,45.41250487890,2017-11-19,6:59:00 AM,03 - Snow,03 - Dawn,03 - Loose snow,01 - Traffic signal,01 - Functioning,03 - P.D. only,03 - Rear end,0
17-10479,MITCH OWENS RD btwn LIMEBANK RD & DOWNEY RD,372368.91172,5012551.56368,-75.63920316430,45.24967985780,2017-11-19,7:03:00 AM,03 - Snow,03 - Dawn,03 - Loose snow,10 - No control,,03 - P.D. only,07 - SMV other,0
17-10480,BANK ST @ VANCOUVER AVE,370440.90195,5025683.75940,-75.66202305130,45.36802287330,2017-11-19,7:07:00 AM,03 - Snow,03 - Dawn,06 - Ice,02 - Stop sign,01 - Functioning,02 - Non-fatal injury,07 - SMV other,0
17-10481,HAWTHORNE RD btwn BLAIS RD & RIDEAU RD,378505.39877,5019220.74596,-75.56004692370,45.30907040270,2017-11-19,7:35:00 AM,03 - Snow,01 - Daylight,06 - Ice,10 - No control,,02 - Non-fatal injury,07 - SMV other,0
17-10482,INDUSTRIAL AVE/INNES RD @ ST. LAURENT BLVD,373099.39295,5030007.57339,-75.62749007090,45.40667266920,2017-11-19,7:57:00 AM,03 - Snow,01 - Daylight,04 - Slush,01 - Traffic signal,01 - Functioning,02 - Non-fatal injury,07 - SMV other,0
17-10483,BRONSON AVE @ FIFTH AVE/MADAWASKA DR,367614.04715,5028937.88480,-75.69769320790,45.39756168610,2017-11-19,8:06:00 AM,03 - Snow,01 - Daylight,06 - Ice,01 - Traffic signal,01 - Functioning,03 - P.D. only,03 - Rear end,0
17-10484,BASELINE RD @ WOODROFFE AVE,362551.36244,5023770.50470,-75.76295614110,45.35150207500,2017-11-19,8:20:00 AM,04 - Freezing Rain,01 - Daylight,05 - Packed snow,01 - Traffic signal,01 - Functioning,02 - Non-fatal injury,02 - Angle,0
17-10485,WEST HUNT CLUB RD WB btwn CEDARVIEW RD & GREENBANK RD,359978.54362,5019707.65496,-75.79624178860,45.31515163550,2017-11-19,8:29:00 AM,03 - Snow,01 - Daylight,03 - Loose snow,10 - No control,,02 - Non-fatal injury,04 - Sideswipe,0
17-10486,JOHNSTON RD btwn ALLANFORD AVE & CONROY RD,373243.64977,5026233.51846,-75.62617087760,45.37270128980,2017-11-19,8:35:00 AM,03 - Snow,01 - Daylight,05 - Packed snow,10 - No control,,03 - P.D. only,07 - SMV other,0
17-10487,CYRVILLE RD @ INNES RD,375049.39694,5031119.56420,-75.60242374800,45.41648477990,2017-11-19,9:19:00 AM,03 - Snow,01 - Daylight,03 - Loose snow,01 - Traffic signal,01 - Functioning,03 - P.D. only,03 - Rear end,0
17-10488,RUISSELLET RD @ RUSSELL RD,398927.55235,5028952.79620,-75.29780527020,45.39418667120,2017-11-19,9:32:00 AM,02 - Rain,01 - Daylight,06 - Ice,02 - Stop sign,01 - Functioning,03 - P.D. only,07 - SMV other,0
17-10489,GRAY CRES btwn BELLROCK DR & DRYSDALE ST,352137.15790,5019741.96971,-75.89624307450,45.31603283440,2017-11-18,12:00:00 AM,00 - Unknown,00 - Unknown,00 - Unknown,10 - No control,,03 - P.D. only,06 - SMV unattended vehicle,0
17-10490,WOODROFFE AVE @ KNOXDALE RD/MEDHURST DR,363420.69324,5021826.48700,-75.75209273120,45.33393783810,2017-11-19,9:39:00 AM,03 - Snow,01 - Daylight,06 - Ice,01 - Traffic signal,01 - Functioning,02 - Non-fatal injury,03 - Rear end,0
17-10491,FERNBANK RD btwn BLACK'S SIDE RD & WEST RIDGE DR,349879.86060,5011232.57616,-75.92580485430,45.23961103170,2017-11-19,10:08:00 AM,03 - Snow,01 - Daylight,06 - Ice,10 - No control,,03 - P.D. only,07 - SMV other,0
17-10492,GLENWOOD DR btwn CORLYON ST & NOVA LUX WAY,386069.62103,5011120.15083,-75.46492253850,45.23535218360,2017-11-19,10:17:00 AM,01 - Clear,01 - Daylight,06 - Ice,10 - No control,,02 - Non-fatal injury,07 - SMV other,0
17-10493,STRANDHERD BRIDGE (VIMY MEMORIAL BRIDGE) btwn PRINCE OF WALES DR & RIVER RD,367373.86800,5014754.34000,-75.70255387030,45.26996216480,2017-11-19,10:15:00 AM,03 - Snow,01 - Daylight,05 - Packed snow,10 - No control,,02 - Non-fatal injury,07 - SMV other,0
17-10494,THOMAS A. DOLAN PKWY btwn WOODKILTON RD & DUNROBIN RD,341226.33173,5030508.06439,-76.03460511040,45.41356076900,2017-11-19,10:58:00 AM,03 - Snow,01 - Daylight,03 - Loose snow,10 - No control,,03 - P.D. only,07 - SMV other,0
17-10495,BOOTH ST @ OTTAWA RIVER PKWY/WELLINGTON ST,366263.25366,5031008.02569,-75.71468680920,45.41630814850,2017-11-19,11:03:00 AM,03 - Snow,01 - Daylight,02 - Wet,01 - Traffic signal,01 - Functioning,02 - Non-fatal injury,02 - Angle,0
17-10496,ARBEATHA ST @ ARNOLD DR,357685.65354,5019639.13821,-75.82549100270,45.31471155480,2017-11-19,11:32:00 AM,02 - Rain,01 - Daylight,03 - Loose snow,03 - Yield sign,00 - Unknown,03 - P.D. only,07 - SMV other,0
17-10497,FRANKTOWN RD btwn SILVER FOX WAY & SKEEL CRT,347580.00391,4997996.67039,-75.95623233740,45.12065079190,2017-11-19,12:16:00 PM,05 - Drifting Snow,01 - Daylight,04 - Slush,10 - No control,,03 - P.D. only,07 - SMV other,0
17-10498,KENT ST @ LAURIER AVE,367316.36455,5031162.58191,-75.70121295570,45.41760549860,2017-11-19,12:26:00 PM,01 - Clear,01 - Daylight,02 - Wet,01 - Traffic signal,01 - Functioning,03 - P.D. only,02 - Angle,0
17-10499,ROGER STEVENS DR btwn MALAKOFF RD & MCCORDICK RD,363413.75745,4997184.85076,-75.75508261860,45.11221030160,2017-11-19,1:24:00 PM,03 - Snow,01 - Daylight,03 - Loose snow,10 - No control,,03 - P.D. only,07 - SMV other,0
17-10500,EAGLESON RD btwn ABBEYHILL DR & PALOMINO DR,353950.43078,5017723.26620,-75.87331742820,45.29774354440,2017-11-19,2:01:00 PM,03 - Snow,01 - Daylight,03 - Loose snow,10 - No control,,02 - Non-fatal injury,03 - Rear end,0
17-10501,ST. LAURENT BLVD btwn HWY417 IC115 RAMP35 & HWY417 IC115 RAMP26,372490.56413,5031510.65349,-75.63506039990,45.42025584380,2017-11-19,3:48:00 PM,03 - Snow,01 - Daylight,06 - Ice,10 - No control,,03 - P.D. only,03 - Rear end,0
17-10502,ALBION RD @ BANK ST,371946.27694,5024128.82296,-75.64301870820,45.35388950380,2017-11-19,5:27:00 PM,01 - Clear,07 - Dark,01 - Dry,01 - Traffic signal,00 - Unknown,03 - P.D. only,02 - Angle,0
17-10503,MONTREAL RD btwn PALACE ST & VANIER PKWY,370045.34761,5033049.38606,-75.66609776480,45.43433304900,2017-11-19,9:19:00 PM,03 - Snow,07 - Dark,03 - Loose snow,10 - No control,,02 - Non-fatal injury,07 - SMV other,1
17-10504,PORTOBELLO BLVD/SPRINGRIDGE DR S @ TRIM RD,385690.41555,5038071.50110,-75.46534135110,45.47788249950,2017-11-19,9:40:00 PM,01 - Clear,07 - Dark,01 - Dry,01 - Traffic signal,01 - Functioning,03 - P.D. only,03 - Rear end,0
17-10505,FOURTH LINE RD btwn DILWORTH RD & DONNELLY DR,371867.67311,4993351.11673,-75.64816669800,45.07696278470,2017-11-18,7:50:00 PM,02 - Rain,07 - Dark,02 - Wet,10 - No control,,03 - P.D. only,07 - SMV other,0
17-10506,JEANNE D'ARC BLVD @ GREY NUNS DR/YOUVILLE DR,379672.27101,5036702.62111,-75.54251597700,45.46623766330,2017-11-18,11:00:00 AM,04 - Freezing Rain,01 - Daylight,06 - Ice,01 - Traffic signal,01 - Functioning,03 - P.D. only,03 - Rear end,0
17-10507,JOHN QUINN RD @ MITCH OWENS RD,380590.77946,5017702.80659,-75.53368820670,45.29519084970,2017-11-20,7:35:00 AM,01 - Clear,01 - Daylight,01 - Dry,02 - Stop sign,01 - Functioning,02 - Non-fatal injury,03 - Rear end,0
17-10508,INNES RD @ PAGE RD,380887.41455,5034540.55450,-75.52731319740,45.44665380110,2017-11-20,8:01:00 AM,04 - Freezing Rain,01 - Daylight,06 - Ice,01 - Traffic signal,01 - Functioning,03 - P.D. only,03 - Rear end,0
17-10509,TRENTON AVE btwn PRINCE ST & SILVER ST,365214.12883,5026560.98086,-75.72863481470,45.37638598060,2017-11-20,12:00:00 AM,03 - Snow,00 - Unknown,03 - Loose snow,10 - No control,,03 - P.D. only,06 - SMV unattended vehicle,0
17-10510,COLONEL BY DR @ HAWTHORNE AVE/PRETORIA BRIDGE,368767.37575,5030525.56690,-75.68275758370,45.41174270640,2017-11-16,6:50:00 PM,01 - Clear,07 - Dark,01 - Dry,01 - Traffic signal,01 - Functioning,03 - P.D. only,03 - Rear end,0
17-10511,CYRVILLE RD btwn STAR TOP RD & MEADOWBROOK RD,374603.31150,5031249.91396,-75.60810421800,45.41770224260,2017-11-20,9:11:00 AM,01 - Clear,01 - Daylight,01 - Dry,10 - No control,,03 - P.D. only,04 - Sideswipe,0
17-10512,BANTON ST @ WALKLEY RD,374249.40894,5028250.87499,-75.61304796490,45.39075358830,2017-11-20,9:54:00 AM,01 - Clear,01 - Daylight,01 - Dry,01 - Traffic signal,01 - Functioning,03 - P.D. only,03 - Rear end,0
17-10513,2ND LINE RD @ CABIN RD,375653.18807,5002682.34608,-75.59877142160,45.16055577350,2017-11-20,9:57:00 AM,03 - Snow,01 - Daylight,06 - Ice,03 - Yield sign,01 - Functioning,03 - P.D. only,07 - SMV other,0
17-10514,FALLOWFIELD RD @ MOODIE DR,359501.32145,5014635.74400,-75.80288727090,45.26955143350,2017-11-17,2:00:00 PM,01 - Clear,01 - Daylight,01 - Dry,01 - Traffic signal,01 - Functioning,03 - P.D. only,03 - Rear end,0
17-10515,BASELINE RD @ CORDOVA ST,363594.02265,5024407.51971,-75.74957471440,45.35714722820,2017-11-19,3:15:00 PM,03 - Snow,01 - Daylight,04 - Slush,01 - Traffic signal,01 - Functioning,03 - P.D. only,03 - Rear end,0
17-10516,ST. JOSEPH BLVD/OLD MONTREAL RD @ TRIM RD,384683.21154,5039285.69200,-75.47802477530,45.48892256750,2017-11-20,9:25:00 AM,01 - Clear,01 - Daylight,01 - Dry,11 - Roundabout,01 - Functioning,03 - P.D. only,04 - Sideswipe,0
17-10517,BASELINE RD @ WOODROFFE AVE,362548.68686,5023771.84249,-75.76299012770,45.35151433270,2017-11-20,11:05:00 AM,01 - Clear,01 - Daylight,02 - Wet,01 - Traffic signal,01 - Functioning,03 - P.D. only,03 - Rear end,0
17-10518,KING EDWARD AVE @ MURRAY ST,368292.03425,5032754.25090,-75.68854266760,45.43183892380,2017-11-20,12:26:00 PM,01 - Clear,01 - Daylight,01 - Dry,01 - Traffic signal,01 - Functioning,03 - P.D. only,03 - Rear end,0
17-10519,VIEWMOUNT DR @ MERIVALE RD,365194.03155,5022948.49540,-75.72933281610,45.34388314450,2017-11-20,12:41:00 PM,01 - Clear,01 - Daylight,01 - Dry,01 - Traffic signal,01 - Functioning,03 - P.D. only,04 - Sideswipe,0
17-10520,PRINCE OF WALES DR @ FAIRPARK DR,367270.52128,5015413.94523,-75.70378781020,45.27590643010,2017-11-20,12:47:00 PM,01 - Clear,01 - Daylight,01 - Dry,02 - Stop sign,01 - Functioning,02 - Non-fatal injury,02 - Angle,0
17-10521,RITA AVE @ MERIVALE RD,364614.66980,5024295.99632,-75.73656219700,45.35605742770,2017-11-20,12:50:00 PM,01 - Clear,01 - Daylight,02 - Wet,02 - Stop sign,01 - Functioning,03 - P.D. only,03 - Rear end,0
17-10522,IRONSTONE CRT btwn END & END,349780.87385,5010517.25814,-75.92713029330,45.23318064370,2017-11-19,2:30:00 AM,03 - Snow,07 - Dark,06 - Ice,10 - No control,,03 - P.D. only,07 - SMV other,0
17-10523,KINGSTON AVE @ CHEVRIER ST,365652.99207,5026742.85473,-75.72300952900,45.37798446750,2017-11-16,4:00:00 PM,02 - Rain,01 - Daylight,02 - Wet,10 - No control,00 - Unknown,03 - P.D. only,07 - SMV other,0
17-10524,PAMILLA ST @ PRESTON ST,366749.15415,5029119.65928,-75.70871635520,45.39927430340,2017-11-20,2:15:00 PM,01 - Clear,01 - Daylight,01 - Dry,01 - Traffic signal,01 - Functioning,02 - Non-fatal injury,07 - SMV other,1
17-10525,BERRIGAN DR @ EDGEWARE DR,363979.86324,5015388.84550,-75.74572782610,45.27596524940,2017-11-20,2:43:00 PM,01 - Clear,01 - Daylight,01 - Dry,02 - Stop sign,00 - Unknown,03 - P.D. only,03 - Rear end,0
17-10526,MARKETPLACE AVE @ RIOCAN AVE,364287.21135,5014761.59500,-75.74188604110,45.27029531050,2017-11-20,11:45:00 AM,01 - Clear,01 - Daylight,01 - Dry,02 - Stop sign,01 - Functioning,03 - P.D. only,05 - Turning movement,0
17-10527,INNES RD @ JEANNE D'ARC BLVD/MER BLEUE RD,382636.75026,5035568.89149,-75.50479066320,45.45571329580,2017-11-20,3:01:00 PM,01 - Clear,01 - Daylight,01 - Dry,01 - Traffic signal,01 - Functioning,03 - P.D. only,05 - Turning movement,0