COLLISION_ID,LOCATION,X,Y,LONGITUDE,LATITUDE,DATE,TIME,ENVIRONMENT,LIGHT,SURFACE_CONDITION,TRAFFIC_CONTROL,TRAFFIC_CONTROL_CONDITION,COLLISION_CLASSIFICATION,IMPACT_TYPE,NO_OF_PEDESTRIANS
17-10528,PARKDALE AVE @ WELLINGTON ST,365149.36615,5029270.55570,-75.72913028240,45.40077176270,2017-11-20,3:03:00 PM,01 - Clear,01 - Daylight,01 - Dry,01 - Traffic signal,00 - Unknown,03 - P.D. only,04 - Sideswipe,0
17-10529,RICHMOND RD btwn HILSON AVE & PATRICIA AVE,363947.33158,5028748.87353,-75.74454561370,45.39618035140,2017-11-20,3:13:00 PM,01 - Clear,01 - Daylight,01 - Dry,10 - No control,,02 - Non-fatal injury,04 - Sideswipe,0
17-10530,CHAMPLAIN ST @ PLACE D'ORLEANS  SC E/PLACE D'O,381519.14734,5038373.44351,-75.51864023970,45.48106990700,2017-11-20,3:09:00 PM,01 - Clear,01 - Daylight,01 - Dry,01 - Traffic signal,00 - Unknown,03 - P.D. only,03 - Rear end,0
17-10531,EAGLESON RD @ HAZELDEAN RD/ROBERTSON RD,353673.29045,5018423.12221,-75.87678184770,45.30406033360,2017-11-20,3:31:00 PM,01 - Clear,01 - Daylight,01 - Dry,01 - Traffic signal,01 - Functioning,03 - P.D. only,03 - Rear end,0
17-10532,OGILVIE RD btwn MURDOCK GT & CUMMINGS AVE,372728.31886,5032159.63638,-75.63193326600,45.42607203790,2017-11-20,3:38:00 PM,01 - Clear,01 - Daylight,01 - Dry,10 - No control,,03 - P.D. only,02 - Angle,0
17-10533,PRINCE OF WALES DR btwn FISHER AVE & NE/OT BOUNDARY,367161.37035,5023970.60495,-75.70410180400,45.35290774870,2017-11-20,3:52:00 PM,01 - Clear,01 - Daylight,01 - Dry,10 - No control,,03 - P.D. only,05 - Turning movement,0
17-10534,BANK ST @ HERON RD,369996.22950,5026848.48519,-75.66754542670,45.37854421290,2017-11-17,9:45:00 PM,01 - Clear,07 - Dark,01 - Dry,01 - Traffic signal,01 - Functioning,02 - Non-fatal injury,03 - Rear end,0
17-10535,COLONEL BY DR @ COLONEL BY DR RAMP 35,367689.00364,5028492.94545,-75.69679262490,45.39355152070,2017-11-20,4:27:00 PM,01 - Clear,05 - Dusk,01 - Dry,02 - Stop sign,01 - Functioning,03 - P.D. only,03 - Rear end,0
17-10536,CONROY RD @ WALKLEY RD,372904.72594,5027465.53799,-75.63032753520,45.38381951600,2017-11-08,3:15:00 PM,01 - Clear,01 - Daylight,01 - Dry,01 - Traffic signal,01 - Functioning,03 - P.D. only,03 - Rear end,0
17-10537,RIVERSIDE DR @ TREMBLAY RD/HWY417 IC117 RAMP52,370801.74365,5031017.24569,-75.65670359680,45.41597772530,2017-11-20,5:18:00 PM,01 - Clear,07 - Dark,01 - Dry,01 - Traffic signal,01 - Functioning,03 - P.D. only,03 - Rear end,0
17-10538,STRANDHERD DR @ LONGFIELDS DR,364548.47605,5015173.32470,-75.73850719380,45.27397790580,2017-11-20,6:06:00 PM,01 - Clear,07 - Dark,01 - Dry,01 - Traffic signal,01 - Functioning,03 - P.D. only,03 - Rear end,0
17-10539,JOLIFFE ST btwn ST. LAURENT BLVD & MARTHA AVE,373781.28125,5028428.66744,-75.61900094620,45.39239954860,2017-11-20,6:11:00 PM,01 - Clear,07 - Dark,01 - Dry,10 - No control,,03 - P.D. only,02 - Angle,0
17-10540,BAYSHORE DR @ WOODRIDGE CRES N,359073.20545,5023875.74700,-75.80733072560,45.35272685330,2017-11-20,6:17:00 PM,01 - Clear,07 - Dark,01 - Dry,01 - Traffic signal,00 - Unknown,03 - P.D. only,02 - Angle,0
17-10541,CLAYMOR AVE btwn GREENBRIAR AVE & NORMANDY CRES,367023.59492,5025213.93224,-75.70570350120,45.36410718820,2017-11-20,6:23:00 PM,01 - Clear,07 - Dark,06 - Ice,10 - No control,,03 - P.D. only,06 - SMV unattended vehicle,0
17-10542,CARLING AVE @ HINTON AVE,365488.69296,5028089.55819,-75.72494158950,45.39011607890,2017-11-20,6:32:00 PM,01 - Clear,07 - Dark,01 - Dry,02 - Stop sign,01 - Functioning,03 - P.D. only,03 - Rear end,0
17-10543,OLD ALMONTE RD btwn CORKERY RD & HOWIE RD,339054.40593,5013188.46959,-76.06355236460,45.25782124990,2017-11-20,6:39:00 PM,01 - Clear,07 - Dark,01 - Dry,10 - No control,,03 - P.D. only,07 - SMV other,0
17-10544,ARGYLE AVE @ O'CONNOR ST,368185.71414,5030484.90410,-75.69019332910,45.41142976100,2017-11-13,5:30:00 PM,01 - Clear,07 - Dark,01 - Dry,01 - Traffic signal,01 - Functioning,02 - Non-fatal injury,05 - Turning movement,0
17-10545,LEGACY RD @ SWANSEA CRES,374580.74314,5027374.21150,-75.60894088880,45.38283285190,2017-11-20,8:36:00 PM,01 - Clear,07 - Dark,01 - Dry,02 - Stop sign,01 - Functioning,03 - P.D. only,03 - Rear end,0
17-10546,ECHO DR btwn MAIN ST & CONCORD ST N,368926.85954,5031062.15600,-75.68065042310,45.41655615120,2017-11-20,8:43:00 PM,01 - Clear,07 - Dark,05 - Packed snow,10 - No control,,02 - Non-fatal injury,01 - Approaching,0
17-10547,CUMBERLAND ST @ RIDEAU ST,368374.17655,5032329.30510,-75.68754781800,45.42800795210,2017-11-20,8:55:00 PM,01 - Clear,07 - Dark,01 - Dry,01 - Traffic signal,01 - Functioning,02 - Non-fatal injury,02 - Angle,0
17-10548,HUNT CLUB RD @ PAUL ANKA DR,369777.39075,5022896.82150,-75.67085889270,45.34300861460,2017-11-20,9:49:00 PM,01 - Clear,07 - Dark,01 - Dry,01 - Traffic signal,01 - Functioning,02 - Non-fatal injury,05 - Turning movement,0
17-10549,RUSSELL AVE btwn LAURIER AVE E & OSGOODE ST,369066.97255,5032174.34426,-75.67871529700,45.42655035860,2017-11-20,12:00:00 AM,01 - Clear,00 - Unknown,06 - Ice,10 - No control,,03 - P.D. only,06 - SMV unattended vehicle,0
17-10550,MOODIE DR btwn BARNSDALE RD & BROPHY DR,361979.23677,5008709.59755,-75.77199265640,45.21603019410,2017-11-20,11:12:00 PM,01 - Clear,07 - Dark,01 - Dry,10 - No control,,02 - Non-fatal injury,03 - Rear end,0
17-10551,BELFAST RD @ ST. LAURENT BLVD,372860.72410,5030577.88556,-75.63045992310,45.41182732460,2017-11-21,7:00:00 AM,01 - Clear,03 - Dawn,01 - Dry,01 - Traffic signal,01 - Functioning,02 - Non-fatal injury,07 - SMV other,1
17-10552,ST. LAURENT BLVD btwn BELFAST RD & INDUSTRIAL AVE,372879.08456,5030535.85899,-75.63023118200,45.41144740290,2017-11-21,7:09:00 AM,01 - Clear,03 - Dawn,01 - Dry,10 - No control,,03 - P.D. only,03 - Rear end,0
17-10553,NEIL WAY @ RIVERSIDE DR,369465.68959,5028290.60295,-75.67412995840,45.39156909650,2017-11-21,7:44:00 AM,01 - Clear,01 - Daylight,02 - Wet,02 - Stop sign,00 - Unknown,03 - P.D. only,03 - Rear end,0
17-10554,INNES RD @ WILDFLOWER DR,382937.22857,5035689.37207,-75.50093023500,45.45676374060,2017-11-21,7:53:00 AM,01 - Clear,01 - Daylight,01 - Dry,01 - Traffic signal,01 - Functioning,03 - P.D. only,03 - Rear end,0
17-10555,ALTA VISTA DR btwn SMYTH RD & VALOUR DR,370413.80651,5029182.82192,-75.66190382490,45.39950876850,2017-11-21,7:55:00 AM,01 - Clear,01 - Daylight,01 - Dry,10 - No control,,03 - P.D. only,01 - Approaching,0
17-10556,SNAKE ISLAND RD btwn MANOTICK STATION RD & STAGECOACH RD,377891.48047,5006480.33048,-75.56974849830,45.19450092340,2017-11-21,7:57:00 AM,01 - Clear,01 - Daylight,01 - Dry,10 - No control,,03 - P.D. only,07 - SMV other,0
17-10557,KOHILO CRES S @ HUNTMAR DR,350409.67778,5016558.42000,-75.91856776800,45.28750068870,2017-11-21,8:13:00 AM,01 - Clear,01 - Daylight,05 - Packed snow,10 - No control,00 - Unknown,03 - P.D. only,03 - Rear end,0
17-10558,ST. JOSEPH BLVD/OLD MONTREAL RD @ TRIM RD,384682.96541,5039287.76844,-75.47802758540,45.48894127710,2017-11-21,8:30:00 AM,01 - Clear,01 - Daylight,01 - Dry,11 - Roundabout,01 - Functioning,03 - P.D. only,04 - Sideswipe,0
17-10559,SUSSEX DR btwn LADY GREY DR & 151 W OF KING EDWARD AVE/L.B. PEARSON BU,367485.33259,5033087.57397,-75.69880922670,45.43491082620,2017-11-21,10:07:00 AM,01 - Clear,01 - Daylight,02 - Wet,10 - No control,,03 - P.D. only,05 - Turning movement,0
17-10560,OLD COUNTRY GT @ VIEWMOUNT DR,366771.65645,5023896.27021,-75.70908443540,45.35227344690,2017-11-21,8:55:00 AM,01 - Clear,01 - Daylight,02 - Wet,02 - Stop sign,01 - Functioning,03 - P.D. only,07 - SMV other,0
17-10561,CLAYMOR AVE btwn GREENBRIAR AVE & NORMANDY CRES,367051.91236,5025167.42505,-75.70534791650,45.36368621310,2017-11-21,9:03:00 AM,01 - Clear,01 - Daylight,06 - Ice,10 - No control,,03 - P.D. only,06 - SMV unattended vehicle,0
17-10562,RIVERSIDE DR SB btwn HWY417 IC117 RAMP53 & HWY417 IC117 RAMP52,370798.39917,5030997.84770,-75.65674892100,45.41580350550,2017-11-21,9:24:00 AM,01 - Clear,01 - Daylight,01 - Dry,10 - No control,,03 - P.D. only,03 - Rear end,0
17-10563,CENTENNIAL BLVD @ MAIN ST,369480.54843,5029416.28818,-75.67379261410,45.40169625890,2017-11-21,10:02:00 AM,01 - Clear,01 - Daylight,01 - Dry,02 - Stop sign,01 - Functioning,03 - P.D. only,02 - Angle,0
17-10564,DALY AVE @ NICHOLAS ST,368227.70100,5032046.35795,-75.68945596630,45.42547539190,2017-11-21,10:26:00 AM,01 - Clear,01 - Daylight,01 - Dry,01 - Traffic signal,01 - Functioning,02 - Non-fatal injury,05 - Turning movement,0
17-10565,HWY 417 VANIER IC117R26 @ VANIER PKWY,370803.38673,5031358.88664,-75.65663684410,45.41905151480,2017-11-21,10:42:00 AM,01 - Clear,01 - Daylight,01 - Dry,10 - No control,,02 - Non-fatal injury,03 - Rear end,0
17-10566,ROGER STEVENS DR @ MALAKOFF RD,362230.67726,4996125.17153,-75.77023856600,45.10277203950,2017-11-21,11:53:00 AM,01 - Clear,01 - Daylight,01 - Dry,02 - Stop sign,01 - Functioning,03 - P.D. only,07 - SMV other,0
17-10567,WAYMARK CRES btwn BRIDGESTONE DR & BRIDGESTONE DR,355343.30150,5016055.23557,-75.85572898130,45.28263545520,2017-11-20,12:00:00 AM,01 - Clear,00 - Unknown,02 - Wet,10 - No control,,03 - P.D. only,06 - SMV unattended vehicle,0
17-10568,LAURIER AVE  E btwn 73 E OF WALLER ST & CUMBERLAND ST,368529.06505,5031905.74406,-75.68562341060,45.42418280640,2017-11-21,12:00:00 AM,03 - Snow,00 - Unknown,02 - Wet,10 - No control,,03 - P.D. only,06 - SMV unattended vehicle,0
17-10569,TERRY FOX DR @ FERNBANK RD,354303.97035,5015131.81179,-75.86906852460,45.27440022840,2017-11-18,10:15:00 AM,01 - Clear,01 - Daylight,01 - Dry,01 - Traffic signal,01 - Functioning,03 - P.D. only,99 - Other,0
17-10570,RICHMOND RD @ NORTHSIDE RD E,358329.36270,5021225.97090,-75.81711013460,45.32894122030,2017-11-21,1:34:00 PM,01 - Clear,01 - Daylight,02 - Wet,01 - Traffic signal,00 - Unknown,03 - P.D. only,02 - Angle,0
17-10571,CONROY RD @ ST. LAURENT BLVD,373070.44540,5027158.58505,-75.62825405250,45.38104155210,2017-11-21,1:45:00 PM,01 - Clear,01 - Daylight,01 - Dry,01 - Traffic signal,01 - Functioning,03 - P.D. only,04 - Sideswipe,0
17-10572,GREENBANK RD btwn FALLOWFIELD RD & LARKIN DR,363166.08717,5016531.29745,-75.75596450240,45.28631307960,2017-11-21,2:05:00 PM,01 - Clear,01 - Daylight,02 - Wet,10 - No control,,02 - Non-fatal injury,03 - Rear end,0
17-10573,PUTMAN AVE @ SPRINGFIELD RD,369186.70010,5033908.39886,-75.67695864590,45.44214169360,2017-11-21,2:19:00 PM,01 - Clear,01 - Daylight,01 - Dry,02 - Stop sign,01 - Functioning,03 - P.D. only,02 - Angle,0
17-10574,BLACK'S SIDE RD @ FERNBANK RD,349803.26329,5011157.09388,-75.92678727670,45.23893671270,2017-11-21,2:37:00 PM,01 - Clear,01 - Daylight,02 - Wet,10 - No control,00 - Unknown,03 - P.D. only,02 - Angle,0
17-10575,FALLOWFIELD RD @ GREENBANK RD,363080.34125,5016732.45530,-75.75703384780,45.28813021540,2017-11-21,2:46:00 PM,01 - Clear,01 - Daylight,01 - Dry,01 - Traffic signal,01 - Functioning,03 - P.D. only,04 - Sideswipe,0
17-10576,SLACK RD @ WOODROFFE AVE,364234.63929,5019973.28346,-75.74193142420,45.31719438870,2017-11-21,11:04:00 AM,01 - Clear,01 - Daylight,01 - Dry,01 - Traffic signal,00 - Unknown,03 - P.D. only,04 - Sideswipe,0
17-10577,FRANK ST btwn BANK ST & O'CONNOR ST,367910.68051,5030614.98471,-75.69369011230,45.41262504140,2017-11-21,12:00:00 AM,01 - Clear,00 - Unknown,01 - Dry,10 - No control,,03 - P.D. only,06 - SMV unattended vehicle,0
17-10578,FENTON RD btwn QUINN RD & SOUTHCLARK PL,373692.76499,5020145.82673,-75.62128553260,45.31788255070,2017-11-21,3:30:00 PM,01 - Clear,01 - Daylight,01 - Dry,10 - No control,,03 - P.D. only,99 - Other,0
17-10579,BLAIR RD @ OGILVIE RD,374508.67949,5033198.81395,-75.60903738010,45.43524683090,2017-11-21,3:59:00 PM,01 - Clear,01 - Daylight,01 - Dry,01 - Traffic signal,01 - Functioning,03 - P.D. only,04 - Sideswipe,0
17-10580,MITCH OWENS RD/BRIDGE ST @ RIVER RD,369499.23761,5010770.67651,-75.67598929460,45.23392526220,2017-11-21,4:11:00 PM,01 - Clear,05 - Dusk,01 - Dry,01 - Traffic signal,00 - Unknown,03 - P.D. only,03 - Rear end,0
17-10581,LONGFIELDS DR @ WOODROFFE AVE,365421.92918,5017104.38609,-75.72714017200,45.29127875790,2017-11-21,4:31:00 PM,01 - Clear,05 - Dusk,01 - Dry,01 - Traffic signal,01 - Functioning,02 - Non-fatal injury,03 - Rear end,0
17-10582,GREY NUNS DR @ MEADOWVIEW CRES W,379718.20170,5037059.42926,-75.54187429620,45.46944302250,2017-11-21,4:38:00 PM,01 - Clear,05 - Dusk,01 - Dry,10 - No control,00 - Unknown,03 - P.D. only,07 - SMV other,0
17-10583,ALPINE AVE @ CARLING AVE,360497.54000,5024942.73465,-75.78903362420,45.36221589060,2017-11-21,4:47:00 PM,01 - Clear,05 - Dusk,01 - Dry,01 - Traffic signal,01 - Functioning,02 - Non-fatal injury,04 - Sideswipe,0
17-10584,BRONSON AVE/BRONSON/HERON RAMP 35 @ HERON RD,368640.43938,5026698.83974,-75.68487432720,45.37732259530,2017-11-21,4:51:00 PM,01 - Clear,05 - Dusk,03 - Loose snow,01 - Traffic signal,00 - Unknown,03 - P.D. only,03 - Rear end,0
17-10585,BLAIR RD @ MONTREAL RD,374020.17116,5034438.45740,-75.61510601510,45.44644899390,2017-11-21,4:57:00 PM,01 - Clear,07 - Dark,01 - Dry,01 - Traffic signal,01 - Functioning,02 - Non-fatal injury,05 - Turning movement,0
17-10586,MARCH RD btwn PETER ROBINSON RD & CORKERY RD,335143.45268,5015399.68744,-76.11324690300,45.27789865440,2017-11-21,4:58:00 PM,01 - Clear,07 - Dark,01 - Dry,10 - No control,,03 - P.D. only,07 - SMV other,0
17-10587,GREENBANK RD @ HWY 417 IC129 RAMP57/IRIS ST,360531.27684,5023313.25018,-75.78878670590,45.34755115650,2017-11-21,12:45:00 PM,01 - Clear,01 - Daylight,01 - Dry,01 - Traffic signal,00 - Unknown,02 - Non-fatal injury,03 - Rear end,0
17-10588,GOULBOURN FORCED RD btwn TERRY FOX DR & KANATA ROCKERIES PRIV,349365.62254,5022911.85109,-75.93130515240,45.34473763380,2017-11-21,5:37:00 PM,01 - Clear,07 - Dark,02 - Wet,10 - No control,,03 - P.D. only,03 - Rear end,0
17-10589,BANKFIELD RD btwn FIRST LINE RD & LOCKMASTER CRES,366956.78411,5009315.65771,-75.70854858110,45.22106201300,2017-11-21,5:33:00 PM,01 - Clear,07 - Dark,01 - Dry,10 - No control,,03 - P.D. only,07 - SMV other,0
17-10590,BANK ST btwn TURN LANE & MITCH OWENS RD,377694.22636,5016082.36058,-75.57085158160,45.28091720910,2017-11-21,5:50:00 PM,01 - Clear,07 - Dark,01 - Dry,10 - No control,,03 - P.D. only,07 - SMV other,0
17-10591,BANK ST @ WELLINGTON ST,367257.70700,5031627.37866,-75.70190344530,45.42179283370,2017-11-21,6:02:00 PM,01 - Clear,07 - Dark,02 - Wet,01 - Traffic signal,01 - Functioning,03 - P.D. only,07 - SMV other,1
17-10592,KANATA AVE @ TERRY FOX DR,349306.34087,5019212.76803,-75.93239414150,45.31145606950,2017-11-21,6:20:00 PM,01 - Clear,07 - Dark,01 - Dry,01 - Traffic signal,01 - Functioning,03 - P.D. only,05 - Turning movement,0
17-10593,MEADOWLANDS DR @ MERIVALE RD,364859.17780,5023724.79355,-75.73351111320,45.35089692480,2017-11-21,5:30:00 PM,01 - Clear,07 - Dark,02 - Wet,01 - Traffic signal,01 - Functioning,03 - P.D. only,05 - Turning movement,0
17-10594,GREENBANK RD btwn WEST HUNT CLUB RD & FALLOWFIELD RD,361517.89507,5020413.56359,-75.77652931200,45.32138074930,2017-11-21,7:10:00 PM,01 - Clear,07 - Dark,01 - Dry,10 - No control,,02 - Non-fatal injury,03 - Rear end,0
17-10595,CATHERINE ST @ KENT ST,367908.65425,5030187.38097,-75.69377074090,45.40877778120,2017-11-21,7:37:00 PM,01 - Clear,07 - Dark,02 - Wet,01 - Traffic signal,01 - Functioning,03 - P.D. only,05 - Turning movement,0
17-10596,STEWART ST btwn AUGUSTA ST & COBOURG ST,369195.32798,5032548.33878,-75.67702627730,45.42990361350,2017-11-21,4:50:00 PM,01 - Clear,05 - Dusk,01 - Dry,10 - No control,,03 - P.D. only,04 - Sideswipe,0
17-10597,WEST HUNT CLUB RD @ ROYDON PL/SUNDERLAND ST,365972.80760,5022171.04974,-75.71949217230,45.33682032150,2017-11-21,9:20:00 PM,02 - Rain,07 - Dark,02 - Wet,01 - Traffic signal,04 - Missing/Damaged,03 - P.D. only,02 - Angle,0
17-10598,RAMSAYVILLE RD btwn LOUISEIZE RD & NINTH LINE RD,380265.88864,5020164.03944,-75.53745515270,45.31737068660,2017-11-21,10:14:00 PM,01 - Clear,07 - Dark,02 - Wet,10 - No control,,03 - P.D. only,07 - SMV other,0
17-10599,CUMBERLAND ST @ RIDEAU ST,368375.02050,5032330.99300,-75.68753681650,45.42802306250,2017-11-22,1:35:00 AM,02 - Rain,07 - Dark,02 - Wet,01 - Traffic signal,01 - Functioning,02 - Non-fatal injury,02 - Angle,0
17-10600,KENT ST @ NEPEAN ST,367399.03815,5031030.24450,-75.70017352950,45.41640737620,2017-11-22,6:02:00 AM,01 - Clear,07 - Dark,02 - Wet,01 - Traffic signal,01 - Functioning,03 - P.D. only,02 - Angle,0
17-10601,MERIVALE RD @ FAMILY BROWN LANE,365004.62465,5023385.66760,-75.73169634030,45.34783304430,2017-11-22,6:40:00 AM,01 - Clear,03 - Dawn,02 - Wet,01 - Traffic signal,01 - Functioning,02 - Non-fatal injury,02 - Angle,0
17-10602,MOODIE DR btwn SONGBIRD PRIV & Continuation of MOODIE DR,357855.14334,5018623.53931,-75.82343819890,45.30556030130,2017-11-22,6:45:00 AM,01 - Clear,03 - Dawn,02 - Wet,10 - No control,,03 - P.D. only,07 - SMV other,0
17-10603,TRIM RD @ DAIRY DR/TAYLOR CREEK DR,384534.60004,5039596.06744,-75.47987529930,45.49173201480,2017-11-22,8:25:00 AM,01 - Clear,01 - Daylight,01 - Dry,11 - Roundabout,01 - Functioning,03 - P.D. only,07 - SMV other,0
17-10604,MOODIE DR @ HWY 417 MOODIE IC134R63,356389.04874,5022479.02537,-75.84173100100,45.34036164110,2017-11-22,8:30:00 AM,02 - Rain,01 - Daylight,02 - Wet,01 - Traffic signal,01 - Functioning,02 - Non-fatal injury,05 - Turning movement,0
17-10605,BLACKBURN BYPASS @ INNES RD E,379791.41345,5033781.56490,-75.54143793850,45.43994341720,2017-11-22,10:05:00 AM,01 - Clear,01 - Daylight,01 - Dry,01 - Traffic signal,01 - Functioning,02 - Non-fatal injury,02 - Angle,0
17-10606,PAMILLA ST @ PRESTON ST,366749.70654,5029120.56120,-75.70870918800,45.39928236960,2017-11-22,10:17:00 AM,01 - Clear,01 - Daylight,01 - Dry,01 - Traffic signal,01 - Functioning,03 - P.D. only,03 - Rear end,0
17-10607,SIXTH LINE RD btwn BERRY SIDE RD & RIDDELL DR,349045.15997,5030392.60817,-75.93472399080,45.41207118960,2017-11-21,12:15:00 AM,02 - Rain,07 - Dark,02 - Wet,10 - No control,,03 - P.D. only,07 - SMV other,0
17-10608,INNES RD @ 298 E OF WILDFLOWER DR/LOBLAWS SC,383190.22528,5035796.39335,-75.49767883280,45.45769828720,2017-11-22,10:48:00 AM,01 - Clear,01 - Daylight,01 - Dry,01 - Traffic signal,01 - Functioning,02 - Non-fatal injury,03 - Rear end,0
17-10609,BANK ST @ KILBORN AVE/BELANGER AVE,369653.21040,5027427.54780,-75.67184872050,45.38378626910,2017-11-22,10:49:00 AM,01 - Clear,01 - Daylight,02 - Wet,01 - Traffic signal,01 - Functioning,02 - Non-fatal injury,05 - Turning movement,0
17-10610,BESSERER ST @ DALHOUSIE ST,368252.70170,5032157.81345,-75.68912215550,45.42647596200,2017-11-22,6:55:00 AM,01 - Clear,03 - Dawn,01 - Dry,01 - Traffic signal,01 - Functioning,03 - P.D. only,04 - Sideswipe,0
17-10611,HOLLAND AVE btwn WELLINGTON ST W & BYRON AVE,364992.29227,5029005.37834,-75.73116883810,45.39839927670,2017-11-22,11:20:00 AM,01 - Clear,01 - Daylight,02 - Wet,10 - No control,,03 - P.D. only,03 - Rear end,0
17-10612,MEADOWLANDS DR/TALLWOOD DR @ WOODROFFE AVE,363056.35515,5022729.82540,-75.75663436080,45.34209635860,2017-11-14,11:50:00 AM,01 - Clear,01 - Daylight,01 - Dry,01 - Traffic signal,01 - Functioning,03 - P.D. only,03 - Rear end,0
17-10613,CARLING AVE @ FAIRLAWN AVE/WOODROFFE AVE E,361934.68410,5025830.52790,-75.77058762240,45.37008852270,2017-11-22,1:51:00 PM,01 - Clear,01 - Daylight,01 - Dry,01 - Traffic signal,01 - Functioning,02 - Non-fatal injury,07 - SMV other,1
17-10614,BASELINE RD @ CLYDE AVE,364357.69996,5024889.84400,-75.73977015670,45.36142266340,2017-11-17,1:00:00 PM,01 - Clear,01 - Daylight,01 - Dry,01 - Traffic signal,01 - Functioning,03 - P.D. only,02 - Angle,0
17-10615,AIRPORT PKWY/ALERT/UPLANDS/LESTER/RAMP62 btwn LESTER RD & AIRPORT PKWY,371298.16790,5021617.92774,-75.65162705790,45.33135899260,2017-11-22,2:32:00 PM,01 - Clear,01 - Daylight,01 - Dry,10 - No control,,03 - P.D. only,05 - Turning movement,0
17-10616,ADIRONDACK DR @ IRIS ST,362132.69344,5024317.84519,-75.76823543600,45.35646136000,2017-11-22,3:01:00 PM,01 - Clear,01 - Daylight,01 - Dry,02 - Stop sign,01 - Functioning,03 - P.D. only,03 - Rear end,0
17-10617,PETER MORAND CRES btwn ROGER GUINDON AVE & ROGER GUINDON AVE,372139.91974,5029646.94224,-75.63979498560,45.40352083090,2017-11-22,12:00:00 AM,01 - Clear,00 - Unknown,01 - Dry,10 - No control,,03 - P.D. only,06 - SMV unattended vehicle,0
17-10618,JOHN QUINN RD @ MITCH OWENS RD,380592.78614,5017702.13770,-75.53366272900,45.29518461480,2017-11-22,3:56:00 PM,01 - Clear,01 - Daylight,01 - Dry,02 - Stop sign,01 - Functioning,02 - Non-fatal injury,05 - Turning movement,0
17-10619,EAGLESON RD @ FALLOWFIELD RD,355962.63744,5012594.40570,-75.84819138230,45.25144934200,2017-11-22,3:50:00 PM,01 - Clear,01 - Daylight,01 - Dry,01 - Traffic signal,01 - Functioning,03 - P.D. only,02 - Angle,0
17-10620,FRANK KENNY RD btwn HUISMANS RD & MCFADDEN RD,390926.95173,5030228.16345,-75.39974620670,45.40669078450,2017-11-22,4:14:00 PM,01 - Clear,05 - Dusk,01 - Dry,10 - No control,,03 - P.D. only,01 - Approaching,0
17-10621,METCALFE ST @ SOMERSET ST,368009.70096,5031104.57280,-75.69236234670,45.41702125870,2017-11-22,4:16:00 PM,01 - Clear,01 - Daylight,01 - Dry,01 - Traffic signal,01 - Functioning,03 - P.D. only,02 - Angle,0
17-10622,INNES RD @ ORLEANS BLVD,380459.12286,5034297.74079,-75.53282494480,45.44451563880,2017-11-22,4:17:00 PM,01 - Clear,01 - Daylight,01 - Dry,01 - Traffic signal,01 - Functioning,02 - Non-fatal injury,02 - Angle,0
17-10623,SOUTHMORE DR @ WALKLEY RD,369711.05855,5025575.86669,-75.67135348010,45.36712006000,2017-11-22,4:19:00 PM,01 - Clear,01 - Daylight,02 - Wet,02 - Stop sign,01 - Functioning,02 - Non-fatal injury,03 - Rear end,0
17-10624,PRINCE OF WALES DR btwn WATERBEND LANE & TURN LANE,367431.41419,5021717.27124,-75.70094094020,45.33260861930,2017-11-22,4:39:00 PM,01 - Clear,05 - Dusk,01 - Dry,10 - No control,,03 - P.D. only,05 - Turning movement,0
17-10625,WAVERLEY ST @ O'CONNOR ST,368008.88575,5030765.00243,-75.69241631530,45.41396598880,2017-11-22,4:49:00 PM,01 - Clear,05 - Dusk,01 - Dry,02 - Stop sign,01 - Functioning,02 - Non-fatal injury,02 - Angle,0
17-10626,MEADOWGLEN DR @ ORLEANS BLVD,380344.74866,5034575.57439,-75.53424416110,45.44702774430,2017-11-22,4:53:00 PM,01 - Clear,07 - Dark,01 - Dry,01 - Traffic signal,01 - Functioning,03 - P.D. only,03 - Rear end,0
17-10627,ST. JOSEPH BLVD @ REGIONAL RD 174/TRANSITWAY,376554.82749,5035055.58139,-75.58261767280,45.45174588080,2017-11-22,5:00:00 PM,01 - Clear,07 - Dark,01 - Dry,01 - Traffic signal,01 - Functioning,03 - P.D. only,03 - Rear end,0
17-10628,BASELINE RD @ MERIVALE RD,365054.22303,5025325.27821,-75.73082703100,45.36528111050,2017-11-22,5:37:00 PM,01 - Clear,07 - Dark,01 - Dry,01 - Traffic signal,01 - Functioning,02 - Non-fatal injury,03 - Rear end,0
17-10629,BEATRICE DR @ STRANDHERD DR,365526.37366,5015322.15080,-75.72602684270,45.27523326660,2017-11-22,5:38:00 PM,01 - Clear,07 - Dark,01 - Dry,01 - Traffic signal,01 - Functioning,03 - P.D. only,03 - Rear end,0
17-10630,KENT ST @ WELLINGTON ST,367098.03225,5031528.58019,-75.70395609410,45.42091811290,2017-11-22,6:17:00 PM,01 - Clear,07 - Dark,01 - Dry,01 - Traffic signal,01 - Functioning,03 - P.D. only,03 - Rear end,0
17-10631,HUNT CLUB RD btwn NORTH BOWESVILLE RD & BILLY BISHOP PRIV,368772.50886,5022374.81230,-75.68374782220,45.33840405470,2017-11-22,6:18:00 PM,01 - Clear,07 - Dark,01 - Dry,10 - No control,,02 - Non-fatal injury,03 - Rear end,0