COLLISION_ID,LOCATION,X,Y,LONGITUDE,LATITUDE,DATE,TIME,ENVIRONMENT,LIGHT,SURFACE_CONDITION,TRAFFIC_CONTROL,TRAFFIC_CONTROL_CONDITION,COLLISION_CLASSIFICATION,IMPACT_TYPE,NO_OF_PEDESTRIANS
17-10632,CARLING AVE @ BROADVIEW AVE,363181.54960,5026637.46285,-75.75457541590,45.37724646180,2017-11-21,11:37:00 AM,01 - Clear,01 - Daylight,01 - Dry,01 - Traffic signal,01 - Functioning,02 - Non-fatal injury,03 - Rear end,0
17-10633,CARLING AVE @ WOODROFFE AVE W,361767.34915,5025725.51350,-75.77273584740,45.36915723390,2017-11-22,6:19:00 PM,01 - Clear,07 - Dark,01 - Dry,01 - Traffic signal,00 - Unknown,03 - P.D. only,04 - Sideswipe,0
17-10634,ROSEBELLA AVE btwn EIGHTH ST & CONROY RD,374247.60889,5024165.37362,-75.61364537570,45.35399423170,2017-11-22,12:00:00 AM,01 - Clear,00 - Unknown,01 - Dry,10 - No control,,03 - P.D. only,06 - SMV unattended vehicle,0
17-10635,FRANKTOWN RD btwn CONLEY RD & JOY'S RD,353379.86600,5003121.68708,-75.88201748490,45.16639334940,2017-11-22,6:40:00 PM,01 - Clear,07 - Dark,01 - Dry,10 - No control,,03 - P.D. only,07 - SMV other,0
17-10636,AIRPORT PKWY @ HUNT CLUB RD,371019.47475,5023702.76151,-75.65490314860,45.35014406880,2017-11-22,8:07:00 PM,01 - Clear,07 - Dark,01 - Dry,01 - Traffic signal,01 - Functioning,02 - Non-fatal injury,03 - Rear end,0
17-10637,ALBERT ST @ ELGIN ST/MACKENZIE KING BRIDGE,367849.70826,5031712.91919,-75.69432854030,45.42250939480,2017-11-22,8:28:00 PM,01 - Clear,07 - Dark,01 - Dry,01 - Traffic signal,01 - Functioning,03 - P.D. only,05 - Turning movement,0
17-10638,LACASSE AVE @ MONTREAL RD,370686.87565,5033406.70351,-75.65785144400,45.43748788330,2017-11-22,9:36:00 PM,01 - Clear,07 - Dark,01 - Dry,01 - Traffic signal,01 - Functioning,03 - P.D. only,05 - Turning movement,0
17-10639,ST. JOSEPH BLVD @ JEANNE D'ARC BLVD,379861.07695,5036471.58090,-75.54013710410,45.46413867920,2017-11-23,2:09:00 AM,01 - Clear,07 - Dark,01 - Dry,11 - Roundabout,00 - Unknown,02 - Non-fatal injury,07 - SMV other,0
17-10640,HAWTHORNE RD/RUSSELL RD @ WALKLEY RD,374675.07835,5028499.54130,-75.60757710330,45.39294862530,2017-11-23,6:23:00 AM,01 - Clear,03 - Dawn,01 - Dry,01 - Traffic signal,01 - Functioning,03 - P.D. only,04 - Sideswipe,0
17-10641,CAMBRIAN RD @ MOODIE DR,361121.96490,5010805.09732,-75.78266948250,45.23495489150,2017-11-23,7:52:00 AM,01 - Clear,01 - Daylight,01 - Dry,02 - Stop sign,00 - Unknown,02 - Non-fatal injury,03 - Rear end,0
17-10642,BRONSON AVE @ FIFTH AVE/MADAWASKA DR,367615.24121,5028939.57270,-75.69767774380,45.39757676630,2017-11-23,8:05:00 AM,01 - Clear,01 - Daylight,01 - Dry,01 - Traffic signal,01 - Functioning,02 - Non-fatal injury,07 - SMV other,1
17-10643,BEATRICE DR @ CLARIDGE DR,365146.19310,5016522.35500,-75.73072596950,45.28606539920,2017-11-23,8:10:00 AM,01 - Clear,01 - Daylight,02 - Wet,02 - Stop sign,01 - Functioning,03 - P.D. only,06 - SMV unattended vehicle,0
17-10644,CAMPEAU DR @ BELLROCK DR,352151.94096,5020142.20551,-75.89601627490,45.31963324840,2017-11-23,8:40:00 AM,01 - Clear,01 - Daylight,01 - Dry,02 - Stop sign,00 - Unknown,03 - P.D. only,01 - Approaching,0
17-10645,GREENBANK RD @ LISA AVE,360553.31149,5022895.46703,-75.78855262470,45.34379019860,2017-11-23,9:00:00 AM,01 - Clear,01 - Daylight,02 - Wet,01 - Traffic signal,01 - Functioning,03 - P.D. only,03 - Rear end,0
17-10646,CROSSKEYS PL/HELENE CAMPBELL RD @ STRANDHERD DR,360982.31120,5014901.73290,-75.78398492900,45.27182807490,2017-11-22,6:45:00 PM,01 - Clear,07 - Dark,01 - Dry,01 - Traffic signal,01 - Functioning,03 - P.D. only,04 - Sideswipe,0
17-10647,JOCKVALE RD @ STRANDHERD DR,363560.14605,5014579.84389,-75.75117257520,45.26872103380,2017-11-23,9:18:00 AM,01 - Clear,01 - Daylight,01 - Dry,01 - Traffic signal,01 - Functioning,02 - Non-fatal injury,03 - Rear end,0
17-10648,BEVERLY ST @ STITTSVILLE MAIN ST,349844.58694,5013825.42460,-75.92601915810,45.26294471570,2017-11-23,9:19:00 AM,01 - Clear,01 - Daylight,01 - Dry,01 - Traffic signal,01 - Functioning,03 - P.D. only,02 - Angle,0
17-10649,HWY 417 MARCH IC155R61 @ MARCH RD,339741.46935,5019502.50440,-76.05435384450,45.31460431120,2017-11-23,10:07:00 AM,01 - Clear,01 - Daylight,01 - Dry,02 - Stop sign,01 - Functioning,02 - Non-fatal injury,02 - Angle,0
17-10650,INDUSTRIAL AVE btwn RIVERSIDE DR & SANDFORD FLEMING AVE,370700.43766,5030591.88450,-75.65805470550,45.41216004470,2017-11-23,10:49:00 AM,01 - Clear,01 - Daylight,01 - Dry,10 - No control,,02 - Non-fatal injury,03 - Rear end,0
17-10651,CARP RD @ WESTBROOK RD,347736.86750,5015442.44410,-75.95273570370,45.27762709530,2017-11-23,10:52:00 AM,01 - Clear,01 - Daylight,01 - Dry,01 - Traffic signal,00 - Unknown,03 - P.D. only,03 - Rear end,0
17-10652,CARLING AVE @ WOODROFFE AVE W,361767.88266,5025724.86166,-75.77272911220,45.36915132570,2017-11-23,11:07:00 AM,04 - Freezing Rain,01 - Daylight,06 - Ice,01 - Traffic signal,01 - Functioning,03 - P.D. only,03 - Rear end,0
17-10653,OR174 IC102 RAMP36 btwn REGIONAL ROAD 174 & TRANSIT,381052.55100,5037970.64443,-75.52467040720,45.47749697620,2017-11-23,11:26:00 AM,01 - Clear,01 - Daylight,01 - Dry,10 - No control,,03 - P.D. only,03 - Rear end,0
17-10654,WOODROFFE AVE btwn FIRESTATION & BASELINE RD,362543.81330,5023785.61120,-75.76305071330,45.35163862380,2017-11-23,11:41:00 AM,02 - Rain,01 - Daylight,02 - Wet,10 - No control,,03 - P.D. only,04 - Sideswipe,0
17-10655,ST. PATRICK ST @ SUSSEX DR,367667.91764,5032460.35721,-75.69655589390,45.42925095330,2017-11-23,12:07:00 PM,01 - Clear,01 - Daylight,01 - Dry,01 - Traffic signal,01 - Functioning,03 - P.D. only,04 - Sideswipe,0
17-10656,WOODRIDGE CRES btwn BAYSHORE DR & BAYSHORE PS,358839.07545,5023657.29424,-75.81034249840,45.35077929280,2017-11-22,7:30:00 PM,01 - Clear,07 - Dark,01 - Dry,10 - No control,,03 - P.D. only,06 - SMV unattended vehicle,0
17-10657,LEITRIM RD @ ALBION RD,373493.89497,5020418.20425,-75.62378400900,45.32035279930,2017-11-23,12:13:00 PM,01 - Clear,01 - Daylight,01 - Dry,01 - Traffic signal,01 - Functioning,03 - P.D. only,03 - Rear end,0
17-10658,BINSCARTH CRES btwn SHELDRAKE DR & SHELDRAKE DR,353297.63262,5016802.30890,-75.88173036330,45.28950191690,2017-11-22,12:00:00 AM,01 - Clear,00 - Unknown,01 - Dry,10 - No control,,03 - P.D. only,06 - SMV unattended vehicle,0
17-10659,ROBERTSON RD btwn FITZGERALD RD & MOODIE DR,356989.39457,5020409.32425,-75.83428940440,45.32169387250,2017-11-23,2:35:00 PM,01 - Clear,01 - Daylight,01 - Dry,10 - No control,,03 - P.D. only,02 - Angle,0
17-10660,ROBERTSON RD btwn MOODIE DR & VANIER RD,357199.42802,5020529.05670,-75.83159780210,45.32275559090,2017-11-23,3:02:00 PM,01 - Clear,01 - Daylight,01 - Dry,10 - No control,,03 - P.D. only,05 - Turning movement,0
17-10661,HUNT CLUB RD @ RIVERSIDE DR,368037.70634,5021945.49850,-75.69317739970,45.33460778990,2017-11-23,3:13:00 PM,01 - Clear,01 - Daylight,01 - Dry,01 - Traffic signal,01 - Functioning,03 - P.D. only,03 - Rear end,0
17-10662,RIDEAU ST btwn CUMBERLAND ST & KING EDWARD AVE,368472.39590,5032391.22345,-75.68628473710,45.42855613710,2017-11-23,4:03:00 PM,01 - Clear,01 - Daylight,01 - Dry,10 - No control,,03 - P.D. only,05 - Turning movement,0
17-10663,CARLING AVE WB btwn SHERBOURNE RD & BROADVIEW AVE,362987.17951,5026517.28964,-75.75707111330,45.37618132660,2017-11-23,4:38:00 PM,01 - Clear,05 - Dusk,01 - Dry,10 - No control,,03 - P.D. only,02 - Angle,0
17-10664,SIXTH LINE RD btwn PINHEY POINT RD & BERRY SIDE RD,348047.31539,5031392.54734,-75.94738408950,45.42113116710,2017-11-23,6:40:00 AM,01 - Clear,03 - Dawn,01 - Dry,10 - No control,,03 - P.D. only,07 - SMV other,0
17-10665,INNES RD @ PAGE RD,380887.41455,5034540.55450,-75.52731319740,45.44665380110,2017-11-23,4:52:00 PM,03 - Snow,05 - Dusk,02 - Wet,01 - Traffic signal,01 - Functioning,03 - P.D. only,04 - Sideswipe,0
17-10666,CYRVILLE RD btwn LABRIE AVE & STAR TOP RD,373674.70396,5031578.80463,-75.61992189580,45.42075346160,2017-11-23,4:59:00 PM,01 - Clear,07 - Dark,01 - Dry,10 - No control,,03 - P.D. only,02 - Angle,0
17-10667,HUNT CLUB RD btwn WEST HUNT CLUB RD & TURN LANE,367853.09096,5021895.33128,-75.69553898440,45.33417300850,2017-11-23,5:15:00 PM,01 - Clear,07 - Dark,01 - Dry,10 - No control,,03 - P.D. only,03 - Rear end,0
17-10668,RIOCAN AVE @ STRANDHERD DR,364173.21214,5014943.90370,-75.74331693810,45.27194535990,2017-11-23,5:22:00 PM,03 - Snow,07 - Dark,03 - Loose snow,01 - Traffic signal,01 - Functioning,03 - P.D. only,05 - Turning movement,0
17-10669,NELSON ST btwn SOMERSET ST E & TEMPLETON ST,369133.16814,5031702.04443,-75.67793113870,45.42229469510,2017-11-22,12:00:00 AM,01 - Clear,00 - Unknown,01 - Dry,10 - No control,,03 - P.D. only,06 - SMV unattended vehicle,0
17-10670,HWY 417 MAITLAND IC126R26/62 @ MAITLAND AVE,363146.30175,5025983.36322,-75.75510270160,45.37136389250,2017-11-23,3:00:00 PM,01 - Clear,01 - Daylight,01 - Dry,01 - Traffic signal,01 - Functioning,03 - P.D. only,03 - Rear end,0
17-10671,HUNT CLUB RD btwn CONROY RD & MALAK ST,374103.52990,5025599.86651,-75.61528287780,45.36691545300,2017-11-23,5:52:00 PM,01 - Clear,07 - Dark,01 - Dry,10 - No control,,03 - P.D. only,04 - Sideswipe,0
17-10672,GOULBOURN FORCED RD btwn BADGELEY AVE & KEYROCK DR,349543.58800,5020665.33000,-75.92923738170,45.32451154720,2017-11-23,6:11:00 PM,01 - Clear,07 - Dark,01 - Dry,10 - No control,,03 - P.D. only,07 - SMV other,0
17-10673,BOOTH ST @ OTTAWA RIVER PKWY/WELLINGTON ST,366262.58476,5031008.02569,-75.71469535490,45.41630820730,2017-11-23,6:28:00 PM,01 - Clear,07 - Dark,01 - Dry,01 - Traffic signal,01 - Functioning,03 - P.D. only,05 - Turning movement,0
17-10674,MACKENZIE AVE @ RIDEAU ST,367868.02696,5032010.24910,-75.69405641320,45.42518301810,2017-11-23,6:40:00 PM,04 - Freezing Rain,07 - Dark,06 - Ice,01 - Traffic signal,00 - Unknown,03 - P.D. only,03 - Rear end,0
17-10675,BRANTHAVEN ST D @ LAKERIDGE DR,384957.80476,5034776.22300,-75.47524788190,45.44831920310,2017-11-23,6:55:00 PM,01 - Clear,07 - Dark,01 - Dry,02 - Stop sign,01 - Functioning,03 - P.D. only,02 - Angle,0
17-10676,CARLING AVE @ CARLING RMP 35,360927.91896,5025195.93796,-75.78351160540,45.36445987370,2017-11-23,5:10:00 PM,01 - Clear,05 - Dusk,01 - Dry,10 - No control,,03 - P.D. only,03 - Rear end,0
17-10677,ROBERTSON RD btwn VANIER RD & RICHMOND RD,357416.05367,5020656.86127,-75.82882115550,45.32388938540,2017-11-23,7:10:00 PM,01 - Clear,07 - Dark,01 - Dry,10 - No control,,03 - P.D. only,03 - Rear end,0
17-10678,VANIER PKWY NB btwn VANIER PKWY & DONALD ST,370270.57598,5032462.55864,-75.66329745030,45.42903196940,2017-11-23,9:42:00 PM,01 - Clear,07 - Dark,01 - Dry,10 - No control,,03 - P.D. only,03 - Rear end,0
17-10679,COOPER ST @ O'CONNOR ST,367807.70786,5031087.57769,-75.69494515230,45.41688656110,2017-11-23,9:47:00 PM,01 - Clear,07 - Dark,01 - Dry,02 - Stop sign,01 - Functioning,03 - P.D. only,04 - Sideswipe,0
17-10680,KENT ST @ LAURIER AVE,367317.03345,5031163.25081,-75.70120432500,45.41761145740,2017-11-23,9:53:00 PM,01 - Clear,07 - Dark,01 - Dry,01 - Traffic signal,01 - Functioning,03 - P.D. only,02 - Angle,0
17-10681,RAVEN AVE btwn KIRKWOOD AVE & MERIVALE RD,364802.65900,5026845.60763,-75.73385338470,45.37898235830,2017-11-24,2:39:00 AM,01 - Clear,07 - Dark,01 - Dry,10 - No control,,03 - P.D. only,07 - SMV other,0
17-10682,BASELINE RD @ MERIVALE RD,365057.24391,5025323.47689,-75.73078869100,45.36526464310,2017-11-24,7:27:00 AM,01 - Clear,03 - Dawn,01 - Dry,01 - Traffic signal,01 - Functioning,02 - Non-fatal injury,05 - Turning movement,0
17-10683,CARNELIAN CRES btwn CAMBIE RD & CAMBIE RD,368929.43300,5015155.73800,-75.68267979170,45.27343376830,2017-11-23,8:15:00 AM,01 - Clear,01 - Daylight,01 - Dry,10 - No control,,03 - P.D. only,06 - SMV unattended vehicle,0
17-10684,GREENBANK RD SB btwn TO BE DETERMINED & MORRISON DR,360552.33396,5022991.81986,-75.78855423750,45.34465725840,2017-11-24,8:52:00 AM,01 - Clear,01 - Daylight,01 - Dry,10 - No control,,02 - Non-fatal injury,03 - Rear end,0
17-10685,BANK ST @ JOHNSTON RD,370850.05826,5024839.52790,-75.65691314110,45.36038831480,2017-11-24,9:51:00 AM,01 - Clear,01 - Daylight,01 - Dry,01 - Traffic signal,01 - Functioning,03 - P.D. only,03 - Rear end,0
17-10686,OPUS ST btwn ROMINA ST & BRIGITTA ST,354637.62897,5015254.42823,-75.86480397540,45.27547999020,2017-11-23,9:00:00 PM,01 - Clear,07 - Dark,01 - Dry,10 - No control,,03 - P.D. only,07 - SMV other,0
17-10687,ST. JOSEPH BLVD @ JEANNE D'ARC BLVD,379859.07026,5036472.91869,-75.54016255730,45.46415093130,2017-11-24,9:45:00 AM,01 - Clear,01 - Daylight,01 - Dry,11 - Roundabout,01 - Functioning,03 - P.D. only,02 - Angle,0
17-10688,TITAN PRIV btwn GRANT CARMAN DR & MERIVALE RD,365125.72500,5023349.23300,-75.73015549830,45.34749480530,2017-11-24,11:15:00 AM,01 - Clear,01 - Daylight,01 - Dry,10 - No control,,02 - Non-fatal injury,02 - Angle,0
17-10689,BLAZER AVE @ PRINCE OF WALES DR,367354.38334,5021106.48750,-75.70200079480,45.32711976230,2017-11-24,11:39:00 AM,03 - Snow,01 - Daylight,02 - Wet,02 - Stop sign,00 - Unknown,03 - P.D. only,03 - Rear end,0
17-10690,ST. JOSEPH BLVD btwn BOYER RD & ORLEANS BLVD,380547.01882,5036926.11838,-75.53129665340,45.46815420240,2017-11-23,5:15:00 PM,01 - Clear,07 - Dark,02 - Wet,10 - No control,,03 - P.D. only,02 - Angle,0
17-10691,RAMSAYVILLE RD @ MITCH OWENS RD,381142.11090,5018033.44639,-75.52660899640,45.29810608300,2017-11-24,12:12:00 PM,01 - Clear,01 - Daylight,01 - Dry,02 - Stop sign,01 - Functioning,02 - Non-fatal injury,02 - Angle,0
17-10692,MAIN ST btwn EVELYN AVE & SPRINGHURST AVE,369055.09676,5030433.43812,-75.67909406980,45.41088740530,2017-11-24,12:35:00 PM,01 - Clear,01 - Daylight,01 - Dry,10 - No control,,03 - P.D. only,03 - Rear end,0
17-10693,MACLAREN ST @ METCALFE ST,368051.37225,5031031.90690,-75.69183928800,45.41636366910,2017-11-24,12:50:00 PM,01 - Clear,01 - Daylight,01 - Dry,01 - Traffic signal,01 - Functioning,03 - P.D. only,05 - Turning movement,0
17-10694,DALY AVE @ NICHOLAS ST,368227.36655,5032044.56701,-75.68946046980,45.42545930750,2017-11-24,1:22:00 PM,01 - Clear,01 - Daylight,01 - Dry,01 - Traffic signal,01 - Functioning,03 - P.D. only,03 - Rear end,0
17-10695,COLONEL BY DR/SUSSEX DR @ RIDEAU ST,367922.03115,5032043.91460,-75.69336205030,45.42548105760,2017-11-24,2:03:00 PM,01 - Clear,01 - Daylight,01 - Dry,01 - Traffic signal,01 - Functioning,03 - P.D. only,07 - SMV other,0
17-10696,TWEEDSMUIR AVE btwn CLARE ST & AVONDALE AVE,363817.28075,5027761.02528,-75.74632468550,45.38730283840,2017-11-23,12:00:00 AM,01 - Clear,00 - Unknown,01 - Dry,10 - No control,,03 - P.D. only,06 - SMV unattended vehicle,0
17-10697,LOTTA AVE btwn ST. HELEN'S PL & CLYDE AVE,364483.36968,5024489.62644,-75.73821450390,45.35781087360,2017-11-24,2:27:00 PM,01 - Clear,01 - Daylight,01 - Dry,10 - No control,,03 - P.D. only,04 - Sideswipe,0
17-10698,CHAPMAN MILLS DR btwn LEAMINGTON WAY & TEMAGAMI DR,365209.58477,5014768.97140,-75.73013133480,45.27028305690,2017-11-24,2:26:00 PM,01 - Clear,01 - Daylight,01 - Dry,10 - No control,,03 - P.D. only,02 - Angle,0
17-10699,CAMPEAU DR @ TERRY FOX DR,350454.59736,5019011.12410,-75.91776932910,45.30956791170,2017-11-24,2:35:00 PM,02 - Rain,01 - Daylight,02 - Wet,01 - Traffic signal,01 - Functioning,03 - P.D. only,03 - Rear end,0
17-10700,SMYTH RD E/LANCASTER RD @ ST. LAURENT BLVD N/R,373364.83528,5029425.02466,-75.62418050110,45.40140521600,2017-11-24,2:41:00 PM,01 - Clear,01 - Daylight,01 - Dry,01 - Traffic signal,01 - Functioning,03 - P.D. only,04 - Sideswipe,0
17-10701,PALLADIUM DR btwn SILVER SEVEN RD & TERRY FOX DR,351238.79804,5018146.86169,-75.90784996660,45.30173963600,2017-11-24,3:57:00 PM,01 - Clear,01 - Daylight,01 - Dry,10 - No control,,03 - P.D. only,02 - Angle,0
17-10702,FLEWELLYN RD btwn SHEA RD & FAULKNER TR,353142.53817,5012300.06499,-75.88414573950,45.24900015520,2017-11-24,3:02:00 PM,01 - Clear,01 - Daylight,01 - Dry,10 - No control,,02 - Non-fatal injury,07 - SMV other,0
17-10703,HAWTHORNE RD @ HUNT CLUB RD,375507.41545,5026406.52920,-75.59724786290,45.37403320210,2017-11-24,3:27:00 PM,01 - Clear,01 - Daylight,01 - Dry,01 - Traffic signal,01 - Functioning,03 - P.D. only,04 - Sideswipe,0
17-10704,GREENBANK RD @ WEST HUNT CLUB RD,361479.67700,5020501.76235,-75.77700667350,45.32217744880,2017-11-24,3:42:00 PM,01 - Clear,01 - Daylight,01 - Dry,01 - Traffic signal,01 - Functioning,03 - P.D. only,03 - Rear end,0
17-10705,SECOND AVE @ BRONSON AVE,367518.70326,5029162.55530,-75.69888232220,45.39959175430,2017-11-24,4:03:00 PM,01 - Clear,01 - Daylight,01 - Dry,02 - Stop sign,01 - Functioning,03 - P.D. only,05 - Turning movement,0
17-10706,RIVERSIDE DR NB btwn SAN REMO PRIV & INDUSTRIAL AVE,370656.29051,5030532.35273,-75.65862662370,45.41162855710,2017-11-24,4:07:00 PM,01 - Clear,01 - Daylight,01 - Dry,10 - No control,,03 - P.D. only,03 - Rear end,0
17-10707,CARLING AVE @ WOODROFFE AVE W,361767.34915,5025724.84460,-75.77273592450,45.36915121520,2017-11-24,4:13:00 PM,01 - Clear,05 - Dusk,01 - Dry,01 - Traffic signal,01 - Functioning,03 - P.D. only,03 - Rear end,0
17-10708,PALLADIUM DR btwn HWY417 IC142 RAMP52 & HWY417 IC142 RAMP53,349071.51316,5017036.31576,-75.93558319850,45.29188651830,2017-11-24,4:16:00 PM,01 - Clear,01 - Daylight,01 - Dry,10 - No control,,02 - Non-fatal injury,05 - Turning movement,0
17-10709,STITTSVILLE MAIN ST @ HAZELDEAN RD,349558.73255,5014879.38590,-75.92956648990,45.27244688140,2017-11-24,4:27:00 PM,01 - Clear,05 - Dusk,01 - Dry,01 - Traffic signal,01 - Functioning,03 - P.D. only,05 - Turning movement,0
17-10710,LONGFIELDS DR @ WOODROFFE AVE,365422.84214,5017106.94490,-75.72712822190,45.29130170310,2017-11-24,4:29:00 PM,01 - Clear,05 - Dusk,01 - Dry,01 - Traffic signal,01 - Functioning,03 - P.D. only,05 - Turning movement,0
17-10711,WALKLEY RD btwn CONROY RD & 160 W OF CONROY RD,372853.22093,5027433.43097,-75.63098958540,45.38353563610,2017-11-24,4:41:00 PM,01 - Clear,05 - Dusk,02 - Wet,10 - No control,,03 - P.D. only,03 - Rear end,0
17-10712,VICTORIA ST btwn YORKS CORNERS RD & CARTWRIGHT RD,389254.98774,5013565.48337,-75.42394432520,45.25697859540,2017-11-24,4:51:00 PM,01 - Clear,05 - Dusk,01 - Dry,10 - No control,,03 - P.D. only,07 - SMV other,0
17-10713,REGIONAL ROAD 174 btwn MCTEER RD & CANAAN RD,395536.03005,5043326.59458,-75.33846014350,45.52395039180,2017-11-24,4:52:00 PM,02 - Rain,07 - Dark,02 - Wet,10 - No control,,03 - P.D. only,07 - SMV other,0
17-10714,CARLING AVE @ MOODIE DR/JAMES CUMMINGS AVE W,356001.77100,5023937.19622,-75.84652132900,45.35351076690,2017-11-24,4:57:00 PM,01 - Clear,07 - Dark,01 - Dry,01 - Traffic signal,01 - Functioning,02 - Non-fatal injury,05 - Turning movement,0
17-10715,CONROY RD @ HUNT CLUB RD,373762.73666,5025405.86059,-75.61965994650,45.36520348220,2017-11-24,4:58:00 PM,01 - Clear,07 - Dark,01 - Dry,01 - Traffic signal,01 - Functioning,03 - P.D. only,03 - Rear end,0
17-10716,MERIVALE RD @ WEST HUNT CLUB RD,365612.36075,5021943.16710,-75.72411871440,45.33480119700,2017-11-24,5:07:00 PM,01 - Clear,07 - Dark,01 - Dry,01 - Traffic signal,01 - Functioning,03 - P.D. only,03 - Rear end,0
17-10717,WOODROFFE AVE btwn HWY417 IC127 RAMP53 & IRIS ST,362220.81919,5024590.01448,-75.76707912050,45.35890310700,2017-11-24,5:15:00 PM,01 - Clear,07 - Dark,02 - Wet,10 - No control,,03 - P.D. only,03 - Rear end,0
17-10718,INNES RD @ STAR TOP RD/WINDMILL LANE,374148.06025,5030668.56719,-75.61400218770,45.41251684950,2017-11-24,5:13:00 PM,01 - Clear,07 - Dark,01 - Dry,01 - Traffic signal,01 - Functioning,03 - P.D. only,03 - Rear end,0
17-10719,BANK ST @ JOHNSTON RD,370851.39605,5024838.19011,-75.65689624560,45.36037615160,2017-11-24,5:21:00 PM,01 - Clear,07 - Dark,01 - Dry,01 - Traffic signal,01 - Functioning,03 - P.D. only,05 - Turning movement,0
17-10720,WOODROFFE AVE btwn FALLOWFIELD RD & EARL MULLIGAN DR,365163.04317,5017717.26810,-75.73036577770,45.29681572300,2017-11-24,5:38:00 PM,01 - Clear,07 - Dark,01 - Dry,10 - No control,,03 - P.D. only,03 - Rear end,0
17-10721,BASELINE RD btwn MERIVALE RD & FARLANE BLVD,365143.99406,5025380.36440,-75.72967443800,45.36576904440,2017-11-24,5:42:00 PM,01 - Clear,07 - Dark,01 - Dry,10 - No control,,03 - P.D. only,03 - Rear end,0
17-10722,RICHARDSON SIDE RD @ TERRY FOX DR,348803.08600,5019506.07210,-75.93878597800,45.31412702200,2017-11-24,3:00:00 PM,01 - Clear,01 - Daylight,01 - Dry,01 - Traffic signal,01 - Functioning,02 - Non-fatal injury,04 - Sideswipe,0
17-10723,SHEA RD btwn FERNBANK RD & FLEWELLYN RD,352984.67874,5012185.06736,-75.88616780250,45.24797619630,2017-11-23,8:20:00 PM,01 - Clear,07 - Dark,01 - Dry,10 - No control,,03 - P.D. only,07 - SMV other,0
17-10724,VANIER PKWY NB btwn DONALD ST & QUEEN MARY ST,370328.52667,5032147.28588,-75.66259887780,45.42618984870,2017-11-24,5:30:00 PM,01 - Clear,07 - Dark,01 - Dry,10 - No control,,03 - P.D. only,03 - Rear end,0
17-10725,WOODROFFE AVE @ QUEENSBURY DR/RIDEAUCREST DR,365728.03595,5016327.77730,-75.72333339530,45.28426440380,2017-11-24,5:59:00 PM,01 - Clear,07 - Dark,01 - Dry,01 - Traffic signal,01 - Functioning,02 - Non-fatal injury,05 - Turning movement,0
17-10726,EARL ARMSTRONG RD @ SPRATT RD,368405.73648,5015011.44000,-75.68937203820,45.27218295570,2017-11-24,6:25:00 PM,01 - Clear,07 - Dark,01 - Dry,01 - Traffic signal,01 - Functioning,02 - Non-fatal injury,05 - Turning movement,0
17-10727,BOOTH ST @ PRIMROSE AVE,366496.69526,5030472.24060,-75.71177149070,45.41146676040,2017-11-24,7:21:00 PM,01 - Clear,07 - Dark,01 - Dry,01 - Traffic signal,01 - Functioning,02 - Non-fatal injury,07 - SMV other,1
17-10728,WELLINGTON ST @ BAYSWATER AVE/BAYVIEW RD,365760.86355,5030012.37280,-75.72122836420,45.40739347100,2017-11-24,6:35:00 PM,01 - Clear,07 - Dark,01 - Dry,02 - Stop sign,01 - Functioning,03 - P.D. only,02 - Angle,0
17-10729,NAVAHO DR @ WOODROFFE AVE/TRANSITWAY N BASELIN,362706.69286,5023492.57562,-75.76100646810,45.34898848170,2017-11-24,3:10:00 PM,01 - Clear,01 - Daylight,01 - Dry,01 - Traffic signal,01 - Functioning,03 - P.D. only,05 - Turning movement,0
17-10730,EAGLESON RD @ MICHAEL COWPLAND DR/STONEHAVEN D,354380.95376,5016622.77520,-75.86793847520,45.28781084050,2017-11-24,7:31:00 PM,01 - Clear,07 - Dark,01 - Dry,01 - Traffic signal,01 - Functioning,02 - Non-fatal injury,03 - Rear end,0
17-10731,BANK ST btwn ARENA PL & WHITE ALDER AVE,375504.33300,5021256.63513,-75.59802356420,45.32769706660,2017-11-25,12:46:00 AM,01 - Clear,07 - Dark,01 - Dry,10 - No control,,03 - P.D. only,07 - SMV other,0
17-10732,BEAUSOLEIL DR btwn YORK ST & COBOURG ST,368898.79124,5032821.95125,-75.68078001650,45.43239271620,2017-11-24,2:21:00 AM,01 - Clear,07 - Dark,01 - Dry,10 - No control,,03 - P.D. only,06 - SMV unattended vehicle,0
17-10733,CAHILL DR @ CUTTS PRIV,372001.06405,5024836.86539,-75.64222328930,45.36025497410,2017-11-25,8:13:00 AM,02 - Rain,01 - Daylight,02 - Wet,10 - No control,00 - Unknown,03 - P.D. only,02 - Angle,0
17-10734,ST. JOSEPH BLVD @ JEANNE D'ARC BLVD,379861.74584,5036472.24980,-75.54012845070,45.46414462560,2017-11-25,9:20:00 AM,02 - Rain,01 - Daylight,02 - Wet,11 - Roundabout,01 - Functioning,03 - P.D. only,02 - Angle,0
17-10735,ALTA VISTA DR @ CUNNINGHAM AVE,370345.05735,5028016.87590,-75.66293677390,45.38902444540,2017-11-25,10:16:00 AM,02 - Rain,01 - Daylight,02 - Wet,02 - Stop sign,01 - Functioning,03 - P.D. only,03 - Rear end,0