COLLISION_ID,LOCATION,X,Y,LONGITUDE,LATITUDE,DATE,TIME,ENVIRONMENT,LIGHT,SURFACE_CONDITION,TRAFFIC_CONTROL,TRAFFIC_CONTROL_CONDITION,COLLISION_CLASSIFICATION,IMPACT_TYPE,NO_OF_PEDESTRIANS
17-10736,EARL ARMSTRONG RD @ RIVER RD,367571.71516,5014685.73529,-75.70004140880,45.26932723370,2017-11-25,10:32:00 AM,02 - Rain,01 - Daylight,02 - Wet,01 - Traffic signal,01 - Functioning,03 - P.D. only,05 - Turning movement,0
17-10737,BEECH ST btwn BAYSWATER PL & BAYSWATER AVE,366136.56030,5029036.65305,-75.71655067010,45.39858137050,2017-11-24,12:00:00 AM,01 - Clear,00 - Unknown,01 - Dry,10 - No control,,03 - P.D. only,06 - SMV unattended vehicle,0
17-10738,CYRVILLE RD btwn STAR TOP RD & MEADOWBROOK RD,374500.30146,5031284.69657,-75.60941532450,45.41802546740,2017-11-25,11:20:00 AM,02 - Rain,01 - Daylight,02 - Wet,10 - No control,,02 - Non-fatal injury,02 - Angle,0
17-10739,NICHOLAS ST NB btwn HWY417 IC118 RAMP52 & WALLER ST/TRANSITWAY,368534.80940,5031678.85917,-75.68557936770,45.42214085300,2017-11-24,9:45:00 PM,01 - Clear,07 - Dark,01 - Dry,10 - No control,,03 - P.D. only,03 - Rear end,0
17-10740,WOODROFFE AVE btwn CARLINGWOOD SC & CARLING AVE,361905.58711,5025892.06636,-75.77095194620,45.37064461210,2017-11-25,11:42:00 AM,01 - Clear,01 - Daylight,01 - Dry,10 - No control,,03 - P.D. only,05 - Turning movement,0
17-10741,MCARTHUR AVE @ VANIER PKWY,370218.37055,5032690.58590,-75.66393426230,45.43108854960,2017-11-25,11:40:00 AM,02 - Rain,01 - Daylight,02 - Wet,01 - Traffic signal,01 - Functioning,03 - P.D. only,03 - Rear end,0
17-10742,VANIER PKWY/CRICHTON ST @ BEECHWOOD AVE/ST. PA,369127.85279,5033487.14728,-75.67776585850,45.43835685700,2017-11-25,12:19:00 PM,01 - Clear,01 - Daylight,01 - Dry,01 - Traffic signal,01 - Functioning,03 - P.D. only,03 - Rear end,0
17-10743,WOODROFFE AVE/HWY 417 WOODROFF IC127R25 @ HWY,362180.01131,5024695.37044,-75.76758771990,45.35985443210,2017-11-25,12:42:00 PM,01 - Clear,01 - Daylight,02 - Wet,01 - Traffic signal,01 - Functioning,03 - P.D. only,03 - Rear end,0
17-10744,COLONEL BY DR/SUSSEX DR @ RIDEAU ST,367922.03115,5032045.25240,-75.69336187890,45.42549309470,2017-11-25,12:53:00 PM,01 - Clear,01 - Daylight,01 - Dry,01 - Traffic signal,01 - Functioning,03 - P.D. only,04 - Sideswipe,0
17-10745,JEANNE D'ARC BLVD  S btwn SAPINIER ST & INNES RD,382618.52326,5035614.94252,-75.50501638860,45.45612965350,2017-11-25,1:08:00 PM,02 - Rain,01 - Daylight,02 - Wet,10 - No control,,02 - Non-fatal injury,03 - Rear end,0
17-10746,ST. JOSEPH BLVD/OLD MONTREAL RD @ TRIM RD,384676.95234,5039292.23080,-75.47810377480,45.48898211350,2017-11-25,11:20:00 AM,02 - Rain,01 - Daylight,02 - Wet,11 - Roundabout,01 - Functioning,03 - P.D. only,02 - Angle,0
17-10747,MCARTHUR AVE @ VANIER PKWY,370218.37055,5032692.59259,-75.66393399570,45.43110660510,2017-11-24,5:15:00 PM,01 - Clear,07 - Dark,02 - Wet,01 - Traffic signal,01 - Functioning,03 - P.D. only,03 - Rear end,0
17-10748,O'CONNOR ST btwn GLADSTONE AVE & MCLEOD ST,368081.06572,5030645.19177,-75.69150958930,45.41288144840,2017-11-25,2:05:00 PM,01 - Clear,01 - Daylight,01 - Dry,10 - No control,,03 - P.D. only,04 - Sideswipe,0
17-10749,STRANDHERD DR @ CEDARVIEW RD/TARTAN DR,362292.02484,5013545.08854,-75.76745167680,45.25951503870,2017-11-25,2:07:00 PM,02 - Rain,01 - Daylight,02 - Wet,01 - Traffic signal,01 - Functioning,03 - P.D. only,03 - Rear end,0
17-10750,ST. JOSEPH BLVD/OLD MONTREAL RD @ TRIM RD,384676.95234,5039283.68221,-75.47810516570,45.48890520160,2017-11-25,2:13:00 PM,02 - Rain,01 - Daylight,02 - Wet,11 - Roundabout,01 - Functioning,03 - P.D. only,03 - Rear end,0
17-10751,HOLLY ACRES RD btwn HWY416 IC75C RAMP24 & RICHMOND RD,358961.19657,5022792.63984,-75.80887876470,45.34298969300,2017-11-25,2:26:00 PM,01 - Clear,01 - Daylight,02 - Wet,10 - No control,,03 - P.D. only,03 - Rear end,0
17-10752,MAPLE GROVE RD @ TERRY FOX DR,351553.94305,5017865.13340,-75.90385827620,45.29918366680,2017-11-25,2:33:00 PM,02 - Rain,01 - Daylight,02 - Wet,01 - Traffic signal,01 - Functioning,03 - P.D. only,03 - Rear end,0
17-10753,LINDA LOOP btwn SNOWBIRD LANE & JESSIE ST,334613.32762,5024460.08180,-76.11945829200,45.35945150570,2017-11-24,7:30:00 PM,01 - Clear,07 - Dark,01 - Dry,10 - No control,,03 - P.D. only,06 - SMV unattended vehicle,0
17-10754,ALLEN BLVD @ MCARTHUR AVE,370750.37065,5032748.90270,-75.65712807340,45.43156329280,2017-11-24,4:00:00 PM,01 - Clear,01 - Daylight,01 - Dry,01 - Traffic signal,00 - Unknown,03 - P.D. only,05 - Turning movement,0
17-10755,OTTAWA ROAD 29 btwn GALETTA SIDE RD & WALTER BRADLEY RD,320187.54986,5025518.15652,-76.30355649730,45.36943774000,2017-11-25,5:05:00 PM,01 - Clear,07 - Dark,01 - Dry,10 - No control,,03 - P.D. only,07 - SMV other,0
17-10756,FALLOWFIELD RD btwn HWY416 IC66 RAMP52 & HWY416 IC66 RAMP24,360172.78006,5014822.83212,-75.79430999950,45.27118232660,2017-11-25,5:32:00 PM,02 - Rain,07 - Dark,02 - Wet,10 - No control,,03 - P.D. only,03 - Rear end,0
17-10757,CASTLEFRANK RD @ MACNEIL CRT,352550.57745,5017823.04810,-75.89115533670,45.29873794110,2017-11-25,3:10:00 PM,01 - Clear,01 - Daylight,01 - Dry,02 - Stop sign,00 - Unknown,03 - P.D. only,05 - Turning movement,0
17-10758,CHAPEL ST btwn TEMPLETON ST & MANN AVE,369475.44120,5031676.88434,-75.67356122810,45.42203675440,2017-11-25,12:00:00 AM,01 - Clear,00 - Unknown,01 - Dry,10 - No control,,03 - P.D. only,06 - SMV unattended vehicle,0
17-10759,HINCHEY AVE @ SCOTT ST,365088.99734,5029810.11969,-75.72983536570,45.40563183900,2017-11-25,7:04:00 PM,01 - Clear,07 - Dark,02 - Wet,02 - Stop sign,01 - Functioning,03 - P.D. only,05 - Turning movement,0
17-10761,HUNTMAR DR btwn AUTOPARK PRIV & PALLADIUM DR,349549.89667,5017508.24797,-75.92944201510,45.29610281160,2017-11-25,10:10:00 PM,02 - Rain,99 - Other,02 - Wet,10 - No control,,03 - P.D. only,02 - Angle,0
17-10762,OLD MONTREAL RD btwn KINSELLA DR & TO BE DETERMINED,392515.68619,5042703.25640,-75.37722845260,45.51872900280,2017-11-25,11:15:00 PM,01 - Clear,07 - Dark,02 - Wet,10 - No control,,03 - P.D. only,07 - SMV other,0
17-10763,BAYSHORE DR @ WOODRIDGE CRES N,359074.54324,5023875.07810,-75.80731372770,45.35272073100,2017-11-26,12:35:00 AM,03 - Snow,07 - Dark,02 - Wet,01 - Traffic signal,01 - Functioning,03 - P.D. only,03 - Rear end,0
17-10764,BANK ST @ RIVERSIDE DR N,369226.05035,5027983.54600,-75.67723025210,45.38882838300,2017-11-26,1:40:00 AM,02 - Rain,07 - Dark,02 - Wet,01 - Traffic signal,01 - Functioning,03 - P.D. only,02 - Angle,0
17-10765,O'CONNOR ST btwn FIFTH AVE & HOLMWOOD AVE,368740.65133,5029484.61203,-75.68323397880,45.40237898390,2017-11-26,2:04:00 AM,01 - Clear,07 - Dark,02 - Wet,10 - No control,,03 - P.D. only,04 - Sideswipe,0
17-10766,EARL ARMSTRONG RD btwn BOWESVILLE RD & HIGH RD,372906.52053,5017671.65365,-75.63165275390,45.29569738000,2017-11-26,2:00:00 AM,03 - Snow,07 - Dark,03 - Loose snow,10 - No control,,03 - P.D. only,07 - SMV other,0
17-10767,AQUAVIEW DR @ BRIAN COBURN BLVD,384775.75716,5035179.37716,-75.47750929530,45.45196726730,2017-11-26,4:52:00 AM,03 - Snow,07 - Dark,06 - Ice,02 - Stop sign,01 - Functioning,03 - P.D. only,07 - SMV other,0
17-10768,KLONDIKE RD @ MARCH RD,349263.97434,5024060.28331,-75.93249894250,45.35507794230,2017-11-26,6:56:00 AM,01 - Clear,03 - Dawn,06 - Ice,01 - Traffic signal,01 - Functioning,02 - Non-fatal injury,07 - SMV other,0
17-10769,RICHARDSON SIDE RD @ TERRY FOX DR,348803.08600,5019506.07210,-75.93878597800,45.31412702200,2017-11-26,7:52:00 AM,01 - Clear,01 - Daylight,01 - Dry,01 - Traffic signal,01 - Functioning,03 - P.D. only,02 - Angle,0
17-10770,DONALD ST @ ST. LAURENT BLVD,372094.04735,5032472.58490,-75.63999503890,45.42894911130,2017-11-26,8:44:00 AM,01 - Clear,01 - Daylight,01 - Dry,01 - Traffic signal,01 - Functioning,03 - P.D. only,02 - Angle,0
17-10771,OGILVIE RD @ ELMRIDGE DR/JASMINE CRES N,375421.06455,5034060.57820,-75.59725377950,45.44290892870,2017-11-26,10:15:00 AM,01 - Clear,01 - Daylight,01 - Dry,01 - Traffic signal,01 - Functioning,02 - Non-fatal injury,05 - Turning movement,0
17-10772,MELANIE CRES btwn SUMNER ST & MCKITRICK DR (2),352763.85949,5017195.94452,-75.88849668860,45.29308058110,2017-11-26,11:26:00 AM,01 - Clear,01 - Daylight,06 - Ice,10 - No control,,03 - P.D. only,06 - SMV unattended vehicle,0
17-10773,RIOCAN AVE btwn MARKETPLACE AVE & END,364332.00418,5014677.05841,-75.74132537820,45.26953085900,2017-11-26,11:28:00 AM,01 - Clear,01 - Daylight,01 - Dry,10 - No control,,03 - P.D. only,02 - Angle,0
17-10774,EAGLESON RD @ COPE DR/CADENCE GT,354621.05431,5016027.61373,-75.86493760380,45.28243846670,2017-11-26,11:41:00 AM,01 - Clear,01 - Daylight,01 - Dry,01 - Traffic signal,01 - Functioning,03 - P.D. only,04 - Sideswipe,0
17-10775,WOODROFFE AVE @ ALGONQUIN COLLEGE/TRANSITWAY S,362822.13272,5023270.32531,-75.75955944680,45.34697914980,2017-11-26,11:57:00 AM,01 - Clear,01 - Daylight,01 - Dry,01 - Traffic signal,01 - Functioning,02 - Non-fatal injury,03 - Rear end,0
17-10776,HIGHCROFT DR @ MANOTICK MAIN ST,368615.70724,5009989.06310,-75.68734104580,45.22697296710,2017-11-26,12:59:00 PM,01 - Clear,01 - Daylight,01 - Dry,02 - Stop sign,00 - Unknown,02 - Non-fatal injury,05 - Turning movement,0
17-10777,CUMMINGS AVE btwn OGILVIE RD & LABELLE ST,372843.36903,5031961.22115,-75.63049060200,45.42427561180,2017-11-26,12:10:00 PM,01 - Clear,01 - Daylight,01 - Dry,10 - No control,,03 - P.D. only,02 - Angle,0
17-10778,ABBOTT ST @ IBER RD,351979.74764,5014877.73389,-75.89871336780,45.27227375100,2017-11-26,2:41:00 PM,02 - Rain,01 - Daylight,02 - Wet,10 - No control,,03 - P.D. only,03 - Rear end,0
17-10779,JEANNE D'ARC BLVD @ ORLEANS BLVD S,380941.07895,5036251.24850,-75.52636241910,45.46203942430,2017-11-26,3:03:00 PM,01 - Clear,01 - Daylight,01 - Dry,01 - Traffic signal,01 - Functioning,03 - P.D. only,03 - Rear end,0
17-10780,CASTLEFRANK RD @ KATIMAVIK RD,351950.11845,5018943.51590,-75.89870449850,45.30886074420,2017-11-26,3:11:00 PM,01 - Clear,01 - Daylight,01 - Dry,01 - Traffic signal,01 - Functioning,03 - P.D. only,03 - Rear end,0
17-10781,FOXVIEW PL btwn BRUNEL ST & MONTREAL RD,372802.27801,5034683.91936,-75.63063952090,45.44877708030,2017-11-26,3:12:00 PM,01 - Clear,01 - Daylight,01 - Dry,10 - No control,,03 - P.D. only,07 - SMV other,0
17-10782,EAGLESON RD @ FERNBANK RD,354798.96375,5015586.75580,-75.86271436800,45.27845889660,2017-11-26,3:28:00 PM,01 - Clear,01 - Daylight,02 - Wet,01 - Traffic signal,01 - Functioning,02 - Non-fatal injury,05 - Turning movement,0
17-10783,PRINCE OF WALES DR @ WEST HUNT CLUB RD,367459.71364,5021890.16551,-75.70055803990,45.33416176500,2017-11-26,1:30:00 PM,01 - Clear,01 - Daylight,01 - Dry,01 - Traffic signal,01 - Functioning,03 - P.D. only,03 - Rear end,0
17-10784,WALKLEY RD btwn HALIFAX DR & ST. LAURENT BLVD,373781.60480,5027977.97492,-75.61905981720,45.38834439150,2017-11-26,5:30:00 PM,03 - Snow,07 - Dark,03 - Loose snow,10 - No control,,03 - P.D. only,03 - Rear end,0
17-10785,WOODROFFE AVE btwn ELDER ST & SAUNDERS AVE,361476.70112,5026896.83526,-75.77631163930,45.37972025230,2017-11-26,5:51:00 PM,03 - Snow,07 - Dark,03 - Loose snow,10 - No control,,02 - Non-fatal injury,01 - Approaching,0
17-10786,CHURCHILL AVE @ CLARE ST/PRINCETON AVE,363461.68734,5027750.88020,-75.75086657730,45.38724142670,2017-11-26,5:48:00 PM,03 - Snow,07 - Dark,06 - Ice,01 - Traffic signal,01 - Functioning,03 - P.D. only,07 - SMV other,0
17-10787,PAUL METIVIER DR btwn LEAMINGTON WAY & LONGFIELDS DR,365122.75200,5014257.91300,-75.73129991860,45.26569201160,2017-11-26,6:11:00 PM,03 - Snow,07 - Dark,03 - Loose snow,10 - No control,,03 - P.D. only,06 - SMV unattended vehicle,0
17-10788,FALLOWFIELD RD @ RICHMOND RD,357720.63226,5013529.41600,-75.82569660680,45.25973274130,2017-11-26,6:16:00 PM,03 - Snow,07 - Dark,03 - Loose snow,01 - Traffic signal,01 - Functioning,03 - P.D. only,02 - Angle,0
17-10789,BASELINE RD @ CENTREPOINTE DR E/HIGHGATE RD,362061.35215,5023466.84309,-75.76924447840,45.34880992820,2017-11-26,6:15:00 PM,03 - Snow,07 - Dark,03 - Loose snow,01 - Traffic signal,01 - Functioning,03 - P.D. only,03 - Rear end,0
17-10790,BEN ST @ COTE ST,371535.37965,5033195.93239,-75.64703586600,45.43551099170,2017-11-26,6:18:00 PM,03 - Snow,07 - Dark,03 - Loose snow,03 - Yield sign,00 - Unknown,03 - P.D. only,07 - SMV other,0
17-10791,KING EDWARD AVE @ RIDEAU ST,368511.37275,5032413.58920,-75.68578378040,45.42875382610,2017-11-26,6:15:00 PM,03 - Snow,07 - Dark,03 - Loose snow,01 - Traffic signal,01 - Functioning,03 - P.D. only,05 - Turning movement,0
17-10792,FALLOWFIELD RD btwn EAGLESON RD & RICHMOND RD,356421.35676,5012777.00590,-75.84232874810,45.25305892110,2017-11-26,6:19:00 PM,03 - Snow,07 - Dark,03 - Loose snow,10 - No control,,03 - P.D. only,07 - SMV other,0
17-10793,RUSSELL AVE btwn OSGOODE ST & SOMERSET ST E,369175.23816,5031992.46671,-75.67735565650,45.42490393660,2017-11-26,6:20:00 PM,03 - Snow,07 - Dark,05 - Packed snow,10 - No control,,03 - P.D. only,06 - SMV unattended vehicle,0
17-10794,INNES RD @ TRIM RD,386567.77544,5037274.22480,-75.45425371910,45.47060723170,2017-11-26,6:31:00 PM,03 - Snow,07 - Dark,02 - Wet,01 - Traffic signal,01 - Functioning,03 - P.D. only,03 - Rear end,0
17-10795,PALLADIUM DR @ SILVER SEVEN RD,351052.61104,5017887.44680,-75.91024814740,45.29941763330,2017-11-26,6:37:00 PM,03 - Snow,07 - Dark,05 - Packed snow,01 - Traffic signal,01 - Functioning,03 - P.D. only,07 - SMV other,0
17-10796,CLARKE AVE @ ST. LAURENT BLVD,371733.71796,5033352.92100,-75.64447978570,45.43690454420,2017-11-26,6:30:00 PM,03 - Snow,07 - Dark,02 - Wet,01 - Traffic signal,01 - Functioning,03 - P.D. only,03 - Rear end,0
17-10797,RIVER RD @ RIVERSEDGE CRES,368003.70900,5015872.07500,-75.69438562420,45.27996311050,2017-11-26,6:41:00 PM,05 - Drifting Snow,07 - Dark,03 - Loose snow,02 - Stop sign,01 - Functioning,03 - P.D. only,07 - SMV other,0
17-10798,CLARENCE ST @ COBOURG ST,368949.37495,5033057.26010,-75.68010293360,45.43450529650,2017-11-26,6:48:00 PM,03 - Snow,07 - Dark,06 - Ice,02 - Stop sign,01 - Functioning,03 - P.D. only,07 - SMV other,0
17-10799,RUSSELL RD btwn HERBERT DR & FORCED RD,395296.36600,5027573.07667,-75.34442600230,45.38225231800,2017-11-26,6:49:00 PM,03 - Snow,07 - Dark,03 - Loose snow,10 - No control,,03 - P.D. only,07 - SMV other,0
17-10800,RIVERSIDE DR @ SMYTH RD SOUTH SIDE RAMP,369789.06343,5028998.24651,-75.66990724620,45.39790629470,2017-11-26,6:49:00 PM,03 - Snow,07 - Dark,06 - Ice,01 - Traffic signal,00 - Unknown,03 - P.D. only,02 - Angle,0
17-10801,CAMPEAU DR @ KANATA AVE,350595.87044,5019401.27520,-75.91593171730,45.31306939670,2017-11-26,6:51:00 PM,03 - Snow,07 - Dark,03 - Loose snow,01 - Traffic signal,01 - Functioning,03 - P.D. only,03 - Rear end,0
17-10802,BOUNDARY RD btwn PANA RD & CARTWRIGHT RD,390227.98800,5016379.01190,-75.41106540850,45.28217493360,2017-11-26,6:30:00 PM,03 - Snow,07 - Dark,06 - Ice,10 - No control,,03 - P.D. only,07 - SMV other,0
17-10803,INDUSTRIAL AVE @ ALTA VISTA DR/SANDFORD FLEMIN,370883.72046,5030558.23890,-75.65571784700,45.41184003170,2017-11-26,6:58:00 PM,03 - Snow,07 - Dark,03 - Loose snow,01 - Traffic signal,01 - Functioning,03 - P.D. only,05 - Turning movement,0
17-10804,CYRVILLE RD @ INNES RD,375046.72136,5031118.89530,-75.60245802400,45.41647903010,2017-11-26,7:07:00 PM,03 - Snow,07 - Dark,05 - Packed snow,01 - Traffic signal,01 - Functioning,03 - P.D. only,03 - Rear end,0
17-10805,ALBION RD @ HEATHERINGTON RD,371119.80747,5026147.37627,-75.65329479470,45.37213042780,2017-11-26,7:14:00 PM,03 - Snow,07 - Dark,06 - Ice,02 - Stop sign,01 - Functioning,03 - P.D. only,03 - Rear end,0
17-10806,HOLLAND AVE @ WELLINGTON ST,364930.70474,5029152.88550,-75.73193743770,45.39973180690,2017-11-26,7:15:00 PM,03 - Snow,07 - Dark,05 - Packed snow,01 - Traffic signal,01 - Functioning,03 - P.D. only,02 - Angle,0
17-10807,MAITLAND AVE @ WOODWARD DR,363272.69126,5025662.52740,-75.75352722250,45.36846651750,2017-11-26,7:21:00 PM,03 - Snow,07 - Dark,05 - Packed snow,01 - Traffic signal,01 - Functioning,03 - P.D. only,02 - Angle,0
17-10808,LUMBERMAN WAY @ ORLEANS BLVD,380451.40015,5037241.59530,-75.53247074660,45.47100297380,2017-11-26,7:20:00 PM,03 - Snow,07 - Dark,03 - Loose snow,02 - Stop sign,01 - Functioning,03 - P.D. only,03 - Rear end,0
17-10809,FIFTH AVE/CRAIG ST @ PERCY ST,367965.87037,5029141.81175,-75.69317379760,45.39936490900,2017-11-26,7:26:00 PM,03 - Snow,07 - Dark,03 - Loose snow,02 - Stop sign,01 - Functioning,03 - P.D. only,02 - Angle,0
17-10810,CYRVILLE RD @ ST. LAURENT BLVD,372242.05525,5032111.58000,-75.63815317580,45.42568670240,2017-11-26,7:26:00 PM,03 - Snow,07 - Dark,04 - Slush,01 - Traffic signal,00 - Unknown,03 - P.D. only,05 - Turning movement,0
17-10811,MONTREAL RD btwn ELWOOD ST & BECKENHAM LANE,374478.38551,5034386.97930,-75.60925631400,45.44594029630,2017-11-26,7:31:00 PM,03 - Snow,07 - Dark,03 - Loose snow,10 - No control,,03 - P.D. only,03 - Rear end,0
17-10812,CARP RD @ HAZELDEAN RD,348805.57924,5014360.43620,-75.93921067420,45.26782471670,2017-11-26,7:34:00 PM,03 - Snow,07 - Dark,06 - Ice,01 - Traffic signal,00 - Unknown,03 - P.D. only,07 - SMV other,0
17-10813,GREENBANK RD btwn WEST HUNT CLUB RD & FALLOWFIELD RD,362886.90313,5017193.46481,-75.75944563480,45.29229439930,2017-11-26,7:41:00 PM,03 - Snow,07 - Dark,03 - Loose snow,10 - No control,,03 - P.D. only,07 - SMV other,0
17-10814,ST. LAURENT BLVD @ COVENTRY RD/OGILVIE RD,372304.77275,5031950.86454,-75.63737382240,45.42423460970,2017-11-26,7:45:00 PM,03 - Snow,07 - Dark,03 - Loose snow,01 - Traffic signal,01 - Functioning,03 - P.D. only,03 - Rear end,0
17-10815,FERNBANK RD @ STITTSVILLE MAIN ST,350935.53555,5012162.58733,-75.91227283530,45.24791122190,2017-11-26,7:50:00 PM,03 - Snow,07 - Dark,05 - Packed snow,01 - Traffic signal,01 - Functioning,02 - Non-fatal injury,03 - Rear end,0
17-10816,FINDLAY AVE @ TORRINGTON PL,367933.37175,5028788.21151,-75.69363412220,45.39618624940,2017-11-26,7:57:00 PM,03 - Snow,07 - Dark,05 - Packed snow,02 - Stop sign,01 - Functioning,03 - P.D. only,02 - Angle,0
17-10817,BRONSON AVE btwn BREWER WAY & RIVERSIDE DR RAMPS 34B & 42A-3,368206.37151,5027585.16500,-75.69030219030,45.38533692040,2017-11-26,7:53:00 PM,03 - Snow,07 - Dark,03 - Loose snow,10 - No control,,03 - P.D. only,04 - Sideswipe,0
17-10818,DONALD B. MUNRO DR btwn VAUGHAN SIDE RD & DIAMONDVIEW RD,337679.13034,5021758.68088,-76.08050652920,45.33500604780,2017-11-26,7:50:00 PM,03 - Snow,07 - Dark,03 - Loose snow,10 - No control,,03 - P.D. only,07 - SMV other,0
17-10819,ANDERSON RD @ EIGHTH LINE RD,381251.10845,5022942.83600,-75.52446164610,45.34226604250,2017-11-26,8:05:00 PM,03 - Snow,07 - Dark,03 - Loose snow,02 - Stop sign,01 - Functioning,03 - P.D. only,07 - SMV other,0
17-10820,MONTREAL RD @ OGILVIE RD,375654.40055,5034555.91720,-75.59420010160,45.44734207890,2017-11-26,7:40:00 PM,03 - Snow,07 - Dark,06 - Ice,01 - Traffic signal,01 - Functioning,03 - P.D. only,01 - Approaching,0
17-10821,INDUSTRIAL AVE @ RUSSELL RD,372466.73194,5030280.89089,-75.63553373630,45.40919330630,2017-11-26,8:28:00 PM,03 - Snow,07 - Dark,03 - Loose snow,01 - Traffic signal,01 - Functioning,02 - Non-fatal injury,05 - Turning movement,0
17-10822,GRASSY PLAINS DR btwn GRANITE CRT & SUNNYBROOKE DR,355345.23464,5015615.72612,-75.85574910270,45.27868051640,2017-11-26,8:48:00 PM,03 - Snow,07 - Dark,03 - Loose snow,10 - No control,,03 - P.D. only,06 - SMV unattended vehicle,0
17-10823,CHURCHILL AVE   N btwn DOVERCOURT AVE & WESTHILL AVE,363623.96712,5027376.45379,-75.74883900040,45.38385878710,2017-11-26,7:35:00 PM,03 - Snow,07 - Dark,03 - Loose snow,10 - No control,,03 - P.D. only,03 - Rear end,0
17-10824,BANNER RD @ GREENBANK RD,361022.15050,5021565.77505,-75.78272149320,45.33178822990,2017-11-26,8:55:00 PM,03 - Snow,07 - Dark,05 - Packed snow,01 - Traffic signal,01 - Functioning,02 - Non-fatal injury,07 - SMV other,0
17-10825,WEST HUNT CLUB RD @ WOODROFFE AVE,363671.02545,5021246.48900,-75.74896814450,45.32869810080,2017-11-26,9:31:00 PM,03 - Snow,07 - Dark,03 - Loose snow,01 - Traffic signal,01 - Functioning,03 - P.D. only,03 - Rear end,0
17-10826,MOODIE DR btwn MCKENNA CASEY DR & CAMBRIAN RD,360718.72800,5011780.44412,-75.78769515390,45.24376334840,2017-11-26,9:33:00 PM,03 - Snow,07 - Dark,03 - Loose snow,10 - No control,,03 - P.D. only,07 - SMV other,0
17-10827,RIVERSIDE DR RAMP 34 @ RIVERSIDE DR,368338.65876,5027182.60719,-75.68866486970,45.38170283260,2017-11-26,9:37:00 PM,03 - Snow,07 - Dark,04 - Slush,03 - Yield sign,01 - Functioning,03 - P.D. only,02 - Angle,0
17-10828,BOWHILL AVE @ OVERLAKE DR,365252.36285,5023584.83800,-75.72851076070,45.34960384200,2017-11-26,9:49:00 PM,03 - Snow,07 - Dark,05 - Packed snow,10 - No control,00 - Unknown,03 - P.D. only,02 - Angle,0
17-10829,CANEMORE CRES btwn PROULX DR & APOLLO WAY (2),384035.36045,5037689.01274,-75.48656926810,45.47463100530,2017-11-26,11:57:00 PM,03 - Snow,07 - Dark,02 - Wet,10 - No control,,03 - P.D. only,06 - SMV unattended vehicle,0
17-10830,FOURTH LINE RD btwn DILWORTH RD & DONNELLY DR,371875.54724,4993294.34738,-75.64807429010,45.07645122240,2017-11-27,12:23:00 AM,03 - Snow,07 - Dark,03 - Loose snow,10 - No control,,03 - P.D. only,07 - SMV other,0
17-10831,BANKFIELD RD btwn KILREEN LANE & PRINCE OF WALES DR,365944.23839,5008731.90814,-75.72151195160,45.21589801810,2017-11-27,12:23:00 AM,01 - Clear,07 - Dark,03 - Loose snow,10 - No control,,03 - P.D. only,03 - Rear end,0
17-10832,RIVER RD @ SOUTH GOWER BOUNDARY RD,374599.56752,4996515.72943,-75.61303205370,45.10517392000,2017-11-27,6:57:00 AM,01 - Clear,03 - Dawn,01 - Dry,02 - Stop sign,01 - Functioning,03 - P.D. only,02 - Angle,0
17-10833,HAWKBIRCH ST @ MEADOWBREEZE DR,356351.55940,5015325.91240,-75.84295339680,45.27599964720,2017-11-27,7:15:00 AM,03 - Snow,03 - Dawn,05 - Packed snow,10 - No control,,03 - P.D. only,07 - SMV other,0
17-10834,FLEWELLYN RD btwn RIDINGVIEW CRES & WEST HEALEY AVE,350888.01412,5010284.39431,-75.91305222380,45.23101365200,2017-11-27,7:18:00 AM,01 - Clear,01 - Daylight,02 - Wet,10 - No control,,01 - Fatal injury,07 - SMV other,0
17-10835,CARLING AVE EB btwn HOLLY ACRES RD & BAYSHORE DR,358345.43473,5023563.01678,-75.81665219730,45.34996884610,2017-11-27,7:18:00 AM,03 - Snow,01 - Daylight,03 - Loose snow,10 - No control,,02 - Non-fatal injury,07 - SMV other,0
17-10836,SNAKE ISLAND RD btwn SCRIVENS DR & BANK ST,383360.64873,5009911.30556,-75.49961039450,45.22478307050,2017-11-27,7:44:00 AM,01 - Clear,01 - Daylight,01 - Dry,10 - No control,,03 - P.D. only,07 - SMV other,0
17-10837,GREENBANK RD btwn JOCKVALE RD & CAMBRIAN RD,364254.46372,5014029.40996,-75.74239099250,45.26370986770,2017-11-27,8:02:00 AM,05 - Drifting Snow,01 - Daylight,06 - Ice,10 - No control,,03 - P.D. only,03 - Rear end,0
17-10838,GREENBANK RD btwn JOCKVALE RD & CAMBRIAN RD,364159.48044,5014243.45678,-75.74357564910,45.26564388720,2017-11-27,8:01:00 AM,01 - Clear,01 - Daylight,02 - Wet,10 - No control,,03 - P.D. only,03 - Rear end,0
17-10839,SPRINGHILL RD @ YORKS CORNERS RD,390383.49214,5009504.72509,-75.41026712270,45.22030670910,2017-11-27,8:16:00 AM,01 - Clear,01 - Daylight,05 - Packed snow,02 - Stop sign,01 - Functioning,03 - P.D. only,02 - Angle,0
17-10840,CARLING AVE @ MOODIE DR/JAMES CUMMINGS AVE W,356001.32045,5023937.51090,-75.84652704560,45.35351363150,2017-11-27,9:02:00 AM,01 - Clear,01 - Daylight,01 - Dry,01 - Traffic signal,01 - Functioning,03 - P.D. only,03 - Rear end,0