COLLISION_ID,LOCATION,X,Y,LONGITUDE,LATITUDE,DATE,TIME,ENVIRONMENT,LIGHT,SURFACE_CONDITION,TRAFFIC_CONTROL,TRAFFIC_CONTROL_CONDITION,COLLISION_CLASSIFICATION,IMPACT_TYPE,NO_OF_PEDESTRIANS
17-10841,MARKLAND CRES btwn ROBLYN WAY & ROBLYN WAY,365823.36174,5016312.01279,-75.72212030320,45.28411428650,2017-11-27,9:22:00 AM,01 - Clear,01 - Daylight,06 - Ice,10 - No control,,03 - P.D. only,04 - Sideswipe,0
17-10842,FALLOWFIELD RD @ GREENBANK RD,363079.67236,5016733.12420,-75.75704229450,45.28813628970,2017-11-27,9:37:00 AM,01 - Clear,01 - Daylight,01 - Dry,01 - Traffic signal,01 - Functioning,03 - P.D. only,03 - Rear end,0
17-10843,WOODROFFE AVE @ GEORGINA DR/LENESTER AVE,361910.68994,5025370.51920,-75.77094709700,45.36595135960,2017-11-27,9:38:00 AM,01 - Clear,01 - Daylight,02 - Wet,01 - Traffic signal,01 - Functioning,03 - P.D. only,02 - Angle,0
17-10844,LAFRAMBOISE PL btwn CHARLOTTE ST & ROCKWOOD ST,368992.03178,5033256.91490,-75.67953175730,45.43629779870,2017-11-26,12:00:00 AM,03 - Snow,07 - Dark,03 - Loose snow,10 - No control,,03 - P.D. only,06 - SMV unattended vehicle,0
17-10845,BRONSON AVE @ COMMISSIONER ST/SLATER ST,366770.37764,5030947.89880,-75.70821549120,45.41572241420,2017-11-27,10:00:00 AM,01 - Clear,01 - Daylight,02 - Wet,01 - Traffic signal,01 - Functioning,02 - Non-fatal injury,02 - Angle,0
17-10846,FLETCHER CIRC btwn Continuation of FLETCHER CIRC & Continuation of FLE,349302.31197,5020058.41558,-75.93236955640,45.31906570310,2017-11-26,12:00:00 AM,03 - Snow,00 - Unknown,03 - Loose snow,10 - No control,,03 - P.D. only,06 - SMV unattended vehicle,0
17-10847,ST. EMMANUEL TER btwn TO BE DETERMINED & BERNICE CRT (1),379714.81843,5037777.85558,-75.54180802090,45.47590722350,2017-11-27,11:11:00 AM,01 - Clear,01 - Daylight,06 - Ice,10 - No control,,03 - P.D. only,01 - Approaching,0
17-10848,CUMMINGS AVE @ DONALD ST,372649.71856,5032410.91010,-75.63290297990,45.42834050630,2017-11-26,9:00:00 PM,05 - Drifting Snow,07 - Dark,06 - Ice,01 - Traffic signal,01 - Functioning,03 - P.D. only,02 - Angle,0
17-10849,NEWPORT CRES btwn HUNTERSFIELD DR & HUNTERSFIELD DR,373037.41312,5025005.23264,-75.62897326510,45.36166977290,2017-11-27,12:00:00 AM,03 - Snow,00 - Unknown,03 - Loose snow,10 - No control,,03 - P.D. only,06 - SMV unattended vehicle,0
17-10850,ST. JEAN ST btwn COUSINEAU ST & ST. JOSEPH BLVD,380902.49872,5037302.37409,-75.52669293000,45.47150080210,2017-11-27,12:01:00 PM,01 - Clear,01 - Daylight,02 - Wet,10 - No control,,03 - P.D. only,02 - Angle,0
17-10851,BANNER RD @ GREENBANK RD,361021.33815,5021566.49190,-75.78273177420,45.33179474480,2017-11-27,12:03:00 PM,01 - Clear,01 - Daylight,01 - Dry,01 - Traffic signal,01 - Functioning,02 - Non-fatal injury,05 - Turning movement,0
17-10852,CITIPLACE DR btwn Continuation of CITIPLACE DR & Continuation of CITIP,366754.28963,5023504.48648,-75.70935514550,45.34874978480,2017-11-26,12:00:00 AM,03 - Snow,00 - Unknown,06 - Ice,10 - No control,,03 - P.D. only,06 - SMV unattended vehicle,0
17-10853,GEORGE ST @ SUSSEX DR,367869.55035,5032131.36180,-75.69402143950,45.42627261170,2017-11-27,12:06:00 PM,01 - Clear,01 - Daylight,06 - Ice,01 - Traffic signal,01 - Functioning,02 - Non-fatal injury,07 - SMV other,1
17-10854,OGILVIE RD @ BATHGATE DR/CITYPARK DR W,373829.72544,5032799.90760,-75.61777013630,45.43172503710,2017-11-27,12:14:00 PM,01 - Clear,01 - Daylight,06 - Ice,01 - Traffic signal,01 - Functioning,03 - P.D. only,02 - Angle,0
17-10855,WELLINGTON ST    W btwn HAMILTON AVE N & PARKDALE AVE,365131.97485,5029259.18446,-75.72935380010,45.40067094610,2017-11-27,12:23:00 PM,01 - Clear,01 - Daylight,01 - Dry,10 - No control,,03 - P.D. only,06 - SMV unattended vehicle,0
17-10856,GREENBANK RD btwn CANFIELD RD & BELLMAN DR,361218.88286,5021109.12770,-75.78026383680,45.32766353070,2017-11-27,12:30:00 PM,01 - Clear,01 - Daylight,01 - Dry,10 - No control,,03 - P.D. only,03 - Rear end,0
17-10857,CASTLEFRANK RD @ HAZELDEAN RD,352677.54365,5017676.76900,-75.88955066810,45.29741304530,2017-11-27,1:00:00 PM,01 - Clear,01 - Daylight,01 - Dry,01 - Traffic signal,01 - Functioning,03 - P.D. only,03 - Rear end,0
17-10858,DONALD ST @ ST. LAURENT BLVD,372094.04735,5032472.58490,-75.63999503890,45.42894911130,2017-11-27,12:00:00 PM,01 - Clear,01 - Daylight,01 - Dry,01 - Traffic signal,01 - Functioning,03 - P.D. only,03 - Rear end,0
17-10859,HUNTMAR DR @ RICHARDSON SIDE RD,348207.58196,5018983.13140,-75.94642647130,45.30945850380,2017-11-27,1:24:00 PM,03 - Snow,01 - Daylight,02 - Wet,02 - Stop sign,01 - Functioning,03 - P.D. only,03 - Rear end,0
17-10860,BRONSON AVE @ GLADSTONE AVE,367134.03615,5030082.23290,-75.70367901340,45.40790110710,2017-11-27,1:50:00 PM,01 - Clear,01 - Daylight,03 - Loose snow,01 - Traffic signal,01 - Functioning,02 - Non-fatal injury,03 - Rear end,0
17-10861,COLONEL BY DR @ HAWTHORNE AVE/PRETORIA BRIDGE,368768.71354,5030526.23580,-75.68274040830,45.41174860260,2017-11-27,2:20:00 PM,01 - Clear,01 - Daylight,01 - Dry,01 - Traffic signal,01 - Functioning,03 - P.D. only,05 - Turning movement,0
17-10862,CRAIG HENRY DR @ KNOXDALE RD,363118.36014,5021654.82160,-75.75596992230,45.33241839510,2017-11-27,3:08:00 PM,03 - Snow,01 - Daylight,05 - Packed snow,01 - Traffic signal,01 - Functioning,03 - P.D. only,03 - Rear end,0
17-10863,CARLING AVE @ RICHMOND RD,360246.68234,5024782.18120,-75.79225353220,45.36079112190,2017-11-27,3:19:00 PM,01 - Clear,01 - Daylight,01 - Dry,01 - Traffic signal,01 - Functioning,03 - P.D. only,03 - Rear end,0
17-10864,NAVAN RD btwn RENAUD RD & MER BLEUE RD,382100.42907,5032654.70475,-75.51210470790,45.42955335360,2017-11-27,7:20:00 AM,01 - Clear,01 - Daylight,01 - Dry,10 - No control,,03 - P.D. only,06 - SMV unattended vehicle,0
17-10865,FALLOWFIELD RD btwn KIMINI DR & SHEA RD,353256.48334,5010369.88211,-75.88288228750,45.23162390990,2017-11-25,3:27:00 PM,01 - Clear,01 - Daylight,01 - Dry,10 - No control,,03 - P.D. only,07 - SMV other,0
17-10866,BRYARTON ST btwn FORESTCREST ST & FORESTCREST ST,380363.79769,5036268.31476,-75.53374059520,45.46225565240,2017-11-27,3:40:00 PM,01 - Clear,01 - Daylight,05 - Packed snow,10 - No control,,03 - P.D. only,06 - SMV unattended vehicle,0
17-10867,HAWTHORNE RD btwn LEITRIM RD & LOUISEIZE RD,377236.67043,5022245.95137,-75.57578218090,45.33642182040,2017-11-27,3:56:00 PM,01 - Clear,01 - Daylight,01 - Dry,10 - No control,,03 - P.D. only,03 - Rear end,0
17-10868,BANKFIELD RD @ PRINCE OF WALES DR,366379.35545,5008974.71750,-75.71594253620,45.21804493280,2017-11-27,4:01:00 PM,01 - Clear,01 - Daylight,06 - Ice,01 - Traffic signal,01 - Functioning,03 - P.D. only,03 - Rear end,0
17-10869,RUSSELL RD btwn THIRSK ST & HAIG DR,372670.86438,5029741.83755,-75.63300037640,45.40432338110,2017-11-27,4:06:00 PM,01 - Clear,01 - Daylight,01 - Dry,10 - No control,,03 - P.D. only,03 - Rear end,0
17-10870,MITCH OWENS RD @ DOZOIS RD/LIMEBANK RD,371674.78418,5012117.69007,-75.64810340330,45.24584223460,2017-11-27,4:15:00 PM,01 - Clear,05 - Dusk,01 - Dry,01 - Traffic signal,01 - Functioning,03 - P.D. only,03 - Rear end,0
17-10871,HERON RD @ KALADAR AVE,369685.38895,5026805.20650,-75.67151964720,45.37818366080,2017-11-27,4:25:00 PM,01 - Clear,05 - Dusk,01 - Dry,01 - Traffic signal,01 - Functioning,03 - P.D. only,05 - Turning movement,0
17-10872,OTTAWA RIVER PKWY @ ISLAND PARK DR,363299.02975,5029454.90119,-75.75274154470,45.40258753060,2017-11-27,4:30:00 PM,02 - Rain,05 - Dusk,02 - Wet,01 - Traffic signal,01 - Functioning,03 - P.D. only,03 - Rear end,0
17-10873,JEANNE D'ARC BLVD  S btwn HENRI LAUZON ST & BOYER RD,380645.93681,5036186.02185,-75.53014600380,45.46148467220,2017-11-27,4:53:00 PM,03 - Snow,05 - Dusk,03 - Loose snow,10 - No control,,02 - Non-fatal injury,03 - Rear end,0
17-10874,VANCES SIDE RD btwn DUNROBIN RD & GREENLAND RD,340902.27956,5034308.82455,-76.03846650990,45.44777776260,2017-11-27,4:58:00 PM,01 - Clear,07 - Dark,01 - Dry,10 - No control,,03 - P.D. only,07 - SMV other,0
17-10875,HUNT CLUB RD btwn PAUL ANKA DR & GIBFORD DR,369874.38072,5022954.34659,-75.66961382070,45.34351721970,2017-11-27,5:10:00 PM,01 - Clear,05 - Dusk,01 - Dry,10 - No control,,03 - P.D. only,03 - Rear end,0
17-10876,PRESTON ST @ ST. ANTHONY ST,366556.03525,5029561.56380,-75.71112751440,45.40326750500,2017-11-26,6:40:00 PM,03 - Snow,07 - Dark,04 - Slush,02 - Stop sign,00 - Unknown,03 - P.D. only,02 - Angle,0
17-10877,SNAKE ISLAND RD @ STAGECOACH RD,378063.76084,5006580.71630,-75.56754138760,45.19538628780,2017-11-27,5:15:00 PM,01 - Clear,07 - Dark,04 - Slush,02 - Stop sign,01 - Functioning,03 - P.D. only,02 - Angle,0
17-10878,ROBERTSON RD btwn FITZGERALD RD & MOODIE DR,356877.53547,5020341.47251,-75.83572328040,45.32109164150,2017-11-27,5:23:00 PM,01 - Clear,07 - Dark,02 - Wet,10 - No control,,03 - P.D. only,02 - Angle,0
17-10879,KATIMAVIK RD btwn PALLADIUM DR & DAVIS AVE,351352.99559,5018315.55446,-75.90637804810,45.30325001980,2017-11-27,5:25:00 PM,01 - Clear,07 - Dark,01 - Dry,10 - No control,,03 - P.D. only,03 - Rear end,0
17-10880,GLOUCESTER ST @ O'CONNOR ST,367678.37495,5031293.24980,-75.69657124110,45.41874876710,2017-11-27,5:29:00 PM,02 - Rain,07 - Dark,02 - Wet,01 - Traffic signal,01 - Functioning,02 - Non-fatal injury,07 - SMV other,1
17-10881,PRINCE OF WALES DR btwn MEADOWLANDS DR & NESBITT PL,367375.59783,5025665.38335,-75.70115337720,45.36813790810,2017-11-27,5:31:00 PM,01 - Clear,07 - Dark,06 - Ice,10 - No control,,03 - P.D. only,03 - Rear end,0
17-10882,MARCH RD btwn HALTON TERR/MAXWELL BRIDGE RD & MAXWELL RD,347995.67315,5025448.44532,-75.94856438380,45.36764823220,2017-11-27,5:36:00 PM,01 - Clear,07 - Dark,02 - Wet,10 - No control,,02 - Non-fatal injury,07 - SMV other,0
17-10883,BEARBROOK RD @ WESTPARK DR N,377564.07685,5033795.23491,-75.56990254960,45.44030177140,2017-11-27,5:55:00 PM,01 - Clear,07 - Dark,02 - Wet,01 - Traffic signal,01 - Functioning,02 - Non-fatal injury,07 - SMV other,1
17-10884,BRONSON AVE btwn BRONSON AVE SB ON RAMP 43 & SUNNYSIDE AVE/UNIVERSITY,367897.77373,5028136.53626,-75.69417209110,45.39032587220,2017-11-27,6:01:00 PM,01 - Clear,07 - Dark,01 - Dry,10 - No control,,03 - P.D. only,07 - SMV other,0
17-10885,CARLING AVE/STATION RD @ MARCH RD,350909.28904,5022246.50760,-75.91166970720,45.33865095830,2017-11-27,6:10:00 PM,01 - Clear,07 - Dark,06 - Ice,01 - Traffic signal,01 - Functioning,03 - P.D. only,04 - Sideswipe,0
17-10886,SMYTH RD @ RIVERSIDE HOSPITAL,369987.54555,5029119.47110,-75.66735631950,45.39897857920,2017-11-27,6:14:00 PM,01 - Clear,07 - Dark,01 - Dry,01 - Traffic signal,01 - Functioning,03 - P.D. only,03 - Rear end,0
17-10887,OLD MONTREAL RD btwn KING ARTHUR ST & QUIGLEY HILL RD,388585.78352,5041477.13738,-75.42773213780,45.50818113340,2017-11-27,6:30:00 PM,01 - Clear,07 - Dark,01 - Dry,10 - No control,,03 - P.D. only,07 - SMV other,0
17-10888,BELFAST RD btwn TRAINYARDS DR & ST. LAURENT BLVD,372384.10500,5030648.44448,-75.63653880990,45.41250837280,2017-11-27,6:47:00 PM,01 - Clear,07 - Dark,01 - Dry,10 - No control,,03 - P.D. only,05 - Turning movement,0
17-10889,GREENBANK RD @ HWY 417 IC129 RAMP57/IRIS ST,360531.64345,5023311.15621,-75.78878226260,45.34753228560,2017-11-27,7:16:00 PM,01 - Clear,07 - Dark,01 - Dry,01 - Traffic signal,01 - Functioning,03 - P.D. only,03 - Rear end,0
17-10890,VANCES SIDE RD btwn DUNROBIN RD & GREENLAND RD,340929.58833,5034325.43339,-76.03811618570,45.44792580120,2017-11-27,7:33:00 PM,01 - Clear,07 - Dark,01 - Dry,10 - No control,,03 - P.D. only,07 - SMV other,0
17-10891,HUNTMAR DR btwn CAMPEAU DR & RICHARDSON SIDE RD,348309.42162,5018870.87349,-75.94513763580,45.30844207000,2017-11-27,9:01:00 PM,01 - Clear,07 - Dark,01 - Dry,10 - No control,,03 - P.D. only,07 - SMV other,0
17-10892,OLMSTEAD ST btwn LEVIS AVE & JEANNE MANCE ST,370460.97253,5032980.58303,-75.66079540120,45.43367508500,2017-11-28,1:47:00 AM,01 - Clear,07 - Dark,06 - Ice,10 - No control,,03 - P.D. only,07 - SMV other,0
17-10893,RIDEAU PL @ RIDEAU ST,369527.60921,5032964.38459,-75.67272546920,45.43361635510,2017-11-28,1:56:00 AM,01 - Clear,07 - Dark,06 - Ice,02 - Stop sign,00 - Unknown,03 - P.D. only,07 - SMV other,0
17-10894,BARNSDALE RD S @ TWIN ELM RD S,360231.55666,5007720.41334,-75.79435251960,45.20726897160,2017-11-28,12:00:00 AM,01 - Clear,00 - Unknown,01 - Dry,02 - Stop sign,01 - Functioning,03 - P.D. only,07 - SMV other,0
17-10895,EAGLESON RD @ PERTH ST/RICHMOND RD,358015.96495,5007411.01420,-75.82258817830,45.20465568750,2017-11-28,5:58:00 AM,01 - Clear,07 - Dark,01 - Dry,01 - Traffic signal,01 - Functioning,03 - P.D. only,03 - Rear end,0
17-10896,BASELINE RD @ WOODROFFE AVE,362548.68686,5023771.17360,-75.76299020580,45.35150831400,2017-11-27,12:00:00 PM,01 - Clear,01 - Daylight,01 - Dry,01 - Traffic signal,01 - Functioning,02 - Non-fatal injury,03 - Rear end,0
17-10897,CARP RD btwn MARCH RD & JOHN CAVANAUGH DR,343672.65661,5020006.15242,-76.00417745240,45.31892970240,2017-11-28,7:31:00 AM,01 - Clear,01 - Daylight,01 - Dry,10 - No control,,03 - P.D. only,07 - SMV other,0
17-10898,CARP RD @ WESTBROOK RD,347738.07460,5015441.42170,-75.95272040740,45.27761782170,2017-11-28,7:45:00 AM,01 - Clear,01 - Daylight,01 - Dry,01 - Traffic signal,01 - Functioning,03 - P.D. only,05 - Turning movement,0
17-10899,MAIN ST btwn MCNAUGHTON AVE & BOWER ST,369347.47470,5029739.07316,-75.67545002510,45.40461284930,2017-11-28,8:27:00 AM,01 - Clear,01 - Daylight,01 - Dry,10 - No control,,03 - P.D. only,03 - Rear end,0
17-10900,ALBERT ST @ O'CONNOR ST,367538.25154,5031520.34752,-75.69833257590,45.42080469850,2017-11-27,8:12:00 AM,03 - Snow,01 - Daylight,03 - Loose snow,01 - Traffic signal,01 - Functioning,03 - P.D. only,04 - Sideswipe,0
17-10901,RICHMOND RD btwn PERTH ST & CAMBRIAN RD,358281.07717,5007575.97657,-75.81919596900,45.20611999740,2017-11-28,9:29:00 AM,01 - Clear,01 - Daylight,01 - Dry,10 - No control,,02 - Non-fatal injury,07 - SMV other,0
17-10902,KIRKWOOD AVE btwn LEPAGE AVE & MERIVALE RD,364821.67058,5026651.26048,-75.73363428000,45.37723202930,2017-11-28,10:13:00 AM,01 - Clear,01 - Daylight,01 - Dry,10 - No control,,03 - P.D. only,05 - Turning movement,0
17-10903,MARCH RD @ THOMAS ARGUE RD,341132.69702,5020807.88970,-76.03651483140,45.32628011330,2017-11-28,11:07:00 AM,01 - Clear,01 - Daylight,01 - Dry,02 - Stop sign,00 - Unknown,03 - P.D. only,02 - Angle,0
17-10904,RICHMOND RD btwn EDGEWOOD AVE & ATHLONE AVE,363443.32161,5028434.19784,-75.75101988900,45.39339134610,2017-11-27,11:15:00 AM,01 - Clear,01 - Daylight,01 - Dry,10 - No control,,03 - P.D. only,02 - Angle,0
17-10905,BASELINE RD @ BASSANO ST,363766.69374,5024518.86469,-75.74735771370,45.35813459700,2017-11-28,9:20:00 AM,02 - Rain,01 - Daylight,06 - Ice,02 - Stop sign,01 - Functioning,03 - P.D. only,03 - Rear end,0
17-10906,RODNEY CRES btwn BILLINGS AVE & NORWOOD AVE,369967.93090,5028642.20950,-75.66766988180,45.39468617370,2017-11-28,8:00:00 AM,01 - Clear,01 - Daylight,06 - Ice,10 - No control,,03 - P.D. only,06 - SMV unattended vehicle,0
17-10907,HERRIDGE ST btwn GLENORA ST & MAIN ST,369187.62145,5030034.72658,-75.67745322160,45.40728775870,2017-11-28,12:10:00 PM,01 - Clear,01 - Daylight,02 - Wet,10 - No control,,03 - P.D. only,02 - Angle,0
17-10908,EQUESTRIAN DR btwn REDFOX PL & STIRRUP PL,354949.03005,5015878.43280,-75.86077227490,45.28107278290,2017-11-28,12:19:00 PM,01 - Clear,01 - Daylight,02 - Wet,10 - No control,,03 - P.D. only,07 - SMV other,0
17-10909,GRENFELL CRES @ WOODROFFE AVE,364544.69164,5019226.80720,-75.73806717860,45.31045133070,2017-11-27,6:25:00 PM,01 - Clear,07 - Dark,01 - Dry,02 - Stop sign,01 - Functioning,03 - P.D. only,02 - Angle,0
17-10910,ST. JOSEPH BLVD btwn ORLEANS BLVD & COUSINEAU ST,380657.89697,5036997.27535,-75.52986789010,45.46878238240,2017-11-28,1:17:00 PM,01 - Clear,01 - Daylight,01 - Dry,10 - No control,,02 - Non-fatal injury,03 - Rear end,0
17-10911,DAVENTRY CRES btwn DEWBERRY CRES & ROSECLIFFE CRT,364695.29729,5016764.59050,-75.73644408760,45.28828359480,2017-11-27,1:29:00 PM,01 - Clear,01 - Daylight,05 - Packed snow,10 - No control,,03 - P.D. only,06 - SMV unattended vehicle,0
17-10912,HUNT CLUB RD btwn GIBFORD DR & UPLANDS DR,370147.69710,5023117.47872,-75.66610496750,45.34495962980,2017-11-28,1:30:00 PM,01 - Clear,01 - Daylight,01 - Dry,10 - No control,,03 - P.D. only,04 - Sideswipe,0
17-10913,FRANK ST btwn ELGIN ST & CARTIER ST,368459.48324,5030950.04922,-75.68663596950,45.41559013060,2017-11-27,4:30:00 PM,01 - Clear,05 - Dusk,02 - Wet,10 - No control,,03 - P.D. only,07 - SMV other,0
17-10914,TENTH LINE RD @ LAKEPOINTE DR,384261.79365,5035420.68950,-75.48404029440,45.45419700420,2017-11-28,2:11:00 PM,01 - Clear,01 - Daylight,01 - Dry,01 - Traffic signal,01 - Functioning,03 - P.D. only,03 - Rear end,0
17-10915,CRESTHAVEN DR btwn VILLANDRY ST & BARNSTONE DR,366916.58179,5015136.43190,-75.70833320090,45.27344074190,2017-11-28,12:00:00 AM,01 - Clear,00 - Unknown,01 - Dry,10 - No control,,03 - P.D. only,06 - SMV unattended vehicle,0
17-10916,FINDLAY CREEK DR btwn DEVONWOOD CIRC & BANK ST,375734.76437,5020393.74436,-75.59520792020,45.31990987920,2017-11-27,8:15:00 AM,03 - Snow,01 - Daylight,06 - Ice,10 - No control,,03 - P.D. only,03 - Rear end,0
17-10917,CARLING AVE @ RICHMOND RD,360246.62575,5024781.74899,-75.79225430180,45.36078723740,2017-11-28,2:25:00 PM,01 - Clear,01 - Daylight,01 - Dry,01 - Traffic signal,01 - Functioning,03 - P.D. only,03 - Rear end,0
17-10918,INNES RD btwn BANTREE ST & STAR TOP RD,373804.38541,5030460.73600,-75.61842158340,45.41068085900,2017-11-28,3:26:00 PM,01 - Clear,01 - Daylight,01 - Dry,10 - No control,,03 - P.D. only,04 - Sideswipe,0
17-10919,PINETRAIL CRES btwn WILDBRIAR WAY & WILDBRIAR WAY,362855.00922,5022155.84377,-75.75927071790,45.33694840080,2017-11-26,12:00:00 AM,01 - Clear,07 - Dark,01 - Dry,10 - No control,,03 - P.D. only,06 - SMV unattended vehicle,0
17-10920,HUNTMAR DR @ RICHARDSON SIDE RD,348208.11193,5018981.75244,-75.94641983470,45.30944606240,2017-11-28,4:02:00 PM,01 - Clear,01 - Daylight,02 - Wet,02 - Stop sign,01 - Functioning,03 - P.D. only,07 - SMV other,0
17-10921,REGIONAL ROAD 174 btwn QUIGLEY HILL RD & REGIONAL ROAD 174 DIVIDED,385861.46468,5041848.46889,-75.46253000110,45.51184391550,2017-11-28,6:15:00 AM,01 - Clear,07 - Dark,01 - Dry,10 - No control,,03 - P.D. only,07 - SMV other,0
17-10922,RENAUD RD @ RENAUD RD S,379960.75636,5031599.21940,-75.53960674200,45.42029006140,2017-11-28,4:23:00 PM,01 - Clear,05 - Dusk,01 - Dry,10 - No control,00 - Unknown,03 - P.D. only,07 - SMV other,0
17-10923,REGIONAL RD 174 @ TRIM RD,384352.85664,5039991.00960,-75.48213614060,45.49530605940,2017-11-28,4:40:00 PM,01 - Clear,05 - Dusk,01 - Dry,01 - Traffic signal,01 - Functioning,03 - P.D. only,03 - Rear end,0
17-10924,HAZELDEAN RD @ HAZELDEAN RD 2,351546.28165,5016628.44324,-75.90407251980,45.28805609940,2017-11-28,4:37:00 PM,01 - Clear,05 - Dusk,01 - Dry,01 - Traffic signal,01 - Functioning,03 - P.D. only,05 - Turning movement,0
17-10925,BASELINE RD @ WOODROFFE AVE,362549.35575,5023771.84249,-75.76298159170,45.35151427760,2017-11-28,4:45:00 PM,01 - Clear,05 - Dusk,01 - Dry,01 - Traffic signal,01 - Functioning,03 - P.D. only,05 - Turning movement,0
17-10926,MONTREAL RD @ VANIER PKWY,370072.47311,5033064.88204,-75.66574905570,45.43446994320,2017-11-28,4:48:00 PM,01 - Clear,05 - Dusk,01 - Dry,01 - Traffic signal,01 - Functioning,03 - P.D. only,05 - Turning movement,0
17-10927,MARCH RD @ MORGAN'S GRANT WAY/SHIRLEY'S BROOK,349661.94365,5023616.84110,-75.92746008310,45.35106240370,2017-11-28,5:07:00 PM,01 - Clear,07 - Dark,01 - Dry,01 - Traffic signal,01 - Functioning,03 - P.D. only,05 - Turning movement,0
17-10928,BASELINE RD @ 207 E OF CLYDE AVE,364535.81515,5025000.97550,-75.73748335770,45.36240745400,2017-11-28,5:13:00 PM,01 - Clear,05 - Dusk,01 - Dry,01 - Traffic signal,01 - Functioning,03 - P.D. only,03 - Rear end,0
17-10929,COPE DR @ TERRY FOX,353997.60455,5015345.30770,-75.87295178450,45.27634282030,2017-11-28,5:21:00 PM,02 - Rain,07 - Dark,02 - Wet,01 - Traffic signal,01 - Functioning,03 - P.D. only,05 - Turning movement,0
17-10930,ROBERTSON RD btwn HAZELDEAN RD & HAANEL DR,354110.26823,5018675.13505,-75.87118489850,45.30629745660,2017-11-28,5:51:00 PM,01 - Clear,07 - Dark,01 - Dry,10 - No control,,03 - P.D. only,07 - SMV other,0
17-10931,PRESTON ST @ SOMERSET ST,366307.69858,5030127.56849,-75.71422886360,45.40838213030,2017-11-28,5:54:00 PM,01 - Clear,07 - Dark,01 - Dry,01 - Traffic signal,00 - Unknown,03 - P.D. only,07 - SMV other,0
17-10932,MOODIE DR btwn MOODIE DR & 340 S OF CARLING AVE/NORTEL NORTH ENT,355976.75642,5023693.25959,-75.84686581320,45.35131763120,2017-11-28,6:02:00 PM,01 - Clear,07 - Dark,01 - Dry,10 - No control,,03 - P.D. only,03 - Rear end,0
17-10933,EARL ARMSTRONG RD btwn RIVER RD & SPRATT RD,368180.60376,5014878.29986,-75.69225796580,45.27100530150,2017-11-28,6:08:00 PM,01 - Clear,07 - Dark,01 - Dry,10 - No control,,03 - P.D. only,03 - Rear end,0
17-10934,WEST HUNT CLUB RD EB btwn KNOXDALE RD & WOODROFFE AVE,361922.67390,5020568.42167,-75.77134867220,45.32274134050,2017-11-28,6:14:00 PM,01 - Clear,07 - Dark,01 - Dry,10 - No control,,03 - P.D. only,03 - Rear end,0
17-10935,BRONSON AVE btwn LISGAR ST & COOPER ST,366901.04233,5030628.85907,-75.70658637300,45.41284020420,2017-11-23,12:00:00 AM,01 - Clear,00 - Unknown,01 - Dry,10 - No control,,03 - P.D. only,06 - SMV unattended vehicle,0
17-10936,REGIONAL RD 174 EB btwn REGIONAL RD 174 & TRIM RD,384542.15430,5040105.39087,-75.47969591240,45.49631354310,2017-11-28,7:02:00 PM,01 - Clear,07 - Dark,01 - Dry,10 - No control,,03 - P.D. only,07 - SMV other,0
17-10937,DUROCHER ST @ MONTREAL RD,370137.71184,5033102.92339,-75.66491027690,45.43480613110,2017-11-28,5:15:00 PM,01 - Clear,07 - Dark,01 - Dry,02 - Stop sign,01 - Functioning,03 - P.D. only,99 - Other,0
17-10938,BAYSWATER AVE @ GLADSTONE AVE,366001.70774,5029480.23480,-75.71821793070,45.40258441020,2017-11-28,7:06:00 PM,01 - Clear,07 - Dark,01 - Dry,01 - Traffic signal,01 - Functioning,02 - Non-fatal injury,03 - Rear end,0
17-10939,CARLING AVE @ RICHMOND RD,360245.67900,5024781.27335,-75.79226643970,45.36078303290,2017-11-28,1:30:00 PM,01 - Clear,01 - Daylight,03 - Loose snow,01 - Traffic signal,01 - Functioning,03 - P.D. only,03 - Rear end,0
17-10940,MARCH RD btwn SECOND LINE RD & DUNROBIN RD,346177.63356,5025396.83678,-75.97177677160,45.36729353470,2017-11-28,7:16:00 PM,01 - Clear,07 - Dark,02 - Wet,10 - No control,,03 - P.D. only,07 - SMV other,0
17-10941,WOODROFFE AVE btwn OTTAWA RIVER PKWY & OTTAWA RIVER PKWY,361409.09235,5027047.18741,-75.77715760820,45.38107857270,2017-11-28,8:00:00 PM,02 - Rain,07 - Dark,03 - Loose snow,10 - No control,,03 - P.D. only,07 - SMV other,0
17-10942,MERIVALE RD btwn ROSSLAND AVE & EMERALD PLAZA SC,364713.94767,5024058.78461,-75.73532393580,45.35391455350,2017-11-28,7:59:00 PM,01 - Clear,07 - Dark,01 - Dry,10 - No control,,03 - P.D. only,99 - Other,0
17-10943,PARKDALE AVE @ TYNDALL ST,365263.36615,5029013.56090,-75.72770574630,45.39844954490,2017-11-28,9:42:00 PM,01 - Clear,07 - Dark,02 - Wet,02 - Stop sign,00 - Unknown,02 - Non-fatal injury,03 - Rear end,0
17-10944,HALTON TERR/MAXWELL BRIDGE RD @ MARCH RD,348932.12799,5024423.02726,-75.93670176050,45.35836295950,2017-11-28,10:03:00 PM,02 - Rain,07 - Dark,02 - Wet,01 - Traffic signal,01 - Functioning,02 - Non-fatal injury,07 - SMV other,1