COLLISION_ID,LOCATION,X,Y,LONGITUDE,LATITUDE,DATE,TIME,ENVIRONMENT,LIGHT,SURFACE_CONDITION,TRAFFIC_CONTROL,TRAFFIC_CONTROL_CONDITION,COLLISION_CLASSIFICATION,IMPACT_TYPE,NO_OF_PEDESTRIANS
17-10945,FALLOWFIELD RD @ WOODROFFE AVE,365086.15334,5017904.52779,-75.73132327570,45.29850727690,2017-11-29,6:04:00 AM,01 - Clear,07 - Dark,01 - Dry,01 - Traffic signal,00 - Unknown,02 - Non-fatal injury,04 - Sideswipe,0
17-10946,MITCH OWENS RD btwn MANOTICK STATION RD & BOWESVILLE RD,373549.21333,5013295.18665,-75.62406555740,45.25625649820,2017-11-29,7:00:00 AM,01 - Clear,03 - Dawn,02 - Wet,10 - No control,,03 - P.D. only,04 - Sideswipe,0
17-10947,STONEHENGE CRES btwn SAXONY CRES & SAXONY CRES,375059.72881,5031361.31073,-75.60225728480,45.41865884680,2017-11-25,5:00:00 PM,01 - Clear,07 - Dark,01 - Dry,10 - No control,,03 - P.D. only,06 - SMV unattended vehicle,0
17-10948,RICHMOND RD btwn BASELINE RD TURN LANE & NORTHSIDE RD,358531.95116,5021595.49466,-75.81448572810,45.33225073590,2017-11-29,7:32:00 AM,01 - Clear,01 - Daylight,02 - Wet,10 - No control,,02 - Non-fatal injury,03 - Rear end,0
17-10949,CARLING AVE @ PRESTON ST,366828.80808,5028936.22984,-75.70772209160,45.39761680100,2017-11-29,7:36:00 AM,01 - Clear,01 - Daylight,02 - Wet,01 - Traffic signal,01 - Functioning,03 - P.D. only,04 - Sideswipe,0
17-10950,LEITRIM RD N @ RAMSAYVILLE RD,378728.68478,5023884.73931,-75.55650325800,45.35101113430,2017-11-29,8:26:00 AM,01 - Clear,01 - Daylight,02 - Wet,02 - Stop sign,01 - Functioning,02 - Non-fatal injury,02 - Angle,0
17-10951,BLACKBURN BYPASS @ INNES RD E,379792.75124,5033781.56490,-75.54142084200,45.43994327370,2017-11-29,8:27:00 AM,02 - Rain,01 - Daylight,02 - Wet,01 - Traffic signal,01 - Functioning,02 - Non-fatal injury,03 - Rear end,0
17-10952,WOODROFFE AVE @ QUEENSBURY DR/RIDEAUCREST DR,365727.36705,5016327.77730,-75.72334192240,45.28426446180,2017-11-28,7:50:00 AM,01 - Clear,01 - Daylight,01 - Dry,01 - Traffic signal,01 - Functioning,03 - P.D. only,02 - Angle,0
17-10953,BLAIR RD @ OGILVIE RD,374506.72036,5033199.24390,-75.60906235590,45.43525089420,2017-11-29,8:56:00 AM,01 - Clear,01 - Daylight,02 - Wet,01 - Traffic signal,01 - Functioning,03 - P.D. only,03 - Rear end,0
17-10954,BOOTH ST @ SOMERSET ST,366591.03056,5030255.23960,-75.71059359220,45.40950592290,2017-11-29,10:08:00 AM,01 - Clear,01 - Daylight,01 - Dry,01 - Traffic signal,01 - Functioning,03 - P.D. only,03 - Rear end,0
17-10955,IRIS ST @ WOODROFFE AVE,362283.14306,5024441.29402,-75.76630097730,45.35755982460,2017-11-29,10:20:00 AM,01 - Clear,01 - Daylight,02 - Wet,01 - Traffic signal,01 - Functioning,03 - P.D. only,03 - Rear end,0
17-10956,GLADSTONE AVE btwn METCALFE ST & ELGIN ST,368342.24108,5030818.48074,-75.68815075980,45.41441697790,2017-11-29,10:35:00 AM,01 - Clear,01 - Daylight,01 - Dry,10 - No control,,03 - P.D. only,06 - SMV unattended vehicle,0
17-10957,HAZELDEAN RD btwn 246 E OF CASTLEFRANK RD & IRWIN GT,353324.83984,5018206.55589,-75.88124612870,45.30213578010,2017-11-29,10:40:00 AM,01 - Clear,01 - Daylight,01 - Dry,10 - No control,,03 - P.D. only,03 - Rear end,0
17-10958,RICHMOND RD @ WOODROFFE AVE,361583.68306,5026654.52320,-75.77497359320,45.37753128810,2017-11-29,11:49:00 AM,01 - Clear,01 - Daylight,01 - Dry,01 - Traffic signal,01 - Functioning,03 - P.D. only,02 - Angle,0
17-10959,HWY 417 VANIER IC117R36 @ VANIER PKWY,370765.78918,5031470.70140,-75.65710222650,45.42006112410,2017-11-29,1:10:00 PM,01 - Clear,01 - Daylight,01 - Dry,10 - No control,,03 - P.D. only,04 - Sideswipe,0
17-10960,CARP RD btwn WESTBROOK RD & LLOYDALEX CRES,347901.53473,5015262.28120,-75.95065262990,45.27599584660,2017-11-29,12:51:00 PM,01 - Clear,01 - Daylight,01 - Dry,10 - No control,,03 - P.D. only,03 - Rear end,0
17-10961,CARP RD btwn RICHARDSON SIDE RD & HWY417 IC144 RAMP62,346474.42577,5016854.03874,-75.96870726320,45.29040513770,2017-11-29,6:30:00 AM,02 - Rain,03 - Dawn,02 - Wet,10 - No control,,03 - P.D. only,07 - SMV other,0
17-10962,OLD MONTREAL RD btwn BARNETT DR & PIERRETTE DR,391396.92430,5042646.42247,-75.39155606660,45.51835752980,2017-11-29,11:40:00 AM,01 - Clear,01 - Daylight,02 - Wet,10 - No control,,03 - P.D. only,07 - SMV other,0
17-10963,TARTAN DR btwn ATOLL ST & ALFA ST,362609.35594,5014089.81464,-75.76334527500,45.26439051650,2017-11-29,12:00:00 AM,01 - Clear,00 - Unknown,01 - Dry,10 - No control,,03 - P.D. only,06 - SMV unattended vehicle,0
17-10964,PINECREST RD @ QUEENSVIEW DR,360347.01415,5023784.17490,-75.79108509010,45.35180314620,2017-11-29,1:59:00 PM,01 - Clear,01 - Daylight,01 - Dry,01 - Traffic signal,01 - Functioning,03 - P.D. only,02 - Angle,0
17-10965,BRUYERE ST @ SUSSEX DR,367538.98955,5032666.41931,-75.69817716150,45.43111660790,2017-11-29,2:35:00 PM,01 - Clear,01 - Daylight,01 - Dry,01 - Traffic signal,01 - Functioning,02 - Non-fatal injury,07 - SMV other,1
17-10966,GLOUCESTER ST btwn KENT ST & BANK ST,367450.27051,5031154.58772,-75.69950319110,45.41752159200,2017-11-29,12:00:00 AM,01 - Clear,00 - Unknown,01 - Dry,10 - No control,,03 - P.D. only,06 - SMV unattended vehicle,0
17-10967,MERIVALE RD @ WEST HUNT CLUB RD,365611.69186,5021942.49820,-75.72412733010,45.33479523630,2017-11-29,2:20:00 PM,01 - Clear,01 - Daylight,01 - Dry,01 - Traffic signal,01 - Functioning,03 - P.D. only,04 - Sideswipe,0
17-10968,INNES RD @ PORTOBELLO BLVD,385632.27920,5036892.55160,-75.46627879430,45.46728221030,2017-11-29,2:13:00 PM,01 - Clear,01 - Daylight,01 - Dry,01 - Traffic signal,01 - Functioning,03 - P.D. only,05 - Turning movement,0
17-10969,PRINCE OF WALES DR @ WEST HUNT CLUB RD,367458.71030,5021892.69804,-75.70057051860,45.33418464150,2017-11-29,2:49:00 PM,01 - Clear,01 - Daylight,02 - Wet,01 - Traffic signal,01 - Functioning,03 - P.D. only,03 - Rear end,0
17-10970,CARLING AVE @ IROQUOIS RD,362212.68266,5026026.86789,-75.76701601240,45.37183245190,2017-11-29,2:55:00 PM,01 - Clear,01 - Daylight,01 - Dry,01 - Traffic signal,01 - Functioning,03 - P.D. only,02 - Angle,0
17-10971,CAMPEAU DR @ TERRY FOX DR,350455.26625,5019011.12410,-75.91776079910,45.30956786820,2017-11-29,2:56:00 PM,01 - Clear,01 - Daylight,01 - Dry,01 - Traffic signal,01 - Functioning,03 - P.D. only,05 - Turning movement,0
17-10972,STEVENAGE DR btwn SWANSEA CRES & HAWTHORNE RD,375046.33642,5027277.92488,-75.60300996690,45.38191997850,2017-11-29,3:20:00 PM,01 - Clear,01 - Daylight,01 - Dry,10 - No control,,03 - P.D. only,05 - Turning movement,0
17-10973,OR174 IC109 RAMP65 @ MONTREAL RD,376402.98803,5034982.67169,-75.58456929780,45.45110545950,2017-11-29,2:00:00 PM,01 - Clear,01 - Daylight,01 - Dry,01 - Traffic signal,01 - Functioning,03 - P.D. only,03 - Rear end,0
17-10974,MCBEAN ST btwn RICHLAND DR & DOBSON LANE,358235.18338,5004430.38716,-75.82011724840,45.17781856030,2017-11-29,4:06:00 PM,01 - Clear,01 - Daylight,01 - Dry,10 - No control,,03 - P.D. only,07 - SMV other,0
17-10975,SMYTH RD/OTHELLO AVE @ RUSSELL RD W,373256.56425,5029373.56697,-75.62557049160,45.40095281880,2017-11-29,4:11:00 PM,01 - Clear,01 - Daylight,01 - Dry,01 - Traffic signal,01 - Functioning,03 - P.D. only,04 - Sideswipe,0
17-10976,BASELINE RD btwn LOBLAWS SC & MERIVALE RD,364968.07758,5025274.02483,-75.73193285840,45.36482734060,2017-11-29,4:18:00 PM,01 - Clear,01 - Daylight,01 - Dry,10 - No control,,03 - P.D. only,03 - Rear end,0
17-10977,ALBION RD btwn LESTER RD & LEITRIM RD,372754.53938,5022194.39148,-75.63296987030,45.33640630950,2017-11-29,4:20:00 PM,01 - Clear,05 - Dusk,01 - Dry,10 - No control,,03 - P.D. only,03 - Rear end,0
17-10978,BANFF AVE @ SURREY AVE,370576.05975,5025920.86350,-75.66026623300,45.37014358760,2017-11-29,4:39:00 PM,01 - Clear,05 - Dusk,01 - Dry,02 - Stop sign,01 - Functioning,02 - Non-fatal injury,02 - Angle,0
17-10979,INNES RD @ PAGE RD,380888.08345,5034541.22340,-75.52730454410,45.44665974650,2017-11-29,4:51:00 PM,01 - Clear,05 - Dusk,01 - Dry,01 - Traffic signal,01 - Functioning,02 - Non-fatal injury,02 - Angle,0
17-10980,EARL ARMSTRONG RD @ RIVER RD,367570.17099,5014684.39750,-75.70006125520,45.26931533410,2017-11-29,4:45:00 PM,01 - Clear,05 - Dusk,01 - Dry,01 - Traffic signal,01 - Functioning,03 - P.D. only,03 - Rear end,0
17-10981,RIVER RD btwn HONEY GABLES DR & RYEBURN DR,368031.42508,5016182.25012,-75.69399286260,45.28275153940,2017-11-29,4:51:00 PM,01 - Clear,05 - Dusk,01 - Dry,10 - No control,,03 - P.D. only,03 - Rear end,0
17-10982,CARLING AVE WB btwn ROCHESTER ST & BOOTH ST,367087.01959,5029101.20873,-75.70440350910,45.39907831300,2017-11-29,5:07:00 PM,01 - Clear,07 - Dark,01 - Dry,10 - No control,,03 - P.D. only,03 - Rear end,0
17-10983,MERIVALE RD @ WOODFIELD DR/ROYDON PL,365463.03555,5022297.83000,-75.72598024510,45.33800533370,2017-11-29,5:18:00 PM,01 - Clear,05 - Dusk,01 - Dry,01 - Traffic signal,01 - Functioning,03 - P.D. only,03 - Rear end,0
17-10984,WURTEMBURG ST btwn LAFRAMBOISE PL & CLARENCE ST E,369184.82361,5033209.36692,-75.67707406960,45.43585225480,2017-11-29,5:29:00 PM,03 - Snow,07 - Dark,06 - Ice,10 - No control,,03 - P.D. only,06 - SMV unattended vehicle,0
17-10985,MOODIE DR @ TIMM DR,356816.65184,5021084.81309,-75.83642174550,45.32778481470,2017-11-29,5:38:00 PM,01 - Clear,07 - Dark,01 - Dry,02 - Stop sign,01 - Functioning,03 - P.D. only,05 - Turning movement,0
17-10986,NOTRE DAME ST btwn ST. JEAN ST & BELCOURT BLVD,381273.76239,5037191.53913,-75.52196262510,45.47046304590,2017-11-29,5:44:00 PM,01 - Clear,07 - Dark,01 - Dry,10 - No control,,03 - P.D. only,06 - SMV unattended vehicle,0
17-10987,CATHERINE ST @ ELGIN ST,368552.37515,5030576.90300,-75.68549749590,45.41222423050,2017-11-23,5:59:00 PM,01 - Clear,07 - Dark,01 - Dry,01 - Traffic signal,01 - Functioning,03 - P.D. only,02 - Angle,0
17-10988,CAMPEAU DR/HWY 417 MARCH IC138R63 @ MARCH RD,352840.50771,5020480.03667,-75.88720119620,45.32262634190,2017-11-29,6:10:00 PM,01 - Clear,07 - Dark,01 - Dry,01 - Traffic signal,01 - Functioning,03 - P.D. only,03 - Rear end,0
17-10989,ELGIN ST @ QUEEN ST,367805.03695,5031778.24021,-75.69489095490,45.42310115620,2017-11-29,6:43:00 PM,01 - Clear,07 - Dark,01 - Dry,01 - Traffic signal,01 - Functioning,03 - P.D. only,05 - Turning movement,0
17-10990,HINTON AVE   S btwn SHERWOOD DR & KENILWORTH ST,365266.34238,5028592.76025,-75.72771931430,45.39466301670,2017-11-29,12:00:00 AM,01 - Clear,00 - Unknown,01 - Dry,10 - No control,,03 - P.D. only,06 - SMV unattended vehicle,0
17-10991,WOODROFFE AVE @ CLARIDGE DR/STONEWAY DR N,365576.36515,5016707.44280,-75.72522010200,45.28769374510,2017-11-29,7:59:00 PM,01 - Clear,07 - Dark,01 - Dry,01 - Traffic signal,01 - Functioning,02 - Non-fatal injury,05 - Turning movement,0
17-10992,KING EDWARD AVE @ RIDEAU ST,368511.37275,5032412.92030,-75.68578386700,45.42874780760,2017-11-29,7:58:00 PM,01 - Clear,07 - Dark,01 - Dry,01 - Traffic signal,01 - Functioning,03 - P.D. only,03 - Rear end,0
17-10993,CARP RD btwn BAIRD SIDE RD & THOMAS A. DOLAN PKWY,336304.13995,5026021.87822,-76.09777744670,45.37343127160,2017-11-29,8:22:00 PM,01 - Clear,07 - Dark,01 - Dry,10 - No control,,03 - P.D. only,07 - SMV other,0
17-10994,ROBERTSON RD @ WESTCLIFFE RD,356395.26248,5020053.88872,-75.84190447800,45.31853953700,2017-11-29,10:21:00 PM,01 - Clear,07 - Dark,01 - Dry,01 - Traffic signal,01 - Functioning,03 - P.D. only,07 - SMV other,0
17-10995,DONALD ST @ ST. LAURENT BLVD,372093.37845,5032473.25380,-75.64000349500,45.42895519420,2017-11-30,1:11:00 AM,01 - Clear,07 - Dark,01 - Dry,01 - Traffic signal,01 - Functioning,03 - P.D. only,04 - Sideswipe,0
17-10996,SOMERSET ST    W btwn LEBRETON ST N & EMPRESS AVE,366691.65501,5030325.78097,-75.70929933970,45.41013174340,2017-11-30,12:00:00 AM,01 - Clear,00 - Unknown,01 - Dry,10 - No control,,03 - P.D. only,06 - SMV unattended vehicle,0
17-10997,GREENBANK RD @ STRANDHERD DR,363933.21053,5014783.70714,-75.74639445420,45.27052413070,2017-11-30,7:20:00 AM,01 - Clear,01 - Daylight,01 - Dry,01 - Traffic signal,01 - Functioning,03 - P.D. only,03 - Rear end,0
17-10998,HERZBERG RD @ MARCH RD,352323.95665,5021528.48830,-75.89368924340,45.33209568350,2017-11-30,7:26:00 AM,01 - Clear,01 - Daylight,01 - Dry,01 - Traffic signal,01 - Functioning,03 - P.D. only,03 - Rear end,0
17-10999,DUNNING RD @ FRENCH HILL RD,392364.15115,5037643.86530,-75.38007048940,45.47323013330,2017-11-27,8:00:00 AM,01 - Clear,01 - Daylight,01 - Dry,02 - Stop sign,01 - Functioning,03 - P.D. only,02 - Angle,0
17-11000,KIWANIS CRT btwn JOHNSTON RD & END,372254.87095,5025811.43929,-75.63885094050,45.36899945640,2017-11-30,7:51:00 AM,01 - Clear,01 - Daylight,01 - Dry,10 - No control,,03 - P.D. only,01 - Approaching,0
17-11001,TERRY FOX DR @ HALKIRK AVE/WINCHESTER DR,352512.22735,5016870.67600,-75.89173591510,45.29017086210,2017-11-30,8:22:00 AM,01 - Clear,01 - Daylight,01 - Dry,01 - Traffic signal,01 - Functioning,03 - P.D. only,03 - Rear end,0
17-11002,"MONTREAL RD btwn EGLISE, RUE DE L & ST. LAURENT BLVD",371339.31555,5033721.88131,-75.64947044320,45.44026192280,2017-11-30,8:30:00 AM,01 - Clear,01 - Daylight,01 - Dry,10 - No control,,03 - P.D. only,07 - SMV other,0
17-11003,WEST HUNT CLUB RD WB btwn 545 E OF ROYDON PL/SUNDERLAND ST & ANTARES D,366573.78033,5022528.57263,-75.71178041400,45.33998460130,2017-11-30,9:08:00 AM,01 - Clear,01 - Daylight,01 - Dry,10 - No control,,03 - P.D. only,06 - SMV unattended vehicle,0
17-11004,BANK ST @ HUNT CLUB RD,371608.73650,5024096.73168,-75.64733055860,45.35363299690,2017-11-28,3:40:00 PM,01 - Clear,01 - Daylight,01 - Dry,01 - Traffic signal,01 - Functioning,03 - P.D. only,03 - Rear end,0
17-11005,MAITLAND AVE/GLENMOUNT AVE @ ERINDALE DR,363697.90805,5025211.60862,-75.74815304990,45.36437360430,2017-11-30,9:31:00 AM,01 - Clear,01 - Daylight,01 - Dry,01 - Traffic signal,01 - Functioning,02 - Non-fatal injury,03 - Rear end,0
17-11006,BRITANNIA RD btwn PRISCILLA ST & MARIE ST,360089.72268,5024936.74458,-75.79423959050,45.36219427520,2017-11-30,12:00:00 AM,01 - Clear,00 - Unknown,01 - Dry,10 - No control,,03 - P.D. only,06 - SMV unattended vehicle,0
17-11007,PARKDALE AVE @ WESTMOUNT AVE/HWY 417 PARKDAL I,365300.91225,5028923.81557,-75.72723722410,45.39763879330,2017-11-30,9:37:00 AM,01 - Clear,01 - Daylight,06 - Ice,01 - Traffic signal,01 - Functioning,03 - P.D. only,03 - Rear end,0
17-11008,BELFAST RD @ ST. LAURENT BLVD,372861.05855,5030578.56200,-75.63045555660,45.41183337800,2017-11-30,9:37:00 AM,01 - Clear,01 - Daylight,01 - Dry,01 - Traffic signal,01 - Functioning,03 - P.D. only,03 - Rear end,0
17-11009,ALBION RD @ MITCH OWENS RD,375907.20506,5014804.22362,-75.59381007060,45.26959998640,2017-11-30,10:25:00 AM,01 - Clear,01 - Daylight,01 - Dry,01 - Traffic signal,01 - Functioning,03 - P.D. only,05 - Turning movement,0
17-11010,MCCARTHY RD @ PLANTE DR N,369606.04915,5024192.83670,-75.67287522710,45.35468566630,2017-11-30,10:36:00 AM,01 - Clear,01 - Daylight,01 - Dry,01 - Traffic signal,01 - Functioning,02 - Non-fatal injury,02 - Angle,0
17-11011,BANK ST @ SNAKE ISLAND RD/VICTORIA ST,383696.45385,5010121.40700,-75.49530161460,45.22663592170,2017-11-30,10:49:00 AM,01 - Clear,01 - Daylight,01 - Dry,01 - Traffic signal,01 - Functioning,03 - P.D. only,05 - Turning movement,0
17-11012,SOMERSET ST    W btwn BREEZEHILL AVE N & PRESTON ST,366232.93470,5030095.83618,-75.71518784890,45.40810317780,2017-11-30,11:17:00 AM,01 - Clear,01 - Daylight,01 - Dry,10 - No control,,03 - P.D. only,06 - SMV unattended vehicle,0
17-11013,BRITTANY DR @ MONTREAL RD,371912.78385,5033994.62782,-75.64210379370,45.44266114970,2017-11-30,12:17:00 PM,01 - Clear,01 - Daylight,01 - Dry,01 - Traffic signal,01 - Functioning,03 - P.D. only,03 - Rear end,0
17-11014,SWEETLAND AVE btwn LAURIER AVE E & OSGOODE ST,368982.28870,5032131.16513,-75.67980301010,45.42616962390,2017-11-30,12:00:00 AM,01 - Clear,00 - Unknown,02 - Wet,10 - No control,,03 - P.D. only,06 - SMV unattended vehicle,0
17-11015,CONROY RD @ HUNT CLUB RD,373763.26210,5025403.80595,-75.61965352710,45.36518494410,2017-11-30,1:11:00 PM,01 - Clear,01 - Daylight,01 - Dry,01 - Traffic signal,01 - Functioning,03 - P.D. only,03 - Rear end,0
17-11016,SMYTH RD btwn ROGER GUINDON AVE & BOTSFORD ST,372043.41357,5029236.71213,-75.64108355630,45.39983903050,2017-11-30,2:02:00 PM,01 - Clear,01 - Daylight,02 - Wet,10 - No control,,03 - P.D. only,03 - Rear end,0
17-11017,CARLING AVE @ CLYDE AVE/COLE AVE,363520.35615,5026850.54210,-75.75022451310,45.37913540510,2017-11-30,2:31:00 PM,01 - Clear,01 - Daylight,02 - Wet,01 - Traffic signal,01 - Functioning,03 - P.D. only,03 - Rear end,0
17-11018,MCCLELLAN RD btwn GRADY CRES & HOBART CRES,360268.83515,5021188.68307,-75.79237375300,45.32845509830,2017-11-29,12:00:00 AM,01 - Clear,00 - Unknown,01 - Dry,10 - No control,,03 - P.D. only,06 - SMV unattended vehicle,0
17-11019,STRANDHERD DR @ CLARIDGE DR,364949.01278,5015381.69656,-75.73337757570,45.27581868520,2017-11-30,2:48:00 PM,02 - Rain,01 - Daylight,02 - Wet,01 - Traffic signal,01 - Functioning,02 - Non-fatal injury,02 - Angle,0
17-11020,BOUNDARY RD @ RUSSELL RD,386546.81390,5026021.50206,-75.45638873190,45.36936822050,2017-11-30,2:45:00 PM,01 - Clear,01 - Daylight,01 - Dry,02 - Stop sign,01 - Functioning,03 - P.D. only,07 - SMV other,0
17-11021,COLONIAL RD @ ROCKDALE RD,391419.48695,5032662.50320,-75.39302744180,45.42853147910,2017-11-30,3:23:00 PM,02 - Rain,01 - Daylight,02 - Wet,02 - Stop sign,01 - Functioning,02 - Non-fatal injury,02 - Angle,0
17-11022,CATHERINE ST @ METCALFE ST,368393.37225,5030485.89420,-75.68754045820,45.41141983050,2017-11-30,3:25:00 PM,02 - Rain,01 - Daylight,02 - Wet,01 - Traffic signal,01 - Functioning,03 - P.D. only,04 - Sideswipe,0
17-11023,MITCH OWENS RD btwn RIVER RD & SPRATT RD,369578.12460,5010815.50729,-75.67497885580,45.23432139340,2017-11-30,3:40:00 PM,02 - Rain,01 - Daylight,02 - Wet,10 - No control,,03 - P.D. only,02 - Angle,0
17-11024,LAVERGNE ST btwn MICHEL CIRC & DES PERES BLANCS AVE,370113.22337,5033998.42811,-75.66510440530,45.44286578960,2017-11-26,9:00:00 PM,03 - Snow,07 - Dark,02 - Wet,10 - No control,,03 - P.D. only,06 - SMV unattended vehicle,0
17-11025,BRONSON AVE @ FIRST AVE,367488.70406,5029235.89350,-75.69925614850,45.40025431720,2017-11-30,3:47:00 PM,04 - Freezing Rain,01 - Daylight,06 - Ice,02 - Stop sign,01 - Functioning,03 - P.D. only,04 - Sideswipe,0
17-11026,NORTH RIVER RD btwn SELKIRK ST & MCARTHUR AVE,369788.20368,5032741.76550,-75.66942458210,45.43158914910,2017-11-30,4:00:00 PM,02 - Rain,05 - Dusk,02 - Wet,10 - No control,,03 - P.D. only,05 - Turning movement,0
17-11027,ISABELLA ST/HWY417 IC119AR75 @ METCALFE ST,368449.04095,5030398.22691,-75.68684063510,45.41062596840,2017-11-30,4:10:00 PM,03 - Snow,05 - Dusk,02 - Wet,01 - Traffic signal,01 - Functioning,03 - P.D. only,04 - Sideswipe,0
17-11028,PRINCE OF WALES DR @ STRANDHERD DR,367174.28646,5014824.85990,-75.70508824810,45.27061442750,2017-11-30,8:50:00 AM,01 - Clear,01 - Daylight,01 - Dry,01 - Traffic signal,01 - Functioning,03 - P.D. only,03 - Rear end,0
17-11029,FINDLAY AVE @ TORRINGTON PL,367934.04065,5028790.88709,-75.69362523710,45.39621026340,2017-11-30,4:19:00 PM,02 - Rain,05 - Dusk,02 - Wet,02 - Stop sign,01 - Functioning,03 - P.D. only,02 - Angle,0
17-11030,8TH LINE RD @ MITCH OWENS RD,382361.80636,5018777.87517,-75.51094326220,45.30467042440,2017-11-30,4:26:00 PM,01 - Clear,05 - Dusk,02 - Wet,02 - Stop sign,01 - Functioning,03 - P.D. only,05 - Turning movement,0
17-11031,HENNEPIN ST @ KENNEVALE DR,362269.17950,5014471.49371,-75.76763556590,45.26785276660,2017-11-30,4:31:00 PM,02 - Rain,05 - Dusk,02 - Wet,02 - Stop sign,01 - Functioning,02 - Non-fatal injury,07 - SMV other,1
17-11032,FRANK KENNY RD btwn JONQUILLE WAY & WILHAVEN DR,386665.78540,5040288.17682,-75.45249798560,45.49771213940,2017-11-30,4:43:00 PM,02 - Rain,05 - Dusk,06 - Ice,10 - No control,,02 - Non-fatal injury,07 - SMV other,0
17-11033,CONROY RD @ HUNT CLUB RD,373762.73666,5025405.86059,-75.61965994650,45.36520348220,2017-11-30,4:49:00 PM,02 - Rain,05 - Dusk,02 - Wet,01 - Traffic signal,01 - Functioning,02 - Non-fatal injury,05 - Turning movement,0
17-11034,HEMLOCK RD btwn ST. LAURENT BLVD & LONDON TER,371175.47479,5034780.92890,-75.65142162360,45.44980631340,2017-11-30,4:48:00 PM,04 - Freezing Rain,05 - Dusk,02 - Wet,10 - No control,,03 - P.D. only,02 - Angle,0
17-11035,COLONNADE RD btwn MERIVALE RD & COLONNADE RD N,365421.55453,5022568.57667,-75.72647629590,45.34044506210,2017-11-30,4:52:00 PM,02 - Rain,07 - Dark,02 - Wet,10 - No control,,03 - P.D. only,07 - SMV other,0
17-11036,REGIONAL ROAD 174 btwn OR174 IC109 RAMP64 & OR174 IC105 RAMP16,376608.33920,5035309.76199,-75.58189650720,45.45402733700,2017-11-30,4:54:00 PM,03 - Snow,07 - Dark,06 - Ice,10 - No control,,03 - P.D. only,04 - Sideswipe,0
17-11037,OLD TENTH LINE RD/OR174 IC101 RAMP63 @ ST. JOS,383118.07186,5038785.59430,-75.49812483970,45.48460052820,2017-11-30,5:27:00 PM,03 - Snow,07 - Dark,02 - Wet,01 - Traffic signal,01 - Functioning,03 - P.D. only,05 - Turning movement,0
17-11038,CARLING AVE @ MELROSE AVE,365969.70196,5028390.88200,-75.71876181670,45.39278547370,2017-11-30,5:44:00 PM,03 - Snow,07 - Dark,02 - Wet,02 - Stop sign,00 - Unknown,03 - P.D. only,02 - Angle,0
17-11039,CATHERINE ST @ KENT ST,367908.71084,5030189.23330,-75.69376978200,45.40879444250,2017-11-30,5:47:00 PM,01 - Clear,07 - Dark,01 - Dry,01 - Traffic signal,01 - Functioning,03 - P.D. only,04 - Sideswipe,0
17-11040,BASELINE RD @ 207 E OF CLYDE AVE,364534.47736,5025001.64440,-75.73750035210,45.36241358670,2017-11-30,5:58:00 PM,03 - Snow,07 - Dark,02 - Wet,01 - Traffic signal,01 - Functioning,03 - P.D. only,03 - Rear end,0
17-11041,MONTREAL RD @ OGILVIE RD,375653.73166,5034555.91720,-75.59420865170,45.44734214670,2017-11-30,5:20:00 PM,02 - Rain,07 - Dark,02 - Wet,01 - Traffic signal,01 - Functioning,03 - P.D. only,99 - Other,0
17-11042,MARCHURST RD btwn RIDGETOP RD & JOHN ASELFORD DRWY,340291.48097,5029462.33040,-76.04662397890,45.40419898340,2017-11-30,6:06:00 PM,01 - Clear,07 - Dark,02 - Wet,10 - No control,,03 - P.D. only,07 - SMV other,0
17-11043,BREWER RD @ BRONSON AVE,368108.04376,5027766.43590,-75.69153445620,45.38697683860,2017-11-30,6:12:00 PM,04 - Freezing Rain,07 - Dark,06 - Ice,01 - Traffic signal,01 - Functioning,02 - Non-fatal injury,03 - Rear end,0
17-11044,KING EDWARD AVE @ STEWART ST,368634.37995,5032205.57910,-75.68423889880,45.42687101110,2017-11-30,6:35:00 PM,02 - Rain,07 - Dark,02 - Wet,01 - Traffic signal,01 - Functioning,02 - Non-fatal injury,07 - SMV other,1
17-11045,BRITTANY DR @ MONTREAL RD,371912.20230,5033995.60080,-75.64211109470,45.44266996010,2017-11-30,6:58:00 PM,02 - Rain,07 - Dark,02 - Wet,01 - Traffic signal,01 - Functioning,02 - Non-fatal injury,02 - Angle,0
17-11046,JEFFERSON ST btwn FEATHERSTON DR & ARIZONA AVE,371789.05516,5027229.26292,-75.64460469460,45.38180118360,2017-11-30,7:01:00 PM,02 - Rain,07 - Dark,02 - Wet,10 - No control,,03 - P.D. only,03 - Rear end,0
17-11047,BASELINE RD @ WOODROFFE AVE,362548.68686,5023769.16691,-75.76299044020,45.35149025790,2017-11-30,7:21:00 PM,01 - Clear,07 - Dark,01 - Dry,01 - Traffic signal,01 - Functioning,03 - P.D. only,04 - Sideswipe,0
17-11048,WOODROFFE AVE btwn CARLINGWOOD SC & CARLING AVE,361915.62055,5025874.67506,-75.77082587310,45.37048730910,2017-11-30,7:20:00 PM,02 - Rain,07 - Dark,02 - Wet,10 - No control,,03 - P.D. only,02 - Angle,0
17-11049,MERIVALE RD btwn DORCHESTER AVE & KIRKWOOD AVE,364858.95827,5026566.97251,-75.73316847920,45.37647042560,2017-11-30,7:30:00 PM,01 - Clear,07 - Dark,02 - Wet,10 - No control,,03 - P.D. only,05 - Turning movement,0