COLLISION_ID,LOCATION,X,Y,LONGITUDE,LATITUDE,DATE,TIME,ENVIRONMENT,LIGHT,SURFACE_CONDITION,TRAFFIC_CONTROL,TRAFFIC_CONTROL_CONDITION,COLLISION_CLASSIFICATION,IMPACT_TYPE,NO_OF_PEDESTRIANS
17-11050,HAWTHORNE RD/RUSSELL RD @ WALKLEY RD,374675.07835,5028499.54130,-75.60757710330,45.39294862530,2017-11-30,8:37:00 PM,02 - Rain,07 - Dark,02 - Wet,01 - Traffic signal,01 - Functioning,03 - P.D. only,02 - Angle,0
17-11051,EAGLESON RD @ MICHAEL COWPLAND DR/STONEHAVEN D,354384.57707,5016620.86511,-75.86789247880,45.28779339740,2017-11-30,8:48:00 PM,02 - Rain,07 - Dark,02 - Wet,01 - Traffic signal,01 - Functioning,03 - P.D. only,07 - SMV other,0
17-11052,ROTHBOURNE RD btwn MOONSTONE RD & CARP RD,347472.32003,5014151.57418,-75.95621835550,45.26602745070,2017-11-30,9:25:00 PM,01 - Clear,07 - Dark,02 - Wet,10 - No control,,02 - Non-fatal injury,07 - SMV other,0
17-11053,DONALD ST @ ST. LAURENT BLVD,372092.70956,5032473.92269,-75.64001195100,45.42896127700,2017-12-01,1:37:00 AM,01 - Clear,07 - Dark,02 - Wet,01 - Traffic signal,01 - Functioning,02 - Non-fatal injury,07 - SMV other,0
17-11054,MITCH OWENS RD btwn LIMEBANK RD & DOWNEY RD,371927.09178,5012270.82423,-75.64486902130,45.24719609230,2017-12-01,6:02:00 AM,01 - Clear,07 - Dark,01 - Dry,10 - No control,,03 - P.D. only,07 - SMV other,0
17-11055,RIDEAU RD btwn SOMME ST & RAMSAYVILLE RD,380179.86980,5019856.47326,-75.53859894060,45.31461261390,2017-12-01,7:07:00 AM,04 - Freezing Rain,03 - Dawn,02 - Wet,10 - No control,,03 - P.D. only,07 - SMV other,0
17-11056,INNES RD btwn BLAIR RD & ANDERSON RD,375651.97905,5031489.72232,-75.59467229580,45.41975449780,2017-12-01,7:05:00 AM,01 - Clear,03 - Dawn,04 - Slush,10 - No control,,03 - P.D. only,03 - Rear end,0
17-11057,HUNT CLUB RD @ DOWNPATRICK RD/MCCARTHY RD,370506.06216,5023401.17790,-75.66149471150,45.34747879650,2017-12-01,7:15:00 AM,02 - Rain,03 - Dawn,02 - Wet,01 - Traffic signal,01 - Functioning,02 - Non-fatal injury,03 - Rear end,0
17-11058,HALLEY ST btwn TARTAN DR & ALFA ST,362586.00706,5013970.38430,-75.76365667330,45.26331779360,2017-12-01,8:51:00 AM,01 - Clear,01 - Daylight,01 - Dry,10 - No control,,03 - P.D. only,99 - Other,0
17-11059,RANDALL AVE btwn ALTA VISTA DR & BRAESIDE AVE,370464.39290,5027370.16557,-75.66149896440,45.38319439420,2017-12-01,8:58:00 AM,01 - Clear,01 - Daylight,02 - Wet,10 - No control,,03 - P.D. only,01 - Approaching,0
17-11060,WOODROFFE AVE @ GEORGINA DR/LENESTER AVE,361909.22307,5025370.59710,-75.77096581110,45.36595218000,2017-12-01,9:24:00 AM,01 - Clear,01 - Daylight,01 - Dry,01 - Traffic signal,01 - Functioning,03 - P.D. only,04 - Sideswipe,0
17-11061,LYON ST @ WELLINGTON ST,366935.27100,5031425.94052,-75.70604860040,45.42000906680,2017-12-01,9:53:00 AM,01 - Clear,01 - Daylight,01 - Dry,01 - Traffic signal,01 - Functioning,03 - P.D. only,04 - Sideswipe,0
17-11062,CIMARRON CRES btwn Continuation of CIMARRON CRES & Continuation of CIM,361844.61871,5022886.15280,-75.77207712700,45.34360256710,2017-11-26,8:00:00 PM,03 - Snow,07 - Dark,03 - Loose snow,10 - No control,,03 - P.D. only,06 - SMV unattended vehicle,0
17-11063,OGILVIE RD btwn CUMMINGS AVE & BEAULIEU PL,372955.69194,5032284.08454,-75.62901074670,45.42716964310,2017-12-01,1:26:00 PM,01 - Clear,01 - Daylight,01 - Dry,10 - No control,,03 - P.D. only,04 - Sideswipe,0
17-11064,ANDRE AUDET AVE @ DUNDONALD DR,364934.61700,5012032.69100,-75.73396639250,45.24568553870,2017-12-01,1:51:00 PM,01 - Clear,01 - Daylight,01 - Dry,02 - Stop sign,01 - Functioning,03 - P.D. only,02 - Angle,0
17-11065,CARLING AVE @ PRESTON ST,366830.71334,5028936.22230,-75.70769776030,45.39761656470,2017-12-01,2:10:00 PM,02 - Rain,01 - Daylight,02 - Wet,01 - Traffic signal,01 - Functioning,02 - Non-fatal injury,07 - SMV other,1
17-11066,NICHOLAS ST NB btwn LAURIER AVE E & WALLER ST,368489.08657,5031711.76546,-75.68615931250,45.42244109650,2017-12-01,2:15:00 PM,01 - Clear,01 - Daylight,01 - Dry,10 - No control,,02 - Non-fatal injury,03 - Rear end,0
17-11067,JEANNE D'ARC BLVD @ ORLEANS BLVD S,380939.74116,5036251.91739,-75.52637941990,45.46204558830,2017-12-01,2:20:00 PM,01 - Clear,01 - Daylight,01 - Dry,01 - Traffic signal,01 - Functioning,02 - Non-fatal injury,05 - Turning movement,0
17-11068,MONTREAL RD @ ST. LAURENT BLVD,371547.37514,5033816.92580,-75.64679835780,45.44109725560,2017-12-01,2:32:00 PM,01 - Clear,01 - Daylight,01 - Dry,01 - Traffic signal,01 - Functioning,03 - P.D. only,05 - Turning movement,0
17-11069,HAWTHORNE RD @ HUNT CLUB RD,375507.41545,5026407.86699,-75.59724767130,45.37404523900,2017-12-01,2:31:00 PM,01 - Clear,01 - Daylight,01 - Dry,01 - Traffic signal,01 - Functioning,03 - P.D. only,03 - Rear end,0
17-11070,CONROY RD @ HUNT CLUB RD,373762.78421,5025404.28385,-75.61965956020,45.36518929100,2017-12-01,2:49:00 PM,01 - Clear,01 - Daylight,01 - Dry,01 - Traffic signal,01 - Functioning,03 - P.D. only,03 - Rear end,0
17-11071,COBDEN RD btwn ELMIRA DR & IRIS ST,361348.29936,5023911.62454,-75.77829269130,45.35286990640,2017-12-01,12:30:00 PM,01 - Clear,01 - Daylight,01 - Dry,10 - No control,,03 - P.D. only,06 - SMV unattended vehicle,0
17-11072,PRESTON ST btwn NORMAN ST & PAMILLA ST,366738.33531,5029141.96588,-75.70885173180,45.39947596950,2017-12-01,2:56:00 PM,01 - Clear,01 - Daylight,01 - Dry,10 - No control,,03 - P.D. only,02 - Angle,0
17-11073,EDGEWORTH AVE btwn LAWN AVE & CARLING AVE,361241.60997,5025470.00935,-75.77947626310,45.36690076220,2017-12-01,3:00:00 PM,01 - Clear,01 - Daylight,01 - Dry,10 - No control,,03 - P.D. only,06 - SMV unattended vehicle,0
17-11074,REGIONAL ROAD 174 EB btwn HWY417 IC113 RAMP65 & OR174 BLAIR IC112 RAMP51,374771.52060,5032799.60176,-75.60573509330,45.43162869010,2017-12-01,3:16:00 PM,01 - Clear,01 - Daylight,01 - Dry,10 - No control,,03 - P.D. only,04 - Sideswipe,0
17-11075,CONROY RD @ HUNT CLUB RD,373762.73666,5025404.52280,-75.61966013320,45.36519144520,2017-11-30,5:00:00 PM,03 - Snow,05 - Dusk,02 - Wet,01 - Traffic signal,01 - Functioning,03 - P.D. only,03 - Rear end,0
17-11076,MONTREAL RD @ OGILVIE RD,375653.73166,5034556.58610,-75.59420855540,45.44734816510,2017-12-01,4:06:00 PM,01 - Clear,05 - Dusk,01 - Dry,01 - Traffic signal,01 - Functioning,03 - P.D. only,03 - Rear end,0
17-11077,DRIVEWAY (THE) @ PRINCE OF WALES DR,366884.04615,5028138.88409,-75.70711695310,45.39043759610,2017-12-01,4:15:00 PM,01 - Clear,05 - Dusk,03 - Loose snow,11 - Roundabout,01 - Functioning,03 - P.D. only,07 - SMV other,0
17-11078,RAMSAYVILLE RD btwn LEITRIM RD & EIGHTH LINE RD,378911.03746,5023434.26703,-75.55424385120,45.34693878750,2017-12-01,4:15:00 PM,01 - Clear,05 - Dusk,01 - Dry,10 - No control,,03 - P.D. only,03 - Rear end,0
17-11079,BANK ST @ SNAKE ISLAND RD/VICTORIA ST,383696.45385,5010121.40700,-75.49530161460,45.22663592170,2017-12-01,4:30:00 PM,01 - Clear,05 - Dusk,01 - Dry,01 - Traffic signal,01 - Functioning,03 - P.D. only,05 - Turning movement,0
17-11080,"EGLISE, RUE DE L @ MONTREAL RD",371158.18810,5033633.34805,-75.65179736100,45.43948255670,2017-12-01,4:35:00 PM,01 - Clear,05 - Dusk,01 - Dry,01 - Traffic signal,00 - Unknown,03 - P.D. only,04 - Sideswipe,0
17-11081,CUMBERLAND ST btwn YORK ST & GEORGE ST,368285.90827,5032482.14134,-75.68865603470,45.42939113540,2017-12-01,4:57:00 PM,01 - Clear,07 - Dark,01 - Dry,10 - No control,,02 - Non-fatal injury,05 - Turning movement,0
17-11082,RUSSELL RD btwn FRANK KENNY RD & ROCKDALE RD,392658.83532,5026402.26460,-75.37830710510,45.37205438250,2017-12-01,4:58:00 PM,02 - Rain,07 - Dark,02 - Wet,10 - No control,,03 - P.D. only,07 - SMV other,0
17-11083,BASELINE RD @ MERIVALE RD,365053.02416,5025325.51490,-75.73084230400,45.36528334340,2017-12-01,4:57:00 PM,01 - Clear,05 - Dusk,01 - Dry,01 - Traffic signal,01 - Functioning,03 - P.D. only,03 - Rear end,0
17-11084,EARL MULLIGAN DR @ WOODGATE WAY,365042.03155,5017385.12061,-75.73194889400,45.29383746270,2017-12-01,4:59:00 PM,01 - Clear,07 - Dark,01 - Dry,02 - Stop sign,00 - Unknown,03 - P.D. only,03 - Rear end,0
17-11085,TERRY FOX DR @ HALKIRK AVE/WINCHESTER DR,352512.11104,5016869.65068,-75.89173749760,45.29016164410,2017-12-01,5:18:00 PM,03 - Snow,07 - Dark,03 - Loose snow,01 - Traffic signal,01 - Functioning,03 - P.D. only,04 - Sideswipe,0
17-11086,BANK ST @ HERON RD,369995.38555,5026851.54220,-75.66755579720,45.37857179730,2017-12-01,6:33:00 PM,01 - Clear,07 - Dark,01 - Dry,01 - Traffic signal,01 - Functioning,03 - P.D. only,04 - Sideswipe,0
17-11087,AUTOPARK PRIV btwn HUNTMAR DR & END,349476.03160,5017517.30856,-75.93038292670,45.29618904230,2017-12-01,6:39:00 PM,01 - Clear,07 - Dark,01 - Dry,10 - No control,,03 - P.D. only,06 - SMV unattended vehicle,0
17-11088,RICHMOND RD btwn BROADVIEW AVE & GOLDEN AVE,362858.70343,5028022.91012,-75.75853427060,45.38973935500,2017-12-01,7:11:00 PM,01 - Clear,07 - Dark,01 - Dry,10 - No control,,02 - Non-fatal injury,06 - SMV unattended vehicle,0
17-11089,KINBURN SIDE RD btwn LIMESTONE RD & BECKS RD,333499.98638,5031836.93189,-76.13323974310,45.42587796550,2017-12-01,7:18:00 PM,01 - Clear,07 - Dark,01 - Dry,10 - No control,,02 - Non-fatal injury,07 - SMV other,0
17-11090,HUNT CLUB RD @ UPLANDS DR,370156.39275,5023120.82320,-75.66599357250,45.34498891250,2017-12-01,7:29:00 PM,01 - Clear,07 - Dark,01 - Dry,01 - Traffic signal,01 - Functioning,03 - P.D. only,05 - Turning movement,0
17-11091,OGILVIE RD btwn 240 W OF BLAIR RD & CITY PARK DR,374329.46283,5033092.88938,-75.61134267190,45.43431162220,2017-12-01,7:44:00 PM,01 - Clear,07 - Dark,01 - Dry,10 - No control,,03 - P.D. only,03 - Rear end,0
17-11092,UPPER DWYER HILL RD btwn CARROLL SIDE RD & MARCH RD,333818.05903,5014570.55606,-76.13018827270,45.27049358340,2017-12-01,7:47:00 PM,01 - Clear,07 - Dark,01 - Dry,10 - No control,,03 - P.D. only,07 - SMV other,0
17-11093,WELLINGTON ST @ HAMILTON AVE,365077.64004,5029234.48536,-75.73005079870,45.40045338950,2017-12-01,8:01:00 PM,01 - Clear,07 - Dark,01 - Dry,02 - Stop sign,00 - Unknown,02 - Non-fatal injury,05 - Turning movement,0
17-11094,GREENBANK RD @ CANFIELD RD/CRAIG HENRY DR,361105.00756,5021365.16130,-75.78168731030,45.32997646500,2017-12-01,10:12:00 PM,01 - Clear,07 - Dark,01 - Dry,01 - Traffic signal,01 - Functioning,02 - Non-fatal injury,05 - Turning movement,0
17-11095,MONTREAL RD @ ST. LAURENT BLVD,371547.37514,5033816.92580,-75.64679835780,45.44109725560,2017-12-01,10:29:00 PM,01 - Clear,07 - Dark,01 - Dry,01 - Traffic signal,01 - Functioning,03 - P.D. only,05 - Turning movement,0
17-11096,COLONEL BY DR @ LEONARD AVE,368226.70766,5028577.55769,-75.68991497180,45.39426433970,2017-12-02,2:20:00 AM,01 - Clear,07 - Dark,01 - Dry,02 - Stop sign,01 - Functioning,02 - Non-fatal injury,03 - Rear end,0
17-11097,BRASSEUR CRES btwn WINSOME TER & DESTINY PRIV,386081.54179,5037532.95811,-75.46042843630,45.47299181180,2017-12-02,2:20:00 AM,01 - Clear,07 - Dark,01 - Dry,10 - No control,,03 - P.D. only,06 - SMV unattended vehicle,0
17-11098,WEST HUNT CLUB RD @ WOODROFFE AVE,363671.69434,5021245.82010,-75.74895969150,45.32869202590,2017-12-02,12:00:00 AM,01 - Clear,00 - Unknown,01 - Dry,01 - Traffic signal,01 - Functioning,03 - P.D. only,04 - Sideswipe,0
17-11099,ALBION RD @ MITCH OWENS RD,375907.23200,5014805.16595,-75.59380959290,45.26960846310,2017-12-02,9:48:00 AM,01 - Clear,01 - Daylight,01 - Dry,01 - Traffic signal,01 - Functioning,02 - Non-fatal injury,05 - Turning movement,0
17-11100,ORCHARDVIEW AVE @ GARDENWAY DR,384735.36312,5036806.83364,-75.47776107240,45.46661422040,2017-12-02,10:45:00 AM,01 - Clear,01 - Daylight,01 - Dry,02 - Stop sign,01 - Functioning,03 - P.D. only,02 - Angle,0
17-11101,WEST HUNT CLUB RD @ WOODROFFE AVE,363671.02545,5021247.15790,-75.74896806500,45.32870411950,2017-12-02,12:14:00 PM,01 - Clear,01 - Daylight,01 - Dry,01 - Traffic signal,00 - Unknown,03 - P.D. only,03 - Rear end,0
17-11102,KENT ST btwn MACLAREN ST & GILMOUR ST,367595.11833,5030707.11629,-75.69770963750,45.41348240040,2017-12-02,2:01:00 PM,01 - Clear,01 - Daylight,01 - Dry,10 - No control,,03 - P.D. only,06 - SMV unattended vehicle,0
17-11103,TERRY FOX DR @ PALLADIUM DR/KATIMAVIK RD,351269.71800,5018182.49205,-75.90745238110,45.30205820310,2017-12-02,2:44:00 PM,01 - Clear,01 - Daylight,01 - Dry,01 - Traffic signal,01 - Functioning,03 - P.D. only,03 - Rear end,0
17-11104,CLARIDGE DR btwn TOTTERIDGE AVE & FAIRLOP WAY,364577.75036,5016242.54195,-75.73800535830,45.28359622230,2017-12-02,3:37:00 PM,01 - Clear,01 - Daylight,01 - Dry,10 - No control,,03 - P.D. only,06 - SMV unattended vehicle,0
17-11105,BOOTH ST @ OTTAWA RIVER PKWY/WELLINGTON ST,366264.59145,5031007.35680,-75.71466980130,45.41630201240,2017-12-02,4:08:00 PM,01 - Clear,05 - Dusk,01 - Dry,01 - Traffic signal,01 - Functioning,03 - P.D. only,03 - Rear end,0
17-11106,PLACE D'ORLEANS DR W @ ST. JOSEPH BLVD,381600.97772,5037682.52652,-75.51770167950,45.47484462930,2017-12-02,4:30:00 PM,01 - Clear,05 - Dusk,01 - Dry,01 - Traffic signal,01 - Functioning,03 - P.D. only,03 - Rear end,0
17-11107,REGIONAL ROAD 174 btwn OR174 IC109 RAMP54 & OR174 IC109 RAMP55,376425.73050,5034880.99945,-75.58429338090,45.45018834740,2017-12-02,3:30:00 PM,01 - Clear,01 - Daylight,01 - Dry,10 - No control,,03 - P.D. only,99 - Other,0
17-11108,FALLOWFIELD RD @ WOODROFFE AVE,365085.48445,5017904.52779,-75.73133180250,45.29850733430,2017-12-02,5:11:00 PM,01 - Clear,07 - Dark,01 - Dry,01 - Traffic signal,01 - Functioning,03 - P.D. only,03 - Rear end,0
17-11109,INDUSTRIAL AVE btwn NEIGHBORHOOD WAY & TRAINYARDS DR,371308.29052,5030543.91213,-75.65029609410,45.41167090450,2017-12-02,5:37:00 PM,01 - Clear,07 - Dark,01 - Dry,10 - No control,,03 - P.D. only,02 - Angle,0
17-11110,ST. JOSEPH BLVD @ TENTH LINE RD,382890.05772,5038665.42456,-75.50106034900,45.48354489490,2017-12-02,6:13:00 PM,01 - Clear,07 - Dark,01 - Dry,01 - Traffic signal,01 - Functioning,03 - P.D. only,03 - Rear end,0
17-11111,MARCH RD @ TERRY FOX DR,349864.60860,5023400.21896,-75.92489349220,45.34910019680,2017-12-02,6:19:00 PM,01 - Clear,07 - Dark,01 - Dry,01 - Traffic signal,01 - Functioning,03 - P.D. only,04 - Sideswipe,0
17-11112,RIDEAU ST btwn CUMBERLAND ST & KING EDWARD AVE,368398.92572,5032344.02082,-75.68722966620,45.42813810870,2017-12-02,6:27:00 PM,01 - Clear,07 - Dark,01 - Dry,10 - No control,,03 - P.D. only,04 - Sideswipe,0
17-11113,CASTLEFRANK RD @ WINCHESTER DR,352862.77235,5017418.89297,-75.88721408980,45.29507996790,2017-12-02,6:40:00 PM,01 - Clear,07 - Dark,01 - Dry,02 - Stop sign,01 - Functioning,03 - P.D. only,03 - Rear end,0
17-11114,BANK ST @ CATHERINE ST,368039.37095,5030269.57869,-75.69209042400,45.40950557120,2017-12-02,7:13:00 PM,01 - Clear,07 - Dark,01 - Dry,01 - Traffic signal,01 - Functioning,03 - P.D. only,05 - Turning movement,0
17-11115,CARLING AVE @ IROQUOIS RD,362212.01376,5026026.19900,-75.76702462930,45.37182648800,2017-12-02,9:11:00 PM,01 - Clear,07 - Dark,01 - Dry,01 - Traffic signal,01 - Functioning,03 - P.D. only,02 - Angle,0
17-11116,DAZE ST @ 200 W OF BANK ST/SOUTHKEYS SC,371194.19315,5024142.08381,-75.65261463610,45.35408043290,2017-12-02,10:10:00 PM,01 - Clear,07 - Dark,01 - Dry,01 - Traffic signal,01 - Functioning,03 - P.D. only,05 - Turning movement,0
17-11117,REGIONAL ROAD 174 EB btwn HWY417 IC113 RAMP65 & OR174 BLAIR IC112 RAMP51,374746.10254,5032777.52818,-75.60606304280,45.43143262680,2017-12-02,11:21:00 PM,01 - Clear,07 - Dark,01 - Dry,10 - No control,,03 - P.D. only,04 - Sideswipe,0
17-11118,"OLD MONTREAL RD btwn GRAND-CH-NE, COUR DU CRT & TED KELLY LANE",386333.29547,5040850.68426,-75.45665812420,45.50281191700,2017-12-03,12:52:00 AM,03 - Snow,07 - Dark,02 - Wet,10 - No control,,03 - P.D. only,07 - SMV other,0
17-11119,WOODROFFE AVE btwn NAVAHO DR & Continuation of WOODROFFE AVE,362715.70936,5023474.10288,-75.76089357440,45.34882152120,2017-12-03,1:14:00 AM,01 - Clear,07 - Dark,01 - Dry,10 - No control,,03 - P.D. only,03 - Rear end,0
17-11120,HUNT CLUB RD @ RIVERSIDE DR,368037.64975,5021945.73519,-75.69317809030,45.33460992480,2017-12-03,4:31:00 AM,01 - Clear,07 - Dark,01 - Dry,01 - Traffic signal,01 - Functioning,03 - P.D. only,02 - Angle,0
17-11121,HWY417 IC118 RAMP35 btwn HWY417 IC118 RAMP45 & MANN AVE OVERPASS,369491.71251,5030914.51659,-75.67345342340,45.41517575060,2017-12-03,5:51:00 AM,01 - Clear,07 - Dark,01 - Dry,10 - No control,,03 - P.D. only,07 - SMV other,0
17-11122,LAURIER AVE @ NELSON ST,368876.57828,5032118.87224,-75.68115536260,45.42606870870,2017-12-03,5:20:00 AM,01 - Clear,07 - Dark,01 - Dry,01 - Traffic signal,01 - Functioning,03 - P.D. only,03 - Rear end,0
17-11123,SABLE RUN DR @ WEST RIDGE DR,349083.37730,5013219.20285,-75.93577243140,45.25753803680,2017-12-03,6:17:00 AM,01 - Clear,07 - Dark,01 - Dry,02 - Stop sign,01 - Functioning,03 - P.D. only,07 - SMV other,0
17-11124,BANK ST @ RIVERSIDE DR N,369226.05035,5027983.54600,-75.67723025210,45.38882838300,2017-12-03,8:27:00 AM,01 - Clear,01 - Daylight,01 - Dry,01 - Traffic signal,01 - Functioning,02 - Non-fatal injury,02 - Angle,0
17-11125,FISHER AVE @ MEADOWLANDS DR,366574.73045,5025046.78379,-75.71145369160,45.36264292130,2017-12-03,9:41:00 AM,01 - Clear,01 - Daylight,01 - Dry,01 - Traffic signal,01 - Functioning,03 - P.D. only,05 - Turning movement,0
17-11126,FRANK ST btwn ELGIN ST & CARTIER ST,368367.41010,5030893.92307,-75.68781948910,45.41509349730,2017-12-03,11:15:00 AM,01 - Clear,01 - Daylight,01 - Dry,10 - No control,,03 - P.D. only,06 - SMV unattended vehicle,0
17-11127,TERRY FOX DR btwn COPE DR & TRANS CANADA TRAIL,353430.14249,5015787.21375,-75.88014065230,45.28035868290,2017-12-03,11:52:00 AM,01 - Clear,01 - Daylight,01 - Dry,10 - No control,,03 - P.D. only,03 - Rear end,0
17-11128,CASTLEFRANK RD @ TERRY FOX DR,352993.00566,5016305.47680,-75.88566192000,45.28505225140,2017-12-03,1:05:00 PM,01 - Clear,01 - Daylight,01 - Dry,01 - Traffic signal,01 - Functioning,03 - P.D. only,03 - Rear end,0
17-11129,ALBERT ST btwn BRONSON AVE & BAY ST,366904.23386,5031117.49964,-75.70648402370,45.41723656410,2017-12-03,1:52:00 PM,01 - Clear,01 - Daylight,01 - Dry,10 - No control,,03 - P.D. only,04 - Sideswipe,0
17-11130,RICHMOND RD @ LYNHAR RD/STAFFORD RD,358136.92811,5021086.48410,-75.81957993300,45.32770075900,2017-11-18,1:30:00 AM,04 - Freezing Rain,07 - Dark,06 - Ice,01 - Traffic signal,01 - Functioning,03 - P.D. only,07 - SMV other,0
17-11131,ELGIN ST @ QUEEN ST,367804.36805,5031778.90910,-75.69489941600,45.42310723490,2017-12-03,5:25:00 PM,01 - Clear,07 - Dark,01 - Dry,01 - Traffic signal,01 - Functioning,03 - P.D. only,07 - SMV other,0
17-11132,BANK ST @ JOHNSTON RD,370852.18146,5024839.75338,-75.65688601260,45.36039014370,2017-12-03,6:05:00 PM,01 - Clear,07 - Dark,01 - Dry,01 - Traffic signal,01 - Functioning,02 - Non-fatal injury,05 - Turning movement,0
17-11133,MARCH RD btwn JACOB'S GT & BEARHILL RD,337777.56158,5017681.12680,-76.07952216420,45.29830963020,2017-12-03,9:50:00 PM,01 - Clear,07 - Dark,01 - Dry,10 - No control,,03 - P.D. only,07 - SMV other,0
17-11134,FISHER AVE @ MEADOWLANDS DR,366575.39935,5025044.77710,-75.71144540610,45.36262480650,2017-12-04,2:17:00 PM,03 - Snow,01 - Daylight,02 - Wet,01 - Traffic signal,01 - Functioning,03 - P.D. only,03 - Rear end,0
17-11135,LOLA ST @ KING GEORGE ST,371122.72080,5032113.90386,-75.65245533040,45.42581463890,2017-12-04,5:35:00 AM,01 - Clear,07 - Dark,01 - Dry,03 - Yield sign,01 - Functioning,03 - P.D. only,02 - Angle,0
17-11136,SMYTH RD @ RIVERSIDE HOSPITAL,369988.21445,5029119.47110,-75.66734777650,45.39897851690,2017-12-04,6:52:00 AM,01 - Clear,03 - Dawn,01 - Dry,01 - Traffic signal,01 - Functioning,03 - P.D. only,05 - Turning movement,0
17-11137,CARP RD @ THOMAS A. DOLAN PKWY,336459.87255,5025992.32710,-76.09579110840,45.37315833980,2017-12-04,8:10:00 AM,01 - Clear,01 - Daylight,02 - Wet,02 - Stop sign,01 - Functioning,02 - Non-fatal injury,02 - Angle,0
17-11138,GREENBANK RD @ HWY 417 IC129 RAMP57/IRIS ST,360531.64345,5023313.16290,-75.78878203650,45.34755034180,2017-12-04,8:29:00 AM,01 - Clear,01 - Daylight,01 - Dry,01 - Traffic signal,01 - Functioning,03 - P.D. only,04 - Sideswipe,0
17-11139,WOODROFFE AVE btwn CARLING AVE & FOX CRES,361785.40935,5025678.69076,-75.77251070460,45.36873445900,2017-12-04,8:54:00 AM,01 - Clear,01 - Daylight,01 - Dry,10 - No control,,03 - P.D. only,03 - Rear end,0
17-11140,MAITLAND AVE/GLENMOUNT AVE @ ERINDALE DR,363698.69454,5025210.17611,-75.74814318290,45.36436064880,2017-12-04,9:25:00 AM,01 - Clear,01 - Daylight,01 - Dry,01 - Traffic signal,01 - Functioning,03 - P.D. only,03 - Rear end,0
17-11141,COLONEL BY DR/SUSSEX DR @ RIDEAU ST,367922.03115,5032045.25240,-75.69336187890,45.42549309470,2017-12-04,10:24:00 AM,01 - Clear,01 - Daylight,01 - Dry,01 - Traffic signal,01 - Functioning,03 - P.D. only,04 - Sideswipe,0
17-11142,BROWNLEE RD btwn SHEA RD & EAGLESON RD,355860.87633,5009017.93892,-75.84985480870,45.21927470770,2017-12-04,10:41:00 AM,01 - Clear,01 - Daylight,02 - Wet,10 - No control,,03 - P.D. only,07 - SMV other,0
17-11143,WOODROFFE AVE/HWY 417 WOODROFF IC127R25 @ HWY,362180.20169,5024695.02056,-75.76758533040,45.35985126900,2017-12-04,11:56:00 AM,01 - Clear,01 - Daylight,01 - Dry,01 - Traffic signal,00 - Unknown,03 - P.D. only,03 - Rear end,0
17-11144,BASELINE RD @ NAVAHO DR,363086.16407,5024096.32287,-75.75609297410,45.35438951170,2017-12-04,12:07:00 PM,01 - Clear,01 - Daylight,01 - Dry,01 - Traffic signal,01 - Functioning,02 - Non-fatal injury,03 - Rear end,0
17-11145,BRONSON AVE @ BRONSON AVE NB ON RAMP 42,367753.31685,5028446.09559,-75.69597728570,45.39312419980,2017-12-04,12:13:00 PM,01 - Clear,01 - Daylight,01 - Dry,03 - Yield sign,01 - Functioning,03 - P.D. only,03 - Rear end,0
17-11146,STITTSVILLE MAIN ST @ HAZELDEAN RD,349558.73255,5014878.71700,-75.92956655020,45.27244086240,2017-12-04,1:33:00 PM,01 - Clear,01 - Daylight,01 - Dry,01 - Traffic signal,01 - Functioning,03 - P.D. only,02 - Angle,0
17-11147,CONROY RD @ JOHNSTON RD,373397.14155,5026309.12870,-75.62420095640,45.37336659070,2017-12-04,1:40:00 PM,01 - Clear,01 - Daylight,01 - Dry,01 - Traffic signal,01 - Functioning,03 - P.D. only,05 - Turning movement,0
17-11148,QUEEN ST btwn LYON ST N & KENT ST,367104.72521,5031339.43235,-75.70389449960,45.41921562330,2017-12-04,2:18:00 PM,01 - Clear,01 - Daylight,01 - Dry,10 - No control,,02 - Non-fatal injury,07 - SMV other,1
17-11149,BANK ST @ KINGSDALE AVE,373270.41594,5023501.18760,-75.62620771660,45.34811423450,2017-12-04,3:03:00 PM,01 - Clear,01 - Daylight,01 - Dry,02 - Stop sign,01 - Functioning,03 - P.D. only,02 - Angle,0
17-11150,ARNOT RD @ DYNES RD,366596.37695,5025576.19790,-75.71111119290,45.36740457260,2017-12-04,3:18:00 PM,01 - Clear,01 - Daylight,01 - Dry,02 - Stop sign,01 - Functioning,02 - Non-fatal injury,06 - SMV unattended vehicle,1
17-11151,LOIRE DR btwn BOYER RD & TOURS PL,380696.29650,5036401.03638,-75.52946894450,45.46341373190,2017-12-03,12:00:00 AM,01 - Clear,07 - Dark,01 - Dry,10 - No control,,03 - P.D. only,06 - SMV unattended vehicle,0
17-11152,CENTENNIAL BLVD @ MAIN ST,369479.71636,5029414.55311,-75.67380346820,45.40168072400,2017-12-04,3:45:00 PM,01 - Clear,01 - Daylight,01 - Dry,02 - Stop sign,01 - Functioning,03 - P.D. only,02 - Angle,0
17-11153,CARP RD btwn MARCH RD & JOHN CAVANAUGH DR,342712.19630,5021129.26912,-76.01634173480,45.32908847010,2017-12-04,4:28:00 PM,01 - Clear,05 - Dusk,01 - Dry,10 - No control,,03 - P.D. only,03 - Rear end,0