COLLISION_ID,LOCATION,X,Y,LONGITUDE,LATITUDE,DATE,TIME,ENVIRONMENT,LIGHT,SURFACE_CONDITION,TRAFFIC_CONTROL,TRAFFIC_CONTROL_CONDITION,COLLISION_CLASSIFICATION,IMPACT_TYPE,NO_OF_PEDESTRIANS
17-11154,BANK ST @ WALKLEY RD,370338.85534,5025948.40380,-75.66329053850,45.37041360880,2017-12-04,4:47:00 PM,01 - Clear,05 - Dusk,01 - Dry,01 - Traffic signal,01 - Functioning,02 - Non-fatal injury,07 - SMV other,1
17-11155,ALBERT ST @ METCALFE ST,367691.36605,5031613.58190,-75.69636437390,45.42162984350,2017-12-04,4:56:00 PM,01 - Clear,05 - Dusk,01 - Dry,01 - Traffic signal,01 - Functioning,02 - Non-fatal injury,07 - SMV other,1
17-11156,ELGIN ST btwn MACLAREN ST & GILMOUR ST,368233.64645,5031085.34723,-75.68950373150,45.41682800640,2017-12-03,12:00:00 AM,01 - Clear,00 - Unknown,01 - Dry,10 - No control,,03 - P.D. only,06 - SMV unattended vehicle,0
17-11157,CONROY RD @ THURSTON DR,373205.53384,5026797.42349,-75.62657934500,45.37777879480,2017-12-04,5:11:00 PM,01 - Clear,07 - Dark,01 - Dry,01 - Traffic signal,01 - Functioning,02 - Non-fatal injury,03 - Rear end,0
17-11158,SHEFFIELD RD @ WALKLEY RD,375257.40065,5028783.20101,-75.60010027260,45.39544250400,2017-12-04,5:11:00 PM,01 - Clear,07 - Dark,01 - Dry,01 - Traffic signal,01 - Functioning,03 - P.D. only,03 - Rear end,0
17-11159,FLEWELLYN RD btwn DWYER HILL RD & MUNSTER RD,344583.94045,5004674.80184,-75.99378143130,45.18091983060,2017-12-04,5:17:00 PM,01 - Clear,07 - Dark,02 - Wet,10 - No control,,03 - P.D. only,07 - SMV other,0
17-11160,MAITLAND AVE/GLENMOUNT AVE @ ERINDALE DR,363697.89163,5025212.48622,-75.74815315590,45.36438150220,2017-12-04,5:23:00 PM,01 - Clear,07 - Dark,01 - Dry,01 - Traffic signal,01 - Functioning,02 - Non-fatal injury,03 - Rear end,0
17-11161,BANK ST btwn VANCOUVER AVE & FOXBAR AVE,370459.38424,5025652.99042,-75.66179122070,45.36774429250,2017-12-04,5:25:00 PM,01 - Clear,07 - Dark,01 - Dry,10 - No control,,03 - P.D. only,05 - Turning movement,0
17-11162,TERRY FOX DR btwn HUNTSVILLE DR & OLD SECOND LINE RD,347941.19200,5020431.12800,-75.94969746410,45.32250444150,2017-12-04,6:15:00 PM,01 - Clear,07 - Dark,01 - Dry,10 - No control,,03 - P.D. only,07 - SMV other,0
17-11163,PRINCE OF WALES DR btwn FISHER AVE & NE/OT BOUNDARY,367163.37704,5023994.01632,-75.70407324270,45.35311822040,2017-12-04,6:21:00 PM,01 - Clear,07 - Dark,01 - Dry,10 - No control,,03 - P.D. only,04 - Sideswipe,0
17-11164,WEST HUNT CLUB RD @ ROYDON PL/SUNDERLAND ST,365973.37315,5022170.15910,-75.71948506660,45.33681225870,2017-12-04,12:00:00 PM,01 - Clear,01 - Daylight,01 - Dry,01 - Traffic signal,01 - Functioning,03 - P.D. only,04 - Sideswipe,0
17-11165,QUEEN ELIZABETH DRWY btwn ARGYLE AVE & MCLEOD ST,368728.61685,5030857.63267,-75.68320964290,45.41473406210,2017-12-04,7:15:00 PM,01 - Clear,07 - Dark,01 - Dry,10 - No control,,03 - P.D. only,07 - SMV other,0
17-11166,TERRY FOX DR btwn HUNTSVILLE DR & OLD SECOND LINE RD,347882.93700,5020747.44100,-75.95041300090,45.32535429820,2017-12-04,7:27:00 PM,01 - Clear,07 - Dark,01 - Dry,10 - No control,,03 - P.D. only,03 - Rear end,0
17-11167,MCARTHUR AVE @ VANIER PKWY,370218.19550,5032691.60490,-75.66393636450,45.43109773450,2017-12-04,7:29:00 PM,01 - Clear,07 - Dark,01 - Dry,01 - Traffic signal,01 - Functioning,02 - Non-fatal injury,03 - Rear end,0
17-11168,WOODROFFE AVE @ SPORTSPLEX N,363763.99675,5021068.57199,-75.74780337840,45.32708941120,2017-12-04,8:40:00 PM,01 - Clear,07 - Dark,01 - Dry,01 - Traffic signal,00 - Unknown,03 - P.D. only,02 - Angle,0
17-11169,CARLING AVE @ KIRKWOOD AVE S,364351.70050,5027337.31241,-75.73955164540,45.38344511040,2017-12-04,9:30:00 PM,02 - Rain,07 - Dark,02 - Wet,01 - Traffic signal,00 - Unknown,03 - P.D. only,04 - Sideswipe,0
17-11170,KANATA AVE btwn CAMPEAU DR & EARL GREY DR,350770.77632,5019304.76332,-75.91371008580,45.31218952900,2017-12-05,12:20:00 AM,01 - Clear,07 - Dark,01 - Dry,10 - No control,,03 - P.D. only,07 - SMV other,0
17-11171,RICHMOND RD btwn NEW ORCHARD AVE & WOODROFFE AVE,361545.39646,5026601.26876,-75.77546852530,45.37705521180,2017-12-05,4:12:00 AM,01 - Clear,07 - Dark,01 - Dry,10 - No control,,03 - P.D. only,07 - SMV other,0
17-11172,GREENBANK RD @ HWY 417 IC129 RAMP57/IRIS ST,360532.26479,5023313.68874,-75.78877404910,45.34755502360,2017-12-05,6:15:00 AM,02 - Rain,07 - Dark,02 - Wet,01 - Traffic signal,01 - Functioning,02 - Non-fatal injury,03 - Rear end,0
17-11173,SPRUCE ST @ BOOTH ST,366561.22346,5030325.03613,-75.71096560960,45.41013656350,2017-12-05,7:14:00 AM,02 - Rain,03 - Dawn,02 - Wet,02 - Stop sign,01 - Functioning,03 - P.D. only,03 - Rear end,0
17-11174,CARLING AVE @ TAVISTOCK RD,360701.22421,5025070.53910,-75.78641938700,45.36334965580,2017-12-05,7:27:00 AM,02 - Rain,03 - Dawn,02 - Wet,02 - Stop sign,00 - Unknown,03 - P.D. only,03 - Rear end,0
17-11175,HUNT CLUB RD @ RIVERSIDE DR,368036.25204,5021945.27302,-75.69319598150,45.33460589190,2017-12-05,7:32:00 AM,02 - Rain,03 - Dawn,02 - Wet,01 - Traffic signal,01 - Functioning,03 - P.D. only,03 - Rear end,0
17-11176,RAMSAYVILLE RD @ RIDGE RD,376684.08025,5028862.19861,-75.58186917880,45.39600827290,2017-12-05,7:43:00 AM,02 - Rain,03 - Dawn,02 - Wet,02 - Stop sign,02 - Not functioning,02 - Non-fatal injury,02 - Angle,0
17-11177,BLACKBURN BYPASS @ INNES RD E,379792.75124,5033780.89600,-75.54142094390,45.43993725550,2017-12-05,7:48:00 AM,02 - Rain,03 - Dawn,02 - Wet,01 - Traffic signal,01 - Functioning,03 - P.D. only,03 - Rear end,0
17-11178,BLAIR RD btwn MEADOWBROOK RD & LAURA PRIV,375238.94565,5032253.22932,-75.59984009650,45.42666581570,2017-12-05,7:54:00 AM,02 - Rain,01 - Daylight,02 - Wet,10 - No control,,03 - P.D. only,04 - Sideswipe,0
17-11179,MERIVALE RD @ SLACK RD,366019.70030,5020956.20306,-75.71904417050,45.32588520650,2017-12-05,8:02:00 AM,02 - Rain,01 - Daylight,02 - Wet,01 - Traffic signal,01 - Functioning,02 - Non-fatal injury,03 - Rear end,0
17-11180,PAUL ANKA DR @ UPLANDS DR,369458.05785,5023574.84700,-75.67484466700,45.34913882080,2017-12-05,8:06:00 AM,02 - Rain,01 - Daylight,02 - Wet,02 - Stop sign,01 - Functioning,03 - P.D. only,02 - Angle,0
17-11181,MISS OTTAWA ST @ MONTREAL RD,375798.73114,5034647.24711,-75.59234203890,45.44814916360,2017-12-05,7:52:00 AM,02 - Rain,01 - Daylight,02 - Wet,01 - Traffic signal,01 - Functioning,03 - P.D. only,03 - Rear end,0
17-11182,COVENTRY RD @ VANIER PKWY,370677.33165,5031612.88643,-75.65821338430,45.42134878100,2017-12-05,8:27:00 AM,02 - Rain,01 - Daylight,02 - Wet,01 - Traffic signal,01 - Functioning,03 - P.D. only,03 - Rear end,0
17-11183,HAWTHORNE AVE @ MAIN ST,368969.70626,5030633.23610,-75.68015887280,45.41269295300,2017-12-05,7:30:00 AM,01 - Clear,03 - Dawn,01 - Dry,01 - Traffic signal,01 - Functioning,03 - P.D. only,04 - Sideswipe,0
17-11184,RAMSAYVILLE RD @ MITCH OWENS RD,381145.74719,5018037.75445,-75.52656197560,45.29814444980,2017-12-05,8:48:00 AM,02 - Rain,01 - Daylight,02 - Wet,02 - Stop sign,01 - Functioning,03 - P.D. only,03 - Rear end,0
17-11185,BASELINE RD btwn SOUTHWOOD DR & COBDEN RD,361427.22979,5023080.15078,-75.77738061870,45.34538197260,2017-12-05,9:34:00 AM,02 - Rain,01 - Daylight,02 - Wet,10 - No control,,02 - Non-fatal injury,02 - Angle,0
17-11186,GREENBANK RD @ 207 S OF BELLMAN DR/GREENBANK S,361338.01405,5020827.47950,-75.77877636140,45.32511967500,2017-12-05,11:38:00 AM,01 - Clear,01 - Daylight,02 - Wet,01 - Traffic signal,01 - Functioning,03 - P.D. only,05 - Turning movement,0
17-11187,BLAIR RD @ REGIONAL RD 174 S/OR174 IC112 RAMP15,374909.04432,5032660.63115,-75.60399748590,45.43036453700,2017-12-05,11:37:00 AM,02 - Rain,01 - Daylight,02 - Wet,01 - Traffic signal,01 - Functioning,03 - P.D. only,03 - Rear end,0
17-11188,HERZBERG RD @ MARCH RD,352322.61886,5021528.48830,-75.89370631010,45.33209577410,2017-12-05,12:00:00 PM,01 - Clear,01 - Daylight,01 - Dry,01 - Traffic signal,01 - Functioning,03 - P.D. only,02 - Angle,0
17-11189,KENT ST @ SOMERSET ST,367526.36675,5030816.23380,-75.69857405440,45.41447037190,2017-12-05,12:04:00 PM,02 - Rain,01 - Daylight,02 - Wet,01 - Traffic signal,01 - Functioning,02 - Non-fatal injury,03 - Rear end,0
17-11190,ST. JOSEPH BLVD btwn DUSSERE ST & ST. JEAN ST,380885.79081,5037148.74859,-75.52693037040,45.47012042610,2017-12-05,12:35:00 PM,02 - Rain,01 - Daylight,02 - Wet,10 - No control,,02 - Non-fatal injury,02 - Angle,0
17-11191,CAMPEAU DR/HWY 417 MARCH IC138R63 @ MARCH RD,352844.39819,5020478.68168,-75.88715170380,45.32261388300,2017-12-05,12:57:00 PM,02 - Rain,01 - Daylight,02 - Wet,01 - Traffic signal,01 - Functioning,03 - P.D. only,03 - Rear end,0
17-11192,HAZELDEAN RD btwn RAMP & RAMP,346868.30810,5012393.56376,-75.96406389460,45.25024451490,2017-12-05,1:03:00 PM,02 - Rain,01 - Daylight,02 - Wet,10 - No control,,03 - P.D. only,01 - Approaching,0
17-11193,DWYER HILL RD @ FLOOD RD,356724.04587,4986389.00911,-75.84121233410,45.01558649400,2017-12-05,1:44:00 PM,01 - Clear,01 - Daylight,02 - Wet,02 - Stop sign,00 - Unknown,03 - P.D. only,07 - SMV other,0
17-11194,MAPLE GROVE RD @ TERRY FOX DR,351554.61194,5017863.79560,-75.90384987520,45.29917158450,2017-12-05,1:47:00 PM,01 - Clear,01 - Daylight,02 - Wet,01 - Traffic signal,01 - Functioning,03 - P.D. only,03 - Rear end,0
17-11195,ST. LAURENT BLVD @ COVENTRY RD/OGILVIE RD,372304.04726,5031951.57460,-75.63738299370,45.42424106890,2017-12-05,8:50:00 AM,02 - Rain,01 - Daylight,02 - Wet,01 - Traffic signal,01 - Functioning,03 - P.D. only,05 - Turning movement,0
17-11196,NICHOLAS ST btwn DALY AVE & SB RAMP FROM WALLER/NICHOLAS/MACKENZIE KIN,368291.58060,5031950.25263,-75.68865211760,45.42460487380,2017-12-05,12:30:00 PM,01 - Clear,01 - Daylight,01 - Dry,10 - No control,,02 - Non-fatal injury,07 - SMV other,1
17-11197,FALLOWFIELD RD @ STRANDHERD DR,360752.69817,5014962.39099,-75.78690416680,45.27239218940,2017-11-17,12:02:00 PM,01 - Clear,01 - Daylight,01 - Dry,01 - Traffic signal,01 - Functioning,03 - P.D. only,03 - Rear end,0
17-11198,ST. JOSEPH BLVD btwn MARENGER ST & JEANNE D'ARC BLVD S,379729.37323,5036386.99004,-75.54183395720,45.46339173460,2017-12-05,3:00:00 PM,01 - Clear,01 - Daylight,02 - Wet,10 - No control,,03 - P.D. only,01 - Approaching,0
17-11199,SMYTH RD btwn ROGER GUINDON AVE & BOTSFORD ST,372208.79595,5029256.69424,-75.63896859540,45.40000291710,2017-12-05,3:38:00 PM,01 - Clear,01 - Daylight,01 - Dry,10 - No control,,02 - Non-fatal injury,02 - Angle,0
17-11200,DONALD ST @ VANIER PKWY,370311.37865,5032272.59209,-75.66280132460,45.42731890860,2017-12-05,4:59:00 PM,01 - Clear,05 - Dusk,01 - Dry,01 - Traffic signal,01 - Functioning,03 - P.D. only,02 - Angle,0
17-11201,COLONNADE RD @ PRINCE OF WALES DR,367394.71154,5023266.51617,-75.70121315700,45.34655171110,2017-12-05,4:11:00 PM,01 - Clear,05 - Dusk,02 - Wet,01 - Traffic signal,00 - Unknown,03 - P.D. only,04 - Sideswipe,0
17-11202,BOOTH ST @ WILLOW ST,366710.42826,5029982.71118,-75.70910260620,45.40704323660,2017-12-05,4:13:00 PM,02 - Rain,05 - Dusk,02 - Wet,01 - Traffic signal,01 - Functioning,03 - P.D. only,03 - Rear end,0
17-11203,VIEWMOUNT DR btwn MERIVALE RD & GRANT CARMAN DR,365307.07503,5023016.05393,-75.72788217640,45.34448128490,2017-12-05,4:30:00 PM,02 - Rain,05 - Dusk,02 - Wet,10 - No control,,03 - P.D. only,05 - Turning movement,0
17-11204,BAY ST @ SLATER ST,366985.37004,5031077.90140,-75.70545243170,45.41687306510,2017-12-05,2:43:00 PM,01 - Clear,01 - Daylight,02 - Wet,01 - Traffic signal,01 - Functioning,03 - P.D. only,02 - Angle,0
17-11205,BLAIR RD @ MONTREAL RD,374020.05465,5034439.58480,-75.61510734560,45.44645914920,2017-12-05,4:54:00 PM,01 - Clear,05 - Dusk,02 - Wet,01 - Traffic signal,01 - Functioning,03 - P.D. only,03 - Rear end,0
17-11206,BLAIR RD @ MONTREAL RD,374020.72354,5034438.91590,-75.61509889100,45.44645306450,2017-12-05,4:40:00 PM,01 - Clear,05 - Dusk,02 - Wet,01 - Traffic signal,01 - Functioning,03 - P.D. only,03 - Rear end,0
17-11207,CARLING AVE btwn MOODIE DR & TURN LANE,356020.04955,5023928.81525,-75.84628892610,45.35343402000,2017-12-05,5:24:00 PM,01 - Clear,07 - Dark,01 - Dry,10 - No control,,03 - P.D. only,07 - SMV other,0
17-11208,JOCKVALE RD/RIDEAU VALLEY DR @ PRINCE OF WALES,366710.25325,5012194.14592,-75.71132920660,45.24698436570,2017-12-05,5:48:00 PM,02 - Rain,07 - Dark,02 - Wet,01 - Traffic signal,01 - Functioning,03 - P.D. only,05 - Turning movement,0
17-11209,RICHMOND RD btwn HWY417 IC130 RAMP36 & TO BE DETERMINED,359314.40942,5023284.28249,-75.80431775830,45.34738614160,2017-12-05,4:50:00 PM,02 - Rain,07 - Dark,02 - Wet,10 - No control,,02 - Non-fatal injury,03 - Rear end,0
17-11210,REGIONAL ROAD 174 EB btwn OR174 IC109 RAMP55 & TRANSIT,376494.35212,5035031.10169,-75.58339431660,45.45153183490,2017-12-05,5:57:00 PM,01 - Clear,07 - Dark,02 - Wet,10 - No control,,02 - Non-fatal injury,03 - Rear end,0
17-11211,PRINCE OF WALES DR @ FALAISE RD/KOCHAR DR N,367460.70640,5024904.75089,-75.70016343440,45.36128630740,2017-12-05,6:11:00 PM,02 - Rain,07 - Dark,02 - Wet,01 - Traffic signal,01 - Functioning,02 - Non-fatal injury,03 - Rear end,0
17-11212,MERIVALE RD @ WEST HUNT CLUB RD,365613.64195,5021942.26151,-75.72410248090,45.33479293750,2017-12-05,6:08:00 PM,01 - Clear,07 - Dark,01 - Dry,01 - Traffic signal,01 - Functioning,03 - P.D. only,03 - Rear end,0
17-11213,HOPE SIDE RD @ RICHMOND RD,356954.30884,5015484.76600,-75.83525492540,45.27738458960,2017-12-05,6:09:00 PM,02 - Rain,07 - Dark,02 - Wet,02 - Stop sign,01 - Functioning,03 - P.D. only,02 - Angle,0
17-11214,GLADSTONE AVE btwn PERCY ST & BAY ST,367380.54796,5030240.67981,-75.70051000510,45.40930476750,2017-12-05,6:28:00 PM,02 - Rain,07 - Dark,02 - Wet,10 - No control,,03 - P.D. only,04 - Sideswipe,0
17-11215,HUNT CLUB RD @ RIVERSIDE DR,368036.70300,5021945.25955,-75.69319022970,45.33460573070,2017-12-05,7:36:00 PM,02 - Rain,07 - Dark,02 - Wet,01 - Traffic signal,01 - Functioning,03 - P.D. only,04 - Sideswipe,0
17-11216,BLAIR RD @ OGILVIE RD,374506.29001,5033199.29185,-75.60906784950,45.43525136890,2017-12-05,8:15:00 PM,02 - Rain,07 - Dark,02 - Wet,01 - Traffic signal,01 - Functioning,03 - P.D. only,03 - Rear end,0
17-11217,ST. LAURENT BLVD @ TREMBLAY RD,372595.76389,5031241.42113,-75.63375337220,45.41782323000,2017-12-05,8:45:00 PM,02 - Rain,07 - Dark,02 - Wet,01 - Traffic signal,01 - Functioning,03 - P.D. only,04 - Sideswipe,0
17-11218,BELCOURT BLVD @ INNES RD,382123.40957,5035266.96925,-75.51140064420,45.45305384520,2017-12-05,8:49:00 PM,02 - Rain,07 - Dark,02 - Wet,01 - Traffic signal,01 - Functioning,02 - Non-fatal injury,05 - Turning movement,0
17-11219,REGIONAL ROAD 174 btwn TRANSIT & OR174 IC105 RAMP51,378568.52931,5036528.45084,-75.55665508220,45.46478804330,2017-12-06,4:36:00 AM,01 - Clear,07 - Dark,01 - Dry,10 - No control,,03 - P.D. only,07 - SMV other,0
17-11220,LEITRIM RD btwn FENTON RD & BANK ST,375340.69734,5021608.12586,-75.60006072430,45.33087610300,2017-12-06,6:54:00 AM,01 - Clear,03 - Dawn,01 - Dry,10 - No control,,03 - P.D. only,02 - Angle,0
17-11221,INNES RD @ TENTH LINE RD,383952.76364,5036158.89190,-75.48787195550,45.46087375400,2017-12-05,5:30:00 PM,01 - Clear,07 - Dark,01 - Dry,01 - Traffic signal,01 - Functioning,03 - P.D. only,99 - Other,0
17-11222,MCARTHUR AVE @ CARMEN AVE,370904.23613,5032767.28326,-75.65515935970,45.43171414650,2017-12-06,7:20:00 AM,01 - Clear,03 - Dawn,01 - Dry,02 - Stop sign,00 - Unknown,03 - P.D. only,07 - SMV other,0
17-11223,BORRISOKANE RD btwn CAMBRIAN RD & STRANDHERD DR,362746.66865,5012158.54310,-75.76182085810,45.24700149550,2017-12-06,8:10:00 AM,01 - Clear,01 - Daylight,01 - Dry,10 - No control,,02 - Non-fatal injury,07 - SMV other,0
17-11224,CONROY RD btwn CONROY RD & ROSEBELLA AVE,373840.99753,5025227.93417,-75.61868589100,45.36359487060,2017-12-06,8:15:00 AM,01 - Clear,01 - Daylight,01 - Dry,10 - No control,,03 - P.D. only,03 - Rear end,0
17-11225,PRINCE OF WALES DR @ WEST HUNT CLUB RD,367459.71364,5021890.83440,-75.70055795520,45.33416778360,2017-12-06,8:37:00 AM,01 - Clear,01 - Daylight,01 - Dry,01 - Traffic signal,01 - Functioning,03 - P.D. only,03 - Rear end,0
17-11226,ST. JOSEPH BLVD @ JEANNE D'ARC BLVD,379861.07695,5036470.24311,-75.54013730830,45.46412664270,2017-12-06,8:48:00 AM,01 - Clear,01 - Daylight,01 - Dry,11 - Roundabout,01 - Functioning,03 - P.D. only,04 - Sideswipe,0
17-11227,WELLINGTON ST btwn BANK ST & O'CONNOR ST,367387.69505,5031706.23170,-75.70023257710,45.42249071050,2017-12-06,9:06:00 AM,01 - Clear,01 - Daylight,01 - Dry,10 - No control,,03 - P.D. only,01 - Approaching,0
17-11228,CARLING AVE @ ISLAND PARK DR,365348.68247,5027997.50489,-75.72674080150,45.38929992150,2017-12-06,9:42:00 AM,01 - Clear,01 - Daylight,01 - Dry,01 - Traffic signal,01 - Functioning,02 - Non-fatal injury,02 - Angle,0
17-11229,CASTLEFRANK RD @ HAZELDEAN RD,352679.55034,5017676.76900,-75.88952508490,45.29741290850,2017-12-05,8:00:00 AM,02 - Rain,01 - Daylight,02 - Wet,01 - Traffic signal,01 - Functioning,03 - P.D. only,03 - Rear end,0
17-11230,MERIVALE RD/LOTTA AVE @ CLYDE AVE,364521.66184,5024507.64452,-75.73772361840,45.35796973740,2017-12-06,10:43:00 AM,01 - Clear,01 - Daylight,01 - Dry,01 - Traffic signal,01 - Functioning,03 - P.D. only,04 - Sideswipe,0
17-11231,BOOTH ST btwn LOUISA ST & ARLINGTON AVE,366808.46009,5029756.22163,-75.70787886740,45.40499666810,2017-12-06,11:46:00 AM,01 - Clear,01 - Daylight,01 - Dry,10 - No control,,03 - P.D. only,04 - Sideswipe,0
17-11232,ST. JOSEPH BLVD @ TENTH LINE RD,382893.14274,5038666.96707,-75.50102064600,45.48355842780,2017-12-06,11:15:00 AM,01 - Clear,01 - Daylight,01 - Dry,01 - Traffic signal,01 - Functioning,03 - P.D. only,03 - Rear end,0
17-11233,ISABELLA ST/HWY417 IC119AR75 @ METCALFE ST,368450.37874,5030399.56470,-75.68682337400,45.41063788390,2017-12-06,12:50:00 PM,01 - Clear,01 - Daylight,01 - Dry,01 - Traffic signal,01 - Functioning,03 - P.D. only,04 - Sideswipe,0
17-11234,KING EDWARD AVE @ RIDEAU ST,368511.70720,5032413.81468,-75.68577947810,45.42875582460,2017-12-06,2:17:00 PM,01 - Clear,01 - Daylight,01 - Dry,01 - Traffic signal,01 - Functioning,03 - P.D. only,03 - Rear end,0
17-11235,PRINCE OF WALES DR btwn NAVY PRIV & PRESTON ST,366848.27871,5028692.44783,-75.70750408570,45.39542158950,2017-12-06,2:33:00 PM,01 - Clear,01 - Daylight,01 - Dry,10 - No control,,03 - P.D. only,03 - Rear end,0
17-11236,GREENBANK RD btwn WEST HUNT CLUB RD & FALLOWFIELD RD,361519.44031,5020408.92890,-75.77651013450,45.32133892140,2017-12-06,2:48:00 PM,01 - Clear,01 - Daylight,01 - Dry,10 - No control,,03 - P.D. only,07 - SMV other,0
17-11237,ST. LAURENT BLVD btwn QUEEN MARY ST & CYRVILLE RD,372238.04187,5032124.28903,-75.63820271740,45.42580143900,2017-12-06,3:02:00 PM,01 - Clear,01 - Daylight,01 - Dry,10 - No control,,03 - P.D. only,02 - Angle,0
17-11238,HAZELDEAN RD @ SWEETNAM DR,350475.92075,5015655.77250,-75.91780643180,45.27937408260,2017-12-06,3:35:00 PM,01 - Clear,01 - Daylight,01 - Dry,02 - Stop sign,01 - Functioning,02 - Non-fatal injury,02 - Angle,0
17-11239,HWY 417 INNES IC112R57 @ INNES RD,374299.03443,5030753.99039,-75.61206151510,45.41327046670,2017-12-06,3:53:00 PM,01 - Clear,01 - Daylight,01 - Dry,01 - Traffic signal,01 - Functioning,02 - Non-fatal injury,03 - Rear end,0
17-11240,SUNNYSIDE AVE btwn BANK ST & WILLARD ST,368776.18542,5028604.07557,-75.68289432620,45.39445295350,2017-12-06,3:50:00 PM,01 - Clear,01 - Daylight,01 - Dry,10 - No control,,03 - P.D. only,02 - Angle,0
17-11241,BASELINE RD @ CLYDE AVE,364358.54623,5024890.62537,-75.73975926210,45.36142962250,2017-12-06,4:29:00 PM,01 - Clear,05 - Dusk,01 - Dry,01 - Traffic signal,01 - Functioning,03 - P.D. only,03 - Rear end,0
17-11242,BASELINE RD btwn 207 E OF CLYDE AVE & LOBLAWS SC,364654.56129,5025074.89160,-75.73595876840,45.36306241130,2017-12-06,4:38:00 PM,01 - Clear,05 - Dusk,01 - Dry,10 - No control,,02 - Non-fatal injury,05 - Turning movement,0
17-11243,MACKAY ST @ VAUGHAN ST,369064.70750,5033636.36172,-75.67855341170,45.43970523610,2017-12-06,4:41:00 PM,01 - Clear,05 - Dusk,01 - Dry,02 - Stop sign,01 - Functioning,02 - Non-fatal injury,02 - Angle,0
17-11244,BASELINE RD @ FISHER AVE,366167.02805,5026027.86380,-75.71653561050,45.37150629480,2017-12-06,4:43:00 PM,01 - Clear,05 - Dusk,01 - Dry,01 - Traffic signal,01 - Functioning,03 - P.D. only,03 - Rear end,0
17-11245,CYRVILLE RD @ ST. LAURENT BLVD,372242.17176,5032111.80548,-75.63815165630,45.42568872010,2017-12-06,5:05:00 PM,01 - Clear,07 - Dark,01 - Dry,01 - Traffic signal,00 - Unknown,03 - P.D. only,04 - Sideswipe,0
17-11246,INNES RD btwn INDUSTRIAL AVE & BANTREE ST,373577.82145,5030328.93564,-75.62133413890,45.40951728480,2017-12-06,5:33:00 PM,01 - Clear,07 - Dark,01 - Dry,10 - No control,,03 - P.D. only,04 - Sideswipe,0
17-11247,DWYER HILL RD btwn ROGER STEVENS DR & FLOOD RD,356375.82778,4986644.43794,-75.84560389080,45.01791039740,2017-12-06,5:30:00 PM,01 - Clear,07 - Dark,01 - Dry,10 - No control,,03 - P.D. only,07 - SMV other,0
17-11248,ELGIN ST btwn COOPER ST & SOMERSET ST W,368139.82608,5031238.73681,-75.69068264440,45.41821665420,2017-12-03,2:00:00 PM,01 - Clear,01 - Daylight,01 - Dry,10 - No control,,03 - P.D. only,06 - SMV unattended vehicle,0
17-11249,CARLING AVE @ KIRKWOOD AVE N,364275.51505,5027494.23611,-75.74050550650,45.38486355520,2017-12-06,6:07:00 PM,01 - Clear,07 - Dark,01 - Dry,01 - Traffic signal,01 - Functioning,03 - P.D. only,04 - Sideswipe,0
17-11250,MERIVALE RD/LOTTA AVE @ CLYDE AVE,364522.83612,5024507.89892,-75.73770860040,45.35797192640,2017-12-06,3:20:00 PM,01 - Clear,01 - Daylight,01 - Dry,01 - Traffic signal,01 - Functioning,03 - P.D. only,03 - Rear end,0
17-11251,FAIRLEA CRES btwn HEATHERINGTON RD & GORE PRIV,371901.02765,5026739.34954,-75.64324163960,45.37738241390,2017-12-05,5:15:00 PM,02 - Rain,07 - Dark,02 - Wet,10 - No control,,03 - P.D. only,06 - SMV unattended vehicle,0
17-11252,REGIONAL ROAD 174 EB btwn OR174 IC109 RAMP55 & TRANSIT,376493.28903,5035034.17671,-75.58340745830,45.45155961080,2017-12-06,7:05:00 PM,01 - Clear,07 - Dark,01 - Dry,10 - No control,,03 - P.D. only,03 - Rear end,0
17-11253,KINBURN SIDE RD btwn LOGGERS WAY & JOHN SHAW RD,329922.97385,5028681.40433,-76.17911084040,45.39762078590,2017-12-06,7:22:00 PM,01 - Clear,07 - Dark,01 - Dry,10 - No control,,02 - Non-fatal injury,07 - SMV other,0
17-11254,TENTH LINE RD @ CHARLEMAGNE BLVD N/TOMPKINS AV,383182.57703,5037977.65642,-75.49742873630,45.47732420210,2017-12-06,7:24:00 PM,01 - Clear,07 - Dark,01 - Dry,01 - Traffic signal,01 - Functioning,03 - P.D. only,05 - Turning movement,0
17-11255,ANDERSON RD @ INNES RD,376281.21900,5031841.80285,-75.58658197600,45.42285830670,2017-12-06,7:32:00 PM,01 - Clear,07 - Dark,01 - Dry,01 - Traffic signal,01 - Functioning,03 - P.D. only,03 - Rear end,0
17-11256,MONTREAL RD @ NORTH RIVER RD,369739.37425,5032888.25380,-75.67002925560,45.43291172760,2017-12-06,8:00:00 PM,01 - Clear,07 - Dark,01 - Dry,01 - Traffic signal,01 - Functioning,03 - P.D. only,02 - Angle,0
17-11257,MACDONALD-CARTIER BR btwn RAMP & END (1),367285.20718,5033273.36700,-75.70134322720,45.43660044030,2017-12-06,10:31:00 PM,01 - Clear,07 - Dark,06 - Ice,10 - No control,,03 - P.D. only,04 - Sideswipe,0
17-11258,LARKIN DR btwn OTTEN DR & RAFTUS SQ,361769.36310,5015828.85519,-75.77384876040,45.28010706220,2017-12-06,12:00:00 AM,01 - Clear,00 - Unknown,01 - Dry,10 - No control,,03 - P.D. only,06 - SMV unattended vehicle,0