COLLISION_ID,LOCATION,X,Y,LONGITUDE,LATITUDE,DATE,TIME,ENVIRONMENT,LIGHT,SURFACE_CONDITION,TRAFFIC_CONTROL,TRAFFIC_CONTROL_CONDITION,COLLISION_CLASSIFICATION,IMPACT_TYPE,NO_OF_PEDESTRIANS
17-11259,OR174 IC109 RAMP65 @ MONTREAL RD,376402.76008,5034983.07756,-75.58457215200,45.45110913480,2017-12-07,6:07:00 AM,01 - Clear,07 - Dark,01 - Dry,01 - Traffic signal,00 - Unknown,03 - P.D. only,07 - SMV other,0
17-11260,FISHER AVE @ PRINCE OF WALES DR,367160.74901,5023942.75025,-75.70411324580,45.35265717300,2017-12-07,6:56:00 AM,01 - Clear,03 - Dawn,03 - Loose snow,01 - Traffic signal,01 - Functioning,03 - P.D. only,04 - Sideswipe,0
17-11261,PRINCE OF WALES DR btwn TURN LANE & WEST HUNT CLUB RD,367447.71866,5021798.55228,-75.70072265780,45.33333851680,2017-12-07,7:08:00 AM,03 - Snow,03 - Dawn,06 - Ice,10 - No control,,03 - P.D. only,05 - Turning movement,0
17-11262,HWY 417 TERRYFO IC140R61 @ TERRY FOX DR,350809.87330,5018709.64708,-75.91326674080,45.30683195590,2017-12-06,1:50:00 PM,01 - Clear,01 - Daylight,01 - Dry,01 - Traffic signal,01 - Functioning,03 - P.D. only,04 - Sideswipe,0
17-11263,BESSERER ST @ WALLER ST,368315.45540,5032191.73885,-75.68831591630,45.42677551520,2017-12-07,8:23:00 AM,01 - Clear,01 - Daylight,01 - Dry,01 - Traffic signal,01 - Functioning,03 - P.D. only,04 - Sideswipe,0
17-11264,ST. LAURENT BLVD btwn BELFAST RD & INDUSTRIAL AVE,373078.10031,5030055.46738,-75.62775541620,45.40710567470,2017-12-07,8:34:00 AM,01 - Clear,01 - Daylight,01 - Dry,10 - No control,,03 - P.D. only,04 - Sideswipe,0
17-11265,ELGIN ST @ LAURIER AVE,367947.75411,5031549.33685,-75.69309676910,45.42102869260,2017-12-07,8:43:00 AM,01 - Clear,01 - Daylight,01 - Dry,01 - Traffic signal,01 - Functioning,02 - Non-fatal injury,05 - Turning movement,0
17-11266,BANK ST @ SURREY AVE,370383.45490,5025810.73483,-75.66273949060,45.36917073520,2017-12-07,8:39:00 AM,01 - Clear,01 - Daylight,01 - Dry,02 - Stop sign,01 - Functioning,03 - P.D. only,02 - Angle,0
17-11267,FISHER AVE @ MEADOWLANDS DR,366575.06490,5025045.68269,-75.71144956100,45.36263298440,2017-12-07,9:45:00 AM,03 - Snow,01 - Daylight,06 - Ice,01 - Traffic signal,01 - Functioning,03 - P.D. only,07 - SMV other,0
17-11268,HINES RD btwn INNOVATION DR & END,349865.99577,5023066.63209,-75.92490618710,45.34609841870,2017-12-07,7:40:00 AM,03 - Snow,03 - Dawn,06 - Ice,10 - No control,,03 - P.D. only,07 - SMV other,0
17-11269,BAY ST @ WELLINGTON ST,366815.17590,5031350.37186,-75.70759251410,45.41933977890,2017-12-07,9:55:00 AM,01 - Clear,01 - Daylight,01 - Dry,01 - Traffic signal,01 - Functioning,03 - P.D. only,03 - Rear end,0
17-11270,KANATA RD @ LORD BYNG WAY/MARITIME WAY,351430.39001,5019332.42848,-75.90529552780,45.31239497670,2017-12-07,10:13:00 AM,01 - Clear,01 - Daylight,01 - Dry,01 - Traffic signal,01 - Functioning,02 - Non-fatal injury,02 - Angle,0
17-11271,MACKENZIE KING BR/WALLER ST @ NICHOLAS ST/WALL,368372.14559,5031992.63849,-75.68761722510,45.42497893010,2017-12-06,4:20:00 PM,01 - Clear,05 - Dusk,01 - Dry,01 - Traffic signal,01 - Functioning,02 - Non-fatal injury,07 - SMV other,1
17-11272,LYON ST @ WELLINGTON ST,366935.60545,5031426.16600,-75.70604429820,45.42001106610,2017-12-07,12:00:00 PM,01 - Clear,01 - Daylight,01 - Dry,01 - Traffic signal,01 - Functioning,03 - P.D. only,04 - Sideswipe,0
17-11273,LADOUCEUR ST btwn MERTON ST & GARLAND ST,365484.26220,5029858.34212,-75.72478056390,45.40603157640,2017-12-07,12:02:00 PM,01 - Clear,01 - Daylight,01 - Dry,10 - No control,,03 - P.D. only,06 - SMV unattended vehicle,0
17-11274,CARLING AVE @ RICHMOND RD,360246.63479,5024782.22915,-75.79225413310,45.36079155750,2017-12-07,11:20:00 AM,01 - Clear,01 - Daylight,01 - Dry,01 - Traffic signal,01 - Functioning,03 - P.D. only,03 - Rear end,0
17-11275,COLONEL BY DR/SUSSEX DR @ RIDEAU ST,367922.06089,5032044.08011,-75.69336164960,45.42548254400,2017-12-07,12:47:00 PM,01 - Clear,01 - Daylight,01 - Dry,01 - Traffic signal,01 - Functioning,02 - Non-fatal injury,03 - Rear end,0
17-11276,JEANNE D'ARC BLVD @ ORLEANS BLVD S,380940.91599,5036250.92283,-75.52636455360,45.46203651170,2017-12-07,10:00:00 AM,01 - Clear,01 - Daylight,01 - Dry,01 - Traffic signal,01 - Functioning,03 - P.D. only,03 - Rear end,0
17-11277,KLONDIKE RD @ MARCH RD,349262.63655,5024061.62110,-75.93251589460,45.35509006490,2017-12-07,1:37:00 PM,03 - Snow,01 - Daylight,03 - Loose snow,01 - Traffic signal,01 - Functioning,03 - P.D. only,04 - Sideswipe,0
17-11278,DONALD ST @ ST. LAURENT BLVD,372093.26194,5032473.26134,-75.64000498390,45.42895527290,2017-12-07,2:30:00 PM,01 - Clear,01 - Daylight,01 - Dry,01 - Traffic signal,01 - Functioning,03 - P.D. only,05 - Turning movement,0
17-11279,BRUYERE ST @ SUSSEX DR,367539.65844,5032669.76379,-75.69816818880,45.43114664060,2017-12-07,2:43:00 PM,01 - Clear,01 - Daylight,01 - Dry,01 - Traffic signal,01 - Functioning,03 - P.D. only,04 - Sideswipe,0
17-11280,BESSERER ST @ WALLER ST,368316.49134,5032192.15341,-75.68830262610,45.42677915070,2017-12-07,12:30:00 PM,01 - Clear,01 - Daylight,01 - Dry,01 - Traffic signal,01 - Functioning,03 - P.D. only,04 - Sideswipe,0
17-11281,SOMERSET ST    W btwn BAYSWATER AVE & BREEZEHILL AVE N,365849.44224,5029927.19117,-75.72010743040,45.40661930800,2017-12-07,3:38:00 PM,01 - Clear,01 - Daylight,01 - Dry,10 - No control,,03 - P.D. only,02 - Angle,0
17-11282,WOODROFFE AVE @ SPORTSPLEX S,363830.30397,5020899.87899,-75.74697769090,45.32556594960,2017-12-06,5:40:00 PM,01 - Clear,07 - Dark,01 - Dry,01 - Traffic signal,01 - Functioning,03 - P.D. only,03 - Rear end,0
17-11283,MERIVALE RD @ WEST HUNT CLUB RD,365614.36744,5021941.82930,-75.72409327970,45.33478898580,2017-12-07,12:40:00 PM,01 - Clear,01 - Daylight,01 - Dry,01 - Traffic signal,01 - Functioning,03 - P.D. only,04 - Sideswipe,0
17-11284,BASELINE RD @ CORDOVA ST,363594.16610,5024409.28745,-75.74957267400,45.35716312270,2017-12-07,4:21:00 PM,01 - Clear,05 - Dusk,01 - Dry,01 - Traffic signal,01 - Functioning,02 - Non-fatal injury,03 - Rear end,0
17-11285,INDUSTRIAL AVE @ ALTA VISTA DR/SANDFORD FLEMIN,370885.20170,5030557.33105,-75.65569904710,45.41183172390,2017-12-07,4:47:00 PM,01 - Clear,05 - Dusk,01 - Dry,01 - Traffic signal,01 - Functioning,03 - P.D. only,05 - Turning movement,0
17-11286,RIVERSIDE DR NB btwn RIVERSIDE DR SPLIT & DATA CENTRE RD,368717.28174,5027502.49252,-75.68378924790,45.38454662360,2017-12-07,4:50:00 PM,01 - Clear,07 - Dark,01 - Dry,10 - No control,,03 - P.D. only,02 - Angle,0
17-11287,STONEHAVEN DR @ SAWYER WAY/SUMMITVIEW DR,356561.18840,5015861.29005,-75.84022593400,45.28080167550,2017-12-07,4:52:00 PM,01 - Clear,07 - Dark,01 - Dry,02 - Stop sign,01 - Functioning,02 - Non-fatal injury,07 - SMV other,1
17-11288,REGIONAL ROAD 174 EB btwn HWY417 IC113 RAMP65 & OR174 BLAIR IC112 RAMP51,374727.24749,5032768.07023,-75.60630533030,45.43134941440,2017-12-07,4:56:00 PM,01 - Clear,07 - Dark,01 - Dry,10 - No control,,02 - Non-fatal injury,03 - Rear end,0
17-11289,GREENBANK RD @ WEST HUNT CLUB RD,361479.67700,5020502.71815,-75.77700656410,45.32218604910,2017-12-07,5:09:00 PM,01 - Clear,07 - Dark,01 - Dry,01 - Traffic signal,01 - Functioning,03 - P.D. only,03 - Rear end,0
17-11290,ALBERT ST @ BOOTH ST,366429.16657,5030625.38317,-75.71261499810,45.41285064510,2017-12-07,8:51:00 PM,01 - Clear,07 - Dark,01 - Dry,01 - Traffic signal,01 - Functioning,02 - Non-fatal injury,05 - Turning movement,0
17-11291,ELGIN ST @ WELLINGTON ST W,367664.23043,5031877.34071,-75.69667742530,45.42400549740,2017-12-07,5:22:00 PM,01 - Clear,07 - Dark,01 - Dry,01 - Traffic signal,01 - Functioning,02 - Non-fatal injury,05 - Turning movement,0
17-11292,BANK ST @ RIVERSIDE DR N,369225.86405,5027983.20284,-75.67723267580,45.38882531210,2017-12-07,3:40:00 PM,01 - Clear,01 - Daylight,01 - Dry,01 - Traffic signal,00 - Unknown,03 - P.D. only,03 - Rear end,0
17-11293,RICHMOND RD btwn JOHN SUTHERLAND DR & HOLLY ACRES RD,358966.78163,5022541.47772,-75.80883500260,45.34072929780,2017-12-07,5:30:00 PM,01 - Clear,07 - Dark,01 - Dry,10 - No control,,03 - P.D. only,02 - Angle,0
17-11294,FISHER AVE btwn BASELINE RD & MALIBU TER,366219.71135,5025899.53862,-75.71587903060,45.37034703560,2017-12-07,5:30:00 PM,01 - Clear,07 - Dark,01 - Dry,10 - No control,,03 - P.D. only,02 - Angle,0
17-11295,GREENBANK RD @ JOCKVALE RD,364120.74105,5014330.17661,-75.74405890800,45.26642746200,2017-12-07,5:04:00 PM,01 - Clear,07 - Dark,01 - Dry,01 - Traffic signal,01 - Functioning,02 - Non-fatal injury,03 - Rear end,0
17-11296,RIVERSIDE DR @ TREMBLAY RD/HWY417 IC117 RAMP52,370802.07809,5031015.90765,-75.65669950260,45.41596565500,2017-12-07,3:10:00 PM,01 - Clear,01 - Daylight,01 - Dry,01 - Traffic signal,01 - Functioning,03 - P.D. only,02 - Angle,0
17-11297,BRIDLE PARK DR @ STONEHAVEN DR,356107.43315,5016318.97536,-75.84596202490,45.28495327860,2017-12-07,5:59:00 PM,01 - Clear,07 - Dark,01 - Dry,01 - Traffic signal,01 - Functioning,02 - Non-fatal injury,07 - SMV other,1
17-11298,EAGLESON RD @ HWY 417 EAGLESO IC138R51/PARK AN,353036.23435,5020013.07784,-75.88475015510,45.31841113060,2017-12-07,6:06:00 PM,01 - Clear,07 - Dark,01 - Dry,01 - Traffic signal,01 - Functioning,03 - P.D. only,07 - SMV other,0
17-11299,NICHOLAS ST NB btwn HWY417 IC118 RAMP52 & WALLER ST/TRANSITWAY,369045.46749,5031327.47629,-75.67910053140,45.41893252750,2017-12-07,7:16:00 PM,01 - Clear,07 - Dark,01 - Dry,10 - No control,,03 - P.D. only,04 - Sideswipe,0
17-11300,POULIN AVE @ RICHMOND RD,360324.53210,5024899.62033,-75.79124670440,45.36184167330,2017-12-07,7:34:00 PM,01 - Clear,07 - Dark,01 - Dry,01 - Traffic signal,01 - Functioning,02 - Non-fatal injury,07 - SMV other,0
17-11301,BERKELEY AVE @ RICHMOND RD,362910.75136,5028065.32305,-75.75786462890,45.39011666430,2017-12-07,8:31:00 PM,01 - Clear,07 - Dark,01 - Dry,02 - Stop sign,00 - Unknown,03 - P.D. only,03 - Rear end,0
17-11302,MARCH RD btwn CARP RD & DONALD B. MUNRO DR,342169.01980,5021736.49440,-76.02322512810,45.33458165200,2017-12-07,8:42:00 PM,01 - Clear,07 - Dark,01 - Dry,10 - No control,,03 - P.D. only,07 - SMV other,0
17-11303,HOLLAND AVE @ WELLINGTON ST,364930.17477,5029152.84434,-75.73194421060,45.39973148170,2017-12-07,11:15:00 PM,01 - Clear,07 - Dark,01 - Dry,01 - Traffic signal,01 - Functioning,03 - P.D. only,04 - Sideswipe,0
17-11304,REGIONAL ROAD 174 btwn OR174 IC109 RAMP64 & OR174 IC105 RAMP16,376639.52513,5035362.19307,-75.58149017370,45.45449587260,2017-12-08,2:43:00 AM,01 - Clear,07 - Dark,01 - Dry,10 - No control,,02 - Non-fatal injury,07 - SMV other,0
17-11305,STRANDHERD DR @ CEDARVIEW RD/TARTAN DR,362290.70089,5013545.76385,-75.76746846600,45.25952122420,2017-12-08,1:22:00 AM,01 - Clear,07 - Dark,01 - Dry,01 - Traffic signal,01 - Functioning,03 - P.D. only,02 - Angle,0
17-11306,CAMERON ST @ REGIONAL RD 174,389861.45118,5042618.40407,-75.41121143690,45.51829446460,2017-12-08,6:02:00 AM,01 - Clear,07 - Dark,01 - Dry,01 - Traffic signal,00 - Unknown,03 - P.D. only,07 - SMV other,0
17-11307,SMYTH RD @ GENERAL HOSPITAL E,371516.57448,5029182.55402,-75.64781957420,45.39940214060,2017-12-08,6:52:00 AM,01 - Clear,03 - Dawn,01 - Dry,01 - Traffic signal,00 - Unknown,03 - P.D. only,03 - Rear end,0
17-11308,CATHERINE ST @ KENT ST,367908.71084,5030187.89550,-75.69376995330,45.40878240540,2017-12-08,7:04:00 AM,01 - Clear,03 - Dawn,01 - Dry,01 - Traffic signal,01 - Functioning,03 - P.D. only,05 - Turning movement,0
17-11309,CARLING AVE @ EDGEWORTH AVE,361262.78110,5025424.50872,-75.77921121780,45.36648964480,2017-12-08,7:38:00 AM,01 - Clear,03 - Dawn,01 - Dry,01 - Traffic signal,01 - Functioning,02 - Non-fatal injury,07 - SMV other,1
17-11310,WOODROFFE AVE @ SPORTSPLEX N,363764.71697,5021067.40850,-75.74779433030,45.32707888160,2017-12-08,8:11:00 AM,01 - Clear,01 - Daylight,01 - Dry,01 - Traffic signal,00 - Unknown,03 - P.D. only,05 - Turning movement,0
17-11311,BEAUSEJOUR DR btwn DES FAISANS GT & ORLEANS BLVD,380548.34517,5035361.94589,-75.53152068850,45.45408087220,2017-12-06,12:30:00 PM,01 - Clear,01 - Daylight,01 - Dry,10 - No control,,03 - P.D. only,04 - Sideswipe,0
17-11312,LYNDA LANE @ SMYTH RD,371611.72240,5029191.78705,-75.64660312110,45.39947614300,2017-12-08,9:01:00 AM,01 - Clear,01 - Daylight,01 - Dry,02 - Stop sign,00 - Unknown,03 - P.D. only,05 - Turning movement,0
17-11313,PARKWAY RD @ SALE BARN RD,379604.76420,5014728.20285,-75.54670623150,45.26853241960,2017-12-08,9:03:00 AM,01 - Clear,01 - Daylight,01 - Dry,02 - Stop sign,01 - Functioning,03 - P.D. only,02 - Angle,0
17-11314,CATHERINE ST @ METCALFE ST,368395.14039,5030487.27995,-75.68751769270,45.41143213880,2017-12-08,9:12:00 AM,01 - Clear,01 - Daylight,01 - Dry,01 - Traffic signal,01 - Functioning,03 - P.D. only,04 - Sideswipe,0
17-11315,WOODROFFE AVE @ KNOXDALE RD/MEDHURST DR,363420.16327,5021826.25031,-75.75209951930,45.33393575260,2017-12-08,9:30:00 AM,01 - Clear,01 - Daylight,01 - Dry,01 - Traffic signal,01 - Functioning,03 - P.D. only,03 - Rear end,0
17-11316,WOODROFFE AVE btwn NAVAHO DR & Continuation of WOODROFFE AVE,362822.15268,5023273.48013,-75.75955882140,45.34700753480,2017-12-08,9:30:00 AM,01 - Clear,01 - Daylight,01 - Dry,10 - No control,,03 - P.D. only,05 - Turning movement,0
17-11317,POPLIN ST @ SPRATT RD,368441.47400,5014895.82900,-75.68893144240,45.27113946690,2017-12-08,10:00:00 AM,01 - Clear,01 - Daylight,01 - Dry,02 - Stop sign,01 - Functioning,03 - P.D. only,99 - Other,0
17-11318,KENT ST @ QUEEN ST,367179.69432,5031386.57951,-75.70293069780,45.41963315810,2017-12-08,10:36:00 AM,01 - Clear,01 - Daylight,01 - Dry,01 - Traffic signal,01 - Functioning,01 - Fatal injury,07 - SMV other,1
17-11319,OGILVIE RD btwn 240 W OF BLAIR RD & CITY PARK DR,374358.39794,5033112.40225,-75.61097013970,45.43448431100,2017-12-08,10:43:00 AM,01 - Clear,01 - Daylight,01 - Dry,10 - No control,,03 - P.D. only,07 - SMV other,0
17-11320,GREENBANK RD @ MALVERN DR/FOXFIELD DR,363311.20850,5016194.19435,-75.75415444200,45.28326775610,2017-12-08,10:48:00 AM,01 - Clear,01 - Daylight,01 - Dry,01 - Traffic signal,01 - Functioning,02 - Non-fatal injury,02 - Angle,0
17-11321,EAGLESON RD @ HWY 417 EAGLESO IC138R51/PARK AN,353037.10075,5020013.12087,-75.88473909940,45.31841145890,2017-12-07,6:05:00 PM,01 - Clear,07 - Dark,03 - Loose snow,01 - Traffic signal,01 - Functioning,03 - P.D. only,07 - SMV other,0
17-11322,MONTREAL RD btwn SINCLAIR ST & SHEFFORD RD,376043.67378,5034805.22841,-75.58918817540,45.44954565670,2017-12-08,7:45:00 AM,01 - Clear,03 - Dawn,01 - Dry,10 - No control,,03 - P.D. only,03 - Rear end,0
17-11323,BANK ST btwn HERON RD & ANOKA ST,370008.14533,5026816.65570,-75.66739750000,45.37825671250,2017-12-08,11:46:00 AM,01 - Clear,01 - Daylight,01 - Dry,10 - No control,,03 - P.D. only,03 - Rear end,0
17-11324,CARLING AVE @ WOODROFFE AVE W,361768.63939,5025724.31876,-75.77271951530,45.36914637920,2017-12-08,12:05:00 PM,01 - Clear,01 - Daylight,01 - Dry,01 - Traffic signal,01 - Functioning,03 - P.D. only,03 - Rear end,0
17-11325,HWY 417 PALLADI IC142R36 @ PALLADIUM DR,348774.13880,5017374.37454,-75.93934426380,45.29494715380,2017-12-08,12:04:00 PM,01 - Clear,01 - Daylight,01 - Dry,01 - Traffic signal,01 - Functioning,03 - P.D. only,02 - Angle,0
17-11326,BRONSON AVE @ GLADSTONE AVE,367133.22380,5030080.36926,-75.70368962650,45.40788441130,2017-12-08,12:21:00 PM,01 - Clear,01 - Daylight,01 - Dry,01 - Traffic signal,01 - Functioning,03 - P.D. only,03 - Rear end,0
17-11327,WEST HUNT CLUB RD WB btwn ROYDON PL/SUNDERLAND ST & 545 E OF ROYDON PL,366314.16706,5022385.65874,-75.71511047490,45.33872149570,2017-12-08,12:40:00 PM,01 - Clear,01 - Daylight,01 - Dry,10 - No control,,02 - Non-fatal injury,05 - Turning movement,0
17-11328,HWY 417 TERRYFO IC140R52 @ TERRY FOX DR,351052.45120,5018434.50180,-75.91019914600,45.30434019300,2017-12-08,12:46:00 PM,01 - Clear,01 - Daylight,01 - Dry,01 - Traffic signal,00 - Unknown,03 - P.D. only,03 - Rear end,0
17-11329,ST. JOSEPH BLVD/OLD MONTREAL RD @ TRIM RD,384683.22845,5039291.68949,-75.47802358200,45.48897652520,2017-12-08,12:00:00 PM,01 - Clear,01 - Daylight,01 - Dry,11 - Roundabout,01 - Functioning,03 - P.D. only,03 - Rear end,0
17-11330,BASELINE RD @ CORDOVA ST,363594.59012,5024409.30092,-75.74956726110,45.35716320770,2017-12-08,1:58:00 PM,01 - Clear,01 - Daylight,01 - Dry,01 - Traffic signal,01 - Functioning,03 - P.D. only,03 - Rear end,0
17-11331,EAGLESON RD btwn AKINS RD & RUSHMORE RD,356664.79217,5010728.34863,-75.83944119090,45.23460670810,2017-12-08,2:06:00 PM,01 - Clear,01 - Daylight,01 - Dry,10 - No control,,02 - Non-fatal injury,01 - Approaching,0
17-11332,MCARTHUR AVE @ VANIER PKWY,370218.22710,5032690.34695,-75.66393612780,45.43108641350,2017-12-08,2:08:00 PM,01 - Clear,01 - Daylight,01 - Dry,01 - Traffic signal,01 - Functioning,03 - P.D. only,03 - Rear end,0
17-11333,DONALD ST @ ST. LAURENT BLVD,372093.71290,5032472.35942,-75.63999934410,45.42894711460,2017-12-08,2:54:00 PM,01 - Clear,01 - Daylight,01 - Dry,01 - Traffic signal,01 - Functioning,03 - P.D. only,05 - Turning movement,0
17-11334,CEDARCROFT CRES btwn BIRCHMOUNT DR & EASTCLIFFE WAY,374132.97659,5031952.26945,-75.61401424880,45.42406843880,2017-12-08,3:00:00 PM,01 - Clear,01 - Daylight,01 - Dry,10 - No control,,03 - P.D. only,01 - Approaching,0
17-11335,BRONSON AVE @ SUNNYSIDE AVE/UNIVERSITY RD - CA,367922.71010,5028091.30815,-75.69385944290,45.38991667540,2017-12-08,3:28:00 PM,01 - Clear,01 - Daylight,02 - Wet,01 - Traffic signal,01 - Functioning,03 - P.D. only,03 - Rear end,0
17-11336,SNAKE ISLAND RD btwn GREY'S CREEK RD & SCRIVENS DR,382944.53261,5009662.69086,-75.50494743080,45.22259244340,2017-12-08,3:37:00 PM,01 - Clear,01 - Daylight,01 - Dry,10 - No control,,02 - Non-fatal injury,07 - SMV other,0
17-11337,JEANNE D'ARC BLVD @ GREY NUNS DR/YOUVILLE DR,379668.35813,5036702.53772,-75.54256602180,45.46623733240,2017-12-08,3:37:00 PM,01 - Clear,01 - Daylight,01 - Dry,01 - Traffic signal,01 - Functioning,03 - P.D. only,05 - Turning movement,0
17-11338,DALY AVE @ WALLER ST,368340.72904,5032120.67448,-75.68800213750,45.42613380740,2017-12-08,4:22:00 PM,01 - Clear,05 - Dusk,01 - Dry,01 - Traffic signal,01 - Functioning,02 - Non-fatal injury,07 - SMV other,1
17-11339,O'CONNOR ST @ WELLINGTON ST,367414.17710,5031721.86565,-75.69989222700,45.42262901040,2017-12-08,4:27:00 PM,01 - Clear,05 - Dusk,01 - Dry,01 - Traffic signal,01 - Functioning,03 - P.D. only,03 - Rear end,0
17-11340,BURNSIDE AVE btwn PARKDALE AVE & FORWARD AVE,364798.63723,5030101.58927,-75.73350878010,45.40827936590,2017-12-07,12:00:00 AM,01 - Clear,00 - Unknown,01 - Dry,10 - No control,,03 - P.D. only,06 - SMV unattended vehicle,0
17-11341,MERIVALE RD @ ROSSLAND AVE,364674.65279,5024151.27505,-75.73581420680,45.35475012680,2017-12-08,4:45:00 PM,01 - Clear,05 - Dusk,01 - Dry,02 - Stop sign,01 - Functioning,03 - P.D. only,03 - Rear end,0
17-11342,RIVERSIDE DR NB btwn INDUSTRIAL AVE & TREMBLAY RD,370700.96711,5030642.01577,-75.65804124000,45.41261105630,2017-12-08,4:49:00 PM,01 - Clear,05 - Dusk,01 - Dry,10 - No control,,03 - P.D. only,03 - Rear end,0
17-11343,WOODROFFE AVE @ TECUMSEH ST,362368.66861,5024229.00503,-75.76523416590,45.35564264790,2017-12-08,5:25:00 PM,01 - Clear,07 - Dark,01 - Dry,02 - Stop sign,01 - Functioning,03 - P.D. only,03 - Rear end,0
17-11344,STRANDHERD DR btwn LONGFIELDS DR & CLARIDGE DR,364855.82904,5015348.59779,-75.73456913680,45.27552882790,2017-12-08,5:27:00 PM,01 - Clear,07 - Dark,01 - Dry,10 - No control,,03 - P.D. only,03 - Rear end,0
17-11345,REGIONAL ROAD 174 btwn OR174 IC112 RAMP15 & TRANSIT,375196.22941,5033123.70364,-75.60026147200,45.43450215090,2017-12-08,5:40:00 PM,01 - Clear,07 - Dark,01 - Dry,10 - No control,,03 - P.D. only,03 - Rear end,0
17-11346,TENTH LINE RD @ CHARLEMAGNE BLVD N/TOMPKINS AV,383184.40780,5037978.12085,-75.49740524850,45.47732817580,2017-12-08,5:35:00 PM,01 - Clear,07 - Dark,01 - Dry,01 - Traffic signal,01 - Functioning,03 - P.D. only,03 - Rear end,0
17-11347,BESSERER ST @ NICHOLAS ST,368186.66469,5032111.34105,-75.68997195460,45.42606380710,2017-12-08,5:53:00 PM,03 - Snow,07 - Dark,02 - Wet,01 - Traffic signal,00 - Unknown,03 - P.D. only,04 - Sideswipe,0
17-11348,JOCKVALE RD btwn WEYBRIDGE DR & TARTAN DR,362920.83926,5014968.44569,-75.75927360110,45.27227081350,2017-12-08,6:01:00 PM,01 - Clear,07 - Dark,01 - Dry,10 - No control,,02 - Non-fatal injury,07 - SMV other,1
17-11349,GREENBANK RD @ STRANDHERD DR,363934.63065,5014783.70714,-75.74637635650,45.27052401120,2017-12-08,5:58:00 PM,01 - Clear,07 - Dark,01 - Dry,01 - Traffic signal,01 - Functioning,03 - P.D. only,03 - Rear end,0
17-11350,BANK ST @ SURREY AVE,370383.56110,5025810.45460,-75.66273817210,45.36916820410,2017-12-08,6:22:00 PM,01 - Clear,07 - Dark,01 - Dry,02 - Stop sign,00 - Unknown,03 - P.D. only,02 - Angle,0
17-11351,CARLING AVE @ CROYDON AVE,360658.68348,5025042.56659,-75.78696553980,45.36310135170,2017-12-05,11:15:00 AM,01 - Clear,01 - Daylight,01 - Dry,01 - Traffic signal,00 - Unknown,03 - P.D. only,04 - Sideswipe,0
17-11352,CARP RD btwn BAIRD SIDE RD & THOMAS A. DOLAN PKWY,335176.83553,5027277.56967,-76.11209248020,45.38478028630,2017-12-08,7:38:00 PM,03 - Snow,07 - Dark,06 - Ice,10 - No control,,02 - Non-fatal injury,07 - SMV other,0
17-11353,WOODROFFE AVE btwn 260 N OF FALLOWFIELD RD/TRANSITWAY & FALLOWFIELD RD,365048.70030,5017995.26101,-75.73178975100,45.29932690190,2017-12-08,8:20:00 PM,01 - Clear,07 - Dark,01 - Dry,10 - No control,,02 - Non-fatal injury,03 - Rear end,0
17-11354,MONTGOMERY ST @ MONTREAL RD,369814.65934,5032921.53484,-75.66906276760,45.43320418130,2017-12-08,8:49:00 PM,01 - Clear,07 - Dark,01 - Dry,01 - Traffic signal,01 - Functioning,02 - Non-fatal injury,07 - SMV other,1
17-11355,WEST HUNT CLUB RD @ WOODROFFE AVE,363671.69434,5021246.48900,-75.74895961190,45.32869804460,2017-12-08,9:15:00 PM,01 - Clear,07 - Dark,01 - Dry,01 - Traffic signal,00 - Unknown,03 - P.D. only,04 - Sideswipe,0
17-11356,BELL ST @ ORANGEVILLE ST,367092.96508,5029641.30591,-75.70425935450,45.40393742840,2017-12-08,9:51:00 PM,01 - Clear,07 - Dark,01 - Dry,10 - No control,00 - Unknown,03 - P.D. only,07 - SMV other,0
17-11357,SLACK RD btwn VAAN DR & GRENFELL CRES,365210.25398,5020515.63349,-75.72942276370,45.32199113860,2017-12-08,9:54:00 PM,01 - Clear,07 - Dark,01 - Dry,10 - No control,,03 - P.D. only,04 - Sideswipe,0
17-11358,JEANNE D'ARC BLVD @ ORLEANS BLVD S,380941.22240,5036250.81855,-75.52636065230,45.46203554080,2017-12-08,10:54:00 PM,01 - Clear,07 - Dark,01 - Dry,01 - Traffic signal,01 - Functioning,03 - P.D. only,04 - Sideswipe,0
17-11359,PRESTON ST @ ST. ANTHONY ST,366555.70080,5029562.28065,-75.71113169720,45.40327398500,2017-12-08,11:30:00 PM,01 - Clear,07 - Dark,01 - Dry,02 - Stop sign,01 - Functioning,03 - P.D. only,02 - Angle,0
17-11360,ISABELLA ST/HWY417 IC119AR75 @ METCALFE ST,368449.04095,5030398.22691,-75.68684063510,45.41062596840,2017-12-09,3:26:00 AM,01 - Clear,07 - Dark,01 - Dry,01 - Traffic signal,01 - Functioning,03 - P.D. only,04 - Sideswipe,0
17-11361,ORLEANS BLVD @ LONGLEAF DR N/SILVERBIRCH ST,380738.48316,5034033.61459,-75.52929506500,45.44210894240,2017-12-08,5:55:00 PM,01 - Clear,07 - Dark,01 - Dry,02 - Stop sign,01 - Functioning,03 - P.D. only,04 - Sideswipe,0
17-11362,TERRY FOX DR btwn HUNTSVILLE DR & OLD SECOND LINE RD,347868.37391,5020968.18757,-75.95057956440,45.32734153500,2017-12-08,5:15:00 PM,01 - Clear,07 - Dark,02 - Wet,10 - No control,,03 - P.D. only,07 - SMV other,0