COLLISION_ID,LOCATION,X,Y,LONGITUDE,LATITUDE,DATE,TIME,ENVIRONMENT,LIGHT,SURFACE_CONDITION,TRAFFIC_CONTROL,TRAFFIC_CONTROL_CONDITION,COLLISION_CLASSIFICATION,IMPACT_TYPE,NO_OF_PEDESTRIANS
17-11363,ST. JOSEPH BLVD btwn MARENGER ST & JEANNE D'ARC BLVD S,379783.48497,5036420.07588,-75.54113704840,45.46368360990,2017-12-09,6:15:00 AM,01 - Clear,07 - Dark,01 - Dry,10 - No control,,03 - P.D. only,04 - Sideswipe,0
17-11364,KANATA AVE btwn GOLDRIDGE DR & GOLDRIDGE DR,350282.24477,5019741.53353,-75.91990017020,45.31615151520,2017-12-09,10:58:00 AM,01 - Clear,01 - Daylight,01 - Dry,10 - No control,,03 - P.D. only,02 - Angle,0
17-11365,CONROY RD @ JOHNSTON RD,373399.73615,5026309.92432,-75.62416772380,45.37337349520,2017-12-09,11:01:00 AM,01 - Clear,01 - Daylight,01 - Dry,01 - Traffic signal,01 - Functioning,03 - P.D. only,03 - Rear end,0
17-11366,CYRVILLE RD @ ST. LAURENT BLVD,372240.76501,5032112.77474,-75.63816949920,45.42569757620,2017-12-09,11:08:00 AM,01 - Clear,01 - Daylight,01 - Dry,01 - Traffic signal,01 - Functioning,03 - P.D. only,03 - Rear end,0
17-11367,FRIEL ST @ RIDEAU ST,368771.70240,5032570.34761,-75.68243680650,45.43014051740,2017-12-09,12:32:00 PM,01 - Clear,01 - Daylight,01 - Dry,01 - Traffic signal,01 - Functioning,03 - P.D. only,04 - Sideswipe,0
17-11368,L'ALLEMAND ST btwn PARK ST & MONTREAL RD,370481.93098,5033437.19021,-75.66046664140,45.43778147170,2017-12-08,12:00:00 AM,01 - Clear,00 - Unknown,01 - Dry,10 - No control,,03 - P.D. only,06 - SMV unattended vehicle,0
17-11369,ALESTHER ST @ WOLFFDALE CRES S,372057.04306,5032294.91890,-75.64049215630,45.42735411480,2017-12-09,1:30:00 PM,01 - Clear,01 - Daylight,01 - Dry,10 - No control,,03 - P.D. only,04 - Sideswipe,0
17-11370,HERZBERG RD @ MARCH RD,352323.62220,5021528.25161,-75.89369353340,45.33209357630,2017-12-09,2:10:00 PM,01 - Clear,01 - Daylight,02 - Wet,01 - Traffic signal,01 - Functioning,03 - P.D. only,03 - Rear end,0
17-11371,SIXTH ST btwn ST. BERNARD ST & BELLMANOR CRT,373505.58094,5023815.28727,-75.62316334830,45.35091738650,2017-12-08,5:00:00 PM,01 - Clear,07 - Dark,01 - Dry,10 - No control,,03 - P.D. only,05 - Turning movement,0
17-11372,HUNT CLUB RD @ RIVERSIDE DR,368036.70300,5021945.25955,-75.69319022970,45.33460573070,2017-12-09,2:45:00 PM,01 - Clear,01 - Daylight,01 - Dry,01 - Traffic signal,01 - Functioning,03 - P.D. only,03 - Rear end,0
17-11373,INNES RD btwn BELCOURT BLVD & 260 E OF BELCOURT BLVD/WALMART SC,382205.42526,5035315.76355,-75.51034453100,45.45348377590,2017-12-09,3:45:00 PM,01 - Clear,01 - Daylight,01 - Dry,10 - No control,,03 - P.D. only,05 - Turning movement,0
17-11374,BELFAST RD @ ST. LAURENT BLVD,372860.25073,5030578.79869,-75.63046584440,45.41183558630,2017-12-09,3:58:00 PM,01 - Clear,01 - Daylight,01 - Dry,01 - Traffic signal,01 - Functioning,03 - P.D. only,03 - Rear end,0
17-11375,CANTERBURY AVE btwn KILBORN AVE & URBANDALE DR,372572.98497,5028065.25362,-75.63448090940,45.38924768300,2017-12-09,12:00:00 AM,01 - Clear,00 - Unknown,01 - Dry,10 - No control,,03 - P.D. only,06 - SMV unattended vehicle,0
17-11376,RIVERSIDE DR NB btwn RIVERSIDE DR NB RAMP FROM EB TO WB & NEIL WAY,369369.26559,5028041.04119,-75.67539395250,45.38933251760,2017-12-09,4:57:00 PM,03 - Snow,05 - Dusk,02 - Wet,10 - No control,,03 - P.D. only,03 - Rear end,0
17-11377,CATHERINE ST/HWY 417 O'CONN IC119BR76 @ O'CONN,368244.04545,5030393.23300,-75.68945996940,45.41059964860,2017-12-09,4:56:00 PM,03 - Snow,07 - Dark,04 - Slush,01 - Traffic signal,01 - Functioning,02 - Non-fatal injury,03 - Rear end,0
17-11378,BANK ST @ SLATER ST,367424.44066,5031354.57700,-75.69980777440,45.41932334510,2017-12-09,5:33:00 PM,03 - Snow,07 - Dark,02 - Wet,01 - Traffic signal,01 - Functioning,03 - P.D. only,03 - Rear end,0
17-11379,DUNROBIN RD btwn BAIRD'S GRANT LANE & BUCKHAMS BAY RD,334891.24191,5039148.05163,-76.11501368780,45.49160712410,2017-12-09,5:40:00 PM,03 - Snow,07 - Dark,02 - Wet,10 - No control,,03 - P.D. only,07 - SMV other,0
17-11380,THOMAS A. DOLAN PKWY btwn WOODKILTON RD & DUNROBIN RD,342261.85716,5031411.54330,-76.02130666330,45.42163582810,2017-12-09,3:00:00 AM,03 - Snow,07 - Dark,06 - Ice,10 - No control,,03 - P.D. only,07 - SMV other,0
17-11381,REGIONAL ROAD 174 btwn OR174 IC112 RAMP15 & TRANSIT,375196.62479,5033122.93595,-75.60025652880,45.43449520470,2017-12-09,8:24:00 PM,03 - Snow,07 - Dark,05 - Packed snow,10 - No control,,03 - P.D. only,07 - SMV other,0
17-11382,GLADSTONE AVE @ METCALFE ST,368231.18507,5030750.33191,-75.68957829800,45.41381387330,2017-12-09,8:30:00 PM,03 - Snow,07 - Dark,04 - Slush,01 - Traffic signal,01 - Functioning,03 - P.D. only,07 - SMV other,0
17-11383,REGIONAL ROAD 174 btwn OR174 IC109 RAMP64 & OR174 IC105 RAMP16,377120.00139,5035732.76390,-75.57529331250,45.45778045990,2017-12-09,8:46:00 PM,03 - Snow,07 - Dark,03 - Loose snow,10 - No control,,03 - P.D. only,03 - Rear end,0
17-11384,DUROCHER ST @ MONTREAL RD,370136.73535,5033101.52972,-75.66492294000,45.43479368240,2017-12-09,8:55:00 PM,03 - Snow,07 - Dark,03 - Loose snow,02 - Stop sign,00 - Unknown,03 - P.D. only,03 - Rear end,0
17-11385,HOLLAND AVE @ KENILWORTH ST,365214.60730,5028496.45821,-75.72839181130,45.39380097660,2017-12-09,9:03:00 PM,03 - Snow,07 - Dark,06 - Ice,01 - Traffic signal,01 - Functioning,03 - P.D. only,99 - Other,0
17-11386,HINCKS LANE @ RIVERSIDE DR,370166.24253,5030205.32931,-75.66493012030,45.40873206880,2017-12-09,9:05:00 PM,03 - Snow,07 - Dark,03 - Loose snow,01 - Traffic signal,01 - Functioning,03 - P.D. only,03 - Rear end,0
17-11387,REGIONAL ROAD 174 btwn OR174 IC109 RAMP54 & OR174 IC109 RAMP55,376422.98918,5034883.46936,-75.58432806320,45.45021085090,2017-12-09,9:38:00 PM,03 - Snow,07 - Dark,06 - Ice,10 - No control,,03 - P.D. only,07 - SMV other,0
17-11388,KING EDWARD AVE @ LAURIER AVE,368739.37275,5032034.58260,-75.68291949550,45.42532285710,2017-12-09,9:15:00 PM,03 - Snow,07 - Dark,03 - Loose snow,01 - Traffic signal,01 - Functioning,03 - P.D. only,05 - Turning movement,0
17-11389,FROBISHER LANE W @ RIVERSIDE DR,370119.67089,5029601.46495,-75.66560501920,45.40330307040,2017-12-09,9:38:00 PM,03 - Snow,07 - Dark,06 - Ice,01 - Traffic signal,01 - Functioning,03 - P.D. only,02 - Angle,0
17-11390,FRIEL ST @ LAURIER AVE,368997.70640,5032191.57770,-75.67959813050,45.42671177910,2017-12-09,9:49:00 PM,03 - Snow,07 - Dark,03 - Loose snow,02 - Stop sign,01 - Functioning,03 - P.D. only,02 - Angle,0
17-11391,RIVERSIDE DR @ SMYTH RD SOUTH SIDE RAMP,369789.05391,5028997.32689,-75.66990748870,45.39789802140,2017-12-09,9:54:00 PM,03 - Snow,07 - Dark,06 - Ice,01 - Traffic signal,01 - Functioning,03 - P.D. only,03 - Rear end,0
17-11392,CUBA AVE @ SMYTH RD,373007.73390,5029347.31425,-75.62875218560,45.40074089600,2017-12-09,10:08:00 PM,03 - Snow,07 - Dark,05 - Packed snow,02 - Stop sign,01 - Functioning,03 - P.D. only,02 - Angle,0
17-11393,HERON RD btwn SANDALWOOD DR & JEFFERSON ST,371501.55783,5027015.44243,-75.64830427950,45.37990473880,2017-12-09,11:22:00 PM,03 - Snow,07 - Dark,03 - Loose snow,10 - No control,,03 - P.D. only,07 - SMV other,0
17-11394,BREWER RD @ BRONSON AVE,368109.38155,5027767.77369,-75.69151720220,45.38698875490,2017-12-09,10:15:00 PM,03 - Snow,07 - Dark,03 - Loose snow,01 - Traffic signal,01 - Functioning,03 - P.D. only,03 - Rear end,0
17-11395,EAGLESON RD @ MICHAEL COWPLAND DR/STONEHAVEN D,354382.78989,5016623.15803,-75.86791503160,45.28781415550,2017-12-10,12:16:00 AM,03 - Snow,07 - Dark,03 - Loose snow,01 - Traffic signal,01 - Functioning,03 - P.D. only,99 - Other,0
17-11396,BOOTH ST btwn MIDDLE ST & VIMY PLACE PRIV,366141.78650,5031251.77822,-75.71620830030,45.41851202510,2017-12-10,12:29:00 AM,03 - Snow,07 - Dark,05 - Packed snow,10 - No control,,02 - Non-fatal injury,01 - Approaching,0
17-11397,BASELINE RD @ CLYDE AVE,364358.36885,5024891.18180,-75.73976145800,45.36143464390,2017-12-10,1:28:00 AM,03 - Snow,07 - Dark,04 - Slush,01 - Traffic signal,00 - Unknown,03 - P.D. only,04 - Sideswipe,0
17-11398,GREENFIELD AVE @ MAIN ST,368892.04995,5030816.57500,-75.68112707730,45.41434968910,2017-12-10,1:58:00 AM,03 - Snow,07 - Dark,04 - Slush,01 - Traffic signal,01 - Functioning,03 - P.D. only,05 - Turning movement,0
17-11399,BEECH ST btwn CHAMPAGNE AVE S & RAILWAY ST,366470.11849,5029179.12417,-75.71227273550,45.39983398760,2017-12-10,3:37:00 AM,03 - Snow,07 - Dark,03 - Loose snow,10 - No control,,03 - P.D. only,06 - SMV unattended vehicle,0
17-11400,RIVERSIDE DR @ WALKLEY RD,368417.77715,5024854.23936,-75.68795457080,45.36074561980,2017-12-10,5:40:00 AM,03 - Snow,07 - Dark,03 - Loose snow,01 - Traffic signal,01 - Functioning,03 - P.D. only,07 - SMV other,0
17-11401,BARRICK HILL RD btwn AKERSON RD & MOORPARK AVE,354187.19500,5016098.73600,-75.87046053610,45.28310905710,2017-12-09,12:00:00 AM,03 - Snow,00 - Unknown,03 - Loose snow,10 - No control,,03 - P.D. only,06 - SMV unattended vehicle,0
17-11402,GREENBANK RD @ STRANDHERD DR,363933.68390,5014783.70714,-75.74638842170,45.27052409090,2017-12-09,4:15:00 PM,01 - Clear,05 - Dusk,01 - Dry,01 - Traffic signal,01 - Functioning,03 - P.D. only,03 - Rear end,0
17-11403,RUSSELL RD btwn SOUTHVALE CRES & TUPPER AVE,373959.42825,5028978.97029,-75.61664885840,45.39733334490,2017-12-10,12:00:00 AM,01 - Clear,00 - Unknown,03 - Loose snow,10 - No control,,03 - P.D. only,06 - SMV unattended vehicle,0
17-11404,ELGIN ST @ SOMERSET ST,368163.76185,5031198.33521,-75.69038203350,45.41785096680,2017-12-09,8:50:00 PM,03 - Snow,07 - Dark,03 - Loose snow,01 - Traffic signal,01 - Functioning,03 - P.D. only,03 - Rear end,0
17-11405,WOODROFFE AVE @ SPORTSPLEX N,363762.65896,5021066.56530,-75.74782068210,45.32707146740,2017-12-10,10:40:00 AM,03 - Snow,01 - Daylight,03 - Loose snow,01 - Traffic signal,01 - Functioning,03 - P.D. only,03 - Rear end,0
17-11406,COBOURG ST btwn THORBURN PRIV & RIDEAU ST,369126.35998,5032791.15090,-75.67787587890,45.43209469040,2017-12-10,2:30:00 AM,03 - Snow,07 - Dark,03 - Loose snow,10 - No control,,03 - P.D. only,06 - SMV unattended vehicle,0
17-11407,BYRON AVE @ ISLAND PARK DR,364255.69000,5028602.83445,-75.74062507910,45.39484020470,2017-12-10,11:19:00 AM,03 - Snow,01 - Daylight,02 - Wet,01 - Traffic signal,01 - Functioning,03 - P.D. only,03 - Rear end,0
17-11408,KANATA AVE @ GOLDRIDGE DR/EVANSHEN PL,350286.14164,5019729.04998,-75.91985161750,45.31603893300,2017-12-10,11:23:00 AM,01 - Clear,01 - Daylight,02 - Wet,02 - Stop sign,01 - Functioning,03 - P.D. only,02 - Angle,0
17-11409,FALLOWFIELD RD @ MERIVALE RD,366891.23923,5018844.23251,-75.70819206190,45.30680542490,2017-12-09,10:30:00 PM,03 - Snow,07 - Dark,03 - Loose snow,01 - Traffic signal,00 - Unknown,03 - P.D. only,07 - SMV other,0
17-11410,BLAKE BLVD @ LAFONTAINE AVE,370941.18310,5033036.87255,-75.65465099790,45.43413629910,2017-12-09,9:20:00 PM,03 - Snow,07 - Dark,03 - Loose snow,02 - Stop sign,01 - Functioning,03 - P.D. only,03 - Rear end,0
17-11411,SEYTON DR btwn SONNET CRES & SONNET CRES,357248.36956,5019452.01321,-75.83108759180,45.31306058130,2017-12-09,12:00:00 AM,03 - Snow,00 - Unknown,03 - Loose snow,10 - No control,,03 - P.D. only,06 - SMV unattended vehicle,0
17-11412,BANK ST @ WALKLEY RD,370338.18645,5025947.73490,-75.66329916460,45.37040765280,2017-12-10,12:21:00 PM,01 - Clear,01 - Daylight,02 - Wet,01 - Traffic signal,01 - Functioning,03 - P.D. only,02 - Angle,0
17-11413,CEDARVIEW RD @ WEST HUNT CLUB RD,359717.72161,5019554.23875,-75.79958512030,45.31379163590,2017-12-10,1:23:00 PM,01 - Clear,01 - Daylight,01 - Dry,01 - Traffic signal,01 - Functioning,02 - Non-fatal injury,03 - Rear end,0
17-11414,SODERLIND ST btwn DEMPSEY AVE & IRIS ST,361093.39602,5023716.54370,-75.78156789150,45.35113508610,2017-12-10,12:00:00 AM,01 - Clear,00 - Unknown,03 - Loose snow,10 - No control,,03 - P.D. only,06 - SMV unattended vehicle,0
17-11415,BOTTRIELL WAY N @ CHARLEMAGNE BLVD,383695.29073,5037953.91384,-75.49087558180,45.47705284450,2017-12-10,2:31:00 PM,01 - Clear,01 - Daylight,01 - Dry,01 - Traffic signal,01 - Functioning,03 - P.D. only,05 - Turning movement,0
17-11416,PRINCE OF WALES DR @ SANFORD AVE,366803.27561,5026129.24925,-75.70840077520,45.37236253560,2017-12-10,2:48:00 PM,03 - Snow,01 - Daylight,03 - Loose snow,02 - Stop sign,00 - Unknown,03 - P.D. only,02 - Angle,0
17-11417,WOODROFFE AVE btwn HWY417 IC127 RAMP62 & HWY417 IC127 RAMP26,362069.30578,5024971.29777,-75.76896870190,45.36234625710,2017-12-10,3:55:00 PM,01 - Clear,01 - Daylight,01 - Dry,10 - No control,,03 - P.D. only,03 - Rear end,0
17-11418,AIRPORT PKWY btwn RAMP & RAMP (1),369026.46263,5026155.15122,-75.68001672850,45.37239536500,2017-12-10,4:46:00 PM,01 - Clear,05 - Dusk,02 - Wet,10 - No control,,03 - P.D. only,04 - Sideswipe,0
17-11419,LAURIER AVE   W btwn BANK ST & O'CONNOR ST,367567.70408,5031316.41270,-75.69798224900,45.41896711680,2017-12-10,5:16:00 PM,01 - Clear,07 - Dark,01 - Dry,10 - No control,,03 - P.D. only,06 - SMV unattended vehicle,0
17-11420,FALLOWFIELD RD @ HWY 416 FALLOWFI IC66R34,359823.00260,5014726.88624,-75.79877798090,45.27034644810,2017-12-10,5:49:00 PM,01 - Clear,07 - Dark,01 - Dry,01 - Traffic signal,01 - Functioning,02 - Non-fatal injury,03 - Rear end,0
17-11421,MANOTICK STATION RD btwn NICK ADAMS RD & HERBERTS CORNERS RD,375926.47984,5007709.62407,-75.59457889560,45.20576279310,2017-12-10,5:15:00 PM,01 - Clear,07 - Dark,01 - Dry,10 - No control,,03 - P.D. only,07 - SMV other,0
17-11422,BRONSON AVE btwn POWELL AVE & CLEMOW AVE,367394.71019,5029457.52812,-75.70042851660,45.40225693200,2017-12-10,6:17:00 PM,01 - Clear,07 - Dark,01 - Dry,10 - No control,,03 - P.D. only,02 - Angle,0
17-11423,TENTH LINE RD btwn AMIENS ST & 275 N OF DES EPINETTES AVE/FALLINGBROOK,383376.47372,5037508.69313,-75.49502404440,45.47308310500,2017-12-10,4:30:00 PM,01 - Clear,05 - Dusk,02 - Wet,10 - No control,,03 - P.D. only,04 - Sideswipe,0
17-11424,FALLOWFIELD RD @ MOODIE DR,359501.18253,5014636.17621,-75.80288899450,45.26955533330,2017-12-10,6:50:00 PM,01 - Clear,07 - Dark,01 - Dry,01 - Traffic signal,01 - Functioning,03 - P.D. only,05 - Turning movement,0
17-11425,GREENBANK RD @ HWY 417 IC129 RAMP57/IRIS ST,360531.40144,5023312.56251,-75.78878519340,45.34754495870,2017-12-10,7:17:00 PM,01 - Clear,07 - Dark,02 - Wet,01 - Traffic signal,01 - Functioning,03 - P.D. only,05 - Turning movement,0
17-11426,ALBION RD @ MITCH OWENS RD,375907.70989,5014804.68805,-75.59380357170,45.26960411480,2017-12-11,5:59:00 AM,01 - Clear,07 - Dark,01 - Dry,01 - Traffic signal,01 - Functioning,03 - P.D. only,05 - Turning movement,0
17-11427,CARLING AVE @ CONNAUGHT AVE,360773.22371,5025119.55281,-75.78549483150,45.36378493330,2017-12-11,6:07:00 AM,01 - Clear,07 - Dark,02 - Wet,01 - Traffic signal,01 - Functioning,03 - P.D. only,04 - Sideswipe,0
17-11428,BANTREE ST @ INNES RD,373706.19657,5030406.31871,-75.61968347040,45.41020091300,2017-12-11,6:39:00 AM,01 - Clear,07 - Dark,01 - Dry,01 - Traffic signal,01 - Functioning,03 - P.D. only,05 - Turning movement,0
17-11429,INNES RD @ TENTH LINE RD,383951.76030,5036159.32185,-75.48788471340,45.46087773640,2017-12-11,7:24:00 AM,01 - Clear,03 - Dawn,01 - Dry,01 - Traffic signal,01 - Functioning,02 - Non-fatal injury,03 - Rear end,0
17-11430,SPRINGCREEK CRES btwn STONEMEADOW DR & REDSTONE LANE,356161.95538,5016868.79209,-75.84521013270,45.28989664790,2017-12-10,12:00:00 AM,01 - Clear,00 - Unknown,01 - Dry,10 - No control,,03 - P.D. only,06 - SMV unattended vehicle,0
17-11431,HWY 417 ST.LAURE IC115R51 @ ST. LAURENT BLVD,372530.46352,5031410.36095,-75.63456441690,45.41934959710,2017-12-11,8:09:00 AM,01 - Clear,01 - Daylight,06 - Ice,01 - Traffic signal,01 - Functioning,03 - P.D. only,03 - Rear end,0
17-11432,CAHILL DR @ HUNT CLUB RD,372408.20807,5024542.74599,-75.63706718860,45.35756945010,2017-12-11,8:16:00 AM,01 - Clear,01 - Daylight,01 - Dry,01 - Traffic signal,01 - Functioning,03 - P.D. only,03 - Rear end,0
17-11433,MEADOWLANDS DR btwn INVERNESS AVE & DEER PARK RD,365819.27036,5024758.66657,-75.72113171210,45.36011665990,2017-12-11,8:33:00 AM,01 - Clear,01 - Daylight,01 - Dry,10 - No control,,03 - P.D. only,01 - Approaching,0
17-11434,CUMORAH DR/RED WILLOW DR @ MAPLE RUN AVE,380652.74610,5035116.80905,-75.53022386930,45.45186399830,2017-12-11,8:20:00 AM,03 - Snow,01 - Daylight,06 - Ice,02 - Stop sign,01 - Functioning,03 - P.D. only,02 - Angle,0
17-11435,HOLLAND AVE/TUNNEY'S PASTURE @ SCOTT ST,364738.47555,5029595.85303,-75.73433876380,45.40373401720,2017-12-11,8:45:00 AM,01 - Clear,01 - Daylight,01 - Dry,01 - Traffic signal,01 - Functioning,03 - P.D. only,05 - Turning movement,0
17-11436,PERTH ST @ QUEEN CHARLOTTE ST/ROCHELLE DR,356183.55325,5005740.16067,-75.84608451530,45.18975676510,2017-12-11,8:49:00 AM,01 - Clear,01 - Daylight,01 - Dry,02 - Stop sign,00 - Unknown,03 - P.D. only,04 - Sideswipe,0
17-11437,SCOUT ST @ STATEN WAY W,364229.44909,5025408.75762,-75.74134467550,45.36610265960,2017-12-11,8:58:00 AM,01 - Clear,01 - Daylight,05 - Packed snow,10 - No control,00 - Unknown,03 - P.D. only,02 - Angle,0
17-11438,BATHGATE DR @ RAINBOW CRES N,373701.68850,5033233.77186,-75.61934559150,45.43564134680,2017-12-11,9:09:00 AM,01 - Clear,01 - Daylight,01 - Dry,02 - Stop sign,00 - Unknown,03 - P.D. only,03 - Rear end,0
17-11439,BEECHWOOD AVE @ CHARLEVOIX ST/MACKAY ST,369186.87434,5033591.68210,-75.67699785370,45.43929198670,2017-12-11,9:17:00 AM,01 - Clear,01 - Daylight,01 - Dry,01 - Traffic signal,01 - Functioning,03 - P.D. only,02 - Angle,0
17-11440,MONTREAL RD @ ST. LAURENT BLVD,371544.74711,5033818.31155,-75.64683175870,45.44110997530,2017-12-11,9:22:00 AM,01 - Clear,01 - Daylight,06 - Ice,01 - Traffic signal,01 - Functioning,03 - P.D. only,03 - Rear end,0
17-11441,DEBRA AVE btwn BELLAMY ST & END,366942.59015,5025492.70043,-75.70670238420,45.36662267010,2017-12-10,12:00:00 AM,01 - Clear,00 - Unknown,03 - Loose snow,10 - No control,,03 - P.D. only,06 - SMV unattended vehicle,0
17-11442,BANK ST @ HERON RD,369994.77325,5026850.83214,-75.66756370820,45.37856546510,2017-12-11,9:25:00 AM,01 - Clear,01 - Daylight,01 - Dry,01 - Traffic signal,01 - Functioning,03 - P.D. only,02 - Angle,0
17-11443,BASELINE RD @ WOODROFFE AVE,362548.01796,5023770.50470,-75.76299882000,45.35150235040,2017-12-11,9:30:00 AM,01 - Clear,01 - Daylight,01 - Dry,01 - Traffic signal,01 - Functioning,03 - P.D. only,02 - Angle,0
17-11444,ALTA VISTA DR @ PALEN AVE,370422.38681,5027284.48364,-75.66204669300,45.38242739330,2017-12-11,10:03:00 AM,01 - Clear,01 - Daylight,01 - Dry,02 - Stop sign,00 - Unknown,03 - P.D. only,03 - Rear end,0
17-11445,WHITE ALDER AVE btwn FLAT SEDGE CRES & STALWART CRES W,375442.94400,5020718.54500,-75.59888337550,45.32286173040,2017-12-11,10:30:00 AM,01 - Clear,01 - Daylight,01 - Dry,10 - No control,,03 - P.D. only,06 - SMV unattended vehicle,0
17-11446,HAWTHORNE AVE @ MAIN ST,368970.70960,5030631.38377,-75.68014629700,45.41267619460,2017-12-11,10:42:00 AM,01 - Clear,01 - Daylight,01 - Dry,01 - Traffic signal,01 - Functioning,03 - P.D. only,05 - Turning movement,0
17-11447,WEST HUNT CLUB RD @ WOODROFFE AVE,363670.35655,5021245.82010,-75.74897675540,45.32869213810,2017-12-11,10:50:00 AM,01 - Clear,01 - Daylight,01 - Dry,01 - Traffic signal,01 - Functioning,03 - P.D. only,03 - Rear end,0
17-11448,GREENFIELD AVE @ MAIN ST,368890.76875,5030815.39157,-75.68114359880,45.41433915860,2017-12-11,12:19:00 PM,01 - Clear,01 - Daylight,01 - Dry,01 - Traffic signal,01 - Functioning,03 - P.D. only,02 - Angle,0
17-11449,BLAIR RD @ REGIONAL RD 174 S/OR174 IC112 RAMP15,374907.31953,5032660.25444,-75.60401958000,45.43036131960,2017-12-11,12:23:00 PM,01 - Clear,01 - Daylight,01 - Dry,01 - Traffic signal,01 - Functioning,03 - P.D. only,03 - Rear end,0
17-11450,BANK ST @ HERON RD,369997.14012,5026851.77889,-75.66753336610,45.37857376380,2017-12-11,11:50:00 AM,01 - Clear,01 - Daylight,01 - Dry,01 - Traffic signal,01 - Functioning,03 - P.D. only,03 - Rear end,0
17-11451,CASTLE HILL CRES @ GLENMOUNT AVE,363759.35945,5025275.85769,-75.74736100870,45.36494654340,2017-12-11,12:33:00 PM,03 - Snow,01 - Daylight,05 - Packed snow,03 - Yield sign,01 - Functioning,02 - Non-fatal injury,05 - Turning movement,0
17-11452,HOLLAND AVE @ ISLAND PARK DR/N.C.C. DRIVEWAY,365426.03205,5027916.86620,-75.72576297830,45.38856766020,2017-12-11,1:21:00 PM,01 - Clear,01 - Daylight,01 - Dry,01 - Traffic signal,01 - Functioning,03 - P.D. only,02 - Angle,0
17-11453,PLEASANT PARK RD @ ALTA VISTA DR,370366.05755,5028467.54820,-75.66260873090,45.39307746910,2017-12-11,2:55:00 PM,01 - Clear,01 - Daylight,01 - Dry,01 - Traffic signal,01 - Functioning,02 - Non-fatal injury,03 - Rear end,0
17-11454,NEW ORCHARD AVE @ RICHMOND RD,361294.68074,5026219.52120,-75.77871310720,45.37364053840,2017-12-11,2:50:00 PM,01 - Clear,01 - Daylight,02 - Wet,01 - Traffic signal,01 - Functioning,03 - P.D. only,03 - Rear end,0
17-11455,BASELINE RD @ CLYDE AVE,364357.69996,5024890.51290,-75.73977007610,45.36142868210,2017-12-11,3:06:00 PM,01 - Clear,01 - Daylight,01 - Dry,01 - Traffic signal,01 - Functioning,03 - P.D. only,03 - Rear end,0
17-11456,CHAREST WAY @ LICHEN AVE W,385327.62251,5036616.14981,-75.47021953710,45.46483060400,2017-12-11,1:15:00 PM,01 - Clear,01 - Daylight,06 - Ice,03 - Yield sign,01 - Functioning,03 - P.D. only,02 - Angle,0
17-11457,INNES RD btwn BANTREE ST & STAR TOP RD,373887.84414,5030512.47766,-75.61734821650,45.41113817140,2017-12-11,3:23:00 PM,01 - Clear,01 - Daylight,01 - Dry,10 - No control,,03 - P.D. only,03 - Rear end,0
17-11458,BOOTH ST @ PRIMROSE AVE,366497.70110,5030471.63024,-75.71175871840,45.41146117950,2017-12-11,3:20:00 PM,01 - Clear,01 - Daylight,01 - Dry,01 - Traffic signal,00 - Unknown,03 - P.D. only,03 - Rear end,0
17-11459,REGIONAL RD 174 @ TRIM RD,384352.30925,5039989.62875,-75.48214336590,45.49529369870,2017-12-11,3:49:00 PM,01 - Clear,01 - Daylight,01 - Dry,01 - Traffic signal,01 - Functioning,03 - P.D. only,03 - Rear end,0
17-11460,COUSINEAU ST @ ST. JOSEPH BLVD,380707.41384,5037028.58470,-75.52922988470,45.46905869840,2017-12-11,4:06:00 PM,01 - Clear,05 - Dusk,01 - Dry,02 - Stop sign,01 - Functioning,03 - P.D. only,02 - Angle,0
17-11461,BANK ST @ ROTARY WAY,375523.54410,5021226.11700,-75.59778287780,45.32742054170,2017-12-11,4:40:00 PM,01 - Clear,05 - Dusk,02 - Wet,01 - Traffic signal,01 - Functioning,03 - P.D. only,03 - Rear end,0
17-11462,INDUSTRIAL AVE btwn TRAINYARDS DR & RUSSELL RD,372027.33052,5030456.27710,-75.64112268880,45.41081369950,2017-12-11,4:25:00 PM,01 - Clear,05 - Dusk,01 - Dry,10 - No control,,03 - P.D. only,05 - Turning movement,0
17-11463,WOODMOUNT CRES btwn CHESTERTON DR & CHESTERTON DR,365570.77979,5023942.04617,-75.72440361720,45.35279042710,2017-12-11,4:54:00 PM,01 - Clear,07 - Dark,06 - Ice,10 - No control,,03 - P.D. only,02 - Angle,0
17-11464,FRIEL ST @ WILBROD ST,368934.19380,5032297.81695,-75.68039585930,45.42767350720,2017-12-11,4:55:00 PM,03 - Snow,05 - Dusk,05 - Packed snow,02 - Stop sign,00 - Unknown,03 - P.D. only,03 - Rear end,0
17-11465,CARLING AVE @ EDGEWORTH AVE,361262.66497,5025424.52410,-75.77921269800,45.36648979270,2017-12-11,4:59:00 PM,01 - Clear,07 - Dark,01 - Dry,01 - Traffic signal,01 - Functioning,03 - P.D. only,02 - Angle,0
17-11466,RIVERSIDE DR @ PLEASANT PARK RD,369561.68421,5028415.38938,-75.67288772500,45.39268301240,2017-12-11,5:08:00 PM,03 - Snow,07 - Dark,03 - Loose snow,01 - Traffic signal,00 - Unknown,03 - P.D. only,03 - Rear end,0