COLLISION_ID,LOCATION,X,Y,LONGITUDE,LATITUDE,DATE,TIME,ENVIRONMENT,LIGHT,SURFACE_CONDITION,TRAFFIC_CONTROL,TRAFFIC_CONTROL_CONDITION,COLLISION_CLASSIFICATION,IMPACT_TYPE,NO_OF_PEDESTRIANS
17-11467,RUSSELL RD btwn SAND RD & FRANK KENNY RD,391129.76516,5025931.23381,-75.39790737980,45.36800656050,2017-12-11,5:11:00 PM,01 - Clear,07 - Dark,06 - Ice,10 - No control,,02 - Non-fatal injury,03 - Rear end,0
17-11468,MERIVALE RD btwn CLEOPATRA DR & SLACK RD,365970.45456,5021075.59595,-75.71965756960,45.32696378220,2017-12-11,5:12:00 PM,01 - Clear,07 - Dark,01 - Dry,10 - No control,,03 - P.D. only,03 - Rear end,0
17-11469,AIRPORT PKWY @ HUNT CLUB RD,371019.53134,5023702.32930,-75.65490248550,45.35014017470,2017-12-11,5:14:00 PM,01 - Clear,07 - Dark,01 - Dry,01 - Traffic signal,01 - Functioning,03 - P.D. only,03 - Rear end,0
17-11470,BASELINE RD @ CLYDE AVE,364357.69996,5024889.84400,-75.73977015670,45.36142266340,2017-12-11,5:19:00 PM,01 - Clear,07 - Dark,01 - Dry,01 - Traffic signal,00 - Unknown,03 - P.D. only,03 - Rear end,0
17-11471,JUANITA AVE @ SEAGRAM HGTS,341089.43210,5023655.74900,-76.03685785670,45.35190851530,2017-12-11,5:23:00 PM,01 - Clear,07 - Dark,05 - Packed snow,10 - No control,00 - Unknown,03 - P.D. only,02 - Angle,0
17-11472,BRONSON AVE @ CARLING AVE/GLEBE AVE,367448.18037,5029336.27206,-75.69976097000,45.40116112240,2017-12-11,4:40:00 PM,01 - Clear,05 - Dusk,01 - Dry,01 - Traffic signal,01 - Functioning,03 - P.D. only,03 - Rear end,0
17-11473,STRANDHERD DR @ CLARIDGE DR,364949.01900,5015381.80486,-75.73337748360,45.27581965920,2017-12-11,5:50:00 PM,01 - Clear,07 - Dark,01 - Dry,01 - Traffic signal,01 - Functioning,03 - P.D. only,05 - Turning movement,0
17-11474,SLACK RD btwn TURN LANE & VAAN DR,364558.80884,5020153.72223,-75.73777535080,45.31879044670,2017-12-11,6:03:00 PM,01 - Clear,07 - Dark,01 - Dry,10 - No control,,03 - P.D. only,03 - Rear end,0
17-11475,PRESTON ST btwn SIDNEY ST & CARLING AVE,366818.14850,5028965.44339,-75.70785455790,45.39788060150,2017-12-09,12:00:00 AM,03 - Snow,00 - Unknown,02 - Wet,10 - No control,,03 - P.D. only,06 - SMV unattended vehicle,0
17-11476,CAMPEAU DR @ TERON RD/COLCHESTER SQ,352564.43256,5020467.76249,-75.89072375940,45.32253473530,2017-12-11,6:18:00 PM,01 - Clear,07 - Dark,01 - Dry,01 - Traffic signal,01 - Functioning,03 - P.D. only,02 - Angle,0
17-11477,FALLOWFIELD RD @ WOODROFFE AVE,365085.15000,5017902.95331,-75.73133625850,45.29849319580,2017-12-11,6:26:00 PM,01 - Clear,07 - Dark,01 - Dry,01 - Traffic signal,01 - Functioning,03 - P.D. only,03 - Rear end,0
17-11478,CELTIC RIDGE CRES/MARCONI AVE @ MAXWELL BRIDGE,349386.69016,5024757.30134,-75.93086990330,45.36134206750,2017-12-07,6:55:00 PM,03 - Snow,07 - Dark,03 - Loose snow,10 - No control,00 - Unknown,02 - Non-fatal injury,02 - Angle,0
17-11479,HAZELDEAN RD @ HUNTMAR DR/IBER RD,350944.27014,5016080.10110,-75.91179762620,45.28316173660,2017-12-11,7:08:00 PM,01 - Clear,07 - Dark,01 - Dry,01 - Traffic signal,01 - Functioning,03 - P.D. only,05 - Turning movement,0
17-11480,MARKETPLACE AVE @ RIOCAN AVE,364288.54914,5014762.26390,-75.74186891330,45.27030121610,2017-12-11,7:16:00 PM,01 - Clear,07 - Dark,01 - Dry,02 - Stop sign,01 - Functioning,03 - P.D. only,02 - Angle,0
17-11481,TORBOLTON RIDGE RD btwn MACLARENS SIDE RD & GALETTA SIDE RD,331895.12570,5038656.63471,-76.15337227410,45.48730797170,2017-12-11,8:12:00 PM,05 - Drifting Snow,07 - Dark,05 - Packed snow,10 - No control,,03 - P.D. only,07 - SMV other,0
17-11482,BANK ST btwn GLOUCESTER ST & NEPEAN ST,367536.04645,5031178.25855,-75.69840430570,45.41772688950,2017-12-11,8:33:00 PM,01 - Clear,07 - Dark,01 - Dry,10 - No control,,03 - P.D. only,06 - SMV unattended vehicle,0
17-11483,PRINCE OF WALES DR btwn FOREST HILL AVE & BASELINE RD/HERON RD,366847.42186,5026342.23440,-75.70781045460,45.37427502010,2017-12-12,3:29:00 AM,03 - Snow,07 - Dark,03 - Loose snow,10 - No control,,03 - P.D. only,07 - SMV other,0
17-11484,RUSSELL RD btwn RUSSELL RD & BELGREEN DR,375853.49616,5027529.70970,-75.59266822820,45.38410400850,2017-12-12,5:23:00 AM,03 - Snow,07 - Dark,03 - Loose snow,10 - No control,,02 - Non-fatal injury,07 - SMV other,0
17-11485,COVENTRY RD @ VANIER PKWY,370675.48298,5031611.92848,-75.65823713260,45.42134033630,2017-12-12,6:11:00 AM,03 - Snow,07 - Dark,05 - Packed snow,01 - Traffic signal,01 - Functioning,02 - Non-fatal injury,03 - Rear end,0
17-11486,CARLING AVE EB btwn CARLING AVE EB OFF RAMP/OTTAWA RIVER PKWY & TRANSI,361123.62335,5025318.37921,-75.78099962520,45.36554589430,2017-12-12,6:38:00 AM,03 - Snow,07 - Dark,03 - Loose snow,10 - No control,,02 - Non-fatal injury,03 - Rear end,0
17-11487,ALTA VISTA DR @ SMYTH RD,370435.10004,5029083.34503,-75.66164510600,45.39861171620,2017-12-12,6:55:00 AM,03 - Snow,07 - Dark,03 - Loose snow,01 - Traffic signal,01 - Functioning,03 - P.D. only,05 - Turning movement,0
17-11488,MEADOWLANDS DR btwn MERIVALE RD & GRANT CARMAN DR,365007.72367,5023839.60813,-75.73160152790,45.35191727230,2017-12-12,7:07:00 AM,03 - Snow,03 - Dawn,05 - Packed snow,10 - No control,,02 - Non-fatal injury,07 - SMV other,1
17-11489,JOCKVALE RD/RIDEAU VALLEY DR @ PRINCE OF WALES,366710.65599,5012197.68431,-75.71132363650,45.24701616870,2017-12-12,7:08:00 AM,03 - Snow,03 - Dawn,05 - Packed snow,01 - Traffic signal,01 - Functioning,03 - P.D. only,03 - Rear end,0
17-11490,BASELINE RD @ FISHER AVE,366166.69360,5026028.76939,-75.71653976810,45.37151447250,2017-12-11,5:30:00 PM,01 - Clear,07 - Dark,01 - Dry,01 - Traffic signal,01 - Functioning,03 - P.D. only,03 - Rear end,0
17-11491,RIDEAU ST btwn FRIEL ST & CHAPEL ST,368788.09036,5032579.27995,-75.68222622730,45.43021938860,2017-12-12,7:23:00 AM,03 - Snow,03 - Dawn,03 - Loose snow,10 - No control,,02 - Non-fatal injury,07 - SMV other,1
17-11492,DEVINE RD @ FRONTIER RD,389638.17245,5021966.13940,-75.41762596540,45.33251449020,2017-12-12,7:26:00 AM,03 - Snow,03 - Dawn,03 - Loose snow,02 - Stop sign,01 - Functioning,03 - P.D. only,07 - SMV other,0
17-11493,WALKLEY EXTENSION RD btwn HWY417 IC110 RAMP66 & RAMSAYVILLE RD,376238.32320,5029314.19568,-75.58749636870,45.40012071570,2017-12-12,7:32:00 AM,03 - Snow,03 - Dawn,04 - Slush,10 - No control,,03 - P.D. only,07 - SMV other,0
17-11494,LONGFIELDS DR btwn MOUNTSHANNON DR & WOODROFFE AVE,365336.90954,5017058.42419,-75.72822958570,45.29087252410,2017-12-12,7:30:00 AM,03 - Snow,03 - Dawn,04 - Slush,10 - No control,,03 - P.D. only,05 - Turning movement,0
17-11495,MERIVALE RD @ WEST HUNT CLUB RD,365613.64195,5021943.20826,-75.72410236450,45.33480145670,2017-12-12,8:12:00 AM,03 - Snow,01 - Daylight,03 - Loose snow,01 - Traffic signal,00 - Unknown,02 - Non-fatal injury,02 - Angle,0
17-11496,GREENBANK RD @ WEST HUNT CLUB RD,361479.67700,5020501.76235,-75.77700667350,45.32217744880,2017-12-12,8:26:00 AM,03 - Snow,01 - Daylight,05 - Packed snow,01 - Traffic signal,00 - Unknown,03 - P.D. only,07 - SMV other,0
17-11497,CARP RD @ STITTSVILLE MAIN ST,349525.73285,5014330.91336,-75.93003643740,45.26751363190,2017-12-12,8:33:00 AM,03 - Snow,01 - Daylight,03 - Loose snow,01 - Traffic signal,01 - Functioning,03 - P.D. only,05 - Turning movement,0
17-11498,BERRIGAN DR btwn CROXLEY WAY & CLARIDGE DR,364595.74935,5015813.14876,-75.73782767940,45.27973101870,2017-12-12,8:41:00 AM,01 - Clear,01 - Daylight,01 - Dry,10 - No control,,03 - P.D. only,04 - Sideswipe,0
17-11499,NAVAHO DR btwn WOODROFFE AVE & Continuation of NAVAHO DR,362793.81587,5023542.50524,-75.75988885990,45.34943054550,2017-12-12,8:49:00 AM,03 - Snow,01 - Daylight,03 - Loose snow,10 - No control,,03 - P.D. only,05 - Turning movement,0
17-11500,RIVERSIDE DR @ TREMBLAY RD/HWY417 IC117 RAMP52,370801.62714,5031014.78050,-75.65670541530,45.41595555540,2017-12-12,9:11:00 AM,05 - Drifting Snow,01 - Daylight,03 - Loose snow,01 - Traffic signal,01 - Functioning,03 - P.D. only,02 - Angle,0
17-11501,REGIONAL ROAD 174 EB btwn OR174 IC109 RAMP55 & TRANSIT,376529.62229,5035117.37926,-75.58293086670,45.45230448610,2017-12-12,9:12:00 AM,03 - Snow,01 - Daylight,04 - Slush,10 - No control,,03 - P.D. only,07 - SMV other,0
17-11502,CARLING AVE @ MOODIE DR/JAMES CUMMINGS AVE W,356002.12827,5023937.74759,-75.84651671200,45.35351570230,2017-12-12,9:15:00 AM,03 - Snow,01 - Daylight,04 - Slush,01 - Traffic signal,01 - Functioning,03 - P.D. only,03 - Rear end,0
17-11503,ALBERT ST @ BOOTH ST,366428.69320,5030626.80555,-75.71262086790,45.41286348520,2017-12-12,9:21:00 AM,03 - Snow,01 - Daylight,05 - Packed snow,01 - Traffic signal,01 - Functioning,03 - P.D. only,03 - Rear end,0
17-11504,INNES RD @ STAR TOP RD/WINDMILL LANE,374148.19917,5030666.79719,-75.61400066240,45.41250091010,2017-12-12,9:44:00 AM,03 - Snow,01 - Daylight,05 - Packed snow,01 - Traffic signal,01 - Functioning,03 - P.D. only,05 - Turning movement,0
17-11505,GRENFELL CRES @ SLACK RD,365825.69980,5020853.72979,-75.72153135890,45.32498005790,2017-12-12,9:43:00 AM,03 - Snow,01 - Daylight,03 - Loose snow,02 - Stop sign,01 - Functioning,03 - P.D. only,02 - Angle,0
17-11506,ST. LAURENT BLVD btwn CONNERY AVE & NERTA ST,373653.31333,5028658.79274,-75.62060298990,45.39448270420,2017-12-12,9:52:00 AM,03 - Snow,01 - Daylight,03 - Loose snow,10 - No control,,03 - P.D. only,06 - SMV unattended vehicle,0
17-11507,ROBERTSON RD btwn FITZGERALD RD & MOODIE DR,356925.71564,5020372.22624,-75.83510552220,45.32136479090,2017-12-12,10:04:00 AM,03 - Snow,01 - Daylight,03 - Loose snow,10 - No control,,03 - P.D. only,05 - Turning movement,0
17-11508,EAGLESON RD btwn AKINS RD & RUSHMORE RD,356705.40062,5010636.39302,-75.83893362360,45.23377627580,2017-12-12,10:17:00 AM,03 - Snow,01 - Daylight,03 - Loose snow,10 - No control,,03 - P.D. only,07 - SMV other,0
17-11509,BELFAST RD btwn TREMBLAY RD & TRAINYARDS DR,371796.09883,5030942.33694,-75.64401043820,45.41520922900,2017-12-12,10:23:00 AM,03 - Snow,01 - Daylight,05 - Packed snow,10 - No control,,03 - P.D. only,02 - Angle,0
17-11510,ST. LAURENT BLVD btwn BELFAST RD & INDUSTRIAL AVE,372980.91559,5030292.94338,-75.62896395270,45.40925184770,2017-12-12,10:56:00 AM,03 - Snow,01 - Daylight,05 - Packed snow,10 - No control,,03 - P.D. only,04 - Sideswipe,0
17-11511,COLONEL BY DR @ ROSEDALE AVE,368295.18641,5028635.43494,-75.68903300210,45.39477889540,2017-12-12,10:56:00 AM,03 - Snow,01 - Daylight,03 - Loose snow,02 - Stop sign,00 - Unknown,03 - P.D. only,03 - Rear end,0
17-11512,KING EDWARD AVE @ ST. PATRICK ST,368248.70130,5032823.35211,-75.68908752300,45.43246460430,2017-12-12,11:23:00 AM,03 - Snow,01 - Daylight,04 - Slush,01 - Traffic signal,01 - Functioning,03 - P.D. only,03 - Rear end,0
17-11513,WALKLEY RD btwn GLENHAVEN PRIV & BANK ST,370317.45066,5025935.69477,-75.66356545910,45.37030125870,2017-12-12,11:20:00 AM,03 - Snow,01 - Daylight,03 - Loose snow,10 - No control,,03 - P.D. only,07 - SMV other,0
17-11514,SOMERSET ST    W btwn ELGIN ST & CARTIER ST,368233.52580,5031239.43212,-75.68948543810,45.41821442140,2017-12-10,12:00:00 AM,01 - Clear,00 - Unknown,01 - Dry,10 - No control,,03 - P.D. only,06 - SMV unattended vehicle,0
17-11515,GLADSTONE AVE @ O'CONNOR ST,368075.65795,5030658.80639,-75.69157692430,45.41300443710,2017-12-12,11:30:00 AM,03 - Snow,01 - Daylight,03 - Loose snow,01 - Traffic signal,01 - Functioning,03 - P.D. only,03 - Rear end,0
17-11516,DANZIG TERR/GRONINGEN ST @ ROUNCEY RD,353305.11890,5015423.86800,-75.88176966710,45.27709784010,2017-12-12,12:13:00 PM,03 - Snow,01 - Daylight,03 - Loose snow,02 - Stop sign,01 - Functioning,03 - P.D. only,02 - Angle,0
17-11517,WEST HUNT CLUB RD @ WOODROFFE AVE,363670.21763,5021245.77894,-75.74897853340,45.32869177910,2017-12-12,12:16:00 PM,03 - Snow,01 - Daylight,03 - Loose snow,01 - Traffic signal,01 - Functioning,03 - P.D. only,03 - Rear end,0
17-11518,INDUSTRIAL AVE @ TRAINYARDS DR,371688.50261,5030538.45990,-75.64543982050,45.41158561100,2017-12-12,12:19:00 PM,03 - Snow,01 - Daylight,05 - Packed snow,01 - Traffic signal,01 - Functioning,03 - P.D. only,05 - Turning movement,0
17-11519,INNES RD btwn ANDERSON RD & INNES RD,376699.13575,5032086.37995,-75.58120664460,45.42501603620,2017-12-12,12:53:00 PM,03 - Snow,01 - Daylight,04 - Slush,10 - No control,,03 - P.D. only,07 - SMV other,0
17-11520,CAMBRIAN RD @ GREENBANK RD,364765.01995,5012873.76039,-75.73602518220,45.25326797580,2017-12-12,1:17:00 PM,03 - Snow,01 - Daylight,04 - Slush,11 - Roundabout,01 - Functioning,03 - P.D. only,02 - Angle,0
17-11521,BASELINE RD @ CORDOVA ST,363595.10832,5024409.76309,-75.74956059260,45.35716732310,2017-12-12,1:17:00 PM,03 - Snow,01 - Daylight,03 - Loose snow,01 - Traffic signal,01 - Functioning,03 - P.D. only,03 - Rear end,0
17-11522,INNES RD btwn STONEHENGE CRES & STONEHENGE CRES,375317.38647,5031287.98550,-75.59897596950,45.41797318560,2017-12-12,1:25:00 PM,03 - Snow,01 - Daylight,06 - Ice,10 - No control,,03 - P.D. only,05 - Turning movement,0
17-11523,BASELINE RD @ WOODROFFE AVE,362550.16810,5023770.74365,-75.76297135400,45.35150432380,2017-12-12,1:53:00 PM,03 - Snow,01 - Daylight,03 - Loose snow,01 - Traffic signal,01 - Functioning,03 - P.D. only,02 - Angle,0
17-11524,MEADOWLANDS DR/TALLWOOD DR @ WOODROFFE AVE,363056.21623,5022729.31087,-75.75663619490,45.34209174070,2017-12-12,2:01:00 PM,01 - Clear,01 - Daylight,01 - Dry,01 - Traffic signal,01 - Functioning,03 - P.D. only,03 - Rear end,0
17-11525,WEST HUNT CLUB RD EB btwn WOODROFFE AVE & 354 E OF WOODROFFE AVE/REC P,363748.79751,5021308.02746,-75.74796874520,45.32924529190,2017-12-12,2:03:00 PM,03 - Snow,01 - Daylight,03 - Loose snow,10 - No control,,03 - P.D. only,03 - Rear end,0
17-11526,BASELINE RD @ MERIVALE RD,365055.16977,5025326.22496,-75.73081483030,45.36528954830,2017-12-12,1:00:00 PM,03 - Snow,01 - Daylight,04 - Slush,01 - Traffic signal,01 - Functioning,02 - Non-fatal injury,03 - Rear end,0
17-11527,WEST HUNT CLUB RD EB btwn WOODROFFE AVE & 354 E OF WOODROFFE AVE/REC P,363699.81701,5021269.58934,-75.74859812650,45.32890354000,2017-12-12,2:16:00 PM,03 - Snow,01 - Daylight,03 - Loose snow,10 - No control,,03 - P.D. only,03 - Rear end,0
17-11528,MITCH OWENS RD btwn FARMERS WAY & YORKS CORNERS RD,385202.50674,5020470.59151,-75.47445012910,45.31958087540,2017-12-12,2:20:00 PM,03 - Snow,01 - Daylight,05 - Packed snow,10 - No control,,02 - Non-fatal injury,07 - SMV other,0
17-11529,FISHER AVE @ MEADOWLANDS DR,366576.02069,5025045.68495,-75.71143736130,45.36263292080,2017-12-12,12:00:00 PM,03 - Snow,01 - Daylight,03 - Loose snow,01 - Traffic signal,01 - Functioning,03 - P.D. only,02 - Angle,0
17-11530,LEITRIM RD btwn FENTON RD & ALBION RD,373654.81330,5020545.66502,-75.62171395840,45.32148388330,2017-12-12,1:20:00 PM,03 - Snow,01 - Daylight,05 - Packed snow,10 - No control,,03 - P.D. only,99 - Other,0
17-11531,MOODIE DR btwn MCKENNA CASEY DR & CAMBRIAN RD,360733.47586,5011763.64192,-75.78750919650,45.24361098810,2017-12-12,2:58:00 PM,03 - Snow,01 - Daylight,03 - Loose snow,10 - No control,,02 - Non-fatal injury,01 - Approaching,0
17-11532,CARLING AVE @ MAITLAND AVE/SHERBOURNE RD,362943.17580,5026489.72184,-75.75763614710,45.37593692780,2017-12-12,3:01:00 PM,03 - Snow,01 - Daylight,03 - Loose snow,01 - Traffic signal,00 - Unknown,03 - P.D. only,03 - Rear end,0
17-11533,INDUSTRIAL AVE/INNES RD @ ST. LAURENT BLVD,373102.87443,5030004.08006,-75.62744608590,45.40664089840,2017-12-12,3:01:00 PM,03 - Snow,01 - Daylight,03 - Loose snow,01 - Traffic signal,02 - Not functioning,03 - P.D. only,03 - Rear end,0
17-11534,RICHMOND RD @ ROBERTSON RD,357578.13300,5020749.72005,-75.82674389170,45.32471276970,2017-12-12,3:04:00 PM,03 - Snow,01 - Daylight,03 - Loose snow,01 - Traffic signal,00 - Unknown,02 - Non-fatal injury,03 - Rear end,0
17-11535,BAYCREST DR btwn SANDALWOOD DR & WALKLEY RD,371411.35326,5026611.99118,-75.64951037620,45.37628321450,2017-12-12,2:59:00 PM,01 - Clear,01 - Daylight,01 - Dry,10 - No control,,03 - P.D. only,02 - Angle,0
17-11536,CEDARVIEW RD @ WEST HUNT CLUB RD,359718.67740,5019554.24101,-75.79957293080,45.31379158100,2017-12-12,3:14:00 PM,03 - Snow,01 - Daylight,03 - Loose snow,01 - Traffic signal,01 - Functioning,03 - P.D. only,03 - Rear end,0
17-11537,GREENBANK RD @ MARKETPLACE AVE,364007.40915,5014602.42629,-75.74547054690,45.26888671990,2017-12-12,3:09:00 PM,03 - Snow,01 - Daylight,03 - Loose snow,01 - Traffic signal,01 - Functioning,03 - P.D. only,03 - Rear end,0
17-11538,CAMPEAU DR @ TERON RD/COLCHESTER SQ,352563.78766,5020466.62476,-75.89073209490,45.32252454190,2017-12-12,3:30:00 PM,03 - Snow,01 - Daylight,03 - Loose snow,01 - Traffic signal,01 - Functioning,03 - P.D. only,02 - Angle,0
17-11539,HUNTMAR DR @ PALLADIUM DR S,349674.65081,5017365.67535,-75.92786438980,45.29481194260,2017-12-12,3:30:00 PM,03 - Snow,01 - Daylight,03 - Loose snow,01 - Traffic signal,01 - Functioning,03 - P.D. only,02 - Angle,0
17-11540,DU GRAND BOIS AVE @ INNES RD,383109.75540,5035763.74593,-75.49871278630,45.45741357690,2017-12-11,6:30:00 PM,01 - Clear,07 - Dark,01 - Dry,02 - Stop sign,01 - Functioning,03 - P.D. only,03 - Rear end,0
17-11541,BRONSON AVE @ FIRST AVE,367489.22950,5029236.80135,-75.69924932270,45.40026243910,2017-12-12,1:45:00 PM,03 - Snow,01 - Daylight,03 - Loose snow,02 - Stop sign,01 - Functioning,03 - P.D. only,02 - Angle,0
17-11542,WEST HUNT CLUB RD btwn MOODIE DR & HWY416 IC72 RAMP53,358045.10989,5018578.05436,-75.82102079210,45.30513664840,2017-12-12,1:45:00 PM,03 - Snow,01 - Daylight,03 - Loose snow,10 - No control,,03 - P.D. only,07 - SMV other,0
17-11543,GREENBANK RD @ LARKIN DR,363176.20453,5016505.26997,-75.75583860290,45.28607804360,2017-12-12,3:35:00 PM,03 - Snow,01 - Daylight,03 - Loose snow,01 - Traffic signal,01 - Functioning,03 - P.D. only,03 - Rear end,0
17-11544,LOTTA AVE btwn PENDER ST & ST. HELEN'S PL,364296.93205,5024378.03358,-75.74060737370,45.35682262190,2017-12-12,3:30:00 PM,03 - Snow,01 - Daylight,03 - Loose snow,10 - No control,,02 - Non-fatal injury,07 - SMV other,1
17-11545,GLADSTONE AVE @ SPADINA AVE,365902.17317,5029436.79849,-75.71949463350,45.40220227590,2017-12-12,4:34:00 PM,03 - Snow,05 - Dusk,03 - Loose snow,02 - Stop sign,01 - Functioning,03 - P.D. only,02 - Angle,0
17-11546,ROYDON PL btwn WOODFIELD DR & WEST HUNT CLUB RD,365814.44856,5022397.03329,-75.72148463250,45.33886747900,2017-12-12,5:02:00 PM,03 - Snow,07 - Dark,03 - Loose snow,10 - No control,,03 - P.D. only,05 - Turning movement,0
17-11547,CARP RD/HWY 417 CARP IC144R63 @ HWY 417 CARP I,347301.07844,5015927.03126,-75.95824843340,45.28201407410,2017-12-12,5:05:00 PM,03 - Snow,07 - Dark,03 - Loose snow,01 - Traffic signal,00 - Unknown,03 - P.D. only,03 - Rear end,0
17-11548,BANK ST @ CECIL AVE,369944.46210,5026989.45023,-75.66818774740,45.37981738560,2017-12-12,12:00:00 AM,03 - Snow,00 - Unknown,03 - Loose snow,02 - Stop sign,01 - Functioning,03 - P.D. only,06 - SMV unattended vehicle,0
17-11549,REGIONAL ROAD 174 btwn TRANSIT & OR174 IC109 RAMP56,376186.35344,5034396.80083,-75.58742358870,45.44585632200,2017-12-12,5:28:00 PM,05 - Drifting Snow,07 - Dark,03 - Loose snow,10 - No control,,03 - P.D. only,07 - SMV other,0
17-11550,CANOTEK RD @ CANOTEK RD,376519.02000,5035508.21006,-75.58300940830,45.45582201710,2017-12-12,6:00:00 PM,03 - Snow,07 - Dark,05 - Packed snow,02 - Stop sign,01 - Functioning,03 - P.D. only,02 - Angle,0
17-11551,PLEASANT PARK RD @ ST. LAURENT BLVD,373598.68369,5028794.83305,-75.62128166730,45.39571210280,2017-12-12,6:06:00 PM,03 - Snow,07 - Dark,05 - Packed snow,01 - Traffic signal,01 - Functioning,02 - Non-fatal injury,07 - SMV other,1
17-11552,LEITRIM RD btwn HIGH RD & ALBION RD,372347.28984,5019712.95285,-75.63850387350,45.31411841220,2017-12-12,6:20:00 PM,03 - Snow,07 - Dark,06 - Ice,10 - No control,,02 - Non-fatal injury,07 - SMV other,0
17-11553,MCKENNA CASEY DR @ STRANDHERD DR,361913.21832,5013611.58059,-75.77227029450,45.26014419470,2017-12-12,6:21:00 PM,03 - Snow,07 - Dark,03 - Loose snow,02 - Stop sign,01 - Functioning,03 - P.D. only,05 - Turning movement,0
17-11554,CANTERBURY AVE/SAUNDERSON DR @ HALIFAX DR,373236.16304,5028123.21204,-75.62600450670,45.38970467950,2017-12-12,6:30:00 PM,03 - Snow,07 - Dark,05 - Packed snow,02 - Stop sign,00 - Unknown,03 - P.D. only,01 - Approaching,0
17-11555,ANALDEA DR/ WHITE ALDER AVE @ BANK ST,375697.27200,5020812.77245,-75.59562609990,45.32368391120,2017-12-12,6:34:00 PM,03 - Snow,07 - Dark,03 - Loose snow,01 - Traffic signal,01 - Functioning,03 - P.D. only,04 - Sideswipe,0
17-11556,RICHARDSON SIDE RD btwn PENNYCROSS LANE & DAVID MANCHESTER RD,344093.22214,5015208.19704,-75.99919352030,45.27573231450,2017-12-12,6:43:00 PM,03 - Snow,07 - Dark,05 - Packed snow,10 - No control,,03 - P.D. only,07 - SMV other,0
17-11557,ORMROD RD btwn WORLEY ST & FLEWELLYN RD,341912.81060,5002312.40568,-76.02794384600,45.15980703980,2017-12-12,6:57:00 PM,03 - Snow,07 - Dark,05 - Packed snow,10 - No control,,03 - P.D. only,07 - SMV other,0
17-11558,INNES RD @ PROVENCE AVE,386110.90246,5037083.76550,-75.46012731050,45.46894700960,2017-12-12,7:01:00 PM,03 - Snow,07 - Dark,03 - Loose snow,01 - Traffic signal,01 - Functioning,03 - P.D. only,02 - Angle,0
17-11559,TERRY FOX DR N @ FLAMBOROUGH WAY/INNOVATION DR,349386.00296,5022956.72766,-75.93104104790,45.34514014890,2017-12-12,7:04:00 PM,03 - Snow,07 - Dark,04 - Slush,01 - Traffic signal,01 - Functioning,03 - P.D. only,03 - Rear end,0
17-11560,BASELINE RD/HERON RD @ PRINCE OF WALES DR,366874.40411,5026438.80244,-75.70745385530,45.37514152710,2017-12-12,7:36:00 PM,03 - Snow,07 - Dark,03 - Loose snow,01 - Traffic signal,01 - Functioning,03 - P.D. only,05 - Turning movement,0
17-11561,BRONSON AVE @ COMMISSIONER ST/SLATER ST,366768.82579,5030948.57290,-75.70823523160,45.41572861700,2017-12-12,7:52:00 PM,03 - Snow,07 - Dark,03 - Loose snow,01 - Traffic signal,01 - Functioning,03 - P.D. only,07 - SMV other,0
17-11562,CARLING AVE @ HOLLAND AVE,365417.03315,5028039.88459,-75.72586277950,45.38967533250,2017-12-12,8:02:00 PM,03 - Snow,07 - Dark,03 - Loose snow,01 - Traffic signal,01 - Functioning,03 - P.D. only,07 - SMV other,0
17-11563,ALBION RD @ HUNT CLUB RD,371867.73370,5024319.80774,-75.64399512620,45.35561543550,2017-12-12,6:10:00 PM,03 - Snow,07 - Dark,03 - Loose snow,01 - Traffic signal,00 - Unknown,03 - P.D. only,03 - Rear end,0
17-11564,EAGLESON RD btwn FALLOWFIELD RD & AKINS RD,356327.81664,5011668.91232,-75.84363524790,45.24309488240,2017-12-12,8:18:00 PM,03 - Snow,07 - Dark,05 - Packed snow,10 - No control,,03 - P.D. only,07 - SMV other,0
17-11565,BANK ST btwn COUNCILLOR'S WAY & ST. BERNARD ST,372964.31875,5023740.99487,-75.63008049880,45.35030174860,2017-12-12,8:23:00 PM,03 - Snow,07 - Dark,03 - Loose snow,10 - No control,,03 - P.D. only,03 - Rear end,0
17-11566,PRINCE OF WALES DR btwn JOCKVALE RD & MAPLEHILL WAY,366722.93883,5012298.27558,-75.71115465290,45.24792020670,2017-12-12,8:24:00 PM,03 - Snow,07 - Dark,03 - Loose snow,10 - No control,,03 - P.D. only,07 - SMV other,0
17-11567,MERIVALE RD @ BASIL MACDONALD WAY/MERIVALE MAL,365097.55666,5023172.69845,-75.73053645630,45.34590879390,2017-12-12,8:58:00 PM,03 - Snow,07 - Dark,03 - Loose snow,01 - Traffic signal,01 - Functioning,03 - P.D. only,05 - Turning movement,0
17-11568,DAVIDSON RD btwn CONROY RD & HAWTHORNE RD,375419.95176,5024005.59533,-75.59870751780,45.35243953310,2017-12-12,9:35:00 PM,03 - Snow,07 - Dark,03 - Loose snow,10 - No control,,02 - Non-fatal injury,03 - Rear end,0
17-11569,RIVER RD btwn LOWEN DR & BALMORAL DR,367924.04375,5017676.63531,-75.69517135690,45.29620748760,2017-12-12,9:07:00 PM,03 - Snow,07 - Dark,03 - Loose snow,10 - No control,,03 - P.D. only,07 - SMV other,0