COLLISION_ID,LOCATION,X,Y,LONGITUDE,LATITUDE,DATE,TIME,ENVIRONMENT,LIGHT,SURFACE_CONDITION,TRAFFIC_CONTROL,TRAFFIC_CONTROL_CONDITION,COLLISION_CLASSIFICATION,IMPACT_TYPE,NO_OF_PEDESTRIANS
17-11570,SLACK RD btwn GRENFELL CRES & MERIVALE RD,365841.88650,5020861.04464,-75.72132399220,45.32504446810,2017-12-12,10:47:00 PM,03 - Snow,07 - Dark,05 - Packed snow,10 - No control,,03 - P.D. only,07 - SMV other,0
17-11571,CUMBERLAND ST @ MURRAY ST,368169.74111,5032679.34595,-75.69011511350,45.43117604850,2017-12-12,11:32:00 PM,03 - Snow,07 - Dark,04 - Slush,01 - Traffic signal,01 - Functioning,02 - Non-fatal injury,07 - SMV other,1
17-11572,BANK ST btwn NOTTING HILL AVE & VANCOUVER AVE,370436.21968,5025691.11726,-75.66208184200,45.36808951580,2017-12-13,12:15:00 AM,03 - Snow,07 - Dark,05 - Packed snow,10 - No control,,02 - Non-fatal injury,07 - SMV other,0
17-11573,CRESTHAVEN DR @ STRANDHERD DR,366814.24065,5015027.40180,-75.70965101640,45.27246872890,2017-12-13,6:06:00 AM,03 - Snow,07 - Dark,03 - Loose snow,01 - Traffic signal,01 - Functioning,03 - P.D. only,02 - Angle,0
17-11574,BOUNDARY RD btwn PANA RD & CARTWRIGHT RD,390724.89690,5015052.57301,-75.40496214390,45.27018021320,2017-12-13,6:53:00 AM,03 - Snow,03 - Dawn,03 - Loose snow,10 - No control,,03 - P.D. only,07 - SMV other,0
17-11575,BANK ST btwn TURN LANE & SPRINGHILL RD,385009.00652,5006644.83289,-75.47914948560,45.19520733370,2017-12-13,6:58:00 AM,03 - Snow,03 - Dawn,03 - Loose snow,10 - No control,,02 - Non-fatal injury,07 - SMV other,0
17-11576,BLACKBURN BYPASS WB btwn NAVAN RD & INNES RD E,379734.96445,5033542.40073,-75.54219579490,45.43779764430,2017-12-13,7:20:00 AM,03 - Snow,03 - Dawn,03 - Loose snow,10 - No control,,02 - Non-fatal injury,03 - Rear end,0
17-11577,REGIONAL ROAD 174 btwn OR174 IC109 RAMP56 & OR174 IC109 RAMP86,376402.98803,5034883.00614,-75.58458380530,45.45020873190,2017-12-13,7:34:00 AM,01 - Clear,03 - Dawn,03 - Loose snow,10 - No control,,03 - P.D. only,03 - Rear end,0
17-11578,NAVAHO DR @ WOODROFFE AVE/TRANSITWAY N BASELIN,362705.23856,5023492.80110,-75.76102499970,45.34899063080,2017-12-13,7:42:00 AM,03 - Snow,03 - Dawn,05 - Packed snow,01 - Traffic signal,01 - Functioning,02 - Non-fatal injury,07 - SMV other,1
17-11579,BAYCREST DR @ WALKLEY RD,371421.25723,5026589.10688,-75.64938702510,45.37607636830,2017-12-13,7:30:00 AM,03 - Snow,03 - Dawn,06 - Ice,01 - Traffic signal,01 - Functioning,03 - P.D. only,03 - Rear end,0
17-11580,ALTA VISTA DR @ DALE AVE,370697.71790,5030197.36056,-75.65814219020,45.40861053110,2017-12-13,8:10:00 AM,01 - Clear,01 - Daylight,04 - Slush,02 - Stop sign,01 - Functioning,03 - P.D. only,03 - Rear end,0
17-11581,MITCH OWENS RD btwn LIMEBANK RD & DOWNEY RD,371845.55932,5012217.05785,-75.64591479690,45.24672008340,2017-12-13,8:53:00 AM,03 - Snow,01 - Daylight,05 - Packed snow,10 - No control,,02 - Non-fatal injury,01 - Approaching,0
17-11582,BROADWAY AVE @ RALPH ST,368312.04211,5028890.43180,-75.68878491180,45.39707175140,2017-12-13,8:52:00 AM,01 - Clear,01 - Daylight,05 - Packed snow,02 - Stop sign,01 - Functioning,03 - P.D. only,99 - Other,0
17-11583,WEST HUNT CLUB RD btwn TURN LANE & PRINCE OF WALES DR (1),367414.89759,5021908.22571,-75.70112748270,45.33432826790,2017-12-13,8:45:00 AM,01 - Clear,01 - Daylight,03 - Loose snow,10 - No control,,03 - P.D. only,03 - Rear end,0
17-11584,OTTAWA ROAD 29 btwn GALETTA SIDE RD & GALETTA SIDE RD,319038.37268,5027233.15943,-76.31817781560,45.38489462720,2017-12-13,8:58:00 AM,03 - Snow,01 - Daylight,04 - Slush,10 - No control,,03 - P.D. only,07 - SMV other,0
17-11585,TERRY FOX DR btwn 329 N OF CAMPEAU DR/SIGNATURE CENTRE & CAMPEAU DR,350118.14307,5019032.40974,-75.92205794630,45.30978123700,2017-12-12,6:00:00 PM,03 - Snow,07 - Dark,03 - Loose snow,10 - No control,,03 - P.D. only,02 - Angle,0
17-11586,WOODROFFE AVE btwn MAJESTIC DR & TO BE DETERMINED,363550.88867,5021516.34447,-75.75046859860,45.33113630940,2017-12-13,9:00:00 AM,01 - Clear,01 - Daylight,01 - Dry,10 - No control,,03 - P.D. only,05 - Turning movement,0
17-11587,PRINCE OF WALES DR @ STRANDHERD DR,367175.28980,5014824.66437,-75.70507548760,45.27061257950,2017-12-13,9:23:00 AM,01 - Clear,01 - Daylight,01 - Dry,01 - Traffic signal,01 - Functioning,03 - P.D. only,03 - Rear end,0
17-11588,GREENBANK RD btwn WEST HUNT CLUB RD & FALLOWFIELD RD,362689.55128,5017652.40970,-75.76190790810,45.29644027670,2017-12-13,9:29:00 AM,01 - Clear,01 - Daylight,06 - Ice,10 - No control,,02 - Non-fatal injury,07 - SMV other,0
17-11589,CARLING AVE @ MAITLAND AVE/SHERBOURNE RD,362942.69790,5026489.23716,-75.75764230540,45.37593260710,2017-12-13,9:37:00 AM,01 - Clear,01 - Daylight,04 - Slush,01 - Traffic signal,01 - Functioning,03 - P.D. only,02 - Angle,0
17-11590,HERON RD WB btwn PRINCE OF WALES DR & HERON RD WB ON RAMP/VINCENT MASS,367465.64671,5026532.76694,-75.69989387200,45.37593437020,2017-12-13,9:45:00 AM,01 - Clear,01 - Daylight,02 - Wet,10 - No control,,03 - P.D. only,04 - Sideswipe,0
17-11591,REVELSTOKE DR @ RIVERSIDE DR,368216.70896,5024423.51780,-75.69057609690,45.35688830780,2017-12-13,9:56:00 AM,01 - Clear,01 - Daylight,03 - Loose snow,01 - Traffic signal,01 - Functioning,02 - Non-fatal injury,05 - Turning movement,0
17-11592,GREENBANK RD btwn WEST HUNT CLUB RD & FALLOWFIELD RD,363001.41149,5016918.40848,-75.75801815430,45.28980996550,2017-12-13,9:58:00 AM,03 - Snow,01 - Daylight,05 - Packed snow,10 - No control,,02 - Non-fatal injury,07 - SMV other,0
17-11593,RIVER RD @ RYEBURN DR,368049.70230,5016306.62743,-75.69374405470,45.28386902780,2017-12-13,10:02:00 AM,03 - Snow,01 - Daylight,06 - Ice,02 - Stop sign,00 - Unknown,03 - P.D. only,01 - Approaching,0
17-11594,DONALD B. MUNRO DR btwn FALLDOWN LANE & CARP RD,340975.67154,5022902.41782,-76.03836477990,45.34513563110,2017-12-13,10:14:00 AM,03 - Snow,01 - Daylight,03 - Loose snow,10 - No control,,03 - P.D. only,07 - SMV other,0
17-11595,BRONSON AVE @ CATHERINE ST/RAYMOND ST,367253.71184,5029795.22871,-75.70218665420,45.40530805830,2017-12-13,10:36:00 AM,01 - Clear,01 - Daylight,02 - Wet,01 - Traffic signal,01 - Functioning,02 - Non-fatal injury,02 - Angle,0
17-11596,ALGOMA RD @ COMSTOCK RD,373662.67335,5031108.27316,-75.62014136350,45.41652103910,2017-12-13,10:41:00 AM,01 - Clear,01 - Daylight,04 - Slush,02 - Stop sign,00 - Unknown,03 - P.D. only,05 - Turning movement,0
17-11597,TERRY FOX DR @ HALKIRK AVE/WINCHESTER DR,352511.75462,5016870.36352,-75.89174197230,45.29016808230,2017-12-13,11:28:00 AM,03 - Snow,01 - Daylight,03 - Loose snow,01 - Traffic signal,00 - Unknown,03 - P.D. only,04 - Sideswipe,0
17-11598,SOMERSET ST    W btwn BAY ST & LYON ST N,367267.46276,5030658.21683,-75.70190165620,45.41307174320,2017-12-13,11:36:00 AM,03 - Snow,01 - Daylight,05 - Packed snow,10 - No control,,03 - P.D. only,06 - SMV unattended vehicle,0
17-11599,MERIVALE RD btwn 210 S OF MEADOWLANDS DR/MERIVALE PL SC & FAMILY BROWN,364948.56722,5023516.61145,-75.73239572990,45.34901606960,2017-12-13,12:00:00 PM,01 - Clear,01 - Daylight,01 - Dry,10 - No control,,03 - P.D. only,04 - Sideswipe,0
17-11600,RICHMOND RD @ LYNHAR RD/STAFFORD RD,358137.37602,5021086.70149,-75.81957419610,45.32770268120,2017-12-13,1:03:00 PM,01 - Clear,01 - Daylight,01 - Dry,01 - Traffic signal,01 - Functioning,03 - P.D. only,04 - Sideswipe,0
17-11601,DALMENY RD @ NIXON DR,375591.23990,4997713.06015,-75.60026280150,45.11584887400,2017-12-12,6:15:00 AM,03 - Snow,07 - Dark,06 - Ice,02 - Stop sign,01 - Functioning,03 - P.D. only,02 - Angle,0
17-11602,STAR TOP RD btwn CYRVILLE RD & ALGOMA RD,373852.92367,5031405.66339,-75.61766914920,45.41917805690,2017-12-13,1:35:00 PM,01 - Clear,01 - Daylight,02 - Wet,10 - No control,,02 - Non-fatal injury,05 - Turning movement,0
17-11603,LOCKHART AVE @ SAVILLE ROW,361931.10225,5026249.94393,-75.77058483430,45.37386268090,2017-12-13,2:27:00 PM,01 - Clear,01 - Daylight,03 - Loose snow,02 - Stop sign,00 - Unknown,03 - P.D. only,05 - Turning movement,0
17-11604,CAMBRIAN RD/GOLFLINKS DR W @ LONGFIELDS DR,365381.51052,5013223.09363,-75.72812901170,45.25635847230,2017-12-13,2:39:00 PM,03 - Snow,01 - Daylight,02 - Wet,11 - Roundabout,01 - Functioning,03 - P.D. only,04 - Sideswipe,0
17-11605,CLARINGTON AVE @ VISTAPARK DR,385171.62075,5035016.10816,-75.47247566950,45.45045291220,2017-12-13,2:50:00 PM,01 - Clear,01 - Daylight,04 - Slush,,01 - Functioning,03 - P.D. only,02 - Angle,0
17-11606,HUNT CLUB RD @ LORRY GREENBERG DR/SABLE RIDGE,372823.85433,5024807.72008,-75.63172613810,45.35991338510,2017-12-13,2:58:00 PM,03 - Snow,01 - Daylight,04 - Slush,01 - Traffic signal,01 - Functioning,02 - Non-fatal injury,05 - Turning movement,0
17-11607,AVIATION PKWY btwn LA CITE PRIV & AVIATION PKWY (2),372507.25075,5033235.34797,-75.63461009560,45.43577220440,2017-12-13,3:19:00 PM,01 - Clear,01 - Daylight,03 - Loose snow,10 - No control,,02 - Non-fatal injury,07 - SMV other,1
17-11608,TENTH LINE RD @ VANGUARD DR,384073.13061,5035874.92582,-75.48637884560,45.45830523850,2017-12-13,3:15:00 PM,01 - Clear,01 - Daylight,01 - Dry,01 - Traffic signal,01 - Functioning,03 - P.D. only,04 - Sideswipe,0
17-11609,REGIONAL ROAD 174 btwn OR174 IC112 RAMP36 & OR174 IC112 RAMP26,374746.10254,5032806.95962,-75.60605886210,45.43169743420,2017-12-13,3:31:00 PM,03 - Snow,01 - Daylight,06 - Ice,10 - No control,,03 - P.D. only,07 - SMV other,0
17-11610,HEMLOCK RD @ ST. LAURENT BLVD,371145.70890,5034782.27424,-75.65180194280,45.44982124410,2017-12-13,3:26:00 PM,01 - Clear,01 - Daylight,02 - Wet,01 - Traffic signal,01 - Functioning,03 - P.D. only,03 - Rear end,0
17-11611,MACFARLANE RD @ DEAKIN ST,367253.40933,5021558.58907,-75.70323174840,45.33119668940,2017-12-13,3:30:00 PM,01 - Clear,01 - Daylight,03 - Loose snow,02 - Stop sign,00 - Unknown,02 - Non-fatal injury,05 - Turning movement,0
17-11612,HUNT CLUB RD btwn NORTH BOWESVILLE RD & BILLY BISHOP PRIV,368753.75113,5022364.43257,-75.68398847800,45.33831237060,2017-12-12,4:30:00 PM,03 - Snow,05 - Dusk,05 - Packed snow,10 - No control,,03 - P.D. only,03 - Rear end,0
17-11613,MARINOFF WAY btwn HANCOCK CRES & SABLON CRT,384296.69050,5038225.42590,-75.48314054240,45.47942744150,2017-12-13,4:01:00 PM,01 - Clear,05 - Dusk,05 - Packed snow,10 - No control,,03 - P.D. only,99 - Other,0
17-11614,MCKENNA CASEY DR @ STRANDHERD DR,361911.79820,5013611.10721,-75.77228844220,45.26014005030,2017-12-13,4:02:00 PM,03 - Snow,05 - Dusk,04 - Slush,02 - Stop sign,00 - Unknown,03 - P.D. only,03 - Rear end,0
17-11615,WOODROFFE AVE @ KNOXDALE RD/MEDHURST DR,363418.26978,5021826.72369,-75.75212361930,45.33394017040,2017-12-13,6:34:00 PM,01 - Clear,07 - Dark,02 - Wet,01 - Traffic signal,01 - Functioning,03 - P.D. only,05 - Turning movement,0
17-11616,BEARBROOK RD/ROCKCLIFFE PKWY @ ST. JOSEPH BLVD,377132.39054,5035243.15344,-75.57520693520,45.45337398970,2017-12-13,4:00:00 PM,01 - Clear,05 - Dusk,02 - Wet,01 - Traffic signal,01 - Functioning,03 - P.D. only,06 - SMV unattended vehicle,0
17-11617,ROGER STEVENS DR btwn DWYER HILL RD & MALAKOFF RD,357006.02178,4991481.20082,-75.83710610100,45.06138820720,2017-12-13,4:07:00 PM,01 - Clear,05 - Dusk,01 - Dry,10 - No control,,03 - P.D. only,07 - SMV other,0
17-11618,HAWTHORNE AVE @ MAIN ST,368969.28948,5030631.85714,-75.68016437690,45.41268058340,2017-12-13,4:10:00 PM,01 - Clear,05 - Dusk,04 - Slush,01 - Traffic signal,01 - Functioning,03 - P.D. only,05 - Turning movement,0
17-11619,REGIONAL ROAD 174 EB btwn HWY417 IC113 RAMP65 & OR174 BLAIR IC112 RAMP51,374685.48197,5032735.11860,-75.60684371940,45.43105710890,2017-12-13,4:12:00 PM,01 - Clear,05 - Dusk,01 - Dry,10 - No control,,03 - P.D. only,03 - Rear end,0
17-11620,GREENBANK RD btwn HARRISON ST & BANNER RD,360858.07635,5021960.00286,-75.78476992390,45.33534861590,2017-12-13,4:20:00 PM,01 - Clear,05 - Dusk,02 - Wet,10 - No control,,03 - P.D. only,07 - SMV other,0
17-11621,BANK ST @ DALMENY RD/MARVELVILLE RD,385827.77746,5004368.35160,-75.46910015050,45.17463113840,2017-12-13,4:29:00 PM,01 - Clear,05 - Dusk,02 - Wet,02 - Stop sign,01 - Functioning,03 - P.D. only,02 - Angle,0
17-11622,SLATER ST btwn KENT ST & BANK ST,367408.13546,5031343.44327,-75.70001751060,45.41922462690,2017-12-13,3:15:00 PM,01 - Clear,01 - Daylight,01 - Dry,10 - No control,,03 - P.D. only,06 - SMV unattended vehicle,0
17-11623,LEIKIN DR btwn HOLITZNER WAY & CRESTWAY DR,366777.06092,5017316.85075,-75.70983888700,45.29307229020,2017-12-13,4:35:00 PM,03 - Snow,05 - Dusk,03 - Loose snow,10 - No control,,03 - P.D. only,07 - SMV other,0
17-11624,NORMANDY CRES btwn APELDOORN AVE & PRINCE OF WALES DR,367370.84545,5024621.76648,-75.70134618250,45.35874810190,2017-12-13,4:45:00 PM,03 - Snow,05 - Dusk,05 - Packed snow,10 - No control,,03 - P.D. only,01 - Approaching,0
17-11625,HOLLAND AVE @ RUSKIN ST,365279.83399,5028350.23258,-75.72757674400,45.39247963960,2017-12-13,5:10:00 PM,01 - Clear,07 - Dark,03 - Loose snow,02 - Stop sign,01 - Functioning,03 - P.D. only,02 - Angle,0
17-11626,CARLING AVE WB btwn PARKDALE AVE & CIVIC HOSPITAL,365689.54033,5028213.25232,-75.72236153240,45.39121161770,2017-12-13,6:08:00 PM,01 - Clear,07 - Dark,02 - Wet,10 - No control,,03 - P.D. only,05 - Turning movement,0
17-11627,WEST HUNT CLUB RD btwn MOODIE DR & HWY416 IC72 RAMP53,358622.68665,5018918.69060,-75.81361909740,45.30815770510,2017-12-13,6:26:00 PM,01 - Clear,07 - Dark,02 - Wet,10 - No control,,03 - P.D. only,02 - Angle,0
17-11628,BASELINE RD @ MERIVALE RD,365054.24544,5025325.28942,-75.73082674370,45.36528120940,2017-12-13,6:26:00 PM,03 - Snow,07 - Dark,04 - Slush,01 - Traffic signal,01 - Functioning,03 - P.D. only,04 - Sideswipe,0
17-11629,DONALD ST @ ST. LAURENT BLVD,372094.65965,5032472.34821,-75.63998724710,45.42894692270,2017-12-13,6:35:00 PM,03 - Snow,07 - Dark,05 - Packed snow,01 - Traffic signal,01 - Functioning,02 - Non-fatal injury,03 - Rear end,0
17-11630,MADRID AVE btwn KENTON AVE & TALLGRASS LANE,363163.95358,5014107.84554,-75.75627660790,45.26450696110,2017-12-13,6:45:00 PM,03 - Snow,07 - Dark,03 - Loose snow,10 - No control,,03 - P.D. only,06 - SMV unattended vehicle,0
17-11631,REGIONAL ROAD 174 btwn OR174 IC112 RAMP15 & TRANSIT,375196.62479,5033123.40932,-75.60025646110,45.43449946320,2017-12-13,6:51:00 PM,01 - Clear,07 - Dark,01 - Dry,10 - No control,,03 - P.D. only,03 - Rear end,0
17-11632,ELGIN ST @ GILMOUR ST,368252.71000,5031054.81469,-75.68926411180,45.41655155660,2017-12-13,7:19:00 PM,03 - Snow,07 - Dark,03 - Loose snow,01 - Traffic signal,01 - Functioning,02 - Non-fatal injury,03 - Rear end,0
17-11633,PARKGLEN DR @ WOODROFFE AVE,362889.16127,5023127.22266,-75.75872095030,45.34568597540,2017-12-13,8:02:00 PM,01 - Clear,07 - Dark,04 - Slush,02 - Stop sign,01 - Functioning,03 - P.D. only,02 - Angle,0
17-11634,CEDARVIEW RD btwn WEST HUNT CLUB RD & LYTLE AVE,359742.57226,5019510.98905,-75.79927299700,45.31340052870,2017-12-13,9:00:00 AM,03 - Snow,01 - Daylight,03 - Loose snow,10 - No control,,03 - P.D. only,03 - Rear end,0
17-11635,QUEENSGROVE RD btwn FAIRLAWN AVE & PARKHURST BLVD,362285.03162,5025056.98434,-75.76620526410,45.36309959990,2017-12-09,6:00:00 PM,01 - Clear,07 - Dark,01 - Dry,10 - No control,,03 - P.D. only,06 - SMV unattended vehicle,0
17-11636,GREENBANK RD btwn FALLOWFIELD RD & LARKIN DR,363101.22528,5016688.72770,-75.75677277550,45.28773502190,2017-12-13,11:42:00 PM,01 - Clear,07 - Dark,05 - Packed snow,10 - No control,,03 - P.D. only,07 - SMV other,0
17-11637,AIRPORT PKWY btwn RAMP & AIRPORT PKWY (2),370981.24249,5023793.24317,-75.65537890850,45.35096180420,2017-12-14,12:49:00 AM,01 - Clear,07 - Dark,01 - Dry,10 - No control,,03 - P.D. only,07 - SMV other,0
17-11638,EMERALD MEADOWS DR @ GRASSY PLAINS DR,355427.56868,5015545.69331,-75.85470688000,45.27804442210,2017-12-14,1:27:00 AM,01 - Clear,07 - Dark,03 - Loose snow,10 - No control,00 - Unknown,03 - P.D. only,07 - SMV other,0
17-11639,BLAIR RD @ OGILVIE RD,374507.24938,5033197.86605,-75.60905579050,45.43523844470,2017-12-14,2:40:00 AM,01 - Clear,07 - Dark,01 - Dry,01 - Traffic signal,01 - Functioning,03 - P.D. only,04 - Sideswipe,0
17-11640,FRANK KENNY RD btwn HUISMANS RD & MCFADDEN RD,391070.99294,5029878.57942,-75.39796761490,45.40352786660,2017-12-14,6:16:00 AM,01 - Clear,07 - Dark,01 - Dry,10 - No control,,03 - P.D. only,07 - SMV other,0
17-11641,BANTREE ST @ INNES RD,373705.72320,5030407.26546,-75.61968938530,45.41020947850,2017-12-14,6:26:00 AM,01 - Clear,07 - Dark,01 - Dry,01 - Traffic signal,01 - Functioning,03 - P.D. only,05 - Turning movement,0
17-11642,MITCH OWENS RD btwn SALE BARN RD & HAWTHORNE RD,378871.35963,5016655.95494,-75.55576363180,45.28595511430,2017-12-14,6:48:00 AM,01 - Clear,07 - Dark,01 - Dry,10 - No control,,03 - P.D. only,07 - SMV other,0
17-11643,HUNT CLUB RD @ DOWNPATRICK RD/MCCARTHY RD,370507.39995,5023402.51569,-75.66147746460,45.34749070830,2017-12-14,7:00:00 AM,01 - Clear,03 - Dawn,02 - Wet,01 - Traffic signal,01 - Functioning,02 - Non-fatal injury,07 - SMV other,1
17-11644,INGLEWOOD PL btwn HOLLAND AVE & HINTON AVE S,365410.48568,5028239.29900,-75.72592189470,45.39147018720,2017-12-14,12:00:00 AM,01 - Clear,00 - Unknown,02 - Wet,10 - No control,,03 - P.D. only,06 - SMV unattended vehicle,0
17-11645,ALBION RD @ MITCH OWENS RD,375907.70989,5014804.21015,-75.59380364010,45.26959981480,2017-12-14,7:19:00 AM,01 - Clear,03 - Dawn,01 - Dry,01 - Traffic signal,01 - Functioning,03 - P.D. only,05 - Turning movement,0
17-11646,BANK ST btwn PARKWAY RD & MEADOW DR,378892.91965,5014129.84953,-75.55586581960,45.26322403800,2017-12-14,6:45:00 AM,01 - Clear,07 - Dark,01 - Dry,10 - No control,,03 - P.D. only,07 - SMV other,0
17-11647,ALBION RD @ MITCH OWENS RD,375907.70085,5014804.68579,-75.59380368670,45.26960409500,2017-12-14,8:01:00 AM,01 - Clear,01 - Daylight,02 - Wet,01 - Traffic signal,01 - Functioning,02 - Non-fatal injury,03 - Rear end,0
17-11648,BANK ST @ VANCOUVER AVE,370442.18315,5025683.52271,-75.66200672860,45.36802062350,2017-12-14,8:21:00 AM,01 - Clear,01 - Daylight,06 - Ice,02 - Stop sign,01 - Functioning,03 - P.D. only,03 - Rear end,0
17-11649,WOODROFFE AVE @ SPORTSPLEX N,363763.66200,5021067.23380,-75.74780780840,45.32707739830,2017-12-14,8:40:00 AM,01 - Clear,01 - Daylight,02 - Wet,01 - Traffic signal,01 - Functioning,03 - P.D. only,05 - Turning movement,0
17-11650,ST. LAURENT BLVD btwn CONROY RD & THURSTON DR,373202.03851,5027234.56817,-75.62656340770,45.38171237970,2017-12-14,9:00:00 AM,01 - Clear,01 - Daylight,01 - Dry,10 - No control,,03 - P.D. only,02 - Angle,0
17-11651,REGIONAL ROAD 174 btwn TRANSIT & OR174 IC109 RAMP56,375572.86895,5033439.10341,-75.59540287760,45.43730191540,2017-12-14,9:06:00 AM,01 - Clear,01 - Daylight,01 - Dry,10 - No control,,03 - P.D. only,03 - Rear end,0
17-11652,BANK ST @ FIRST AVE,368274.04465,5029703.56750,-75.68916554040,45.40439153980,2017-12-14,9:14:00 AM,01 - Clear,01 - Daylight,02 - Wet,01 - Traffic signal,01 - Functioning,03 - P.D. only,04 - Sideswipe,0
17-11653,REGIONAL ROAD 174 btwn OR174 IC109 RAMP64 & OR174 IC105 RAMP16,376773.86111,5035508.89717,-75.57975136290,45.45580199640,2017-12-14,9:20:00 AM,01 - Clear,01 - Daylight,01 - Dry,10 - No control,,03 - P.D. only,03 - Rear end,0
17-11654,RIDEAU ST @ WALLER ST,368283.69465,5032274.34741,-75.68871110740,45.42752168070,2017-12-14,9:27:00 AM,01 - Clear,01 - Daylight,06 - Ice,01 - Traffic signal,01 - Functioning,03 - P.D. only,05 - Turning movement,0
17-11655,BASELINE RD @ CENTREPOINTE DR E/HIGHGATE RD,362061.74113,5023466.24557,-75.76923958490,45.34880452020,2017-12-14,9:59:00 AM,01 - Clear,01 - Daylight,03 - Loose snow,01 - Traffic signal,00 - Unknown,03 - P.D. only,03 - Rear end,0
17-11656,CARP RD btwn RICHARDSON SIDE RD & HWY417 IC144 RAMP62,346608.24369,5016709.88959,-75.96701348830,45.28910008130,2017-12-14,10:01:00 AM,01 - Clear,01 - Daylight,01 - Dry,10 - No control,,03 - P.D. only,03 - Rear end,0
17-11657,BANK ST btwn BLAIS RD & RIDEAU RD,376838.77617,5018117.37201,-75.58145866590,45.29931562650,2017-12-14,10:03:00 AM,01 - Clear,01 - Daylight,02 - Wet,10 - No control,,02 - Non-fatal injury,03 - Rear end,0
17-11658,CHAPEL ST @ RIDEAU ST,368892.88167,5032644.45473,-75.68087863940,45.43079621050,2017-12-14,10:06:00 AM,01 - Clear,01 - Daylight,04 - Slush,01 - Traffic signal,01 - Functioning,03 - P.D. only,05 - Turning movement,0
17-11659,BASELINE RD/HWY 416 RICHMOND IC75R53 @ RICHMON,358636.08342,5021819.95138,-75.81313288660,45.33426242780,2017-12-14,10:19:00 AM,01 - Clear,01 - Daylight,01 - Dry,01 - Traffic signal,00 - Unknown,03 - P.D. only,04 - Sideswipe,0
17-11660,WEST HUNT CLUB RD EB btwn 354 E OF WOODROFFE AVE/REC PATH & CLEOPATRA,365179.58483,5021704.37111,-75.72966896410,45.33268991180,2017-12-14,10:23:00 AM,01 - Clear,01 - Daylight,01 - Dry,10 - No control,,03 - P.D. only,04 - Sideswipe,0
17-11661,BROADVIEW AVE @ TILLBURY AVE,363070.35255,5026905.86860,-75.75596340100,45.37967079730,2017-12-14,9:00:00 AM,01 - Clear,01 - Daylight,01 - Dry,02 - Stop sign,01 - Functioning,03 - P.D. only,06 - SMV unattended vehicle,0
17-11662,ST. JOSEPH BLVD/OLD MONTREAL RD @ TRIM RD,384679.15672,5039281.51017,-75.47807732200,45.48888540780,2017-12-14,10:43:00 AM,01 - Clear,01 - Daylight,02 - Wet,11 - Roundabout,01 - Functioning,03 - P.D. only,03 - Rear end,0
17-11663,ST. LAURENT BLVD btwn INDUSTRIAL AVE & BOURASSA ST,373120.27698,5029958.01592,-75.62723018040,45.40622473560,2017-12-14,11:24:00 AM,01 - Clear,01 - Daylight,01 - Dry,10 - No control,,02 - Non-fatal injury,05 - Turning movement,0
17-11664,ALTA VISTA DR @ KILBORN AVE,370366.00531,5027751.92458,-75.66270448000,45.38663854560,2017-12-14,11:32:00 AM,01 - Clear,01 - Daylight,02 - Wet,01 - Traffic signal,01 - Functioning,03 - P.D. only,02 - Angle,0
17-11665,BANK ST @ WILTON CRES,368577.84735,5028966.67526,-75.68538036870,45.39773360530,2017-12-14,8:45:00 AM,01 - Clear,01 - Daylight,01 - Dry,02 - Stop sign,01 - Functioning,03 - P.D. only,02 - Angle,0
17-11666,EAGLESON RD btwn EAGLESON BUSINESS CENTRE & MICHAEL COWPLAND DR/STONEH,354329.15122,5016758.32747,-75.86858528510,45.28903422280,2017-12-14,12:39:00 PM,01 - Clear,01 - Daylight,05 - Packed snow,10 - No control,,03 - P.D. only,02 - Angle,0
17-11667,BRONSON AVE @ MACLAREN ST,366999.86571,5030399.56790,-75.70535284440,45.41076833230,2017-12-14,12:41:00 PM,01 - Clear,01 - Daylight,01 - Dry,02 - Stop sign,01 - Functioning,03 - P.D. only,02 - Angle,0
17-11668,DOMALATCHY PL @ WOODROFFE AVE,362404.65069,5024138.79355,-75.76478546530,45.35482797760,2017-12-14,12:48:00 PM,01 - Clear,01 - Daylight,04 - Slush,02 - Stop sign,01 - Functioning,03 - P.D. only,03 - Rear end,0
17-11669,BANK ST btwn ALTA VISTA DR & WALKLEY RD,370305.35499,5026043.79225,-75.66370552870,45.37127501600,2017-12-14,12:50:00 PM,01 - Clear,01 - Daylight,05 - Packed snow,10 - No control,,03 - P.D. only,04 - Sideswipe,0
17-11670,ELGIN ST @ SOMERSET ST,368165.18650,5031198.81085,-75.69036377160,45.41785511800,2017-12-14,10:45:00 AM,01 - Clear,01 - Daylight,01 - Dry,01 - Traffic signal,01 - Functioning,03 - P.D. only,05 - Turning movement,0
17-11671,WOODROFFE AVE/HWY 417 WOODROFF IC127R25 @ HWY,362180.38943,5024694.43763,-75.76758300240,45.35984600780,2017-12-14,1:32:00 PM,03 - Snow,01 - Daylight,03 - Loose snow,01 - Traffic signal,01 - Functioning,03 - P.D. only,03 - Rear end,0