COLLISION_ID,LOCATION,X,Y,LONGITUDE,LATITUDE,DATE,TIME,ENVIRONMENT,LIGHT,SURFACE_CONDITION,TRAFFIC_CONTROL,TRAFFIC_CONTROL_CONDITION,COLLISION_CLASSIFICATION,IMPACT_TYPE,NO_OF_PEDESTRIANS
17-11672,ST. LAURENT BLVD @ TAWNEY RD,373574.72636,5028849.21390,-75.62158003990,45.39620374970,2017-12-14,1:52:00 PM,01 - Clear,01 - Daylight,02 - Wet,02 - Stop sign,01 - Functioning,02 - Non-fatal injury,02 - Angle,0
17-11673,DALMENY RD btwn OLD STAGECOACH RD & STAGECOACH RD,377784.90221,4999190.55196,-75.57217008990,45.12892008790,2017-12-14,2:10:00 PM,01 - Clear,01 - Daylight,01 - Dry,10 - No control,,03 - P.D. only,07 - SMV other,0
17-11674,BANK ST @ RIVERSIDE DR S,369305.72044,5027893.88400,-75.67622463060,45.38801429980,2017-12-14,2:26:00 PM,01 - Clear,01 - Daylight,01 - Dry,01 - Traffic signal,01 - Functioning,03 - P.D. only,04 - Sideswipe,0
17-11675,WOODROFFE AVE @ CLARIDGE DR/STONEWAY DR N,365576.36515,5016708.11170,-75.72522002010,45.28769976380,2017-12-14,2:33:00 PM,01 - Clear,01 - Daylight,01 - Dry,01 - Traffic signal,01 - Functioning,02 - Non-fatal injury,07 - SMV other,1
17-11676,VANIER PKWY NB btwn PRESLAND RD & COVENTRY RD,370588.92970,5031662.12116,-75.65933629600,45.42180009430,2017-12-14,2:37:00 PM,01 - Clear,01 - Daylight,02 - Wet,10 - No control,,03 - P.D. only,03 - Rear end,0
17-11677,CATHERINE ST @ KENT ST,367907.70750,5030189.28125,-75.69378259200,45.40879496490,2017-12-14,11:20:00 AM,01 - Clear,01 - Daylight,06 - Ice,01 - Traffic signal,01 - Functioning,03 - P.D. only,03 - Rear end,0
17-11678,BARNSDALE RD E @ CEDARVIEW RD E,364037.79249,5010037.42851,-75.74562732050,45.22780807630,2017-12-14,9:30:00 AM,01 - Clear,01 - Daylight,02 - Wet,02 - Stop sign,01 - Functioning,03 - P.D. only,02 - Angle,0
17-11679,BLAIR RD @ INNES RD,375578.26153,5031439.31841,-75.59562136210,45.41930845330,2017-12-14,2:58:00 PM,01 - Clear,01 - Daylight,01 - Dry,01 - Traffic signal,01 - Functioning,02 - Non-fatal injury,05 - Turning movement,0
17-11680,RICHMOND RD btwn EDGEWORTH AVE/MCEWEN AVE & REGINA LANE,360932.23879,5025737.14630,-75.78339497850,45.36932928800,2017-12-14,3:00:00 PM,01 - Clear,01 - Daylight,02 - Wet,10 - No control,,02 - Non-fatal injury,07 - SMV other,1
17-11681,ABBOTT ST @ GRANITE RIDGE DR,351484.70035,5014435.91683,-75.90506373700,45.26833118250,2017-12-14,3:00:00 PM,01 - Clear,01 - Daylight,02 - Wet,02 - Stop sign,01 - Functioning,02 - Non-fatal injury,02 - Angle,0
17-11682,WELLINGTON ST    W btwn FAIRMONT AVE & IRVING AVE,365581.91240,5029734.67920,-75.72354847730,45.40491041490,2017-12-14,3:09:00 PM,01 - Clear,01 - Daylight,01 - Dry,10 - No control,,03 - P.D. only,04 - Sideswipe,0
17-11683,BASELINE RD btwn CLYDE AVE & 207 E OF CLYDE AVE,364485.78934,5024971.58151,-75.73812542240,45.36214723210,2017-12-14,3:14:00 PM,01 - Clear,01 - Daylight,04 - Slush,10 - No control,,03 - P.D. only,03 - Rear end,0
17-11684,IRIS ST @ WOODROFFE AVE,362284.22061,5024440.50050,-75.76628731780,45.35755259640,2017-12-14,3:16:00 PM,01 - Clear,01 - Daylight,01 - Dry,01 - Traffic signal,01 - Functioning,02 - Non-fatal injury,07 - SMV other,1
17-11685,HWY 417 CASTLEFR IC139R61 @ KANATA AVE,351617.00808,5019225.12125,-75.90292574720,45.31141698340,2017-12-14,3:27:00 PM,01 - Clear,01 - Daylight,01 - Dry,01 - Traffic signal,01 - Functioning,03 - P.D. only,02 - Angle,0
17-11686,ST. JOSEPH BLVD @ FOREST VALLEY DR/YOUVILLE DR,379167.25474,5036162.43796,-75.54905506620,45.46143145000,2017-12-14,3:30:00 PM,01 - Clear,01 - Daylight,01 - Dry,01 - Traffic signal,01 - Functioning,03 - P.D. only,05 - Turning movement,0
17-11687,INDUSTRIAL AVE @ ALTA VISTA DR/SANDFORD FLEMIN,370884.72380,5030558.28006,-75.65570502480,45.41184030770,2017-12-14,3:36:00 PM,01 - Clear,01 - Daylight,04 - Slush,01 - Traffic signal,01 - Functioning,03 - P.D. only,03 - Rear end,0
17-11688,PRINCE OF WALES DR btwn JOCKVALE RD & MAPLEHILL WAY,366719.73275,5012279.02922,-75.71119788780,45.24774731000,2017-12-13,5:20:00 PM,01 - Clear,07 - Dark,02 - Wet,10 - No control,,03 - P.D. only,05 - Turning movement,0
17-11689,CARLING AVE @ KIRKWOOD AVE N,364275.03759,5027492.90423,-75.74051176280,45.38485161150,2017-12-14,3:50:00 PM,03 - Snow,01 - Daylight,03 - Loose snow,01 - Traffic signal,01 - Functioning,03 - P.D. only,04 - Sideswipe,0
17-11690,EQUESTRIAN DR btwn FOXLEIGH CRES & TROTTING WAY,354614.78193,5016220.78292,-75.86499816100,45.28417709100,2017-12-14,3:52:00 PM,01 - Clear,01 - Daylight,04 - Slush,10 - No control,,03 - P.D. only,03 - Rear end,0
17-11691,RICHMOND RD btwn WAVELL AVE & WINDERMERE AVE,362232.16457,5027455.23097,-75.76660117260,45.38468310880,2017-12-14,4:10:00 PM,01 - Clear,05 - Dusk,01 - Dry,10 - No control,,03 - P.D. only,02 - Angle,0
17-11692,REGIONAL ROAD 174 btwn Continuation of REGIONAL ROAD 174 & OR174 IC112,374282.04313,5032453.22375,-75.61203893220,45.42856096930,2017-12-14,4:14:00 PM,01 - Clear,05 - Dusk,02 - Wet,10 - No control,,02 - Non-fatal injury,03 - Rear end,0
17-11693,QUEEN ST btwn LYON ST N & KENT ST,367095.75621,5031333.36512,-75.70400985790,45.41916183030,2017-12-14,4:21:00 PM,01 - Clear,05 - Dusk,03 - Loose snow,10 - No control,,03 - P.D. only,07 - SMV other,0
17-11694,ARLINGTON AVE @ BRONSON AVE,367222.87555,5029868.21153,-75.70257129240,45.40596748710,2017-12-14,1:50:00 PM,03 - Snow,01 - Daylight,04 - Slush,01 - Traffic signal,01 - Functioning,03 - P.D. only,02 - Angle,0
17-11695,RIVERSIDE DR RAMP 34 @ RIVERSIDE DR,368338.30627,5027180.42006,-75.68866965190,45.38168318560,2017-12-14,4:52:00 PM,01 - Clear,05 - Dusk,01 - Dry,03 - Yield sign,01 - Functioning,03 - P.D. only,05 - Turning movement,0
17-11696,FROBISHER LANE W @ RIVERSIDE DR,370119.66185,5029601.93606,-75.66560507170,45.40330731010,2017-12-14,4:45:00 PM,01 - Clear,05 - Dusk,01 - Dry,01 - Traffic signal,01 - Functioning,03 - P.D. only,03 - Rear end,0
17-11697,CARLING AVE btwn HERZBERG RD & BAYFIELD AVE,352236.61666,5022337.95099,-75.89472587300,45.33938529380,2017-12-14,5:00:00 PM,01 - Clear,07 - Dark,01 - Dry,10 - No control,,03 - P.D. only,07 - SMV other,0
17-11698,JEANNE D'ARC BLVD  S btwn SAPINIER ST & INNES RD,382600.95551,5035661.22156,-75.50523365380,45.45654798960,2017-12-14,3:15:00 PM,01 - Clear,01 - Daylight,01 - Dry,10 - No control,,03 - P.D. only,03 - Rear end,0
17-11699,WOODROFFE AVE @ DEERFOX DR/STONEWAY DR,365886.17147,5015940.43880,-75.72136546330,45.28076542780,2017-12-14,5:09:00 PM,05 - Drifting Snow,07 - Dark,04 - Slush,01 - Traffic signal,01 - Functioning,03 - P.D. only,05 - Turning movement,0
17-11700,BARNSDALE RD S @ MOODIE DR,361949.55041,5008824.28059,-75.77235743240,45.21706453830,2017-12-14,5:10:00 PM,03 - Snow,07 - Dark,06 - Ice,02 - Stop sign,00 - Unknown,03 - P.D. only,07 - SMV other,0
17-11701,CYRVILLE RD @ INNES RD,375047.72470,5031118.61745,-75.60244524600,45.41647642990,2017-12-14,5:28:00 PM,01 - Clear,07 - Dark,01 - Dry,01 - Traffic signal,01 - Functioning,03 - P.D. only,03 - Rear end,0
17-11702,RICHMOND RD btwn WOODROFFE AVE & LOCKHART AVE,361640.92000,5026737.38402,-75.77423330060,45.37827222070,2017-12-14,5:26:00 PM,01 - Clear,07 - Dark,05 - Packed snow,10 - No control,,03 - P.D. only,05 - Turning movement,0
17-11703,PRINCE OF WALES DR @ WEST HUNT CLUB RD,367457.70696,5021892.17220,-75.70058338450,45.33418000010,2017-12-14,4:05:00 PM,01 - Clear,05 - Dusk,02 - Wet,01 - Traffic signal,01 - Functioning,03 - P.D. only,04 - Sideswipe,0
17-11704,RICHMOND RD @ STONEHAVEN DR,356782.15060,5015892.45600,-75.83740636340,45.28106580790,2017-12-14,6:10:00 PM,01 - Clear,07 - Dark,06 - Ice,01 - Traffic signal,01 - Functioning,03 - P.D. only,07 - SMV other,0
17-11705,BOOTH ST @ MIDDLE ST,366115.30294,5031291.62937,-75.71654170230,45.41887291650,2017-12-14,6:15:00 PM,03 - Snow,07 - Dark,04 - Slush,02 - Stop sign,00 - Unknown,03 - P.D. only,05 - Turning movement,0
17-11706,MARCH RD btwn UPPER DWYER HILL RD & PETER ROBINSON RD,334771.17819,5015025.73357,-76.11801432890,45.27454956640,2017-12-14,6:21:00 PM,03 - Snow,07 - Dark,03 - Loose snow,10 - No control,,03 - P.D. only,07 - SMV other,0
17-11707,BARNSDALE RD @ RIDEAU VALLEY DR,367139.36385,5011810.06241,-75.70591147260,45.24349051670,2017-12-14,6:35:00 PM,01 - Clear,07 - Dark,06 - Ice,02 - Stop sign,01 - Functioning,02 - Non-fatal injury,02 - Angle,0
17-11708,REGIONAL ROAD 174 EB btwn OR174 IC109 RAMP55 & TRANSIT,376532.82270,5035128.70585,-75.58288830280,45.45240606700,2017-12-14,6:46:00 PM,01 - Clear,07 - Dark,01 - Dry,10 - No control,,02 - Non-fatal injury,03 - Rear end,0
17-11709,OR174 IC109 RAMP65 @ MONTREAL RD,376403.21794,5034983.01543,-75.58456630900,45.45110852830,2017-12-14,6:45:00 PM,01 - Clear,07 - Dark,01 - Dry,01 - Traffic signal,00 - Unknown,03 - P.D. only,03 - Rear end,0
17-11710,REGIONAL ROAD 174 EB btwn OR174 IC109 RAMP55 & TRANSIT,376503.32853,5035053.97294,-75.58327623490,45.45173669430,2017-12-14,8:46:00 PM,03 - Snow,07 - Dark,06 - Ice,10 - No control,,03 - P.D. only,03 - Rear end,0
17-11711,MARCH RD btwn DUNROBIN RD & MURPHY CRT,347534.02090,5025948.78161,-75.95441427990,45.37217867430,2017-12-14,9:05:00 PM,01 - Clear,07 - Dark,02 - Wet,10 - No control,,03 - P.D. only,07 - SMV other,0
17-11712,MONTREAL RD btwn GRANVILLE ST & ALFRED ST,370834.56380,5033476.92714,-75.65595451920,45.43810579150,2017-12-14,9:13:00 PM,01 - Clear,07 - Dark,01 - Dry,10 - No control,,03 - P.D. only,01 - Approaching,0
17-11713,RICHMOND RD btwn WEST HUNT CLUB RD & STONEHAVEN DR,357040.50802,5017660.49154,-75.83392723600,45.29695572280,2017-12-14,9:21:00 PM,01 - Clear,07 - Dark,02 - Wet,10 - No control,,02 - Non-fatal injury,03 - Rear end,0
17-11714,NEPEAN ST @ O'CONNOR ST,367721.04435,5031226.58460,-75.69603459960,45.41814509910,2017-12-14,9:27:00 PM,01 - Clear,07 - Dark,02 - Wet,02 - Stop sign,01 - Functioning,03 - P.D. only,02 - Angle,0
17-11715,ST. JOSEPH BLVD @ TENTH LINE RD,382888.39309,5038665.80611,-75.50108157890,45.48354851350,2017-12-14,9:44:00 PM,01 - Clear,07 - Dark,03 - Loose snow,01 - Traffic signal,01 - Functioning,02 - Non-fatal injury,03 - Rear end,0
17-11716,DONNELLY DR btwn MERLYN WILSON RD & MCCORDICK RD,370037.36584,4991531.89334,-75.67164763640,45.06076411250,2017-12-14,9:48:00 PM,01 - Clear,07 - Dark,02 - Wet,10 - No control,,03 - P.D. only,07 - SMV other,0
17-11717,GILMOUR ST btwn SALISBURY PL & DRIVEWAY (THE),368646.13827,5031292.37498,-75.68420700530,45.41865325290,2017-12-13,12:00:00 AM,01 - Clear,00 - Unknown,03 - Loose snow,10 - No control,,03 - P.D. only,06 - SMV unattended vehicle,0
17-11718,CUMBERLAND ST @ GEORGE ST,368325.70760,5032415.91306,-75.68815599790,45.42879162390,2017-12-15,2:30:00 AM,01 - Clear,07 - Dark,02 - Wet,01 - Traffic signal,01 - Functioning,02 - Non-fatal injury,07 - SMV other,0
17-11719,FLEWELLYN RD btwn NO NAME & BLACK'S SIDE RD,349887.36123,5009412.17888,-75.92587427180,45.22322987480,2017-12-15,5:24:00 AM,01 - Clear,07 - Dark,01 - Dry,10 - No control,,03 - P.D. only,07 - SMV other,0
17-11720,ROBERTSON RD btwn HAZELDEAN RD & HAANEL DR,354542.31538,5018936.87652,-75.86564940790,45.30862219000,2017-12-15,5:33:00 AM,01 - Clear,07 - Dark,06 - Ice,10 - No control,,03 - P.D. only,07 - SMV other,0
17-11721,BANK ST @ DAVIDSON RD/LESTER RD,373674.73926,5022919.48840,-75.62112950860,45.34284073860,2017-12-15,6:12:00 AM,01 - Clear,07 - Dark,05 - Packed snow,01 - Traffic signal,01 - Functioning,03 - P.D. only,03 - Rear end,0
17-11722,MITCH OWENS RD btwn FARMERS WAY & YORKS CORNERS RD,385330.67723,5020543.81679,-75.47280364720,45.32022501340,2017-12-15,7:00:00 AM,01 - Clear,03 - Dawn,01 - Dry,10 - No control,,02 - Non-fatal injury,03 - Rear end,0
17-11723,MANN AVE @ RUSSELL AVE,369470.71450,5031504.82035,-75.67364420700,45.42048902540,2017-12-15,7:29:00 AM,01 - Clear,03 - Dawn,06 - Ice,02 - Stop sign,01 - Functioning,03 - P.D. only,02 - Angle,0
17-11724,STONECREST RD btwn DUNHAVEN DR & THOMAS A. DOLAN PKWY,339101.78678,5028702.04202,-76.06187382030,45.39741696870,2017-12-15,7:27:00 AM,01 - Clear,03 - Dawn,06 - Ice,10 - No control,,03 - P.D. only,07 - SMV other,0
17-11725,ELGIN ST @ FRANK ST,368357.71110,5030889.75533,-75.68794393510,45.41505687790,2017-12-15,7:35:00 AM,01 - Clear,03 - Dawn,01 - Dry,02 - Stop sign,01 - Functioning,03 - P.D. only,99 - Other,0
17-11726,RICHMOND RD @ WEST HUNT CLUB RD,357146.60309,5018152.22335,-75.83252268840,45.30137249940,2017-12-15,7:43:00 AM,03 - Snow,03 - Dawn,06 - Ice,01 - Traffic signal,01 - Functioning,03 - P.D. only,03 - Rear end,0
17-11727,BANK ST @ HERON RD,369996.05445,5026853.54889,-75.66754699230,45.37858979070,2017-12-15,8:18:00 AM,01 - Clear,01 - Daylight,02 - Wet,01 - Traffic signal,01 - Functioning,03 - P.D. only,02 - Angle,0
17-11728,ROTHBURY CRES btwn PROVENDER AVE & DRAYTON PRIV,372947.13695,5034736.76367,-75.62878049720,45.44923843640,2017-12-14,12:00:00 AM,03 - Snow,00 - Unknown,03 - Loose snow,10 - No control,,03 - P.D. only,06 - SMV unattended vehicle,0
17-11729,STRANDHERD DR @ WOODROFFE AVE,366106.63190,5015394.91005,-75.71862300590,45.27583759820,2017-12-15,8:32:00 AM,01 - Clear,01 - Daylight,03 - Loose snow,01 - Traffic signal,01 - Functioning,03 - P.D. only,05 - Turning movement,0
17-11730,CRESTHAVEN DR btwn GROVEMONT DR & HARBOUR VIEW ST,366547.40860,5014867.61818,-75.71307124170,45.27105448540,2017-12-15,8:53:00 AM,01 - Clear,01 - Daylight,02 - Wet,10 - No control,,03 - P.D. only,04 - Sideswipe,0
17-11731,BANK ST @ CATHERINE ST,368040.65215,5030267.33531,-75.69207434680,45.40948527010,2017-12-15,9:24:00 AM,01 - Clear,01 - Daylight,01 - Dry,01 - Traffic signal,01 - Functioning,02 - Non-fatal injury,03 - Rear end,0
17-11732,LEGGET DR @ HERZBERG RD,351866.45220,5022704.07717,-75.89941394550,45.34270469840,2017-12-15,9:38:00 AM,03 - Snow,01 - Daylight,06 - Ice,02 - Stop sign,01 - Functioning,03 - P.D. only,03 - Rear end,0
17-11733,PRINCE OF WALES DR btwn LODGE RD & STRANDHERD DR,367131.80115,5014732.91263,-75.70564117920,45.26979085890,2017-12-15,9:43:00 AM,03 - Snow,01 - Daylight,06 - Ice,10 - No control,,03 - P.D. only,04 - Sideswipe,0
17-11734,HUNTLEY RD btwn MANSFIELD RD & BROWNLEE RD,353703.66229,5008416.06918,-75.87737951080,45.21401192170,2017-12-15,10:05:00 AM,01 - Clear,01 - Daylight,05 - Packed snow,10 - No control,,03 - P.D. only,07 - SMV other,0
17-11735,ELGIN ST @ FRANK ST,368358.18447,5030887.38847,-75.68793819240,45.41503553920,2017-12-15,10:15:00 AM,03 - Snow,01 - Daylight,03 - Loose snow,02 - Stop sign,00 - Unknown,02 - Non-fatal injury,07 - SMV other,1
17-11736,TENTH LINE RD @ LAKEPOINTE DR,384262.49426,5035421.50967,-75.48403120570,45.45420430390,2017-12-15,10:33:00 AM,01 - Clear,01 - Daylight,01 - Dry,01 - Traffic signal,01 - Functioning,03 - P.D. only,03 - Rear end,0
17-11737,KING EDWARD AVE SB btwn CATHCART ST & ST. ANDREW ST,368137.02407,5033006.81618,-75.69049108010,45.43412547190,2017-12-14,10:00:00 AM,01 - Clear,01 - Daylight,01 - Dry,10 - No control,,03 - P.D. only,04 - Sideswipe,0
17-11738,CAESAR AVE btwn CLEOPATRA DR & CLEOPATRA DR,365654.94635,5021076.61572,-75.72368196340,45.32700038370,2017-12-14,3:00:00 PM,03 - Snow,01 - Daylight,04 - Slush,10 - No control,,03 - P.D. only,99 - Other,0
17-11739,TENTH LINE RD @ VANGUARD DR,384073.09765,5035875.90109,-75.48637910900,45.45831401710,2017-12-14,7:00:00 PM,01 - Clear,07 - Dark,01 - Dry,01 - Traffic signal,01 - Functioning,02 - Non-fatal injury,99 - Other,0
17-11740,BYRON AVE @ TWEEDSMUIR AVE,363592.35565,5028303.88360,-75.74913214900,45.39220630440,2017-12-15,11:46:00 AM,01 - Clear,01 - Daylight,02 - Wet,02 - Stop sign,01 - Functioning,03 - P.D. only,02 - Angle,0
17-11741,WOODROFFE AVE btwn GEORGINA DR & HWY417 IC127 RAMP36,361984.23857,5025183.42243,-75.77002993220,45.36426188160,2017-12-15,11:48:00 AM,04 - Freezing Rain,01 - Daylight,06 - Ice,10 - No control,,03 - P.D. only,03 - Rear end,0
17-11742,PINECREST RD @ QUEENSVIEW DR,360346.34525,5023784.17490,-75.79109362630,45.35180319920,2017-12-15,12:49:00 PM,01 - Clear,01 - Daylight,02 - Wet,01 - Traffic signal,01 - Functioning,03 - P.D. only,02 - Angle,0
17-11743,SOMERSET ST    W btwn BRONSON AVE & PERCY ST,367036.63095,5030519.22936,-75.70486807870,45.41184174290,2017-12-15,12:55:00 PM,03 - Snow,01 - Daylight,05 - Packed snow,10 - No control,,03 - P.D. only,02 - Angle,0
17-11744,STRANDHERD DR @ LONGFIELDS DR,364549.75725,5015173.56139,-75.73849083790,45.27397992680,2017-12-15,12:57:00 PM,03 - Snow,01 - Daylight,06 - Ice,01 - Traffic signal,01 - Functioning,03 - P.D. only,03 - Rear end,0
17-11745,OGILVIE RD btwn CUMMINGS AVE & BEAULIEU PL,372789.43540,5032193.16420,-75.63114771080,45.42636776700,2017-12-15,1:14:00 PM,03 - Snow,01 - Daylight,02 - Wet,10 - No control,,03 - P.D. only,03 - Rear end,0
17-11746,BESSERER ST btwn NICHOLAS ST & DALHOUSIE ST,368232.96926,5032144.86547,-75.68937596290,45.42636125020,2017-12-15,12:15:00 PM,01 - Clear,01 - Daylight,01 - Dry,10 - No control,,03 - P.D. only,06 - SMV unattended vehicle,0
17-11747,LEES AVE @ KING EDWARD AVE/MANN AVE,369178.86686,5031335.14582,-75.67739518870,45.41898927270,2017-12-15,1:27:00 PM,01 - Clear,01 - Daylight,01 - Dry,01 - Traffic signal,01 - Functioning,03 - P.D. only,04 - Sideswipe,0
17-11748,CAMPEAU DR @ KANATA AVE,350595.07483,5019402.28931,-75.91594176990,45.31307857380,2017-12-15,2:04:00 PM,03 - Snow,01 - Daylight,04 - Slush,01 - Traffic signal,01 - Functioning,03 - P.D. only,03 - Rear end,0
17-11749,BANK ST btwn ST. PAUL AVE & KITCHENER AVE,370535.61923,5025509.29070,-75.66083722750,45.36644418290,2017-12-15,2:05:00 PM,03 - Snow,01 - Daylight,04 - Slush,10 - No control,,03 - P.D. only,02 - Angle,0
17-11750,GLADSTONE AVE @ CAMBRIDGE ST,367066.05747,5030035.44230,-75.70455327050,45.40748614960,2017-12-15,2:06:00 PM,01 - Clear,01 - Daylight,01 - Dry,02 - Stop sign,01 - Functioning,02 - Non-fatal injury,04 - Sideswipe,0
17-11751,ALDERGROVE WAY @ OLD PRESCOTT RD,377679.23490,5014171.19905,-75.57132315810,45.26372287570,2017-12-15,2:09:00 PM,01 - Clear,01 - Daylight,05 - Packed snow,02 - Stop sign,01 - Functioning,02 - Non-fatal injury,02 - Angle,0
17-11752,CLARENCE ST @ CUMBERLAND ST,368212.36295,5032606.25011,-75.68957986040,45.43051449430,2017-12-15,2:08:00 PM,03 - Snow,01 - Daylight,03 - Loose snow,02 - Stop sign,01 - Functioning,03 - P.D. only,02 - Angle,0
17-11753,IRIS ST @ WOODROFFE AVE,362282.21873,5024441.28281,-75.76631277640,45.35755979960,2017-12-15,2:57:00 PM,03 - Snow,01 - Daylight,04 - Slush,01 - Traffic signal,01 - Functioning,02 - Non-fatal injury,03 - Rear end,0
17-11754,DALY AVE @ KING EDWARD AVE,368591.37315,5032273.58570,-75.68477963280,45.42748683350,2017-12-15,3:16:00 PM,03 - Snow,01 - Daylight,03 - Loose snow,02 - Stop sign,01 - Functioning,03 - P.D. only,02 - Angle,0
17-11755,INNES RD btwn HWY417 IC112 RAMP66 & CYRVILLE RD,374961.22530,5031059.11020,-75.60355878440,45.41594969390,2017-12-15,3:15:00 PM,01 - Clear,01 - Daylight,01 - Dry,10 - No control,,03 - P.D. only,04 - Sideswipe,0
17-11756,RICHMOND RD btwn PERTH ST & CAMBRIAN RD,358812.22501,5008001.20352,-75.81238894300,45.20990579150,2017-12-15,3:31:00 PM,01 - Clear,01 - Daylight,02 - Wet,10 - No control,,02 - Non-fatal injury,01 - Approaching,0
17-11757,ANDERSON RD btwn INNES RD & DESJARDINS ST,376667.62822,5031603.84375,-75.58167962090,45.42067770310,2017-12-15,3:50:00 PM,03 - Snow,01 - Daylight,03 - Loose snow,10 - No control,,03 - P.D. only,07 - SMV other,0
17-11758,BEVAN AVE @ BYRON AVE,363752.70490,5028380.01846,-75.74707532660,45.39287787270,2017-12-15,3:57:00 PM,03 - Snow,01 - Daylight,04 - Slush,02 - Stop sign,01 - Functioning,03 - P.D. only,03 - Rear end,0
17-11759,LOLA ST @ DONALD ST,371094.72600,5032358.38926,-75.65278013090,45.42801706610,2017-12-15,4:05:00 PM,03 - Snow,05 - Dusk,03 - Loose snow,01 - Traffic signal,01 - Functioning,03 - P.D. only,02 - Angle,0
17-11760,210 W OF MERIVALE RD @ WEST HUNT CLUB RD,365431.70282,5021829.49619,-75.72643737390,45.33379403400,2017-12-15,4:19:00 PM,03 - Snow,05 - Dusk,03 - Loose snow,01 - Traffic signal,01 - Functioning,02 - Non-fatal injury,05 - Turning movement,0
17-11761,BANK ST @ CHAMBERLAIN AVE N/ISABELLA ST,368083.04655,5030167.23110,-75.69154564380,45.40858073230,2017-12-15,4:39:00 PM,03 - Snow,05 - Dusk,02 - Wet,01 - Traffic signal,01 - Functioning,03 - P.D. only,04 - Sideswipe,0
17-11762,DUNROBIN RD @ MARCH RD,347173.65405,5026066.71973,-75.95900476170,45.37326179210,2017-12-15,4:50:00 PM,03 - Snow,07 - Dark,03 - Loose snow,01 - Traffic signal,01 - Functioning,03 - P.D. only,05 - Turning movement,0
17-11763,BASELINE RD btwn NAVAHO DR & COLLEGE SQUARE SC,362916.51507,5023993.56365,-75.75827010280,45.35347897470,2017-12-15,4:57:00 PM,01 - Clear,05 - Dusk,02 - Wet,10 - No control,,03 - P.D. only,03 - Rear end,0
17-11764,BANK ST @ QUEENSDALE AVE,373337.07735,5023446.18230,-75.62536473120,45.34761280650,2017-12-15,5:12:00 PM,03 - Snow,07 - Dark,04 - Slush,01 - Traffic signal,00 - Unknown,03 - P.D. only,05 - Turning movement,0
17-11765,CARP RD @ ROTHBOURNE RD,348253.90572,5014875.25918,-75.94619559600,45.27249158990,2017-12-15,5:05:00 PM,03 - Snow,07 - Dark,05 - Packed snow,02 - Stop sign,01 - Functioning,03 - P.D. only,02 - Angle,0
17-11766,GRANT CARMAN DR @ VIEWMOUNT DR,365436.37694,5023082.17710,-75.72622422780,45.34506508670,2017-12-15,5:21:00 PM,03 - Snow,07 - Dark,03 - Loose snow,02 - Stop sign,01 - Functioning,03 - P.D. only,02 - Angle,0
17-11767,WOODROFFE AVE btwn DAVID DR & TURN LANE,363000.16537,5022861.71838,-75.75733577920,45.34328778610,2017-12-15,5:20:00 PM,03 - Snow,07 - Dark,03 - Loose snow,10 - No control,,03 - P.D. only,03 - Rear end,0
17-11768,MERIVALE RD @ CLEOPATRA DR,365950.24957,5021122.06769,-75.71990955810,45.32738368930,2017-12-15,5:47:00 PM,03 - Snow,07 - Dark,04 - Slush,01 - Traffic signal,01 - Functioning,02 - Non-fatal injury,02 - Angle,0
17-11769,CARLING AVE @ KIRKWOOD AVE S,364351.22713,5027337.31241,-75.73955769000,45.38344515060,2017-12-15,6:50:00 PM,03 - Snow,07 - Dark,03 - Loose snow,01 - Traffic signal,01 - Functioning,02 - Non-fatal injury,03 - Rear end,0
17-11770,UPLANDS DR @ AIRPORT PKWY RAMP 35,371123.25750,5021372.28856,-75.65389120250,45.32916535270,2017-12-15,7:05:00 PM,03 - Snow,07 - Dark,06 - Ice,01 - Traffic signal,00 - Unknown,03 - P.D. only,07 - SMV other,0
17-11771,RUSSELL RD btwn CARLSBAD LANE & MILTON RD,389638.79396,5025326.48798,-75.41704161960,45.36274769660,2017-12-15,7:00:00 PM,03 - Snow,07 - Dark,06 - Ice,10 - No control,,03 - P.D. only,07 - SMV other,0
17-11772,GRANT CARMAN DR @ MEADOWLANDS DR,365052.16747,5023900.79734,-75.73102691080,45.35246402690,2017-12-15,7:26:00 PM,03 - Snow,07 - Dark,03 - Loose snow,01 - Traffic signal,01 - Functioning,02 - Non-fatal injury,03 - Rear end,0
17-11773,INNES RD btwn 260 E OF BELCOURT BLVD/WALMART SC & JEANNE D'ARC BLVD/ME,382594.46987,5035543.53353,-75.50533518360,45.45548985460,2017-12-15,6:50:00 PM,03 - Snow,07 - Dark,03 - Loose snow,10 - No control,,02 - Non-fatal injury,03 - Rear end,0
17-11774,MONTREAL RD @ ST. LAURENT BLVD,371546.21049,5033817.49151,-75.64681316600,45.44110245670,2017-12-15,7:35:00 PM,03 - Snow,07 - Dark,03 - Loose snow,01 - Traffic signal,01 - Functioning,03 - P.D. only,05 - Turning movement,0
17-11775,LONGFIELDS DR @ WOODROFFE AVE,365420.69200,5017107.66175,-75.72715554310,45.29130833920,2017-12-15,7:44:00 PM,01 - Clear,07 - Dark,01 - Dry,01 - Traffic signal,01 - Functioning,03 - P.D. only,05 - Turning movement,0
17-11776,BEECHWOOD AVE btwn CHAPLEAU AVE & PUTMAN AVE,369561.49680,5033877.45461,-75.67217227410,45.44182864980,2017-12-15,8:00:00 PM,03 - Snow,07 - Dark,06 - Ice,10 - No control,,03 - P.D. only,03 - Rear end,0