COLLISION_ID,LOCATION,X,Y,LONGITUDE,LATITUDE,DATE,TIME,ENVIRONMENT,LIGHT,SURFACE_CONDITION,TRAFFIC_CONTROL,TRAFFIC_CONTROL_CONDITION,COLLISION_CLASSIFICATION,IMPACT_TYPE,NO_OF_PEDESTRIANS
17-11777,FISHER AVE @ PRINCE OF WALES DR,367161.70480,5023942.75025,-75.70410104850,45.35265708800,2017-12-15,8:03:00 PM,03 - Snow,07 - Dark,04 - Slush,01 - Traffic signal,01 - Functioning,03 - P.D. only,04 - Sideswipe,0
17-11778,DAZE ST @ 200 W OF BANK ST/SOUTHKEYS SC,371194.19315,5024142.75270,-75.65261454620,45.35408645140,2017-12-15,11:45:00 PM,03 - Snow,07 - Dark,03 - Loose snow,01 - Traffic signal,01 - Functioning,03 - P.D. only,03 - Rear end,0
17-11779,PRINCE OF WALES DR @ WEST HUNT CLUB RD,367458.71036,5021891.50392,-75.70057066850,45.33417389720,2017-12-15,8:35:00 PM,03 - Snow,07 - Dark,03 - Loose snow,01 - Traffic signal,01 - Functioning,03 - P.D. only,03 - Rear end,0
17-11780,CEDARVIEW RD @ HWY 416 WESTHUNT IC72R24,359607.77523,5019743.87383,-75.80096628140,45.31550657270,2017-12-15,8:48:00 PM,03 - Snow,07 - Dark,04 - Slush,02 - Stop sign,00 - Unknown,03 - P.D. only,05 - Turning movement,0
17-11781,RICHMOND RD @ WOODROFFE AVE,361585.16430,5026655.24005,-75.77495460000,45.37753761870,2017-12-15,8:53:00 PM,03 - Snow,07 - Dark,03 - Loose snow,01 - Traffic signal,01 - Functioning,03 - P.D. only,05 - Turning movement,0
17-11782,BESSERER ST @ NICHOLAS ST,368185.70890,5032112.77474,-75.68998398320,45.42607679270,2017-12-15,12:00:00 AM,03 - Snow,00 - Unknown,03 - Loose snow,01 - Traffic signal,01 - Functioning,03 - P.D. only,06 - SMV unattended vehicle,0
17-11783,KING EDWARD AVE @ ST. PATRICK ST,368248.36685,5032824.25770,-75.68909167970,45.43247278290,2017-12-15,9:45:00 PM,03 - Snow,07 - Dark,03 - Loose snow,01 - Traffic signal,01 - Functioning,03 - P.D. only,04 - Sideswipe,0
17-11784,DUNROBIN RD btwn VANCES SIDE RD & PORCUPINE TR,340702.28596,5033140.22133,-76.04110841350,45.43727269510,2017-12-15,10:22:00 PM,03 - Snow,07 - Dark,04 - Slush,10 - No control,,03 - P.D. only,07 - SMV other,0
17-11785,GOLDEN ASH LANE @ STAGECOACH RD,375754.75100,5013689.30856,-75.59591195890,45.25958372990,2017-12-16,1:12:00 AM,03 - Snow,07 - Dark,05 - Packed snow,02 - Stop sign,01 - Functioning,03 - P.D. only,02 - Angle,0
17-11786,CUMMINGS AVE btwn CUMMINGS AVE & THIBAULT ST,372470.10998,5032871.10471,-75.63513481490,45.43249851610,2017-12-16,1:29:00 AM,03 - Snow,07 - Dark,03 - Loose snow,10 - No control,,03 - P.D. only,06 - SMV unattended vehicle,0
17-11787,KENT ST @ MCLEOD ST,367787.12127,5030390.33751,-75.69529726980,45.41061486860,2017-12-16,1:40:00 AM,01 - Clear,07 - Dark,02 - Wet,02 - Stop sign,01 - Functioning,02 - Non-fatal injury,02 - Angle,0
17-11788,HAZELDEAN RD btwn GO/KA BOUNDARY & HUNTMAR DR/IBER RD,351092.67684,5016215.70791,-75.90989333150,45.28437220940,2017-12-16,1:56:00 AM,03 - Snow,07 - Dark,03 - Loose snow,10 - No control,,03 - P.D. only,07 - SMV other,0
17-11789,VIEWMOUNT DR @ MERIVALE RD,365193.36265,5022949.83319,-75.72934118880,45.34389523950,2017-12-16,3:21:00 AM,03 - Snow,07 - Dark,05 - Packed snow,01 - Traffic signal,01 - Functioning,03 - P.D. only,02 - Angle,0
17-11790,ST. JOSEPH BLVD @ TENTH LINE RD,382891.27717,5038667.16286,-75.50104447500,45.48356039810,2017-12-16,3:57:00 AM,03 - Snow,07 - Dark,03 - Loose snow,01 - Traffic signal,01 - Functioning,03 - P.D. only,07 - SMV other,0
17-11791,JEANNE D'ARC BLVD  S btwn YOUVILLE DR & ST. JOSEPH BLVD,379755.97332,5036627.44480,-75.54145718750,45.46555230810,2017-12-16,7:18:00 AM,01 - Clear,03 - Dawn,06 - Ice,10 - No control,,03 - P.D. only,04 - Sideswipe,0
17-11792,EARL ARMSTRONG RD @ SPRATT RD,368396.70910,5015012.14595,-75.68948698650,45.27219012470,2017-12-15,5:30:00 PM,03 - Snow,07 - Dark,03 - Loose snow,01 - Traffic signal,01 - Functioning,03 - P.D. only,03 - Rear end,0
17-11793,BASELINE RD @ GUTHRIE ST,360243.14997,5022371.73639,-75.79256887000,45.33910225460,2017-12-16,7:43:00 AM,02 - Rain,03 - Dawn,03 - Loose snow,01 - Traffic signal,01 - Functioning,02 - Non-fatal injury,07 - SMV other,0
17-11794,HWY 417 WALKLEY IC110R64 @ WALKLEY EXTENSION R,375990.19174,5029175.49051,-75.59068544630,45.39889799640,2017-12-16,7:56:00 AM,03 - Snow,01 - Daylight,04 - Slush,02 - Stop sign,00 - Unknown,03 - P.D. only,04 - Sideswipe,0
17-11795,CRESTHAVEN DR btwn STRANDHERD DR & BARNSTONE DR,366866.41456,5015064.86000,-75.70898146030,45.27280117240,2017-12-16,7:50:00 AM,03 - Snow,03 - Dawn,04 - Slush,10 - No control,,03 - P.D. only,07 - SMV other,0
17-11796,ELGIN ST @ QUEEN ST,367804.87077,5031779.58000,-75.69489290710,45.42311322620,2017-12-15,7:30:00 PM,03 - Snow,07 - Dark,05 - Packed snow,01 - Traffic signal,01 - Functioning,03 - P.D. only,03 - Rear end,0
17-11797,FALLOWFIELD RD @ RICHMOND RD,357721.63560,5013528.93811,-75.82568387470,45.25972836560,2017-12-16,8:59:00 AM,03 - Snow,01 - Daylight,03 - Loose snow,01 - Traffic signal,01 - Functioning,03 - P.D. only,03 - Rear end,0
17-11798,CARP RD @ HAZELDEAN RD,348804.24145,5014360.43620,-75.93922772050,45.26782480040,2017-12-16,9:13:00 AM,01 - Clear,01 - Daylight,06 - Ice,01 - Traffic signal,01 - Functioning,02 - Non-fatal injury,02 - Angle,0
17-11799,JOCKVALE RD btwn BREN-MAUR RD & RIVERSTONE DR,365045.90941,5013711.70627,-75.73234528690,45.26078382930,2017-12-16,10:25:00 AM,01 - Clear,01 - Daylight,02 - Wet,10 - No control,,03 - P.D. only,07 - SMV other,0
17-11800,DUHAMEL ST @ FAIRMONT AVE,365668.65005,5029499.37447,-75.72246960450,45.40278566320,2017-12-16,10:29:00 AM,01 - Clear,01 - Daylight,04 - Slush,02 - Stop sign,01 - Functioning,03 - P.D. only,02 - Angle,0
17-11801,FISHER AVE @ TUNIS AVE,365496.79546,5027596.70679,-75.72489873530,45.38568080450,2017-12-15,7:30:00 PM,01 - Clear,07 - Dark,01 - Dry,02 - Stop sign,01 - Functioning,02 - Non-fatal injury,03 - Rear end,0
17-11802,MIRAMICHI ST @ WOODROFFE AVE,362332.16500,5024318.74655,-75.76568958960,45.35645313190,2017-12-16,10:30:00 AM,01 - Clear,01 - Daylight,03 - Loose snow,02 - Stop sign,00 - Unknown,03 - P.D. only,03 - Rear end,0
17-11803,BANK ST @ EVANS AVE,369918.48899,5027062.43379,-75.66850973000,45.38047648300,2017-12-16,11:00:00 AM,01 - Clear,01 - Daylight,02 - Wet,02 - Stop sign,01 - Functioning,02 - Non-fatal injury,02 - Angle,0
17-11804,BRIDGESTONE DR @ GRASSY PLAINS DR,355319.63144,5015647.08281,-75.85607222950,45.27896451100,2017-12-16,11:05:00 AM,01 - Clear,01 - Daylight,01 - Dry,02 - Stop sign,01 - Functioning,03 - P.D. only,02 - Angle,0
17-11805,PICKFORD DR btwn CLARKSON CRES & CLARKSON CRES,353481.95074,5018593.19254,-75.87920491060,45.30560394960,2017-12-16,11:22:00 AM,01 - Clear,01 - Daylight,04 - Slush,10 - No control,,03 - P.D. only,06 - SMV unattended vehicle,0
17-11806,INDUSTRIAL AVE/INNES RD @ ST. LAURENT BLVD,373100.20529,5030004.61090,-75.62748010550,45.40664593480,2017-12-16,11:24:00 AM,01 - Clear,01 - Daylight,01 - Dry,01 - Traffic signal,01 - Functioning,02 - Non-fatal injury,03 - Rear end,0
17-11807,REGIMENT AVE btwn TEMPLEFORD AVE & PEPPERVILLE CRES,354417.36269,5015546.28933,-75.86758199320,45.27812180410,2017-12-16,10:25:00 AM,01 - Clear,01 - Daylight,05 - Packed snow,10 - No control,,03 - P.D. only,06 - SMV unattended vehicle,0
17-11808,MAPLE GROVE RD @ TERRY FOX DR,351552.65281,5017863.26976,-75.90387490320,45.29916698360,2017-12-16,12:42:00 PM,01 - Clear,01 - Daylight,02 - Wet,01 - Traffic signal,01 - Functioning,02 - Non-fatal injury,03 - Rear end,0
17-11809,AVIATION PKWY @ OGILVIE RD,373111.89514,5032375.55080,-75.62700210880,45.42797737330,2017-12-16,12:53:00 PM,03 - Snow,01 - Daylight,02 - Wet,01 - Traffic signal,01 - Functioning,03 - P.D. only,03 - Rear end,0
17-11810,TENTH LINE RD btwn OLD TENTH LINE RD & TOMPKINS AVE,383156.68976,5038073.70030,-75.49774448110,45.47819122340,2017-12-16,1:17:00 PM,01 - Clear,01 - Daylight,02 - Wet,10 - No control,,02 - Non-fatal injury,03 - Rear end,0
17-11811,BANK ST @ QUEENSDALE AVE,373337.21627,5023444.32997,-75.62536321550,45.34759612660,2017-12-15,5:00:00 PM,03 - Snow,07 - Dark,03 - Loose snow,01 - Traffic signal,01 - Functioning,03 - P.D. only,02 - Angle,0
17-11812,DU GRAND BOIS AVE @ INNES RD,383110.70215,5035761.85244,-75.49870098370,45.45739643480,2017-12-16,2:03:00 PM,01 - Clear,01 - Daylight,02 - Wet,02 - Stop sign,01 - Functioning,03 - P.D. only,03 - Rear end,0
17-11813,FABLE ST btwn LARKIN DR & PHYLIS ST,362353.74485,5015796.33449,-75.76640440870,45.27976684110,2017-12-15,12:00:00 AM,03 - Snow,00 - Unknown,03 - Loose snow,10 - No control,,03 - P.D. only,06 - SMV unattended vehicle,0
17-11814,DU GRAND BOIS AVE @ INNES RD,383110.71119,5035761.36776,-75.49870094580,45.45739207370,2017-12-16,2:42:00 PM,01 - Clear,01 - Daylight,02 - Wet,02 - Stop sign,01 - Functioning,03 - P.D. only,03 - Rear end,0
17-11815,TERRY FOX DR S @ DIDSBURY RD/CENTRUM KANATA SC,350621.55840,5018915.72900,-75.91564901590,45.30869864740,2017-12-16,2:40:00 PM,01 - Clear,01 - Daylight,04 - Slush,01 - Traffic signal,01 - Functioning,03 - P.D. only,03 - Rear end,0
17-11816,CATHERINE ST/HWY 417 O'CONN IC119BR76 @ O'CONN,368243.26377,5030393.00734,-75.68946998410,45.41059768870,2017-12-15,7:30:00 PM,03 - Snow,07 - Dark,03 - Loose snow,01 - Traffic signal,01 - Functioning,03 - P.D. only,04 - Sideswipe,0
17-11817,MERIVALE RD btwn ROSSLAND AVE & EMERALD PLAZA SC,364708.09777,5024071.70713,-75.73539702500,45.35403132820,2017-12-16,3:02:00 PM,03 - Snow,01 - Daylight,03 - Loose snow,10 - No control,,03 - P.D. only,03 - Rear end,0
17-11818,KNOXDALE RD btwn SKIPTON RD & CREMONA CRES,362143.73196,5021100.19473,-75.76846752220,45.32750819880,2017-12-16,3:20:00 PM,01 - Clear,01 - Daylight,05 - Packed snow,10 - No control,,03 - P.D. only,02 - Angle,0
17-11819,RIVERSIDE DR @ BROOKFIELD RD/HOG'S BACK RD,368167.37655,5026221.18371,-75.69097515490,45.37306771720,2017-12-16,3:32:00 PM,01 - Clear,01 - Daylight,01 - Dry,01 - Traffic signal,01 - Functioning,03 - P.D. only,04 - Sideswipe,0
17-11820,BEECH ST @ ROCHESTER ST,366857.03295,5029342.56270,-75.70731049300,45.40127037430,2017-12-16,1:00:00 PM,01 - Clear,01 - Daylight,05 - Packed snow,02 - Stop sign,01 - Functioning,03 - P.D. only,02 - Angle,0
17-11821,AIRPORT PKWY btwn RAMP & RAMP (4),371302.34810,5021629.80995,-75.65157213710,45.33146551000,2017-12-16,4:24:00 PM,01 - Clear,05 - Dusk,01 - Dry,10 - No control,,02 - Non-fatal injury,05 - Turning movement,0
17-11822,HERON RD @ ALTA VISTA DR,370492.24903,5026903.72053,-75.66120535930,45.37899486940,2017-12-16,4:46:00 PM,01 - Clear,05 - Dusk,02 - Wet,01 - Traffic signal,01 - Functioning,03 - P.D. only,03 - Rear end,0
17-11823,REGIONAL ROAD 174 btwn OR174 IC112 RAMP51 & OR174 IC112 RAMP15,375090.83314,5033046.15538,-75.60161945340,45.43381501870,2017-12-16,3:53:00 PM,01 - Clear,01 - Daylight,04 - Slush,10 - No control,,03 - P.D. only,04 - Sideswipe,0
17-11824,BANK ST @ FIFTH AVE,368399.18677,5029400.79499,-75.68760615000,45.40165593030,2017-12-16,4:52:00 PM,01 - Clear,07 - Dark,02 - Wet,01 - Traffic signal,00 - Unknown,03 - P.D. only,06 - SMV unattended vehicle,0
17-11825,MACKENZIE KING BR btwn N.D.H.Q./RIDEAU CENTRE SC & MACKENZIE KING BR/N,368246.01541,5031918.17398,-75.68923846050,45.42432037600,2017-12-15,8:50:00 AM,01 - Clear,01 - Daylight,01 - Dry,10 - No control,,02 - Non-fatal injury,07 - SMV other,1
17-11826,SOUTHMORE DR @ WALKLEY RD,369710.72410,5025573.81884,-75.67135801890,45.36710166460,2017-12-16,5:12:00 PM,01 - Clear,07 - Dark,03 - Loose snow,02 - Stop sign,00 - Unknown,02 - Non-fatal injury,03 - Rear end,0
17-11827,HOLLAND AVE @ KENILWORTH ST,365214.69730,5028496.31431,-75.72839067960,45.39379967400,2017-12-15,4:30:00 PM,03 - Snow,05 - Dusk,04 - Slush,01 - Traffic signal,01 - Functioning,03 - P.D. only,03 - Rear end,0
17-11828,"EGLISE, RUE DE L @ MONTREAL RD",371158.39280,5033632.67612,-75.65179483540,45.43947649100,2017-12-16,4:40:00 PM,01 - Clear,05 - Dusk,04 - Slush,01 - Traffic signal,01 - Functioning,02 - Non-fatal injury,05 - Turning movement,0
17-11829,FALLOWFIELD RD btwn CEDARVIEW RD & LARKIN DR,361466.97489,5015766.92731,-75.77770986720,45.27957426990,2017-12-16,6:05:00 PM,01 - Clear,07 - Dark,02 - Wet,10 - No control,,03 - P.D. only,03 - Rear end,0
17-11830,JEANNE D'ARC BLVD  N btwn DECARIE DR & BILBERRY DR,380913.12208,5038513.08688,-75.52636949130,45.48239263390,2017-12-16,6:23:00 PM,01 - Clear,07 - Dark,02 - Wet,10 - No control,,02 - Non-fatal injury,06 - SMV unattended vehicle,0
17-11831,MERIVALE RD @ SHILLINGTON AVE,364845.14393,5026809.79263,-75.73331531850,45.37865646160,2017-12-16,6:31:00 PM,01 - Clear,07 - Dark,02 - Wet,01 - Traffic signal,01 - Functioning,03 - P.D. only,07 - SMV other,0
17-11832,ELGIN ST @ MCLEOD ST,368424.71210,5030778.44400,-75.68710234200,45.41404924740,2017-12-16,6:43:00 PM,03 - Snow,07 - Dark,05 - Packed snow,02 - Stop sign,01 - Functioning,02 - Non-fatal injury,07 - SMV other,1
17-11833,INNES RD @ TENTH LINE RD,383951.76030,5036158.85074,-75.48788478930,45.46087349700,2017-12-16,7:15:00 PM,01 - Clear,07 - Dark,06 - Ice,01 - Traffic signal,01 - Functioning,03 - P.D. only,03 - Rear end,0
17-11834,OLD MONTREAL RD btwn TO BE DETERMINED & BECKETT'S CREEK RD,392727.05331,5042597.68478,-75.37454239000,45.51775258780,2017-12-16,9:56:00 PM,03 - Snow,07 - Dark,03 - Loose snow,10 - No control,,03 - P.D. only,03 - Rear end,0
17-11835,MITCH OWENS RD btwn SPRATT RD & LIMEBANK RD,370821.98023,5011582.22386,-75.65903691120,45.24110468890,2017-12-16,10:11:00 PM,01 - Clear,07 - Dark,01 - Dry,10 - No control,,03 - P.D. only,07 - SMV other,0
17-11836,REGIONAL ROAD 174 btwn QUIGLEY HILL RD & REGIONAL ROAD 174 DIVIDED,384841.75054,5040839.59581,-75.47574340890,45.50288487970,2017-12-16,10:20:00 PM,01 - Clear,07 - Dark,01 - Dry,10 - No control,,01 - Fatal injury,01 - Approaching,0
17-11837,WILTON CRES btwn OAKLAND AVE & MONK ST,368489.65266,5028914.81310,-75.68651344100,45.39727499350,2017-12-16,10:45:00 PM,01 - Clear,07 - Dark,03 - Loose snow,10 - No control,,03 - P.D. only,06 - SMV unattended vehicle,0
17-11838,HUNTERSFIELD DR btwn LORRY GREENBERG DR & THORNHEDGE CRT,373448.05762,5025542.23354,-75.62365754500,45.36646139880,2017-12-17,12:00:00 AM,03 - Snow,00 - Unknown,06 - Ice,10 - No control,,03 - P.D. only,06 - SMV unattended vehicle,0
17-11839,BELCOURT BLVD @ ST. JOSEPH BLVD,381205.50454,5037357.66292,-75.52280962960,45.47196516070,2017-12-17,1:21:00 AM,01 - Clear,07 - Dark,01 - Dry,01 - Traffic signal,01 - Functioning,03 - P.D. only,01 - Approaching,0
17-11840,CAMBRIAN RD @ CEDARVIEW RD,363000.99916,5011832.39571,-75.75861940490,45.24404580880,2017-12-17,8:33:00 AM,01 - Clear,01 - Daylight,01 - Dry,02 - Stop sign,01 - Functioning,03 - P.D. only,07 - SMV other,0
17-11841,HWY 417 TERRYFO IC140R61 @ TERRY FOX DR,350810.61164,5018708.73991,-75.91325741050,45.30682374430,2017-12-17,8:43:00 AM,01 - Clear,01 - Daylight,06 - Ice,01 - Traffic signal,01 - Functioning,02 - Non-fatal injury,02 - Angle,0
17-11842,HARRIS PL @ ROWLEY AVE,364279.64302,5023500.24984,-75.74093362060,45.34892589830,2017-12-17,9:43:00 AM,01 - Clear,01 - Daylight,05 - Packed snow,02 - Stop sign,01 - Functioning,03 - P.D. only,04 - Sideswipe,0
17-11843,ST. LAURENT BLVD @ COVENTRY RD/OGILVIE RD,372305.83742,5031952.58334,-75.63735998290,45.42424997190,2017-12-17,10:25:00 AM,01 - Clear,01 - Daylight,05 - Packed snow,01 - Traffic signal,01 - Functioning,03 - P.D. only,04 - Sideswipe,0
17-11844,MCARTHUR AVE @ VANIER PKWY,370218.70481,5032690.58817,-75.66392999130,45.43108853900,2017-12-16,3:30:00 PM,01 - Clear,01 - Daylight,04 - Slush,01 - Traffic signal,01 - Functioning,03 - P.D. only,03 - Rear end,0
17-11845,ROBLYN WAY btwn MARKLAND CRES & MARKLAND CRES,365909.65711,5016280.32439,-75.72102427910,45.28382165920,2017-12-17,10:55:00 AM,03 - Snow,01 - Daylight,05 - Packed snow,10 - No control,,03 - P.D. only,01 - Approaching,0
17-11846,KEENAN AVE btwn GAINSBOROUGH AVE & WINDERMERE AVE,362428.94477,5027111.63351,-75.76412864320,45.38157529920,2017-12-16,10:58:00 AM,01 - Clear,01 - Daylight,05 - Packed snow,10 - No control,,03 - P.D. only,02 - Angle,0
17-11847,HWY 417 WOODROFF IC127R62 @ WOODROFFE AVE,362050.97092,5025019.28091,-75.76919716530,45.36277950280,2017-12-17,10:59:00 AM,01 - Clear,01 - Daylight,02 - Wet,03 - Yield sign,01 - Functioning,02 - Non-fatal injury,03 - Rear end,0
17-11848,OLD CARP RD @ SECOND LINE RD,347766.59920,5023537.02883,-75.95165476480,45.35046291850,2017-12-17,11:00:00 AM,01 - Clear,01 - Daylight,02 - Wet,02 - Stop sign,01 - Functioning,03 - P.D. only,07 - SMV other,0
17-11849,MACDONALD-CARTIER BR/MACDONALDCARTIER BR RSB-2,367508.82484,5033181.93818,-75.69849697890,45.43575777640,2017-12-17,11:19:00 AM,01 - Clear,01 - Daylight,01 - Dry,10 - No control,00 - Unknown,03 - P.D. only,04 - Sideswipe,0
17-11850,RICHMOND RD @ WEST HUNT CLUB RD,357146.12520,5018152.22335,-75.83252878180,45.30137253500,2017-12-17,11:32:00 AM,01 - Clear,01 - Daylight,03 - Loose snow,01 - Traffic signal,01 - Functioning,03 - P.D. only,04 - Sideswipe,0
17-11851,CARP RD btwn THOMAS A. DOLAN PKWY & NORMA LANE,339739.59485,5024277.12022,-76.05404064000,45.35756841050,2017-12-17,1:34:00 PM,01 - Clear,01 - Daylight,05 - Packed snow,10 - No control,,03 - P.D. only,07 - SMV other,0
17-11852,BRONSON AVE @ CATHERINE ST/RAYMOND ST,367252.47332,5029796.58350,-75.70220230230,45.40532035890,2017-12-17,12:28:00 PM,01 - Clear,01 - Daylight,02 - Wet,01 - Traffic signal,00 - Unknown,03 - P.D. only,04 - Sideswipe,0
17-11853,SERENITY AVE btwn BALLANTYNE DR & VENUS AVE,385766.89352,5037090.43092,-75.46452496610,45.46904694190,2017-12-17,12:52:00 PM,01 - Clear,01 - Daylight,05 - Packed snow,10 - No control,,03 - P.D. only,02 - Angle,0
17-11854,LISGAR ST btwn METCALFE ST & ELGIN ST,368002.33562,5031302.23788,-75.69243109260,45.41880044940,2017-12-17,1:11:00 PM,01 - Clear,01 - Daylight,03 - Loose snow,10 - No control,,03 - P.D. only,07 - SMV other,0
17-11855,VIEWMOUNT DR @ MERIVALE RD,365193.21920,5022948.25645,-75.72934321100,45.34388106490,2017-12-17,1:26:00 PM,03 - Snow,01 - Daylight,06 - Ice,01 - Traffic signal,01 - Functioning,03 - P.D. only,03 - Rear end,0
17-11856,CARP RD @ HAZELDEAN RD,348804.57590,5014360.19951,-75.93922348020,45.26782264950,2017-12-17,1:39:00 PM,01 - Clear,01 - Daylight,02 - Wet,01 - Traffic signal,01 - Functioning,03 - P.D. only,03 - Rear end,0
17-11857,HUNT CLUB RD @ BRIDLE PATH DR/DAZE ST,371292.20680,5023865.22065,-75.65140106440,45.35158002040,2017-12-17,1:42:00 PM,01 - Clear,01 - Daylight,04 - Slush,01 - Traffic signal,01 - Functioning,02 - Non-fatal injury,03 - Rear end,0
17-11858,ROCKDALE RD btwn COLONIAL RD & END,391395.63774,5032722.76658,-75.39332157550,45.42907661400,2017-12-16,9:45:00 PM,01 - Clear,07 - Dark,05 - Packed snow,10 - No control,,03 - P.D. only,07 - SMV other,0
17-11859,FISHER AVE @ VIEWMOUNT DR,366918.50412,5024209.38965,-75.70717112710,45.35507784220,2017-12-17,2:25:00 PM,01 - Clear,01 - Daylight,01 - Dry,01 - Traffic signal,01 - Functioning,03 - P.D. only,02 - Angle,0
17-11860,ROBERTSON RD btwn WESTCLIFFE RD & FITZGERALD RD,356726.34874,5020251.74521,-75.83766102640,45.32029546390,2017-12-17,2:36:00 PM,01 - Clear,01 - Daylight,01 - Dry,10 - No control,,03 - P.D. only,02 - Angle,0
17-11861,CARMEN AVE btwn MCARTHUR AVE & STEVENS AVE,370933.05494,5032616.07709,-75.65481139090,45.43035093440,2017-12-16,12:00:00 AM,01 - Clear,00 - Unknown,05 - Packed snow,10 - No control,,03 - P.D. only,06 - SMV unattended vehicle,0
17-11862,BANK ST @ HOPEWELL AVE,368769.18167,5028504.26176,-75.68299671010,45.39355550000,2017-12-17,3:38:00 PM,03 - Snow,01 - Daylight,05 - Packed snow,02 - Stop sign,01 - Functioning,03 - P.D. only,01 - Approaching,0
17-11863,NIXON DR btwn BUCKLES ST & DALMENY RD,374839.08779,4999446.19825,-75.60957871000,45.13151845820,2017-12-17,4:20:00 PM,01 - Clear,05 - Dusk,06 - Ice,10 - No control,,03 - P.D. only,07 - SMV other,0
17-11864,PARKDALE AVE @ TYNDALL ST,365265.13429,5029013.79985,-75.72768313520,45.39845154270,2017-12-17,5:20:00 PM,01 - Clear,07 - Dark,04 - Slush,02 - Stop sign,01 - Functioning,03 - P.D. only,03 - Rear end,0
17-11865,UPLANDS DR @ AIRPORT PKWY RAMP 35,371124.24297,5021374.00972,-75.65387840090,45.32918074550,2017-12-16,5:17:00 PM,01 - Clear,07 - Dark,01 - Dry,01 - Traffic signal,00 - Unknown,03 - P.D. only,03 - Rear end,0
17-11866,DWYER HILL RD btwn PADEN RD & DONNELLY DR,359127.52403,4983871.81631,-75.81099188550,44.99275539590,2017-12-17,6:00:00 PM,01 - Clear,07 - Dark,01 - Dry,10 - No control,,03 - P.D. only,07 - SMV other,0
17-11867,PAGE RD btwn INNES RD & BUTTONFIELD PL,380946.37358,5034404.13962,-75.52658069780,45.44542002580,2017-12-17,6:42:00 PM,01 - Clear,07 - Dark,01 - Dry,10 - No control,,02 - Non-fatal injury,03 - Rear end,0
17-11868,BANK ST @ SNAKE ISLAND RD/VICTORIA ST,383696.31493,5010121.64369,-75.49530334680,45.22663806700,2017-12-17,7:18:00 PM,01 - Clear,07 - Dark,01 - Dry,01 - Traffic signal,01 - Functioning,03 - P.D. only,07 - SMV other,0
17-11869,HUNTERSFIELD DR btwn NEWPORT CRES & END,372916.22338,5025029.58195,-75.63051667400,45.36190064520,2017-12-17,12:00:00 AM,01 - Clear,00 - Unknown,05 - Packed snow,10 - No control,,03 - P.D. only,06 - SMV unattended vehicle,0
17-11870,BEAUSOLEIL DR @ OLD ST. PATRICK ST,368517.03724,5032987.68804,-75.68563710990,45.43391884060,2017-12-17,9:33:00 PM,01 - Clear,07 - Dark,01 - Dry,02 - Stop sign,01 - Functioning,02 - Non-fatal injury,07 - SMV other,1
17-11871,ELGIN ST @ LAURIER AVE,367948.70990,5031550.75923,-75.69308437480,45.42104140370,2017-12-17,10:29:00 PM,01 - Clear,07 - Dark,02 - Wet,01 - Traffic signal,01 - Functioning,03 - P.D. only,05 - Turning movement,0
17-11872,MONTREAL RD btwn GATESTONE PRIV & SINCLAIR ST,375959.94936,5034751.54507,-75.59026617600,45.44907117720,2017-12-18,1:36:00 AM,01 - Clear,07 - Dark,01 - Dry,10 - No control,,02 - Non-fatal injury,07 - SMV other,0
17-11873,AIRPORT PKWY btwn AIRPORT PKWY/HUNT CLUB RAMP 42 & WALKLEY RD NB RAMP,370459.62767,5024531.82745,-75.66193707580,45.35765639580,2017-12-18,3:59:00 AM,01 - Clear,07 - Dark,01 - Dry,10 - No control,,03 - P.D. only,07 - SMV other,0
17-11874,HIGHWAY 417 btwn HWY417 IC115 RAMP61 & REGIONAL ROAD 174,373226.69310,5031706.87241,-75.62562810020,45.42194971510,2017-12-18,6:37:00 AM,01 - Clear,07 - Dark,01 - Dry,10 - No control,,03 - P.D. only,03 - Rear end,0
17-11875,GREENLAND RD @ ROCK FOREST RD,340388.11847,5037979.46194,-76.04477360500,45.48083328670,2017-12-18,6:49:00 AM,03 - Snow,07 - Dark,03 - Loose snow,10 - No control,00 - Unknown,03 - P.D. only,07 - SMV other,0
17-11876,BROOKFIELD RAMP 52A btwn AIRPORT PKWY & TO BE DETERMINED,368768.32814,5026363.52455,-75.68328502300,45.37429386100,2017-12-18,6:55:00 AM,01 - Clear,07 - Dark,06 - Ice,10 - No control,,02 - Non-fatal injury,07 - SMV other,0
17-11877,HERZBERG RD @ MARCH RD,352324.56895,5021529.67173,-75.89368131850,45.33210629050,2017-12-18,7:27:00 AM,01 - Clear,03 - Dawn,04 - Slush,01 - Traffic signal,01 - Functioning,03 - P.D. only,02 - Angle,0
17-11878,ST. JOSEPH BLVD @ JEANNE D'ARC BLVD,379863.26857,5036473.03612,-75.54010886010,45.46415153650,2017-12-18,7:33:00 AM,03 - Snow,03 - Dawn,03 - Loose snow,11 - Roundabout,01 - Functioning,03 - P.D. only,04 - Sideswipe,0
17-11879,CYRVILLE RD @ ST. LAURENT BLVD,372241.72080,5032112.29685,-75.63815735180,45.42569318500,2017-12-18,8:02:00 AM,03 - Snow,01 - Daylight,03 - Loose snow,01 - Traffic signal,01 - Functioning,03 - P.D. only,07 - SMV other,0