COLLISION_ID,LOCATION,X,Y,LONGITUDE,LATITUDE,DATE,TIME,ENVIRONMENT,LIGHT,SURFACE_CONDITION,TRAFFIC_CONTROL,TRAFFIC_CONTROL_CONDITION,COLLISION_CLASSIFICATION,IMPACT_TYPE,NO_OF_PEDESTRIANS
17-11880,FALLOWFIELD RD @ WOODROFFE AVE,365084.67210,5017902.95105,-75.73134235170,45.29849321700,2017-12-18,8:11:00 AM,03 - Snow,01 - Daylight,03 - Loose snow,01 - Traffic signal,01 - Functioning,03 - P.D. only,03 - Rear end,0
17-11881,BANK ST @ SLATER ST,367423.75565,5031354.81359,-75.69981649610,45.41932553530,2017-12-18,9:24:00 AM,03 - Snow,01 - Daylight,04 - Slush,01 - Traffic signal,01 - Functioning,02 - Non-fatal injury,03 - Rear end,0
17-11882,CASTLEFRANK RD @ KATIMAVIK RD,351950.36228,5018943.51590,-75.89870138950,45.30886072780,2017-12-18,9:34:00 AM,03 - Snow,01 - Daylight,03 - Loose snow,01 - Traffic signal,01 - Functioning,03 - P.D. only,03 - Rear end,0
17-11883,RIVERSIDE DR @ WALKLEY RD,368419.20180,5024852.81245,-75.68793657080,45.36073265170,2017-12-18,9:44:00 AM,03 - Snow,01 - Daylight,03 - Loose snow,01 - Traffic signal,01 - Functioning,03 - P.D. only,03 - Rear end,0
17-11884,INVERNESS AVE btwn GOODWIN AVE & NORMANDY CRES,366612.64174,5024714.07475,-75.71101141840,45.35964593040,2017-12-18,9:45:00 AM,01 - Clear,01 - Daylight,02 - Wet,10 - No control,,03 - P.D. only,02 - Angle,0
17-11885,PARKDALE AVE @ GLADSTONE AVE,365217.17960,5029117.36636,-75.72828291540,45.39938755080,2017-12-18,10:17:00 AM,03 - Snow,01 - Daylight,04 - Slush,01 - Traffic signal,01 - Functioning,02 - Non-fatal injury,03 - Rear end,0
17-11886,GEORGE ST @ PRESTON ST,366617.99134,5029416.32311,-75.71035436970,45.40195519950,2017-12-18,10:35:00 AM,01 - Clear,01 - Daylight,04 - Slush,01 - Traffic signal,00 - Unknown,03 - P.D. only,06 - SMV unattended vehicle,0
17-11887,HWY 417 TERRYFO IC140R52 @ TERRY FOX DR,351053.69328,5018433.43187,-75.91018340770,45.30433048400,2017-12-18,10:45:00 AM,03 - Snow,01 - Daylight,03 - Loose snow,01 - Traffic signal,01 - Functioning,03 - P.D. only,03 - Rear end,0
17-11888,ALTA VISTA DR @ BANK ST,370248.54700,5026200.50045,-75.66440994390,45.37269033370,2017-12-18,11:00:00 AM,03 - Snow,01 - Daylight,03 - Loose snow,01 - Traffic signal,01 - Functioning,03 - P.D. only,04 - Sideswipe,0
17-11889,FALLOWFIELD RD @ HWY 416 FALLOWFI IC66R24,360278.39180,5014851.35475,-75.79296096320,45.27143065320,2017-12-18,12:30:00 PM,03 - Snow,01 - Daylight,04 - Slush,02 - Stop sign,01 - Functioning,03 - P.D. only,03 - Rear end,0
17-11890,MEADOWLANDS DR @ MERIVALE RD,364860.13359,5023725.27145,-75.73349885810,45.35090114300,2017-12-18,11:49:00 AM,03 - Snow,01 - Daylight,03 - Loose snow,01 - Traffic signal,01 - Functioning,03 - P.D. only,03 - Rear end,0
17-11891,TERMINAL AVE btwn SANDFORD FLEMING AVE & STEAMLINE ST,371007.31735,5030850.54632,-75.65409968720,45.41445841190,2017-12-18,11:55:00 AM,03 - Snow,01 - Daylight,03 - Loose snow,10 - No control,,03 - P.D. only,01 - Approaching,0
17-11892,BASELINE RD @ WOODROFFE AVE,362550.16810,5023771.22155,-75.76297129820,45.35150862390,2017-12-18,12:05:00 PM,03 - Snow,01 - Daylight,03 - Loose snow,01 - Traffic signal,01 - Functioning,03 - P.D. only,03 - Rear end,0
17-11893,ROSSAN ST btwn BAYPOINTE CRES & DAYBREAK ST,367101.42042,5016076.37890,-75.70585971490,45.28188195880,2017-12-18,12:11:00 PM,01 - Clear,01 - Daylight,05 - Packed snow,10 - No control,,03 - P.D. only,06 - SMV unattended vehicle,0
17-11894,JEANNE D'ARC BLVD @ OR174 IC105 RAMP36,379271.09196,5037283.01044,-75.54755768210,45.47150245130,2017-12-18,12:17:00 PM,03 - Snow,01 - Daylight,03 - Loose snow,10 - No control,00 - Unknown,03 - P.D. only,03 - Rear end,0
17-11895,BASELINE RD/HWY 416 RICHMOND IC75R53 @ RICHMON,358637.59456,5021822.19674,-75.81311336310,45.33428251520,2017-12-18,12:20:00 PM,03 - Snow,01 - Daylight,06 - Ice,01 - Traffic signal,00 - Unknown,03 - P.D. only,03 - Rear end,0
17-11896,BYRON AVE @ WINDERMERE AVE,362317.72283,5027481.15039,-75.76550567910,45.38490930820,2017-12-18,12:48:00 PM,03 - Snow,01 - Daylight,05 - Packed snow,02 - Stop sign,01 - Functioning,03 - P.D. only,02 - Angle,0
17-11897,STRANDHERD DR @ CLARIDGE DR,364949.01900,5015379.91137,-75.73337771300,45.27580262150,2017-12-18,12:51:00 PM,03 - Snow,01 - Daylight,04 - Slush,01 - Traffic signal,01 - Functioning,02 - Non-fatal injury,05 - Turning movement,0
17-11898,GEORGE ST btwn DALHOUSIE ST & CUMBERLAND ST,368278.87367,5032388.15461,-75.68875804200,45.42854611510,2017-12-18,12:00:00 PM,03 - Snow,01 - Daylight,04 - Slush,10 - No control,,03 - P.D. only,04 - Sideswipe,0
17-11899,KILBORN AVE @ NIAGARA DR,370077.95909,5027717.28028,-75.66638709710,45.38635373210,2017-12-18,12:50:00 PM,03 - Snow,01 - Daylight,03 - Loose snow,02 - Stop sign,01 - Functioning,03 - P.D. only,07 - SMV other,0
17-11900,CYRVILLE RD @ MEADOWBROOK RD,374630.73624,5031243.89389,-75.60775470100,45.41764534040,2017-12-16,9:31:00 AM,03 - Snow,01 - Daylight,03 - Loose snow,01 - Traffic signal,01 - Functioning,03 - P.D. only,02 - Angle,0
17-11901,MONTREAL RD btwn OR174 IC109 RAMP66 & OR174 IC109 RAMP65,376340.38664,5034954.36388,-75.58537365930,45.45085717490,2017-12-18,1:05:00 PM,03 - Snow,01 - Daylight,03 - Loose snow,10 - No control,,03 - P.D. only,05 - Turning movement,0
17-11902,SMYTH RD E/LANCASTER RD @ ST. LAURENT BLVD N/R,373365.67615,5029425.26066,-75.62416972830,45.40140725710,2017-12-18,1:03:00 PM,03 - Snow,01 - Daylight,04 - Slush,01 - Traffic signal,01 - Functioning,03 - P.D. only,03 - Rear end,0
17-11903,LEMIEUX ST @ ST. LAURENT BLVD,372391.72470,5031742.32771,-75.63629142540,45.42234989670,2017-12-18,12:10:00 PM,03 - Snow,01 - Daylight,04 - Slush,01 - Traffic signal,01 - Functioning,03 - P.D. only,05 - Turning movement,0
17-11904,GLENMANOR DR W @ VIEWMOUNT DR W,364748.22693,5022702.73829,-75.73505084420,45.34171009220,2017-12-18,1:15:00 PM,03 - Snow,01 - Daylight,03 - Loose snow,02 - Stop sign,01 - Functioning,02 - Non-fatal injury,02 - Angle,0
17-11905,FALLOWFIELD RD btwn SHEA RD & EAGLESON RD,354775.67539,5011688.33906,-75.86340332910,45.24338159830,2017-12-18,1:11:00 PM,03 - Snow,01 - Daylight,03 - Loose snow,10 - No control,,02 - Non-fatal injury,07 - SMV other,0
17-11906,HOPE SIDE RD @ FREEPORT DR,355435.66253,5014674.15342,-75.85469261230,45.27020153080,2017-12-18,1:32:00 PM,03 - Snow,01 - Daylight,05 - Packed snow,02 - Stop sign,01 - Functioning,03 - P.D. only,02 - Angle,0
17-11907,ROGER STEVENS DR btwn MALAKOFF RD & MCCORDICK RD,362380.09225,4996265.37957,-75.76832401480,45.10402153100,2017-12-18,1:44:00 PM,03 - Snow,01 - Daylight,03 - Loose snow,10 - No control,,03 - P.D. only,07 - SMV other,0
17-11908,RIVERDALE AVE @ SUNNYSIDE AVE,369074.46118,5028787.77552,-75.67906119820,45.39607851070,2017-12-18,1:48:00 PM,01 - Clear,01 - Daylight,04 - Slush,01 - Traffic signal,01 - Functioning,03 - P.D. only,03 - Rear end,0
17-11909,BANK ST btwn ALTA VISTA DR & ERIE AVE,370181.32354,5026361.92283,-75.66524673490,45.37414903490,2017-12-18,2:05:00 PM,03 - Snow,01 - Daylight,03 - Loose snow,10 - No control,,03 - P.D. only,02 - Angle,0
17-11910,MARCH RD @ MARCHURST RD,345134.99911,5024451.98387,-75.98516352630,45.35885225400,2017-12-18,2:57:00 PM,03 - Snow,01 - Daylight,03 - Loose snow,02 - Stop sign,00 - Unknown,02 - Non-fatal injury,05 - Turning movement,0
17-11911,BLEEKS RD @ CONLEY RD,351256.65358,5004809.35832,-75.90886821470,45.18172275830,2017-12-18,3:00:00 PM,03 - Snow,01 - Daylight,03 - Loose snow,02 - Stop sign,00 - Unknown,03 - P.D. only,07 - SMV other,0
17-11912,CARLING AVE @ WOODROFFE AVE W,361767.21023,5025725.75019,-75.77273759440,45.36915937500,2017-12-18,3:29:00 PM,01 - Clear,01 - Daylight,04 - Slush,01 - Traffic signal,01 - Functioning,03 - P.D. only,03 - Rear end,0
17-11913,ALTA VISTA DR @ DALE AVE,370697.24453,5030197.84524,-75.65814817260,45.40861493590,2017-12-18,3:37:00 PM,03 - Snow,01 - Daylight,04 - Slush,02 - Stop sign,01 - Functioning,03 - P.D. only,05 - Turning movement,0
17-11914,JOCKVALE RD @ LONGFIELDS DR,364829.29290,5014001.02790,-75.73507021200,45.26340566480,2017-12-18,10:15:00 AM,03 - Snow,01 - Daylight,04 - Slush,02 - Stop sign,01 - Functioning,03 - P.D. only,02 - Angle,0
17-11915,"MCARTHUR AVE btwn MCARTHUR AVE & EGLISE, RUE DE L",371415.26688,5032820.96568,-75.64862162570,45.43214866520,2017-12-18,4:35:00 PM,03 - Snow,05 - Dusk,04 - Slush,10 - No control,,03 - P.D. only,06 - SMV unattended vehicle,0
17-11916,MERIVALE RD btwn CAPITAL DR & MACFARLANE RD,366108.37394,5020742.23306,-75.71793959450,45.32395219210,2017-12-18,5:07:00 PM,03 - Snow,07 - Dark,03 - Loose snow,10 - No control,,03 - P.D. only,07 - SMV other,0
17-11917,MARCH RD btwn CARP RD & DONALD B. MUNRO DR,342391.92954,5021935.03013,-76.02036614000,45.33635624480,2017-12-18,5:22:00 PM,03 - Snow,07 - Dark,03 - Loose snow,10 - No control,,03 - P.D. only,07 - SMV other,0
17-11918,ST. JOSEPH BLVD @ TENTH LINE RD,382891.75959,5038667.16965,-75.50103830390,45.48356040530,2017-12-18,5:38:00 PM,03 - Snow,07 - Dark,03 - Loose snow,01 - Traffic signal,01 - Functioning,02 - Non-fatal injury,03 - Rear end,0
17-11919,HAZELDEAN RD @ CARBROOKE ST/IRWIN GATE,353417.55555,5018264.72990,-75.88005824780,45.30265283190,2017-12-18,5:40:00 PM,03 - Snow,07 - Dark,03 - Loose snow,01 - Traffic signal,01 - Functioning,02 - Non-fatal injury,05 - Turning movement,0
17-11920,HWY 417 MAITLAND IC126R26/62 @ MAITLAND AVE,363146.17165,5025983.92837,-75.75510429570,45.37136898890,2017-12-18,5:56:00 PM,03 - Snow,07 - Dark,05 - Packed snow,01 - Traffic signal,01 - Functioning,03 - P.D. only,01 - Approaching,0
17-11921,GRANT CARMAN DR @ MEADOWLANDS DR,365052.17200,5023901.26845,-75.73102679600,45.35246826630,2017-12-18,6:05:00 PM,03 - Snow,07 - Dark,03 - Loose snow,01 - Traffic signal,01 - Functioning,03 - P.D. only,03 - Rear end,0
17-11922,RIDEAU VALLEY DR E @ ROGER STEVENS DR E,372213.10037,5002827.03869,-75.64250360200,45.16219460010,2017-12-18,6:24:00 PM,03 - Snow,07 - Dark,03 - Loose snow,02 - Stop sign,01 - Functioning,03 - P.D. only,03 - Rear end,0
17-11923,BESSERER ST btwn CUMBERLAND ST & KING EDWARD AVE,368442.04695,5032272.61863,-75.68668787490,45.42749173500,2017-12-18,6:48:00 PM,03 - Snow,07 - Dark,04 - Slush,10 - No control,,03 - P.D. only,05 - Turning movement,0
17-11924,MELBOURNE AVE btwn KENWOOD AVE & PRINCETON AVE,363273.03688,5027787.22890,-75.75327120650,45.38758426140,2017-12-18,6:53:00 PM,01 - Clear,07 - Dark,05 - Packed snow,10 - No control,,03 - P.D. only,06 - SMV unattended vehicle,0
17-11925,ISABELLA ST/HWY 417 O'CONN IC119BR57 @ O'CONNO,368297.58019,5030310.37209,-75.68878677020,45.40984923810,2017-12-18,6:59:00 PM,03 - Snow,07 - Dark,02 - Wet,01 - Traffic signal,01 - Functioning,02 - Non-fatal injury,07 - SMV other,1
17-11926,LAROSE AVE @ MERIVALE RD,364846.22523,5026967.30671,-75.73328235750,45.38007365220,2017-12-18,7:07:00 PM,03 - Snow,07 - Dark,03 - Loose snow,02 - Stop sign,00 - Unknown,02 - Non-fatal injury,02 - Angle,0
17-11927,PRINCE OF WALES DR btwn ORMOND RD & PHELAN RD W,367069.82650,5002267.97444,-75.70798935280,45.15763652090,2017-12-18,7:13:00 PM,03 - Snow,07 - Dark,03 - Loose snow,10 - No control,,03 - P.D. only,07 - SMV other,0
17-11928,BRIDGE ST @ ARTHUR CRES N,369023.14269,5010281.16345,-75.68211540680,45.22956423700,2017-12-18,2:45:00 PM,03 - Snow,01 - Daylight,05 - Packed snow,02 - Stop sign,00 - Unknown,03 - P.D. only,03 - Rear end,0
17-11929,BAYSHORE DR @ WOODRIDGE CRES N,359072.87100,5023874.36125,-75.80733514650,45.35271441060,2017-12-18,7:27:00 PM,03 - Snow,07 - Dark,04 - Slush,01 - Traffic signal,01 - Functioning,03 - P.D. only,03 - Rear end,0
17-11930,REGIONAL ROAD 174 EB btwn OR174 IC109 RAMP55 & TRANSIT,376483.41284,5035008.34025,-75.58353747360,45.45132816450,2017-12-18,7:28:00 PM,03 - Snow,07 - Dark,03 - Loose snow,10 - No control,,03 - P.D. only,04 - Sideswipe,0
17-11931,DUNROBIN RD btwn KINBURN SIDE RD & VANCES SIDE RD,339946.57883,5033893.14318,-76.05071355110,45.44408607210,2017-12-18,8:38:00 PM,03 - Snow,07 - Dark,03 - Loose snow,10 - No control,,03 - P.D. only,07 - SMV other,0
17-11932,PRINCE OF WALES DR btwn ORMOND RD & PHELAN RD W,367061.96911,5002263.70864,-75.70808981330,45.15759882980,2017-12-18,9:00:00 PM,03 - Snow,07 - Dark,03 - Loose snow,10 - No control,,03 - P.D. only,07 - SMV other,0
17-11933,CEDARVIEW RD @ FALLOWFIELD RD,361294.18930,5015664.68105,-75.77992369440,45.27866815710,2017-12-18,10:05:00 PM,03 - Snow,07 - Dark,03 - Loose snow,01 - Traffic signal,00 - Unknown,02 - Non-fatal injury,04 - Sideswipe,0
17-11934,AMBERWOOD CRES @ EDENBROOK CRT,367087.94882,5020460.45178,-75.70548060450,45.32133052750,2017-12-18,10:06:00 PM,03 - Snow,07 - Dark,03 - Loose snow,10 - No control,00 - Unknown,03 - P.D. only,01 - Approaching,0
17-11935,KLONDIKE RD @ MARCH RD,349262.97100,5024061.86005,-75.93251160530,45.35509219430,2017-12-18,10:19:00 PM,03 - Snow,07 - Dark,03 - Loose snow,01 - Traffic signal,01 - Functioning,03 - P.D. only,03 - Rear end,0
17-11936,FALLOWFIELD RD btwn HWY416 IC66 RAMP34 & HWY416 IC66 RAMP63,359853.30299,5014734.92227,-75.79839096590,45.27041638660,2017-12-18,11:16:00 PM,01 - Clear,07 - Dark,04 - Slush,10 - No control,,03 - P.D. only,07 - SMV other,0
17-11937,ALBION RD btwn LESTER RD & LEITRIM RD,372772.13748,5022146.89967,-75.63275188560,45.33597728980,2017-12-18,11:24:00 PM,01 - Clear,07 - Dark,04 - Slush,10 - No control,,03 - P.D. only,07 - SMV other,0
17-11938,OR174 IC109 RAMP65 @ MONTREAL RD,376402.43301,5034982.84591,-75.58457636710,45.45110708370,2017-12-19,6:00:00 AM,01 - Clear,07 - Dark,03 - Loose snow,01 - Traffic signal,00 - Unknown,03 - P.D. only,03 - Rear end,0
17-11939,RICHMOND RD @ LYNHAR RD/STAFFORD RD,358136.58048,5021085.80764,-75.81958443990,45.32769469820,2017-12-19,6:48:00 AM,03 - Snow,07 - Dark,03 - Loose snow,01 - Traffic signal,01 - Functioning,03 - P.D. only,07 - SMV other,0
17-11940,FALLOWFIELD RD @ MOODIE DR,359502.12927,5014637.12296,-75.80287682510,45.26956377910,2017-12-19,6:55:00 AM,03 - Snow,07 - Dark,03 - Loose snow,01 - Traffic signal,01 - Functioning,03 - P.D. only,05 - Turning movement,0
17-11941,MCCORDICK RD btwn MCCORDICK RD & CENTURY RD W,360060.33362,5003593.58558,-75.79698932050,45.17014819550,2017-12-19,7:21:00 AM,03 - Snow,03 - Dawn,04 - Slush,10 - No control,,03 - P.D. only,01 - Approaching,0
17-11942,MAISONNEUVE ST @ ST. JOSEPH BLVD,381464.21077,5037579.78123,-75.51946672740,45.47393524240,2017-12-19,7:28:00 AM,03 - Snow,03 - Dawn,05 - Packed snow,02 - Stop sign,00 - Unknown,03 - P.D. only,05 - Turning movement,0
17-11943,SCOTT ST @ STIRLING AVE,365212.58790,5029884.24931,-75.72824761290,45.40628818390,2017-12-19,7:32:00 AM,03 - Snow,03 - Dawn,03 - Loose snow,02 - Stop sign,01 - Functioning,03 - P.D. only,02 - Angle,0
17-11944,STRANDHERD DR btwn ANDORA AVE & JOCKVALE RD,363429.05876,5014499.22310,-75.75285250010,45.26800654500,2017-12-19,7:54:00 AM,03 - Snow,01 - Daylight,05 - Packed snow,10 - No control,,03 - P.D. only,04 - Sideswipe,0
17-11945,OLD TENTH LINE RD @ TENTH LINE RD,383042.96185,5038358.74221,-75.49915353830,45.48076852540,2017-12-19,7:25:00 AM,03 - Snow,03 - Dawn,03 - Loose snow,01 - Traffic signal,01 - Functioning,03 - P.D. only,03 - Rear end,0
17-11946,WOODROFFE AVE @ DEERFOX DR/STONEWAY DR,365886.14906,5015939.31140,-75.72136588750,45.28075528550,2017-12-19,5:15:00 AM,01 - Clear,07 - Dark,04 - Slush,01 - Traffic signal,01 - Functioning,03 - P.D. only,05 - Turning movement,0
17-11947,INNES RD @ JEANNE D'ARC BLVD/MER BLEUE RD,382638.22697,5035568.26376,-75.50477188460,45.45570748380,2017-12-19,8:26:00 AM,01 - Clear,01 - Daylight,03 - Loose snow,01 - Traffic signal,01 - Functioning,03 - P.D. only,02 - Angle,0
17-11948,CARLING AVE @ BROADVIEW AVE,363180.52560,5026638.56587,-75.75458835900,45.37725647180,2017-12-19,8:35:00 AM,03 - Snow,01 - Daylight,03 - Loose snow,01 - Traffic signal,01 - Functioning,03 - P.D. only,05 - Turning movement,0
17-11949,MERIVALE RD btwn VIEWMOUNT DR & COLONNADE RD,365195.59690,5022944.00013,-75.72931339250,45.34384256170,2017-12-19,8:38:00 AM,03 - Snow,01 - Daylight,03 - Loose snow,10 - No control,,03 - P.D. only,05 - Turning movement,0
17-11950,GREENBANK RD btwn WEST HUNT CLUB RD & FALLOWFIELD RD,361679.21134,5020046.34434,-75.77451396410,45.31806345910,2017-12-19,8:51:00 AM,03 - Snow,01 - Daylight,03 - Loose snow,10 - No control,,02 - Non-fatal injury,07 - SMV other,0
17-11951,CEDARVIEW RD @ WEST HUNT CLUB RD,359718.20403,5019554.71439,-75.79957891560,45.31379587770,2017-12-19,8:56:00 AM,03 - Snow,01 - Daylight,05 - Packed snow,01 - Traffic signal,00 - Unknown,03 - P.D. only,05 - Turning movement,0
17-11952,CENTENNIAL BLVD @ MAIN ST,369480.81725,5029416.55700,-75.67378914440,45.40169865270,2017-12-19,9:00:00 AM,03 - Snow,01 - Daylight,03 - Loose snow,02 - Stop sign,00 - Unknown,03 - P.D. only,04 - Sideswipe,0
17-11953,BANKFIELD RD btwn HWY416 IC57 RAMP24 & HWY416 IC57 RAMP62,365042.62265,5008215.11231,-75.73305278600,45.21132551340,2017-12-18,6:30:00 PM,02 - Rain,07 - Dark,03 - Loose snow,10 - No control,,03 - P.D. only,07 - SMV other,0
17-11954,ESCARPMENT CRES N/TERRANE PL @ HUNTSVILLE DR,348440.95810,5019993.78200,-75.94336136080,45.31853818190,2017-12-19,9:25:00 AM,01 - Clear,01 - Daylight,02 - Wet,02 - Stop sign,01 - Functioning,03 - P.D. only,02 - Angle,0
17-11955,ELGIN ST @ QUEEN ST,367804.22913,5031779.81469,-75.69490107620,45.42311539570,2017-12-19,9:34:00 AM,01 - Clear,01 - Daylight,04 - Slush,01 - Traffic signal,01 - Functioning,03 - P.D. only,05 - Turning movement,0
17-11956,CARLING AVE @ MERIVALE RD,364894.70380,5027700.78089,-75.73257410940,45.38666915790,2017-12-19,10:01:00 AM,03 - Snow,01 - Daylight,04 - Slush,01 - Traffic signal,01 - Functioning,02 - Non-fatal injury,02 - Angle,0
17-11957,LEITRIM RD btwn HIGH RD & ALBION RD,372818.50987,5019990.48773,-75.63245653160,45.31657009870,2017-12-19,9:59:00 AM,04 - Freezing Rain,01 - Daylight,06 - Ice,10 - No control,,03 - P.D. only,03 - Rear end,0
17-11958,BOWESVILLE RD/HIGH RD @ LEITRIM RD,371675.67805,5019286.76184,-75.64712615300,45.31034794230,2017-12-19,9:48:00 AM,03 - Snow,01 - Daylight,03 - Loose snow,02 - Stop sign,00 - Unknown,03 - P.D. only,03 - Rear end,0
17-11959,LAURIER AVE @ NICHOLAS ST,368374.11490,5031798.50885,-75.68761711660,45.42323204110,2017-12-19,10:11:00 AM,03 - Snow,01 - Daylight,04 - Slush,01 - Traffic signal,01 - Functioning,03 - P.D. only,03 - Rear end,0
17-11960,KNOXDALE RD @ WEST HUNT CLUB RD,361863.20780,5020583.76025,-75.77210538700,45.32288419350,2017-12-19,10:16:00 AM,03 - Snow,01 - Daylight,05 - Packed snow,01 - Traffic signal,01 - Functioning,03 - P.D. only,03 - Rear end,0
17-11961,STONEHENGE CRES btwn WHITTAKER CRES & WHITTAKER CRES,375386.83059,5031483.33872,-75.59806078420,45.41972386320,2017-12-19,9:45:00 AM,03 - Snow,01 - Daylight,04 - Slush,10 - No control,,03 - P.D. only,06 - SMV unattended vehicle,0
17-11962,MAY ST @ MCARTHUR AVE,371674.79949,5032851.02290,-75.64530095000,45.43239433580,2017-12-19,10:54:00 AM,03 - Snow,01 - Daylight,04 - Slush,01 - Traffic signal,01 - Functioning,02 - Non-fatal injury,07 - SMV other,0
17-11963,ANDERSON RD @ INNES RD,376282.17479,5031841.80285,-75.58656976400,45.42285820910,2017-12-19,11:11:00 AM,03 - Snow,01 - Daylight,03 - Loose snow,01 - Traffic signal,01 - Functioning,03 - P.D. only,03 - Rear end,0
17-11964,SOMERSET ST    W btwn LEBRETON ST N & EMPRESS AVE,366691.30817,5030324.67100,-75.70930390920,45.41012178660,2017-12-19,12:00:00 AM,03 - Snow,00 - Unknown,06 - Ice,10 - No control,,03 - P.D. only,06 - SMV unattended vehicle,0
17-11965,BEAUSEJOUR DR N @ ORLEANS BLVD,381055.27743,5035895.82199,-75.52495747030,45.45882912800,2017-12-19,12:34:00 PM,03 - Snow,01 - Daylight,04 - Slush,01 - Traffic signal,01 - Functioning,03 - P.D. only,03 - Rear end,0
17-11966,"DECOEUR, PROMENADE/SOUTHFIELD WAY @ TENTH LINE RD",384551.51700,5034726.57590,-75.48044915820,45.44791900010,2017-12-19,12:47:00 PM,01 - Clear,01 - Daylight,03 - Loose snow,02 - Stop sign,01 - Functioning,02 - Non-fatal injury,07 - SMV other,0
17-11967,LAKEBREEZE CIR btwn BOISDALE WALK & LAKEBREEZE CIR,385924.72990,5034723.54700,-75.46289724520,45.44773371610,2017-12-19,1:22:00 PM,01 - Clear,01 - Daylight,03 - Loose snow,10 - No control,,03 - P.D. only,06 - SMV unattended vehicle,0
17-11968,CARLING AVE @ MAITLAND AVE/SHERBOURNE RD,362942.22000,5026488.76605,-75.75764846210,45.37592840790,2017-12-19,8:55:00 AM,01 - Clear,01 - Daylight,01 - Dry,01 - Traffic signal,01 - Functioning,03 - P.D. only,03 - Rear end,0
17-11969,BUCHANAN CRES btwn HOLLYBROOK CRES & QUINCY AVE (2),374616.54477,5036133.95203,-75.60724236170,45.46164474780,2017-12-19,1:46:00 PM,02 - Rain,01 - Daylight,04 - Slush,10 - No control,,03 - P.D. only,06 - SMV unattended vehicle,0
17-11970,PARKGLEN DR @ WOODROFFE AVE,362888.21000,5023125.79575,-75.75873325640,45.34567321500,2017-12-15,6:15:00 PM,01 - Clear,07 - Dark,04 - Slush,02 - Stop sign,01 - Functioning,03 - P.D. only,02 - Angle,0
17-11971,AGINCOURT RD @ MAITLAND AVE,363447.15997,5025450.76359,-75.75132525250,45.36654651590,2017-12-19,2:12:00 PM,03 - Snow,01 - Daylight,04 - Slush,02 - Stop sign,01 - Functioning,03 - P.D. only,02 - Angle,0
17-11972,MOODIE DR btwn MCKENNA CASEY DR & CAMBRIAN RD,360380.37036,5012591.28994,-75.79191424810,45.25108625580,2017-12-19,10:00:00 AM,03 - Snow,01 - Daylight,03 - Loose snow,10 - No control,,03 - P.D. only,07 - SMV other,0
17-11973,HUNT CLUB RD @ RIVERSIDE DR,368036.22963,5021945.73519,-75.69319620820,45.33461005270,2017-12-19,3:42:00 PM,01 - Clear,01 - Daylight,02 - Wet,01 - Traffic signal,01 - Functioning,03 - P.D. only,04 - Sideswipe,0
17-11974,MARINA DR @ RIDEAU VALLEY DR,372353.50810,5003522.44493,-75.64062373190,45.16843840820,2017-12-16,7:45:00 PM,03 - Snow,07 - Dark,03 - Loose snow,10 - No control,00 - Unknown,03 - P.D. only,07 - SMV other,0
17-11975,MONTREAL RD btwn ST. LAURENT BLVD & HILLSIDE DR,371599.19402,5033842.68346,-75.64613255810,45.44132406190,2017-12-19,4:04:00 PM,02 - Rain,05 - Dusk,04 - Slush,10 - No control,,03 - P.D. only,05 - Turning movement,0
17-11976,LAURIER AVE   W btwn KENT ST & BANK ST,367407.80089,5031220.38120,-75.70003742210,45.41811738280,2017-12-19,4:06:00 PM,01 - Clear,05 - Dusk,02 - Wet,10 - No control,,03 - P.D. only,06 - SMV unattended vehicle,0
17-11977,KING EDWARD AVE @ RIDEAU ST,368511.70720,5032414.26564,-75.68577941980,45.42875988170,2017-12-19,4:14:00 PM,02 - Rain,05 - Dusk,02 - Wet,01 - Traffic signal,01 - Functioning,03 - P.D. only,04 - Sideswipe,0
17-11978,VIEWMOUNT DR btwn MERIVALE RD & GRANT CARMAN DR,365286.00479,5023002.69658,-75.72815265750,45.34436291490,2017-12-19,4:20:00 PM,04 - Freezing Rain,05 - Dusk,04 - Slush,10 - No control,,03 - P.D. only,05 - Turning movement,0
17-11979,ORCHARDVIEW AVE btwn NORTHAMPTON DR & GARDENWAY DR,384728.93125,5036821.06873,-75.47784099620,45.46674303040,2017-12-19,4:33:00 PM,01 - Clear,05 - Dusk,05 - Packed snow,10 - No control,,02 - Non-fatal injury,99 - Other,0
17-11980,HEPATICA WAY @ MASKINONGE CR E,384077.33310,5034257.60700,-75.48658577270,45.44375357890,2017-12-19,4:37:00 PM,99 - Other,05 - Dusk,03 - Loose snow,10 - No control,00 - Unknown,03 - P.D. only,06 - SMV unattended vehicle,0
17-11981,RUSSELL RD btwn CLAYTON RD & RUISSELLET RD,397591.03630,5028588.28245,-75.31494006920,45.39108563240,2017-12-19,4:41:00 PM,03 - Snow,05 - Dusk,02 - Wet,10 - No control,,03 - P.D. only,03 - Rear end,0