COLLISION_ID,LOCATION,X,Y,LONGITUDE,LATITUDE,DATE,TIME,ENVIRONMENT,LIGHT,SURFACE_CONDITION,TRAFFIC_CONTROL,TRAFFIC_CONTROL_CONDITION,COLLISION_CLASSIFICATION,IMPACT_TYPE,NO_OF_PEDESTRIANS
17-11982,BLACKBURN BYPASS @ NAVAN RD,379617.78929,5033274.47077,-75.54373401650,45.43539955210,2017-12-19,5:07:00 PM,03 - Snow,07 - Dark,06 - Ice,01 - Traffic signal,01 - Functioning,03 - P.D. only,04 - Sideswipe,0
17-11983,BOTTRIELL WAY btwn HOSKINS CRES & MERKLEY DR,383719.51330,5037428.62535,-75.49065018700,45.47232404730,2017-12-19,12:00:00 AM,01 - Clear,00 - Unknown,02 - Wet,10 - No control,,03 - P.D. only,06 - SMV unattended vehicle,0
17-11984,BASELINE RD @ WOODROFFE AVE,362549.69020,5023770.27922,-75.76297750690,45.35150018370,2017-12-19,5:35:00 PM,03 - Snow,07 - Dark,03 - Loose snow,01 - Traffic signal,01 - Functioning,03 - P.D. only,03 - Rear end,0
17-11985,EAGLESON RD @ KATIMAVIK RD/TIMM DR,353214.15073,5019565.23321,-75.88252474460,45.31436908810,2017-12-19,5:36:00 PM,03 - Snow,07 - Dark,03 - Loose snow,01 - Traffic signal,01 - Functioning,03 - P.D. only,03 - Rear end,0
17-11986,COLONEL BY DR/MACKENZIE AVE @ DALY AVE,368002.69104,5031903.78365,-75.69234938020,45.42421292420,2017-12-16,10:45:00 PM,01 - Clear,07 - Dark,02 - Wet,01 - Traffic signal,01 - Functioning,03 - P.D. only,03 - Rear end,0
17-11987,PROVENDER AVE btwn ROTHBURY CRES & END,372902.80876,5034765.07567,-75.62934322090,45.44949749370,2017-12-19,12:00:00 AM,01 - Clear,00 - Unknown,05 - Packed snow,10 - No control,,03 - P.D. only,06 - SMV unattended vehicle,0
17-11988,LAURIER AVE   E btwn KING EDWARD AVE & HENDERSON AVE,368784.20424,5032060.85479,-75.68234324140,45.42555514530,2017-12-18,6:40:00 PM,03 - Snow,07 - Dark,03 - Loose snow,10 - No control,,03 - P.D. only,03 - Rear end,0
17-11989,HAZELDEAN RD @ TERRY FOX DR,352207.13310,5017242.68995,-75.89558966640,45.29353898910,2017-12-19,6:14:00 PM,01 - Clear,07 - Dark,04 - Slush,01 - Traffic signal,00 - Unknown,03 - P.D. only,04 - Sideswipe,0
17-11990,MAPLE GROVE RD @ TERRY FOX DR,351554.08650,5017863.74765,-75.90385657850,45.29917118840,2017-12-19,6:15:00 PM,01 - Clear,07 - Dark,01 - Dry,01 - Traffic signal,01 - Functioning,03 - P.D. only,05 - Turning movement,0
17-11991,INNES RD @ TENTH LINE RD,383952.23820,5036160.75554,-75.48787837270,45.46089058050,2017-12-19,6:53:00 PM,01 - Clear,07 - Dark,03 - Loose snow,01 - Traffic signal,01 - Functioning,02 - Non-fatal injury,03 - Rear end,0
17-11992,CENTREPOINTE DR @ TALLWOOD DR,362671.17090,5022575.78265,-75.76156701610,45.34074217360,2017-12-19,7:19:00 PM,03 - Snow,07 - Dark,06 - Ice,01 - Traffic signal,01 - Functioning,03 - P.D. only,03 - Rear end,0
17-11993,JASMINE CRES S @ OGILVIE RD,375355.68205,5033721.29546,-75.59813809760,45.43986286470,2017-12-19,7:26:00 PM,01 - Clear,07 - Dark,04 - Slush,02 - Stop sign,01 - Functioning,03 - P.D. only,05 - Turning movement,0
17-11994,HAZELDEAN RD @ TERRY FOX DR,352207.61100,5017242.21205,-75.89558361950,45.29353465660,2017-12-19,7:24:00 PM,03 - Snow,07 - Dark,02 - Wet,01 - Traffic signal,01 - Functioning,03 - P.D. only,03 - Rear end,0
17-11995,SHEFFIELD RD @ WALKLEY RD,375256.77931,5028784.77775,-75.60010798310,45.39545675380,2017-12-19,9:54:00 PM,01 - Clear,07 - Dark,02 - Wet,01 - Traffic signal,02 - Not functioning,03 - P.D. only,05 - Turning movement,0
17-11996,IRIS ST @ MINNETONKA RD,362208.31523,5024370.04057,-75.76726425650,45.35692482280,2017-12-19,11:15:00 PM,01 - Clear,07 - Dark,04 - Slush,02 - Stop sign,01 - Functioning,03 - P.D. only,02 - Angle,0
17-11997,AUGUSTA ST @ RIDEAU ST,369011.85321,5032716.54165,-75.67934891340,45.43143390860,2017-12-20,12:00:00 AM,01 - Clear,00 - Unknown,04 - Slush,01 - Traffic signal,01 - Functioning,03 - P.D. only,06 - SMV unattended vehicle,0
17-11998,ST. JOSEPH BLVD/OLD MONTREAL RD @ TRIM RD,384682.75400,5039285.58190,-75.47803064530,45.48892162930,2017-12-20,3:48:00 AM,01 - Clear,07 - Dark,02 - Wet,11 - Roundabout,01 - Functioning,03 - P.D. only,07 - SMV other,0
17-11999,METCALFE ST @ SOMERSET ST,368010.25334,5031103.89636,-75.69235537740,45.41701512280,2017-12-20,6:17:00 AM,03 - Snow,07 - Dark,04 - Slush,01 - Traffic signal,01 - Functioning,03 - P.D. only,07 - SMV other,0
17-12000,LEITRIM RD @ LIMEBANK RD S,369354.76061,5017876.74895,-75.67690560270,45.29787808460,2017-12-20,7:30:00 AM,01 - Clear,03 - Dawn,02 - Wet,01 - Traffic signal,01 - Functioning,03 - P.D. only,03 - Rear end,0
17-12001,HERON RD @ KALADAR AVE,369686.09460,5026803.58323,-75.67151085080,45.37816898950,2017-12-19,4:55:00 PM,01 - Clear,07 - Dark,01 - Dry,01 - Traffic signal,01 - Functioning,03 - P.D. only,03 - Rear end,0
17-12002,MARCH RD @ TERRY FOX DR,349864.60860,5023398.79205,-75.92489362220,45.34908735730,2017-12-19,8:32:00 AM,01 - Clear,01 - Daylight,03 - Loose snow,01 - Traffic signal,01 - Functioning,03 - P.D. only,07 - SMV other,0
17-12003,BAY ST @ SOMERSET ST,367244.69940,5030644.80735,-75.70219415710,45.41295312110,2017-12-20,8:59:00 AM,01 - Clear,01 - Daylight,04 - Slush,02 - Stop sign,00 - Unknown,03 - P.D. only,99 - Other,0
17-12004,EAGLESON RD @ MICHAEL COWPLAND DR/STONEHAVEN D,354382.75401,5016623.01089,-75.86791550390,45.28781283440,2017-12-20,9:15:00 AM,03 - Snow,01 - Daylight,06 - Ice,01 - Traffic signal,01 - Functioning,03 - P.D. only,03 - Rear end,0
17-12005,CHAPMAN MILLS DR btwn LEAMINGTON WAY & TEMAGAMI DR,365282.22047,5014807.58042,-75.72920103620,45.27062421690,2017-12-19,12:00:00 AM,03 - Snow,00 - Unknown,03 - Loose snow,10 - No control,,03 - P.D. only,06 - SMV unattended vehicle,0
17-12006,RIVERSIDE DR RAMP 34 @ RIVERSIDE DR,368340.96544,5027183.70493,-75.68863527810,45.38171250020,2017-12-20,9:32:00 AM,01 - Clear,01 - Daylight,05 - Packed snow,03 - Yield sign,01 - Functioning,03 - P.D. only,07 - SMV other,0
17-12007,RICHMOND RD btwn ROBERTSON RD & STINSON AVE,357659.45638,5020798.83547,-75.82570133130,45.32514859490,2017-12-18,7:45:00 PM,03 - Snow,07 - Dark,05 - Packed snow,10 - No control,,03 - P.D. only,05 - Turning movement,0
17-12008,EVANS BLVD @ BANK ST,369930.77122,5027031.49218,-75.66835699840,45.38019693880,2017-12-20,9:15:00 AM,01 - Clear,01 - Daylight,02 - Wet,02 - Stop sign,01 - Functioning,03 - P.D. only,02 - Angle,0
17-12009,FINDLAY CREEK DR @ BANK ST,375847.36240,5020461.05597,-75.59376222700,45.32050413580,2017-12-20,11:55:00 AM,03 - Snow,01 - Daylight,04 - Slush,01 - Traffic signal,01 - Functioning,02 - Non-fatal injury,03 - Rear end,0
17-12010,MURRAY ST @ SUSSEX DR,367708.96279,5032393.78045,-75.69603989800,45.42864822800,2017-12-20,12:06:00 PM,01 - Clear,01 - Daylight,04 - Slush,01 - Traffic signal,00 - Unknown,03 - P.D. only,04 - Sideswipe,0
17-12011,GRASSY PLAINS DR btwn MEADOWBREEZE DR & FARMFIELD CRES,356070.36919,5015831.77602,-75.84648479990,45.28057206920,2017-12-19,11:40:00 AM,01 - Clear,01 - Daylight,04 - Slush,10 - No control,,03 - P.D. only,06 - SMV unattended vehicle,0
17-12012,CARLING AVE @ WOODROFFE AVE W,361767.21023,5025724.33007,-75.77273775820,45.36914659710,2017-12-20,10:20:00 AM,01 - Clear,01 - Daylight,01 - Dry,01 - Traffic signal,01 - Functioning,03 - P.D. only,05 - Turning movement,0
17-12013,MORRISON DR @ BASELINE RD,360100.21707,5022309.73039,-75.79439942420,45.33855560510,2017-12-20,1:06:00 PM,01 - Clear,01 - Daylight,01 - Dry,01 - Traffic signal,01 - Functioning,03 - P.D. only,02 - Angle,0
17-12014,BEAVERPOND DR @ BLAIR RD,375399.72990,5031874.80605,-75.59783988280,45.42324476690,2017-12-20,1:35:00 PM,01 - Clear,01 - Daylight,02 - Wet,01 - Traffic signal,01 - Functioning,03 - P.D. only,03 - Rear end,0
17-12015,BASELINE RD/HWY 416 RICHMOND IC75R53 @ RICHMON,358635.72761,5021821.39796,-75.81313726840,45.33427547170,2017-12-20,1:47:00 PM,01 - Clear,01 - Daylight,02 - Wet,01 - Traffic signal,01 - Functioning,03 - P.D. only,03 - Rear end,0
17-12016,STIRLING AVE btwn ARMSTRONG ST & WELLINGTON ST W,365368.59362,5029528.47589,-75.72629857120,45.40307353660,2017-12-20,2:19:00 PM,01 - Clear,01 - Daylight,04 - Slush,10 - No control,,03 - P.D. only,06 - SMV unattended vehicle,0
17-12017,MAIN ST btwn HARVEY ST & HAWTHORNE AVE,368967.17676,5030639.71333,-75.68019034350,45.41275146450,2017-12-18,7:00:00 PM,03 - Snow,07 - Dark,03 - Loose snow,10 - No control,,03 - P.D. only,07 - SMV other,0
17-12018,DOVERCOURT AVE btwn BROADVIEW AVE & HIGHLAND AVE,362999.65363,5027123.56577,-75.75684039640,45.38163548410,2017-12-20,2:55:00 PM,01 - Clear,01 - Daylight,02 - Wet,10 - No control,,03 - P.D. only,06 - SMV unattended vehicle,0
17-12019,CATHERINE ST @ LYON ST/HWY 417 LYON IC120BR36,367747.70660,5030092.32615,-75.69583882200,45.40793700140,2017-12-20,2:56:00 PM,01 - Clear,01 - Daylight,01 - Dry,01 - Traffic signal,01 - Functioning,03 - P.D. only,02 - Angle,0
17-12020,CLAPP LANE @ MANOTICK MAIN ST,368759.64985,5009886.14761,-75.68552142310,45.22603388110,2017-12-20,2:59:00 PM,01 - Clear,01 - Daylight,01 - Dry,02 - Stop sign,01 - Functioning,03 - P.D. only,02 - Angle,0
17-12021,HUNT CLUB RD @ BRIDLE PATH DR/DAZE ST,371292.20680,5023863.30906,-75.65140132140,45.35156282040,2017-12-20,10:30:00 AM,01 - Clear,01 - Daylight,01 - Dry,01 - Traffic signal,01 - Functioning,03 - P.D. only,05 - Turning movement,0
17-12022,MERIVALE RD @ WOODFIELD DR/ROYDON PL,365461.79918,5022297.37150,-75.72599607550,45.33800131510,2017-12-20,3:24:00 PM,01 - Clear,01 - Daylight,05 - Packed snow,01 - Traffic signal,02 - Not functioning,03 - P.D. only,03 - Rear end,0
17-12023,SEDONA ST btwn WOODGATE WAY & ROYAL FIELD CRES,365087.76570,5017720.37899,-75.73132510760,45.29685017800,2017-12-20,3:32:00 PM,03 - Snow,01 - Daylight,04 - Slush,10 - No control,,03 - P.D. only,06 - SMV unattended vehicle,0
17-12024,SPARKMAN AVE btwn MONTMORENCY WAY & HARVEST VALLEY AVE,384841.65270,5034524.87642,-75.47677344360,45.44607112840,2017-12-20,3:30:00 PM,01 - Clear,01 - Daylight,05 - Packed snow,10 - No control,,03 - P.D. only,99 - Other,0
17-12025,COOPER ST @ LYON ST,367321.23232,5030792.56270,-75.70119770990,45.41427574490,2017-12-20,3:40:00 PM,01 - Clear,01 - Daylight,04 - Slush,02 - Stop sign,01 - Functioning,03 - P.D. only,05 - Turning movement,0
17-12026,MARCH RD @ SOLANDT RD,350491.05075,5022711.10464,-75.91696302090,45.34285886710,2017-12-20,3:51:00 PM,01 - Clear,01 - Daylight,01 - Dry,01 - Traffic signal,01 - Functioning,03 - P.D. only,03 - Rear end,0
17-12027,780 W OF TERRY FOX DR @ HAZELDEAN RD,351618.56580,5016697.73380,-75.90314454400,45.28867478420,2017-12-20,4:56:00 PM,01 - Clear,05 - Dusk,01 - Dry,01 - Traffic signal,01 - Functioning,02 - Non-fatal injury,05 - Turning movement,0
17-12028,INDUSTRIAL AVE/INNES RD @ ST. LAURENT BLVD,373099.24950,5030005.32775,-75.62749221490,45.40665247840,2017-12-20,4:08:00 PM,01 - Clear,05 - Dusk,01 - Dry,01 - Traffic signal,01 - Functioning,03 - P.D. only,03 - Rear end,0
17-12029,AGES DR @ HAWTHORNE RD,374971.26783,5027718.71923,-75.60390575570,45.38589355580,2017-12-20,4:05:00 PM,01 - Clear,05 - Dusk,01 - Dry,01 - Traffic signal,01 - Functioning,03 - P.D. only,03 - Rear end,0
17-12030,HERRIDGE ST @ MAIN ST,369219.18517,5030048.78749,-75.67704820110,45.40741136940,2017-12-20,4:30:00 PM,01 - Clear,05 - Dusk,04 - Slush,02 - Stop sign,01 - Functioning,02 - Non-fatal injury,05 - Turning movement,0
17-12031,CARLING AVE @ HARTLEIGH AVE,361400.26082,5025512.62525,-75.77744623430,45.36727142340,2017-12-20,4:43:00 PM,01 - Clear,05 - Dusk,02 - Wet,02 - Stop sign,01 - Functioning,03 - P.D. only,03 - Rear end,0
17-12032,MERIVALE RD @ WEST HUNT CLUB RD,365612.69520,5021942.73489,-75.72411450140,45.33479727920,2017-12-20,4:53:00 PM,01 - Clear,07 - Dark,01 - Dry,01 - Traffic signal,01 - Functioning,03 - P.D. only,05 - Turning movement,0
17-12033,ST. LAURENT BLVD @ THURSTON DR,373686.95950,5027495.53143,-75.62033568940,45.38401289590,2017-12-20,4:58:00 PM,01 - Clear,07 - Dark,03 - Loose snow,02 - Stop sign,01 - Functioning,02 - Non-fatal injury,03 - Rear end,0
17-12034,WALKLEY RD @ AIRPORT PKWY SB RAMP,369837.19047,5025651.28961,-75.66973353720,45.36778700010,2017-12-20,5:14:00 PM,01 - Clear,07 - Dark,04 - Slush,03 - Yield sign,00 - Unknown,03 - P.D. only,03 - Rear end,0
17-12035,ASH LANE @ DRIVEWAY (THE),365993.19152,5027598.58436,-75.71856009000,45.38565450830,2017-12-20,5:18:00 PM,01 - Clear,07 - Dark,03 - Loose snow,02 - Stop sign,00 - Unknown,02 - Non-fatal injury,03 - Rear end,0
17-12036,MARCH RD @ HUNTMAR DR,344141.33351,5023548.21326,-75.99791811170,45.35077630120,2017-12-20,5:25:00 PM,01 - Clear,07 - Dark,01 - Dry,02 - Stop sign,00 - Unknown,03 - P.D. only,07 - SMV other,0
17-12037,NEPEAN ST @ O'CONNOR ST,367720.70990,5031225.40117,-75.69603902430,45.41813448130,2017-12-20,8:30:00 AM,01 - Clear,01 - Daylight,03 - Loose snow,02 - Stop sign,01 - Functioning,03 - P.D. only,04 - Sideswipe,0
17-12038,MERIVALE RD @ CLEOPATRA DR,365951.03436,5021122.62691,-75.71989947830,45.32738865250,2017-12-20,5:38:00 PM,01 - Clear,07 - Dark,01 - Dry,01 - Traffic signal,00 - Unknown,03 - P.D. only,05 - Turning movement,0
17-12039,PRINCE OF WALES DR @ WEST HUNT CLUB RD,367458.23240,5021892.69804,-75.70057661530,45.33418468420,2017-12-20,5:38:00 PM,01 - Clear,07 - Dark,01 - Dry,01 - Traffic signal,01 - Functioning,03 - P.D. only,03 - Rear end,0
17-12040,INDUSTRIAL AVE @ RIVERSIDE DR,370684.71668,5030592.55433,-75.65825544600,45.41216755160,2017-12-20,5:43:00 PM,01 - Clear,07 - Dark,02 - Wet,01 - Traffic signal,01 - Functioning,03 - P.D. only,03 - Rear end,0
17-12041,CENTRAL PARK DR N @ MERIVALE RD,364954.06431,5025874.70422,-75.73203859090,45.37023335750,2017-12-20,5:45:00 PM,01 - Clear,07 - Dark,02 - Wet,01 - Traffic signal,01 - Functioning,03 - P.D. only,02 - Angle,0
17-12042,HIGHWAY 417 btwn HWY417 IC115 RAMP61 & REGIONAL ROAD 174,373069.92395,5031643.58402,-75.62763986790,45.42139559310,2017-12-20,6:11:00 PM,01 - Clear,07 - Dark,02 - Wet,10 - No control,,03 - P.D. only,03 - Rear end,0
17-12043,GABRIEL ST @ ST. JOSEPH BLVD,381545.20927,5037640.88384,-75.51842136700,45.47447609490,2017-12-20,6:14:00 PM,01 - Clear,07 - Dark,02 - Wet,02 - Stop sign,01 - Functioning,03 - P.D. only,02 - Angle,0
17-12044,GREENBANK RD @ HIGHBURY PARK DR,363614.49201,5015524.24324,-75.75036819210,45.27721421770,2017-12-20,6:21:00 PM,01 - Clear,07 - Dark,06 - Ice,01 - Traffic signal,01 - Functioning,03 - P.D. only,03 - Rear end,0
17-12045,FIRST AVE btwn O'CONNOR ST & QUEEN ELIZABETH DRWY,368704.47943,5029958.95212,-75.68363451140,45.40665024320,2017-12-20,7:44:00 PM,01 - Clear,07 - Dark,06 - Ice,10 - No control,,03 - P.D. only,06 - SMV unattended vehicle,0
17-12046,MERIVALE RD @ WOODFIELD DR/ROYDON PL,365462.22773,5022299.68233,-75.72599032540,45.33802207030,2017-12-20,7:47:00 PM,01 - Clear,07 - Dark,01 - Dry,01 - Traffic signal,01 - Functioning,03 - P.D. only,05 - Turning movement,0
17-12047,MURRAY ST btwn CUMBERLAND ST & KING EDWARD AVE,368248.14950,5032727.30981,-75.68910695050,45.43160050040,2017-12-20,9:30:00 AM,01 - Clear,01 - Daylight,01 - Dry,10 - No control,,03 - P.D. only,04 - Sideswipe,0
17-12048,LAURIER AVE   W btwn QUEEN ELIZABETH DRWY/LAURIER AVE EB OFF RAMP & LA,368172.36581,5031677.89121,-75.69021042780,45.42216507010,2017-12-20,8:00:00 PM,03 - Snow,07 - Dark,03 - Loose snow,10 - No control,,03 - P.D. only,04 - Sideswipe,0
17-12049,RIVER MIST RD btwn DAMSELFLY WAY & DES SOLDATS-RIENDEAU ST,364911.71000,5011575.09500,-75.73431348570,45.24157003020,2017-12-20,8:41:00 PM,03 - Snow,07 - Dark,04 - Slush,10 - No control,,03 - P.D. only,02 - Angle,0
17-12050,MCARTHUR AVE btwn CARMEN AVE & LAFONTAINE AVE,370940.24484,5032769.68021,-75.65469888140,45.43173230810,2017-12-19,8:49:00 PM,01 - Clear,07 - Dark,01 - Dry,10 - No control,,03 - P.D. only,99 - Other,0
17-12051,INNES RD @ PROVENCE AVE,386109.69949,5037085.56997,-75.46014239430,45.46896338480,2017-12-20,9:00:00 PM,01 - Clear,07 - Dark,01 - Dry,01 - Traffic signal,01 - Functioning,03 - P.D. only,07 - SMV other,0
17-12052,WOODROFFE AVE btwn GEORGINA DR & HWY417 IC127 RAMP36,362001.44287,5025141.84536,-75.76981514620,45.36388637140,2017-12-20,9:51:00 PM,01 - Clear,07 - Dark,01 - Dry,10 - No control,,03 - P.D. only,04 - Sideswipe,0
17-12053,MONTREAL RD @ VANIER PKWY,370073.18317,5033065.11873,-75.66573994950,45.43447200660,2017-12-20,10:46:00 PM,03 - Snow,07 - Dark,03 - Loose snow,01 - Traffic signal,01 - Functioning,03 - P.D. only,03 - Rear end,0
17-12054,CATHERINE ST/HWY 417 O'CONN IC119BR76 @ O'CONN,368243.77523,5030392.35740,-75.68946353500,45.41059179480,2017-12-21,2:14:00 AM,01 - Clear,07 - Dark,01 - Dry,01 - Traffic signal,01 - Functioning,03 - P.D. only,02 - Angle,0
17-12055,SIROCCO CRES btwn BLACKBIRD LANE & WYTENBURG GT,348091.44294,5014546.80406,-75.94829466530,45.26954604690,2017-12-21,12:00:00 AM,01 - Clear,00 - Unknown,01 - Dry,10 - No control,,03 - P.D. only,06 - SMV unattended vehicle,0
17-12056,GREENBANK RD @ MEADOWBANK DR,360766.48149,5022186.96521,-75.78591279920,45.33739813310,2017-12-21,8:04:00 AM,01 - Clear,01 - Daylight,06 - Ice,02 - Stop sign,00 - Unknown,03 - P.D. only,03 - Rear end,0
17-12057,PORTOBELLO BLVD/SPRINGRIDGE DR S @ TRIM RD,385689.60320,5038071.26215,-75.46535178000,45.47788044430,2017-12-21,8:11:00 AM,01 - Clear,01 - Daylight,01 - Dry,01 - Traffic signal,00 - Unknown,03 - P.D. only,07 - SMV other,0
17-12058,AIRPORT PKWY @ HUNT CLUB RD,371019.00590,5023702.75925,-75.65490913240,45.35014409330,2017-12-21,8:38:00 AM,01 - Clear,01 - Daylight,06 - Ice,01 - Traffic signal,01 - Functioning,03 - P.D. only,03 - Rear end,0
17-12059,HUNTER'S RUN DR @ JEANNE D'ARC BLVD,380567.31581,5036174.55186,-75.53115296590,45.46139000530,2017-12-21,8:39:00 AM,01 - Clear,01 - Daylight,02 - Wet,01 - Traffic signal,01 - Functioning,03 - P.D. only,03 - Rear end,0
17-12060,MONTREAL RD @ SHEFFORD RD,376127.16419,5034853.33575,-75.58811395650,45.44996998140,2017-12-21,8:46:00 AM,01 - Clear,01 - Daylight,01 - Dry,01 - Traffic signal,01 - Functioning,02 - Non-fatal injury,05 - Turning movement,0
17-12061,CASTLEFRANK RD @ HAZELDEAN RD,352677.26399,5017675.71561,-75.88955433580,45.29740358560,2017-12-21,8:51:00 AM,01 - Clear,01 - Daylight,01 - Dry,01 - Traffic signal,00 - Unknown,03 - P.D. only,05 - Turning movement,0
17-12062,BILLINGS BRIDGESC RAMP SB @ RIVERSIDE DR EB,369177.92617,5027785.45759,-75.67787061060,45.38705047120,2017-12-21,8:49:00 AM,01 - Clear,01 - Daylight,01 - Dry,02 - Stop sign,01 - Functioning,03 - P.D. only,02 - Angle,0
17-12063,CYRVILLE RD @ INNES RD,375047.15344,5031119.08654,-75.60245247780,45.41648070710,2017-12-21,8:52:00 AM,01 - Clear,01 - Daylight,01 - Dry,01 - Traffic signal,01 - Functioning,03 - P.D. only,03 - Rear end,0
17-12064,EAGLESON RD @ HAZELDEAN RD/ROBERTSON RD,353672.20478,5018425.17006,-75.87679548950,45.30407883660,2017-12-21,9:20:00 AM,01 - Clear,01 - Daylight,01 - Dry,01 - Traffic signal,01 - Functioning,03 - P.D. only,03 - Rear end,0
17-12065,BAYSHORE DR @ WOODRIDGE CRES S,359234.11996,5023508.37860,-75.80531762490,45.34940879690,2017-12-21,9:25:00 AM,01 - Clear,01 - Daylight,06 - Ice,01 - Traffic signal,01 - Functioning,02 - Non-fatal injury,02 - Angle,0
17-12066,INNES RD @ JEANNE D'ARC BLVD/MER BLEUE RD,382638.91432,5035566.71155,-75.50476334390,45.45569344190,2017-12-20,5:45:00 PM,01 - Clear,07 - Dark,02 - Wet,01 - Traffic signal,01 - Functioning,03 - P.D. only,03 - Rear end,0
17-12067,ABBEYHILL DR @ SURREY LANE,353673.10680,5017965.46430,-75.87682930780,45.29994224210,2017-12-12,10:24:00 AM,03 - Snow,01 - Daylight,05 - Packed snow,02 - Stop sign,01 - Functioning,03 - P.D. only,03 - Rear end,0
17-12068,BANK ST @ JOHNSTON RD,370851.01172,5024838.41146,-75.65690112210,45.36037817990,2017-12-21,10:29:00 AM,01 - Clear,01 - Daylight,01 - Dry,01 - Traffic signal,01 - Functioning,02 - Non-fatal injury,03 - Rear end,0
17-12069,MARCH RD @ SOLANDT RD,350489.13513,5022710.26571,-75.91698754220,45.34285144320,2017-12-21,10:30:00 AM,01 - Clear,01 - Daylight,01 - Dry,01 - Traffic signal,01 - Functioning,03 - P.D. only,02 - Angle,0
17-12070,RICHMOND RD btwn WOODROFFE AVE & LOCKHART AVE,361697.34913,5026819.25693,-75.77350341610,45.37900432480,2017-12-21,10:00:00 AM,01 - Clear,01 - Daylight,01 - Dry,10 - No control,,03 - P.D. only,05 - Turning movement,0
17-12071,CHERRY DR @ FERNBANK RD,351146.59530,5012341.17461,-75.90956760950,45.24950434660,2017-12-21,11:13:00 AM,01 - Clear,01 - Daylight,01 - Dry,02 - Stop sign,01 - Functioning,03 - P.D. only,02 - Angle,0
17-12072,HARTLEIGH AVE btwn LAWN AVE & CARLING AVE,361338.27018,5025651.94742,-75.77822159340,45.36853003700,2017-12-17,6:30:00 AM,01 - Clear,07 - Dark,03 - Loose snow,10 - No control,,03 - P.D. only,06 - SMV unattended vehicle,0
17-12073,RIVERSIDE DR @ SMYTH RD SOUTH SIDE RAMP,369789.07474,5028998.99305,-75.66990700350,45.39791301130,2017-12-21,11:48:00 AM,01 - Clear,01 - Daylight,01 - Dry,01 - Traffic signal,01 - Functioning,03 - P.D. only,05 - Turning movement,0
17-12074,BANK ST @ OSSINGTON AVE,368891.74124,5028321.82858,-75.68145525950,45.39190281700,2017-12-21,12:04:00 PM,01 - Clear,01 - Daylight,02 - Wet,10 - No control,00 - Unknown,03 - P.D. only,04 - Sideswipe,0
17-12075,MERIVALE RD @ CAPILANO DR/WITHROW AVE,364641.99286,5024228.08860,-75.73622171300,45.35544407220,2017-12-21,12:04:00 PM,01 - Clear,01 - Daylight,01 - Dry,01 - Traffic signal,01 - Functioning,02 - Non-fatal injury,07 - SMV other,1
17-12076,CARTIER ST @ GLADSTONE AVE,368536.70780,5030936.81329,-75.68565109880,45.41546400850,2017-12-20,12:28:00 PM,01 - Clear,01 - Daylight,03 - Loose snow,02 - Stop sign,01 - Functioning,03 - P.D. only,03 - Rear end,0
17-12077,HAWTHORNE RD @ HUNT CLUB RD,375507.74954,5026406.52908,-75.59724359910,45.37403316750,2017-12-21,12:30:00 PM,01 - Clear,01 - Daylight,01 - Dry,01 - Traffic signal,01 - Functioning,03 - P.D. only,99 - Other,0
17-12078,BANK ST @ SNAKE ISLAND RD/VICTORIA ST,383696.68893,5010122.04292,-75.49529852160,45.22664161690,2017-12-21,1:00:00 PM,01 - Clear,01 - Daylight,01 - Dry,01 - Traffic signal,01 - Functioning,02 - Non-fatal injury,05 - Turning movement,0
17-12079,BASELINE RD @ CENTREPOINTE DR W/COBDEN RD,361633.75761,5023207.75382,-75.77473066960,45.34651343520,2017-12-21,2:16:00 PM,01 - Clear,01 - Daylight,01 - Dry,01 - Traffic signal,01 - Functioning,02 - Non-fatal injury,02 - Angle,0
17-12080,CARLING AVE @ WOODROFFE AVE W,361768.63035,5025724.33007,-75.77271962890,45.36914648160,2017-12-21,12:41:00 PM,01 - Clear,01 - Daylight,06 - Ice,01 - Traffic signal,01 - Functioning,03 - P.D. only,03 - Rear end,0
17-12081,ASHWOOD CRES @ MEADOWLANDS DR,364688.17737,5023631.79134,-75.73570452720,45.35007472580,2017-12-21,12:30:00 PM,01 - Clear,01 - Daylight,01 - Dry,02 - Stop sign,01 - Functioning,03 - P.D. only,03 - Rear end,0
17-12082,PARENT AVE @ ST. PATRICK ST,367821.91637,5032556.47559,-75.69457570300,45.43010193380,2017-12-21,1:49:00 PM,01 - Clear,01 - Daylight,01 - Dry,01 - Traffic signal,01 - Functioning,03 - P.D. only,06 - SMV unattended vehicle,0
17-12083,ALTA VISTA DR btwn AYERS AVE & RIDGEMONT AVE,370519.10781,5026482.64774,-75.66091848730,45.37520367930,2017-12-21,2:05:00 PM,01 - Clear,01 - Daylight,01 - Dry,10 - No control,,03 - P.D. only,03 - Rear end,0
17-12084,PRETORIA AVE @ QUEEN ELIZABETH DRWY,368663.96490,5030430.44884,-75.68409094250,45.41089631060,2017-12-21,2:16:00 PM,01 - Clear,01 - Daylight,02 - Wet,10 - No control,00 - Unknown,03 - P.D. only,03 - Rear end,0