COLLISION_ID,LOCATION,X,Y,LONGITUDE,LATITUDE,DATE,TIME,ENVIRONMENT,LIGHT,SURFACE_CONDITION,TRAFFIC_CONTROL,TRAFFIC_CONTROL_CONDITION,COLLISION_CLASSIFICATION,IMPACT_TYPE,NO_OF_PEDESTRIANS
17-12085,FALLOWFIELD RD @ SHEA RD,354022.25256,5011023.76325,-75.87306571770,45.23745462960,2017-12-21,2:22:00 PM,01 - Clear,01 - Daylight,01 - Dry,02 - Stop sign,01 - Functioning,03 - P.D. only,02 - Angle,0
17-12086,RIVERSIDE DR @ TREMBLAY RD/HWY417 IC117 RAMP52,370801.60473,5031015.67121,-75.65670558210,45.41596357170,2017-12-21,3:10:00 PM,01 - Clear,01 - Daylight,01 - Dry,01 - Traffic signal,00 - Unknown,03 - P.D. only,03 - Rear end,0
17-12087,LEBOUTILLIER AVE btwn DEN HAAG DR & LEBOUTILLIER AVE/DANAC PRIV,372513.26100,5034106.85700,-75.63441338790,45.44361302650,2017-12-21,3:12:00 PM,01 - Clear,01 - Daylight,01 - Dry,10 - No control,,03 - P.D. only,02 - Angle,0
17-12088,HERON RD @ ALTA VISTA DR,370492.72240,5026902.29815,-75.66119950460,45.37898202760,2017-12-21,3:27:00 PM,01 - Clear,01 - Daylight,06 - Ice,01 - Traffic signal,01 - Functioning,03 - P.D. only,03 - Rear end,0
17-12089,BANK ST btwn WALKLEY RD & SURREY AVE,370341.63898,5025938.97750,-75.66325625450,45.37032853370,2017-12-21,4:01:00 PM,01 - Clear,05 - Dusk,02 - Wet,10 - No control,,03 - P.D. only,04 - Sideswipe,0
17-12090,VIEWMOUNT DR @ MERIVALE RD,365194.17047,5022949.20546,-75.72933095710,45.34388952200,2017-12-20,4:04:00 PM,01 - Clear,05 - Dusk,01 - Dry,01 - Traffic signal,01 - Functioning,03 - P.D. only,05 - Turning movement,0
17-12091,HALF MOON BAY btwn ESPIN HTS & TUCANA WAY,364973.29000,5013437.42600,-75.73330373900,45.25832206810,2017-12-21,4:00:00 PM,01 - Clear,05 - Dusk,03 - Loose snow,10 - No control,,03 - P.D. only,01 - Approaching,0
17-12092,DES RAVINS PL btwn FOREST VALLEY DR & FOREST VALLEY DR,380092.40277,5035146.86559,-75.53738222720,45.45219501780,2017-12-21,12:40:00 PM,01 - Clear,01 - Daylight,01 - Dry,10 - No control,,03 - P.D. only,06 - SMV unattended vehicle,0
17-12093,COOPER ST @ DRIVEWAY (THE),368494.74961,5031494.81935,-75.68611500450,45.42048857580,2017-12-21,4:00:00 PM,03 - Snow,05 - Dusk,06 - Ice,10 - No control,00 - Unknown,03 - P.D. only,07 - SMV other,0
17-12094,QUEEN MARY ST @ ISIDORE ST,371674.67175,5032102.86914,-75.64540417780,45.42566280080,2017-12-21,4:26:00 PM,01 - Clear,05 - Dusk,02 - Wet,02 - Stop sign,01 - Functioning,03 - P.D. only,02 - Angle,0
17-12095,ST. JOSEPH BLVD btwn ST. JOSEPH BLVD & PLACE D'ORLEANS DR,381900.41507,5037917.33218,-75.51383553990,45.47692421170,2017-12-21,4:55:00 PM,01 - Clear,05 - Dusk,02 - Wet,10 - No control,,03 - P.D. only,05 - Turning movement,0
17-12096,HELENIUM LANE @ WILLOW ASTER CIR,383493.71300,5033813.01200,-75.49411620690,45.43981943870,2017-12-21,12:00:00 AM,01 - Clear,00 - Unknown,05 - Packed snow,10 - No control,,03 - P.D. only,06 - SMV unattended vehicle,0
17-12097,CHURCHILL AVE   N btwn WHITBY AVE & MADISON AVE,363168.45507,5028429.15435,-75.75453072290,45.39336893110,2017-12-20,10:00:00 AM,03 - Snow,01 - Daylight,05 - Packed snow,10 - No control,,03 - P.D. only,06 - SMV unattended vehicle,0
17-12098,KENT ST @ SOMERSET ST,367525.75445,5030814.85484,-75.69858205230,45.41445801900,2017-12-21,5:15:00 PM,01 - Clear,07 - Dark,04 - Slush,01 - Traffic signal,01 - Functioning,02 - Non-fatal injury,07 - SMV other,1
17-12099,CYRVILLE RD @ OGILVIE RD,372452.76331,5032006.28665,-75.63547529300,45.42471897560,2017-12-21,5:22:00 PM,01 - Clear,07 - Dark,01 - Dry,01 - Traffic signal,01 - Functioning,03 - P.D. only,05 - Turning movement,0
17-12100,8TH LINE RD btwn COOPER HILL RD & FOREST GREEN CRES,384041.04310,5014811.55041,-75.49016664180,45.26879650050,2017-12-21,5:41:00 PM,01 - Clear,07 - Dark,02 - Wet,10 - No control,,03 - P.D. only,07 - SMV other,0
17-12101,BRONSON AVE @ FIFTH AVE/MADAWASKA DR,367613.71270,5028937.35896,-75.69769754690,45.39755698520,2017-12-21,5:30:00 PM,01 - Clear,07 - Dark,01 - Dry,01 - Traffic signal,01 - Functioning,03 - P.D. only,05 - Turning movement,0
17-12102,PRINCE OF WALES DR btwn WELLSMERE CRT & TURN LANE,367450.18959,5022045.11277,-75.70065992480,45.33555680320,2017-12-21,6:04:00 PM,01 - Clear,07 - Dark,01 - Dry,10 - No control,,03 - P.D. only,03 - Rear end,0
17-12103,INNES RD btwn BLAIR RD & ANDERSON RD,375846.65870,5031613.17817,-75.59216724310,45.42084554130,2017-12-21,6:23:00 PM,01 - Clear,07 - Dark,01 - Dry,10 - No control,,03 - P.D. only,04 - Sideswipe,0
17-12104,CLEARVIEW AVE btwn OAK PARK PRIV & END,363265.21249,5029130.56681,-75.75321193390,45.39967205130,2017-12-21,7:09:00 PM,01 - Clear,07 - Dark,05 - Packed snow,10 - No control,,03 - P.D. only,07 - SMV other,0
17-12105,ST. LAURENT BLVD @ WALKLEY RD,373903.22347,5028046.61841,-75.61749724030,45.38895002560,2017-12-21,7:21:00 PM,01 - Clear,07 - Dark,01 - Dry,01 - Traffic signal,01 - Functioning,03 - P.D. only,05 - Turning movement,0
17-12106,GOLDEN AVE btwn RAVENHILL AVE & KENWOOD AVE,362944.88753,5027845.18359,-75.75745464930,45.38813304800,2017-12-21,7:35:00 PM,01 - Clear,07 - Dark,01 - Dry,10 - No control,,03 - P.D. only,06 - SMV unattended vehicle,0
17-12107,CARP RD @ STITTSVILLE MAIN ST,349524.58971,5014330.71077,-75.93005102330,45.26751188150,2017-12-21,6:30:00 PM,01 - Clear,07 - Dark,01 - Dry,01 - Traffic signal,01 - Functioning,03 - P.D. only,03 - Rear end,0
17-12108,OLD ST. PATRICK ST btwn BEAUSOLEIL DR & END,368496.12797,5032972.25804,-75.68590631800,45.43378191210,2017-12-21,9:20:00 PM,01 - Clear,07 - Dark,06 - Ice,10 - No control,,03 - P.D. only,06 - SMV unattended vehicle,0
17-12109,MONTREAL RD @ SINCLAIR ST,375969.30883,5034756.58710,-75.59014580790,45.44911558900,2017-12-21,9:30:00 PM,01 - Clear,07 - Dark,01 - Dry,01 - Traffic signal,01 - Functioning,02 - Non-fatal injury,07 - SMV other,0
17-12110,RODNEY CRES btwn NORWOOD AVE & WESTLANE RD,370151.06322,5028678.06016,-75.66532640150,45.39499167830,2017-12-21,9:57:00 PM,01 - Clear,07 - Dark,01 - Dry,10 - No control,,03 - P.D. only,06 - SMV unattended vehicle,0
17-12111,PRESTON ST @ PRINCE OF WALES DR/QUEEN ELIZABET,366900.23813,5028777.73143,-75.70682977570,45.39618434270,2017-12-21,4:00:00 PM,01 - Clear,05 - Dusk,02 - Wet,01 - Traffic signal,01 - Functioning,03 - P.D. only,03 - Rear end,0
17-12112,GOSSAMER ST btwn JOSHUA ST & PRAIRIE ST,381607.25000,5032308.36180,-75.51846059030,45.42649156150,2017-12-21,12:00:00 AM,01 - Clear,00 - Unknown,05 - Packed snow,10 - No control,,03 - P.D. only,06 - SMV unattended vehicle,0
17-12113,GRASSY PLAINS DR @ STONEHAVEN DR,356205.11117,5015964.19441,-75.84475371470,45.28175375560,2017-12-22,8:37:00 AM,03 - Snow,01 - Daylight,06 - Ice,01 - Traffic signal,01 - Functioning,03 - P.D. only,03 - Rear end,0
17-12114,WELLINGTON ST btwn KENT ST & BANK ST,367235.26727,5031614.27650,-75.70219181660,45.42167694730,2017-12-21,8:48:00 AM,01 - Clear,01 - Daylight,01 - Dry,10 - No control,,03 - P.D. only,04 - Sideswipe,0
17-12115,CYRVILLE RD @ INNES RD,375047.72470,5031120.74763,-75.60244494240,45.41649559540,2017-12-22,9:38:00 AM,01 - Clear,01 - Daylight,02 - Wet,01 - Traffic signal,01 - Functioning,03 - P.D. only,04 - Sideswipe,0
17-12116,RUSSELL RD btwn HAIG DR & CUBA AVE,372905.16105,5029536.13430,-75.63003616660,45.40244979950,2017-12-22,10:13:00 AM,01 - Clear,01 - Daylight,02 - Wet,10 - No control,,03 - P.D. only,03 - Rear end,0
17-12117,FAIRMONT AVE @ WELLINGTON ST,365554.54425,5029698.59996,-75.72390250110,45.40458815880,2017-12-22,10:12:00 AM,03 - Snow,01 - Daylight,02 - Wet,01 - Traffic signal,00 - Unknown,03 - P.D. only,04 - Sideswipe,0
17-12118,GREENBANK RD @ LARKIN DR,363176.67790,5016506.21671,-75.75583245720,45.28608652270,2017-12-22,10:58:00 AM,03 - Snow,01 - Daylight,03 - Loose snow,01 - Traffic signal,01 - Functioning,02 - Non-fatal injury,05 - Turning movement,0
17-12119,WELLINGTON ST @ HAMILTON AVE,365078.63955,5029231.32531,-75.73003841780,45.40042486950,2017-12-20,4:15:00 PM,01 - Clear,05 - Dusk,05 - Packed snow,02 - Stop sign,00 - Unknown,03 - P.D. only,99 - Other,0
17-12120,TENTH LINE RD @ CHARLEMAGNE BLVD N/TOMPKINS AV,383183.92990,5037978.59875,-75.49741128400,45.47733252910,2017-12-22,8:00:00 AM,01 - Clear,01 - Daylight,01 - Dry,01 - Traffic signal,00 - Unknown,03 - P.D. only,03 - Rear end,0
17-12121,CARLING AVE btwn DEFENSE  RESEARCH COMPLEX & RIFLE RD,353370.10584,5022986.81145,-75.88020009610,45.34514628630,2017-12-22,11:18:00 AM,03 - Snow,01 - Daylight,06 - Ice,10 - No control,,03 - P.D. only,03 - Rear end,0
17-12122,OSGOODE MAIN ST btwn OLD GEORGE ST & ROBERT DOWD ST,374839.25540,5000908.12965,-75.60937180900,45.14467278190,2017-12-22,12:00:00 PM,03 - Snow,01 - Daylight,03 - Loose snow,10 - No control,,03 - P.D. only,03 - Rear end,0
17-12123,MANOTICK STATION RD btwn DEERMEADOW DR & NICK ADAMS RD,374880.20505,5010215.91252,-75.60754334710,45.22841865320,2017-12-22,12:08:00 PM,03 - Snow,01 - Daylight,03 - Loose snow,10 - No control,,03 - P.D. only,03 - Rear end,0
17-12124,MANOTICK STATION RD @ SNAKE ISLAND RD,376814.28455,5005703.37290,-75.58356864340,45.18762087470,2017-12-22,12:10:00 PM,03 - Snow,01 - Daylight,03 - Loose snow,02 - Stop sign,00 - Unknown,02 - Non-fatal injury,07 - SMV other,0
17-12125,GREENBANK RD @ HALF MOON BAY,364651.59550,5013125.00410,-75.73743986390,45.25553832950,2017-12-22,12:34:00 PM,03 - Snow,01 - Daylight,03 - Loose snow,02 - Stop sign,01 - Functioning,03 - P.D. only,07 - SMV other,0
17-12126,HOLLAND AVE @ TYNDALL ST,365031.21910,5028917.79485,-75.73068236900,45.39760787260,2017-12-22,12:39:00 PM,03 - Snow,01 - Daylight,03 - Loose snow,01 - Traffic signal,01 - Functioning,03 - P.D. only,07 - SMV other,0
17-12127,CARLING AVE @ PINECREST  RD/GREENVIEW AVE,360007.78920,5024631.97750,-75.79531941710,45.35945844630,2017-12-22,12:53:00 PM,03 - Snow,01 - Daylight,04 - Slush,01 - Traffic signal,01 - Functioning,03 - P.D. only,03 - Rear end,0
17-12128,CARLING AVE @ KIRKWOOD AVE S,364351.70050,5027336.42170,-75.73955175290,45.38343709600,2017-12-21,1:00:00 PM,01 - Clear,01 - Daylight,01 - Dry,01 - Traffic signal,01 - Functioning,03 - P.D. only,04 - Sideswipe,0
17-12129,CENTREPOINTE DR @ GEMINI WAY,362113.21237,5023380.99376,-75.76859265430,45.34803322530,2017-12-22,1:00:00 PM,03 - Snow,01 - Daylight,06 - Ice,02 - Stop sign,00 - Unknown,03 - P.D. only,01 - Approaching,0
17-12130,CENTURY RD W @ WILLIAM MCEWEN DR,365624.14001,5006094.32807,-75.72590901490,45.19219256680,2017-12-22,1:00:00 PM,03 - Snow,01 - Daylight,03 - Loose snow,02 - Stop sign,00 - Unknown,03 - P.D. only,01 - Approaching,0
17-12131,RIVERSIDE DR @ QUESNEL DR,368062.11192,5024098.66927,-75.69259068060,45.35397936180,2017-12-22,1:26:00 PM,03 - Snow,01 - Daylight,03 - Loose snow,02 - Stop sign,01 - Functioning,03 - P.D. only,07 - SMV other,0
17-12132,CARLING AVE @ RICHMOND RD,360244.00249,5024782.57728,-75.79228769130,45.36079489790,2017-12-22,1:45:00 PM,03 - Snow,01 - Daylight,03 - Loose snow,01 - Traffic signal,01 - Functioning,03 - P.D. only,05 - Turning movement,0
17-12133,DONNELLY DR btwn WEEDMARK RD & REDDICK LANE,363085.62583,4985409.36683,-75.76061942290,45.00627713830,2017-12-22,2:06:00 PM,03 - Snow,01 - Daylight,03 - Loose snow,10 - No control,,02 - Non-fatal injury,01 - Approaching,0
17-12134,ASHTON STATION RD @ HIGHWAY 7,339964.54513,5003788.02208,-76.05262008890,45.17318538680,2017-12-22,2:07:00 PM,01 - Clear,01 - Daylight,05 - Packed snow,02 - Stop sign,00 - Unknown,03 - P.D. only,99 - Other,0
17-12135,ROBERTSON RD btwn FITZGERALD RD & MOODIE DR,356976.71127,5020404.59053,-75.83445167610,45.32165222000,2017-12-22,2:00:00 PM,04 - Freezing Rain,01 - Daylight,03 - Loose snow,10 - No control,,03 - P.D. only,05 - Turning movement,0
17-12136,MERIVALE RD btwn WESTGATE SC & CARLING AVE,364840.26593,5027787.17142,-75.73325872430,45.38745115140,2017-12-22,2:17:00 PM,03 - Snow,01 - Daylight,03 - Loose snow,10 - No control,,03 - P.D. only,03 - Rear end,0
17-12137,PRINCE OF WALES DR @ MEADOWLANDS DR/HOG'S BACK,367372.47845,5025692.29704,-75.70118978590,45.36838034890,2017-12-22,2:16:00 PM,01 - Clear,01 - Daylight,04 - Slush,01 - Traffic signal,00 - Unknown,03 - P.D. only,04 - Sideswipe,0
17-12138,BAYVIEW RD @ SCOTT ST/ALBERT ST,365518.56363,5030071.32741,-75.72431618660,45.40794499150,2017-12-22,2:42:00 PM,01 - Clear,01 - Daylight,03 - Loose snow,01 - Traffic signal,01 - Functioning,03 - P.D. only,05 - Turning movement,0
17-12139,TALLWOOD DR @ AVENSHIRE GT/MERIDIAN PL,362814.98354,5022617.24610,-75.75972726680,45.34110338060,2017-12-22,2:49:00 PM,01 - Clear,01 - Daylight,01 - Dry,02 - Stop sign,00 - Unknown,03 - P.D. only,02 - Angle,0
17-12140,GREENBANK RD @ STRANDHERD DR,363935.09830,5014784.20637,-75.74637033840,45.27052846460,2017-12-22,12:35:00 PM,03 - Snow,01 - Daylight,03 - Loose snow,01 - Traffic signal,01 - Functioning,03 - P.D. only,04 - Sideswipe,0
17-12141,COVENTRY RD @ VANIER PKWY,370676.78822,5031611.55847,-75.65822050600,45.42133688430,2017-12-22,2:56:00 PM,01 - Clear,01 - Daylight,02 - Wet,01 - Traffic signal,01 - Functioning,03 - P.D. only,03 - Rear end,0
17-12142,CARLING AVE @ SCRIVENS ST,359423.62441,5024258.51290,-75.80281649730,45.35614377190,2017-12-22,3:03:00 PM,03 - Snow,01 - Daylight,03 - Loose snow,01 - Traffic signal,01 - Functioning,03 - P.D. only,07 - SMV other,0
17-12143,BAYSHORE DR btwn WOODRIDGE CRES N & BAYSHORE CS,359098.38151,5023832.61761,-75.80701417340,45.35233682560,2017-12-22,3:14:00 PM,01 - Clear,01 - Daylight,02 - Wet,10 - No control,,03 - P.D. only,05 - Turning movement,0
17-12144,CONROY RD btwn HUNT CLUB RD & CONROY RD,373805.31706,5025312.28863,-75.61912952060,45.36435736980,2017-12-22,3:20:00 PM,03 - Snow,01 - Daylight,03 - Loose snow,10 - No control,,03 - P.D. only,07 - SMV other,0
17-12145,DONALD ST btwn GL/OT BOUNDARY & 110 E OF ST. LAURENT BLVD,372147.20402,5032478.97543,-75.63931491100,45.42900149350,2017-12-22,3:29:00 PM,01 - Clear,01 - Daylight,01 - Dry,10 - No control,,03 - P.D. only,02 - Angle,0
17-12146,WEST HUNT CLUB RD WB btwn CEDARVIEW RD & GREENBANK RD,361391.26601,5020454.45053,-75.77813974090,45.32175886910,2017-12-22,3:44:00 PM,01 - Clear,01 - Daylight,05 - Packed snow,10 - No control,,01 - Fatal injury,01 - Approaching,0
17-12147,FOUR SEASONS DR btwn SHADETREE CRES & SHADETREE CRES,366570.97418,5023979.80074,-75.71163497100,45.35304274470,2017-12-22,3:52:00 PM,03 - Snow,01 - Daylight,03 - Loose snow,10 - No control,,03 - P.D. only,06 - SMV unattended vehicle,0
17-12148,MCBEAN ST @ PERTH ST,356744.36395,5006255.71240,-75.83889431230,45.19435478100,2017-12-22,4:20:00 PM,03 - Snow,05 - Dusk,03 - Loose snow,01 - Traffic signal,01 - Functioning,03 - P.D. only,05 - Turning movement,0
17-12149,STRANDHERD DR btwn CEDARVIEW RD & MCKENNA CASEY DR,362171.88203,5013550.70423,-75.76898173120,45.25957537710,2017-12-22,4:50:00 PM,01 - Clear,05 - Dusk,01 - Dry,10 - No control,,03 - P.D. only,04 - Sideswipe,0
17-12150,INNES RD @ TENTH LINE RD,383953.44655,5036160.22899,-75.48786300800,45.46088570660,2017-12-22,4:57:00 PM,03 - Snow,05 - Dusk,04 - Slush,01 - Traffic signal,01 - Functioning,03 - P.D. only,03 - Rear end,0
17-12151,PRINCE OF WALES DR btwn ORMOND RD & PHELAN RD W,367056.92092,5002362.02919,-75.70814176090,45.15848397500,2017-12-22,3:20:00 PM,03 - Snow,01 - Daylight,03 - Loose snow,10 - No control,,03 - P.D. only,07 - SMV other,0
17-12152,CRAIG HENRY DR @ KNOXDALE RD,363117.16127,5021654.78044,-75.75598522030,45.33241812400,2017-12-22,5:30:00 PM,03 - Snow,07 - Dark,04 - Slush,01 - Traffic signal,01 - Functioning,03 - P.D. only,03 - Rear end,0
17-12153,RUSSELL AVE @ LAURIER AVE,369038.19517,5032215.81386,-75.67907760430,45.42692613000,2017-12-22,3:00:00 PM,01 - Clear,01 - Daylight,04 - Slush,02 - Stop sign,01 - Functioning,03 - P.D. only,02 - Angle,0
17-12154,HAZELDEAN RD @ CARBROOKE ST/IRWIN GATE,353418.64905,5018265.82340,-75.88004419770,45.30266259580,2017-12-22,6:28:00 PM,03 - Snow,07 - Dark,02 - Wet,01 - Traffic signal,01 - Functioning,02 - Non-fatal injury,05 - Turning movement,0
17-12155,DONALD ST @ VANIER PKWY,370312.66889,5032271.78014,-75.66278494630,45.42731148180,2017-12-22,6:39:00 PM,01 - Clear,07 - Dark,01 - Dry,01 - Traffic signal,01 - Functioning,03 - P.D. only,03 - Rear end,0
17-12156,DONALD ST @ ST. LAURENT BLVD,372094.18627,5032471.87484,-75.63999336100,45.42894270880,2017-12-22,6:51:00 PM,01 - Clear,07 - Dark,04 - Slush,01 - Traffic signal,01 - Functioning,02 - Non-fatal injury,05 - Turning movement,0
17-12157,HUNTMAR DR @ PALLADIUM DR S,349676.07997,5017366.14646,-75.92784612630,45.29481609050,2017-12-22,6:57:00 PM,03 - Snow,07 - Dark,03 - Loose snow,01 - Traffic signal,00 - Unknown,03 - P.D. only,03 - Rear end,0
17-12158,FALLOWFIELD RD @ WOODROFFE AVE,365085.62337,5017903.42669,-75.73133016540,45.29849741480,2017-12-22,7:47:00 PM,03 - Snow,07 - Dark,03 - Loose snow,01 - Traffic signal,01 - Functioning,03 - P.D. only,03 - Rear end,0
17-12159,BANK ST @ RIVERDALE AVE,369077.38204,5028118.88066,-75.67911103710,45.39005974180,2017-12-22,7:48:00 PM,03 - Snow,07 - Dark,03 - Loose snow,01 - Traffic signal,01 - Functioning,03 - P.D. only,02 - Angle,0
17-12160,PLAYFAIR DR btwn BEATTIE AVE & DELMAR DR,371970.64920,5028246.49133,-75.64214771310,45.39093641460,2017-12-22,7:52:00 PM,03 - Snow,07 - Dark,06 - Ice,10 - No control,,03 - P.D. only,06 - SMV unattended vehicle,0
17-12161,BERRIGAN DR btwn PLUMAS GT & WANSTEAD GT,364857.28534,5015891.77789,-75.73448485790,45.28041622830,2017-12-22,7:54:00 PM,03 - Snow,07 - Dark,03 - Loose snow,10 - No control,,03 - P.D. only,05 - Turning movement,0
17-12162,HERZBERG RD @ MARCH RD,352323.62220,5021529.68304,-75.89369339600,45.33210645630,2017-12-22,7:59:00 PM,03 - Snow,07 - Dark,06 - Ice,01 - Traffic signal,01 - Functioning,03 - P.D. only,02 - Angle,0
17-12163,ALBION RD @ GOTH AVE,372332.81765,5023198.98048,-75.63821286670,45.34548598370,2017-12-22,9:49:00 PM,01 - Clear,07 - Dark,05 - Packed snow,02 - Stop sign,01 - Functioning,03 - P.D. only,02 - Angle,0
17-12164,HAWTHORNE RD btwn BLAIS RD & RIDEAU RD,378544.64367,5019128.97397,-75.55956016340,45.30824056230,2017-12-22,10:09:00 PM,01 - Clear,07 - Dark,03 - Loose snow,10 - No control,,03 - P.D. only,07 - SMV other,0
17-12165,RIVER RD btwn ROGER STEVENS DR & DOYLE RD,373413.92624,5003125.87889,-75.62718976750,45.16476784250,2017-12-22,11:39:00 PM,01 - Clear,07 - Dark,03 - Loose snow,10 - No control,,03 - P.D. only,06 - SMV unattended vehicle,0
17-12166,FALLOWFIELD RD btwn MERIVALE RD & WOODROFFE AVE,365741.85632,5018354.78456,-75.72290817890,45.30250208210,2017-12-23,12:33:00 AM,01 - Clear,07 - Dark,02 - Wet,10 - No control,,03 - P.D. only,07 - SMV other,0
17-12167,LIMEBANK RD btwn EARL ARMSTRONG RD & RIDEAU RD,370850.28396,5014116.20338,-75.65833969810,45.26390241290,2017-12-23,1:33:00 AM,03 - Snow,07 - Dark,05 - Packed snow,10 - No control,,03 - P.D. only,07 - SMV other,0
17-12168,HUNTMAR DR btwn TERRACE RIDGE DR & OLD CARP RD,344823.84564,5022819.10169,-75.98926710690,45.34417690290,2017-12-23,2:01:00 AM,03 - Snow,07 - Dark,03 - Loose snow,10 - No control,,03 - P.D. only,07 - SMV other,0
17-12169,KING EDWARD AVE @ MURRAY ST,368292.17770,5032752.86515,-75.68854101370,45.43182644280,2017-12-23,2:44:00 AM,03 - Snow,07 - Dark,05 - Packed snow,01 - Traffic signal,01 - Functioning,03 - P.D. only,07 - SMV other,0
17-12170,GEORGE ST @ DALHOUSIE ST,368157.69760,5032314.40627,-75.69031597000,45.42789354120,2017-12-23,8:20:00 AM,01 - Clear,01 - Daylight,02 - Wet,01 - Traffic signal,01 - Functioning,03 - P.D. only,02 - Angle,0
17-12171,BASELINE RD/HERON RD @ PRINCE OF WALES DR,366874.41960,5026438.33982,-75.70745371550,45.37513736340,2017-12-21,2:50:00 PM,01 - Clear,01 - Daylight,01 - Dry,01 - Traffic signal,00 - Unknown,03 - P.D. only,04 - Sideswipe,0
17-12172,DOVERCOURT AVE @ WINDERMERE AVE,362536.16617,5026936.30371,-75.76278013700,45.37998887460,2017-12-23,10:08:00 AM,01 - Clear,01 - Daylight,04 - Slush,02 - Stop sign,01 - Functioning,03 - P.D. only,02 - Angle,0
17-12173,HOLLAND AVE @ WELLINGTON ST,364929.70140,5029152.84434,-75.73195025690,45.39973152230,2017-12-23,11:51:00 AM,03 - Snow,01 - Daylight,04 - Slush,01 - Traffic signal,01 - Functioning,03 - P.D. only,03 - Rear end,0
17-12174,VERMILLION DR E @ BRITO ST,368815.15498,5016515.94473,-75.68396066820,45.28568314390,2017-12-23,11:15:00 AM,03 - Snow,01 - Daylight,03 - Loose snow,03 - Yield sign,01 - Functioning,03 - P.D. only,07 - SMV other,0
17-12175,MERIVALE RD @ WEST HUNT CLUB RD,365613.64195,5021942.26151,-75.72410248090,45.33479293750,2017-12-22,5:30:00 PM,03 - Snow,07 - Dark,04 - Slush,01 - Traffic signal,01 - Functioning,03 - P.D. only,07 - SMV other,0
17-12176,BLAIR RD @ REGIONAL RD 174 S/OR174 IC112 RAMP15,374908.19338,5032662.12270,-75.60400814680,45.43037804200,2017-12-23,11:59:00 AM,03 - Snow,01 - Daylight,03 - Loose snow,01 - Traffic signal,01 - Functioning,02 - Non-fatal injury,05 - Turning movement,0
17-12177,KIRKWOOD AVE @ RICHMOND RD,363778.68970,5028640.84494,-75.74671230610,45.39522255470,2017-11-06,8:00:00 PM,01 - Clear,07 - Dark,01 - Dry,01 - Traffic signal,01 - Functioning,03 - P.D. only,04 - Sideswipe,0
17-12178,DOVERCOURT AVE @ SHERBOURNE RD,362153.14280,5026789.26577,-75.76768755170,45.37869730450,2017-12-23,12:05:00 PM,03 - Snow,01 - Daylight,05 - Packed snow,02 - Stop sign,01 - Functioning,03 - P.D. only,02 - Angle,0
17-12179,ALBERT ST @ COMMISSIONER ST,366714.64405,5030972.75343,-75.70892439720,45.41595098240,2017-12-23,12:11:00 PM,03 - Snow,01 - Daylight,03 - Loose snow,02 - Stop sign,00 - Unknown,03 - P.D. only,04 - Sideswipe,0
17-12180,BASELINE RD @ FISHER AVE,366167.17150,5026027.81585,-75.71653378590,45.37150585120,2017-12-23,12:15:00 PM,03 - Snow,01 - Daylight,04 - Slush,01 - Traffic signal,01 - Functioning,03 - P.D. only,05 - Turning movement,0
17-12181,CARLING AVE EB btwn CARLING AVE EB ON RAMP/OTTAWA RIVER PKWY & CARLING,360915.43509,5025191.44168,-75.78367146390,45.36442041570,2017-12-23,12:27:00 PM,03 - Snow,01 - Daylight,02 - Wet,10 - No control,,03 - P.D. only,03 - Rear end,0
17-12182,BASELINE RD @ 207 E OF CLYDE AVE,364535.40729,5025001.05132,-75.73748855490,45.36240817080,2017-12-23,12:20:00 PM,03 - Snow,01 - Daylight,03 - Loose snow,01 - Traffic signal,01 - Functioning,03 - P.D. only,05 - Turning movement,0
17-12183,BELFAST RD @ COVENTRY RD,371524.19900,5031641.32565,-75.64738938180,45.42152440710,2017-12-23,12:15:00 PM,03 - Snow,01 - Daylight,03 - Loose snow,01 - Traffic signal,01 - Functioning,03 - P.D. only,03 - Rear end,0
17-12184,ST. LAURENT BLVD btwn CONNERY AVE & NERTA ST,373655.90190,5028651.65199,-75.62057092870,45.39441820100,2017-12-23,12:45:00 PM,01 - Clear,01 - Daylight,05 - Packed snow,10 - No control,,03 - P.D. only,02 - Angle,0
17-12185,BLACKBURN BYPASS @ NAVAN RD,379617.82834,5033274.47077,-75.54373351810,45.43539954790,2017-12-23,12:52:00 PM,03 - Snow,01 - Daylight,03 - Loose snow,01 - Traffic signal,01 - Functioning,03 - P.D. only,04 - Sideswipe,0
17-12186,MONTREAL RD @ STE. ANNE ST,370707.91865,5033416.77917,-75.65758115810,45.43757655680,2017-12-23,10:30:00 AM,03 - Snow,01 - Daylight,04 - Slush,02 - Stop sign,00 - Unknown,03 - P.D. only,05 - Turning movement,0
17-12187,BRONSON AVE @ CARLING AVE/GLEBE AVE,367447.70700,5029336.27206,-75.69976701640,45.40116116480,2017-12-23,1:28:00 PM,03 - Snow,01 - Daylight,05 - Packed snow,01 - Traffic signal,01 - Functioning,03 - P.D. only,03 - Rear end,0
17-12188,RUSSELL RD btwn MILTON RD & SAND RD,390877.48832,5025819.79882,-75.40114678460,45.36703500870,2017-12-23,1:34:00 PM,03 - Snow,01 - Daylight,03 - Loose snow,10 - No control,,02 - Non-fatal injury,07 - SMV other,0