COLLISION_ID,LOCATION,X,Y,LONGITUDE,LATITUDE,DATE,TIME,ENVIRONMENT,LIGHT,SURFACE_CONDITION,TRAFFIC_CONTROL,TRAFFIC_CONTROL_CONDITION,COLLISION_CLASSIFICATION,IMPACT_TYPE,NO_OF_PEDESTRIANS
17-12189,EAGLESON RD @ RUSHMORE RD,356744.10577,5010543.68774,-75.83845038640,45.23293923560,2017-12-23,1:39:00 PM,03 - Snow,01 - Daylight,03 - Loose snow,02 - Stop sign,00 - Unknown,03 - P.D. only,07 - SMV other,0
17-12190,DUNROBIN RD @ VANCES SIDE RD,340158.07247,5033679.84809,-76.04802539090,45.44215612480,2017-12-23,1:52:00 PM,03 - Snow,01 - Daylight,03 - Loose snow,02 - Stop sign,00 - Unknown,02 - Non-fatal injury,01 - Approaching,0
17-12191,CARLING AVE @ KIRKWOOD AVE S,364351.70050,5027336.87266,-75.73955169850,45.38344115400,2017-12-23,1:56:00 PM,03 - Snow,01 - Daylight,02 - Wet,01 - Traffic signal,01 - Functioning,03 - P.D. only,05 - Turning movement,0
17-12192,MCLEOD ST @ LYON ST,367625.24063,5030292.80109,-75.69737763070,45.40975181680,2017-12-23,1:10:00 PM,03 - Snow,01 - Daylight,03 - Loose snow,02 - Stop sign,01 - Functioning,03 - P.D. only,02 - Angle,0
17-12193,ALBERT ST @ BOOTH ST,366429.16657,5030625.85654,-75.71261493900,45.41285490380,2017-12-23,2:08:00 PM,03 - Snow,01 - Daylight,03 - Loose snow,01 - Traffic signal,01 - Functioning,03 - P.D. only,03 - Rear end,0
17-12194,CARLING AVE @ BAYSHORE DR/BIRCHDALE AVE,359005.58709,5023989.81616,-75.80818114560,45.35375847920,2017-12-23,2:16:00 PM,03 - Snow,01 - Daylight,03 - Loose snow,01 - Traffic signal,00 - Unknown,03 - P.D. only,04 - Sideswipe,0
17-12195,BLAIR RD @ OGILVIE RD,374508.67045,5033199.75843,-75.60903736140,45.43525532890,2017-12-23,2:16:00 PM,03 - Snow,01 - Daylight,03 - Loose snow,01 - Traffic signal,01 - Functioning,03 - P.D. only,03 - Rear end,0
17-12196,CARP RD/HWY 417 CARP IC144R63 @ HWY 417 CARP I,347301.00969,5015925.56924,-75.95824943430,45.28200092180,2017-12-23,2:10:00 PM,03 - Snow,01 - Daylight,03 - Loose snow,01 - Traffic signal,01 - Functioning,03 - P.D. only,03 - Rear end,0
17-12197,CATHERINE ST @ ELGIN ST,368552.70960,5030577.33521,-75.68549316810,45.41222808880,2017-12-23,2:21:00 PM,03 - Snow,01 - Daylight,03 - Loose snow,01 - Traffic signal,01 - Functioning,02 - Non-fatal injury,02 - Angle,0
17-12198,CONROY RD @ WALKLEY RD,372905.14272,5027462.34787,-75.63032265350,45.38379077230,2017-12-23,2:25:00 PM,03 - Snow,01 - Daylight,03 - Loose snow,01 - Traffic signal,01 - Functioning,03 - P.D. only,03 - Rear end,0
17-12199,KING EDWARD AVE @ ST. PATRICK ST,368249.17920,5032823.34985,-75.68908141600,45.43246454120,2017-12-23,2:24:00 PM,03 - Snow,01 - Daylight,06 - Ice,01 - Traffic signal,01 - Functioning,03 - P.D. only,03 - Rear end,0
17-12200,RENAUD RD btwn Continuation of RENAUD RD & PERCIFOR WAY,379971.25140,5031598.69379,-75.53947273750,45.42028420480,2017-12-23,2:29:00 PM,03 - Snow,01 - Daylight,03 - Loose snow,10 - No control,,03 - P.D. only,07 - SMV other,0
17-12201,HAZEL ST @ MAIN ST,369166.79825,5030173.85979,-75.67770104240,45.40854154610,2017-12-23,4:51:00 PM,01 - Clear,05 - Dusk,03 - Loose snow,01 - Traffic signal,01 - Functioning,03 - P.D. only,03 - Rear end,0
17-12202,TERMINAL AVE @ TRAINYARDS DR,371844.78926,5030815.57499,-75.64340564830,45.41406401730,2017-12-23,2:45:00 PM,03 - Snow,01 - Daylight,03 - Loose snow,01 - Traffic signal,01 - Functioning,03 - P.D. only,04 - Sideswipe,0
17-12203,CAHILL DR @ HUNT CLUB RD,372408.20807,5024541.79924,-75.63706731810,45.35756093110,2017-12-23,2:59:00 PM,03 - Snow,01 - Daylight,05 - Packed snow,01 - Traffic signal,01 - Functioning,03 - P.D. only,03 - Rear end,0
17-12204,JEANNE D'ARC BLVD @ OR174 IC105 RAMP36,379271.72568,5037281.56361,-75.54754979780,45.47148936650,2017-12-23,3:30:00 PM,03 - Snow,01 - Daylight,03 - Loose snow,10 - No control,00 - Unknown,02 - Non-fatal injury,03 - Rear end,0
17-12205,ANTIGONISH AVE @ OLD MONTREAL RD,384866.47890,5039358.57700,-75.47566865790,45.48955731540,2017-12-23,3:33:00 PM,03 - Snow,01 - Daylight,03 - Loose snow,02 - Stop sign,01 - Functioning,03 - P.D. only,02 - Angle,0
17-12206,ANDERSON RD @ DOLMAN RIDGE RD,378310.80275,5030274.77939,-75.56088427600,45.40854890880,2017-12-23,3:34:00 PM,03 - Snow,01 - Daylight,05 - Packed snow,02 - Stop sign,00 - Unknown,03 - P.D. only,01 - Approaching,0
17-12207,REGIONAL ROAD 174 btwn OR174 IC109 RAMP64 & OR174 IC105 RAMP16,377601.81056,5036006.61011,-75.56909301500,45.46019430360,2017-12-23,3:43:00 PM,03 - Snow,01 - Daylight,03 - Loose snow,10 - No control,,03 - P.D. only,04 - Sideswipe,0
17-12208,CAMPEAU DR/HWY 417 MARCH IC138R63 @ MARCH RD,352841.15153,5020477.65013,-75.88719321600,45.32260482270,2017-12-23,3:52:00 PM,03 - Snow,01 - Daylight,06 - Ice,01 - Traffic signal,01 - Functioning,03 - P.D. only,03 - Rear end,0
17-12209,ST. JOSEPH BLVD @ TENTH LINE RD,382892.27385,5038665.80611,-75.50103194400,45.48354807940,2017-12-23,3:55:00 PM,03 - Snow,01 - Daylight,03 - Loose snow,01 - Traffic signal,01 - Functioning,03 - P.D. only,03 - Rear end,0
17-12210,LAURIER AVE @ NICHOLAS ST,368374.59279,5031798.98675,-75.68761094870,45.42323629760,2017-12-23,4:22:00 PM,03 - Snow,05 - Dusk,04 - Slush,01 - Traffic signal,01 - Functioning,03 - P.D. only,04 - Sideswipe,0
17-12211,ST. JOSEPH BLVD @ TENTH LINE RD,382893.27326,5038664.99740,-75.50101928880,45.48354069160,2017-12-23,4:09:00 PM,03 - Snow,05 - Dusk,03 - Loose snow,01 - Traffic signal,01 - Functioning,03 - P.D. only,03 - Rear end,0
17-12212,ISABELLA ST/HWY417 IC119AR75 @ METCALFE ST,368449.45149,5030400.21226,-75.68683513480,45.41064379510,2017-12-23,4:22:00 PM,03 - Snow,05 - Dusk,03 - Loose snow,01 - Traffic signal,00 - Unknown,03 - P.D. only,04 - Sideswipe,0
17-12213,INNES RD @ JEANNE D'ARC BLVD/MER BLEUE RD,382638.11846,5035569.37970,-75.50477309500,45.45571753580,2017-12-23,4:30:00 PM,03 - Snow,05 - Dusk,03 - Loose snow,01 - Traffic signal,01 - Functioning,03 - P.D. only,05 - Turning movement,0
17-12214,KING EDWARD AVE @ ST. ANDREW ST,368161.34501,5032967.82177,-75.69018528490,45.43377241110,2017-12-23,4:32:00 PM,03 - Snow,05 - Dusk,03 - Loose snow,01 - Traffic signal,01 - Functioning,03 - P.D. only,03 - Rear end,0
17-12215,MONTREAL RD @ ST. LAURENT BLVD,371545.70290,5033816.87785,-75.64681973690,45.44109698430,2017-12-23,4:30:00 PM,03 - Snow,05 - Dusk,06 - Ice,01 - Traffic signal,01 - Functioning,03 - P.D. only,03 - Rear end,0
17-12216,LEOPOLDS DR @ RIVERSIDE DR,368044.25284,5024049.73718,-75.69282485140,45.35354069290,2017-12-23,5:23:00 PM,03 - Snow,07 - Dark,03 - Loose snow,02 - Stop sign,00 - Unknown,03 - P.D. only,03 - Rear end,0
17-12217,KITCHENER AVE @ BANK ST,370541.98395,5025499.34531,-75.66075730830,45.36635410050,2017-12-23,5:28:00 PM,03 - Snow,07 - Dark,03 - Loose snow,01 - Traffic signal,01 - Functioning,03 - P.D. only,05 - Turning movement,0
17-12218,MAPLE GROVE RD @ TERRY FOX DR,351553.60860,5017864.22781,-75.90386262640,45.29917554030,2017-12-23,3:20:00 PM,03 - Snow,01 - Daylight,03 - Loose snow,01 - Traffic signal,00 - Unknown,03 - P.D. only,04 - Sideswipe,0
17-12219,TENTH LINE RD @ VANGUARD DR,384073.45741,5035874.56456,-75.48637472590,45.45830195170,2017-12-23,6:22:00 PM,03 - Snow,07 - Dark,03 - Loose snow,01 - Traffic signal,01 - Functioning,03 - P.D. only,05 - Turning movement,0
17-12220,HENNEPIN ST btwn KENNEVALE DR & SARRAZIN WAY,362321.16935,5014407.66046,-75.76698047470,45.26727414120,2017-12-23,3:40:00 AM,03 - Snow,07 - Dark,04 - Slush,10 - No control,,03 - P.D. only,06 - SMV unattended vehicle,0
17-12221,KANATA AVE @ TERRY FOX DR,349305.86750,5019211.82129,-75.93240026370,45.31144758080,2017-12-23,6:31:00 PM,03 - Snow,07 - Dark,05 - Packed snow,01 - Traffic signal,00 - Unknown,02 - Non-fatal injury,05 - Turning movement,0
17-12222,RIVERSIDE DR @ SAN REMO PRIV,370385.92062,5030402.18119,-75.66209778990,45.41048271510,2017-12-23,6:31:00 PM,03 - Snow,07 - Dark,03 - Loose snow,01 - Traffic signal,01 - Functioning,03 - P.D. only,03 - Rear end,0
17-12223,ORCHARDVIEW AVE btwn NORTHAMPTON DR & GARDENWAY DR,384687.05951,5036933.94902,-75.47835803390,45.46776341060,2017-12-23,7:16:00 PM,01 - Clear,07 - Dark,02 - Wet,10 - No control,,03 - P.D. only,06 - SMV unattended vehicle,0
17-12224,WEST HUNT CLUB RD EB btwn CEDARVIEW RD & GREENBANK RD,360156.22257,5019793.17223,-75.79396625190,45.31590713780,2017-12-23,7:16:00 PM,01 - Clear,07 - Dark,03 - Loose snow,10 - No control,,03 - P.D. only,07 - SMV other,0
17-12225,DONALD ST btwn BARNABY PRIV & TELFORD AVE,371687.79071,5032426.25259,-75.64519263100,45.42857120480,2017-12-23,7:17:00 PM,03 - Snow,07 - Dark,06 - Ice,10 - No control,,03 - P.D. only,03 - Rear end,0
17-12226,BRONSON AVE btwn UNIVERSITY RD & BREWER WAY,368023.06513,5027917.58260,-75.69260019280,45.38834448970,2017-12-23,9:06:00 PM,01 - Clear,07 - Dark,03 - Loose snow,10 - No control,,03 - P.D. only,07 - SMV other,0
17-12227,JOCKVALE RD @ STRANDHERD DR,363560.95387,5014578.07389,-75.75116249110,45.26870503980,2017-12-23,10:03:00 PM,"07 - Fog, mist, smoke, dust",07 - Dark,03 - Loose snow,01 - Traffic signal,01 - Functioning,02 - Non-fatal injury,03 - Rear end,0
17-12228,BASELINE RD @ CLYDE AVE,364359.17667,5024890.27621,-75.73975125680,45.36142642680,2017-12-23,10:24:00 PM,03 - Snow,07 - Dark,05 - Packed snow,01 - Traffic signal,01 - Functioning,02 - Non-fatal injury,05 - Turning movement,0
17-12229,ST. LAURENT BLVD @ WALKLEY RD,373902.27673,5028047.09179,-75.61750926400,45.38895437840,2017-12-23,10:28:00 PM,01 - Clear,07 - Dark,04 - Slush,01 - Traffic signal,01 - Functioning,02 - Non-fatal injury,02 - Angle,0
17-12230,ECHO DR N @ MAIN ST,368861.72623,5030890.44197,-75.68150486830,45.41501709530,2017-12-24,1:24:00 AM,03 - Snow,07 - Dark,05 - Packed snow,10 - No control,00 - Unknown,03 - P.D. only,03 - Rear end,0
17-12231,GLADSTONE AVE @ KENT ST,367745.15516,5030458.44310,-75.69582466500,45.41123143730,2017-12-24,1:24:00 AM,01 - Clear,07 - Dark,02 - Wet,01 - Traffic signal,01 - Functioning,03 - P.D. only,02 - Angle,0
17-12232,MCARTHUR AVE @ NORTH RIVER RD,369821.15816,5032646.35622,-75.66901605340,45.43072763160,2017-12-24,2:48:00 AM,01 - Clear,07 - Dark,02 - Wet,01 - Traffic signal,01 - Functioning,03 - P.D. only,04 - Sideswipe,0
17-12233,LAURENTIDE RD btwn ASHFORD DR & ELMSLEY CRES,358171.51951,5019908.61046,-75.81926562390,45.31709952880,2017-12-24,3:19:00 AM,03 - Snow,07 - Dark,04 - Slush,10 - No control,,03 - P.D. only,99 - Other,0
17-12234,MARCH RD btwn BEARHILL RD & ROB LYTLE'S LANE,338872.83788,5018682.91491,-76.06548846960,45.30727194350,2017-12-24,4:40:00 AM,03 - Snow,07 - Dark,03 - Loose snow,10 - No control,,03 - P.D. only,07 - SMV other,0
17-12235,ELGIN ST @ WELLINGTON ST W,367664.25284,5031876.90096,-75.69667719520,45.42400153920,2017-12-24,7:43:00 AM,01 - Clear,03 - Dawn,03 - Loose snow,01 - Traffic signal,01 - Functioning,03 - P.D. only,04 - Sideswipe,0
17-12236,PLEASANT PARK RD btwn FAIRBANKS AVE & LYNDA LANE,371280.54905,5028566.64130,-75.65091703240,45.39388285080,2017-12-23,4:20:00 PM,03 - Snow,05 - Dusk,05 - Packed snow,10 - No control,,03 - P.D. only,06 - SMV unattended vehicle,0
17-12237,WARDEN AVE btwn REYNOLDS DR & PRESTWICK DR,382992.88773,5037416.76704,-75.49994390080,45.47229909120,2017-12-24,10:57:00 AM,01 - Clear,01 - Daylight,05 - Packed snow,10 - No control,,03 - P.D. only,02 - Angle,0
17-12238,BANK ST @ WALKLEY RD,370338.32537,5025947.49821,-75.66329742290,45.37040551010,2017-12-24,11:11:00 AM,01 - Clear,01 - Daylight,01 - Dry,01 - Traffic signal,01 - Functioning,03 - P.D. only,03 - Rear end,0
17-12239,JOCKVALE RD @ FABLE ST/WEYBRIDGE DR E,362513.26061,5015143.76190,-75.76444721550,45.27388188630,2017-12-23,3:30:00 PM,03 - Snow,01 - Daylight,03 - Loose snow,11 - Roundabout,01 - Functioning,03 - P.D. only,02 - Angle,0
17-12240,KING EDWARD AVE @ SOMERSET ST/MARIE CURIE PRIV,368957.58750,5031673.84367,-75.68017820240,45.42205708010,2017-12-24,11:55:00 AM,01 - Clear,01 - Daylight,01 - Dry,01 - Traffic signal,01 - Functioning,02 - Non-fatal injury,07 - SMV other,1
17-12241,NEPEAN ST @ BANK ST,367562.70510,5031132.86554,-75.69806949670,45.41731606600,2017-12-24,12:07:00 PM,03 - Snow,01 - Daylight,03 - Loose snow,02 - Stop sign,01 - Functioning,03 - P.D. only,02 - Angle,0
17-12242,CHEVRIER ST @ TRENT ST,365643.70070,5026845.30265,-75.72311552970,45.37890708090,2017-12-24,12:33:00 PM,03 - Snow,01 - Daylight,05 - Packed snow,03 - Yield sign,00 - Unknown,03 - P.D. only,07 - SMV other,0
17-12243,BANK ST btwn ARENA PL & WHITE ALDER AVE,375620.11676,5020996.44788,-75.59658390840,45.32534433580,2017-12-24,1:16:00 PM,01 - Clear,01 - Daylight,02 - Wet,10 - No control,,03 - P.D. only,03 - Rear end,0
17-12244,MCRAE AVE @ RICHMOND RD,363608.74315,5028538.31841,-75.74889493190,45.39431433270,2017-12-23,3:30:00 PM,03 - Snow,01 - Daylight,03 - Loose snow,01 - Traffic signal,01 - Functioning,03 - P.D. only,03 - Rear end,0
17-12245,UPLANDS DR btwn GILLESPIE CRES & COUNTRY CLUB DR,368511.70095,5022950.41181,-75.68700111870,45.34360690410,2017-12-24,12:05:00 PM,01 - Clear,01 - Daylight,01 - Dry,10 - No control,,03 - P.D. only,99 - Other,0
17-12246,BEECHWOOD AVE @ CORONA AVE,369698.61869,5034149.56264,-75.67038378300,45.44426424750,2017-12-24,3:00:00 PM,01 - Clear,01 - Daylight,03 - Loose snow,02 - Stop sign,01 - Functioning,03 - P.D. only,02 - Angle,0
17-12247,DALEHURST DR btwn CRESTLEA CRES & LAVONNE CRT,363610.47887,5021762.03496,-75.74967923290,45.33334202350,2017-12-24,2:04:00 PM,01 - Clear,01 - Daylight,05 - Packed snow,10 - No control,,03 - P.D. only,06 - SMV unattended vehicle,0
17-12248,BANK ST @ RIVERSIDE DR N,369226.25036,5027982.71524,-75.67722780660,45.38882088930,2017-12-24,1:58:00 PM,01 - Clear,01 - Daylight,01 - Dry,01 - Traffic signal,01 - Functioning,02 - Non-fatal injury,07 - SMV other,1
17-12249,CARLING AVE @ OTTAWA RIVER PKWY WB,360857.62825,5025170.75659,-75.78441167190,45.36423891760,2017-12-24,2:47:00 PM,01 - Clear,01 - Daylight,02 - Wet,03 - Yield sign,01 - Functioning,03 - P.D. only,03 - Rear end,0
17-12250,RIVERSIDE DR @ SMYTH RD NORTH SIDE RAMP,369937.48082,5029315.97980,-75.66796977970,45.40075135400,2017-12-24,2:00:00 PM,01 - Clear,01 - Daylight,01 - Dry,01 - Traffic signal,01 - Functioning,03 - P.D. only,04 - Sideswipe,0
17-12251,TENTH LINE RD btwn DES EPINETTES AVE & INNES RD,383873.65379,5036344.17618,-75.48885357430,45.46254973220,2017-12-24,4:10:00 PM,01 - Clear,05 - Dusk,04 - Slush,10 - No control,,02 - Non-fatal injury,03 - Rear end,0
17-12252,PRINCE OF WALES DR btwn WATERBRIDGE DR & CRESTWAY DR,367361.53191,5016477.97409,-75.70249383180,45.28547237350,2017-12-24,4:31:00 PM,03 - Snow,05 - Dusk,03 - Loose snow,10 - No control,,03 - P.D. only,07 - SMV other,0
17-12253,HENRY FARM DR @ MAITLAND AVE,363849.16657,5025152.28151,-75.74622945340,45.36382706120,2017-12-24,4:33:00 PM,01 - Clear,05 - Dusk,01 - Dry,02 - Stop sign,01 - Functioning,03 - P.D. only,07 - SMV other,0
17-12254,BANK ST @ PORTLAND AVE,370106.40882,5026552.26027,-75.66617793390,45.37586861630,2017-12-24,5:10:00 PM,01 - Clear,07 - Dark,05 - Packed snow,02 - Stop sign,01 - Functioning,03 - P.D. only,02 - Angle,0
17-12255,UPPER DWYER HILL RD btwn HAMILTON SIDE RD & MCARTON RD,338276.74366,5009614.46210,-76.07370114310,45.22569764040,2017-12-24,5:37:00 PM,01 - Clear,07 - Dark,06 - Ice,10 - No control,,03 - P.D. only,07 - SMV other,0
17-12256,BASELINE RD btwn MERIVALE RD & FARLANE BLVD,365159.51379,5025390.73090,-75.72947507180,45.36586098420,2017-12-24,5:55:00 PM,01 - Clear,07 - Dark,02 - Wet,10 - No control,,02 - Non-fatal injury,99 - Other,1
17-12257,DELTA ST @ STINSON AVE,358164.66110,5020640.25702,-75.81927426100,45.32368346620,2017-12-24,10:27:00 PM,01 - Clear,07 - Dark,03 - Loose snow,03 - Yield sign,01 - Functioning,03 - P.D. only,02 - Angle,0
17-12258,REGIONAL ROAD 174 btwn EAST ST & EAST SHORE RD,391071.66095,5042799.78242,-75.39569167620,45.51977758820,2017-12-25,6:43:00 AM,03 - Snow,07 - Dark,03 - Loose snow,10 - No control,,03 - P.D. only,07 - SMV other,0
17-12259,TREMBLAY RD @ TRAIN STATION,371168.45189,5031284.45909,-75.65198273410,45.41834731290,2017-12-25,7:17:00 AM,03 - Snow,03 - Dawn,03 - Loose snow,01 - Traffic signal,01 - Functioning,03 - P.D. only,07 - SMV other,0
17-12260,RENAUD RD btwn IDA ST & Continuation of RENAUD RD,379734.53439,5032022.36588,-75.54243260410,45.42412150370,2017-12-25,10:42:00 AM,03 - Snow,01 - Daylight,03 - Loose snow,10 - No control,,03 - P.D. only,01 - Approaching,0
17-12261,FALLOWFIELD RD btwn STEEPLE HILL CRES & MOODIE DR,358626.48915,5014152.27664,-75.81408770780,45.26526861910,2017-12-25,11:00:00 AM,01 - Clear,01 - Daylight,02 - Wet,10 - No control,,03 - P.D. only,07 - SMV other,0
17-12262,RAMSAYVILLE RD @ WALKLEY EXTENSION RD,376463.50402,5029425.81831,-75.58460421490,45.40110202020,2017-12-23,5:30:00 PM,03 - Snow,07 - Dark,03 - Loose snow,10 - No control,00 - Unknown,03 - P.D. only,02 - Angle,0
17-12263,FERIAND ST btwn JOLLIET AVE & END,369845.93883,5034076.48354,-75.66851041050,45.44359302000,2017-12-25,12:44:00 PM,03 - Snow,01 - Daylight,03 - Loose snow,10 - No control,,03 - P.D. only,06 - SMV unattended vehicle,0
17-12264,FAIRMONT AVE btwn KENILWORTH ST & LAURENTIAN PL,365994.19957,5028759.64897,-75.71840323070,45.39610141160,2017-12-25,12:43:00 PM,01 - Clear,01 - Daylight,03 - Loose snow,10 - No control,,03 - P.D. only,06 - SMV unattended vehicle,0
17-12265,COVENTRY RD @ VANIER PKWY,370676.37853,5031611.68628,-75.65822572350,45.42133807270,2017-12-25,1:55:00 PM,03 - Snow,01 - Daylight,03 - Loose snow,01 - Traffic signal,01 - Functioning,03 - P.D. only,03 - Rear end,0
17-12266,CRAIG HENRY DR @ IVYLEA ST/WOODVALE GR,363034.33653,5021801.36730,-75.75702456900,45.33374398240,2017-12-25,3:09:00 PM,01 - Clear,01 - Daylight,03 - Loose snow,02 - Stop sign,01 - Functioning,03 - P.D. only,05 - Turning movement,0
17-12267,ENTERPRISE AVE @ MERIVALE RD,365829.22230,5021418.24875,-75.72141684140,45.33005922350,2017-12-25,3:36:00 PM,01 - Clear,01 - Daylight,01 - Dry,01 - Traffic signal,01 - Functioning,03 - P.D. only,07 - SMV other,0
17-12268,PRINCE OF WALES DR @ SANFORD AVE,366804.81886,5026128.76496,-75.70838113450,45.37235804150,2017-12-25,4:03:00 PM,03 - Snow,05 - Dusk,06 - Ice,02 - Stop sign,00 - Unknown,03 - P.D. only,07 - SMV other,0
17-12269,HERZBERG RD @ CARLING AVE,352037.62000,5022300.25385,-75.89726845660,45.33905951500,2017-12-25,4:29:00 PM,01 - Clear,05 - Dusk,02 - Wet,01 - Traffic signal,00 - Unknown,03 - P.D. only,07 - SMV other,0
17-12270,CARLING AVE @ SCRIVENS ST,359423.72425,5024258.57207,-75.80281521580,45.35614429680,2017-12-25,4:50:00 PM,01 - Clear,05 - Dusk,04 - Slush,01 - Traffic signal,01 - Functioning,03 - P.D. only,05 - Turning movement,0
17-12271,GALETTA SIDE RD btwn CANON SMITH DR & NEWTOWN RD,329241.79692,5036320.07207,-76.18743201420,45.46638075160,2017-12-25,5:39:00 PM,02 - Rain,07 - Dark,02 - Wet,10 - No control,,03 - P.D. only,07 - SMV other,0
17-12272,NOBLE CRES btwn DICKINSON AVE & SOUTHMORE DR W,368726.38162,5024460.47163,-75.68406673410,45.35717452560,2017-12-25,8:01:00 PM,03 - Snow,07 - Dark,05 - Packed snow,10 - No control,,03 - P.D. only,06 - SMV unattended vehicle,0
17-12273,NATIONAL CAPITAL COMM DRWY btwn HOLLAND AVE & TUNIS AVE,365530.75020,5027649.30344,-75.72445870030,45.38615111460,2017-12-25,8:13:00 PM,01 - Clear,07 - Dark,06 - Ice,10 - No control,,03 - P.D. only,07 - SMV other,0
17-12274,BURMA RD btwn PROVENDER AVE & MONTREAL RD,373206.46600,5034652.16200,-75.62547728620,45.44845190170,2017-12-25,8:30:00 PM,01 - Clear,07 - Dark,04 - Slush,10 - No control,,03 - P.D. only,06 - SMV unattended vehicle,0
17-12275,RIVERSIDE DR @ UPLANDS DR/KIMBERWICK CRES N,368194.71600,5022793.27492,-75.69106576500,45.34222173860,2017-12-25,9:03:00 PM,03 - Snow,07 - Dark,04 - Slush,01 - Traffic signal,01 - Functioning,03 - P.D. only,03 - Rear end,0
17-12276,BOOTH ST @ ORANGEVILLE ST,366891.69610,5029571.56480,-75.70683893140,45.40332779890,2017-12-25,10:40:00 PM,01 - Clear,07 - Dark,01 - Dry,02 - Stop sign,01 - Functioning,03 - P.D. only,02 - Angle,0
17-12277,BEECHFERN DR btwn OAKFERN CRES & CARBERY DR,350466.04107,5013882.30820,-75.91809545340,45.26341650420,2017-12-25,10:40:00 PM,03 - Snow,07 - Dark,05 - Packed snow,10 - No control,,03 - P.D. only,06 - SMV unattended vehicle,0
17-12278,BANK ST @ RIDEAU RD,376954.75250,5017845.18945,-75.58001969000,45.29685473780,2017-12-25,10:57:00 PM,03 - Snow,07 - Dark,05 - Packed snow,01 - Traffic signal,01 - Functioning,03 - P.D. only,07 - SMV other,0
17-12279,RICHER DR btwn LEGAULT ST & LEBLANC DR,380972.16056,5036803.73375,-75.52587941350,45.46700685060,2017-12-25,11:14:00 PM,03 - Snow,07 - Dark,02 - Wet,10 - No control,,03 - P.D. only,06 - SMV unattended vehicle,0
17-12280,HUNTER'S GLEN CRES btwn LORRY GREENBERG DR & STREAMWOOD LANE,372591.26495,5025079.82069,-75.63465730310,45.36238417350,2017-12-25,6:00:00 PM,01 - Clear,07 - Dark,03 - Loose snow,10 - No control,,03 - P.D. only,06 - SMV unattended vehicle,0
17-12281,MERIVALE RD @ SHILLINGTON AVE,364844.66463,5026809.02575,-75.73332153120,45.37864960310,2017-12-24,9:24:00 AM,03 - Snow,01 - Daylight,04 - Slush,01 - Traffic signal,01 - Functioning,03 - P.D. only,07 - SMV other,0
17-12282,MACKENZIE AVE @ RIDEAU ST,367870.17257,5032010.29026,-75.69402899210,45.42518319530,2017-12-26,9:36:00 AM,01 - Clear,01 - Daylight,01 - Dry,01 - Traffic signal,01 - Functioning,03 - P.D. only,04 - Sideswipe,0
17-12283,MERIVALE RD @ 170 N OF HUNTCLUB RD/COSTCO/CANA,365549.73604,5022100.07725,-75.72489838490,45.33621847930,2017-12-26,9:41:00 AM,01 - Clear,01 - Daylight,04 - Slush,01 - Traffic signal,00 - Unknown,03 - P.D. only,02 - Angle,0
17-12284,BIRCHVIEW RD btwn ANDOVER PL & ANDOVER PL,363060.83215,5023042.67899,-75.75654039150,45.34491101970,2017-12-26,10:56:00 AM,01 - Clear,01 - Daylight,05 - Packed snow,10 - No control,,03 - P.D. only,06 - SMV unattended vehicle,0
17-12285,BANK ST @ DAVIDSON RD/LESTER RD,373674.56783,5022922.38813,-75.62113129310,45.34286684590,2017-12-26,11:25:00 AM,01 - Clear,01 - Daylight,04 - Slush,01 - Traffic signal,01 - Functioning,02 - Non-fatal injury,02 - Angle,0
17-12286,RICHMOND RD @ HOLLY ACRES RD/NANAIMO DR,359058.19370,5022747.77925,-75.80764604910,45.34257854130,2017-12-26,11:34:00 AM,01 - Clear,01 - Daylight,03 - Loose snow,01 - Traffic signal,01 - Functioning,03 - P.D. only,03 - Rear end,0
17-12287,CASTLEFRANK RD @ TERRY FOX DR,352994.48690,5016303.61316,-75.88564322060,45.28503538070,2017-12-25,11:41:00 AM,01 - Clear,01 - Daylight,01 - Dry,01 - Traffic signal,00 - Unknown,03 - P.D. only,07 - SMV other,0
17-12288,TENTH LINE RD btwn 275 N OF DES EPINETTES AVE/FALLINGBROOK SC & DES EP,383579.19381,5037041.83132,-75.49250654850,45.46885986950,2017-12-26,11:52:00 AM,01 - Clear,01 - Daylight,01 - Dry,10 - No control,,03 - P.D. only,02 - Angle,0
17-12289,HWY 417 VANIER IC117R63 @ VANIER PKWY,370800.23796,5031397.64044,-75.65667188140,45.41940050250,2017-12-26,12:03:00 PM,01 - Clear,01 - Daylight,02 - Wet,01 - Traffic signal,01 - Functioning,03 - P.D. only,03 - Rear end,0
17-12290,MERIVALE RD/LOTTA AVE @ CLYDE AVE,364522.14926,5024507.75138,-75.73771738370,45.35797065770,2017-12-26,12:24:00 PM,01 - Clear,01 - Daylight,04 - Slush,01 - Traffic signal,00 - Unknown,03 - P.D. only,04 - Sideswipe,0