COLLISION_ID,LOCATION,X,Y,LONGITUDE,LATITUDE,DATE,TIME,ENVIRONMENT,LIGHT,SURFACE_CONDITION,TRAFFIC_CONTROL,TRAFFIC_CONTROL_CONDITION,COLLISION_CLASSIFICATION,IMPACT_TYPE,NO_OF_PEDESTRIANS
17-12291,TENTH LINE RD @ CHARLEMAGNE BLVD S/DES EPINETT,383640.97510,5036900.45590,-75.49173924100,45.46758093120,2017-12-26,12:25:00 PM,01 - Clear,01 - Daylight,03 - Loose snow,01 - Traffic signal,01 - Functioning,02 - Non-fatal injury,03 - Rear end,0
17-12292,INDUSTRIAL AVE @ RIVERSIDE DR,370685.19197,5030592.31671,-75.65824940590,45.41216536900,2017-12-26,12:56:00 PM,01 - Clear,01 - Daylight,01 - Dry,01 - Traffic signal,01 - Functioning,03 - P.D. only,02 - Angle,0
17-12293,BANK ST @ HERON RD,369995.72000,5026850.35877,-75.66755168410,45.37856111840,2017-12-26,1:15:00 PM,01 - Clear,01 - Daylight,02 - Wet,01 - Traffic signal,01 - Functioning,03 - P.D. only,04 - Sideswipe,0
17-12294,LONGFIELDS DR @ WOODROFFE AVE,365420.69653,5017106.70821,-75.72715560230,45.29129975840,2017-12-25,1:30:00 PM,03 - Snow,01 - Daylight,05 - Packed snow,01 - Traffic signal,01 - Functioning,03 - P.D. only,07 - SMV other,0
17-12295,INNES RD @ JEANNE D'ARC BLVD/MER BLEUE RD,382637.40711,5035567.27089,-75.50478252330,45.45569864190,2017-12-26,1:37:00 PM,01 - Clear,01 - Daylight,01 - Dry,01 - Traffic signal,01 - Functioning,03 - P.D. only,03 - Rear end,0
17-12296,MERIVALE RD/LOTTA AVE @ CLYDE AVE,364522.67120,5024506.75714,-75.73771084300,45.35796166670,2017-12-26,1:39:00 PM,01 - Clear,01 - Daylight,01 - Dry,01 - Traffic signal,01 - Functioning,03 - P.D. only,04 - Sideswipe,0
17-12297,HAZELDEAN RD @ EDGEWATER ST,352323.60570,5017350.73494,-75.89409444620,45.29450333730,2017-12-26,2:18:00 PM,01 - Clear,01 - Daylight,04 - Slush,01 - Traffic signal,01 - Functioning,03 - P.D. only,03 - Rear end,0
17-12298,PARENT AVE @ ST. ANDREW ST,367732.69470,5032696.29646,-75.69569797960,45.43136802850,2017-12-26,2:27:00 PM,01 - Clear,01 - Daylight,02 - Wet,02 - Stop sign,01 - Functioning,03 - P.D. only,02 - Angle,0
17-12299,MARCH RD @ MORGAN'S GRANT WAY/SHIRLEY'S BROOK,349661.13583,5023616.79994,-75.92747039700,45.35106208470,2017-12-26,2:33:00 PM,01 - Clear,01 - Daylight,01 - Dry,01 - Traffic signal,01 - Functioning,03 - P.D. only,03 - Rear end,0
17-12300,WOODROFFE AVE @ DEERFOX DR/STONEWAY DR,365885.43125,5015940.26151,-75.72137491920,45.28076389680,2017-12-26,11:00:00 AM,01 - Clear,01 - Daylight,05 - Packed snow,01 - Traffic signal,01 - Functioning,03 - P.D. only,02 - Angle,0
17-12301,INNES RD @ JEANNE D'ARC BLVD/MER BLEUE RD,382639.17372,5035567.79039,-75.50475985700,45.45570311910,2017-12-26,3:17:00 PM,01 - Clear,01 - Daylight,01 - Dry,01 - Traffic signal,01 - Functioning,03 - P.D. only,04 - Sideswipe,0
17-12302,MAITLAND AVE btwn LENESTER AVE & HWY417 IC126 RAMP36,363090.46912,5026116.70663,-75.75579971170,45.37256834620,2017-12-26,3:36:00 PM,01 - Clear,01 - Daylight,01 - Dry,10 - No control,,03 - P.D. only,02 - Angle,0
17-12303,SOMERSET ST @ EMPRESS AVE,366739.11331,5030348.14174,-75.70869028170,45.41032874010,2017-12-26,3:50:00 PM,01 - Clear,05 - Dusk,04 - Slush,01 - Traffic signal,01 - Functioning,02 - Non-fatal injury,03 - Rear end,0
17-12304,CATHERINE ST @ LYON ST/HWY 417 LYON IC120BR36,367748.17997,5030092.32841,-75.69583277460,45.40793697860,2017-12-26,4:20:00 PM,01 - Clear,05 - Dusk,01 - Dry,01 - Traffic signal,01 - Functioning,03 - P.D. only,02 - Angle,0
17-12305,KING EDWARD AVE @ SOMERSET ST/MARIE CURIE PRIV,368957.71030,5031673.33875,-75.68017669920,45.42205252600,2017-12-26,4:44:00 PM,01 - Clear,05 - Dusk,02 - Wet,01 - Traffic signal,01 - Functioning,03 - P.D. only,99 - Other,0
17-12306,CASTLEFRANK RD @ HAZELDEAN RD,352677.34245,5017676.86953,-75.88955322360,45.29741396330,2017-12-26,4:46:00 PM,01 - Clear,05 - Dusk,01 - Dry,01 - Traffic signal,01 - Functioning,02 - Non-fatal injury,05 - Turning movement,0
17-12307,HOLLINGTON ST @ SHILLINGTON AVE,365207.22490,5027033.82305,-75.72866510850,45.38064112030,2017-12-25,10:15:00 PM,01 - Clear,07 - Dark,03 - Loose snow,02 - Stop sign,00 - Unknown,03 - P.D. only,99 - Other,0
17-12308,RICHMOND RD @ HOLLY ACRES RD/NANAIMO DR,359058.22064,5022747.81966,-75.80764570150,45.34257890280,2017-12-26,5:03:00 PM,01 - Clear,07 - Dark,02 - Wet,01 - Traffic signal,00 - Unknown,03 - P.D. only,05 - Turning movement,0
17-12309,KITCHENER AVE @ BANK ST,370540.87610,5025500.68855,-75.66077127110,45.36636629100,2017-12-26,5:12:00 PM,01 - Clear,07 - Dark,01 - Dry,01 - Traffic signal,01 - Functioning,03 - P.D. only,03 - Rear end,0
17-12310,BANK ST btwn WALKLEY RD & SURREY AVE,370368.43742,5025851.91650,-75.66292572250,45.36954268010,2017-12-26,5:44:00 PM,01 - Clear,07 - Dark,02 - Wet,10 - No control,,03 - P.D. only,04 - Sideswipe,0
17-12311,PARKDALE AVE btwn BULLMAN ST & OXFORD ST,365039.91054,5029521.11999,-75.73049767620,45.40303571130,2017-12-26,6:27:00 PM,01 - Clear,07 - Dark,01 - Dry,10 - No control,,03 - P.D. only,07 - SMV other,0
17-12312,KING EDWARD AVE SB btwn GEORGE ST & RIDEAU ST,368482.07757,5032453.49362,-75.68615296800,45.42911553950,2017-12-26,6:41:00 PM,01 - Clear,07 - Dark,02 - Wet,10 - No control,,03 - P.D. only,07 - SMV other,0
17-12313,ST. JOSEPH BLVD @ TENTH LINE RD,382893.24404,5038668.71668,-75.50101907210,45.48357415780,2017-12-26,6:45:00 PM,01 - Clear,07 - Dark,01 - Dry,01 - Traffic signal,01 - Functioning,02 - Non-fatal injury,05 - Turning movement,0
17-12314,BLAIR RD @ INNES RD,375578.73490,5031439.79405,-75.59561524560,45.41931268550,2017-12-26,6:57:00 PM,01 - Clear,07 - Dark,01 - Dry,01 - Traffic signal,01 - Functioning,03 - P.D. only,04 - Sideswipe,0
17-12315,SULLIVAN AVE btwn WHITEHILL AVE & PARKER AVE,363671.74706,5022455.06561,-75.74881517590,45.33957271940,2017-12-26,7:10:00 PM,01 - Clear,07 - Dark,02 - Wet,10 - No control,,03 - P.D. only,06 - SMV unattended vehicle,0
17-12316,EAGLESON RD @ COPE DR/CADENCE GT,354620.85498,5016027.49609,-75.86494015590,45.28243742260,2017-12-26,7:35:00 PM,01 - Clear,07 - Dark,01 - Dry,01 - Traffic signal,01 - Functioning,02 - Non-fatal injury,05 - Turning movement,0
17-12317,RIVERSIDE DR @ TREMBLAY RD/HWY417 IC117 RAMP52,370801.23380,5031014.92779,-75.65671042010,45.41595691790,2017-12-26,10:41:00 PM,01 - Clear,07 - Dark,01 - Dry,01 - Traffic signal,01 - Functioning,03 - P.D. only,03 - Rear end,0
17-12318,AVIATION PKWY @ OGILVIE RD,373109.68127,5032376.76488,-75.62703022850,45.42798851340,2017-12-27,12:09:00 AM,01 - Clear,07 - Dark,01 - Dry,01 - Traffic signal,01 - Functioning,02 - Non-fatal injury,05 - Turning movement,0
17-12319,CLOVER ST btwn HERON RD & GREGG ST,369301.23641,5026680.52013,-75.67644042260,45.37709724100,2017-12-27,12:30:00 AM,01 - Clear,07 - Dark,03 - Loose snow,10 - No control,,03 - P.D. only,06 - SMV unattended vehicle,0
17-12320,SPRINGLAND DR btwn RIDGEWOOD AVE & HOBSON RD,368575.87363,5025760.82352,-75.68581975100,45.36888846270,2017-12-27,12:00:00 AM,01 - Clear,00 - Unknown,01 - Dry,10 - No control,,03 - P.D. only,06 - SMV unattended vehicle,0
17-12321,HUNT CLUB RD btwn NORTH BOWESVILLE RD & BILLY BISHOP PRIV,368768.08815,5022373.79979,-75.68380435290,45.33839534750,2017-12-27,7:59:00 AM,01 - Clear,01 - Daylight,01 - Dry,10 - No control,,02 - Non-fatal injury,02 - Angle,0
17-12322,ROCHELLE DR btwn MIRA CRT & TARRYN TER,356221.73682,5005960.42044,-75.84557590410,45.19173595280,2017-12-24,6:00:00 PM,03 - Snow,07 - Dark,03 - Loose snow,10 - No control,,03 - P.D. only,06 - SMV unattended vehicle,0
17-12323,HALIBURTON HGTS @ SHINNY AVE,352904.31080,5014335.48600,-75.88698338520,45.26733181170,2017-12-27,8:30:00 AM,01 - Clear,01 - Daylight,06 - Ice,10 - No control,00 - Unknown,03 - P.D. only,02 - Angle,0
17-12324,COUNTRY GLEN WAY btwn CALVINGTON AVE & CAMPEAU DR,349174.73300,5018389.77100,-75.93414619250,45.30405882450,2017-12-27,12:01:00 AM,01 - Clear,07 - Dark,05 - Packed snow,10 - No control,,03 - P.D. only,06 - SMV unattended vehicle,0
17-12325,SMOKETREE CRES btwn KITTIWAKE DR & DEW GT,348150.28043,5014060.73857,-75.94758730270,45.26516861840,2017-12-23,12:00:00 AM,01 - Clear,00 - Unknown,05 - Packed snow,10 - No control,,03 - P.D. only,06 - SMV unattended vehicle,0
17-12326,GLADSTONE AVE @ PRESTON ST,366489.94269,5029712.79509,-75.71195278240,45.40463407170,2017-12-27,9:15:00 AM,03 - Snow,01 - Daylight,06 - Ice,01 - Traffic signal,01 - Functioning,03 - P.D. only,05 - Turning movement,0
17-12327,HAWTHORNE RD @ HUNT CLUB RD,375506.31621,5026406.76815,-75.59726186210,45.37403546340,2017-12-27,10:24:00 AM,01 - Clear,01 - Daylight,02 - Wet,01 - Traffic signal,01 - Functioning,03 - P.D. only,05 - Turning movement,0
17-12328,JEANNE D'ARC BLVD @ ORLEANS BLVD S,380942.25986,5036249.30569,-75.52634762170,45.46202181590,2017-12-27,10:32:00 AM,01 - Clear,01 - Daylight,02 - Wet,01 - Traffic signal,01 - Functioning,03 - P.D. only,05 - Turning movement,0
17-12329,JOCKVALE RD @ FABLE ST/WEYBRIDGE DR E,362513.15790,5015143.67075,-75.76444853490,45.27388107500,2017-12-27,10:42:00 AM,01 - Clear,01 - Daylight,06 - Ice,11 - Roundabout,01 - Functioning,03 - P.D. only,01 - Approaching,0
17-12330,WEST HUNT CLUB RD EB btwn WOODROFFE AVE & 354 E OF WOODROFFE AVE/REC P,363927.73242,5021397.73160,-75.74567549180,45.33003739030,2017-12-27,10:50:00 AM,01 - Clear,01 - Daylight,03 - Loose snow,10 - No control,,03 - P.D. only,07 - SMV other,0
17-12331,TERMINAL AVE @ TRAINYARDS DR,371845.80737,5030815.68821,-75.64339262670,45.41406493830,2017-12-27,10:53:00 AM,01 - Clear,01 - Daylight,01 - Dry,01 - Traffic signal,01 - Functioning,03 - P.D. only,02 - Angle,0
17-12332,MERIVALE RD/LOTTA AVE @ CLYDE AVE,364522.79897,5024507.86629,-75.73770907790,45.35797163620,2017-12-27,11:03:00 AM,01 - Clear,01 - Daylight,01 - Dry,01 - Traffic signal,01 - Functioning,02 - Non-fatal injury,05 - Turning movement,0
17-12333,BAYSWATER AVE @ SOMERSET ST,365813.17387,5029912.27766,-75.72057255200,45.40648828250,2017-12-27,11:04:00 AM,01 - Clear,01 - Daylight,06 - Ice,01 - Traffic signal,01 - Functioning,03 - P.D. only,05 - Turning movement,0
17-12334,QUEEN MARY ST @ VANIER PKWY,370364.18387,5031958.29516,-75.66216841320,45.42448604660,2017-12-27,11:05:00 AM,01 - Clear,01 - Daylight,01 - Dry,01 - Traffic signal,01 - Functioning,03 - P.D. only,05 - Turning movement,0
17-12335,WEST HUNT CLUB RD EB btwn WOODROFFE AVE & 354 E OF WOODROFFE AVE/REC P,363926.78567,5021395.83811,-75.74568779440,45.33002043250,2017-12-27,11:20:00 AM,01 - Clear,01 - Daylight,06 - Ice,10 - No control,,03 - P.D. only,03 - Rear end,0
17-12336,FURNESS WAY @ VERSILIA DR,367084.48490,5016332.67510,-75.70604339880,45.28418959040,2017-12-26,3:25:00 PM,01 - Clear,01 - Daylight,05 - Packed snow,02 - Stop sign,01 - Functioning,03 - P.D. only,02 - Angle,0
17-12337,WEST HUNT CLUB RD EB btwn WOODROFFE AVE & 354 E OF WOODROFFE AVE/REC P,363928.20579,5021396.31149,-75.74566962250,45.33002457250,2017-12-27,11:59:00 AM,01 - Clear,01 - Daylight,03 - Loose snow,10 - No control,,03 - P.D. only,03 - Rear end,0
17-12338,INNES RD @ JEANNE D'ARC BLVD/MER BLEUE RD,382638.70035,5035566.37027,-75.50476613370,45.45569039500,2017-12-26,8:58:00 AM,05 - Drifting Snow,01 - Daylight,05 - Packed snow,01 - Traffic signal,01 - Functioning,03 - P.D. only,03 - Rear end,0
17-12339,REGIONAL ROAD 174 btwn TRANSIT & OR174 IC109 RAMP56,376081.84097,5034161.74291,-75.58879351730,45.44375208180,2017-12-27,12:22:00 PM,01 - Clear,01 - Daylight,06 - Ice,10 - No control,,03 - P.D. only,07 - SMV other,0
17-12340,INDUSTRIAL AVE @ RIVERSIDE DR,370684.83494,5030592.30521,-75.65825396930,45.41216529910,2017-12-27,12:32:00 PM,03 - Snow,01 - Daylight,06 - Ice,01 - Traffic signal,01 - Functioning,03 - P.D. only,03 - Rear end,0
17-12341,CORLEY PRIV @ FAIRLEA CRES,372003.92548,5026534.51580,-75.64195584360,45.37552953620,2017-12-27,12:41:00 PM,01 - Clear,01 - Daylight,01 - Dry,10 - No control,00 - Unknown,03 - P.D. only,99 - Other,0
17-12342,ASTERVALE ST @ SWEETFERN CRES,384686.03180,5034232.31600,-75.47881002900,45.44345673840,2017-12-27,12:40:00 PM,01 - Clear,01 - Daylight,02 - Wet,02 - Stop sign,00 - Unknown,03 - P.D. only,02 - Angle,0
17-12343,BERRIGAN DR btwn WESSEX RD & EDGEWARE DR (1),363771.47143,5015298.16902,-75.74839440840,45.27516684990,2017-12-27,12:50:00 PM,01 - Clear,01 - Daylight,01 - Dry,10 - No control,,03 - P.D. only,05 - Turning movement,0
17-12344,HARVEST VALLEY AVE btwn SPARKMAN AVE & TENTH LINE RD,384774.22780,5034423.40470,-75.47765173610,45.44516589620,2017-12-27,12:58:00 PM,03 - Snow,01 - Daylight,05 - Packed snow,10 - No control,,03 - P.D. only,02 - Angle,0
17-12345,PRESLAND RD @ VANIER PKWY,370432.17515,5031751.87369,-75.66132716330,45.42262237450,2017-12-27,12:59:00 PM,01 - Clear,01 - Daylight,01 - Dry,01 - Traffic signal,01 - Functioning,03 - P.D. only,03 - Rear end,0
17-12346,BLAIR RD @ REGIONAL RD 174 S/OR174 IC112 RAMP15,374907.65752,5032661.21786,-75.60401512370,45.43036995480,2017-12-27,1:15:00 PM,01 - Clear,01 - Daylight,01 - Dry,01 - Traffic signal,00 - Unknown,03 - P.D. only,03 - Rear end,0
17-12347,BASELINE RD @ CLYDE AVE,364357.74751,5024890.27395,-75.73976949860,45.36142652850,2017-12-27,1:20:00 PM,01 - Clear,01 - Daylight,01 - Dry,01 - Traffic signal,01 - Functioning,02 - Non-fatal injury,02 - Angle,0
17-12348,SHELDRAKE DR btwn LAURIE CRT & CASTLEFRANK RD,353224.07788,5016500.30095,-75.88269749520,45.28678944720,2017-12-27,11:30:00 AM,01 - Clear,01 - Daylight,04 - Slush,10 - No control,,03 - P.D. only,06 - SMV unattended vehicle,0
17-12349,FLETCHER CIRC btwn Continuation of FLETCHER CIRC & Continuation of FLE,349360.06595,5019993.14295,-75.93163880810,45.31847469880,2017-12-27,1:54:00 PM,01 - Clear,01 - Daylight,05 - Packed snow,10 - No control,,03 - P.D. only,04 - Sideswipe,0
17-12350,BAYCREST DR @ WALKLEY RD,371421.73060,5026591.72174,-75.64938062870,45.37609985030,2017-12-27,2:25:00 PM,01 - Clear,01 - Daylight,01 - Dry,01 - Traffic signal,01 - Functioning,02 - Non-fatal injury,03 - Rear end,0
17-12351,GEORGE ST btwn SUSSEX DR & 26 W OF BYWARD MARKET/FREIMAN MALL,367915.60643,5032160.27870,-75.69342923360,45.42652864180,2017-12-19,10:30:00 AM,03 - Snow,01 - Daylight,03 - Loose snow,10 - No control,,03 - P.D. only,06 - SMV unattended vehicle,0
17-12352,MARCH RD @ TERRY FOX DR,349865.08650,5023399.74785,-75.92488743660,45.34909592710,2017-12-27,2:55:00 PM,01 - Clear,01 - Daylight,06 - Ice,01 - Traffic signal,01 - Functioning,03 - P.D. only,07 - SMV other,0
17-12353,PLACE D'ORLEANS DR W @ ST. JOSEPH BLVD,381601.53100,5037684.96230,-75.51769422290,45.47486648370,2017-12-27,2:56:00 PM,01 - Clear,01 - Daylight,01 - Dry,01 - Traffic signal,01 - Functioning,03 - P.D. only,03 - Rear end,0
17-12354,CARLING AVE @ MCKELLAR AVE,362765.23794,5026376.84996,-75.75992109040,45.37493606360,2017-12-27,3:22:00 PM,01 - Clear,01 - Daylight,05 - Packed snow,02 - Stop sign,01 - Functioning,03 - P.D. only,07 - SMV other,0
17-12355,BANKFIELD RD @ PRINCE OF WALES DR,366381.11002,5008974.67634,-75.71592020430,45.21804440870,2017-12-27,3:24:00 PM,01 - Clear,01 - Daylight,06 - Ice,01 - Traffic signal,01 - Functioning,03 - P.D. only,03 - Rear end,0
17-12356,BYRON AVE @ LOCKHART AVE W,361710.63892,5026777.74410,-75.77333852310,45.37862971730,2017-12-27,3:34:00 PM,01 - Clear,01 - Daylight,01 - Dry,02 - Stop sign,00 - Unknown,03 - P.D. only,05 - Turning movement,0
17-12357,MERIVALE RD @ SUMMERVILLE AVE,364875.15256,5026444.74838,-75.73297659790,45.37536928640,2017-12-27,3:43:00 PM,01 - Clear,01 - Daylight,02 - Wet,01 - Traffic signal,00 - Unknown,02 - Non-fatal injury,03 - Rear end,0
17-12358,BAYSHORE DR btwn WOODRIDGE CRES S & BAYSHORE CS,359197.21930,5023567.02079,-75.80578206220,45.34993932320,2017-12-27,3:56:00 PM,01 - Clear,05 - Dusk,01 - Dry,10 - No control,,03 - P.D. only,02 - Angle,0
17-12359,BOOTH ST btwn 148 N OF MIDDLE ST/E.B. EDDY S & MIDDLE ST,366054.26779,5031376.23366,-75.71731098910,45.41963950880,2017-12-27,5:34:00 PM,01 - Clear,07 - Dark,01 - Dry,10 - No control,,03 - P.D. only,07 - SMV other,0
17-12360,GREENBANK RD btwn GIBBARD AVE & WEST HUNT CLUB RD,361440.01153,5020593.51863,-75.77750210290,45.32300627250,2017-12-27,4:03:00 PM,01 - Clear,05 - Dusk,01 - Dry,10 - No control,,03 - P.D. only,04 - Sideswipe,0
17-12361,MARCH RD btwn HWY417 IC155 RAMP36 & DIAMONDVIEW RD,340098.63570,5019831.79594,-76.04977519510,45.31754955930,2017-12-27,4:11:00 PM,01 - Clear,05 - Dusk,02 - Wet,10 - No control,,03 - P.D. only,03 - Rear end,0
17-12362,ORLEANS BLVD @ MAPLE RUN AVE/BEAUSEJOUR DR S,380572.46308,5035316.19260,-75.53121942270,45.45366660500,2017-12-27,4:10:00 PM,01 - Clear,05 - Dusk,01 - Dry,01 - Traffic signal,01 - Functioning,03 - P.D. only,02 - Angle,0
17-12363,BRONSON AVE @ SOMERSET ST,366966.74031,5030476.81115,-75.70576626210,45.41146628840,2017-12-27,3:30:00 PM,01 - Clear,01 - Daylight,03 - Loose snow,01 - Traffic signal,01 - Functioning,03 - P.D. only,03 - Rear end,0
17-12364,MANOTICK STATION RD btwn HERBERTS CORNERS RD & SNAKE ISLAND RD,376758.38778,5005724.79102,-75.58427678720,45.18781929520,2017-12-27,4:56:00 PM,01 - Clear,05 - Dusk,01 - Dry,10 - No control,,03 - P.D. only,07 - SMV other,0
17-12365,MERIVALE RD @ WEST HUNT CLUB RD,365611.98514,5021942.26151,-75.72412361870,45.33479308110,2017-12-27,5:07:00 PM,01 - Clear,07 - Dark,01 - Dry,01 - Traffic signal,01 - Functioning,02 - Non-fatal injury,07 - SMV other,0
17-12366,ALBERT ST @ METCALFE ST,367691.70050,5031612.86505,-75.69636019280,45.42162336390,2017-12-27,5:15:00 PM,04 - Freezing Rain,07 - Dark,06 - Ice,01 - Traffic signal,01 - Functioning,02 - Non-fatal injury,05 - Turning movement,0
17-12367,CARLING AVE @ KIRKWOOD AVE N,364275.71484,5027492.62676,-75.74050314930,45.38484905800,2017-12-27,5:40:00 PM,01 - Clear,07 - Dark,02 - Wet,01 - Traffic signal,01 - Functioning,03 - P.D. only,03 - Rear end,0
17-12368,BLACKBURN BYPASS @ INNES RD E,379792.69465,5033781.80159,-75.54142152800,45.43994540950,2017-12-27,5:48:00 PM,01 - Clear,07 - Dark,03 - Loose snow,01 - Traffic signal,00 - Unknown,03 - P.D. only,04 - Sideswipe,0
17-12369,GREENBANK RD @ HWY 417 IC129 RAMP57/IRIS ST,360531.43167,5023312.42004,-75.78878482290,45.34754367400,2017-12-27,12:30:00 PM,01 - Clear,01 - Daylight,06 - Ice,01 - Traffic signal,01 - Functioning,03 - P.D. only,03 - Rear end,0
17-12370,PARKDALE AVE @ RUSKIN ST,365507.93909,5028452.74013,-75.72465113580,45.39338224210,2017-12-27,6:36:00 PM,01 - Clear,07 - Dark,05 - Packed snow,01 - Traffic signal,00 - Unknown,03 - P.D. only,06 - SMV unattended vehicle,0
17-12371,WELLINGTON ST    W btwn FAIRMONT AVE & IRVING AVE,365561.97386,5029706.87544,-75.72380658200,45.40466197400,2017-12-27,7:03:00 PM,01 - Clear,07 - Dark,03 - Loose snow,10 - No control,,03 - P.D. only,06 - SMV unattended vehicle,0
17-12372,RIVERSIDE DR @ TREMBLAY RD/HWY417 IC117 RAMP52,370802.07881,5031014.29890,-75.65669970910,45.41595117960,2017-12-27,7:14:00 PM,01 - Clear,07 - Dark,02 - Wet,01 - Traffic signal,01 - Functioning,03 - P.D. only,04 - Sideswipe,0
17-12373,CARLING AVE @ KIRKWOOD AVE N,364275.48855,5027493.35519,-75.74050594980,45.38485563120,2017-12-27,7:40:00 PM,01 - Clear,07 - Dark,02 - Wet,01 - Traffic signal,01 - Functioning,03 - P.D. only,02 - Angle,0
17-12374,PRINCE OF WALES DR btwn WEST HUNT CLUB RD & TURN LANE,367459.16126,5021953.96102,-75.70055700880,45.33473583470,2017-12-27,7:00:00 PM,01 - Clear,07 - Dark,01 - Dry,10 - No control,,03 - P.D. only,04 - Sideswipe,0
17-12375,MERIVALE RD btwn BENTLEY AVE & JAMIE AVE,365688.90715,5021760.53653,-75.72316464720,45.33315127260,2017-12-23,6:00:00 PM,03 - Snow,07 - Dark,04 - Slush,10 - No control,,03 - P.D. only,04 - Sideswipe,0
17-12376,COLONNADE RD btwn MERIVALE RD & COLONNADE RD N,365828.66158,5022783.32549,-75.72125564840,45.34234204390,2017-12-28,2:51:00 AM,01 - Clear,07 - Dark,01 - Dry,10 - No control,,03 - P.D. only,07 - SMV other,0
17-12377,BESSERER ST @ DALHOUSIE ST,368253.17507,5032156.86444,-75.68911622870,45.42646737940,2017-12-28,4:48:00 AM,01 - Clear,07 - Dark,01 - Dry,01 - Traffic signal,01 - Functioning,03 - P.D. only,04 - Sideswipe,0
17-12378,DALY AVE @ KING EDWARD AVE,368591.25664,5032272.90926,-75.68478121040,45.42748075810,2017-12-28,5:08:00 AM,01 - Clear,07 - Dark,01 - Dry,02 - Stop sign,01 - Functioning,03 - P.D. only,02 - Angle,0
17-12379,RIVERSIDE DR NB btwn 82 E OF BILLINGS AVE/RIVERSIDE HOSPITAL ENT & TRA,369762.65247,5028775.50218,-75.67027388540,45.39590456980,2017-12-28,6:30:00 AM,01 - Clear,07 - Dark,01 - Dry,10 - No control,,02 - Non-fatal injury,07 - SMV other,0
17-12380,INNES RD btwn BANTREE ST & STAR TOP RD,373835.23336,5030481.82422,-75.61802457260,45.41086755800,2017-12-28,6:48:00 AM,01 - Clear,07 - Dark,01 - Dry,10 - No control,,03 - P.D. only,04 - Sideswipe,0
17-12381,LEITRIM RD btwn LIMEBANK RD & HIGH RD,371416.26976,5019132.91569,-75.65045473420,45.30898832860,2017-12-28,7:02:00 AM,05 - Drifting Snow,03 - Dawn,06 - Ice,10 - No control,,03 - P.D. only,07 - SMV other,0
17-12382,CARLING AVE/STATION RD @ MARCH RD,350908.25382,5022246.13867,-75.91168294950,45.33864770690,2017-12-28,7:34:00 AM,01 - Clear,03 - Dawn,06 - Ice,01 - Traffic signal,01 - Functioning,03 - P.D. only,02 - Angle,0
17-12383,CARLING AVE @ KIRKWOOD AVE S,364352.64725,5027337.78579,-75.73953949920,45.38344928950,2017-12-28,7:44:00 AM,01 - Clear,03 - Dawn,01 - Dry,01 - Traffic signal,01 - Functioning,03 - P.D. only,07 - SMV other,0
17-12384,MONTREAL RD @ CARSON'S RD/CODD'S RD,372771.68256,5034398.35391,-75.63107006880,45.44621068610,2017-12-28,8:01:00 AM,01 - Clear,01 - Daylight,01 - Dry,01 - Traffic signal,01 - Functioning,03 - P.D. only,03 - Rear end,0
17-12385,MEADOWBREEZE DR btwn FERNBROOK PL & WHEATLAND AVE,355474.54002,5015195.99522,-75.85414392490,45.27489437910,2017-12-28,8:24:00 AM,01 - Clear,01 - Daylight,02 - Wet,10 - No control,,03 - P.D. only,06 - SMV unattended vehicle,0
17-12386,BRIAN COBURN BLVD @ TENTH LINE RD,384428.33890,5035022.30790,-75.48197576030,45.45059377220,2017-12-28,8:30:00 AM,01 - Clear,01 - Daylight,06 - Ice,01 - Traffic signal,01 - Functioning,03 - P.D. only,07 - SMV other,0
17-12387,ALBERT ST btwn BAY ST & LYON ST N,367000.09566,5031180.63527,-75.70525133070,45.41779612490,2017-12-28,8:55:00 AM,01 - Clear,01 - Daylight,06 - Ice,10 - No control,,02 - Non-fatal injury,03 - Rear end,0
17-12388,BLAIR RD @ REGIONAL RD 174 S/OR174 IC112 RAMP15,374907.18415,5032662.16461,-75.60402103700,45.43037852010,2017-12-28,7:00:00 AM,01 - Clear,03 - Dawn,06 - Ice,01 - Traffic signal,01 - Functioning,03 - P.D. only,07 - SMV other,0
17-12389,TENTH LINE RD btwn DES EPINETTES AVE & INNES RD,383720.97510,5036709.92336,-75.49074691180,45.46585765870,2017-12-28,9:02:00 AM,01 - Clear,01 - Daylight,06 - Ice,10 - No control,,02 - Non-fatal injury,03 - Rear end,0
17-12390,MARCH RD btwn UPPER DWYER HILL RD & PETER ROBINSON RD,334188.89752,5014399.66528,-76.12547245000,45.26894040440,2017-12-28,9:11:00 AM,01 - Clear,01 - Daylight,06 - Ice,10 - No control,,03 - P.D. only,03 - Rear end,0
17-12391,RIVERSIDE DR @ SMYTH RD SOUTH SIDE RAMP,369789.53680,5028998.71988,-75.66990113780,45.39791051030,2017-12-28,9:13:00 AM,01 - Clear,01 - Daylight,01 - Dry,01 - Traffic signal,01 - Functioning,02 - Non-fatal injury,03 - Rear end,0
17-12392,KING EDWARD AVE NB btwn UNION ST & MACDONALD-CARTIER BR RAMP NB-3,367896.21085,5033324.67628,-75.69352786090,45.43700723420,2017-12-28,9:16:00 AM,01 - Clear,01 - Daylight,06 - Ice,10 - No control,,03 - P.D. only,07 - SMV other,0