COLLISION_ID,LOCATION,X,Y,LONGITUDE,LATITUDE,DATE,TIME,ENVIRONMENT,LIGHT,SURFACE_CONDITION,TRAFFIC_CONTROL,TRAFFIC_CONTROL_CONDITION,COLLISION_CLASSIFICATION,IMPACT_TYPE,NO_OF_PEDESTRIANS
17-12393,LANCASTER RD @ WALKLEY RD,374910.51930,5028604.21402,-75.60455561970,45.39386688610,2017-12-28,9:24:00 AM,01 - Clear,01 - Daylight,01 - Dry,01 - Traffic signal,01 - Functioning,02 - Non-fatal injury,03 - Rear end,0
17-12394,HOLLAND AVE @ SPENCER ST,364833.64795,5029371.84554,-75.73315039960,45.40171029110,2017-12-28,9:38:00 AM,01 - Clear,01 - Daylight,06 - Ice,01 - Traffic signal,01 - Functioning,02 - Non-fatal injury,03 - Rear end,0
17-12395,GOLFLINKS DR E @ JOCKVALE RD,366030.47829,5012610.52456,-75.71993672340,45.25079040610,2017-12-26,10:38:00 PM,01 - Clear,07 - Dark,03 - Loose snow,02 - Stop sign,00 - Unknown,03 - P.D. only,03 - Rear end,0
17-12396,BASELINE RD @ COLLEGE SQUARE SC,362759.38580,5023898.35137,-75.76028650690,45.35263526730,2017-12-28,10:30:00 AM,01 - Clear,01 - Daylight,02 - Wet,01 - Traffic signal,01 - Functioning,03 - P.D. only,03 - Rear end,0
17-12397,ST. JOSEPH BLVD @ TENTH LINE RD,382890.33043,5038666.68949,-75.50105666000,45.48355624480,2017-12-28,11:27:00 AM,01 - Clear,01 - Daylight,06 - Ice,01 - Traffic signal,01 - Functioning,03 - P.D. only,03 - Rear end,0
17-12398,WEST HUNT CLUB RD @ WOODROFFE AVE,363671.16437,5021246.25231,-75.74896639960,45.32869595930,2017-12-27,12:30:00 PM,01 - Clear,01 - Daylight,01 - Dry,01 - Traffic signal,01 - Functioning,03 - P.D. only,03 - Rear end,0
17-12399,TENTH LINE RD btwn DES EPINETTES AVE & INNES RD,383892.11533,5036297.78565,-75.48862500020,45.46213026280,2017-12-28,11:56:00 AM,01 - Clear,01 - Daylight,01 - Dry,10 - No control,,03 - P.D. only,03 - Rear end,0
17-12400,COBOURG ST @ ST. PATRICK ST,368800.93495,5033234.70870,-75.68197689060,45.43611551320,2017-12-28,11:54:00 AM,01 - Clear,01 - Daylight,01 - Dry,01 - Traffic signal,01 - Functioning,03 - P.D. only,03 - Rear end,0
17-12401,HAWTHORNE RD/RUSSELL RD @ WALKLEY RD,374674.13908,5028499.03184,-75.60758917050,45.39294413480,2017-12-28,12:05:00 PM,01 - Clear,01 - Daylight,01 - Dry,01 - Traffic signal,01 - Functioning,03 - P.D. only,03 - Rear end,0
17-12402,FISHER AVE @ NORMANDY CRES S,366869.18137,5024339.33637,-75.70778426520,45.35625144460,2017-12-28,12:20:00 PM,01 - Clear,01 - Daylight,01 - Dry,02 - Stop sign,00 - Unknown,03 - P.D. only,02 - Angle,0
17-12403,TENTH LINE RD btwn DES EPINETTES AVE & INNES RD,383712.45439,5036728.38489,-75.49085289480,45.46602472110,2017-12-28,8:50:00 AM,01 - Clear,01 - Daylight,06 - Ice,10 - No control,,03 - P.D. only,07 - SMV other,0
17-12404,TENTH LINE RD btwn TOMPKINS AVE & CANOTIA PL,383255.18131,5037791.86161,-75.49652988930,45.47564443550,2017-12-28,12:23:00 PM,01 - Clear,01 - Daylight,06 - Ice,10 - No control,,03 - P.D. only,03 - Rear end,0
17-12405,HOLLAND AVE @ ISLAND PARK DR/N.C.C. DRIVEWAY,365426.17097,5027917.29841,-75.72576115030,45.38857153700,2017-12-28,12:32:00 PM,01 - Clear,01 - Daylight,01 - Dry,01 - Traffic signal,01 - Functioning,03 - P.D. only,02 - Angle,0
17-12406,HAZELDEAN RD @ CARBROOKE ST/IRWIN GATE,353417.62150,5018265.69999,-75.88005731240,45.30266155650,2017-12-28,12:37:00 PM,01 - Clear,01 - Daylight,01 - Dry,01 - Traffic signal,01 - Functioning,03 - P.D. only,02 - Angle,0
17-12407,STONEHAVEN DR btwn EAGLESON RD & BLUEMEADOW WAY,354402.95803,5016632.59843,-75.86765699910,45.28789767920,2017-12-28,1:43:00 PM,01 - Clear,01 - Daylight,06 - Ice,10 - No control,,03 - P.D. only,03 - Rear end,0
17-12408,FISHER AVE @ SHILLINGTON AVE,365625.74585,5027296.30851,-75.72328920140,45.38296669780,2017-12-28,1:51:00 PM,01 - Clear,01 - Daylight,01 - Dry,01 - Traffic signal,01 - Functioning,03 - P.D. only,03 - Rear end,0
17-12409,INDUSTRIAL AVE/INNES RD @ ST. LAURENT BLVD,373100.67415,5030005.80339,-75.62747395090,45.40665661860,2017-12-28,1:45:00 PM,01 - Clear,01 - Daylight,01 - Dry,01 - Traffic signal,01 - Functioning,03 - P.D. only,03 - Rear end,0
17-12410,TARA DR @ MAITLAND AVE,363496.16780,5025386.81395,-75.75070728220,45.36596700300,2017-12-28,2:28:00 PM,01 - Clear,01 - Daylight,01 - Dry,02 - Stop sign,01 - Functioning,03 - P.D. only,03 - Rear end,0
17-12411,ST. JOSEPH BLVD btwn ROCKCLIFFE PKWY & HART RD,377441.18176,5035485.74066,-75.57122362880,45.45552459580,2017-12-28,2:49:00 PM,01 - Clear,01 - Daylight,01 - Dry,10 - No control,,03 - P.D. only,04 - Sideswipe,0
17-12412,MITCH OWENS RD btwn DOWNEY RD & MANOTICK STATION RD,373340.52527,5013159.70918,-75.62674282760,45.25505786200,2017-12-28,2:58:00 PM,01 - Clear,01 - Daylight,03 - Loose snow,10 - No control,,02 - Non-fatal injury,07 - SMV other,0
17-12413,BRONSON AVE @ BRONSON AVE NB ON RAMP 42,367752.89551,5028447.29813,-75.69598251370,45.39313505750,2017-12-28,3:00:00 PM,01 - Clear,01 - Daylight,06 - Ice,03 - Yield sign,01 - Functioning,03 - P.D. only,03 - Rear end,0
17-12414,BELFAST RD btwn COVENTRY RD & TREMBLAY RD,371555.46586,5031344.95185,-75.64703004960,45.41885478250,2017-12-28,3:08:00 PM,01 - Clear,01 - Daylight,04 - Slush,10 - No control,,02 - Non-fatal injury,03 - Rear end,0
17-12415,JOCKVALE RD @ STRANDHERD DR,363559.53375,5014577.60051,-75.75118064300,45.26870089880,2017-12-28,1:00:00 PM,01 - Clear,01 - Daylight,01 - Dry,01 - Traffic signal,01 - Functioning,03 - P.D. only,05 - Turning movement,0
17-12416,BASELINE RD btwn TURN LANE & MERIVALE RD,365035.10261,5025314.28431,-75.73107242980,45.36518383260,2017-12-28,4:53:00 PM,01 - Clear,05 - Dusk,06 - Ice,10 - No control,,02 - Non-fatal injury,07 - SMV other,0
17-12417,MEADOWLANDS DR/TALLWOOD DR @ WOODROFFE AVE,363055.94878,5022730.88641,-75.75663942120,45.34210593910,2017-12-28,3:53:00 PM,01 - Clear,01 - Daylight,05 - Packed snow,01 - Traffic signal,01 - Functioning,03 - P.D. only,03 - Rear end,0
17-12418,HALIFAX DR @ WALKLEY RD,373644.68375,5027899.30671,-75.62081915450,45.38765004230,2017-12-28,4:05:00 PM,01 - Clear,05 - Dusk,01 - Dry,01 - Traffic signal,01 - Functioning,03 - P.D. only,02 - Angle,0
17-12419,KING EDWARD AVE @ YORK ST,368396.50757,5032621.43763,-75.68722473930,45.43063442510,2017-12-28,8:30:00 AM,01 - Clear,01 - Daylight,01 - Dry,01 - Traffic signal,01 - Functioning,03 - P.D. only,03 - Rear end,0
17-12420,BEATRICE DR @ STRANDHERD DR,365526.66694,5015322.66533,-75.72602304320,45.27523787070,2017-12-25,10:30:00 AM,01 - Clear,01 - Daylight,03 - Loose snow,01 - Traffic signal,01 - Functioning,03 - P.D. only,05 - Turning movement,0
17-12421,MARCH RD @ SECOND LINE RD,346103.11623,5025326.81504,-75.97273386740,45.36666785530,2017-12-28,4:33:00 PM,01 - Clear,05 - Dusk,01 - Dry,01 - Traffic signal,01 - Functioning,03 - P.D. only,07 - SMV other,0
17-12422,TERRY FOX DR btwn WALTER BAKER PL & 240 S OF EDGEWATER ST,351877.48986,5017533.68699,-75.89976454850,45.29617961950,2017-12-28,4:46:00 PM,01 - Clear,05 - Dusk,01 - Dry,10 - No control,,03 - P.D. only,05 - Turning movement,0
17-12423,BRIAN CRES btwn HOBBS AVE & NANAIMO DR,359551.91572,5022798.92835,-75.80134078740,45.34300042030,2017-12-26,5:01:00 PM,01 - Clear,07 - Dark,05 - Packed snow,10 - No control,,03 - P.D. only,06 - SMV unattended vehicle,0
17-12424,TENTH LINE RD @ CHARLEMAGNE BLVD N/TOMPKINS AV,383184.38086,5037978.10738,-75.49740559460,45.47732805730,2017-12-28,5:16:00 PM,05 - Drifting Snow,07 - Dark,03 - Loose snow,01 - Traffic signal,01 - Functioning,03 - P.D. only,03 - Rear end,0
17-12425,VANCES SIDE RD btwn DUNROBIN RD & GREENLAND RD,341996.16782,5035250.23287,-76.02441146930,45.45619138430,2017-12-28,5:00:00 PM,01 - Clear,07 - Dark,02 - Wet,10 - No control,,03 - P.D. only,07 - SMV other,0
17-12426,KILBIRNIE DR btwn BREAKSTONE RD & GREENBANK RD,365228.44560,5011629.42890,-75.73027275690,45.24203181070,2017-12-25,11:57:00 AM,03 - Snow,01 - Daylight,03 - Loose snow,10 - No control,,03 - P.D. only,06 - SMV unattended vehicle,0
17-12427,ST. JOSEPH BLVD @ TENTH LINE RD,382892.90442,5038666.45290,-75.50102377570,45.48355382820,2017-12-28,10:30:00 AM,01 - Clear,01 - Daylight,06 - Ice,01 - Traffic signal,01 - Functioning,03 - P.D. only,03 - Rear end,0
17-12428,WOODROFFE AVE SB btwn TO BE DETERMINED & WEST HUNT CLUB RD,363639.62768,5021315.78410,-75.74936042190,45.32932424630,2017-12-28,6:15:00 PM,01 - Clear,07 - Dark,01 - Dry,10 - No control,,03 - P.D. only,03 - Rear end,0
17-12429,VANIER PKWY NB btwn BEECHWOOD AVE/ ST. PATRICK ST/CRICHTON ST & DESCHA,369221.10242,5033453.95275,-75.67657841670,45.43804960040,2017-12-28,6:18:00 PM,01 - Clear,07 - Dark,01 - Dry,10 - No control,,03 - P.D. only,03 - Rear end,0
17-12430,SABLEWOOD PL btwn RANCHWOOD WAY E & SABLEWOOD PL,380604.02768,5034676.25341,-75.53091453080,45.44790550560,2017-12-28,6:22:00 PM,01 - Clear,07 - Dark,05 - Packed snow,10 - No control,,02 - Non-fatal injury,07 - SMV other,1
17-12431,BAYCREST DR @ WALKLEY RD,371421.73060,5026591.24385,-75.64938069310,45.37609555120,2017-12-28,6:57:00 PM,01 - Clear,07 - Dark,05 - Packed snow,01 - Traffic signal,01 - Functioning,03 - P.D. only,03 - Rear end,0
17-12432,BLAIR RD @ REGIONAL RD 174 S/OR174 IC112 RAMP15,374908.53527,5032662.05489,-75.60400378750,45.43037739770,2017-12-28,5:45:00 PM,01 - Clear,07 - Dark,01 - Dry,01 - Traffic signal,01 - Functioning,03 - P.D. only,03 - Rear end,0
17-12433,MAITLAND AVE/GLENMOUNT AVE @ ERINDALE DR,363698.25715,5025212.55527,-75.74814848110,45.36438209330,2017-12-28,7:43:00 PM,01 - Clear,07 - Dark,02 - Wet,01 - Traffic signal,01 - Functioning,03 - P.D. only,03 - Rear end,0
17-12434,INDUSTRIAL AVE/INNES RD @ ST. LAURENT BLVD,373099.72740,5030006.76144,-75.62748591200,45.40666533060,2017-12-28,7:43:00 PM,01 - Clear,07 - Dark,01 - Dry,01 - Traffic signal,01 - Functioning,03 - P.D. only,03 - Rear end,0
17-12435,HUNT CLUB RD btwn BILLY BISHOP PRIV & HUNT CLUB PL,369280.63654,5022679.45275,-75.67722537590,45.34109862140,2017-12-28,7:51:00 PM,01 - Clear,07 - Dark,06 - Ice,10 - No control,,03 - P.D. only,03 - Rear end,0
17-12436,MACDONALD-CARTIER BR btwn RAMP & END (1),367432.82414,5033221.27998,-75.69946326910,45.43611857220,2017-12-28,9:37:00 PM,01 - Clear,07 - Dark,06 - Ice,10 - No control,,02 - Non-fatal injury,03 - Rear end,0
17-12437,PARKSIDE CRES btwn VIEWMOUNT DR & VIEWMOUNT DR,364494.20534,5022640.66620,-75.73829940240,45.34117323560,2017-12-28,9:43:00 PM,01 - Clear,07 - Dark,06 - Ice,10 - No control,,03 - P.D. only,06 - SMV unattended vehicle,0
17-12438,RIDEAU ST btwn WURTEMBURG ST & RIDEAU PL,369444.96528,5032969.86796,-75.67378089880,45.43367333730,2017-12-28,11:20:00 PM,03 - Snow,07 - Dark,06 - Ice,10 - No control,,02 - Non-fatal injury,01 - Approaching,0
17-12439,BANK ST @ RIVERSIDE DR N,369225.23800,5027983.78495,-75.67724059470,45.38883060810,2017-12-28,11:27:00 PM,03 - Snow,07 - Dark,06 - Ice,01 - Traffic signal,01 - Functioning,03 - P.D. only,03 - Rear end,0
17-12440,ORLEANS BLVD btwn FORTUNE DR & LUMBERMAN WAY,380318.32719,5037538.33723,-75.53412680710,45.47368722150,2017-12-29,5:36:00 AM,03 - Snow,07 - Dark,03 - Loose snow,10 - No control,,02 - Non-fatal injury,07 - SMV other,0
17-12441,MERIVALE RD @ WEST HUNT CLUB RD,365612.21730,5021943.69294,-75.72412048050,45.33480594050,2017-12-29,6:49:00 AM,03 - Snow,07 - Dark,03 - Loose snow,01 - Traffic signal,01 - Functioning,03 - P.D. only,03 - Rear end,0
17-12442,TENTH LINE RD btwn OR174 IC101 RAMP36 & OR174 IC101 RAMP61,382653.38660,5039165.36228,-75.50400815020,45.48806931670,2017-12-29,7:44:00 AM,01 - Clear,03 - Dawn,06 - Ice,10 - No control,,02 - Non-fatal injury,03 - Rear end,0
17-12443,ISABELLA ST/HWY417 IC119AR75 @ METCALFE ST,368449.18440,5030399.32575,-75.68683866130,45.41063584290,2017-12-29,7:47:00 AM,01 - Clear,03 - Dawn,04 - Slush,01 - Traffic signal,01 - Functioning,02 - Non-fatal injury,04 - Sideswipe,0
17-12444,BRONSON AVE RAMP 42 btwn BRONSON AVE RAMP 24A/42B & BRONSON AVE RAMP 2,368572.34103,5026991.25649,-75.68570596400,45.37995988030,2017-12-29,7:59:00 AM,01 - Clear,01 - Daylight,06 - Ice,10 - No control,,03 - P.D. only,07 - SMV other,0
17-12445,HUNT CLUB RD @ RIVERSIDE DR,368036.22963,5021946.20856,-75.69319614770,45.33461431230,2017-12-29,7:40:00 AM,01 - Clear,03 - Dawn,01 - Dry,01 - Traffic signal,00 - Unknown,03 - P.D. only,03 - Rear end,0
17-12446,ACACIA AVE @ MARIPOSA AVE,369401.72512,5034679.62695,-75.67410905630,45.44906104670,2017-12-28,10:20:00 AM,01 - Clear,01 - Daylight,05 - Packed snow,02 - Stop sign,01 - Functioning,03 - P.D. only,02 - Angle,0
17-12447,FORESTBROOK ST btwn HUNTERBROOK ST N & STATEWOOD DR,348532.82280,5023053.29298,-75.94191936010,45.34606278100,2017-12-29,9:00:00 AM,01 - Clear,01 - Daylight,01 - Dry,10 - No control,,03 - P.D. only,01 - Approaching,0
17-12448,METCALFE ST @ SOMERSET ST,368011.17767,5031104.80949,-75.69234345030,45.41702325510,2017-12-29,9:30:00 AM,01 - Clear,01 - Daylight,06 - Ice,01 - Traffic signal,01 - Functioning,03 - P.D. only,02 - Angle,0
17-12449,OGILVIE RD @ BATHGATE DR/CITYPARK DR W,373827.82018,5032799.90006,-75.61779448370,45.43172515760,2017-12-29,10:41:00 AM,01 - Clear,01 - Daylight,01 - Dry,01 - Traffic signal,01 - Functioning,02 - Non-fatal injury,03 - Rear end,0
17-12450,TERRY FOX DR @ EDGEWATER ST/WALTER BAKER PL,351778.51012,5017613.67578,-75.90101888850,45.29690600480,2017-12-29,1:58:00 PM,01 - Clear,01 - Daylight,01 - Dry,01 - Traffic signal,01 - Functioning,03 - P.D. only,02 - Angle,0
17-12451,CASTLEFRANK RD @ TERRY FOX DR,352994.48237,5016305.04459,-75.88564313890,45.28504826110,2017-12-29,11:12:00 AM,01 - Clear,01 - Daylight,06 - Ice,01 - Traffic signal,01 - Functioning,03 - P.D. only,03 - Rear end,0
17-12452,MEADOWLANDS DR/TALLWOOD DR @ WOODROFFE AVE,363057.16297,5022731.67773,-75.75662383580,45.34211295840,2017-12-28,6:30:00 AM,01 - Clear,07 - Dark,02 - Wet,01 - Traffic signal,01 - Functioning,03 - P.D. only,03 - Rear end,0
17-12453,RIDEAU ST @ WURTEMBURG ST,369358.12632,5032926.29866,-75.67489637410,45.43328934030,2017-12-29,11:38:00 AM,01 - Clear,01 - Daylight,04 - Slush,01 - Traffic signal,01 - Functioning,03 - P.D. only,04 - Sideswipe,0
17-12454,TENTH LINE RD btwn 275 N OF DES EPINETTES AVE/FALLINGBROOK SC & DES EP,383592.21770,5037011.93519,-75.49234480720,45.46858942250,2017-12-29,11:52:00 AM,01 - Clear,01 - Daylight,02 - Wet,10 - No control,,02 - Non-fatal injury,03 - Rear end,0
17-12455,WEST HUNT CLUB RD WB btwn 545 E OF ROYDON PL/SUNDERLAND ST & ANTARES D,366373.98012,5022424.80449,-75.71434249200,45.33906847660,2017-12-29,12:19:00 PM,01 - Clear,01 - Daylight,05 - Packed snow,10 - No control,,03 - P.D. only,03 - Rear end,0
17-12456,CATHERINE ST @ KENT ST,367908.18087,5030188.80109,-75.69377660630,45.40879060150,2017-12-29,12:30:00 PM,01 - Clear,01 - Daylight,01 - Dry,01 - Traffic signal,01 - Functioning,03 - P.D. only,05 - Turning movement,0
17-12457,BELFAST RD @ ST. LAURENT BLVD,372860.24620,5030578.80095,-75.63046590160,45.41183560740,2017-12-29,12:58:00 PM,01 - Clear,01 - Daylight,03 - Loose snow,01 - Traffic signal,01 - Functioning,03 - P.D. only,02 - Angle,0
17-12458,ALTA VISTA DR @ SMYTH RD,370433.17525,5029081.70020,-75.66166990630,45.39859709740,2017-12-29,12:58:00 PM,01 - Clear,01 - Daylight,01 - Dry,01 - Traffic signal,01 - Functioning,03 - P.D. only,05 - Turning movement,0
17-12459,RIVERSIDE DR @ TREMBLAY RD/HWY417 IC117 RAMP52,370802.07817,5031015.90781,-75.65669950130,45.41596565590,2017-12-29,1:20:00 PM,01 - Clear,01 - Daylight,02 - Wet,01 - Traffic signal,01 - Functioning,03 - P.D. only,03 - Rear end,0
17-12460,BASELINE RD/HWY 416 RICHMOND IC75R53 @ RICHMON,358637.87901,5021817.15984,-75.81311028280,45.33423717110,2017-12-29,2:00:00 PM,01 - Clear,01 - Daylight,01 - Dry,01 - Traffic signal,01 - Functioning,03 - P.D. only,03 - Rear end,0
17-12461,PLEASANT PARK RD @ ST. LAURENT BLVD,373597.72790,5028796.25996,-75.62129367460,45.39572503530,2017-12-29,2:22:00 PM,01 - Clear,01 - Daylight,01 - Dry,01 - Traffic signal,01 - Functioning,03 - P.D. only,99 - Other,0
17-12462,CRESTWAY DR @ STRANDHERD DR,366347.37617,5015472.31693,-75.71554531700,45.27651306820,2017-12-29,2:24:00 PM,01 - Clear,01 - Daylight,06 - Ice,01 - Traffic signal,01 - Functioning,03 - P.D. only,04 - Sideswipe,0
17-12463,MACDONALD-CARTIER BR btwn RAMP & END (1),367425.13164,5033226.44694,-75.69956092320,45.43616575110,2017-12-28,10:00:00 AM,01 - Clear,01 - Daylight,06 - Ice,10 - No control,,03 - P.D. only,03 - Rear end,0
17-12464,HWY 417 PALLADI IC142R36 @ PALLADIUM DR,348773.27553,5017374.66985,-75.93935524390,45.29494986600,2017-12-29,2:40:00 PM,01 - Clear,01 - Daylight,01 - Dry,01 - Traffic signal,00 - Unknown,03 - P.D. only,04 - Sideswipe,0
17-12465,BESSERER ST btwn WALLER ST & CUMBERLAND ST,368321.11013,5032194.49835,-75.68824330450,45.42679983070,2017-12-29,2:40:00 PM,01 - Clear,01 - Daylight,01 - Dry,10 - No control,,03 - P.D. only,06 - SMV unattended vehicle,0
17-12466,CYR AVE @ MONTREAL RD,370220.23150,5033148.35115,-75.66384965830,45.43520715600,2017-12-29,2:46:00 PM,01 - Clear,01 - Daylight,05 - Packed snow,02 - Stop sign,01 - Functioning,03 - P.D. only,02 - Angle,0
17-12467,WOODROFFE AVE @ HWY 417 WOODROFF IC127R26/HWY4,362083.55491,5024939.49377,-75.76879051640,45.36205892300,2017-12-29,2:48:00 PM,01 - Clear,01 - Daylight,02 - Wet,01 - Traffic signal,00 - Unknown,03 - P.D. only,01 - Approaching,0
17-12468,KING EDWARD AVE NB @ MACDONALD-CARTIER BR RAMP,368028.31477,5033248.72770,-75.69184928230,45.43631194270,2017-12-28,9:30:00 AM,01 - Clear,01 - Daylight,01 - Dry,10 - No control,00 - Unknown,03 - P.D. only,07 - SMV other,0
17-12469,BANK ST btwn ALTA VISTA DR & ERIE AVE,370161.56970,5026411.73104,-75.66549232210,45.37459903580,2017-12-29,3:06:00 PM,01 - Clear,01 - Daylight,06 - Ice,10 - No control,,03 - P.D. only,02 - Angle,0
17-12470,GREENBANK RD btwn HWY417 IC129 RAMP35 & HWY417 IC129 RAMP25,360514.46291,5023360.64463,-75.78899592030,45.34797894630,2017-12-29,4:07:00 PM,01 - Clear,05 - Dusk,01 - Dry,10 - No control,,03 - P.D. only,03 - Rear end,0
17-12471,BLAIR RD @ REGIONAL RD 174 S/OR174 IC112 RAMP15,374906.84615,5032661.20118,-75.60402549330,45.43036988590,2017-12-29,4:16:00 PM,01 - Clear,05 - Dusk,02 - Wet,01 - Traffic signal,01 - Functioning,03 - P.D. only,05 - Turning movement,0
17-12472,FERNBANK RD @ STITTSVILLE MAIN ST,350934.58880,5012162.11396,-75.91228494000,45.24790702500,2017-12-29,4:44:00 PM,01 - Clear,05 - Dusk,02 - Wet,01 - Traffic signal,01 - Functioning,03 - P.D. only,02 - Angle,0
17-12473,HERZBERG RD @ MARCH RD,352323.62217,5021528.48827,-75.89369351070,45.33209570610,2017-12-29,5:26:00 PM,01 - Clear,07 - Dark,06 - Ice,01 - Traffic signal,01 - Functioning,03 - P.D. only,07 - SMV other,0
17-12474,HUNTMAR DR btwn PALLADIUM DR & MAPLE GROVE RD,349877.26340,5017143.66125,-75.92530146100,45.29280122240,2017-12-29,5:33:00 PM,01 - Clear,07 - Dark,06 - Ice,10 - No control,,03 - P.D. only,03 - Rear end,0
17-12475,BLAIR RD @ REGIONAL RD 174 S/OR174 IC112 RAMP15,374907.31953,5032661.20118,-75.60401944520,45.43036983840,2017-12-29,6:14:00 PM,01 - Clear,07 - Dark,99 - Other,01 - Traffic signal,01 - Functioning,02 - Non-fatal injury,01 - Approaching,0
17-12476,RENAUD RD btwn IDA ST & Continuation of RENAUD RD,378607.06025,5031727.90044,-75.55688241830,45.42159196680,2017-12-27,11:30:00 PM,01 - Clear,07 - Dark,06 - Ice,10 - No control,,03 - P.D. only,07 - SMV other,0
17-12477,SMYTH RD btwn RIVERSIDE HOSPITAL & ALTA VISTA DR,370037.01698,5029121.46192,-75.66672422280,45.39899188380,2017-12-29,6:49:00 PM,01 - Clear,07 - Dark,01 - Dry,10 - No control,,03 - P.D. only,07 - SMV other,0
17-12478,WOODROFFE AVE @ KNOXDALE RD/MEDHURST DR,363419.68990,5021827.20385,-75.75210544570,45.33394437260,2017-12-29,6:54:00 PM,01 - Clear,07 - Dark,06 - Ice,01 - Traffic signal,01 - Functioning,03 - P.D. only,03 - Rear end,0
17-12479,CEDARVIEW RD @ WEST HUNT CLUB RD,359717.72161,5019554.71665,-75.79958506740,45.31379593610,2017-12-29,6:54:00 PM,01 - Clear,07 - Dark,05 - Packed snow,01 - Traffic signal,01 - Functioning,03 - P.D. only,05 - Turning movement,0
17-12480,AVIATION PKWY @ MONTREAL RD,372147.19450,5034107.38806,-75.63909225350,45.44365316810,2017-12-29,6:59:00 PM,01 - Clear,07 - Dark,02 - Wet,01 - Traffic signal,01 - Functioning,02 - Non-fatal injury,03 - Rear end,0
17-12481,BASELINE RD @ CENTREPOINTE DR W/COBDEN RD,361632.77948,5023206.38300,-75.77474330780,45.34650118010,2017-12-29,7:09:00 PM,01 - Clear,07 - Dark,06 - Ice,01 - Traffic signal,01 - Functioning,03 - P.D. only,03 - Rear end,0
17-12482,HARVEST VALLEY AVE btwn SPARKMAN AVE & END,384834.98214,5034452.02386,-75.47687055480,45.44541643210,2017-12-29,7:19:00 PM,01 - Clear,07 - Dark,03 - Loose snow,10 - No control,,03 - P.D. only,06 - SMV unattended vehicle,0
17-12483,DONALD ST @ ST. LAURENT BLVD,372093.71290,5032471.90846,-75.63999940570,45.42894305760,2017-12-29,9:19:00 PM,01 - Clear,07 - Dark,01 - Dry,01 - Traffic signal,01 - Functioning,03 - P.D. only,07 - SMV other,0
17-12484,MERIVALE RD btwn BURRIS LANE & OT/NE BOUNDARY,364924.19505,5025140.39933,-75.73250924250,45.36362876490,2017-12-29,9:40:00 PM,01 - Clear,07 - Dark,05 - Packed snow,10 - No control,,03 - P.D. only,05 - Turning movement,0
17-12485,EAGLESON RD @ HAZELDEAN RD/ROBERTSON RD,353673.62489,5018424.46001,-75.87677745190,45.30407234820,2017-12-29,10:10:00 PM,01 - Clear,07 - Dark,01 - Dry,01 - Traffic signal,01 - Functioning,03 - P.D. only,03 - Rear end,0
17-12486,BAYCREST DR btwn CEDARWOOD DR & SANDALWOOD DR,371296.36420,5026744.07830,-75.65096060110,45.37748260880,2017-12-29,10:29:00 PM,01 - Clear,07 - Dark,06 - Ice,10 - No control,,02 - Non-fatal injury,07 - SMV other,0
17-12487,LESTER RD btwn ALBION RD & UPLANDS DR,371355.39291,5021359.56285,-75.65093180780,45.32902887520,2017-12-29,10:44:00 PM,01 - Clear,07 - Dark,06 - Ice,10 - No control,,02 - Non-fatal injury,01 - Approaching,0
17-12488,CONCORD ST @ GREENFIELD AVE,369033.79958,5031064.51082,-75.67928388230,45.41656752980,2017-12-29,10:47:00 PM,01 - Clear,07 - Dark,04 - Slush,02 - Stop sign,01 - Functioning,03 - P.D. only,02 - Angle,0
17-12489,CHURCHILL AVE   N btwn KENWOOD AVE & PRINCETON AVE,363410.51429,5027867.77787,-75.75150613860,45.38829753790,2017-12-29,10:53:00 PM,01 - Clear,07 - Dark,01 - Dry,10 - No control,,03 - P.D. only,99 - Other,0
17-12490,WATSON ST btwn FALLIS AVE & ST. STEPHEN'S ST,360085.08266,5024191.05081,-75.79438222050,45.35548490710,2017-12-29,11:00:00 PM,01 - Clear,07 - Dark,05 - Packed snow,10 - No control,,03 - P.D. only,06 - SMV unattended vehicle,0
17-12491,RIVER RD btwn EARL ARMSTRONG RD & NICOLLS ISLAND RD,367570.23002,5014676.83677,-75.70006145900,45.26924729830,2017-12-29,11:58:00 PM,01 - Clear,07 - Dark,06 - Ice,10 - No control,,03 - P.D. only,07 - SMV other,0
17-12492,NORANDA AVE btwn ST. LAURENT BLVD & SLADEN AVE,371745.48260,5033634.42185,-75.64429114670,45.43943623010,2017-12-30,12:02:00 AM,01 - Clear,07 - Dark,06 - Ice,10 - No control,,03 - P.D. only,05 - Turning movement,0
17-12493,COLONEL BY DR/SUSSEX DR @ RIDEAU ST,367921.79729,5032044.70735,-75.69336493740,45.42548821200,2017-12-30,1:22:00 AM,01 - Clear,07 - Dark,02 - Wet,01 - Traffic signal,01 - Functioning,02 - Non-fatal injury,02 - Angle,0
17-12494,DUMAURIER AVE @ PINECREST RD,360321.20563,5023835.69433,-75.79140866030,45.35226876060,2017-12-29,10:50:00 AM,01 - Clear,01 - Daylight,06 - Ice,01 - Traffic signal,01 - Functioning,03 - P.D. only,03 - Rear end,0
17-12495,MERIVALE RD @ CAPILANO DR/WITHROW AVE,364641.48225,5024228.47896,-75.73622818210,45.35544762850,2017-12-30,9:29:00 AM,03 - Snow,01 - Daylight,05 - Packed snow,01 - Traffic signal,01 - Functioning,03 - P.D. only,03 - Rear end,0