COLLISION_ID,LOCATION,X,Y,LONGITUDE,LATITUDE,DATE,TIME,ENVIRONMENT,LIGHT,SURFACE_CONDITION,TRAFFIC_CONTROL,TRAFFIC_CONTROL_CONDITION,COLLISION_CLASSIFICATION,IMPACT_TYPE,NO_OF_PEDESTRIANS
17-12496,ORLEANS BLVD @ ST. JOSEPH BLVD,380632.21107,5036979.88004,-75.53019901900,45.46862866190,2017-12-30,10:55:00 AM,01 - Clear,01 - Daylight,06 - Ice,01 - Traffic signal,01 - Functioning,03 - P.D. only,03 - Rear end,0
17-12497,CATHERINE ST @ KENT ST,367908.18087,5030188.80109,-75.69377660630,45.40879060150,2017-12-30,11:33:00 AM,03 - Snow,01 - Daylight,06 - Ice,01 - Traffic signal,01 - Functioning,03 - P.D. only,02 - Angle,0
17-12498,FALLOWFIELD RD btwn MUNSTER RD & CONLEY RD,347807.20045,5005596.12580,-75.95269041500,45.18902124120,2017-12-29,11:58:00 AM,03 - Snow,01 - Daylight,06 - Ice,10 - No control,,03 - P.D. only,07 - SMV other,0
17-12499,MAIN ST @ TORONTO ST,369512.76541,5029341.80155,-75.67339090190,45.40102307700,2017-12-30,12:05:00 PM,03 - Snow,01 - Daylight,04 - Slush,02 - Stop sign,00 - Unknown,03 - P.D. only,03 - Rear end,0
17-12500,KENT ST @ MCLEOD ST,367786.23133,5030389.85384,-75.69530870080,45.41061059660,2017-12-30,12:20:00 PM,05 - Drifting Snow,01 - Daylight,06 - Ice,02 - Stop sign,01 - Functioning,03 - P.D. only,05 - Turning movement,0
17-12501,KING EDWARD AVE @ RIDEAU ST,368511.23383,5032413.82589,-75.68578552600,45.42875596850,2017-12-30,12:40:00 PM,03 - Snow,01 - Daylight,06 - Ice,01 - Traffic signal,01 - Functioning,03 - P.D. only,03 - Rear end,0
17-12502,WOODROFFE AVE btwn HWY417 IC127 RAMP63 & HWY417 IC127 RAMP35,362132.91028,5024814.14013,-75.76817510150,45.36092696580,2017-12-30,11:35:00 AM,03 - Snow,01 - Daylight,03 - Loose snow,10 - No control,,03 - P.D. only,03 - Rear end,0
17-12503,ALBION RD btwn DEL ZOTTO AVE & HIGH RD,373885.43848,5019496.12383,-75.61891890850,45.31201781150,2017-12-30,12:58:00 PM,03 - Snow,01 - Daylight,03 - Loose snow,10 - No control,,02 - Non-fatal injury,07 - SMV other,0
17-12504,GROVE AVE @ SENECA ST,368346.02999,5028070.68052,-75.68845642140,45.38969279170,2017-12-29,6:00:00 PM,01 - Clear,07 - Dark,02 - Wet,02 - Stop sign,01 - Functioning,03 - P.D. only,07 - SMV other,0
17-12505,PORTAGE AVE btwn DORVAL AVE & DAUPHIN RD,372144.46844,5028933.82642,-75.63983425800,45.39710407900,2017-12-30,1:50:00 PM,01 - Clear,01 - Daylight,05 - Packed snow,10 - No control,,03 - P.D. only,99 - Other,0
17-12506,WOODROFFE AVE @ DEERFOX DR/STONEWAY DR,365885.55865,5015940.44490,-75.72137327280,45.28076553600,2017-12-30,2:35:00 PM,03 - Snow,01 - Daylight,05 - Packed snow,01 - Traffic signal,01 - Functioning,03 - P.D. only,05 - Turning movement,0
17-12507,CRESTHAVEN DR btwn GROVEMONT DR & HARBOUR VIEW ST,366564.97438,5014877.88774,-75.71284612130,45.27114534720,2017-12-30,2:36:00 PM,03 - Snow,01 - Daylight,04 - Slush,10 - No control,,03 - P.D. only,06 - SMV unattended vehicle,0
17-12508,CRAIG HENRY DR @ IVYLEA ST/WOODVALE GR,363036.08134,5021802.49290,-75.75700217760,45.33375396570,2017-12-29,3:25:00 PM,01 - Clear,01 - Daylight,01 - Dry,02 - Stop sign,00 - Unknown,03 - P.D. only,06 - SMV unattended vehicle,0
17-12509,MAITLAND AVE @ WOODWARD DR,363275.34088,5025662.52710,-75.75349340020,45.36846629380,2017-12-30,4:01:00 PM,01 - Clear,05 - Dusk,02 - Wet,01 - Traffic signal,01 - Functioning,02 - Non-fatal injury,02 - Angle,0
17-12510,JOCKVALE RD @ STRANDHERD DR,363559.52471,5014578.07615,-75.75118070270,45.26870517990,2017-12-30,4:29:00 PM,01 - Clear,05 - Dusk,03 - Loose snow,01 - Traffic signal,01 - Functioning,03 - P.D. only,03 - Rear end,0
17-12511,BY WARD MARKET SQ btwn CLARENCE ST & YORK ST,367907.92701,5032375.71503,-75.69349975550,45.42846775670,2017-12-30,4:59:00 PM,01 - Clear,07 - Dark,02 - Wet,10 - No control,,03 - P.D. only,06 - SMV unattended vehicle,0
17-12512,BANK ST @ WALKLEY RD,370338.30296,5025948.41134,-75.66329758770,45.37041372800,2017-12-30,5:03:00 PM,01 - Clear,07 - Dark,01 - Dry,01 - Traffic signal,00 - Unknown,03 - P.D. only,03 - Rear end,0
17-12513,THIRD AVE btwn BANK ST & O'CONNOR ST,368567.70553,5029689.86155,-75.68541639030,45.40424152860,2017-12-30,5:08:00 PM,01 - Clear,07 - Dark,05 - Packed snow,10 - No control,,03 - P.D. only,06 - SMV unattended vehicle,0
17-12514,BREWER RD @ BRONSON AVE,368108.14518,5027765.30850,-75.69153330600,45.38696668550,2017-12-30,5:27:00 PM,01 - Clear,07 - Dark,03 - Loose snow,01 - Traffic signal,01 - Functioning,02 - Non-fatal injury,05 - Turning movement,0
17-12515,CARLING AVE @ BAYSHORE DR/BIRCHDALE AVE,359004.39763,5023989.90204,-75.80819631650,45.35375934310,2017-12-30,5:47:00 PM,01 - Clear,07 - Dark,02 - Wet,01 - Traffic signal,01 - Functioning,03 - P.D. only,05 - Turning movement,0
17-12516,OTTAWA RIVER PKWY @ ISLAND PARK DR,363299.26345,5029454.53804,-75.75273860280,45.40258424310,2017-12-30,6:04:00 PM,03 - Snow,07 - Dark,06 - Ice,01 - Traffic signal,01 - Functioning,03 - P.D. only,03 - Rear end,0
17-12517,HWY 417 TERRYFO IC140R52 @ TERRY FOX DR,351052.83144,5018433.07982,-75.91019443080,45.30432737240,2017-12-30,6:07:00 PM,01 - Clear,07 - Dark,06 - Ice,01 - Traffic signal,00 - Unknown,03 - P.D. only,03 - Rear end,0
17-12518,JEANNE D'ARC BLVD @ OR174 IC105 RAMP36,379271.35084,5037282.55877,-75.54755444110,45.47149836060,2017-12-30,6:12:00 PM,01 - Clear,07 - Dark,04 - Slush,03 - Yield sign,00 - Unknown,03 - P.D. only,03 - Rear end,0
17-12519,CHAPEL CRES/CHAPEL ST @ MANN AVE,369551.70077,5031552.44507,-75.67260322160,45.42091004350,2017-12-30,11:30:00 AM,01 - Clear,01 - Daylight,01 - Dry,02 - Stop sign,01 - Functioning,02 - Non-fatal injury,02 - Angle,0
17-12520,DEVINE RD @ FRANK KENNY RD,393676.17475,5023504.27847,-75.36584235580,45.34585323530,2017-12-30,7:36:00 PM,01 - Clear,07 - Dark,06 - Ice,02 - Stop sign,00 - Unknown,03 - P.D. only,07 - SMV other,0
17-12521,BRONSON AVE @ SOMERSET ST,366967.69610,5030477.76694,-75.70575393150,45.41147480260,2017-12-30,7:48:00 PM,06 - Strong wind,07 - Dark,06 - Ice,01 - Traffic signal,01 - Functioning,03 - P.D. only,05 - Turning movement,0
17-12522,QUEEN MARY ST @ VANIER PKWY,370362.75471,5031958.77984,-75.66218661020,45.42449054080,2017-12-30,7:55:00 PM,01 - Clear,07 - Dark,01 - Dry,01 - Traffic signal,01 - Functioning,03 - P.D. only,05 - Turning movement,0
17-12523,GRANT CARMAN DR @ MEADOWLANDS DR,365052.17200,5023901.26845,-75.73102679600,45.35246826630,2017-12-30,5:30:00 PM,01 - Clear,07 - Dark,05 - Packed snow,01 - Traffic signal,01 - Functioning,03 - P.D. only,05 - Turning movement,0
17-12524,HUNTMAR DR @ PALLADIUM DR S,349676.56239,5017364.71955,-75.92784010530,45.29480322000,2017-12-30,10:50:00 PM,01 - Clear,07 - Dark,06 - Ice,01 - Traffic signal,01 - Functioning,03 - P.D. only,04 - Sideswipe,0
17-12525,ELGIN ST @ MACLAREN ST,368208.57012,5031126.36881,-75.68981882380,45.41719937790,2017-12-30,11:05:00 PM,03 - Snow,07 - Dark,05 - Packed snow,01 - Traffic signal,01 - Functioning,03 - P.D. only,02 - Angle,0
17-12526,BASELINE RD @ MERIVALE RD,365054.69640,5025326.23175,-75.73082087210,45.36528965020,2017-12-30,11:43:00 PM,05 - Drifting Snow,07 - Dark,06 - Ice,01 - Traffic signal,01 - Functioning,02 - Non-fatal injury,03 - Rear end,0
17-12527,AVE. DU PERE CHARLEBOIS AVE btwn AVE. MONSEIGNEUR LEMIEUX AVE & AVE. V,371195.65293,5032218.10152,-75.65150938040,45.42674524450,2017-12-31,12:00:00 AM,03 - Snow,00 - Unknown,05 - Packed snow,10 - No control,,03 - P.D. only,06 - SMV unattended vehicle,0
17-12528,HAWTHORNE AVE/ISABELLA ST @ QUEEN ELIZABETH DR,368665.23360,5030476.81115,-75.68406872870,45.41131334800,2017-12-31,12:21:00 AM,01 - Clear,07 - Dark,06 - Ice,01 - Traffic signal,01 - Functioning,03 - P.D. only,02 - Angle,0
17-12529,ST. LAURENT BLVD btwn INDUSTRIAL AVE & BOURASSA ST,373140.91083,5029915.38919,-75.62697252930,45.40583918600,2017-12-31,12:39:00 AM,99 - Other,07 - Dark,06 - Ice,10 - No control,,03 - P.D. only,03 - Rear end,0
17-12530,WEST HUNT CLUB RD btwn PRINCE OF WALES DR & TURN LANE,367560.17591,5021886.76824,-75.69927685140,45.33412221860,2017-12-31,1:50:00 AM,01 - Clear,07 - Dark,02 - Wet,10 - No control,,02 - Non-fatal injury,99 - Other,0
17-12531,WELLINGTON ST btwn KENT ST & BANK ST,367114.83422,5031537.84746,-75.70374024820,45.42100000080,2017-12-31,6:00:00 AM,01 - Clear,07 - Dark,04 - Slush,10 - No control,,02 - Non-fatal injury,03 - Rear end,0
17-12532,SAUNDERSON DR @ SMYTH RD,372794.44136,5029324.73423,-75.63147946350,45.40055847820,2017-12-31,6:47:00 AM,01 - Clear,07 - Dark,02 - Wet,01 - Traffic signal,00 - Unknown,02 - Non-fatal injury,05 - Turning movement,0
17-12533,INNES RD btwn 173 W OF ORIENT PARK DR & ORIENT PARK DR,378181.39399,5032952.91654,-75.56213839280,45.43265863540,2017-12-31,7:45:00 AM,03 - Snow,03 - Dawn,03 - Loose snow,10 - No control,,03 - P.D. only,02 - Angle,0
17-12534,CARLING AVE EB btwn KIRKWOOD AVE & HWY417 IC124 RAMP55,364363.17003,5027353.08076,-75.73940329540,45.38358601650,2017-12-31,8:37:00 AM,01 - Clear,01 - Daylight,01 - Dry,10 - No control,,02 - Non-fatal injury,03 - Rear end,0
17-12535,GLADSTONE AVE @ LEBRETON ST,366856.17830,5029923.28555,-75.70724832820,45.40649563470,2017-12-31,9:27:00 AM,01 - Clear,01 - Daylight,01 - Dry,02 - Stop sign,01 - Functioning,03 - P.D. only,02 - Angle,0
17-12536,EAGLESON RD @ HAZELDEAN RD/ROBERTSON RD,353674.58069,5018423.74315,-75.87676533520,45.30406583170,2017-12-31,9:23:00 AM,01 - Clear,01 - Daylight,05 - Packed snow,01 - Traffic signal,01 - Functioning,03 - P.D. only,07 - SMV other,0
17-12537,BOTTRIELL WAY @ MERKLEY DR,383752.90383,5037378.63719,-75.49023123450,45.47187052530,2017-12-31,9:00:00 AM,01 - Clear,01 - Daylight,06 - Ice,02 - Stop sign,01 - Functioning,03 - P.D. only,06 - SMV unattended vehicle,0
17-12538,CRAIG HENRY DR btwn ALDRIDGE WAY & JACK AARON DR,362409.58037,5021887.51463,-75.76498475040,45.33457070170,2017-12-31,10:26:00 AM,01 - Clear,01 - Daylight,05 - Packed snow,10 - No control,,03 - P.D. only,06 - SMV unattended vehicle,0
17-12539,BELFAST RD @ TREMBLAY RD,371558.24533,5031321.27366,-75.64699774780,45.41864147120,2017-12-31,10:33:00 AM,01 - Clear,01 - Daylight,02 - Wet,01 - Traffic signal,00 - Unknown,03 - P.D. only,05 - Turning movement,0
17-12540,INDUSTRIAL AVE/INNES RD @ ST. LAURENT BLVD,373100.20077,5030004.85664,-75.62748012900,45.40664814590,2017-12-31,10:37:00 AM,01 - Clear,01 - Daylight,06 - Ice,01 - Traffic signal,01 - Functioning,03 - P.D. only,03 - Rear end,0
17-12541,BELCOURT BLVD @ INNES RD,382122.11165,5035267.95290,-75.51141708110,45.45306283840,2017-12-31,11:06:00 AM,01 - Clear,01 - Daylight,01 - Dry,01 - Traffic signal,01 - Functioning,03 - P.D. only,02 - Angle,0
17-12542,BLAIR RD @ OGILVIE RD,374507.25033,5033198.33831,-75.60905571220,45.43524269320,2017-12-31,12:59:00 PM,01 - Clear,01 - Daylight,01 - Dry,01 - Traffic signal,01 - Functioning,03 - P.D. only,03 - Rear end,0
17-12543,LEMIEUX ST @ ST. LAURENT BLVD,372392.19807,5031742.80109,-75.63628531190,45.42235411040,2017-12-15,5:00:00 PM,01 - Clear,07 - Dark,01 - Dry,01 - Traffic signal,01 - Functioning,03 - P.D. only,05 - Turning movement,0
17-12544,STRANDHERD DR btwn CEDARVIEW RD & MADRID AVE,363029.51635,5014079.50602,-75.75799289930,45.26426310270,2017-12-31,1:23:00 PM,01 - Clear,01 - Daylight,02 - Wet,10 - No control,,02 - Non-fatal injury,03 - Rear end,0
17-12545,BASSANO ST @ CHIPPEWA AVE,363850.59322,5024378.74888,-75.74630366400,45.35686679050,2017-12-31,2:52:00 PM,01 - Clear,01 - Daylight,01 - Dry,02 - Stop sign,01 - Functioning,03 - P.D. only,02 - Angle,0
17-12546,CONIFER CREEK CIR S btwn CONIFER CREEK CIR & END,356858.88200,5015467.13400,-75.83647297730,45.27723300590,2017-12-30,8:00:00 PM,03 - Snow,07 - Dark,05 - Packed snow,10 - No control,,03 - P.D. only,06 - SMV unattended vehicle,0
17-12547,BORGA CRES btwn BRANDO CRES & BRANDO CRES,372310.10810,5025428.41419,-75.63819818460,45.36554782160,2017-12-31,3:22:00 PM,01 - Clear,01 - Daylight,02 - Wet,10 - No control,,03 - P.D. only,06 - SMV unattended vehicle,0
17-12548,CATHCART ST @ KING EDWARD AVE NB,368094.00232,5033120.08205,-75.69102632370,45.43514849310,2017-12-31,3:33:00 PM,03 - Snow,01 - Daylight,06 - Ice,02 - Stop sign,00 - Unknown,03 - P.D. only,07 - SMV other,0
17-12549,CYRVILLE RD @ ST. LAURENT BLVD,372242.19417,5032111.81669,-75.63815136860,45.42568881880,2017-12-31,3:47:00 PM,01 - Clear,01 - Daylight,01 - Dry,01 - Traffic signal,00 - Unknown,03 - P.D. only,03 - Rear end,0
17-12550,FITZGERALD RD @ ROBERTSON RD,356789.09770,5020289.05965,-75.83685677760,45.32062658010,2017-12-31,4:16:00 PM,01 - Clear,05 - Dusk,06 - Ice,01 - Traffic signal,01 - Functioning,03 - P.D. only,03 - Rear end,0
17-12551,DATA CENTRE RD @ HERON RD,368942.62692,5026731.86426,-75.68101205100,45.37759214200,2017-12-31,3:56:00 PM,01 - Clear,01 - Daylight,01 - Dry,02 - Stop sign,01 - Functioning,03 - P.D. only,04 - Sideswipe,0
17-12552,MONTREAL RD @ OLMSTEAD ST,370333.25218,5033212.11458,-75.66239678310,45.43577028880,2017-12-31,5:21:00 PM,01 - Clear,07 - Dark,02 - Wet,01 - Traffic signal,01 - Functioning,02 - Non-fatal injury,07 - SMV other,1
17-12553,CARLING AVE @ BROADVIEW AVE,363181.64239,5026638.30265,-75.75457413180,45.37725401050,2017-12-31,5:48:00 PM,01 - Clear,07 - Dark,06 - Ice,01 - Traffic signal,01 - Functioning,03 - P.D. only,03 - Rear end,0
17-12554,HERON RD @ BRIAR HILL DR/SANDALWOOD DR,371455.23506,5027013.26253,-75.64889599120,45.37988953360,2017-12-31,6:33:00 PM,01 - Clear,07 - Dark,02 - Wet,01 - Traffic signal,01 - Functioning,03 - P.D. only,03 - Rear end,0
17-12555,GREENLAND RD btwn PINE VALLEY CRT & VANCES SIDE RD,341700.03579,5036412.49112,-76.02811043250,45.46666530650,2017-12-31,5:45:00 PM,01 - Clear,07 - Dark,02 - Wet,10 - No control,,03 - P.D. only,07 - SMV other,0
17-12556,UPPER DWYER HILL RD btwn HAMILTON SIDE RD & MCARTON RD,339823.89200,5007873.09177,-76.05412254910,45.20995249610,2017-12-31,7:46:00 PM,01 - Clear,07 - Dark,01 - Dry,10 - No control,,03 - P.D. only,07 - SMV other,0
17-12557,ST. LAURENT BLVD @ TREMBLAY RD,372595.81166,5031241.33931,-75.63375277270,45.41782248940,2017-12-31,8:58:00 PM,01 - Clear,07 - Dark,04 - Slush,01 - Traffic signal,01 - Functioning,03 - P.D. only,03 - Rear end,0
17-12558,ANDERSON RD btwn DESJARDINS ST & WEIR RD,377745.20019,5031508.74732,-75.56792636710,45.41971056150,2017-12-31,7:30:00 PM,03 - Snow,07 - Dark,03 - Loose snow,10 - No control,,03 - P.D. only,07 - SMV other,0
17-12559,MCARTHUR AVE @ VANIER PKWY,370218.70500,5032690.82485,-75.66392995730,45.43109066870,2017-12-31,9:00:00 PM,03 - Snow,07 - Dark,06 - Ice,01 - Traffic signal,01 - Functioning,03 - P.D. only,03 - Rear end,0
17-12560,INNES RD btwn STONEHENGE CRES & STONEHENGE CRES,375289.66843,5031271.25909,-75.59933248150,45.41782548370,2017-12-31,2:15:00 PM,03 - Snow,01 - Daylight,05 - Packed snow,10 - No control,,03 - P.D. only,04 - Sideswipe,0
17-12561,STEVENSON AVE btwn CARLING AVE & CRERAR AVE,365270.91126,5027918.77609,-75.72774356350,45.38859825530,2017-12-30,12:00:00 AM,01 - Clear,00 - Unknown,05 - Packed snow,10 - No control,,03 - P.D. only,06 - SMV unattended vehicle,0
17-12562,TERRY FOX DR @ WESTPHALIAN AVE,353455.22610,5015759.78900,-75.87982363390,45.28011017200,2017-12-31,5:15:00 PM,01 - Clear,07 - Dark,02 - Wet,01 - Traffic signal,01 - Functioning,03 - P.D. only,03 - Rear end,0
17-12563,GRACEWOOD CRES btwn CREEKVIEW WAY W & FINDLAY CREEK W,374329.52300,5019572.95500,-75.61324517520,45.31266528380,2017-12-25,5:25:00 PM,01 - Clear,07 - Dark,05 - Packed snow,10 - No control,,03 - P.D. only,06 - SMV unattended vehicle,0
17-12564,KINGHORN CRES btwn MARCONI AVE & MARCONI AVE,349866.25174,5024193.76642,-75.92480019470,45.35624060060,2017-12-31,8:30:00 PM,03 - Snow,07 - Dark,03 - Loose snow,10 - No control,,03 - P.D. only,06 - SMV unattended vehicle,0
17-12565,BANK ST @ HUNT CLUB RD,371608.25860,5024096.26725,-75.64733672000,45.35362886390,2017-12-28,8:10:00 AM,03 - Snow,01 - Daylight,03 - Loose snow,01 - Traffic signal,01 - Functioning,03 - P.D. only,03 - Rear end,0
17-12566,WOODPARK WAY btwn MASONBROOK ST & MULLCRAFT CRES,365210.58969,5017189.15883,-75.72982393810,45.29205973770,2017-12-29,6:00:00 PM,03 - Snow,07 - Dark,03 - Loose snow,10 - No control,,03 - P.D. only,06 - SMV unattended vehicle,0
17-12567,AUDREY AVE btwn SUSAN ST & WALKLEY RD,373996.76758,5028236.16685,-75.61627617230,45.39064625950,2017-12-29,9:30:00 PM,99 - Other,07 - Dark,04 - Slush,10 - No control,,03 - P.D. only,06 - SMV unattended vehicle,0
17-12568,HAWTHORNE RD @ HUNT CLUB RD,375506.84798,5026406.75468,-75.59725507520,45.37403528830,2017-12-12,2:21:00 PM,03 - Snow,01 - Daylight,04 - Slush,01 - Traffic signal,01 - Functioning,03 - P.D. only,03 - Rear end,0
17-12569,SUMMERGAZE ST btwn FOXLIGHT CIR & SOLARIS DR/CONIFER CREEK CIR,356744.56000,5015553.62800,-75.83792094250,45.27801975040,2017-12-30,8:25:00 PM,01 - Clear,07 - Dark,03 - Loose snow,10 - No control,,03 - P.D. only,06 - SMV unattended vehicle,0
17-12570,COLE AVE btwn KENWOOD AVE & PRINCETON AVE,363084.23601,5027740.27095,-75.75568762530,45.38717747770,2017-12-30,1:40:00 PM,01 - Clear,01 - Daylight,01 - Dry,10 - No control,,03 - P.D. only,05 - Turning movement,0
17-12571,HWY 417 MAITLAND IC126R26/62 @ MAITLAND AVE,363145.73092,5025983.58850,-75.75510996300,45.37136596720,2017-12-24,6:55:00 PM,03 - Snow,07 - Dark,03 - Loose snow,01 - Traffic signal,01 - Functioning,03 - P.D. only,02 - Angle,0
17-12572,BERRIGAN DR @ LONGFIELDS DR,364305.29856,5015645.99940,-75.74154955360,45.27825165340,2017-12-30,11:35:00 PM,01 - Clear,07 - Dark,03 - Loose snow,11 - Roundabout,01 - Functioning,03 - P.D. only,04 - Sideswipe,0
17-12573,BRACEWOOD WAY btwn SILVERTHORN CRT & GOLFLINKS DR,365723.08634,5013548.78128,-75.72373745240,45.25925951410,2017-12-22,12:00:00 AM,01 - Clear,00 - Unknown,02 - Wet,10 - No control,,03 - P.D. only,06 - SMV unattended vehicle,0
17-12574,HERZBERG RD @ MARCH RD,352323.62220,5021527.36090,-75.89369361890,45.33208556160,2017-12-23,12:00:00 PM,03 - Snow,01 - Daylight,08 - Loose sand or gravel,01 - Traffic signal,01 - Functioning,03 - P.D. only,07 - SMV other,0
17-12575,NEPEAN ST btwn BANK ST & O'CONNOR ST,367576.51597,5031141.70482,-75.69789192360,45.41739436020,2017-05-08,12:00:00 AM,01 - Clear,00 - Unknown,01 - Dry,10 - No control,,03 - P.D. only,06 - SMV unattended vehicle,0
17-12576,ROMULUS PRIV @ STONE QUARRY PRIV,373475.72687,5034212.58303,-75.62209676030,45.44447040150,2017-12-08,1:22:00 PM,01 - Clear,01 - Daylight,01 - Dry,99 - Other,00 - Unknown,03 - P.D. only,07 - SMV other,1
17-12577,COLONEL BY DR btwn CLEGG ST & ECHO DR S,368612.11157,5028776.22148,-75.68496740140,45.39601683980,2017-04-02,3:35:00 AM,01 - Clear,07 - Dark,02 - Wet,10 - No control,,03 - P.D. only,04 - Sideswipe,0
17-12578,PORTAGE BRIDGE NB btwn PROVINCIAL BOUNDARY & WELLINGTON ST,366354.72200,5031660.31900,-75.71343674310,45.42216925620,2017-03-14,7:20:00 PM,03 - Snow,07 - Dark,03 - Loose snow,10 - No control,,02 - Non-fatal injury,07 - SMV other,0
17-12579,AVATION PKWY/ROCKCLIFFE PKWY WB ONRAMP btwn ROCKCLIFFE PKWY & AVIATION,371575.89331,5035524.44084,-75.64620209260,45.45645792530,2017-04-02,12:25:00 PM,01 - Clear,01 - Daylight,01 - Dry,10 - No control,,03 - P.D. only,03 - Rear end,0
17-12581,ROCKCLIFFE PKWY btwn Continuation of ROCKCLIFFE PKWY & GL/OT BOUNDARY,372977.77612,5035867.47577,-75.62823209520,45.45940899000,2017-04-24,7:43:00 PM,01 - Clear,07 - Dark,01 - Dry,10 - No control,,03 - P.D. only,07 - SMV other,0
17-12582,COLONEL BY DR @ HOG'S BACK RD,367610.85630,5025879.45963,-75.69812311940,45.37004307050,2017-04-24,4:37:00 PM,01 - Clear,01 - Daylight,01 - Dry,01 - Traffic signal,01 - Functioning,03 - P.D. only,04 - Sideswipe,0
17-12583,ROCKCLIFFE PKWY btwn Continuation of ROCKCLIFFE PKWY & GL/OT BOUNDARY,373052.47128,5035929.18046,-75.62726853690,45.45995688220,2017-04-18,12:45:00 PM,01 - Clear,01 - Daylight,01 - Dry,10 - No control,,03 - P.D. only,07 - SMV other,0
17-12584,CARLING AVE WB btwn CARLING AVE WB RAMP/OTTAWA RIVER PKWY & OTTAWA RIV,360867.19153,5025174.59460,-75.78428916960,45.36427268690,2017-03-28,3:00:00 PM,03 - Snow,01 - Daylight,02 - Wet,10 - No control,,03 - P.D. only,04 - Sideswipe,0
17-12585,CHAMPLAIN BRIDGE/ISLAND PARK DR @ BATE ISLAND,362965.86862,5030054.70844,-75.75692618190,45.40801225350,2017-04-11,6:15:00 AM,01 - Clear,01 - Daylight,01 - Dry,02 - Stop sign,00 - Unknown,03 - P.D. only,05 - Turning movement,0
17-12586,OTTAWA RIVER PKWY WB btwn TUNNEY'S PASTURE/REMIC RAPIDS ENT & PARKDALE,363651.83286,5029901.02870,-75.74818202980,45.40657213020,2017-04-15,12:49:00 PM,01 - Clear,01 - Daylight,01 - Dry,10 - No control,,03 - P.D. only,04 - Sideswipe,0
17-12587,CHAMPLAIN BRIDGE/ISLAND PARK DR btwn BATE ISLAND & OTTAWA RIVER PKWY,363135.87337,5029600.13053,-75.75480832400,45.40390789380,2017-04-26,6:35:00 AM,02 - Rain,01 - Daylight,02 - Wet,10 - No control,,03 - P.D. only,03 - Rear end,0
17-12588,OTTAWA RIVER PKWY WB btwn TUNNEY'S PASTURE/REMIC RAPIDS ENT & PARKDALE,364617.79825,5030470.87278,-75.73577400530,45.41161757500,2017-04-27,5:00:00 PM,01 - Clear,01 - Daylight,04 - Slush,10 - No control,,03 - P.D. only,04 - Sideswipe,0
17-12589,OTTAWA RIVER PKWY WB btwn TUNNEY'S PASTURE/REMIC RAPIDS ENT & PARKDALE,363945.00167,5029988.54177,-75.74442669770,45.40733484420,2017-04-26,3:50:00 PM,01 - Clear,01 - Daylight,01 - Dry,10 - No control,,03 - P.D. only,03 - Rear end,0
17-12590,IONA ST @ ISLAND PARK DR,364349.99087,5028385.41720,-75.73944700600,45.39287591200,2017-04-29,11:49:00 AM,01 - Clear,01 - Daylight,01 - Dry,01 - Traffic signal,01 - Functioning,03 - P.D. only,03 - Rear end,0
17-12591,COLONEL BY DR @ OTTAWA UNIV. PED. XING,368730.61099,5031493.32193,-75.68310169350,45.42045358850,2017-01-16,8:15:00 AM,01 - Clear,01 - Daylight,02 - Wet,01 - Traffic signal,00 - Unknown,02 - Non-fatal injury,07 - SMV other,1
17-12592,ROCKCLIFFE PKWY btwn GL/OT BOUNDARY & ST. JOSEPH BLVD,377363.51371,5037144.19507,-75.57197174390,45.47045429670,2017-04-18,8:00:00 AM,01 - Clear,01 - Daylight,01 - Dry,10 - No control,,03 - P.D. only,03 - Rear end,0
17-12593,OTTAWA RIVER PKWY @ ISLAND PARK DR,363301.29857,5029456.93312,-75.75271232480,45.40260562370,2017-01-28,6:10:00 AM,"07 - Fog, mist, smoke, dust",07 - Dark,99 - Other,01 - Traffic signal,00 - Unknown,02 - Non-fatal injury,07 - SMV other,0
17-12594,BOTELER ST @ SUSSEX DR,367452.41173,5032952.53603,-75.69924713700,45.43369875080,2017-01-03,9:20:00 AM,04 - Freezing Rain,01 - Daylight,04 - Slush,01 - Traffic signal,01 - Functioning,03 - P.D. only,03 - Rear end,0
17-12595,AVIATION PKWY NB @ LA CITE PRIV,372501.24399,5033247.75559,-75.63468515540,45.43588442350,2017-01-03,7:40:00 PM,04 - Freezing Rain,07 - Dark,06 - Ice,02 - Stop sign,01 - Functioning,03 - P.D. only,99 - Other,0
17-12596,OTTAWA RIVER PKWY btwn WOODROFFE AVE & TURN LANE,361429.73568,5027011.55107,-75.77689812100,45.38075625220,2017-02-10,6:01:00 PM,03 - Snow,05 - Dusk,03 - Loose snow,10 - No control,,02 - Non-fatal injury,03 - Rear end,0
17-12597,COLONEL BY DR btwn HAWTHORNE AVE & MAIN ST,368766.64111,5030697.53064,-75.68274465210,45.41329004390,2017-02-12,4:19:00 PM,03 - Snow,01 - Daylight,03 - Loose snow,10 - No control,,03 - P.D. only,01 - Approaching,0
17-12598,BRONSON PL @ COLONEL BY DR,367809.64914,5028522.19187,-75.69524817920,45.39380382620,2017-01-24,8:12:00 PM,03 - Snow,07 - Dark,03 - Loose snow,02 - Stop sign,01 - Functioning,03 - P.D. only,07 - SMV other,0