COLLISION_ID,LOCATION,X,Y,LONGITUDE,LATITUDE,DATE,TIME,ENVIRONMENT,LIGHT,SURFACE_CONDITION,TRAFFIC_CONTROL,TRAFFIC_CONTROL_CONDITION,COLLISION_CLASSIFICATION,IMPACT_TYPE,NO_OF_PEDESTRIANS
17-12599,MONTREAL RD @ 46 E OF HILLSIDE DR/MONTREAL SQU,371750.13585,5033915.80787,-75.64419339660,45.44196756160,2017-02-01,6:30:00 AM,03 - Snow,07 - Dark,03 - Loose snow,01 - Traffic signal,00 - Unknown,03 - P.D. only,03 - Rear end,0
17-12600,OTTAWA RIVER PKWY WB btwn TUNNEY'S PASTURE/REMIC RAPIDS ENT & PARKDALE,363357.59172,5029600.79341,-75.75197622290,45.40389534620,2017-01-31,2:00:00 PM,01 - Clear,01 - Daylight,01 - Dry,10 - No control,,03 - P.D. only,03 - Rear end,0
17-12601,BYRON AVE @ ISLAND PARK DR,364255.40878,5028603.65827,-75.74062857100,45.39484764100,2017-02-12,6:02:00 PM,03 - Snow,07 - Dark,03 - Loose snow,01 - Traffic signal,00 - Unknown,03 - P.D. only,05 - Turning movement,0
17-12602,ACACIA AVE @ ROCKCLIFFE PKWY,368704.39482,5035533.26761,-75.68291214110,45.45680586470,2017-02-08,9:08:00 AM,03 - Snow,01 - Daylight,06 - Ice,02 - Stop sign,01 - Functioning,03 - P.D. only,01 - Approaching,0
17-12603,MARIER AVE @ MONTREAL RD,370420.70054,5033261.15174,-75.66127265990,45.43620330240,2017-03-20,9:03:00 AM,01 - Clear,01 - Daylight,01 - Dry,01 - Traffic signal,00 - Unknown,03 - P.D. only,03 - Rear end,0
17-12604,COLONEL BY DR @ MAIN ST,368857.45479,5030913.27803,-75.68155646870,45.41522295660,2017-02-15,1:10:00 PM,01 - Clear,01 - Daylight,03 - Loose snow,02 - Stop sign,01 - Functioning,03 - P.D. only,05 - Turning movement,0
17-12605,COLONEL BY DR/MACKENZIE AVE @ DALY AVE,368004.20815,5031905.67852,-75.69232975110,45.42422983590,2017-01-31,7:26:00 AM,01 - Clear,03 - Dawn,01 - Dry,01 - Traffic signal,01 - Functioning,03 - P.D. only,03 - Rear end,0
17-12606,COLONEL BY DR @ ECHO DR S,368542.43955,5028770.95814,-75.68585786840,45.39597582730,2017-02-03,1:30:00 PM,01 - Clear,01 - Daylight,01 - Dry,10 - No control,,03 - P.D. only,03 - Rear end,0
17-12607,PRETORIA AVE @ QUEEN ELIZABETH DRWY,368664.14992,5030431.30852,-75.68408846780,45.41090402900,2017-03-01,6:30:00 PM,01 - Clear,07 - Dark,02 - Wet,10 - No control,,03 - P.D. only,03 - Rear end,0
17-12608,OTTAWA RIVER PKWY @ WOODROFFE AVE,361427.44817,5027002.25293,-75.77692839410,45.38067277280,2017-03-01,4:25:00 PM,02 - Rain,01 - Daylight,02 - Wet,02 - Stop sign,00 - Unknown,03 - P.D. only,03 - Rear end,0
17-12609,OTTAWA RIVER PKWY @ ISLAND PARK DR,363298.70030,5029453.60702,-75.75274590680,45.40257591320,2017-02-25,3:00:00 PM,02 - Rain,01 - Daylight,02 - Wet,01 - Traffic signal,01 - Functioning,03 - P.D. only,03 - Rear end,0
17-12610,COLONEL BY DR @ HOG'S BACK RD,367611.07162,5025882.69740,-75.69811995930,45.37007218420,2017-02-23,8:15:00 PM,01 - Clear,07 - Dark,02 - Wet,01 - Traffic signal,00 - Unknown,03 - P.D. only,05 - Turning movement,0
17-12611,ROCKCLIFFE PKWY btwn Continuation of ROCKCLIFFE PKWY & GL/OT BOUNDARY,373024.60596,5035899.89874,-75.62762886680,45.45969614220,2017-02-18,1:35:00 PM,01 - Clear,01 - Daylight,01 - Dry,10 - No control,,03 - P.D. only,03 - Rear end,0
17-12612,COLONEL BY DR @ MAIN ST,368859.95767,5030913.09190,-75.68152451730,45.41522105300,2017-02-18,2:21:00 PM,01 - Clear,01 - Daylight,02 - Wet,02 - Stop sign,01 - Functioning,03 - P.D. only,03 - Rear end,0
17-12613,AVIATION PKWY @ MONTREAL RD,372147.24827,5034108.55794,-75.63909140580,45.44366368820,2017-01-13,9:49:00 AM,03 - Snow,01 - Daylight,02 - Wet,01 - Traffic signal,01 - Functioning,03 - P.D. only,99 - Other,0
17-12614,OTTAWA RIVER PKWY ONR-EB @ PARKDALE AVE,364692.63616,5030334.36691,-75.73483455570,45.41038292520,2017-03-16,1:15:00 PM,01 - Clear,01 - Daylight,01 - Dry,10 - No control,00 - Unknown,03 - P.D. only,04 - Sideswipe,0
17-12615,ROCKCLIFFE PKWY btwn GL/OT BOUNDARY & ST. JOSEPH BLVD,377553.97775,5036522.12619,-75.56962827390,45.46483754250,2017-02-20,11:00:00 AM,01 - Clear,01 - Daylight,06 - Ice,10 - No control,,03 - P.D. only,99 - Other,0
17-12616,AVIATION PKWY btwn AVIATION PKWY & TO BE DETERMINED,372662.01629,5032900.00015,-75.63267843540,45.43273990750,2017-03-02,8:34:00 AM,06 - Strong wind,01 - Daylight,02 - Wet,10 - No control,,03 - P.D. only,07 - SMV other,0
17-12617,OTTAWA RIVER PKWY WB btwn TUNNEY'S PASTURE/REMIC RAPIDS ENT & PARKDALE,363378.75814,5029648.14039,-75.75170023860,45.40431959500,2017-03-09,3:39:00 PM,01 - Clear,01 - Daylight,01 - Dry,10 - No control,,03 - P.D. only,03 - Rear end,0
17-12618,WELLINGTON ST btwn OTTAWA RIVER PKWY & TO BE DETERMINED,366357.24736,5031113.68981,-75.71347277040,45.41725062140,2017-03-25,9:43:00 PM,01 - Clear,07 - Dark,02 - Wet,10 - No control,,03 - P.D. only,07 - SMV other,0
17-12619,AVIATION PKWY @ MONTREAL RD,372146.43417,5034108.19392,-75.63910186110,45.44366049150,2017-03-24,11:31:00 AM,03 - Snow,01 - Daylight,04 - Slush,01 - Traffic signal,00 - Unknown,03 - P.D. only,03 - Rear end,0
17-12620,PARKDALE AVE WB OFF RAMP/OTTAWA RIVER PKWY btwn OTTAWA RIVER PKWY & PA,364694.13107,5030582.02367,-75.73478536640,45.41261115650,2017-03-21,8:20:00 AM,03 - Snow,01 - Daylight,05 - Packed snow,10 - No control,,03 - P.D. only,03 - Rear end,0
17-12621,COLONEL BY DR @ UNIVERSITY RD - CARLETON,367347.21802,5026856.35435,-75.70136481780,45.37885651230,2017-03-24,11:10:00 AM,03 - Snow,01 - Daylight,03 - Loose snow,01 - Traffic signal,01 - Functioning,03 - P.D. only,02 - Angle,0
17-12622,AVIATION PKWY @ MONTREAL RD,372146.37591,5034108.62269,-75.63910254760,45.44366435530,2017-03-11,8:00:00 PM,01 - Clear,07 - Dark,06 - Ice,01 - Traffic signal,01 - Functioning,03 - P.D. only,03 - Rear end,0
17-12623,COLONEL BY DR @ UNIVERSITY RD - CARLETON,367327.69089,5026864.71347,-75.70161306700,45.37893346840,2017-03-04,12:42:00 PM,01 - Clear,01 - Daylight,01 - Dry,01 - Traffic signal,01 - Functioning,02 - Non-fatal injury,03 - Rear end,0
17-12624,SUSSEX DR/PRINCESS AVE @ RIDEAU GATE,367956.69890,5034163.60300,-75.69264714750,45.44455012860,2017-03-19,4:20:00 PM,01 - Clear,01 - Daylight,01 - Dry,11 - Roundabout,01 - Functioning,03 - P.D. only,03 - Rear end,0
17-12625,ROCKCLIFFE PKWY btwn GL/OT BOUNDARY & ST. JOSEPH BLVD,376744.35131,5036915.58951,-75.57992276250,45.46846151460,2017-03-23,7:06:00 PM,01 - Clear,07 - Dark,06 - Ice,10 - No control,,03 - P.D. only,01 - Approaching,0
17-12626,OTTAWA RIVER PKWY @ PORTAGE BRIDGE,366516.04366,5031316.27701,-75.71141862260,45.41905945380,2017-04-03,6:00:00 PM,02 - Rain,01 - Daylight,02 - Wet,01 - Traffic signal,01 - Functioning,03 - P.D. only,04 - Sideswipe,0
17-12627,BOOTH ST @ OTTAWA RIVER PKWY/WELLINGTON ST,366264.65903,5031008.49316,-75.71466879720,45.41631223150,2017-03-24,10:45:00 AM,03 - Snow,01 - Daylight,05 - Packed snow,01 - Traffic signal,00 - Unknown,03 - P.D. only,04 - Sideswipe,0
17-12628,"MONTREAL RD btwn EGLISE, RUE DE L & ST. LAURENT BLVD",371539.33067,5033814.01429,-75.64690156910,45.44107182730,2017-01-16,3:57:00 PM,01 - Clear,01 - Daylight,01 - Dry,10 - No control,,03 - P.D. only,04 - Sideswipe,0
17-12629,IONA ST @ ISLAND PARK DR,364349.38341,5028386.16788,-75.73945467350,45.39288271840,2017-01-05,11:50:00 AM,01 - Clear,01 - Daylight,02 - Wet,01 - Traffic signal,01 - Functioning,02 - Non-fatal injury,02 - Angle,0
17-12630,CLEGG ST @ COLONEL BY DR,368968.99457,5029741.86120,-75.68028398840,45.40467273260,2017-01-26,9:45:00 PM,01 - Clear,07 - Dark,01 - Dry,10 - No control,00 - Unknown,03 - P.D. only,03 - Rear end,0
17-12631,COLONEL BY DR @ HAWTHORNE AVE/PRETORIA BRIDGE,368769.42694,5030523.85016,-75.68273160450,45.41172707260,2017-01-22,11:30:00 AM,"07 - Fog, mist, smoke, dust",01 - Daylight,02 - Wet,01 - Traffic signal,00 - Unknown,02 - Non-fatal injury,07 - SMV other,1
17-12632,ISLAND PARK DR @ HELENA ST,364413.09651,5028239.69427,-75.73865871930,45.39155935590,2017-01-28,12:00:00 PM,03 - Snow,01 - Daylight,02 - Wet,02 - Stop sign,01 - Functioning,03 - P.D. only,03 - Rear end,0
17-12633,MONTREAL RD btwn ST. LAURENT BLVD & HILLSIDE DR,371555.44995,5033823.79096,-75.64669422030,45.44115825450,2017-01-16,3:57:00 PM,01 - Clear,01 - Daylight,01 - Dry,10 - No control,,03 - P.D. only,04 - Sideswipe,0
17-12634,QUEEN ELIZABETH DRWY btwn LAKESIDE AVE & LAKEVIEW TER,367632.39838,5028558.41293,-75.69750716780,45.39414565930,2017-07-05,4:37:00 PM,01 - Clear,01 - Daylight,01 - Dry,10 - No control,,02 - Non-fatal injury,07 - SMV other,0
17-12635,BANK ST @ ECHO DR,368662.11212,5028758.71162,-75.68433110770,45.39585473270,2017-01-24,9:05:00 AM,04 - Freezing Rain,01 - Daylight,06 - Ice,02 - Stop sign,01 - Functioning,03 - P.D. only,01 - Approaching,0
17-12636,BRONSON PL @ COLONEL BY DR,367807.76886,5028519.37143,-75.69527255070,45.39377861730,2017-01-04,7:00:00 AM,01 - Clear,03 - Dawn,06 - Ice,02 - Stop sign,01 - Functioning,03 - P.D. only,03 - Rear end,0
17-12637,BIRCH AVE EXT./ROCKCLIFFE PKWY @ ROCKCLIFFE PK,370128.42387,5035704.21397,-75.66468358050,45.45821227300,2017-01-03,6:47:00 PM,03 - Snow,07 - Dark,03 - Loose snow,02 - Stop sign,01 - Functioning,03 - P.D. only,07 - SMV other,0
17-12638,TURN LANE btwn OTTAWA RIVER PKWY & WOODROFFE AVE (1),361435.04690,5027008.17121,-75.77683069580,45.38072541080,2017-01-04,8:30:00 AM,03 - Snow,01 - Daylight,03 - Loose snow,10 - No control,,03 - P.D. only,03 - Rear end,0
17-12639,TURN LANE btwn ISLAND PARK DR & OTTAWA RIVER PKWY (1),363245.00541,5029435.04134,-75.75343393960,45.40241334720,2017-01-14,11:10:00 AM,01 - Clear,01 - Daylight,01 - Dry,10 - No control,,03 - P.D. only,03 - Rear end,0
17-12640,ISLAND PARK DR btwn TURN LANE & TURN LANE,363167.66183,5029531.27653,-75.75441043840,45.40328570770,2017-01-20,4:00:00 PM,01 - Clear,01 - Daylight,02 - Wet,10 - No control,,03 - P.D. only,04 - Sideswipe,0
17-12641,IONA ST @ ISLAND PARK DR,364349.98842,5028385.26902,-75.73944705580,45.39287457880,2017-01-02,3:05:00 PM,03 - Snow,01 - Daylight,01 - Dry,01 - Traffic signal,01 - Functioning,03 - P.D. only,03 - Rear end,0
17-12642,ISLAND PARK DR @ RICHMOND RD,364134.82019,5028870.87567,-75.74213646680,45.39726224130,2017-01-03,1:29:00 PM,04 - Freezing Rain,01 - Daylight,04 - Slush,01 - Traffic signal,01 - Functioning,03 - P.D. only,05 - Turning movement,0
17-12643,OTTAWA RIVER PKWY EB btwn TRANSIT & TURN LANE (1),362676.36854,5028380.12387,-75.76082076970,45.39296860540,2017-02-08,9:45:00 AM,01 - Clear,01 - Daylight,04 - Slush,10 - No control,,03 - P.D. only,02 - Angle,0
17-12644,ISLAND PARK DR @ MERIVALE RD,364653.70450,5028023.54528,-75.73561231620,45.38959396630,2017-06-26,2:00:00 PM,01 - Clear,01 - Daylight,01 - Dry,01 - Traffic signal,01 - Functioning,03 - P.D. only,02 - Angle,0
17-12645,BIRCH AVE EXT./ROCKCLIFFE PKWY @ ROCKCLIFFE PK,370128.98994,5035711.93942,-75.66467531780,45.45828172970,2017-01-05,8:22:00 AM,01 - Clear,01 - Daylight,06 - Ice,02 - Stop sign,00 - Unknown,03 - P.D. only,03 - Rear end,0
17-12646,COLONEL BY DR @ UNIVERSITY RD - CARLETON,367347.59194,5026849.23056,-75.70136094660,45.37879238070,2017-01-12,2:25:00 PM,03 - Snow,01 - Daylight,03 - Loose snow,01 - Traffic signal,01 - Functioning,03 - P.D. only,07 - SMV other,0
17-12647,ISLAND PARK DR btwn CLEARVIEW AVE & OTTAWA RIVER PKWY,363481.78436,5029389.30184,-75.75041506940,45.40198198340,2017-06-19,5:30:00 PM,00 - Unknown,01 - Daylight,01 - Dry,10 - No control,,03 - P.D. only,03 - Rear end,0
17-12648,OTTAWA RIVER PKWY WB btwn TUNNEY'S PASTURE/REMIC RAPIDS ENT & PARKDALE,363370.84863,5029622.67276,-75.75180429300,45.40409110400,2017-06-20,3:45:00 PM,99 - Other,01 - Daylight,01 - Dry,10 - No control,,03 - P.D. only,04 - Sideswipe,0
17-12649,LISGAR RD @ ROCKCLIFFE PKWY,368352.46191,5035225.19211,-75.68745134530,45.45406602340,2017-06-23,2:30:00 PM,01 - Clear,01 - Daylight,01 - Dry,03 - Yield sign,00 - Unknown,03 - P.D. only,04 - Sideswipe,0
17-12651,SLATER ST btwn LYON ST N & KENT ST,367137.87935,5031173.55696,-75.70349189480,45.41772017410,2017-06-26,6:07:00 PM,01 - Clear,01 - Daylight,01 - Dry,10 - No control,,03 - P.D. only,04 - Sideswipe,0
17-12652,COLONEL BY DR/MACKENZIE AVE @ DALY AVE,368002.71192,5031904.58024,-75.69234901090,45.42422008890,2017-05-14,8:25:00 AM,01 - Clear,01 - Daylight,02 - Wet,01 - Traffic signal,01 - Functioning,03 - P.D. only,04 - Sideswipe,0
17-12653,OTTAWA RIVER PKWY btwn VIMY PLACE PRIV & BOOTH ST,366227.76421,5030980.71452,-75.71514361850,45.41606552640,2017-05-14,9:30:00 PM,02 - Rain,07 - Dark,02 - Wet,10 - No control,,03 - P.D. only,04 - Sideswipe,0
17-12654,PATTERSON AVE @ QUEEN ELIZABETH DRWY,368727.26870,5030323.00729,-75.68329620600,45.40992380870,2017-02-21,1:20:00 PM,01 - Clear,01 - Daylight,01 - Dry,02 - Stop sign,00 - Unknown,03 - P.D. only,05 - Turning movement,0
17-12655,OTTAWA RIVER PKWY EB btwn TUNNEY'S PASTURE/REMIC RAPIDS ENT & ISLAND P,364369.26406,5030303.62213,-75.73896918190,45.41013388940,2017-05-12,4:00:00 PM,01 - Clear,01 - Daylight,01 - Dry,10 - No control,,03 - P.D. only,03 - Rear end,0
17-12656,ACACIA AVE @ ROCKCLIFFE PKWY,368702.72602,5035534.24602,-75.68293334920,45.45681482060,2017-05-14,9:30:00 PM,02 - Rain,07 - Dark,02 - Wet,02 - Stop sign,00 - Unknown,03 - P.D. only,07 - SMV other,0
17-12657,PORTAGE BRIDGE SB btwn PROVINCIAL BOUNDARY & WELLINGTON ST,366339.46000,5031669.81000,-75.71363056110,45.42225599620,2017-05-31,7:50:00 AM,01 - Clear,01 - Daylight,01 - Dry,10 - No control,,03 - P.D. only,03 - Rear end,0
17-12658,HAWTHORNE AVE/ISABELLA ST @ QUEEN ELIZABETH DR,368665.71149,5030476.57216,-75.68406265470,45.41131115390,2017-06-26,1:00:00 AM,01 - Clear,07 - Dark,01 - Dry,01 - Traffic signal,01 - Functioning,03 - P.D. only,03 - Rear end,0
17-12660,OTTAWA RIVER PKWY @ PORTAGE BRIDGE,366516.20826,5031314.63114,-75.71141672580,45.41904463000,2017-05-26,9:40:00 AM,01 - Clear,01 - Daylight,02 - Wet,01 - Traffic signal,01 - Functioning,03 - P.D. only,03 - Rear end,0
17-12661,OTTAWA RIVER PKWY WB btwn TRANSIT & TURN LANE,363012.83020,5029246.81738,-75.75642166990,45.40073908550,2017-05-27,10:15:00 PM,01 - Clear,07 - Dark,01 - Dry,10 - No control,,03 - P.D. only,04 - Sideswipe,0
17-12662,OTTAWA RIVER PKWY @ REMIC RAPIDS ENT/TUNNEY'S,364263.27140,5030245.24680,-75.74033021990,45.40961765460,2017-05-20,2:47:00 PM,01 - Clear,01 - Daylight,01 - Dry,01 - Traffic signal,01 - Functioning,03 - P.D. only,07 - SMV other,0
17-12663,PORTAGE BRIDGE SB btwn PROVINCIAL BOUNDARY & WELLINGTON ST,366339.57700,5031669.43000,-75.71362911360,45.42225256670,2017-01-07,11:15:00 PM,01 - Clear,07 - Dark,06 - Ice,10 - No control,,02 - Non-fatal injury,07 - SMV other,0
17-12664,CHAMPLAIN BRIDGE/ISLAND PARK DR btwn BATE ISLAND & OTTAWA RIVER PKWY,363092.49687,5029874.92261,-75.75532988890,45.40638403820,2017-05-03,12:00:00 AM,01 - Clear,00 - Unknown,01 - Dry,10 - No control,,03 - P.D. only,03 - Rear end,0
17-12665,OTTAWA RIVER PKWY EB btwn TRANSIT & TURN LANE (1),362667.34686,5029043.27592,-75.76085819180,45.39893629300,2017-06-03,3:54:00 PM,01 - Clear,01 - Daylight,01 - Dry,10 - No control,,02 - Non-fatal injury,03 - Rear end,0
17-12666,ISLAND PARK DR btwn CLEARVIEW AVE & SUNNYMEDE AVE,363624.55562,5029330.36985,-75.74859853630,45.40143974270,2017-06-27,12:25:00 PM,02 - Rain,01 - Daylight,02 - Wet,10 - No control,,03 - P.D. only,03 - Rear end,0
17-12667,AVIATION PKWY @ OGILVIE RD,373110.71418,5032376.58545,-75.62701705490,45.42798679840,2017-06-11,4:30:00 PM,01 - Clear,01 - Daylight,01 - Dry,01 - Traffic signal,01 - Functioning,03 - P.D. only,02 - Angle,0
17-12668,OTTAWA RIVER PKWY @ ISLAND PARK DR,363298.69530,5029453.56340,-75.75274597580,45.40257552130,2017-05-08,4:20:00 PM,01 - Clear,01 - Daylight,01 - Dry,01 - Traffic signal,01 - Functioning,03 - P.D. only,03 - Rear end,0
17-12669,FIFTH AVE @ QUEEN ELIZABETH DRWY,368836.67892,5029657.73894,-75.68198498400,45.40392794510,2017-07-06,8:45:00 PM,01 - Clear,05 - Dusk,01 - Dry,01 - Traffic signal,01 - Functioning,03 - P.D. only,03 - Rear end,0
17-12670,COLONEL BY DR @ HOG'S BACK RD,367602.69848,5025873.53951,-75.69822800860,45.36999053400,2017-07-02,4:25:00 PM,01 - Clear,01 - Daylight,02 - Wet,01 - Traffic signal,00 - Unknown,03 - P.D. only,03 - Rear end,0
17-12671,PRINCESS PATRICIA WAY @ QUEEN ELIZABETH DRWY,368968.69320,5029417.99180,-75.68032998160,45.40175869160,2017-06-30,5:48:00 PM,01 - Clear,01 - Daylight,02 - Wet,02 - Stop sign,00 - Unknown,03 - P.D. only,03 - Rear end,0
17-12672,COLONEL BY DR btwn CLEGG ST & ECHO DR S,368649.95473,5028778.86019,-75.68448376260,45.39603713220,2017-06-28,1:15:00 PM,01 - Clear,01 - Daylight,01 - Dry,10 - No control,,03 - P.D. only,99 - Other,0
17-12673,OTTAWA RIVER PKWY WB btwn TRANSIT & TURN LANE,362669.01253,5029106.64022,-75.76082948460,45.39950629750,2017-06-15,7:31:00 AM,01 - Clear,01 - Daylight,01 - Dry,10 - No control,,03 - P.D. only,07 - SMV other,0
17-12674,CLEARVIEW AVE @ ISLAND PARK DR,363546.68921,5029364.56492,-75.74958901150,45.40175396160,2017-06-12,1:00:00 PM,01 - Clear,01 - Daylight,01 - Dry,02 - Stop sign,00 - Unknown,03 - P.D. only,03 - Rear end,0
17-12675,MACKENZIE AVE @ RIDEAU ST,367869.69920,5032009.58020,-75.69403513200,45.42517684880,2017-06-06,4:00:00 PM,02 - Rain,01 - Daylight,02 - Wet,01 - Traffic signal,01 - Functioning,02 - Non-fatal injury,02 - Angle,0
17-12677,METCALFE ST @ WELLINGTON ST,367565.69918,5031817.58161,-75.69794401520,45.42347665240,2017-06-10,2:50:00 AM,01 - Clear,07 - Dark,01 - Dry,01 - Traffic signal,01 - Functioning,02 - Non-fatal injury,07 - SMV other,2
17-12678,CARLING AVE @ OTTAWA RIVER PKWY WB,360856.68151,5025170.51985,-75.78442378390,45.36423686350,2017-07-07,11:41:00 AM,01 - Clear,01 - Daylight,01 - Dry,03 - Yield sign,01 - Functioning,03 - P.D. only,03 - Rear end,0
17-12679,OTTAWA RIVER PKWY @ REMIC RAPIDS ENT/TUNNEY'S,364263.27140,5030245.24680,-75.74033021990,45.40961765460,2017-07-05,1:22:00 PM,01 - Clear,01 - Daylight,01 - Dry,01 - Traffic signal,01 - Functioning,03 - P.D. only,03 - Rear end,0
17-12680,AVIATION PKWY @ MONTREAL RD,372146.71670,5034108.58278,-75.63909819710,45.44366396340,2017-07-22,8:41:00 AM,01 - Clear,01 - Daylight,01 - Dry,01 - Traffic signal,01 - Functioning,03 - P.D. only,02 - Angle,0
17-12681,QUEEN ELIZABETH DRWY btwn MONKLAND AVE & LINDEN TER,368790.87177,5030258.56650,-75.68249209170,45.40933817970,2017-07-07,6:56:00 PM,02 - Rain,01 - Daylight,02 - Wet,10 - No control,,03 - P.D. only,07 - SMV other,0
17-12682,COLONEL BY DR btwn RIDEAU ST & MACKENZIE AVE,367962.81510,5031977.23547,-75.69284947440,45.42487742020,2017-07-05,7:50:00 AM,01 - Clear,01 - Daylight,01 - Dry,10 - No control,,03 - P.D. only,04 - Sideswipe,0
17-12683,PRINCESS PATRICIA WAY @ QUEEN ELIZABETH DRWY,368968.69320,5029417.99180,-75.68032998160,45.40175869160,2017-05-06,3:30:00 PM,02 - Rain,01 - Daylight,02 - Wet,02 - Stop sign,00 - Unknown,02 - Non-fatal injury,01 - Approaching,0
17-12684,HAWTHORNE AVE/ISABELLA ST @ QUEEN ELIZABETH DR,368665.71145,5030476.57216,-75.68406265470,45.41131115390,2017-07-07,8:30:00 AM,01 - Clear,01 - Daylight,01 - Dry,01 - Traffic signal,01 - Functioning,03 - P.D. only,02 - Angle,0
17-12685,HOLLAND AVE @ ISLAND PARK DR/N.C.C. DRIVEWAY,365425.69795,5027917.53495,-75.72576716120,45.38857370680,2017-06-19,7:24:00 AM,01 - Clear,01 - Daylight,01 - Dry,01 - Traffic signal,01 - Functioning,02 - Non-fatal injury,03 - Rear end,0
17-12686,OTTAWA RIVER PKWY btwn TRANSITWAY - TIME POINT & VIMY PLACE PRIV,365766.30557,5030525.56005,-75.72109538190,45.41201052550,2017-06-22,2:30:00 PM,01 - Clear,01 - Daylight,01 - Dry,10 - No control,,03 - P.D. only,07 - SMV other,0
17-12687,IONA ST @ ISLAND PARK DR,364349.70440,5028385.55030,-75.73945064870,45.39287713400,2017-04-11,9:30:00 AM,02 - Rain,01 - Daylight,02 - Wet,01 - Traffic signal,01 - Functioning,03 - P.D. only,99 - Other,0
17-12688,QUEEN ELIZABETH DRWY btwn PRESTON ST & CRESCENT HGTS,367138.16673,5028947.91337,-75.70376964060,45.39769445180,2017-07-16,3:00:00 PM,01 - Clear,01 - Daylight,01 - Dry,10 - No control,,02 - Non-fatal injury,07 - SMV other,1
17-12689,BANK ST @ WELLINGTON ST,367257.70526,5031628.57246,-75.70190331560,45.42180357530,2017-07-14,5:32:00 PM,01 - Clear,01 - Daylight,01 - Dry,01 - Traffic signal,00 - Unknown,03 - P.D. only,07 - SMV other,0
17-12690,COLONEL BY DR @ HOG'S BACK RD,367600.82839,5025876.83093,-75.69825146250,45.37002031680,2017-07-15,9:30:00 AM,01 - Clear,01 - Daylight,01 - Dry,01 - Traffic signal,00 - Unknown,03 - P.D. only,05 - Turning movement,0
17-12691,CHAMPLAIN BRIDGE/ISLAND PARK DR btwn BATE ISLAND & PROVINCIAL BOUNDARY,362935.25973,5030094.48707,-75.75731248940,45.40837271820,2017-07-25,4:20:00 PM,01 - Clear,01 - Daylight,01 - Dry,10 - No control,,03 - P.D. only,03 - Rear end,0
17-12692,MACKENZIE AVE @ RIDEAU ST,367869.69921,5032009.58020,-75.69403513200,45.42517684880,2017-07-23,10:15:00 AM,01 - Clear,01 - Daylight,01 - Dry,01 - Traffic signal,01 - Functioning,03 - P.D. only,02 - Angle,0
17-12693,BRONSON PL @ COLONEL BY DR,367809.33066,5028522.37902,-75.69525222150,45.39380553830,2017-12-22,9:00:00 AM,03 - Snow,01 - Daylight,01 - Dry,02 - Stop sign,02 - Not functioning,03 - P.D. only,03 - Rear end,0
17-12694,OTTAWA RIVER PKWY @ REMIC RAPIDS ENT/TUNNEY'S,364263.27102,5030245.24673,-75.74033022500,45.40961765370,2017-12-23,5:00:00 PM,03 - Snow,07 - Dark,04 - Slush,01 - Traffic signal,01 - Functioning,03 - P.D. only,05 - Turning movement,0
17-12695,OTTAWA RIVER PKWY WB btwn RAMP & RAMP,364717.64685,5030452.33203,-75.73450071810,45.41144220740,2017-02-24,3:00:00 PM,00 - Unknown,01 - Daylight,00 - Unknown,10 - No control,,02 - Non-fatal injury,03 - Rear end,0
17-12696,OTTAWA RIVER PKWY @ ISLAND PARK DR,363298.78231,5029453.32209,-75.75274489320,45.40257334280,2017-03-13,3:55:00 PM,01 - Clear,01 - Daylight,01 - Dry,01 - Traffic signal,01 - Functioning,03 - P.D. only,04 - Sideswipe,0
17-12697,CHAMPLAIN BRIDGE/ISLAND PARK DR btwn BATE ISLAND & OTTAWA RIVER PKWY,363073.00930,5029910.46599,-75.75557461540,45.40670547410,2017-05-09,6:03:00 PM,03 - Snow,01 - Daylight,01 - Dry,10 - No control,,03 - P.D. only,04 - Sideswipe,0
17-12698,PORTAGE BRIDGE SB btwn PROVINCIAL BOUNDARY & WELLINGTON ST,366339.57700,5031669.43000,-75.71362911360,45.42225256670,2017-06-01,7:56:00 AM,01 - Clear,01 - Daylight,01 - Dry,10 - No control,,03 - P.D. only,03 - Rear end,0
17-12700,ROCKCLIFFE PKWY btwn BIRCH AVE EXT./ROCKCLIFFE PKWY & ROCKCLIFFE PRKY,371170.64084,5035811.70350,-75.65134431190,45.45908118620,2017-06-24,6:15:00 PM,01 - Clear,01 - Daylight,01 - Dry,10 - No control,,03 - P.D. only,03 - Rear end,0
17-12701,OTTAWA RIVER PKWY WB @ PARKDALE AVE WB ON RAMP,364638.24924,5030469.00380,-75.73551297700,45.41159900980,2017-04-04,4:30:00 PM,01 - Clear,01 - Daylight,01 - Dry,03 - Yield sign,01 - Functioning,03 - P.D. only,04 - Sideswipe,0
17-12702,OTTAWA RIVER PKWY WB btwn TUNNEY'S PASTURE/REMIC RAPIDS ENT & PARKDALE,363390.29765,5029665.81185,-75.75155074180,45.40447763410,2017-07-10,1:08:00 PM,01 - Clear,01 - Daylight,02 - Wet,10 - No control,,03 - P.D. only,03 - Rear end,0
17-12703,CHAMPLAIN BRIDGE/ISLAND PARK DR btwn BATE ISLAND & OTTAWA RIVER PKWY,363092.52663,5029875.59840,-75.75532942960,45.40639011640,2017-07-17,4:50:00 PM,01 - Clear,01 - Daylight,01 - Dry,10 - No control,,03 - P.D. only,03 - Rear end,0
17-12704,OTTAWA RIVER PKWY @ ISLAND PARK DR,363298.53410,5029453.54538,-75.75274803700,45.40257537280,2017-07-21,9:00:00 PM,01 - Clear,05 - Dusk,01 - Dry,01 - Traffic signal,01 - Functioning,03 - P.D. only,05 - Turning movement,0