COLLISION_ID,LOCATION,X,Y,LONGITUDE,LATITUDE,DATE,TIME,ENVIRONMENT,LIGHT,SURFACE_CONDITION,TRAFFIC_CONTROL,TRAFFIC_CONTROL_CONDITION,COLLISION_CLASSIFICATION,IMPACT_TYPE,NO_OF_PEDESTRIANS
17-12705,OTTAWA RIVER PKWY @ RIVER ST/SLIDELL ST,365156.70324,5030377.57281,-75.72890106070,45.41073181330,2017-07-25,3:56:00 PM,01 - Clear,01 - Daylight,01 - Dry,01 - Traffic signal,01 - Functioning,03 - P.D. only,03 - Rear end,0
17-12706,BROAD ST @ OTTAWA RIVER PKWY,366125.39977,5030906.60817,-75.71646061690,45.41540771730,2017-07-27,12:05:00 PM,00 - Unknown,01 - Daylight,01 - Dry,01 - Traffic signal,01 - Functioning,03 - P.D. only,04 - Sideswipe,0
17-12707,OTTAWA RIVER PKWY @ ISLAND PARK DR,363298.69530,5029453.56340,-75.75274597580,45.40257552130,2017-08-01,4:45:00 PM,01 - Clear,01 - Daylight,01 - Dry,01 - Traffic signal,00 - Unknown,02 - Non-fatal injury,03 - Rear end,0
17-12708,ISLAND PARK DR @ HELENA ST,364413.70298,5028239.55636,-75.73865099080,45.39155806350,2017-08-03,12:20:00 PM,01 - Clear,01 - Daylight,01 - Dry,02 - Stop sign,00 - Unknown,03 - P.D. only,03 - Rear end,0
17-12709,BIRCH AVE EXT./ROCKCLIFFE PKWY @ ROCKCLIFFE PK,370128.70190,5035705.61509,-75.66467984010,45.45822485350,2017-08-04,1:56:00 PM,01 - Clear,01 - Daylight,01 - Dry,02 - Stop sign,01 - Functioning,02 - Non-fatal injury,02 - Angle,0
17-12710,ROCKCLIFFE PKWY btwn LISGAR RD & BUENA VISTA RD,368436.44148,5034839.25351,-75.68642766690,45.45058585890,2017-08-16,4:08:00 PM,01 - Clear,01 - Daylight,01 - Dry,10 - No control,,03 - P.D. only,03 - Rear end,0
17-12711,BIRCH AVE EXT./ROCKCLIFFE PKWY @ ROCKCLIFFE PK,370128.70190,5035705.61509,-75.66467984010,45.45822485350,2017-08-08,12:16:00 AM,02 - Rain,07 - Dark,02 - Wet,02 - Stop sign,01 - Functioning,03 - P.D. only,07 - SMV other,0
17-12712,BYRON AVE @ ISLAND PARK DR,364255.69000,5028603.55130,-75.74062499270,45.39484665430,2017-08-14,3:09:00 PM,01 - Clear,01 - Daylight,01 - Dry,01 - Traffic signal,01 - Functioning,02 - Non-fatal injury,03 - Rear end,0
17-12713,OTTAWA RIVER PKWY WB btwn TRANSIT & TURN LANE,362595.99594,5028218.83021,-75.76186607140,45.39152394570,2017-08-14,6:01:00 PM,01 - Clear,01 - Daylight,01 - Dry,10 - No control,,03 - P.D. only,03 - Rear end,0
17-12714,AVIATION PKWY NB @ LA CITE PRIV,372501.35268,5033247.85663,-75.63468375240,45.43588532170,2017-08-17,2:16:00 PM,01 - Clear,01 - Daylight,01 - Dry,02 - Stop sign,01 - Functioning,02 - Non-fatal injury,02 - Angle,0
17-12715,OTTAWA RIVER PKWY @ ISLAND PARK DR,363298.69528,5029453.56346,-75.75274597580,45.40257552220,2017-08-19,7:06:00 PM,01 - Clear,01 - Daylight,01 - Dry,01 - Traffic signal,01 - Functioning,03 - P.D. only,02 - Angle,0
17-12716,HEMLOCK PRIV @ AVIATION PKWY ON RAMP,371604.71127,5034914.60062,-75.64591650050,45.45096812930,2017-08-21,4:00:00 PM,01 - Clear,01 - Daylight,01 - Dry,10 - No control,00 - Unknown,03 - P.D. only,04 - Sideswipe,0
17-12717,QUEEN ELIZABETH DRWY btwn QUEEN ELIZABETH PL & FIFTH AVE,369008.40955,5029249.04061,-75.67984470520,45.40023488320,2017-08-22,4:45:00 PM,02 - Rain,01 - Daylight,02 - Wet,10 - No control,,03 - P.D. only,07 - SMV other,0
17-12718,COLONEL BY DR btwn N.D.H.Q. & OTTAWA UNIV. PED. XING,368238.81135,5031761.87318,-75.68935063830,45.42291468890,2017-08-25,5:47:00 PM,01 - Clear,01 - Daylight,01 - Dry,10 - No control,,03 - P.D. only,03 - Rear end,0
17-12719,OTTAWA RIVER PKWY @ ISLAND PARK DR,363300.04817,5029453.33792,-75.75272872230,45.40257337920,2017-08-26,2:21:00 PM,01 - Clear,01 - Daylight,01 - Dry,01 - Traffic signal,01 - Functioning,03 - P.D. only,03 - Rear end,0
17-12720,ISLAND PARK DR @ SCOTT ST,363833.68950,5029040.55350,-75.74596206430,45.39881442500,2017-08-27,10:35:00 AM,01 - Clear,01 - Daylight,01 - Dry,01 - Traffic signal,01 - Functioning,03 - P.D. only,02 - Angle,0
17-12721,CLEARVIEW AVE @ ISLAND PARK DR,363546.68908,5029364.56466,-75.74958901280,45.40175395980,2017-08-30,4:21:00 PM,01 - Clear,01 - Daylight,01 - Dry,02 - Stop sign,00 - Unknown,02 - Non-fatal injury,05 - Turning movement,0
17-12722,HOG'S BACK RD btwn COLONEL BY DR & RIVERSIDE DR,367719.81249,5025953.82190,-75.69672279200,45.37070239080,2017-08-30,10:25:00 AM,01 - Clear,01 - Daylight,01 - Dry,10 - No control,,02 - Non-fatal injury,03 - Rear end,0
17-12723,BOOTH ST btwn PROVINCIAL BOUNDARY & 208 N OF MIDDLE ST/E.B. EDDY N,365991.81251,5031514.81365,-75.71809173820,45.42089187840,2017-08-31,12:47:00 AM,02 - Rain,07 - Dark,02 - Wet,10 - No control,,03 - P.D. only,07 - SMV other,0
17-12724,ISLAND PARK DR btwn CLEARVIEW AVE & OTTAWA RIVER PKWY,363504.57119,5029379.80423,-75.75012515270,45.40189461520,2017-09-04,1:30:00 PM,01 - Clear,01 - Daylight,01 - Dry,10 - No control,,03 - P.D. only,03 - Rear end,0
17-12725,AVATION PKWY/ROCKCLIFFE PKWY EB ONRAMP btwn AVIATION PKWY & ROCKCLIFFE,371806.04730,5035382.25373,-75.64327904300,45.45515656440,2017-09-05,5:50:00 PM,01 - Clear,01 - Daylight,01 - Dry,10 - No control,,02 - Non-fatal injury,03 - Rear end,0
17-12726,CLEARVIEW AVE @ ISLAND PARK DR,363546.68895,5029364.56466,-75.74958901410,45.40175395990,2017-09-06,4:30:00 PM,01 - Clear,01 - Daylight,01 - Dry,02 - Stop sign,01 - Functioning,03 - P.D. only,02 - Angle,0
17-12727,CHAMPLAIN BRIDGE/ISLAND PARK DR btwn BATE ISLAND & PROVINCIAL BOUNDARY,362924.89027,5030106.92405,-75.75744348260,45.40848548540,2017-09-06,3:48:00 PM,01 - Clear,01 - Daylight,01 - Dry,10 - No control,,03 - P.D. only,03 - Rear end,0
17-12728,OTTAWA RIVER PKWY @ ISLAND PARK DR,363298.70291,5029453.57245,-75.75274587770,45.40257560250,2017-09-06,10:48:00 AM,01 - Clear,01 - Daylight,01 - Dry,01 - Traffic signal,01 - Functioning,03 - P.D. only,03 - Rear end,0
17-12729,COLONEL BY DR btwn SENECA ST & LEONARD AVE,368202.00638,5028559.09102,-75.69023279790,45.39410041880,2017-09-07,6:49:00 PM,02 - Rain,01 - Daylight,02 - Wet,10 - No control,,03 - P.D. only,01 - Approaching,0
17-12730,COLONEL BY DR @ ECHO DR S,368542.72890,5028770.88587,-75.68585418310,45.39597515140,2017-09-07,3:00:00 PM,01 - Clear,01 - Daylight,01 - Dry,10 - No control,00 - Unknown,03 - P.D. only,03 - Rear end,0
17-12731,COLONEL BY DR @ ECHO DR S,368542.71262,5028771.54770,-75.68585430570,45.39598110750,2017-09-09,2:00:00 AM,01 - Clear,07 - Dark,01 - Dry,10 - No control,00 - Unknown,02 - Non-fatal injury,03 - Rear end,0
17-12732,BYRON AVE @ ISLAND PARK DR,364255.68996,5028603.55132,-75.74062499270,45.39484665430,2017-09-01,9:40:00 AM,01 - Clear,01 - Daylight,01 - Dry,01 - Traffic signal,01 - Functioning,03 - P.D. only,03 - Rear end,0
17-12733,PRESTON ST @ PRINCE OF WALES DR/QUEEN ELIZABET,366900.71153,5028776.54821,-75.70682387880,45.39617365460,2017-09-12,9:20:00 AM,01 - Clear,01 - Daylight,01 - Dry,01 - Traffic signal,01 - Functioning,02 - Non-fatal injury,05 - Turning movement,0
17-12734,ROCKCLIFFE PKWY btwn LISGAR RD & ACACIA AVE,368526.12061,5035412.46357,-75.68520699490,45.45573520140,2017-09-18,11:10:00 AM,01 - Clear,01 - Daylight,01 - Dry,10 - No control,,03 - P.D. only,07 - SMV other,0
17-12735,QUEEN ELIZABETH DRWY btwn PRESTON ST & CRESCENT HGTS,366955.86600,5028864.01696,-75.70610846960,45.39695578170,2017-09-19,3:14:00 PM,01 - Clear,01 - Daylight,01 - Dry,10 - No control,,03 - P.D. only,03 - Rear end,0
17-12736,COLONEL BY DR @ HOG'S BACK RD,367605.52648,5025870.95832,-75.69819223660,45.36996705560,2017-09-19,10:38:00 PM,01 - Clear,07 - Dark,01 - Dry,01 - Traffic signal,01 - Functioning,03 - P.D. only,05 - Turning movement,0
17-12738,COLONEL BY DR @ HOG'S BACK RD,367602.71003,5025873.53774,-75.69822786200,45.36999051680,2017-09-19,10:38:00 PM,01 - Clear,07 - Dark,01 - Dry,01 - Traffic signal,01 - Functioning,03 - P.D. only,05 - Turning movement,0
17-12739,CHAMPLAIN BRIDGE/ISLAND PARK DR btwn BATE ISLAND & OTTAWA RIVER PKWY,363131.29788,5029638.47379,-75.75486223140,45.40425328130,2017-09-20,6:40:00 AM,01 - Clear,03 - Dawn,01 - Dry,10 - No control,,02 - Non-fatal injury,07 - SMV other,0
17-12740,OTTAWA RIVER PKWY @ ISLAND PARK DR,363298.69529,5029453.56340,-75.75274597580,45.40257552130,2017-09-20,6:00:00 AM,01 - Clear,03 - Dawn,01 - Dry,01 - Traffic signal,01 - Functioning,03 - P.D. only,03 - Rear end,0
17-12741,ISLAND PARK DR btwn HELENA ST & ISLAND PARK CRES,364425.81454,5028211.27398,-75.73849974160,45.39130255270,2017-09-21,10:53:00 AM,01 - Clear,01 - Daylight,01 - Dry,10 - No control,,03 - P.D. only,03 - Rear end,0
17-12742,CHAMPLAIN BRIDGE/ISLAND PARK DR btwn BATE ISLAND & PROVINCIAL BOUNDARY,362936.23869,5030093.34936,-75.75730011770,45.40836240010,2017-09-21,5:45:00 PM,01 - Clear,01 - Daylight,01 - Dry,10 - No control,,03 - P.D. only,03 - Rear end,0
17-12743,CHAMPLAIN BRIDGE/ISLAND PARK DR btwn BATE ISLAND & PROVINCIAL BOUNDARY,362756.21711,5030246.94561,-75.75958167210,45.40975936210,2017-09-23,3:24:00 PM,01 - Clear,01 - Daylight,01 - Dry,10 - No control,,03 - P.D. only,03 - Rear end,0
17-12744,ISLAND PARK DR @ SUNNYMEDE AVE,363664.68970,5029250.56380,-75.74809544900,45.40071828870,2017-09-25,9:12:00 AM,01 - Clear,01 - Daylight,01 - Dry,02 - Stop sign,00 - Unknown,03 - P.D. only,07 - SMV other,0
17-12745,ISLAND PARK DR @ RICHMOND RD,364130.68671,5028867.55682,-75.74218965710,45.39723272870,2017-09-26,3:26:00 PM,01 - Clear,01 - Daylight,01 - Dry,01 - Traffic signal,00 - Unknown,03 - P.D. only,02 - Angle,0
17-12746,OTTAWA RIVER PKWY btwn VIMY PLACE PRIV & BOOTH ST,366093.76127,5030885.08962,-75.71686749260,45.41521687100,2017-09-28,4:07:00 PM,00 - Unknown,01 - Daylight,01 - Dry,10 - No control,,03 - P.D. only,03 - Rear end,0
17-12747,COLONEL BY DR/SUSSEX DR @ RIDEAU ST,367921.10844,5032043.62755,-75.69337387840,45.42547855850,2017-09-29,4:40:00 PM,01 - Clear,01 - Daylight,01 - Dry,01 - Traffic signal,01 - Functioning,03 - P.D. only,04 - Sideswipe,0
17-12748,OTTAWA RIVER PKWY @ ISLAND PARK DR,363298.69530,5029453.56340,-75.75274597580,45.40257552130,2017-09-30,3:30:00 PM,01 - Clear,01 - Daylight,01 - Dry,01 - Traffic signal,01 - Functioning,03 - P.D. only,03 - Rear end,0
17-12749,ST. LAURENT BLVD btwn HWY417 IC115 RAMP35 & HWY417 IC115 RAMP26,372497.70576,5031492.24616,-75.63497168410,45.42008953250,2017-08-30,6:34:00 PM,01 - Clear,01 - Daylight,01 - Dry,10 - No control,,03 - P.D. only,04 - Sideswipe,0
17-12750,SUSSEX DR/PRINCESS AVE @ RIDEAU GATE,367956.40495,5034163.38412,-75.69265093220,45.44454818560,2017-09-30,1:07:00 AM,01 - Clear,07 - Dark,02 - Wet,11 - Roundabout,00 - Unknown,03 - P.D. only,07 - SMV other,0
17-12751,OTTAWA RIVER PKWY @ ISLAND PARK DR,363298.69529,5029453.56341,-75.75274597580,45.40257552130,2017-10-01,10:00:00 AM,01 - Clear,01 - Daylight,01 - Dry,01 - Traffic signal,01 - Functioning,03 - P.D. only,03 - Rear end,0
17-12752,OTTAWA RIVER PKWY @ REMIC RAPIDS ENT/TUNNEY'S,364263.27140,5030245.24680,-75.74033021990,45.40961765460,2017-10-02,4:13:00 AM,01 - Clear,07 - Dark,01 - Dry,01 - Traffic signal,01 - Functioning,03 - P.D. only,02 - Angle,0
17-12753,OTTAWA RIVER PKWY WB RAMP/CARLING AVE WB btwn CARLING AVE & OTTAWA RIV,360872.46504,5025195.99904,-75.78421942850,45.36446486070,2017-10-03,12:00:00 AM,01 - Clear,00 - Unknown,01 - Dry,10 - No control,,03 - P.D. only,04 - Sideswipe,0
17-12754,OTTAWA RIVER PKWY @ REMIC RAPIDS ENT/TUNNEY'S,364263.27140,5030245.24680,-75.74033021990,45.40961765460,2017-10-09,9:14:00 AM,02 - Rain,01 - Daylight,02 - Wet,01 - Traffic signal,01 - Functioning,03 - P.D. only,07 - SMV other,0
17-12755,PRINCESS AVE @ ROCKCLIFFE PKWY,368227.70105,5034330.59758,-75.68916165890,45.44602814500,2017-10-10,3:16:00 PM,01 - Clear,01 - Daylight,01 - Dry,11 - Roundabout,01 - Functioning,03 - P.D. only,03 - Rear end,0
17-12756,QUEEN ELIZABETH DRWY @ SOMERSET ST,368570.70742,5031473.57837,-75.68514727150,45.42029053720,2017-10-10,10:36:00 AM,01 - Clear,01 - Daylight,01 - Dry,02 - Stop sign,01 - Functioning,03 - P.D. only,02 - Angle,0
17-12759,COLONEL BY DR @ HAWTHORNE AVE/PRETORIA BRIDGE,368767.71015,5030525.56577,-75.68275331200,45.41174266590,2017-10-14,4:30:00 PM,02 - Rain,01 - Daylight,02 - Wet,01 - Traffic signal,01 - Functioning,03 - P.D. only,03 - Rear end,0
17-12760,LAKESIDE AVE @ QUEEN ELIZABETH DRWY,367455.70790,5028711.55177,-75.69974418120,45.39553939250,2017-10-18,7:15:00 PM,01 - Clear,07 - Dark,01 - Dry,02 - Stop sign,01 - Functioning,03 - P.D. only,03 - Rear end,0
17-12761,ISLAND PARK DR btwn TURN LANE & OTTAWA RIVER PKWY,363274.79451,5029461.00421,-75.75305037290,45.40264446920,2017-10-19,3:10:00 PM,01 - Clear,01 - Daylight,01 - Dry,10 - No control,,03 - P.D. only,04 - Sideswipe,0
17-12762,COLONEL BY DR btwn COLONEL BY DR SB ON RAMP 43 & COLONEL BY DR NB ON R,367655.80485,5028455.03279,-75.69722142100,45.39321337360,2017-10-20,3:15:00 PM,01 - Clear,01 - Daylight,01 - Dry,10 - No control,,03 - P.D. only,03 - Rear end,0
17-12763,ISLAND PARK DR @ SCOTT ST,363833.68950,5029040.55350,-75.74596206430,45.39881442500,2017-10-20,9:50:00 AM,01 - Clear,01 - Daylight,01 - Dry,01 - Traffic signal,01 - Functioning,03 - P.D. only,03 - Rear end,0
17-12764,BOOTH ST @ OTTAWA RIVER PKWY/WELLINGTON ST,366264.25696,5031006.68775,-75.71467415820,45.41629602230,2017-10-20,4:00:00 PM,01 - Clear,01 - Daylight,01 - Dry,01 - Traffic signal,01 - Functioning,03 - P.D. only,03 - Rear end,0
17-12765,OTTAWA RIVER PKWY @ WOODROFFE AVE,361426.68157,5027002.53674,-75.77693814950,45.38067538830,2017-10-23,7:30:00 PM,01 - Clear,07 - Dark,01 - Dry,02 - Stop sign,01 - Functioning,03 - P.D. only,03 - Rear end,0
17-12766,KING EDWARD AVE @ SUSSEX DR,367663.70001,5033503.59700,-75.69647658360,45.43863804250,2017-10-23,1:30:00 PM,01 - Clear,01 - Daylight,01 - Dry,01 - Traffic signal,01 - Functioning,02 - Non-fatal injury,05 - Turning movement,0
17-12767,OTTAWA RIVER PKWY WB btwn TUNNEY'S PASTURE/REMIC RAPIDS ENT & PARKDALE,364609.83863,5030469.22958,-75.73587588790,45.41160347020,2017-01-25,6:03:00 PM,01 - Clear,07 - Dark,01 - Dry,10 - No control,,03 - P.D. only,04 - Sideswipe,0
17-12768,BUENA VISTA RD @ ROCKCLIFFE PKWY,368466.84430,5034799.36921,-75.68604417810,45.45022422680,2017-10-26,5:26:00 PM,01 - Clear,01 - Daylight,01 - Dry,02 - Stop sign,00 - Unknown,03 - P.D. only,03 - Rear end,0
17-12769,IONA ST @ ISLAND PARK DR,364349.70440,5028385.55029,-75.73945064870,45.39287713400,2017-10-28,3:13:00 PM,01 - Clear,01 - Daylight,01 - Dry,01 - Traffic signal,00 - Unknown,03 - P.D. only,03 - Rear end,0
17-12770,COLONEL BY DR btwn BRONSON PL & SENECA ST,367918.58146,5028514.63755,-75.69385801230,45.39372604450,2017-10-28,8:35:00 PM,02 - Rain,07 - Dark,02 - Wet,10 - No control,,02 - Non-fatal injury,04 - Sideswipe,0
17-12771,COLONEL BY DR btwn CLEGG ST & ECHO DR S,368652.20366,5028779.25275,-75.68445498960,45.39604045960,2017-10-25,12:25:00 AM,02 - Rain,07 - Dark,02 - Wet,10 - No control,,03 - P.D. only,07 - SMV other,0
17-12773,BIRCH AVE EXT./ROCKCLIFFE PKWY @ ROCKCLIFFE PK,370128.70178,5035705.61509,-75.66467984140,45.45822485350,2017-10-30,9:25:00 AM,02 - Rain,01 - Daylight,02 - Wet,02 - Stop sign,00 - Unknown,03 - P.D. only,03 - Rear end,0
17-12774,MACKENZIE AVE @ RIDEAU ST,367869.69921,5032009.58017,-75.69403513200,45.42517684880,2017-11-03,4:45:00 AM,01 - Clear,07 - Dark,02 - Wet,01 - Traffic signal,01 - Functioning,03 - P.D. only,03 - Rear end,0
17-12775,CLEARVIEW AVE @ ISLAND PARK DR,363546.68908,5029364.56492,-75.74958901280,45.40175396160,2017-11-06,6:20:00 AM,01 - Clear,03 - Dawn,02 - Wet,02 - Stop sign,01 - Functioning,03 - P.D. only,02 - Angle,0
17-12776,ELGIN ST NB @ WELLINGTON ST/RIDEAU ST,367802.70640,5031964.58581,-75.69489690000,45.42477804150,2017-11-13,4:00:00 PM,01 - Clear,01 - Daylight,01 - Dry,01 - Traffic signal,01 - Functioning,03 - P.D. only,04 - Sideswipe,0
17-12777,ST. JOSEPH BLVD @ 500 E OF HART RD,378027.94781,5035851.24002,-75.56366792580,45.45875185820,2017-11-19,8:30:00 AM,03 - Snow,01 - Daylight,03 - Loose snow,01 - Traffic signal,01 - Functioning,03 - P.D. only,07 - SMV other,0
17-12778,AVIATION PKWY @ OGILVIE RD,373110.71411,5032376.58560,-75.62701705620,45.42798679930,2017-11-20,4:48:00 PM,01 - Clear,05 - Dusk,01 - Dry,01 - Traffic signal,01 - Functioning,02 - Non-fatal injury,05 - Turning movement,0
17-12779,ISLAND PARK DR @ MAILES AVE,364028.69629,5028921.55201,-75.74348574770,45.39772720230,2017-03-05,3:40:00 AM,01 - Clear,07 - Dark,01 - Dry,02 - Stop sign,00 - Unknown,03 - P.D. only,07 - SMV other,0
17-12780,AVATION PKWY/HEMLOCK PRIV NB ONRAMP btwn HEMLOCK PRIV & AVIATION PKWY,371588.92776,5034952.25562,-75.64611315380,45.45130843920,2017-11-20,11:05:00 AM,01 - Clear,01 - Daylight,01 - Dry,10 - No control,,03 - P.D. only,99 - Other,0
17-12781,ISLAND PARK DR @ SCOTT ST,363833.68949,5029040.55350,-75.74596206430,45.39881442500,2017-11-26,12:30:00 PM,01 - Clear,01 - Daylight,01 - Dry,01 - Traffic signal,01 - Functioning,03 - P.D. only,01 - Approaching,0
17-12782,ISLAND PARK DR btwn RICHMOND RD & BASSETT LANE,364208.77762,5028708.02029,-75.74121153000,45.39579062830,2017-12-26,6:05:00 PM,03 - Snow,07 - Dark,03 - Loose snow,10 - No control,,03 - P.D. only,07 - SMV other,0
17-12783,ALBERT ST @ BANK ST,367385.69540,5031423.57225,-75.70029403510,45.41994761010,2017-11-26,10:25:00 AM,01 - Clear,01 - Daylight,01 - Dry,01 - Traffic signal,01 - Functioning,03 - P.D. only,02 - Angle,0
17-12784,ISLAND PARK DR @ SCOTT ST,363833.68949,5029040.55349,-75.74596206430,45.39881442500,2017-11-26,12:37:00 AM,01 - Clear,07 - Dark,01 - Dry,01 - Traffic signal,01 - Functioning,03 - P.D. only,02 - Angle,0
17-12786,COLONEL BY DR @ LEONARD AVE,368227.71101,5028575.55062,-75.68990241700,45.39424618960,2017-11-29,9:35:00 AM,01 - Clear,01 - Daylight,02 - Wet,02 - Stop sign,00 - Unknown,03 - P.D. only,03 - Rear end,0
17-12787,CHAMPLAIN BRIDGE/ISLAND PARK DR btwn BATE ISLAND & PROVINCIAL BOUNDARY,362756.32115,5030246.85977,-75.75958035240,45.40975858150,2017-12-02,11:00:00 AM,01 - Clear,01 - Daylight,01 - Dry,10 - No control,,03 - P.D. only,04 - Sideswipe,0
17-12788,HWY417 IC123 RAMP62 btwn ISLAND PARK DR & HIGHWAY 417,364555.64240,5028047.84833,-75.73686160610,45.38982101370,2017-12-08,8:15:00 PM,03 - Snow,07 - Dark,06 - Ice,10 - No control,,02 - Non-fatal injury,07 - SMV other,0
17-12789,OTTAWA RIVER PKWY OFFR-EB @ PARKDALE AVE,364683.09858,5030331.64358,-75.73495672430,45.41035923770,2017-12-11,7:58:00 AM,01 - Clear,01 - Daylight,01 - Dry,03 - Yield sign,01 - Functioning,03 - P.D. only,03 - Rear end,0
17-12790,BYRON AVE @ ISLAND PARK DR,364255.69005,5028603.55138,-75.74062499140,45.39484665520,2017-12-11,10:10:00 AM,01 - Clear,01 - Daylight,01 - Dry,01 - Traffic signal,01 - Functioning,03 - P.D. only,03 - Rear end,0
17-12791,ALEXANDRA BR btwn MURRAY ST & END,367140.53852,5032511.82167,-75.70328855930,45.42976122080,2017-12-14,8:10:00 AM,01 - Clear,01 - Daylight,01 - Dry,10 - No control,,03 - P.D. only,03 - Rear end,0
17-12793,ISLAND PARK DR @ SUNNYMEDE AVE,363664.68969,5029250.56381,-75.74809544900,45.40071828870,2017-12-15,9:45:00 PM,03 - Snow,07 - Dark,04 - Slush,02 - Stop sign,01 - Functioning,03 - P.D. only,03 - Rear end,0
17-12794,OTTAWA RIVER PKWY @ ISLAND PARK DR,363298.69531,5029453.56340,-75.75274597580,45.40257552130,2017-12-15,6:40:00 AM,01 - Clear,07 - Dark,06 - Ice,01 - Traffic signal,01 - Functioning,03 - P.D. only,05 - Turning movement,0
17-12795,FIFTH AVE @ QUEEN ELIZABETH DRWY,368836.67890,5029657.73888,-75.68198498400,45.40392794510,2017-12-15,6:19:00 PM,03 - Snow,07 - Dark,03 - Loose snow,01 - Traffic signal,01 - Functioning,03 - P.D. only,03 - Rear end,0
17-12796,COLONEL BY DR btwn CLEGG ST & ECHO DR N,368951.56300,5029830.51883,-75.68049510790,45.40547204160,2017-12-15,10:35:00 AM,01 - Clear,01 - Daylight,01 - Dry,10 - No control,,03 - P.D. only,99 - Other,0
17-12797,DRIVEWAY (THE) @ PRINCE OF WALES DR,366883.71109,5028137.54651,-75.70712140050,45.39042559050,2017-12-17,10:10:00 AM,01 - Clear,01 - Daylight,01 - Dry,11 - Roundabout,01 - Functioning,02 - Non-fatal injury,02 - Angle,0
17-12798,ISLAND PARK DR btwn IONA ST & HELENA ST,364407.97008,5028252.61142,-75.73872262430,45.39167601790,2017-12-20,12:33:00 PM,01 - Clear,01 - Daylight,02 - Wet,10 - No control,,02 - Non-fatal injury,03 - Rear end,0
17-12799,PRINCESS AVE btwn SUSSEX DR & ROCKCLIFFE PKWY,368160.05726,5034231.60886,-75.69003905430,45.44514361710,2017-12-22,1:08:00 PM,03 - Snow,01 - Daylight,04 - Slush,10 - No control,,03 - P.D. only,07 - SMV other,0
17-12800,OTTAWA RIVER PKWY WB btwn TUNNEY'S PASTURE/REMIC RAPIDS ENT & PARKDALE,363367.78718,5029615.94134,-75.75184419610,45.40403079130,2017-12-20,10:38:00 AM,01 - Clear,01 - Daylight,02 - Wet,10 - No control,,03 - P.D. only,04 - Sideswipe,0
17-12801,HUNT CLUB RD @ RIVERSIDE DR,368036.70286,5021945.49842,-75.69319020040,45.33460787940,2017-12-23,3:15:00 PM,03 - Snow,01 - Daylight,03 - Loose snow,01 - Traffic signal,01 - Functioning,02 - Non-fatal injury,03 - Rear end,0
17-12802,ISLAND PARK DR btwn BYRON AVE & IONA ST,364345.21397,5028395.94438,-75.73950673920,45.39297104000,2017-12-26,2:49:00 PM,01 - Clear,01 - Daylight,01 - Dry,10 - No control,,03 - P.D. only,03 - Rear end,0
17-12803,OTTAWA RIVER PKWY @ VIMY PLACE PRIV,365974.18859,5030798.49316,-75.71840584400,45.41444816370,2017-12-28,3:45:00 PM,01 - Clear,01 - Daylight,06 - Ice,01 - Traffic signal,01 - Functioning,02 - Non-fatal injury,03 - Rear end,0
17-12804,CHAMPLAIN BRIDGE/ISLAND PARK DR btwn BATE ISLAND & OTTAWA RIVER PKWY,362977.72039,5030043.86381,-75.75677606670,45.40791369060,2017-12-29,7:50:00 AM,01 - Clear,03 - Dawn,06 - Ice,10 - No control,,03 - P.D. only,07 - SMV other,0
17-12805,COLONEL BY DR btwn BRONSON PL & SENECA ST,367854.72486,5028518.46663,-75.69467300970,45.39376624960,2017-12-30,3:17:00 AM,01 - Clear,07 - Dark,01 - Dry,10 - No control,,03 - P.D. only,07 - SMV other,0
17-12806,OTTAWA RIVER PKWY WB btwn TRANSIT & TURN LANE,362743.31581,5029157.50596,-75.75987450010,45.39995783430,2017-12-30,10:45:00 AM,03 - Snow,01 - Daylight,06 - Ice,10 - No control,,03 - P.D. only,07 - SMV other,0
17-12807,OTTAWA RIVER PKWY @ ISLAND PARK DR,363298.69529,5029453.56340,-75.75274597580,45.40257552130,2017-12-30,7:55:00 PM,01 - Clear,07 - Dark,04 - Slush,01 - Traffic signal,01 - Functioning,03 - P.D. only,03 - Rear end,0
17-12808,OTTAWA RIVER PKWY EB btwn TRANSIT & TURN LANE (2),360956.80023,5025746.74871,-75.78308035160,45.36941372220,2017-12-30,11:34:00 PM,03 - Snow,07 - Dark,03 - Loose snow,10 - No control,,03 - P.D. only,04 - Sideswipe,0
17-12809,CHAMPLAIN BRIDGE/ISLAND PARK DR btwn BATE ISLAND & PROVINCIAL BOUNDARY,362924.78633,5030107.04696,-75.75744479660,45.40848659990,2017-08-05,12:00:00 AM,01 - Clear,00 - Unknown,01 - Dry,10 - No control,,03 - P.D. only,04 - Sideswipe,0
17-12810,PORTAGE BRIDGE NB btwn PROVINCIAL BOUNDARY & WELLINGTON ST,366496.03300,5031372.18500,-75.71166728590,45.41956426260,2017-12-28,7:41:00 AM,00 - Unknown,03 - Dawn,06 - Ice,10 - No control,,03 - P.D. only,07 - SMV other,0
17-12811,CARLING AVE WB btwn CARLING AVE WB RAMP/OTTAWA RIVER PKWY & OTTAWA RIV,360862.54396,5025174.80400,-75.78434846760,45.36427494280,2017-03-28,3:00:00 PM,03 - Snow,01 - Daylight,02 - Wet,10 - No control,,03 - P.D. only,03 - Rear end,0
17-12812,HOG'S BACK RD btwn COLONEL BY DR & RIVERSIDE DR,367838.37202,5026039.52683,-75.69519839320,45.37146288770,2017-06-29,3:54:00 PM,02 - Rain,01 - Daylight,02 - Wet,10 - No control,,03 - P.D. only,03 - Rear end,0
17-12813,OTTAWA RIVER PKWY WB btwn TUNNEY'S PASTURE/REMIC RAPIDS ENT & PARKDALE,363483.78079,5029802.58512,-75.75034038660,45.40570046300,2017-06-01,3:45:00 PM,01 - Clear,01 - Daylight,01 - Dry,10 - No control,,03 - P.D. only,03 - Rear end,0