COLLISION_ID,LOCATION,X,Y,LONGITUDE,LATITUDE,DATE,TIME,ENVIRONMENT,LIGHT,SURFACE_CONDITION,TRAFFIC_CONTROL,TRAFFIC_CONTROL_CONDITION,COLLISION_CLASSIFICATION,IMPACT_TYPE,NO_OF_PEDESTRIANS
17-12814,HIGHWAY 417 btwn HWY417 IC119A RAMP67 & HWY417 IC118 RAMP76,368674.72150,5030578.57506,-75.68393433800,45.41222811910,2017-01-01,12:15:00 AM,01 - Clear,07 - Dark,03 - Loose snow,10 - No control,,03 - P.D. only,04 - Sideswipe,0
17-12815,HIGHWAY 7 btwn HAZELDEAN IC RAMP 53 & HIGHWAY 7,343979.08464,5009765.33664,-76.00107719740,45.22676117710,2017-01-01,7:48:00 PM,01 - Clear,07 - Dark,01 - Dry,10 - No control,,03 - P.D. only,07 - SMV other,0
17-12816,HWY417 IC117 RAMP36 btwn HIGHWAY 417 & VANIER PKWY,370769.42325,5031428.11741,-75.65706149740,45.41967762820,2017-01-02,1:30:00 PM,01 - Clear,01 - Daylight,01 - Dry,10 - No control,,03 - P.D. only,03 - Rear end,0
17-12817,HIGHWAY 416 btwn HWY416 IC66 RAMP53 & HWY416 IC57 RAMP34,363835.56134,5009740.25490,-75.74823768980,45.22515106140,2017-01-02,7:27:00 PM,01 - Clear,07 - Dark,01 - Dry,10 - No control,,03 - P.D. only,07 - SMV other,0
17-12818,HIGHWAY 417 btwn HIGHWAY 417 & HWY417 IC140 RAMP51,349717.83282,5017871.51095,-75.92726804260,45.29936084700,2017-01-03,7:00:00 AM,04 - Freezing Rain,03 - Dawn,04 - Slush,10 - No control,,03 - P.D. only,07 - SMV other,0
17-12819,HIGHWAY 417 btwn HWY417 IC124 RAMP65 & HWY417 IC122 RAMP51,365168.46984,5028722.94904,-75.72895330580,45.39584287120,2017-01-03,8:25:00 AM,03 - Snow,01 - Daylight,04 - Slush,10 - No control,,03 - P.D. only,04 - Sideswipe,0
17-12820,HIGHWAY 7 btwn ASHTON STATION RD & OVERPASS RD,340415.04360,5004429.28634,-76.04684304720,45.17893331460,2017-01-03,8:50:00 AM,04 - Freezing Rain,01 - Daylight,04 - Slush,10 - No control,,02 - Non-fatal injury,07 - SMV other,0
17-12821,HIGHWAY 417 btwn HWY417 IC117 RAMP51 & HWY417 IC117 RAMP35,370589.94285,5031150.34295,-75.65939168630,45.41719522740,2017-01-03,9:35:00 AM,03 - Snow,01 - Daylight,04 - Slush,10 - No control,,03 - P.D. only,03 - Rear end,0
17-12822,HIGHWAY 416 btwn HWY416 IC66 RAMP63 & HWY416 IC66 RAMP53,360143.64279,5014615.96821,-75.79470436200,45.26932323490,2017-01-03,10:10:00 AM,04 - Freezing Rain,01 - Daylight,06 - Ice,10 - No control,,03 - P.D. only,07 - SMV other,0
17-12823,HIGHWAY 416 btwn HWY416 IC75A RAMP43 & HWY416 IC72 RAMP34,358762.37392,5021828.03042,-75.81152084650,45.33432542230,2017-01-03,10:15:00 AM,04 - Freezing Rain,01 - Daylight,04 - Slush,10 - No control,,03 - P.D. only,07 - SMV other,0
17-12824,HIGHWAY 417 btwn HWY417 IC117 RAMP61 & HWY417 IC115 RAMP36,371585.16623,5031428.19128,-75.64663931290,45.41960089990,2017-01-03,10:50:00 AM,03 - Snow,01 - Daylight,04 - Slush,10 - No control,,03 - P.D. only,07 - SMV other,0
17-12825,HIGHWAY 417 btwn HWY417 IC124 RAMP65 & HWY417 IC122 RAMP51,365153.88086,5028704.79561,-75.72914184410,45.39568078840,2017-01-03,11:03:00 AM,02 - Rain,01 - Daylight,04 - Slush,10 - No control,,03 - P.D. only,04 - Sideswipe,0
17-12826,HIGHWAY 417 btwn HWY417 IC127 RAMP67 & HWY417 IC126 RAMP16,362752.15779,5025345.56830,-75.76020906450,45.36565778740,2017-01-03,11:40:00 AM,03 - Snow,01 - Daylight,04 - Slush,10 - No control,,03 - P.D. only,04 - Sideswipe,0
17-12827,HIGHWAY 417 btwn HWY417 IC144 RAMP16 & HWY417 IC144 RAMP61,347573.51043,5016023.08164,-75.95476768340,45.28286184640,2017-01-03,12:25:00 PM,02 - Rain,01 - Daylight,04 - Slush,10 - No control,,03 - P.D. only,07 - SMV other,0
17-12828,HIGHWAY 417 btwn HWY417 IC96 RAMP61 & HIGHWAY 417,387610.86967,5023854.76397,-75.44316991080,45.34974889440,2017-01-03,12:52:00 PM,04 - Freezing Rain,01 - Daylight,04 - Slush,10 - No control,,03 - P.D. only,07 - SMV other,0
17-12829,HIGHWAY 417 btwn HWY417 IC155 RAMP25 & RAMP,342079.16194,5017602.11813,-76.02468267060,45.29738359440,2017-01-03,2:00:00 PM,04 - Freezing Rain,01 - Daylight,04 - Slush,10 - No control,,03 - P.D. only,07 - SMV other,0
17-12830,HIGHWAY 417 btwn HWY417 IC144 RAMP25 & HWY417 IC142 RAMP51,348295.82437,5016598.81612,-75.94551033400,45.28799818520,2017-01-03,2:34:00 PM,04 - Freezing Rain,01 - Daylight,04 - Slush,10 - No control,,03 - P.D. only,07 - SMV other,0
17-12831,HIGHWAY 417 btwn HWY417 IC155 RAMP51 & HWY417 IC155 RAMP35,339426.88863,5019343.29161,-76.05837703930,45.31318722480,2017-01-03,3:30:00 PM,03 - Snow,01 - Daylight,03 - Loose snow,10 - No control,,03 - P.D. only,07 - SMV other,0
17-12832,HWY417 IC155 RAMP25 btwn MARCH RD & HIGHWAY 417,340146.95669,5019150.90365,-76.04920747240,45.31142015410,2017-01-03,4:30:00 PM,03 - Snow,05 - Dusk,03 - Loose snow,10 - No control,,03 - P.D. only,07 - SMV other,0
17-12833,HIGHWAY 417 btwn HWY417 IC180 RAMP61 & HWY417 IC169 RAMP36,319199.32983,5030946.10417,-76.31601401360,45.41830243520,2017-01-03,5:10:00 PM,04 - Freezing Rain,05 - Dusk,04 - Slush,10 - No control,,03 - P.D. only,07 - SMV other,0
17-12834,HIGHWAY 417 btwn HWY417 IC119B RAMP76 & HWY417 IC119A RAMP67,368434.68151,5030447.94688,-75.68701765020,45.41107463830,2017-01-03,5:40:00 PM,04 - Freezing Rain,07 - Dark,06 - Ice,10 - No control,,03 - P.D. only,07 - SMV other,0
17-12835,HIGHWAY 417 btwn HWY417 IC112 RAMP66 & HWY417 IC112 RAMP56,374386.68953,5030924.83283,-75.61091762390,45.41479890790,2017-01-03,7:00:00 PM,04 - Freezing Rain,07 - Dark,06 - Ice,10 - No control,,03 - P.D. only,04 - Sideswipe,0
17-12836,HIGHWAY 417 btwn HWY417 IC144 RAMP61 & HWY417 IC142 RAMP16,348774.68377,5017117.70388,-75.93936007340,45.29263751300,2017-01-03,7:00:00 PM,04 - Freezing Rain,07 - Dark,04 - Slush,10 - No control,,03 - P.D. only,07 - SMV other,0
17-12837,HIGHWAY 417 btwn HWY417 IC138 RAMP26 & HWY417 IC138 RAMP61,353072.79570,5020329.96364,-75.88425295900,45.32126001940,2017-01-03,7:01:00 PM,04 - Freezing Rain,07 - Dark,04 - Slush,10 - No control,,03 - P.D. only,07 - SMV other,0
17-12838,HIGHWAY 417 btwn HWY417 IC122 RAMP16 & HWY417 IC122 RAMP61,365349.56312,5028909.56740,-75.72661762570,45.39750638560,2017-01-03,8:10:00 PM,04 - Freezing Rain,07 - Dark,04 - Slush,10 - No control,,03 - P.D. only,07 - SMV other,0
17-12839,HIGHWAY 417 btwn HWY417 IC122 RAMP51 & HWY417 IC122 RAMP15,365368.18982,5028894.32737,-75.72638160520,45.39736764840,2017-01-03,8:44:00 PM,04 - Freezing Rain,07 - Dark,02 - Wet,10 - No control,,02 - Non-fatal injury,07 - SMV other,0
17-12840,HIGHWAY 417 btwn HWY417 IC115 RAMP51 & HWY417 IC115 RAMP35,372354.68546,5031488.20173,-75.63679951570,45.42006696640,2017-01-03,9:22:00 PM,04 - Freezing Rain,07 - Dark,04 - Slush,10 - No control,,03 - P.D. only,04 - Sideswipe,0
17-12841,HIGHWAY 417 btwn HWY417 IC119B RAMP57 & HWY417 IC119A RAMP75,368586.11167,5030512.73394,-75.68507482500,45.41164378440,2017-01-03,9:35:00 PM,04 - Freezing Rain,07 - Dark,03 - Loose snow,10 - No control,,03 - P.D. only,07 - SMV other,0
17-12842,HIGHWAY 417 btwn HWY417 IC117 RAMP25 & HWY417 IC115 RAMP51,371537.28008,5031396.44404,-75.64725541890,45.41931982090,2017-01-03,9:00:00 PM,04 - Freezing Rain,07 - Dark,06 - Ice,10 - No control,,03 - P.D. only,07 - SMV other,0
17-12843,HIGHWAY 417 btwn HWY417 IC88 RAMP51 & HWY417 IC88 RAMP15,395081.43383,5022427.15694,-75.34810986800,45.33598305800,2017-01-03,10:00:00 PM,04 - Freezing Rain,07 - Dark,06 - Ice,10 - No control,,03 - P.D. only,07 - SMV other,0
17-12844,HIGHWAY 417 btwn HWY417 IC117 RAMP51 & HWY417 IC117 RAMP35,370514.92803,5031144.87771,-75.66035078860,45.41715310230,2017-01-03,10:10:00 PM,04 - Freezing Rain,07 - Dark,04 - Slush,10 - No control,,03 - P.D. only,04 - Sideswipe,0
17-12845,HIGHWAY 417 btwn HWY417 IC119A RAMP67 & HWY417 IC118 RAMP76,368962.13826,5030724.93020,-75.68024361610,45.41351867830,2017-01-03,11:05:00 PM,03 - Snow,07 - Dark,03 - Loose snow,10 - No control,,03 - P.D. only,07 - SMV other,0
17-12846,HIGHWAY 417 btwn HWY417 IC131 RAMP55 & HWY417 IC130 RAMP35,358931.02320,5023016.75562,-75.80923923770,45.34500862210,2017-01-04,12:44:00 AM,03 - Snow,07 - Dark,05 - Packed snow,10 - No control,,03 - P.D. only,07 - SMV other,0
17-12847,HIGHWAY 417 btwn HWY417 IC115 RAMP36 & HWY417 IC115 RAMP26,372396.43680,5031512.64927,-75.63626273270,45.42028290190,2017-01-04,5:35:00 AM,01 - Clear,07 - Dark,04 - Slush,10 - No control,,03 - P.D. only,07 - SMV other,0
17-12848,HWY417 IC134 RAMP51 btwn HIGHWAY 417 & HWY417 IC134 RAMP53,356139.02845,5022052.18869,-75.84496530030,45.33653926210,2017-01-04,6:30:00 AM,03 - Snow,07 - Dark,06 - Ice,10 - No control,,03 - P.D. only,07 - SMV other,0
17-12849,HIGHWAY 416 btwn HWY416 IC66 RAMP24 & HWY416 IC57 RAMP62,363810.43646,5009869.68932,-75.74854225760,45.22631782970,2017-01-04,4:30:00 AM,03 - Snow,07 - Dark,04 - Slush,10 - No control,,03 - P.D. only,07 - SMV other,0
17-12850,HIGHWAY 417 btwn HWY417 IC124 RAMP67 & HWY417 IC123 RAMP62,364724.09040,5027973.59317,-75.73471956880,45.38913848810,2017-01-04,8:30:00 AM,01 - Clear,01 - Daylight,01 - Dry,10 - No control,,03 - P.D. only,03 - Rear end,0
17-12851,HIGHWAY 417 btwn HWY417 IC144 RAMP61 & HWY417 IC142 RAMP16,348380.00437,5016757.35407,-75.94442332150,45.28941955020,2017-01-05,11:15:00 AM,01 - Clear,01 - Daylight,01 - Dry,10 - No control,,03 - P.D. only,03 - Rear end,0
17-12852,HIGHWAY 417 btwn HWY417 IC122 RAMP51 & HWY417 IC122 RAMP15,365308.65493,5028855.33565,-75.72714673900,45.39702195730,2017-01-05,11:50:00 AM,01 - Clear,01 - Daylight,02 - Wet,10 - No control,,03 - P.D. only,07 - SMV other,0
17-12853,HIGHWAY 417 btwn HWY417 IC121A RAMP51 & HWY417 IC120A RAMP52,367691.46191,5029933.99114,-75.69657747820,45.40651740650,2017-01-06,3:55:00 PM,01 - Clear,01 - Daylight,01 - Dry,10 - No control,,03 - P.D. only,04 - Sideswipe,0
17-12854,HIGHWAY 417 btwn HWY417 IC122 RAMP16 & HWY417 IC122 RAMP61,365611.72692,5029083.51277,-75.72324794570,45.39904878520,2017-01-06,5:35:00 PM,01 - Clear,05 - Dusk,02 - Wet,10 - No control,,03 - P.D. only,03 - Rear end,0
17-12855,HIGHWAY 417 btwn HWY417 IC118 RAMP67 & HWY417 IC117 RAMP36,369842.84622,5031154.21663,-75.66893592960,45.41729992920,2017-01-06,10:12:00 PM,01 - Clear,07 - Dark,01 - Dry,10 - No control,,02 - Non-fatal injury,07 - SMV other,0
17-12856,HIGHWAY 417 btwn HWY417 IC118 RAMP76 & HWY417 IC118 RAMP67,369429.88372,5031041.11585,-75.67422670580,45.41632055800,2017-01-06,10:50:00 PM,01 - Clear,07 - Dark,01 - Dry,10 - No control,,03 - P.D. only,03 - Rear end,0
17-12857,LEES AVE @  TRANSITWAY/HWY 417 NICHOLAS IC118R,369367.23026,5031283.26300,-75.67499541350,45.41850509260,2017-01-07,10:05:00 AM,01 - Clear,01 - Daylight,06 - Ice,01 - Traffic signal,01 - Functioning,03 - P.D. only,03 - Rear end,0
17-12858,HIGHWAY 417 btwn HWY417 IC138 RAMP61 & HWY417 IC134 RAMP36,355552.98930,5021785.76068,-75.85246941580,45.33418454680,2017-01-07,2:51:00 PM,01 - Clear,01 - Daylight,01 - Dry,10 - No control,,03 - P.D. only,04 - Sideswipe,0
17-12859,HIGHWAY 417 btwn HWY417 IC126 RAMP61 & HWY417 IC124 RAMP76,364089.73471,5027098.18130,-75.74292525590,45.38131566970,2017-01-07,5:09:00 PM,01 - Clear,05 - Dusk,01 - Dry,10 - No control,,03 - P.D. only,03 - Rear end,0
17-12860,HIGHWAY 417 btwn HWY417 IC122 RAMP61 & HWY417 IC121B RAMP16,365714.82449,5029152.09999,-75.72192272490,45.39965695410,2017-01-07,5:20:00 PM,01 - Clear,05 - Dusk,06 - Ice,10 - No control,,03 - P.D. only,03 - Rear end,0
17-12861,HIGHWAY 417 btwn HWY417 IC124 RAMP67 & HWY417 IC123 RAMP62,364798.39613,5028108.25665,-75.73375433580,45.39034380220,2017-01-07,6:00:00 PM,01 - Clear,07 - Dark,01 - Dry,10 - No control,,03 - P.D. only,03 - Rear end,0
17-12862,HIGHWAY 417 btwn HWY417 IC119A RAMP75 & HWY417 IC118 RAMP57,368937.22857,5030691.86515,-75.68056614050,45.41322345450,2017-01-07,9:40:00 PM,01 - Clear,07 - Dark,01 - Dry,10 - No control,,03 - P.D. only,07 - SMV other,0
17-12863,HIGHWAY 417 btwn HWY417 IC122 RAMP61 & HWY417 IC121B RAMP16,366547.77856,5029525.80641,-75.71123745290,45.40294649780,2017-01-07,11:40:00 PM,01 - Clear,07 - Dark,01 - Dry,10 - No control,,03 - P.D. only,99 - Other,0
17-12864,HIGHWAY 417 btwn HWY417 IC112 RAMP66 & HWY417 IC113 RAMP65,374196.98471,5031324.00522,-75.61328490340,45.41840929610,2017-01-07,11:30:00 PM,01 - Clear,07 - Dark,01 - Dry,10 - No control,,03 - P.D. only,07 - SMV other,0
17-12865,HIGHWAY 417 btwn HWY417 IC122 RAMP61 & HWY417 IC121B RAMP16,366457.28443,5029496.11596,-75.71239702290,45.40268732770,2017-01-07,5:00:00 PM,01 - Clear,05 - Dusk,01 - Dry,10 - No control,,03 - P.D. only,03 - Rear end,0
17-12866,HIGHWAY 417 btwn HWY417 IC122 RAMP15 & HWY417 IC121B RAMP51,366392.51430,5029455.47588,-75.71322938590,45.40232736040,2017-01-08,5:00:00 PM,01 - Clear,05 - Dusk,02 - Wet,10 - No control,,03 - P.D. only,07 - SMV other,0
17-12867,HIGHWAY 417 @ HWY 417 CARP IC144R25,347905.53183,5016275.51652,-75.95051368540,45.28511306550,2017-01-08,5:00:00 PM,01 - Clear,05 - Dusk,03 - Loose snow,10 - No control,,03 - P.D. only,04 - Sideswipe,0
17-12868,HIGHWAY 417 btwn HIGHWAY 417 & HWY417 IC140 RAMP51,350323.82833,5018196.39536,-75.91951176480,45.30224524390,2017-01-08,6:00:00 PM,01 - Clear,07 - Dark,01 - Dry,10 - No control,,02 - Non-fatal injury,04 - Sideswipe,0
17-12869,HIGHWAY 417 btwn HWY417 IC131 RAMP53 & HWY417 IC131 RAMP51,357831.03745,5022723.58654,-75.82330648410,45.34245469620,2017-01-09,6:40:00 AM,01 - Clear,07 - Dark,01 - Dry,10 - No control,,03 - P.D. only,03 - Rear end,0
17-12870,HIGHWAY 417 btwn HWY417 IC129 RAMP51 & HWY417 IC129 RAMP35,360360.38324,5023453.74021,-75.79095160890,45.34882884180,2017-01-09,7:00:00 AM,01 - Clear,07 - Dark,01 - Dry,10 - No control,,03 - P.D. only,03 - Rear end,0
17-12871,HWY417 IC110 RAMP54 btwn HWY417 IC110 RAMP58 & HIGHWAY 417,375607.93913,5029612.39333,-75.59550463130,45.40286777890,2017-01-09,7:15:00 AM,01 - Clear,03 - Dawn,01 - Dry,10 - No control,,03 - P.D. only,03 - Rear end,0
17-12872,HIGHWAY 417 btwn HWY417 IC123 RAMP62 & HWY417 IC122 RAMP16,365120.97718,5028696.29800,-75.72956310100,45.39560716420,2017-01-09,7:44:00 AM,01 - Clear,03 - Dawn,01 - Dry,10 - No control,,03 - P.D. only,07 - SMV other,0
17-12873,HIGHWAY 417 btwn HWY417 IC124 RAMP65 & HWY417 IC122 RAMP51,365074.69999,5028574.82955,-75.73016895360,45.39451820240,2017-01-09,7:53:00 AM,01 - Clear,03 - Dawn,01 - Dry,10 - No control,,03 - P.D. only,03 - Rear end,0
17-12874,HIGHWAY 417 btwn HWY417 IC126 RAMP25 & HWY417 IC124 RAMP57,363835.88811,5026716.68883,-75.74621197260,45.37790449680,2017-01-09,8:00:00 AM,01 - Clear,01 - Daylight,06 - Ice,10 - No control,,03 - P.D. only,03 - Rear end,0
17-12875,HWY417 IC110 RAMP54 btwn HWY417 IC110 RAMP58 & HIGHWAY 417,375568.86622,5029681.75785,-75.59599372880,45.40349583560,2017-01-09,8:00:00 AM,01 - Clear,01 - Daylight,01 - Dry,10 - No control,,03 - P.D. only,03 - Rear end,0
17-12876,RUSSLAND RD btwn ROCKDALE RD & DUNNING RD,396193.01282,5022575.35166,-75.33390292870,45.33717244120,2017-01-09,7:00:00 AM,01 - Clear,03 - Dawn,06 - Ice,10 - No control,,03 - P.D. only,03 - Rear end,0
17-12877,HIGHWAY 417 btwn HWY417 IC124 RAMP65 & HWY417 IC122 RAMP51,365056.79235,5028539.67305,-75.73040194340,45.39420341290,2017-01-09,7:40:00 AM,01 - Clear,03 - Dawn,06 - Ice,10 - No control,,03 - P.D. only,03 - Rear end,0
17-12878,HIGHWAY 417 btwn HWY417 IC122 RAMP51 & HWY417 IC122 RAMP15,365456.12527,5028957.84972,-75.72525072490,45.39793159520,2017-01-09,8:20:00 AM,01 - Clear,01 - Daylight,06 - Ice,10 - No control,,03 - P.D. only,03 - Rear end,0
17-12879,HIGHWAY 417 btwn HWY417 IC124 RAMP65 & HWY417 IC122 RAMP51,365076.05406,5028582.21814,-75.73015075790,45.39458456600,2017-01-09,9:12:00 AM,01 - Clear,01 - Daylight,01 - Dry,10 - No control,,03 - P.D. only,03 - Rear end,0
17-12880,HIGHWAY 417 btwn HWY417 IC126 RAMP61 & HWY417 IC124 RAMP76,363361.05974,5026125.38274,-75.75234432060,45.37262385250,2017-01-09,7:45:00 AM,01 - Clear,03 - Dawn,06 - Ice,10 - No control,,03 - P.D. only,03 - Rear end,0
17-12881,HIGHWAY 417 btwn HWY417 IC126 RAMP25 & HWY417 IC124 RAMP57,363499.91774,5026278.91203,-75.75055341030,45.37399367070,2017-01-09,9:00:00 AM,01 - Clear,01 - Daylight,01 - Dry,10 - No control,,03 - P.D. only,03 - Rear end,0
17-12882,HIGHWAY 417 btwn HIGHWAY 417 & HWY417 IC110 RAMP54,375526.67657,5029753.87278,-75.59652225100,45.40414895090,2017-01-09,5:21:00 PM,01 - Clear,05 - Dusk,02 - Wet,10 - No control,,03 - P.D. only,03 - Rear end,0
17-12883,HIGHWAY 416 btwn HWY416 IC75A RAMP26 & HWY416 IC72 RAMP62,358924.62945,5021560.07776,-75.80948016050,45.33190187620,2017-01-10,4:35:00 PM,03 - Snow,05 - Dusk,03 - Loose snow,10 - No control,,03 - P.D. only,07 - SMV other,0
17-12884,HIGHWAY 7 btwn TO BE DETERMINED & RAMP,345854.46088,5011407.39008,-75.97706084840,45.24143034450,2017-01-10,4:30:00 PM,03 - Snow,01 - Daylight,03 - Loose snow,10 - No control,,03 - P.D. only,07 - SMV other,0
17-12885,HIGHWAY 417 btwn HWY417 IC104 RAMP15 & HWY417 IC96 RAMP51,384773.37490,5025031.90330,-75.47918564630,45.36066919030,2017-01-10,9:36:00 PM,03 - Snow,07 - Dark,03 - Loose snow,10 - No control,,03 - P.D. only,03 - Rear end,0
17-12886,HIGHWAY 417 btwn HWY417 IC115 RAMP51 & HWY417 IC115 RAMP35,372158.94027,5031464.90116,-75.63930361060,45.41987619270,2017-01-10,9:50:00 PM,03 - Snow,07 - Dark,03 - Loose snow,10 - No control,,03 - P.D. only,07 - SMV other,0
17-12887,HIGHWAY 417 btwn HWY417 IC96 RAMP61 & HWY417 IC88 RAMP16,395329.51768,5022491.83996,-75.34493340790,45.33653303970,2017-01-10,10:44:00 PM,04 - Freezing Rain,07 - Dark,04 - Slush,10 - No control,,02 - Non-fatal injury,07 - SMV other,0
17-12888,HIGHWAY 417 btwn HWY417 IC112 RAMP66 & HWY417 IC112 RAMP56,374438.51958,5030877.29689,-75.61026220780,45.41436604830,2017-01-10,11:33:00 PM,03 - Snow,07 - Dark,04 - Slush,10 - No control,,03 - P.D. only,03 - Rear end,0
17-12889,HIGHWAY 417 btwn HWY417 IC112 RAMP56 & HWY417 IC112 RAMP64,374537.23740,5030811.63272,-75.60901038260,45.41376540480,2017-01-10,11:30:00 PM,02 - Rain,07 - Dark,04 - Slush,10 - No control,,03 - P.D. only,04 - Sideswipe,0
17-12890,RUSSLAND RD btwn Continuation of RUSSLAND RD & GARLANDSIDE RD,400001.33330,5024200.61895,-75.28500997610,45.35128803810,2017-01-11,5:55:00 PM,01 - Clear,07 - Dark,02 - Wet,10 - No control,,03 - P.D. only,05 - Turning movement,0
17-12891,HIGHWAY 417 btwn HWY417 IC155 RAMP25 & RAMP,344889.43204,5014946.72306,-75.98906704940,45.27333451250,2017-01-12,5:10:00 AM,01 - Clear,07 - Dark,02 - Wet,10 - No control,,03 - P.D. only,07 - SMV other,0
17-12892,HIGHWAY 417 btwn TRANSIT & HWY417 IC127 RAMP35,361897.68860,5024646.25816,-75.77119673460,45.35943557400,2017-01-12,8:05:00 AM,01 - Clear,01 - Daylight,01 - Dry,10 - No control,,03 - P.D. only,03 - Rear end,0
17-12893,HIGHWAY 7 btwn HWY417 IC145 RAMP55 & RAMP,346230.70283,5013664.95673,-75.97208042600,45.26172289200,2017-01-12,1:20:00 PM,01 - Clear,01 - Daylight,02 - Wet,10 - No control,,03 - P.D. only,03 - Rear end,0
17-12894,HIGHWAY 417 btwn HWY417 IC126 RAMP25 & HWY417 IC124 RAMP57,363582.68168,5026385.42300,-75.74948414120,45.37494510380,2017-01-12,3:28:00 PM,01 - Clear,01 - Daylight,01 - Dry,10 - No control,,03 - P.D. only,03 - Rear end,0
17-12895,HIGHWAY 417 btwn HWY417 IC124 RAMP65 & HWY417 IC122 RAMP51,365090.80970,5028595.22742,-75.72996072580,45.39470035060,2017-01-12,4:55:00 PM,02 - Rain,05 - Dusk,02 - Wet,10 - No control,,03 - P.D. only,03 - Rear end,0
17-12896,HIGHWAY 417 btwn HWY417 IC124 RAMP65 & HWY417 IC122 RAMP51,364727.58897,5027932.39193,-75.73467989600,45.38876746740,2017-05-10,7:30:00 AM,01 - Clear,01 - Daylight,01 - Dry,10 - No control,,03 - P.D. only,03 - Rear end,0
17-12897,HIGHWAY 417 btwn HWY417 IC117 RAMP51 & HWY417 IC117 RAMP35,370517.21305,5031148.35586,-75.66032113080,45.41718418310,2017-01-12,5:25:00 PM,02 - Rain,05 - Dusk,02 - Wet,10 - No control,,03 - P.D. only,03 - Rear end,0
17-12898,HIGHWAY 417 btwn HWY417 IC127 RAMP67 & HWY417 IC126 RAMP16,362974.87963,5025613.26146,-75.75733461900,45.36804801140,2017-01-13,8:20:00 AM,01 - Clear,01 - Daylight,01 - Dry,10 - No control,,02 - Non-fatal injury,04 - Sideswipe,0
17-12899,HIGHWAY 417 btwn HWY417 IC121B RAMP51 & HWY417 IC121A RAMP51,366992.36333,5029641.10274,-75.70554435980,45.40394454520,2017-01-13,4:30:00 PM,01 - Clear,01 - Daylight,01 - Dry,10 - No control,,03 - P.D. only,03 - Rear end,0
17-12900,HIGHWAY 416 btwn HWY416 IC42 RAMP43 & END,372398.34081,4994081.87829,-75.64132889810,45.08348777280,2017-01-13,11:15:00 PM,01 - Clear,07 - Dark,01 - Dry,10 - No control,,03 - P.D. only,07 - SMV other,0
17-12901,HIGHWAY 417 btwn HWY417 IC127 RAMP25 & HWY417 IC126 RAMP51,363118.29114,5025749.74440,-75.75548785960,45.36926415020,2017-01-14,5:00:00 PM,01 - Clear,05 - Dusk,01 - Dry,10 - No control,,02 - Non-fatal injury,04 - Sideswipe,0
17-12902,HIGHWAY 417 btwn HWY 417 ANDERSON IC104R61 & HWY 417 BOUNDARY IC96R16,382931.98442,5025455.13027,-75.50261940740,45.36468471950,2017-01-14,5:55:00 PM,01 - Clear,07 - Dark,01 - Dry,10 - No control,,03 - P.D. only,07 - SMV other,0
17-12903,HIGHWAY 417 btwn HWY 417 ANDERSON IC104R61 & HWY 417 BOUNDARY IC96R16,381585.78172,5025632.93062,-75.51977394890,45.36643320510,2017-01-14,5:56:00 PM,01 - Clear,07 - Dark,01 - Dry,10 - No control,,03 - P.D. only,07 - SMV other,0
17-12904,HWY417 IC127 RAMP63 btwn HIGHWAY 417 & WOODROFFE AVE,361989.78364,5024810.95676,-75.77000225880,45.36091001320,2017-01-15,3:20:00 AM,01 - Clear,07 - Dark,01 - Dry,10 - No control,,03 - P.D. only,07 - SMV other,0
17-12905,HIGHWAY 416 btwn HWY416 IC66 RAMP62 & HWY416 IC66 RAMP52,359960.95458,5014963.14540,-75.79699378540,45.27246152940,2017-01-15,8:10:00 PM,01 - Clear,07 - Dark,01 - Dry,10 - No control,,03 - P.D. only,07 - SMV other,0
17-12906,HIGHWAY 417 btwn HWY417 IC129 RAMP25 & TRANSIT,361753.77484,5024532.61453,-75.77304661740,45.35842472140,2017-01-16,7:02:00 AM,01 - Clear,03 - Dawn,01 - Dry,10 - No control,,03 - P.D. only,03 - Rear end,0
17-12907,HIGHWAY 417 btwn Continuation of HIGHWAY 417 & HWY417 IC134 RAMP51,354957.32097,5021377.98114,-75.86011007640,45.33055812080,2017-01-16,11:10:00 AM,01 - Clear,01 - Daylight,01 - Dry,10 - No control,,03 - P.D. only,03 - Rear end,0
17-12908,HIGHWAY 417 btwn HWY417 IC124 RAMP76 & HWY417 IC124 RAMP67,364229.32729,5027280.45906,-75.74112100250,45.38294394670,2017-01-16,2:30:00 PM,01 - Clear,01 - Daylight,01 - Dry,10 - No control,,03 - P.D. only,04 - Sideswipe,0
17-12909,HIGHWAY 417 btwn HWY417 IC124 RAMP76 & HWY417 IC124 RAMP67,364211.54725,5027254.21234,-75.74135118180,45.38270929060,2017-01-16,2:40:00 PM,01 - Clear,01 - Daylight,01 - Dry,10 - No control,,03 - P.D. only,03 - Rear end,0
17-12910,HIGHWAY 417 btwn HWY417 IC96 RAMP51 & HIGHWAY 417,387246.00665,5023851.16998,-75.44782609080,45.34975954480,2017-01-16,3:30:00 PM,01 - Clear,01 - Daylight,01 - Dry,10 - No control,,03 - P.D. only,07 - SMV other,0
17-12911,RUSSLAND RD btwn ROCKDALE RD & DUNNING RD,396826.05915,5022822.46792,-75.32578153700,45.33931295430,2017-01-16,10:00:00 PM,01 - Clear,07 - Dark,01 - Dry,10 - No control,,03 - P.D. only,07 - SMV other,0
17-12912,HIGHWAY 417 btwn HWY 417 ANDERSON IC104R61 & HWY 417 BOUNDARY IC96R16,381571.91753,5025622.11796,-75.51995258950,45.36633743930,2017-01-17,1:00:00 AM,01 - Clear,07 - Dark,01 - Dry,10 - No control,,03 - P.D. only,07 - SMV other,0
17-12913,HIGHWAY 417 btwn HWY417 IC129 RAMP25 & TRANSIT,361764.43467,5024538.78717,-75.77290985490,45.35847939700,2017-01-17,8:05:00 AM,01 - Clear,01 - Daylight,01 - Dry,10 - No control,,03 - P.D. only,03 - Rear end,0
17-12914,HWY417 IC121A RAMP16 btwn HIGHWAY 417 & RAYMOND ST,367154.43129,5029742.51674,-75.70346145290,45.40484262190,2017-01-17,8:25:00 AM,01 - Clear,01 - Daylight,02 - Wet,10 - No control,,02 - Non-fatal injury,07 - SMV other,0