COLLISION_ID,LOCATION,X,Y,LONGITUDE,LATITUDE,DATE,TIME,ENVIRONMENT,LIGHT,SURFACE_CONDITION,TRAFFIC_CONTROL,TRAFFIC_CONTROL_CONDITION,COLLISION_CLASSIFICATION,IMPACT_TYPE,NO_OF_PEDESTRIANS
17-12915,HIGHWAY 416 btwn HWY416 IC42 RAMP24 & END,372239.56379,4994192.60564,-75.64333065260,45.08449925200,2017-01-17,8:45:00 AM,01 - Clear,01 - Daylight,01 - Dry,10 - No control,,03 - P.D. only,07 - SMV other,0
17-12916,HIGHWAY 417 btwn HWY417 IC129 RAMP51 & HWY417 IC129 RAMP35,360160.67547,5023298.25927,-75.79351744060,45.34744561860,2017-01-17,9:40:00 AM,01 - Clear,01 - Daylight,01 - Dry,10 - No control,,02 - Non-fatal injury,03 - Rear end,0
17-12917,HIGHWAY 417 btwn HWY417 IC126 RAMP61 & HWY417 IC124 RAMP76,363978.78288,5026949.22024,-75.74435973820,45.37998472290,2017-01-17,5:20:00 PM,01 - Clear,05 - Dusk,01 - Dry,10 - No control,,03 - P.D. only,03 - Rear end,0
17-12918,HIGHWAY 417 btwn HWY417 IC119A RAMP67 & HWY417 IC118 RAMP76,368953.48866,5030716.89444,-75.68035516080,45.41344716800,2017-01-17,9:50:00 PM,03 - Snow,07 - Dark,04 - Slush,10 - No control,,03 - P.D. only,07 - SMV other,0
17-12919,HIGHWAY 417 btwn HWY417 IC121B RAMP16 & HWY417 IC121A RAMP16,366661.13408,5029558.01713,-75.70978555410,45.40322631310,2017-01-17,10:15:00 PM,03 - Snow,07 - Dark,03 - Loose snow,10 - No control,,03 - P.D. only,03 - Rear end,0
17-12920,HIGHWAY 417 btwn HWY417 IC124 RAMP67 & HWY417 IC123 RAMP62,364791.05534,5028098.57254,-75.73384925480,45.39025729460,2017-01-17,10:45:00 PM,03 - Snow,07 - Dark,04 - Slush,10 - No control,,03 - P.D. only,07 - SMV other,0
17-12921,HIGHWAY 417 btwn HWY417 IC121B RAMP51 & HWY417 IC121A RAMP51,366687.59246,5029545.31710,-75.70944920050,45.40310970330,2017-01-17,10:46:00 PM,03 - Snow,07 - Dark,03 - Loose snow,10 - No control,,02 - Non-fatal injury,07 - SMV other,0
17-12922,HIGHWAY 417 btwn HWY417 IC117 RAMP61 & HWY417 IC115 RAMP36,371559.11054,5031423.86252,-75.64697279410,45.41956443790,2017-01-18,1:30:00 AM,03 - Snow,07 - Dark,04 - Slush,10 - No control,,03 - P.D. only,07 - SMV other,0
17-12923,HIGHWAY 417 btwn HIGHWAY 417 & HIGHWAY 417 (1),375432.30079,5029935.84288,-75.59770161110,45.40579575000,2017-01-18,6:00:00 AM,04 - Freezing Rain,07 - Dark,06 - Ice,10 - No control,,03 - P.D. only,04 - Sideswipe,0
17-12924,HIGHWAY 417 btwn HWY417 IC121A RAMP16 & HWY417 IC121A RAMP61,367115.32094,5029705.97242,-75.70396563340,45.40451728950,2017-01-18,9:30:00 AM,02 - Rain,01 - Daylight,02 - Wet,10 - No control,,03 - P.D. only,03 - Rear end,0
17-12925,HWY 417 TERRYFO IC140R61 @ TERRY FOX DR,350809.84300,5018706.39576,-75.91326742900,45.30680270180,2017-01-18,9:30:00 AM,00 - Unknown,01 - Daylight,02 - Wet,01 - Traffic signal,01 - Functioning,03 - P.D. only,03 - Rear end,0
17-12926,HIGHWAY 7 btwn HAZELDEAN IC RAMP 53 & HIGHWAY 7,342329.61270,5008419.45985,-76.02218296530,45.21474004520,2017-01-18,4:54:00 PM,01 - Clear,05 - Dusk,06 - Ice,10 - No control,,02 - Non-fatal injury,07 - SMV other,0
17-12927,HIGHWAY 7 btwn RAMP & DWYER HILL RD,340922.44989,5007124.05726,-76.04019192710,45.20315677390,2017-01-18,6:05:00 PM,01 - Clear,07 - Dark,06 - Ice,10 - No control,,02 - Non-fatal injury,07 - SMV other,0
17-12928,HIGHWAY 417 btwn HWY417 IC113 RAMP85 & HWY417 IC112 RAMP54,374130.00005,5031421.79877,-75.61412693140,45.41929583340,2017-01-19,11:40:00 AM,"07 - Fog, mist, smoke, dust",01 - Daylight,02 - Wet,10 - No control,,03 - P.D. only,04 - Sideswipe,0
17-12929,HIGHWAY 417 btwn HWY417 IC144 RAMP16 & HWY417 IC144 RAMP61,347502.94159,5015967.71994,-75.95567194440,45.28236797170,2017-01-19,7:40:00 PM,01 - Clear,07 - Dark,02 - Wet,10 - No control,,02 - Non-fatal injury,07 - SMV other,0
17-12930,HIGHWAY 417 btwn HWY417 IC124 RAMP67 & HWY417 IC123 RAMP62,364768.62612,5028055.88634,-75.73414086170,45.38987513340,2017-01-19,8:23:00 PM,01 - Clear,07 - Dark,01 - Dry,10 - No control,,03 - P.D. only,03 - Rear end,0
17-12931,HIGHWAY 417 btwn HWY417 IC127 RAMP16 & HWY417 IC127 RAMP63,361882.33368,5024666.67290,-75.77139035310,45.35962051440,2017-01-20,3:44:00 PM,01 - Clear,01 - Daylight,01 - Dry,10 - No control,,03 - P.D. only,03 - Rear end,0
17-12932,HWY417 IC115 RAMP61 btwn RAMP & HIGHWAY 417,372632.05852,5031571.25337,-75.63324427090,45.42078738880,2017-01-21,12:40:00 AM,01 - Clear,07 - Dark,01 - Dry,10 - No control,,03 - P.D. only,07 - SMV other,0
17-12933,HIGHWAY 417 btwn HWY417 IC104 RAMP16 & HWY417 IC104 RAMP61,380226.50437,5025910.85205,-75.53708119160,45.36908135670,2017-01-21,6:30:00 AM,04 - Freezing Rain,07 - Dark,06 - Ice,10 - No control,,03 - P.D. only,07 - SMV other,0
17-12934,HIGHWAY 417 btwn HWY417 IC122 RAMP61 & HWY417 IC121B RAMP16,365704.02533,5029144.40552,-75.72206160260,45.39958866030,2017-01-21,4:00:00 PM,01 - Clear,01 - Daylight,02 - Wet,10 - No control,,03 - P.D. only,04 - Sideswipe,0
17-12935,HIGHWAY 417 btwn HIGHWAY 417 & HIGHWAY 417 (1),375334.87792,5030260.94942,-75.59889948250,45.40873070900,2017-01-21,11:50:00 PM,01 - Clear,07 - Dark,01 - Dry,10 - No control,,02 - Non-fatal injury,03 - Rear end,0
17-12936,HIGHWAY 417 btwn HWY417 IC117 RAMP36 & HWY417 IC117 RAMP26,370512.25494,5031159.26455,-75.66038302100,45.41728280090,2017-01-23,9:30:00 AM,01 - Clear,01 - Daylight,01 - Dry,10 - No control,,03 - P.D. only,04 - Sideswipe,0
17-12937,HIGHWAY 416 btwn HWY416 IC75A RAMP43 & HWY416 IC72 RAMP34,358760.81561,5021823.05254,-75.81154126930,45.33428075080,2017-01-23,2:30:00 PM,01 - Clear,01 - Daylight,01 - Dry,10 - No control,,03 - P.D. only,07 - SMV other,0
17-12938,HIGHWAY 417 btwn RAMP & HWY417 IC88 RAMP51,392150.45239,5022920.33474,-75.38541162340,45.34079116370,2017-01-24,8:40:00 AM,04 - Freezing Rain,01 - Daylight,06 - Ice,10 - No control,,03 - P.D. only,07 - SMV other,0
17-12939,HIGHWAY 417 btwn RAMP & HWY417 IC145 RAMP55,345912.43403,5014749.86106,-75.97604590510,45.27150399830,2017-01-24,10:15:00 AM,03 - Snow,01 - Daylight,04 - Slush,10 - No control,,03 - P.D. only,07 - SMV other,0
17-12940,HIGHWAY 417 btwn HWY417 IC126 RAMP16 & HWY417 IC126 RAMP61,363126.26012,5025817.08653,-75.75537818210,45.36986942320,2017-01-24,12:00:00 PM,03 - Snow,01 - Daylight,05 - Packed snow,10 - No control,,03 - P.D. only,07 - SMV other,0
17-12941,HIGHWAY 417 btwn HIGHWAY 417 & HIGHWAY 417 (1),375365.69793,5030168.96190,-75.59851896490,45.40789994810,2017-01-24,12:05:00 PM,03 - Snow,01 - Daylight,04 - Slush,10 - No control,,03 - P.D. only,07 - SMV other,0
17-12942,HIGHWAY 417 btwn HWY417 IC180 RAMP51 & HWY417 IC180 RAMP35,317874.13816,5031023.70006,-76.33294438070,45.41902670270,2017-11-07,5:57:00 AM,01 - Clear,07 - Dark,01 - Dry,10 - No control,,03 - P.D. only,07 - SMV other,0
17-12943,HIGHWAY 7 btwn HAZELDEAN IC RAMP 53 & HIGHWAY 7,342356.61212,5008442.34935,-76.02183750200,45.21494457940,2017-01-24,4:00:00 PM,03 - Snow,01 - Daylight,04 - Slush,10 - No control,,02 - Non-fatal injury,07 - SMV other,0
17-12944,HIGHWAY 7 btwn HWY417 IC145 RAMP55 & RAMP,346211.49317,5013769.79833,-75.97231644920,45.26266743280,2017-01-24,4:30:00 PM,03 - Snow,01 - Daylight,04 - Slush,10 - No control,,03 - P.D. only,07 - SMV other,0
17-12945,HIGHWAY 417 btwn HIGHWAY 417 & HIGHWAY 417 (1),375303.40071,5030347.09408,-75.59928924160,45.40950896450,2017-01-24,5:00:00 PM,03 - Snow,05 - Dusk,02 - Wet,10 - No control,,03 - P.D. only,04 - Sideswipe,0
17-12946,HIGHWAY 416 btwn HWY416 IC57 RAMP24 & HWY416 IC49 RAMP42,365791.92835,5006284.77928,-75.72375052010,45.19389177200,2017-01-24,6:50:00 PM,03 - Snow,07 - Dark,04 - Slush,10 - No control,,03 - P.D. only,07 - SMV other,0
17-12947,HIGHWAY 417 btwn REGIONAL ROAD 174 & HWY417 IC113 RAMP85,373456.67308,5031768.24724,-75.62268115580,45.42247940250,2017-01-25,5:45:00 AM,01 - Clear,07 - Dark,04 - Slush,10 - No control,,03 - P.D. only,04 - Sideswipe,0
17-12948,HIGHWAY 417 btwn HWY417 IC124 RAMP76 & HWY417 IC124 RAMP67,364175.17702,5027218.03980,-75.74181991780,45.38238690010,2017-01-26,5:25:00 PM,01 - Clear,05 - Dusk,01 - Dry,10 - No control,,03 - P.D. only,04 - Sideswipe,0
17-12949,HIGHWAY 417 btwn HWY417 IC121B RAMP51 & HWY417 IC121A RAMP51,367035.22274,5029653.90468,-75.70499530400,45.40405592490,2017-01-26,5:26:00 PM,01 - Clear,05 - Dusk,01 - Dry,10 - No control,,03 - P.D. only,03 - Rear end,0
17-12950,HIGHWAY 417 btwn HWY417 IC121B RAMP16 & HWY417 IC121A RAMP16,366862.50240,5029614.11126,-75.70720646190,45.40371320950,2017-01-26,5:45:00 PM,01 - Clear,07 - Dark,01 - Dry,10 - No control,,03 - P.D. only,03 - Rear end,0
17-12951,HIGHWAY 417 btwn HWY417 IC126 RAMP61 & HWY417 IC124 RAMP76,364050.37810,5027034.82077,-75.74343536300,45.38074889200,2017-01-26,6:10:00 PM,01 - Clear,07 - Dark,01 - Dry,10 - No control,,03 - P.D. only,03 - Rear end,0
17-12952,HIGHWAY 17 btwn THOMAS ELLIOT RD & GALETTA SIDE RD,320931.25187,5030719.94481,-76.29389209340,45.41622954970,2017-01-27,8:30:00 AM,01 - Clear,01 - Daylight,01 - Dry,10 - No control,,03 - P.D. only,05 - Turning movement,0
17-12953,HIGHWAY 417 btwn HWY417 IC127 RAMP25 & HWY417 IC126 RAMP51,363141.16212,5025790.36221,-75.75519110810,45.36962772080,2017-01-27,3:56:00 PM,03 - Snow,01 - Daylight,02 - Wet,10 - No control,,03 - P.D. only,03 - Rear end,0
17-12954,HIGHWAY 417 btwn HWY 417 ANDERSON IC104R61 & HWY 417 BOUNDARY IC96R16,381556.02256,5025626.49661,-75.52015478900,45.36637857570,2017-01-28,4:58:00 AM,01 - Clear,07 - Dark,01 - Dry,10 - No control,,03 - P.D. only,07 - SMV other,0
17-12955,HIGHWAY 417 btwn HWY417 IC127 RAMP25 & HWY417 IC126 RAMP51,362921.96550,5025494.14329,-75.75802408130,45.36698058910,2017-01-28,12:53:00 PM,03 - Snow,01 - Daylight,02 - Wet,10 - No control,,03 - P.D. only,03 - Rear end,0
17-12956,HIGHWAY 417 btwn HIGHWAY 417 & HIGHWAY 417 (2),375304.91360,5030456.78405,-75.59925422780,45.41049574380,2017-01-29,12:52:00 AM,03 - Snow,07 - Dark,03 - Loose snow,10 - No control,,03 - P.D. only,07 - SMV other,0
17-12957,HWY417 IC118 RAMP52 btwn HWY417 IC118 RAMP57 & HWY417 IC118 RAMP62,369324.68331,5030888.58492,-75.67559067790,45.41495784870,2017-01-29,1:00:00 AM,03 - Snow,07 - Dark,03 - Loose snow,10 - No control,,03 - P.D. only,07 - SMV other,0
17-12958,HIGHWAY 417 btwn HWY417 IC110 RAMP54 & HWY417 IC110 RAMP65,375764.01952,5029287.95838,-75.59355780540,45.39993288320,2017-01-29,3:30:00 AM,03 - Snow,07 - Dark,06 - Ice,10 - No control,,03 - P.D. only,07 - SMV other,0
17-12959,HIGHWAY 417 btwn HWY417 IC117 RAMP36 & HWY417 IC117 RAMP26,370491.10126,5031152.29565,-75.66065420410,45.41722208380,2017-01-30,6:45:00 AM,01 - Clear,07 - Dark,01 - Dry,10 - No control,,03 - P.D. only,03 - Rear end,0
17-12960,HIGHWAY 417 btwn HWY417 IC124 RAMP67 & HWY417 IC123 RAMP62,364663.05961,5027865.52908,-75.73551202130,45.38817136720,2017-01-30,2:40:00 PM,01 - Clear,01 - Daylight,01 - Dry,10 - No control,,03 - P.D. only,04 - Sideswipe,0
17-12961,HIGHWAY 416 btwn HWY416 IC49 RAMP43 & HWY416 IC42 RAMP34,369651.62959,4998699.49741,-75.67561760580,45.12529468630,2017-01-30,3:30:00 PM,01 - Clear,01 - Daylight,01 - Dry,10 - No control,,03 - P.D. only,04 - Sideswipe,0
17-12962,HIGHWAY 417 btwn HWY417 IC138 RAMP61 & HWY417 IC134 RAMP36,355945.76217,5022014.20404,-75.84743495000,45.33621158630,2017-01-30,4:47:00 PM,01 - Clear,05 - Dusk,01 - Dry,10 - No control,,03 - P.D. only,03 - Rear end,0
17-12963,HIGHWAY 417 btwn Continuation of HIGHWAY 417 & HWY417 IC134 RAMP51,355679.06164,5021809.73363,-75.85085856500,45.33439112780,2017-01-30,4:45:00 PM,01 - Clear,05 - Dusk,01 - Dry,10 - No control,,03 - P.D. only,03 - Rear end,0
17-12964,HIGHWAY 417 btwn HWY417 IC131 RAMP55 & HWY417 IC130 RAMP35,358844.78110,5022988.61349,-75.81034275940,45.34476204880,2017-01-31,6:30:00 AM,01 - Clear,07 - Dark,01 - Dry,10 - No control,,03 - P.D. only,03 - Rear end,0
17-12965,HIGHWAY 417 btwn HWY417 IC134 RAMP25 & HWY417 IC131 RAMP53,357312.31137,5022607.61273,-75.82993745310,45.34145017830,2017-01-31,6:40:00 AM,01 - Clear,07 - Dark,01 - Dry,10 - No control,,03 - P.D. only,03 - Rear end,0
17-12966,HWY417 IC140 RAMP25 btwn TERRY FOX DR & HIGHWAY 417,351093.81448,5018623.75587,-75.90965404290,45.30604042670,2017-02-15,9:45:00 AM,01 - Clear,01 - Daylight,03 - Loose snow,10 - No control,,03 - P.D. only,07 - SMV other,0
17-12967,HIGHWAY 417 btwn HWY417 IC119A RAMP75 & HWY417 IC118 RAMP57,369002.96697,5030737.04010,-75.67972045160,45.41362389420,2017-01-31,3:20:00 PM,01 - Clear,01 - Daylight,01 - Dry,10 - No control,,03 - P.D. only,03 - Rear end,0
17-12968,HIGHWAY 417 btwn HWY 417 ANDERSON IC104R61 & HWY 417 BOUNDARY IC96R16,385007.45960,5024986.86547,-75.47620547670,45.36023723380,2017-01-31,8:30:00 PM,01 - Clear,07 - Dark,01 - Dry,10 - No control,,03 - P.D. only,07 - SMV other,0
17-12969,HWY417 IC88 RAMP16 btwn HIGHWAY 417 & ROCKDALE RD,395434.69639,5022506.86801,-75.34358895450,45.33665466650,2017-02-01,6:15:00 AM,01 - Clear,07 - Dark,06 - Ice,10 - No control,,03 - P.D. only,07 - SMV other,0
17-12970,HIGHWAY 417 btwn HWY417 IC118 RAMP67 & HWY417 IC117 RAMP36,370171.17087,5031111.98189,-75.66474691640,45.41688931990,2017-02-01,6:10:00 AM,03 - Snow,07 - Dark,04 - Slush,10 - No control,,03 - P.D. only,04 - Sideswipe,0
17-12971,HIGHWAY 417 btwn HWY417 IC144 RAMP25 & HWY417 IC142 RAMP51,348291.46128,5016604.18725,-75.94556548180,45.28804678710,2017-02-01,7:00:00 AM,03 - Snow,03 - Dawn,03 - Loose snow,10 - No control,,03 - P.D. only,04 - Sideswipe,0
17-12972,HIGHWAY 417 btwn HWY417 IC117 RAMP61 & HWY417 IC115 RAMP36,371631.56796,5031427.02190,-75.64604662950,45.41958594720,2017-02-01,8:30:00 AM,01 - Clear,01 - Daylight,02 - Wet,10 - No control,,03 - P.D. only,04 - Sideswipe,0
17-12973,HIGHWAY 417 btwn HWY417 IC129 RAMP51 & HWY417 IC129 RAMP35,360300.60529,5023407.86602,-75.79171956990,45.34842079940,2017-02-01,9:23:00 AM,01 - Clear,01 - Daylight,02 - Wet,10 - No control,,03 - P.D. only,03 - Rear end,0
17-12974,HIGHWAY 417 btwn HWY417 IC124 RAMP76 & HWY417 IC124 RAMP67,364356.90874,5027438.34609,-75.73947295510,45.38435375110,2017-02-01,2:38:00 PM,01 - Clear,01 - Daylight,01 - Dry,10 - No control,,03 - P.D. only,03 - Rear end,0
17-12975,HIGHWAY 417 btwn HWY417 IC117 RAMP61 & HWY417 IC115 RAMP36,371357.08336,5031401.17734,-75.64955701160,45.41937957450,2017-02-01,3:35:00 PM,01 - Clear,01 - Daylight,01 - Dry,10 - No control,,03 - P.D. only,03 - Rear end,0
17-12976,HIGHWAY 417 btwn HWY417 IC138 RAMP61 & HWY417 IC134 RAMP36,353829.52431,5020772.22975,-75.87455723890,45.32518716610,2017-02-01,6:40:00 PM,03 - Snow,07 - Dark,02 - Wet,10 - No control,,03 - P.D. only,03 - Rear end,0
17-12977,HIGHWAY 417 btwn HIGHWAY 417 & HWY417 IC110 RAMP54,375506.77433,5029786.49612,-75.59677177760,45.40444448850,2017-02-01,4:00:00 PM,01 - Clear,01 - Daylight,01 - Dry,10 - No control,,03 - P.D. only,99 - Other,0
17-12978,HIGHWAY 417 btwn HWY417 IC130 RAMP26 & HIGHWAY 417,359569.19496,5023123.60418,-75.80108436320,45.34592050770,2017-02-01,10:15:00 PM,01 - Clear,07 - Dark,01 - Dry,10 - No control,,03 - P.D. only,03 - Rear end,0
17-12979,HWY417 IC131 RAMP55 btwn HIGHWAY 417 & HWY416 IC75B RAMP25,358423.63734,5022779.72178,-75.81573916940,45.34291475500,2017-02-02,6:45:00 AM,01 - Clear,07 - Dark,01 - Dry,10 - No control,,03 - P.D. only,03 - Rear end,0
17-12980,HIGHWAY 417 btwn HWY417 IC115 RAMP61 & REGIONAL ROAD 174,373132.59509,5031660.84954,-75.62683674890,45.42154482110,2017-02-02,6:50:00 AM,01 - Clear,03 - Dawn,01 - Dry,10 - No control,,03 - P.D. only,03 - Rear end,0
17-12981,HIGHWAY 417 btwn HWY417 IC126 RAMP61 & HWY417 IC124 RAMP76,363671.49950,5026539.77596,-75.74833184540,45.37632649340,2017-02-02,5:35:00 PM,01 - Clear,07 - Dark,01 - Dry,10 - No control,,03 - P.D. only,03 - Rear end,0
17-12982,HIGHWAY 417 btwn HWY417 IC115 RAMP25 & REGIONAL ROAD 174,373251.90760,5031692.21013,-75.62530797860,45.42181532430,2017-02-02,6:05:00 PM,01 - Clear,07 - Dark,01 - Dry,10 - No control,,02 - Non-fatal injury,04 - Sideswipe,0
17-12983,HIGHWAY 417 btwn HWY417 IC123 RAMP62 & HWY417 IC122 RAMP16,365136.85595,5028710.87917,-75.72935852750,45.39573699460,2017-02-02,6:20:00 PM,01 - Clear,07 - Dark,02 - Wet,10 - No control,,03 - P.D. only,07 - SMV other,0
17-12984,HIGHWAY 417 btwn HWY417 IC104 RAMP15 & HWY417 IC96 RAMP51,381412.29128,5025598.31461,-75.52199372200,45.36614073750,2017-02-02,8:55:00 PM,01 - Clear,07 - Dark,01 - Dry,10 - No control,,03 - P.D. only,07 - SMV other,0
17-12985,HIGHWAY 417 btwn HWY417 IC124 RAMP76 & HWY417 IC124 RAMP67,364259.02737,5027318.65441,-75.74073718190,45.38328510110,2017-02-02,7:00:00 AM,01 - Clear,03 - Dawn,01 - Dry,10 - No control,,03 - P.D. only,04 - Sideswipe,0
17-12986,HIGHWAY 417 btwn HWY417 IC122 RAMP61 & HWY417 IC121B RAMP16,365824.51717,5029212.65153,-75.72051423640,45.40019222930,2017-02-03,7:26:00 PM,01 - Clear,07 - Dark,01 - Dry,10 - No control,,03 - P.D. only,04 - Sideswipe,0
17-12987,HIGHWAY 417 btwn HWY417 IC121B RAMP16 & HWY417 IC121A RAMP16,366903.17266,5029631.11737,-75.70668484310,45.40386261870,2017-02-03,6:50:00 PM,01 - Clear,07 - Dark,01 - Dry,10 - No control,,03 - P.D. only,03 - Rear end,0
17-12988,HIGHWAY 417 btwn HWY417 IC122 RAMP61 & HWY417 IC121B RAMP16,365727.67948,5029157.38525,-75.72175788780,45.39970339140,2017-02-03,7:23:00 PM,01 - Clear,07 - Dark,01 - Dry,10 - No control,,03 - P.D. only,04 - Sideswipe,0
17-12989,HIGHWAY 417 btwn HWY417 IC104 RAMP15 & HWY417 IC96 RAMP51,381413.79835,5025607.41065,-75.52197307530,45.36622241340,2017-02-03,11:24:00 PM,01 - Clear,07 - Dark,01 - Dry,10 - No control,,03 - P.D. only,07 - SMV other,0
17-12990,HIGHWAY 417 btwn HWY417 IC121B RAMP51 & HWY417 IC121A RAMP51,366864.86092,5029598.65822,-75.70717828200,45.40357395770,2017-02-04,12:22:00 PM,01 - Clear,01 - Daylight,01 - Dry,10 - No control,,03 - P.D. only,03 - Rear end,0
17-12991,ASHTON STATION RD btwn MALLOCH LANE & COPELAND RD,344722.47247,4998280.18392,-75.99252972370,45.12336919360,2017-02-04,12:00:00 PM,01 - Clear,01 - Daylight,06 - Ice,10 - No control,,03 - P.D. only,07 - SMV other,0
17-12992,HWY417 IC180 RAMP35 btwn HWY417 IC180 RAMP25 & HIGHWAY 417,317950.13724,5030871.32267,-76.33197736970,45.41765410640,2017-02-05,10:26:00 AM,03 - Snow,01 - Daylight,03 - Loose snow,10 - No control,,03 - P.D. only,07 - SMV other,0
17-12993,HIGHWAY 417 btwn HWY417 IC117 RAMP51 & HWY417 IC117 RAMP35,370488.37713,5031143.63324,-75.66069016260,45.41714439790,2017-02-05,10:00:00 AM,03 - Snow,01 - Daylight,04 - Slush,10 - No control,,03 - P.D. only,03 - Rear end,0
17-12994,HIGHWAY 416 btwn HWY416 IC66 RAMP53 & HWY416 IC57 RAMP34,360439.83481,5014126.65754,-75.79098481710,45.26489699100,2017-02-05,12:05:00 PM,03 - Snow,01 - Daylight,02 - Wet,10 - No control,,02 - Non-fatal injury,03 - Rear end,0
17-12995,HIGHWAY 417 btwn HWY417 IC144 RAMP35 & HWY417 IC144 RAMP25,347496.39226,5015897.25275,-75.95576148620,45.28173428030,2017-02-05,7:00:00 PM,03 - Snow,07 - Dark,03 - Loose snow,10 - No control,,03 - P.D. only,07 - SMV other,0
17-12996,HWY417 IC110 RAMP55 btwn WALKLEY EXTENSION RD & HIGHWAY 417,375710.76120,5028953.93543,-75.59428602120,45.39693291770,2017-02-05,10:25:00 PM,05 - Drifting Snow,07 - Dark,05 - Packed snow,10 - No control,,03 - P.D. only,07 - SMV other,0
17-12997,HIGHWAY 417 btwn HWY417 IC121A RAMP61 & HWY417 IC120B RAMP36,367543.65709,5029888.65730,-75.69847123010,45.40612277140,2017-02-06,7:00:00 AM,01 - Clear,03 - Dawn,01 - Dry,10 - No control,,03 - P.D. only,07 - SMV other,0
17-12998,HIGHWAY 417 btwn HWY417 IC113 RAMP85 & HWY417 IC112 RAMP54,374135.81694,5031388.53030,-75.61405729690,45.41899592410,2017-02-06,7:20:00 AM,01 - Clear,01 - Daylight,02 - Wet,10 - No control,,03 - P.D. only,07 - SMV other,0
17-12999,HIGHWAY 417 btwn HIGHWAY 417 & HIGHWAY 417 (2),375216.58910,5030552.86863,-75.60036876450,45.41136915320,2017-02-06,7:45:00 AM,01 - Clear,01 - Daylight,01 - Dry,10 - No control,,03 - P.D. only,03 - Rear end,0
17-13000,HIGHWAY 417 btwn HWY 417 ANDERSON IC104R61 & HWY 417 BOUNDARY IC96R16,381541.20175,5025618.27376,-75.52034523640,45.36630621530,2017-02-06,12:10:00 PM,01 - Clear,01 - Daylight,01 - Dry,10 - No control,,03 - P.D. only,07 - SMV other,0
17-13001,HIGHWAY 417 btwn HWY417 IC144 RAMP35 & HWY417 IC144 RAMP25,347505.18660,5015897.43620,-75.95564937710,45.28173539640,2017-02-06,5:55:00 PM,03 - Snow,07 - Dark,03 - Loose snow,10 - No control,,03 - P.D. only,07 - SMV other,0
17-13002,HIGHWAY 416 btwn HWY416 IC75A RAMP43 & HWY416 IC72 RAMP34,358812.17331,5021716.99593,-75.81089764420,45.33332249730,2017-02-06,7:20:00 PM,03 - Snow,07 - Dark,03 - Loose snow,10 - No control,,03 - P.D. only,04 - Sideswipe,0
17-13003,HIGHWAY 417 btwn HWY417 IC144 RAMP25 & HWY417 IC142 RAMP51,348408.52416,5016716.78426,-75.94406332230,45.28905272000,2017-02-07,12:50:00 AM,03 - Snow,07 - Dark,03 - Loose snow,10 - No control,,03 - P.D. only,07 - SMV other,0
17-13004,HIGHWAY 416 btwn HWY416 IC57 RAMP53 & HWY416 IC49 RAMP34,366163.15967,5005579.07365,-75.71911310870,45.18750956300,2017-02-07,8:10:00 AM,01 - Clear,01 - Daylight,02 - Wet,10 - No control,,03 - P.D. only,07 - SMV other,0
17-13005,HIGHWAY 416 btwn HWY416 IC42 RAMP24 & END,372414.74718,4994114.01989,-75.64111618460,45.08377541860,2017-02-07,8:50:00 AM,01 - Clear,01 - Daylight,01 - Dry,10 - No control,,03 - P.D. only,07 - SMV other,0
17-13006,HWY417 IC127 RAMP63 btwn HIGHWAY 417 & WOODROFFE AVE,361968.23714,5024817.93302,-75.77027645920,45.36097454190,2017-02-07,2:20:00 PM,01 - Clear,01 - Daylight,02 - Wet,10 - No control,,03 - P.D. only,07 - SMV other,0
17-13007,HIGHWAY 417 btwn HWY417 IC121B RAMP16 & HWY417 IC121A RAMP16,366663.01320,5029555.88916,-75.70976181970,45.40320700080,2017-02-07,10:54:00 PM,04 - Freezing Rain,07 - Dark,04 - Slush,10 - No control,,03 - P.D. only,07 - SMV other,0
17-13008,HIGHWAY 417 btwn HWY417 IC117 RAMP61 & HWY417 IC115 RAMP36,371501.72288,5031416.44288,-75.64770699790,45.41950315320,2017-02-07,11:20:00 PM,04 - Freezing Rain,07 - Dark,03 - Loose snow,10 - No control,,03 - P.D. only,03 - Rear end,0
17-13009,HIGHWAY 417 btwn HWY417 IC117 RAMP61 & HWY417 IC115 RAMP36,371497.48954,5031414.32621,-75.64776137140,45.41948451160,2017-02-08,12:40:00 AM,04 - Freezing Rain,07 - Dark,05 - Packed snow,10 - No control,,03 - P.D. only,04 - Sideswipe,0
17-13010,HIGHWAY 417 btwn HWY417 IC138 RAMP61 & HWY417 IC134 RAMP36,355543.08263,5021779.24028,-75.85259647050,45.33412659190,2017-02-08,5:00:00 AM,04 - Freezing Rain,07 - Dark,03 - Loose snow,10 - No control,,03 - P.D. only,07 - SMV other,0
17-13011,HIGHWAY 417 btwn HWY417 IC144 RAMP25 & HWY417 IC142 RAMP51,348142.14282,5016480.15468,-75.94747975900,45.28693992230,2017-02-08,5:50:00 AM,01 - Clear,07 - Dark,06 - Ice,10 - No control,,03 - P.D. only,03 - Rear end,0
17-13012,HIGHWAY 417 btwn HWY417 IC117 RAMP61 & HWY417 IC115 RAMP36,371972.16975,5031467.75641,-75.64168946030,45.41991983950,2017-02-08,6:10:00 AM,01 - Clear,07 - Dark,04 - Slush,10 - No control,,03 - P.D. only,07 - SMV other,0
17-13013,HIGHWAY 417 btwn HWY417 IC117 RAMP36 & HWY417 IC117 RAMP26,370523.50578,5031156.34662,-75.66023967100,45.41725548910,2017-02-08,9:15:00 AM,01 - Clear,01 - Daylight,02 - Wet,10 - No control,,03 - P.D. only,99 - Other,0
17-13014,HIGHWAY 417 btwn HWY417 IC124 RAMP76 & HWY417 IC124 RAMP67,364192.54312,5027216.69291,-75.74159834630,45.38237330880,2017-02-08,2:30:00 PM,01 - Clear,01 - Daylight,01 - Dry,10 - No control,,03 - P.D. only,03 - Rear end,0