COLLISION_ID,LOCATION,X,Y,LONGITUDE,LATITUDE,DATE,TIME,ENVIRONMENT,LIGHT,SURFACE_CONDITION,TRAFFIC_CONTROL,TRAFFIC_CONTROL_CONDITION,COLLISION_CLASSIFICATION,IMPACT_TYPE,NO_OF_PEDESTRIANS
17-13015,HWY417 IC127 RAMP25 btwn WOODROFFE AVE & HIGHWAY 417,362175.67325,5024789.71806,-75.76763213400,45.36070372010,2017-02-09,9:05:00 AM,01 - Clear,01 - Daylight,01 - Dry,10 - No control,,02 - Non-fatal injury,03 - Rear end,0
17-13016,HWY417 IC127 RAMP62 btwn WOODROFFE AVE & HWY417 IC127 RAMP68,362123.60314,5024954.81839,-75.76827757600,45.36219353890,2017-02-09,10:00:00 AM,01 - Clear,01 - Daylight,01 - Dry,10 - No control,,03 - P.D. only,03 - Rear end,0
17-13017,HIGHWAY 417 btwn HWY417 IC129 RAMP61 & TRANSIT,361334.93157,5024241.07696,-75.77842561310,45.35583538170,2017-02-09,6:20:00 PM,01 - Clear,07 - Dark,01 - Dry,10 - No control,,02 - Non-fatal injury,04 - Sideswipe,0
17-13018,HWY417 IC115 RAMP36 btwn HIGHWAY 417 & TRANSIT,372419.72540,5031552.48158,-75.63595972160,45.42063904400,2017-02-09,7:20:00 PM,01 - Clear,07 - Dark,01 - Dry,10 - No control,,03 - P.D. only,03 - Rear end,0
17-13019,HIGHWAY 417 btwn HWY417 IC119B RAMP76 & HWY417 IC119A RAMP67,368538.17431,5030507.48116,-75.68568788560,45.41160089000,2017-02-09,6:45:00 AM,01 - Clear,03 - Dawn,01 - Dry,10 - No control,,03 - P.D. only,03 - Rear end,0
17-13020,HIGHWAY 417 btwn HWY417 IC104 RAMP15 & HWY417 IC96 RAMP51,381432.51010,5025605.27136,-75.52173457460,45.36620111990,2017-02-09,9:30:00 PM,01 - Clear,07 - Dark,01 - Dry,10 - No control,,03 - P.D. only,07 - SMV other,0
17-13021,HIGHWAY 417 btwn HWY417 IC124 RAMP57 & HWY417 IC124 RAMP55,364331.99927,5027383.87603,-75.73979758310,45.38386575610,2017-02-10,5:50:00 AM,01 - Clear,07 - Dark,01 - Dry,10 - No control,,01 - Fatal injury,99 - Other,0
17-13022,HIGHWAY 417 btwn HWY417 IC124 RAMP57 & HWY417 IC124 RAMP55,364143.43635,5027125.67606,-75.74223629050,45.38155851650,2017-02-10,6:05:00 AM,01 - Clear,07 - Dark,01 - Dry,10 - No control,,03 - P.D. only,03 - Rear end,0
17-13023,HIGHWAY 417 btwn HWY417 IC121B RAMP16 & HWY417 IC121A RAMP16,366859.12512,5029614.45771,-75.70724955610,45.40371662570,2017-02-10,9:40:00 AM,01 - Clear,01 - Daylight,01 - Dry,10 - No control,,02 - Non-fatal injury,03 - Rear end,0
17-13024,HIGHWAY 417 btwn HWY417 IC124 RAMP76 & HWY417 IC124 RAMP67,364496.92039,5027622.67039,-75.73766290650,45.38600034970,2017-02-10,10:00:00 AM,01 - Clear,01 - Daylight,01 - Dry,10 - No control,,03 - P.D. only,04 - Sideswipe,0
17-13025,HIGHWAY 417 btwn HWY417 IC117 RAMP51 & HWY417 IC117 RAMP35,370603.51594,5031155.39412,-75.65921760630,45.41723939880,2017-02-10,2:28:00 PM,01 - Clear,01 - Daylight,01 - Dry,10 - No control,,03 - P.D. only,04 - Sideswipe,0
17-13026,HIGHWAY 417 btwn HWY417 IC122 RAMP15 & HWY417 IC121B RAMP51,366556.44118,5029503.12082,-75.71112964890,45.40274161460,2017-02-10,3:03:00 PM,01 - Clear,01 - Daylight,01 - Dry,10 - No control,,03 - P.D. only,03 - Rear end,0
17-13027,HIGHWAY 417 btwn HWY417 IC122 RAMP15 & HWY417 IC121B RAMP51,366557.71118,5029506.93083,-75.71111295040,45.40277578400,2017-02-10,4:35:00 PM,01 - Clear,01 - Daylight,01 - Dry,10 - No control,,03 - P.D. only,03 - Rear end,0
17-13028,RAMP btwn Continuation of RAMP & END (2),346743.66072,5015305.12742,-75.96540595170,45.27645141950,2017-02-10,8:35:00 PM,03 - Snow,07 - Dark,03 - Loose snow,10 - No control,,03 - P.D. only,07 - SMV other,0
17-13029,HWY417 IC110 RAMP55 btwn WALKLEY EXTENSION RD & HIGHWAY 417,375779.09379,5028824.30446,-75.59343199840,45.39575964380,2017-02-10,9:50:00 PM,03 - Snow,07 - Dark,03 - Loose snow,10 - No control,,03 - P.D. only,07 - SMV other,0
17-13030,HWY416 IC72 RAMP62 btwn HIGHWAY 416 & CEDARVIEW RD,359423.84233,5019742.41046,-75.80331219990,45.31550773890,2017-02-10,10:32:00 PM,03 - Snow,07 - Dark,03 - Loose snow,10 - No control,,03 - P.D. only,07 - SMV other,0
17-13031,HIGHWAY 417 btwn HWY417 IC138 RAMP61 & HWY417 IC134 RAMP36,355575.31130,5021799.17958,-75.85218326270,45.33430367680,2017-02-10,10:40:00 PM,03 - Snow,07 - Dark,03 - Loose snow,10 - No control,,03 - P.D. only,07 - SMV other,0
17-13032,HIGHWAY 417 btwn HWY417 IC122 RAMP61 & HWY417 IC121B RAMP16,365787.15478,5029195.20694,-75.72099359110,45.40003852270,2017-02-10,11:05:00 PM,03 - Snow,07 - Dark,03 - Loose snow,10 - No control,,03 - P.D. only,99 - Other,0
17-13033,HWY417 IC121B RAMP51 btwn HIGHWAY 417 & ROCHESTER ST,366627.04979,5029515.24758,-75.71022626770,45.40284449580,2017-02-11,3:50:00 AM,03 - Snow,07 - Dark,03 - Loose snow,10 - No control,,02 - Non-fatal injury,99 - Other,0
17-13034,HIGHWAY 416 btwn HWY416 IC66 RAMP62 & HWY416 IC72 RAMP24,360316.51300,5017943.61943,-75.79212918640,45.29925211110,2017-02-11,10:35:00 AM,01 - Clear,01 - Daylight,01 - Dry,10 - No control,,03 - P.D. only,07 - SMV other,0
17-13035,HWY417 IC115 RAMP26 btwn ST. LAURENT BLVD & Continuation of HWY417 IC1,372487.68818,5031585.49283,-75.63508686170,45.42092949120,2017-02-11,10:15:00 AM,03 - Snow,01 - Daylight,03 - Loose snow,10 - No control,,02 - Non-fatal injury,07 - SMV other,0
17-13036,HWY417 IC129 RAMP51 btwn HIGHWAY 417 & ASHLEY ST,360193.95776,5023294.81041,-75.79309312890,45.34741195760,2017-02-11,1:20:00 PM,01 - Clear,01 - Daylight,01 - Dry,10 - No control,,03 - P.D. only,99 - Other,0
17-13037,HIGHWAY 417 btwn HWY417 IC126 RAMP16 & HWY417 IC126 RAMP61,363114.11693,5025793.64625,-75.75553596200,45.36965952160,2017-02-07,11:58:00 PM,02 - Rain,07 - Dark,03 - Loose snow,10 - No control,,03 - P.D. only,07 - SMV other,0
17-13038,HIGHWAY 417 btwn HWY417 IC112 RAMP66 & HWY417 IC113 RAMP65,374164.40903,5031508.44601,-75.61367512170,45.42007202970,2017-02-12,1:30:00 PM,03 - Snow,01 - Daylight,03 - Loose snow,10 - No control,,03 - P.D. only,04 - Sideswipe,0
17-13039,HWY417 IC104 RAMP61 btwn ANDERSON RD & HIGHWAY 417,380230.52325,5026038.54507,-75.53701039480,45.37022982510,2017-02-12,2:00:00 PM,03 - Snow,01 - Daylight,03 - Loose snow,10 - No control,,03 - P.D. only,07 - SMV other,0
17-13040,HIGHWAY 417 btwn HWY417 IC138 RAMP51 & HWY417 IC138 RAMP35,352707.34993,5020048.70509,-75.88894136650,45.31875423140,2017-02-12,2:10:00 PM,03 - Snow,01 - Daylight,03 - Loose snow,10 - No control,,03 - P.D. only,07 - SMV other,0
17-13041,HIGHWAY 417 btwn HWY417 IC126 RAMP51 & HWY417 IC126 RAMP25,363263.08188,5025964.37692,-75.75361416420,45.37118332360,2017-02-12,2:30:00 PM,03 - Snow,01 - Daylight,03 - Loose snow,10 - No control,,02 - Non-fatal injury,04 - Sideswipe,0
17-13042,HWY417 IC115 RAMP36 btwn HIGHWAY 417 & TRANSIT,372329.84168,5031524.44804,-75.63711196070,45.42039549240,2017-02-12,3:30:00 PM,03 - Snow,01 - Daylight,03 - Loose snow,10 - No control,,03 - P.D. only,03 - Rear end,0
17-13043,HWY417 IC138 RAMP61 btwn HWY417 IC138 RAMP62 & HIGHWAY 417,353203.18009,5020496.38098,-75.88257366310,45.32274849750,2017-02-12,3:30:00 PM,03 - Snow,01 - Daylight,03 - Loose snow,10 - No control,,03 - P.D. only,07 - SMV other,0
17-13044,HWY 417 INNES IC112R68 @ INNES RD,374640.82297,5030921.51434,-75.60767152360,45.41474373140,2017-02-12,4:25:00 PM,03 - Snow,01 - Daylight,05 - Packed snow,01 - Traffic signal,01 - Functioning,03 - P.D. only,04 - Sideswipe,0
17-13045,HIGHWAY 417 btwn HWY417 IC127 RAMP25 & HWY417 IC126 RAMP51,362401.17349,5025038.54507,-75.76472498810,45.36292415190,2017-02-12,5:10:00 PM,05 - Drifting Snow,07 - Dark,03 - Loose snow,10 - No control,,03 - P.D. only,03 - Rear end,0
17-13046,HIGHWAY 417 btwn HWY417 IC134 RAMP51 & HWY417 IC134 RAMP35,356233.19449,5022136.58927,-75.84375514300,45.33729181080,2017-02-12,7:00:00 PM,03 - Snow,07 - Dark,03 - Loose snow,10 - No control,,03 - P.D. only,07 - SMV other,0
17-13047,HIGHWAY 417 btwn HWY417 IC112 RAMP56 & HWY417 IC112 RAMP64,374660.22578,5030765.19819,-75.60744580910,45.41333534400,2017-02-12,7:45:00 PM,03 - Snow,07 - Dark,03 - Loose snow,10 - No control,,03 - P.D. only,03 - Rear end,0
17-13048,HIGHWAY 417 btwn HWY417 IC112 RAMP66 & HWY417 IC113 RAMP65,374156.45811,5031535.66640,-75.61377287280,45.42031773300,2017-02-12,7:50:00 PM,05 - Drifting Snow,07 - Dark,03 - Loose snow,10 - No control,,03 - P.D. only,07 - SMV other,0
17-13049,HIGHWAY 417 btwn HWY417 IC113 RAMP62 & HWY417 IC113 RAMP65,373995.59112,5031751.56683,-75.61579783890,45.42227622290,2017-02-12,9:30:00 PM,03 - Snow,07 - Dark,03 - Loose snow,10 - No control,,03 - P.D. only,04 - Sideswipe,0
17-13050,HIGHWAY 417 btwn HWY417 IC113 RAMP62 & HWY417 IC113 RAMP65,374033.69120,5031713.46675,-75.61531639700,45.42192964920,2017-02-12,10:42:00 PM,03 - Snow,07 - Dark,03 - Loose snow,10 - No control,,03 - P.D. only,04 - Sideswipe,0
17-13051,HIGHWAY 416 btwn HWY416 IC72 RAMP62 & HWY416 IC72 RAMP24,359457.41343,5019657.96764,-75.80289337280,45.31474530420,2017-02-13,12:50:00 AM,01 - Clear,07 - Dark,03 - Loose snow,10 - No control,,03 - P.D. only,07 - SMV other,0
17-13052,HIGHWAY 416 btwn HWY416 IC66 RAMP62 & HWY416 IC72 RAMP24,360314.66515,5017890.54744,-75.79215868730,45.29877471180,2017-02-13,6:40:00 AM,01 - Clear,03 - Dawn,04 - Slush,10 - No control,,03 - P.D. only,07 - SMV other,0
17-13053,HIGHWAY 417 btwn HWY417 IC117 RAMP51 & HWY417 IC117 RAMP35,370611.52824,5031157.73481,-75.65911493030,45.41725970590,2017-02-13,7:00:00 AM,03 - Snow,03 - Dawn,06 - Ice,10 - No control,,02 - Non-fatal injury,03 - Rear end,0
17-13054,HIGHWAY 417 btwn HWY417 IC122 RAMP61 & HWY417 IC121B RAMP16,366389.19313,5029470.53643,-75.71326992530,45.40246316310,2017-02-13,7:00:00 AM,05 - Drifting Snow,03 - Dawn,06 - Ice,10 - No control,,02 - Non-fatal injury,03 - Rear end,0
17-13055,HIGHWAY 417 btwn HWY417 IC122 RAMP15 & HWY417 IC121B RAMP51,365915.27588,5029238.06482,-75.71935190550,45.40041297510,2017-02-13,7:40:00 AM,01 - Clear,01 - Daylight,06 - Ice,10 - No control,,03 - P.D. only,03 - Rear end,0
17-13056,HIGHWAY 417 btwn HWY417 IC118 RAMP35 & HWY417 IC117 RAMP51,370172.53606,5031097.56021,-75.66473138810,45.41675943150,2017-02-13,7:58:00 AM,03 - Snow,01 - Daylight,06 - Ice,10 - No control,,03 - P.D. only,03 - Rear end,0
17-13057,HIGHWAY 417 btwn HWY417 IC122 RAMP15 & HWY417 IC121B RAMP51,365872.30746,5029222.18979,-75.71990267140,45.40027388530,2017-02-13,7:45:00 AM,01 - Clear,01 - Daylight,06 - Ice,10 - No control,,02 - Non-fatal injury,03 - Rear end,0
17-13058,HIGHWAY 417 btwn Continuation of HIGHWAY 417 & HWY417 IC134 RAMP51,355529.19511,5021707.37309,-75.85278100860,45.33348092610,2017-02-13,8:30:00 AM,01 - Clear,01 - Daylight,06 - Ice,10 - No control,,03 - P.D. only,07 - SMV other,0
17-13059,HIGHWAY 417 btwn HWY417 IC124 RAMP67 & HWY417 IC123 RAMP62,364623.47163,5027806.56029,-75.73602468710,45.38764415960,2017-02-13,8:50:00 AM,03 - Snow,01 - Daylight,05 - Packed snow,10 - No control,,03 - P.D. only,04 - Sideswipe,0
17-13060,HIGHWAY 417 btwn HWY417 IC119A RAMP75 & HWY417 IC118 RAMP57,368811.72834,5030625.11926,-75.68217806890,45.41263438920,2017-02-13,9:10:00 AM,01 - Clear,01 - Daylight,02 - Wet,10 - No control,,02 - Non-fatal injury,99 - Other,0
17-13061,HIGHWAY 417 btwn HWY417 IC122 RAMP61 & HWY417 IC121B RAMP16,365744.03720,5029168.95552,-75.72154753710,45.39980607360,2017-02-13,9:35:00 AM,01 - Clear,01 - Daylight,06 - Ice,10 - No control,,03 - P.D. only,03 - Rear end,0
17-13062,HWY 417 VANIER IC117R63 @ VANIER PKWY,370798.85898,5031396.43414,-75.65668966140,45.41938977880,2017-02-13,10:50:00 AM,03 - Snow,01 - Daylight,05 - Packed snow,01 - Traffic signal,01 - Functioning,03 - P.D. only,04 - Sideswipe,0
17-13063,HIGHWAY 417 btwn HWY417 IC139 RAMP15 & HWY417 IC138 RAMP51,352218.93349,5019650.81565,-75.89520885950,45.31520709230,2017-02-13,12:20:00 PM,01 - Clear,01 - Daylight,02 - Wet,10 - No control,,02 - Non-fatal injury,07 - SMV other,0
17-13064,HIGHWAY 417 btwn HWY 417 ANDERSON IC104R61 & HWY 417 BOUNDARY IC96R16,383892.79683,5025310.79363,-75.49037932440,45.36327833410,2017-02-13,10:40:00 PM,01 - Clear,07 - Dark,01 - Dry,10 - No control,,03 - P.D. only,07 - SMV other,0
17-13065,HIGHWAY 417 btwn HWY417 IC121B RAMP16 & HWY417 IC121A RAMP16,366924.50456,5029634.09395,-75.70641199750,45.40388750850,2017-02-14,4:42:00 AM,01 - Clear,07 - Dark,01 - Dry,10 - No control,,03 - P.D. only,04 - Sideswipe,0
17-13066,HIGHWAY 417 btwn HWY417 IC119B RAMP76 & HWY417 IC119A RAMP67,368161.69870,5030274.38689,-75.69052717490,45.40953776990,2017-02-14,4:45:00 PM,03 - Snow,01 - Daylight,03 - Loose snow,10 - No control,,03 - P.D. only,03 - Rear end,0
17-13067,HIGHWAY 417 btwn HWY417 IC115 RAMP61 & REGIONAL ROAD 174,373223.71716,5031706.31476,-75.62566619990,45.42194498920,2017-02-14,7:45:00 PM,03 - Snow,07 - Dark,03 - Loose snow,10 - No control,,03 - P.D. only,04 - Sideswipe,0
17-13068,HWY 417 ST.LAURE IC115R51 @ ST. LAURENT BLVD,372533.68245,5031412.09750,-75.63452305170,45.41936490970,2017-02-14,9:10:00 PM,03 - Snow,07 - Dark,03 - Loose snow,01 - Traffic signal,01 - Functioning,03 - P.D. only,02 - Angle,0
17-13069,HIGHWAY 417 btwn HWY417 IC120A RAMP52 & HWY417 IC119B RAMP57,367765.88125,5029984.40298,-75.69562044530,45.40696430670,2017-02-15,4:40:00 AM,03 - Snow,07 - Dark,03 - Loose snow,10 - No control,,03 - P.D. only,04 - Sideswipe,0
17-13070,HIGHWAY 417 btwn HWY417 IC110 RAMP55 & HWY417 IC104 RAMP51,377822.44928,5026393.38260,-75.56769664120,45.37367749850,2017-02-15,7:32:00 AM,05 - Drifting Snow,01 - Daylight,03 - Loose snow,10 - No control,,03 - P.D. only,07 - SMV other,0
17-13071,HIGHWAY 417 btwn HWY417 IC96 RAMP61 & HWY417 IC88 RAMP16,392427.47849,5022898.22978,-75.38188137150,45.34055773990,2017-02-15,7:45:00 AM,03 - Snow,01 - Daylight,03 - Loose snow,10 - No control,,03 - P.D. only,07 - SMV other,0
17-13072,HIGHWAY 417 btwn Continuation of HIGHWAY 417 & HWY417 IC134 RAMP51,355784.37742,5021859.12076,-75.84950989060,45.33482787530,2017-02-15,8:05:00 AM,03 - Snow,01 - Daylight,03 - Loose snow,10 - No control,,03 - P.D. only,03 - Rear end,0
17-13073,HIGHWAY 417 btwn HWY417 IC140 RAMP36 & HWY417 IC140 RAMP16,350587.73870,5018386.61631,-75.91612916780,45.30393975230,2017-02-15,9:45:00 AM,03 - Snow,01 - Daylight,03 - Loose snow,10 - No control,,03 - P.D. only,04 - Sideswipe,0
17-13074,HIGHWAY 416 btwn HWY416 IC66 RAMP62 & HWY416 IC72 RAMP24,360321.35566,5017980.21550,-75.79206334570,45.29958102250,2017-02-15,7:15:00 PM,03 - Snow,07 - Dark,04 - Slush,10 - No control,,03 - P.D. only,07 - SMV other,0
17-13075,HWY417 IC131 RAMP66 btwn HWY417 IC130 RAMP36 & HWY417 IC131 RAMP63,358537.12909,5022914.72570,-75.81427640340,45.34412084030,2017-02-15,8:00:00 PM,03 - Snow,07 - Dark,03 - Loose snow,10 - No control,,03 - P.D. only,07 - SMV other,0
17-13076,HIGHWAY 417 btwn HWY417 IC104 RAMP15 & HWY417 IC96 RAMP51,381516.55505,5025591.89106,-75.52066392000,45.36607153940,2017-02-16,4:25:00 PM,01 - Clear,01 - Daylight,01 - Dry,10 - No control,,02 - Non-fatal injury,03 - Rear end,0
17-13077,COUNTY RD 29 @ HWY 417 CTYRD 29 IC180R51,318041.32010,5030776.60587,-76.33081485300,45.41680007500,2017-02-16,4:30:00 PM,01 - Clear,01 - Daylight,01 - Dry,02 - Stop sign,01 - Functioning,03 - P.D. only,03 - Rear end,0
17-13078,HIGHWAY 417 btwn HWY417 IC121B RAMP51 & HWY417 IC121A RAMP51,367036.56289,5029653.02404,-75.70497829680,45.40404788140,2017-02-16,7:00:00 PM,01 - Clear,07 - Dark,02 - Wet,10 - No control,,02 - Non-fatal injury,03 - Rear end,0
17-13079,RAMP btwn Continuation of RAMP & END (2),346376.13511,5015174.86279,-75.97010096670,45.27530107480,2017-02-17,6:20:00 AM,01 - Clear,03 - Dawn,06 - Ice,10 - No control,,02 - Non-fatal injury,07 - SMV other,0
17-13080,HIGHWAY 417 btwn HWY417 IC121A RAMP16 & HWY417 IC121A RAMP61,367290.16652,5029770.36698,-75.70172416090,45.40508110640,2017-02-17,10:22:00 PM,01 - Clear,07 - Dark,01 - Dry,10 - No control,,03 - P.D. only,03 - Rear end,0
17-13081,HWY417 IC126 RAMP51 btwn HIGHWAY 417 & HWY417 IC126 RAMP52,363270.60848,5025930.19680,-75.75352212780,45.37087514750,2017-02-18,7:50:00 AM,01 - Clear,01 - Daylight,02 - Wet,10 - No control,,03 - P.D. only,07 - SMV other,0
17-13082,HIGHWAY 417 btwn HWY417 IC126 RAMP25 & HWY417 IC124 RAMP57,363469.57554,5026231.82240,-75.75094636250,45.37357250590,2017-02-18,12:15:00 PM,01 - Clear,01 - Daylight,01 - Dry,10 - No control,,03 - P.D. only,03 - Rear end,0
17-13083,HIGHWAY 417 btwn HWY417 IC126 RAMP25 & HWY417 IC124 RAMP57,363349.45447,5026071.48458,-75.75249886180,45.37213985410,2017-02-18,1:44:00 PM,01 - Clear,01 - Daylight,01 - Dry,10 - No control,,03 - P.D. only,03 - Rear end,0
17-13084,HIGHWAY 417 btwn HWY417 IC119A RAMP75 & HWY417 IC118 RAMP57,368927.62313,5030684.34548,-75.68068982860,45.41315667520,2017-02-18,3:30:00 PM,01 - Clear,01 - Daylight,01 - Dry,10 - No control,,03 - P.D. only,03 - Rear end,0
17-13085,HIGHWAY 417 btwn HIGHWAY 417 & HWY417 IC140 RAMP36,350135.30865,5018160.41393,-75.92191880310,45.30193366370,2017-02-18,7:50:00 PM,01 - Clear,07 - Dark,01 - Dry,10 - No control,,03 - P.D. only,03 - Rear end,0
17-13086,HIGHWAY 417 btwn HWY417 IC96 RAMP61 & HWY417 IC88 RAMP16,392414.75154,5022896.46507,-75.38204404830,45.34054345250,2017-02-19,8:35:00 AM,01 - Clear,01 - Daylight,01 - Dry,10 - No control,,03 - P.D. only,07 - SMV other,0
17-13087,HIGHWAY 417 btwn HWY417 IC124 RAMP67 & HWY417 IC123 RAMP62,364737.28985,5027991.01676,-75.73454889910,45.38929413280,2017-02-17,4:30:00 PM,01 - Clear,01 - Daylight,01 - Dry,10 - No control,,03 - P.D. only,03 - Rear end,0
17-13088,HIGHWAY 417 btwn HWY417 IC118 RAMP57 & HWY417 IC118 RAMP35,369598.85958,5031103.36965,-75.67205974830,45.41686506630,2017-02-23,3:34:00 PM,01 - Clear,01 - Daylight,01 - Dry,10 - No control,,03 - P.D. only,04 - Sideswipe,0
17-13089,HIGHWAY 417 btwn HWY417 IC122 RAMP61 & HWY417 IC121B RAMP16,366459.41330,5029498.08644,-75.71236958480,45.40270486940,2017-02-19,3:00:00 PM,01 - Clear,01 - Daylight,01 - Dry,10 - No control,,03 - P.D. only,04 - Sideswipe,0
17-13090,HIGHWAY 417 btwn HWY417 IC120B RAMP36 & HWY417 IC119B RAMP76,367957.16963,5030129.70104,-75.69315839660,45.40825441840,2017-02-19,3:15:00 PM,01 - Clear,01 - Daylight,01 - Dry,10 - No control,,02 - Non-fatal injury,03 - Rear end,0
17-13091,HIGHWAY 417 btwn HWY 417 ANDERSON IC104R61 & HWY 417 BOUNDARY IC96R16,381534.76678,5025626.69537,-75.52042606370,45.36638269170,2017-02-20,5:31:00 AM,01 - Clear,07 - Dark,01 - Dry,10 - No control,,03 - P.D. only,07 - SMV other,0
17-13092,HIGHWAY 417 btwn HWY417 IC122 RAMP16 & HWY417 IC122 RAMP61,365336.94272,5028898.85691,-75.72678012210,45.39741110620,2017-02-20,4:30:00 PM,01 - Clear,01 - Daylight,01 - Dry,10 - No control,,02 - Non-fatal injury,03 - Rear end,0
17-13093,HIGHWAY 417 btwn HWY417 IC180 RAMP26 & HWY417 IC180 RAMP61,318467.92232,5031002.26334,-76.32535789650,45.41882245490,2017-02-20,8:05:00 PM,01 - Clear,07 - Dark,01 - Dry,10 - No control,,02 - Non-fatal injury,07 - SMV other,0
17-13094,HIGHWAY 417 btwn HWY417 IC118 RAMP35 & HWY417 IC117 RAMP51,370246.90699,5031105.59413,-75.66378018170,45.41682476500,2017-02-21,12:12:00 PM,01 - Clear,01 - Daylight,01 - Dry,10 - No control,,02 - Non-fatal injury,03 - Rear end,0
17-13095,HWY417 IC104 RAMP51 btwn HIGHWAY 417 & ANDERSON RD,380057.24005,5025632.44322,-75.53928417670,45.36659460250,2017-02-22,2:24:00 PM,01 - Clear,01 - Daylight,01 - Dry,10 - No control,,03 - P.D. only,07 - SMV other,0
17-13096,HIGHWAY 417 btwn HWY417 IC117 RAMP26 & HWY417 IC117 RAMP61,370904.75508,5031253.05113,-75.65535594210,45.41808968070,2017-02-17,10:30:00 PM,01 - Clear,07 - Dark,01 - Dry,10 - No control,,03 - P.D. only,04 - Sideswipe,0
17-13097,HIGHWAY 417 btwn HWY417 IC127 RAMP67 & HWY417 IC126 RAMP16,362881.93737,5025478.77291,-75.75853683760,45.36684560610,2017-02-22,4:15:00 PM,01 - Clear,01 - Daylight,02 - Wet,10 - No control,,03 - P.D. only,03 - Rear end,0
17-13098,HIGHWAY 417 btwn HWY417 IC112 RAMP55 & HIGHWAY 417,375008.23912,5030634.82448,-75.60301860930,45.41212748180,2017-02-22,11:51:00 PM,01 - Clear,07 - Dark,06 - Ice,10 - No control,,03 - P.D. only,07 - SMV other,0
17-13099,HIGHWAY 417 btwn HWY417 IC117 RAMP25 & HWY417 IC115 RAMP51,371298.77337,5031373.54262,-75.65030572350,45.41913647400,2017-02-23,12:27:00 PM,01 - Clear,01 - Daylight,01 - Dry,10 - No control,,03 - P.D. only,04 - Sideswipe,0
17-13100,HIGHWAY 416 btwn HWY416 IC75A RAMP43 & HWY416 IC72 RAMP34,359163.88216,5020904.40368,-75.80650001080,45.32598359720,2017-02-23,12:39:00 PM,01 - Clear,01 - Daylight,01 - Dry,10 - No control,,03 - P.D. only,07 - SMV other,0
17-13101,HIGHWAY 417 btwn HWY417 IC113 RAMP85 & HWY417 IC112 RAMP54,374152.41686,5031331.74190,-75.61385320790,45.41848332610,2017-02-23,12:15:00 PM,01 - Clear,01 - Daylight,01 - Dry,10 - No control,,03 - P.D. only,04 - Sideswipe,0
17-13102,HIGHWAY 417 btwn HWY417 IC127 RAMP67 & HWY417 IC126 RAMP16,362712.53384,5025313.54382,-75.76071859760,45.36537290920,2017-02-23,10:18:00 PM,01 - Clear,07 - Dark,01 - Dry,10 - No control,,02 - Non-fatal injury,03 - Rear end,0
17-13103,HIGHWAY 417 btwn HWY417 IC129 RAMP61 & TRANSIT,361442.53130,5024326.11684,-75.77704264770,45.35659188120,2017-02-23,10:20:00 PM,01 - Clear,07 - Dark,01 - Dry,10 - No control,,03 - P.D. only,03 - Rear end,0
17-13104,HIGHWAY 417 btwn HWY417 IC126 RAMP16 & HWY417 IC126 RAMP61,363125.28467,5025813.07815,-75.75539110670,45.36983343820,2017-02-24,12:00:00 PM,01 - Clear,01 - Daylight,01 - Dry,10 - No control,,03 - P.D. only,07 - SMV other,0
17-13105,HIGHWAY 417 btwn HWY417 IC124 RAMP67 & HWY417 IC123 RAMP62,364773.11296,5028060.98265,-75.73408294520,45.38992060560,2017-02-24,6:00:00 PM,02 - Rain,07 - Dark,02 - Wet,10 - No control,,03 - P.D. only,03 - Rear end,0
17-13106,HIGHWAY 417 btwn HWY417 IC138 RAMP61 & HWY417 IC134 RAMP36,355802.97919,5021934.06706,-75.84926484880,45.33550089880,2017-02-25,1:12:00 AM,01 - Clear,07 - Dark,02 - Wet,10 - No control,,03 - P.D. only,07 - SMV other,0
17-13107,HIGHWAY 417 btwn HWY417 IC115 RAMP51 & HWY417 IC115 RAMP35,372187.91696,5031465.85946,-75.63893326430,45.41988202460,2017-02-26,12:05:00 AM,01 - Clear,07 - Dark,01 - Dry,10 - No control,,03 - P.D. only,03 - Rear end,0
17-13108,HIGHWAY 417 btwn HWY 417 ANDERSON IC104R61 & HWY 417 BOUNDARY IC96R16,386370.54333,5024054.37863,-75.45896334940,45.35169021830,2017-02-28,6:15:00 AM,01 - Clear,03 - Dawn,01 - Dry,10 - No control,,03 - P.D. only,03 - Rear end,0
17-13109,HIGHWAY 417 btwn HWY417 IC121A RAMP16 & HWY417 IC121A RAMP61,367283.92915,5029765.58006,-75.70180443760,45.40503859210,2017-02-28,3:40:00 PM,01 - Clear,01 - Daylight,01 - Dry,10 - No control,,03 - P.D. only,03 - Rear end,0
17-13110,HIGHWAY 417 btwn HIGHWAY 417 & HWY417 IC129 RAMP51,360027.98131,5023214.06029,-75.79522008430,45.34669845750,2017-03-01,8:30:00 AM,02 - Rain,01 - Daylight,02 - Wet,10 - No control,,03 - P.D. only,04 - Sideswipe,0
17-13111,HIGHWAY 417 btwn HWY417 IC138 RAMP61 & HWY417 IC134 RAMP36,355704.89266,5021866.16426,-75.85052321530,45.33489702440,2017-03-02,6:05:00 AM,03 - Snow,03 - Dawn,02 - Wet,10 - No control,,03 - P.D. only,03 - Rear end,0
17-13112,HIGHWAY 417 btwn HWY 417 ANDERSON IC104R61 & HWY 417 BOUNDARY IC96R16,384906.06106,5025054.57619,-75.47748857900,45.36085803500,2017-03-02,6:30:00 AM,03 - Snow,01 - Daylight,02 - Wet,10 - No control,,03 - P.D. only,03 - Rear end,0
17-13113,HIGHWAY 7 btwn TO BE DETERMINED & RAMP,346152.39858,5011692.86022,-75.97324223130,45.24398169740,2017-03-02,7:25:00 AM,03 - Snow,01 - Daylight,05 - Packed snow,10 - No control,,03 - P.D. only,04 - Sideswipe,0
17-13114,HIGHWAY 417 btwn HWY417 IC180 RAMP35 & HWY417 IC169 RAMP51,318293.30536,5030972.63649,-76.32758986800,45.41855924700,2017-03-02,8:37:00 AM,03 - Snow,01 - Daylight,05 - Packed snow,10 - No control,,03 - P.D. only,07 - SMV other,0