COLLISION_ID,LOCATION,X,Y,LONGITUDE,LATITUDE,DATE,TIME,ENVIRONMENT,LIGHT,SURFACE_CONDITION,TRAFFIC_CONTROL,TRAFFIC_CONTROL_CONDITION,COLLISION_CLASSIFICATION,IMPACT_TYPE,NO_OF_PEDESTRIANS
17-13115,HWY417 IC129 RAMP51 btwn HIGHWAY 417 & ASHLEY ST,360198.30917,5023300.39240,-75.79303697770,45.34746184070,2017-03-20,8:45:00 AM,01 - Clear,01 - Daylight,01 - Dry,10 - No control,,03 - P.D. only,03 - Rear end,0
17-13116,HIGHWAY 417 btwn HWY417 IC134 RAMP25 & HWY417 IC131 RAMP53,357436.05365,5022633.64106,-75.82835582810,45.34167510990,2017-03-03,12:11:00 AM,01 - Clear,07 - Dark,01 - Dry,10 - No control,,03 - P.D. only,07 - SMV other,0
17-13117,HIGHWAY 7 btwn OVERPASS RD & RAMP,340506.60229,5005518.13433,-76.04560017250,45.18872685060,2017-03-03,1:40:00 PM,01 - Clear,01 - Daylight,01 - Dry,10 - No control,,03 - P.D. only,07 - SMV other,0
17-13118,HIGHWAY 417 btwn HWY417 IC138 RAMP61 & HWY417 IC134 RAMP36,354791.45937,5021319.64961,-75.86223184080,45.33004508020,2017-03-03,5:10:00 PM,01 - Clear,01 - Daylight,01 - Dry,10 - No control,,03 - P.D. only,03 - Rear end,0
17-13119,HWY417 IC104 RAMP16 btwn ANDERSON RD & HIGHWAY 417,380187.51525,5026066.20994,-75.53755516000,45.37048336310,2017-03-04,4:20:00 AM,01 - Clear,07 - Dark,01 - Dry,10 - No control,,03 - P.D. only,07 - SMV other,0
17-13120,HIGHWAY 417 btwn HWY417 IC119A RAMP75 & HWY417 IC118 RAMP57,368862.76713,5030649.89464,-75.68152283750,45.41285263830,2017-03-04,8:41:00 AM,01 - Clear,01 - Daylight,01 - Dry,10 - No control,,03 - P.D. only,03 - Rear end,0
17-13121,HIGHWAY 417 btwn HWY417 IC126 RAMP61 & HWY417 IC124 RAMP76,363575.74656,5026401.73614,-75.74957073700,45.37509246860,2017-03-06,5:23:00 PM,02 - Rain,01 - Daylight,02 - Wet,10 - No control,,03 - P.D. only,03 - Rear end,0
17-13122,HIGHWAY 417 btwn HWY417 IC110 RAMP64 & HWY417 IC104 RAMP16,378030.91547,5026427.13619,-75.56503043080,45.37395944000,2017-03-06,5:33:00 PM,04 - Freezing Rain,01 - Daylight,06 - Ice,10 - No control,,03 - P.D. only,07 - SMV other,0
17-13123,HIGHWAY 417 btwn HWY417 IC88 RAMP16 & HWY417 IC88 RAMP61,395601.18442,5022502.85843,-75.34146590040,45.33659706780,2017-03-06,6:50:00 PM,04 - Freezing Rain,07 - Dark,06 - Ice,10 - No control,,03 - P.D. only,07 - SMV other,0
17-13124,HIGHWAY 417 btwn HWY417 IC155 RAMP25 & RAMP,344347.62196,5015407.65343,-75.99593533600,45.27751284790,2017-03-06,7:30:00 PM,04 - Freezing Rain,07 - Dark,06 - Ice,10 - No control,,02 - Non-fatal injury,07 - SMV other,0
17-13125,HIGHWAY 417 btwn HWY417 IC140 RAMP36 & HWY417 IC140 RAMP16,350491.32980,5018335.50318,-75.91736319120,45.30348610010,2017-03-06,6:30:00 PM,04 - Freezing Rain,07 - Dark,06 - Ice,10 - No control,,03 - P.D. only,03 - Rear end,0
17-13126,HIGHWAY 417 btwn HWY417 IC142 RAMP51 & HWY417 IC142 RAMP35,348715.01958,5017009.62053,-75.94013027430,45.29166867370,2017-03-06,8:35:00 PM,04 - Freezing Rain,07 - Dark,06 - Ice,10 - No control,,03 - P.D. only,07 - SMV other,0
17-13127,HIGHWAY 417 btwn HWY417 IC117 RAMP25 & HWY417 IC115 RAMP51,371526.80521,5031397.39464,-75.64738911970,45.41932937310,2017-03-06,9:26:00 PM,02 - Rain,07 - Dark,04 - Slush,10 - No control,,03 - P.D. only,04 - Sideswipe,0
17-13128,HIGHWAY 417 btwn HWY417 IC163 RAMP15 & HWY417 IC155 RAMP51,335938.74111,5020234.91898,-76.10280684480,45.32137388490,2017-03-06,9:40:00 PM,04 - Freezing Rain,07 - Dark,06 - Ice,10 - No control,,03 - P.D. only,07 - SMV other,0
17-13129,HIGHWAY 417 btwn HWY417 IC140 RAMP51 & HWY417 IC140 RAMP35,350765.59743,5018436.17205,-75.91385669340,45.30437405280,2017-03-06,9:59:00 PM,04 - Freezing Rain,07 - Dark,06 - Ice,10 - No control,,03 - P.D. only,07 - SMV other,0
17-13130,HIGHWAY 417 btwn HWY417 IC134 RAMP61 & HWY417 IC131 RAMP66,357310.34386,5022652.58048,-75.82995778390,45.34185494890,2017-03-06,9:50:00 PM,04 - Freezing Rain,07 - Dark,06 - Ice,10 - No control,,03 - P.D. only,07 - SMV other,0
17-13131,HIGHWAY 417 btwn HWY417 IC110 RAMP66 & HWY417 IC110 RAMP56,375823.02977,5029231.58169,-75.59281226430,45.39941965210,2017-03-06,11:50:00 PM,04 - Freezing Rain,07 - Dark,02 - Wet,10 - No control,,03 - P.D. only,03 - Rear end,0
17-13132,HIGHWAY 416 btwn HIGHWAY 416 & HWY416 IC57 RAMP52,364587.43019,5008324.89866,-75.73883413670,45.21235214800,2017-03-07,8:29:00 AM,04 - Freezing Rain,01 - Daylight,02 - Wet,10 - No control,,03 - P.D. only,04 - Sideswipe,0
17-13133,HIGHWAY 416 btwn HWY416 IC49 RAMP43 & HWY416 IC42 RAMP34,369663.20701,4998858.29972,-75.67544986470,45.12672254190,2017-03-07,5:06:00 PM,01 - Clear,01 - Daylight,02 - Wet,10 - No control,,03 - P.D. only,07 - SMV other,0
17-13134,HIGHWAY 417 btwn HWY417 IC122 RAMP61 & HWY417 IC121B RAMP16,366074.81483,5029342.59403,-75.71730126000,45.40133955750,2017-03-07,6:10:00 PM,02 - Rain,05 - Dusk,02 - Wet,10 - No control,,03 - P.D. only,04 - Sideswipe,0
17-13135,HWY417 IC155 RAMP51 btwn HIGHWAY 417 & MARCH RD,339189.66539,5019324.36243,-76.06140375110,45.31302854880,2017-03-08,7:43:00 AM,01 - Clear,01 - Daylight,06 - Ice,10 - No control,,03 - P.D. only,07 - SMV other,0
17-13136,HIGHWAY 417 btwn HWY417 IC121B RAMP16 & HWY417 IC121A RAMP16,366881.48340,5029619.53219,-75.70696333730,45.40376030220,2017-03-08,3:14:00 PM,01 - Clear,01 - Daylight,01 - Dry,10 - No control,,03 - P.D. only,03 - Rear end,0
17-13137,HIGHWAY 416 btwn HWY416 IC66 RAMP34 & HWY416 IC66 RAMP63,359902.29028,5015005.40130,-75.79773669460,45.27284635230,2017-03-29,9:30:00 PM,01 - Clear,07 - Dark,01 - Dry,10 - No control,,03 - P.D. only,07 - SMV other,0
17-13138,HIGHWAY 417 btwn HWY417 IC119B RAMP76 & HWY417 IC119A RAMP67,368292.73139,5030358.44789,-75.68884251760,45.41028224840,2017-03-13,12:13:00 AM,01 - Clear,07 - Dark,01 - Dry,10 - No control,,03 - P.D. only,03 - Rear end,0
17-13139,HIGHWAY 417 btwn HWY417 IC124 RAMP67 & HWY417 IC123 RAMP62,364709.20756,5027943.53806,-75.73491326610,45.38886933130,2017-03-13,8:00:00 PM,01 - Clear,07 - Dark,01 - Dry,10 - No control,,03 - P.D. only,04 - Sideswipe,0
17-13140,RAMP btwn HIGHWAY 417 & HWY417 IC96 RAMP16,387339.38282,5023906.62332,-75.44662537410,45.35024748350,2017-03-14,9:30:00 AM,03 - Snow,01 - Daylight,03 - Loose snow,10 - No control,,03 - P.D. only,07 - SMV other,0
17-13141,HIGHWAY 417 btwn HWY417 IC119A RAMP75 & HWY417 IC118 RAMP57,368928.05016,5030688.54272,-75.68068382640,45.41319440100,2017-03-04,8:41:00 AM,01 - Clear,01 - Daylight,01 - Dry,10 - No control,,02 - Non-fatal injury,07 - SMV other,0
17-13142,HIGHWAY 417 btwn HWY417 IC163 RAMP16 & HWY417 IC169 RAMP61,330986.45969,5021587.54577,-76.16590341220,45.33374777300,2017-03-14,12:00:00 PM,03 - Snow,01 - Daylight,03 - Loose snow,10 - No control,,02 - Non-fatal injury,07 - SMV other,0
17-13143,HIGHWAY 417 btwn HWY417 IC163 RAMP15 & HWY417 IC155 RAMP51,335936.29459,5020241.34307,-76.10283764670,45.32143180070,2017-03-14,12:25:00 PM,03 - Snow,01 - Daylight,03 - Loose snow,10 - No control,,02 - Non-fatal injury,07 - SMV other,0
17-13144,HIGHWAY 416 btwn HWY416 IC66 RAMP62 & HWY416 IC72 RAMP24,359628.01559,5015493.65025,-75.80117806550,45.27726111440,2017-03-14,2:50:00 PM,03 - Snow,01 - Daylight,03 - Loose snow,10 - No control,,03 - P.D. only,04 - Sideswipe,0
17-13145,HIGHWAY 417 btwn HWY417 IC180 RAMP61 & HWY417 IC169 RAMP36,324867.52396,5025573.13829,-76.24380840770,45.36981411620,2017-03-14,2:40:00 PM,03 - Snow,01 - Daylight,03 - Loose snow,10 - No control,,03 - P.D. only,04 - Sideswipe,0
17-13146,HIGHWAY 417 btwn Continuation of HIGHWAY 417 & HWY417 IC134 RAMP51,355694.52051,5021805.92711,-75.85066173650,45.33435575540,2017-03-14,4:30:00 PM,03 - Snow,01 - Daylight,03 - Loose snow,10 - No control,,03 - P.D. only,07 - SMV other,0
17-13147,HIGHWAY 417 btwn HWY417 IC96 RAMP61 & HIGHWAY 417,387518.86593,5023862.20675,-75.44434261550,45.34982671560,2017-03-14,5:10:00 PM,03 - Snow,01 - Daylight,03 - Loose snow,10 - No control,,03 - P.D. only,07 - SMV other,0
17-13148,HIGHWAY 417 btwn HWY417 IC118 RAMP35 & HWY417 IC117 RAMP51,369810.17981,5031135.70532,-75.66935571210,45.41713640750,2017-03-14,5:10:00 PM,03 - Snow,01 - Daylight,03 - Loose snow,10 - No control,,03 - P.D. only,04 - Sideswipe,0
17-13149,HIGHWAY 417 btwn HWY417 IC110 RAMP55 & HWY417 IC104 RAMP51,377881.04596,5026381.66248,-75.56695035030,45.37356593910,2017-03-14,10:25:00 PM,03 - Snow,07 - Dark,02 - Wet,10 - No control,,03 - P.D. only,07 - SMV other,0
17-13150,HIGHWAY 417 btwn HWY417 IC96 RAMP51 & HIGHWAY 417,387288.62505,5023850.08881,-75.44728246850,45.34974480580,2017-03-14,11:06:00 PM,03 - Snow,07 - Dark,03 - Loose snow,10 - No control,,03 - P.D. only,03 - Rear end,0
17-13151,HIGHWAY 417 btwn HWY 417 ANDERSON IC104R61 & HWY 417 BOUNDARY IC96R16,383299.12374,5025403.61941,-75.49794165480,45.36418024390,2017-03-15,8:00:00 AM,03 - Snow,01 - Daylight,03 - Loose snow,10 - No control,,03 - P.D. only,07 - SMV other,0
17-13152,HIGHWAY 417 btwn HWY417 IC138 RAMP61 & HWY417 IC134 RAMP36,355621.00588,5021822.31808,-75.85159792970,45.33450857180,2017-03-15,7:00:00 AM,05 - Drifting Snow,01 - Daylight,03 - Loose snow,10 - No control,,03 - P.D. only,04 - Sideswipe,0
17-13153,HIGHWAY 417 btwn HWY417 IC112 RAMP55 & HIGHWAY 417,375048.74274,5030630.93576,-75.60250175280,45.41208842870,2017-03-15,7:00:00 AM,03 - Snow,01 - Daylight,06 - Ice,10 - No control,,03 - P.D. only,04 - Sideswipe,0
17-13154,HIGHWAY 417 btwn HWY417 IC144 RAMP35 & HWY417 IC144 RAMP25,347494.23846,5015889.27544,-75.95578962510,45.28166262750,2017-03-15,6:30:00 AM,05 - Drifting Snow,03 - Dawn,03 - Loose snow,10 - No control,,03 - P.D. only,07 - SMV other,0
17-13155,HIGHWAY 417 btwn HWY417 IC124 RAMP65 & HWY417 IC122 RAMP51,365126.81261,5028669.66378,-75.72949183330,45.39536701260,2017-03-15,8:00:00 AM,03 - Snow,01 - Daylight,03 - Loose snow,10 - No control,,03 - P.D. only,03 - Rear end,0
17-13156,HIGHWAY 416 btwn HWY416 IC66 RAMP62 & HWY416 IC72 RAMP24,360288.32342,5017774.58539,-75.79250751020,45.29773335890,2017-03-15,8:45:00 AM,03 - Snow,01 - Daylight,03 - Loose snow,10 - No control,,03 - P.D. only,07 - SMV other,0
17-13157,HIGHWAY 417 btwn HWY417 IC121A RAMP51 & HWY417 IC120A RAMP52,367247.76095,5029726.19124,-75.70227140850,45.40468740970,2017-03-15,9:50:00 AM,03 - Snow,01 - Daylight,03 - Loose snow,10 - No control,,03 - P.D. only,07 - SMV other,0
17-13158,HIGHWAY 7 btwn HWY 7 HAZELDEAN RD IC RAMP 34 & HAZELDEAN RD IC RAMP 63,346372.27059,5012462.97616,-75.97037716780,45.25089859600,2017-03-15,11:20:00 AM,03 - Snow,01 - Daylight,03 - Loose snow,10 - No control,,03 - P.D. only,07 - SMV other,0
17-13159,HIGHWAY 417 btwn HWY417 IC118 RAMP35 & HWY417 IC117 RAMP51,370114.22724,5031094.86592,-75.66547668190,45.41674063460,2017-03-16,3:17:00 PM,01 - Clear,01 - Daylight,01 - Dry,10 - No control,,03 - P.D. only,03 - Rear end,0
17-13160,HIGHWAY 417 btwn HWY417 IC122 RAMP61 & HWY417 IC121B RAMP16,366377.87977,5029469.68600,-75.71341453200,45.40245650670,2017-03-16,3:30:00 PM,01 - Clear,01 - Daylight,01 - Dry,10 - No control,,03 - P.D. only,03 - Rear end,0
17-13161,HIGHWAY 417 btwn HWY417 IC124 RAMP65 & HWY417 IC122 RAMP51,364793.70564,5028057.65164,-75.73382038560,45.38988886930,2017-03-16,4:30:00 PM,01 - Clear,01 - Daylight,01 - Dry,10 - No control,,02 - Non-fatal injury,03 - Rear end,0
17-13162,HIGHWAY 417 btwn HWY417 IC124 RAMP55 & HWY417 IC124 RAMP65,364504.14506,5027597.06406,-75.73757375180,45.38576933310,2017-03-16,5:15:00 PM,01 - Clear,01 - Daylight,01 - Dry,10 - No control,,03 - P.D. only,03 - Rear end,0
17-13163,HIGHWAY 417 btwn HWY417 IC120A RAMP52 & HWY417 IC119B RAMP57,368036.44546,5030159.08251,-75.69214196840,45.40851162580,2017-03-17,2:15:00 PM,01 - Clear,01 - Daylight,01 - Dry,10 - No control,,03 - P.D. only,04 - Sideswipe,0
17-13164,HIGHWAY 417 btwn HWY417 IC129 RAMP25 & TRANSIT,361198.75178,5024103.71040,-75.78017925470,45.35461033030,2017-03-17,2:50:00 PM,01 - Clear,01 - Daylight,01 - Dry,10 - No control,,03 - P.D. only,04 - Sideswipe,0
17-13165,HIGHWAY 7 btwn RAMP & DWYER HILL RD,340846.96108,5007002.70287,-76.04116158250,45.20206861670,2017-03-17,8:14:00 PM,01 - Clear,07 - Dark,01 - Dry,10 - No control,,02 - Non-fatal injury,07 - SMV other,0
17-13166,HWY 417 CASTLEFR IC139R61 @ KANATA AVE,351619.22845,5019224.36064,-75.90289750310,45.31140999040,2017-03-17,9:15:00 PM,01 - Clear,07 - Dark,01 - Dry,01 - Traffic signal,01 - Functioning,03 - P.D. only,04 - Sideswipe,0
17-13167,HIGHWAY 417 btwn HWY417 IC127 RAMP63 & HWY417 IC127 RAMP67,362182.47458,5024894.92199,-75.76753311140,45.36164977960,2017-03-17,10:55:00 PM,01 - Clear,07 - Dark,01 - Dry,10 - No control,,03 - P.D. only,07 - SMV other,0
17-13168,HIGHWAY 417 btwn HWY417 IC120A RAMP52 & HWY417 IC119B RAMP57,367901.29602,5030071.87567,-75.69387951970,45.40773916400,2017-03-17,11:50:00 PM,01 - Clear,07 - Dark,01 - Dry,10 - No control,,03 - P.D. only,04 - Sideswipe,0
17-13169,HWY417 IC118 RAMP76 btwn HIGHWAY 417 & HWY417 IC118 RAMP43,369388.68066,5031078.35269,-75.67474821930,45.41665940560,2017-03-19,5:45:00 PM,01 - Clear,01 - Daylight,01 - Dry,10 - No control,,03 - P.D. only,07 - SMV other,0
17-13170,HIGHWAY 417 btwn Continuation of HIGHWAY 417 & HWY417 IC134 RAMP51,355754.06568,5021863.42592,-75.84989615760,45.33486881490,2017-03-20,6:40:00 AM,01 - Clear,01 - Daylight,01 - Dry,10 - No control,,03 - P.D. only,07 - SMV other,0
17-13171,HIGHWAY 417 btwn HWY417 IC124 RAMP76 & HWY417 IC124 RAMP67,364286.15441,5027340.52354,-75.74038817860,45.38347957250,2017-03-20,8:14:00 AM,01 - Clear,01 - Daylight,01 - Dry,10 - No control,,03 - P.D. only,03 - Rear end,0
17-13172,HIGHWAY 417 btwn HWY417 IC117 RAMP36 & HWY417 IC117 RAMP26,370586.51001,5031165.13619,-75.65943356930,45.41732865340,2017-03-20,8:35:00 AM,01 - Clear,01 - Daylight,01 - Dry,10 - No control,,03 - P.D. only,03 - Rear end,0
17-13173,HIGHWAY 417 btwn HWY417 IC117 RAMP61 & HWY417 IC115 RAMP36,371566.95197,5031421.67671,-75.64687290530,45.41954402280,2017-03-20,9:00:00 AM,01 - Clear,01 - Daylight,01 - Dry,10 - No control,,03 - P.D. only,04 - Sideswipe,0
17-13174,HIGHWAY 417 btwn HWY417 IC140 RAMP51 & HWY417 IC140 RAMP35,350785.73108,5018442.51886,-75.91359937750,45.30442984520,2017-03-15,7:20:00 AM,03 - Snow,01 - Daylight,03 - Loose snow,10 - No control,,03 - P.D. only,07 - SMV other,0
17-13175,HIGHWAY 417 btwn HWY417 IC110 RAMP64 & HWY417 IC104 RAMP16,378034.48224,5026420.92881,-75.56498581980,45.37390321660,2017-03-20,2:20:00 PM,01 - Clear,01 - Daylight,01 - Dry,10 - No control,,03 - P.D. only,04 - Sideswipe,0
17-13176,HIGHWAY 417 btwn HIGHWAY 417 & HIGHWAY 417 (1),375335.72685,5030288.08655,-75.59888475490,45.40897478940,2017-03-21,12:23:00 AM,02 - Rain,07 - Dark,02 - Wet,10 - No control,,02 - Non-fatal injury,03 - Rear end,0
17-13177,HIGHWAY 417 btwn HWY417 IC130 RAMP35 & HWY417 IC130 RAMP25,359320.46565,5023069.70961,-75.80426412960,45.34545494100,2017-03-21,8:59:00 AM,01 - Clear,01 - Daylight,01 - Dry,10 - No control,,03 - P.D. only,04 - Sideswipe,0
17-13178,HIGHWAY 417 btwn HWY417 IC120A RAMP52 & HWY417 IC119B RAMP57,368059.67063,5030173.78632,-75.69184340610,45.40864182710,2017-03-22,10:05:00 AM,01 - Clear,01 - Daylight,01 - Dry,10 - No control,,03 - P.D. only,03 - Rear end,0
17-13179,HIGHWAY 417 btwn HWY417 IC129 RAMP61 & TRANSIT,361377.76393,5024271.97868,-75.77787543700,45.35610997870,2017-03-21,4:30:00 PM,01 - Clear,01 - Daylight,01 - Dry,10 - No control,,03 - P.D. only,03 - Rear end,0
17-13180,HIGHWAY 417 btwn HWY417 IC127 RAMP67 & HWY417 IC126 RAMP16,362447.95274,5025111.87370,-75.76411935000,45.36358011050,2017-03-22,5:40:00 PM,01 - Clear,01 - Daylight,01 - Dry,10 - No control,,03 - P.D. only,03 - Rear end,0
17-13181,HIGHWAY 417 btwn HWY417 IC127 RAMP25 & HWY417 IC126 RAMP51,363108.35406,5025753.64831,-75.75561424730,45.36930010380,2017-03-23,5:00:00 AM,01 - Clear,07 - Dark,01 - Dry,10 - No control,,03 - P.D. only,07 - SMV other,0
17-13182,HIGHWAY 417 btwn HWY417 IC163 RAMP16 & HWY417 IC163 RAMP61,331580.92024,5021422.56923,-76.15832812500,45.33224078830,2017-03-23,6:15:00 AM,01 - Clear,03 - Dawn,01 - Dry,10 - No control,,03 - P.D. only,07 - SMV other,0
17-13183,HIGHWAY 417 btwn HWY417 IC138 RAMP61 & HWY417 IC134 RAMP36,354288.11410,5021041.79425,-75.86868067180,45.32758056860,2017-03-23,8:25:00 AM,01 - Clear,01 - Daylight,01 - Dry,10 - No control,,02 - Non-fatal injury,03 - Rear end,0
17-13184,HIGHWAY 417 btwn HWY417 IC124 RAMP65 & HWY417 IC122 RAMP51,364893.45552,5028247.23304,-75.73252350700,45.39158613280,2017-03-23,12:15:00 PM,01 - Clear,01 - Daylight,01 - Dry,10 - No control,,03 - P.D. only,03 - Rear end,0
17-13185,HIGHWAY 417 btwn HWY417 IC124 RAMP76 & HWY417 IC124 RAMP67,364413.66972,5027515.05541,-75.73873893120,45.38503913950,2017-03-23,3:58:00 PM,01 - Clear,01 - Daylight,01 - Dry,10 - No control,,03 - P.D. only,03 - Rear end,0
17-13186,HIGHWAY 417 btwn HWY417 IC119B RAMP57 & HWY417 IC119A RAMP75,368419.51350,5030421.06816,-75.68721488260,45.41083417170,2017-03-23,3:50:00 PM,01 - Clear,01 - Daylight,01 - Dry,10 - No control,,02 - Non-fatal injury,03 - Rear end,0
17-13187,HIGHWAY 417 btwn HWY417 IC119A RAMP75 & HWY417 IC118 RAMP57,368870.25857,5030651.04446,-75.68142698510,45.41286229880,2017-03-23,4:30:00 PM,01 - Clear,01 - Daylight,01 - Dry,10 - No control,,03 - P.D. only,04 - Sideswipe,0
17-13188,HIGHWAY 417 btwn HWY417 IC119B RAMP57 & HWY417 IC119A RAMP75,368579.00465,5030510.49751,-75.68516590350,45.41162430970,2017-03-23,4:30:00 PM,01 - Clear,01 - Daylight,01 - Dry,10 - No control,,03 - P.D. only,03 - Rear end,0
17-13189,HIGHWAY 417 btwn HWY417 IC122 RAMP15 & HWY417 IC121B RAMP51,366463.85775,5029473.89321,-75.71231584180,45.40248679380,2017-03-23,7:51:00 PM,01 - Clear,07 - Dark,01 - Dry,10 - No control,,03 - P.D. only,04 - Sideswipe,0
17-13190,HIGHWAY 417 btwn HIGHWAY 417 & HIGHWAY 417 (1),375365.17856,5030168.92327,-75.59852560370,45.40789965310,2017-03-23,11:30:00 PM,01 - Clear,07 - Dark,01 - Dry,10 - No control,,03 - P.D. only,04 - Sideswipe,0
17-13191,HIGHWAY 417 btwn HWY417 IC104 RAMP15 & HWY417 IC96 RAMP51,384853.57920,5024993.66292,-75.47816824170,45.36031597920,2017-03-24,2:00:00 AM,01 - Clear,07 - Dark,01 - Dry,10 - No control,,03 - P.D. only,07 - SMV other,0
17-13192,HWY 417 CTYRD 29 IC180R61 @ COUNTY RD 29,318385.39530,5031234.99151,-76.32640596450,45.42091827180,2017-03-24,6:34:00 AM,03 - Snow,01 - Daylight,03 - Loose snow,02 - Stop sign,01 - Functioning,03 - P.D. only,02 - Angle,0
17-13193,HIGHWAY 7 btwn HAZELDEAN IC RAMP 53 & HIGHWAY 7,342964.17780,5008969.09531,-76.01406201560,45.21965188660,2017-03-24,6:45:00 AM,03 - Snow,03 - Dawn,03 - Loose snow,10 - No control,,03 - P.D. only,99 - Other,0
17-13194,HIGHWAY 417 btwn HWY417 IC96 RAMP61 & HWY417 IC88 RAMP16,392446.87020,5022896.24390,-75.38163433430,45.34053745050,2017-03-24,8:13:00 AM,03 - Snow,01 - Daylight,03 - Loose snow,10 - No control,,03 - P.D. only,07 - SMV other,0
17-13195,HIGHWAY 417 btwn HWY417 IC142 RAMP35 & HWY417 IC142 RAMP25,348994.99007,5017264.57639,-75.93653840360,45.29394529860,2017-03-24,9:03:00 AM,03 - Snow,01 - Daylight,03 - Loose snow,10 - No control,,03 - P.D. only,07 - SMV other,0
17-13196,HIGHWAY 417 btwn HWY417 IC129 RAMP25 & TRANSIT,361346.18810,5024215.72362,-75.77828485400,45.35560634540,2017-03-24,9:16:00 AM,03 - Snow,01 - Daylight,03 - Loose snow,10 - No control,,03 - P.D. only,03 - Rear end,0
17-13197,HIGHWAY 417 btwn HWY417 IC123 RAMP62 & HWY417 IC122 RAMP16,365112.66286,5028688.35507,-75.72967025510,45.39553641190,2017-03-24,9:20:00 AM,03 - Snow,01 - Daylight,04 - Slush,10 - No control,,03 - P.D. only,07 - SMV other,0
17-13198,HIGHWAY 417 btwn HWY417 IC122 RAMP16 & HWY417 IC122 RAMP61,365307.39658,5028876.31545,-75.72716023590,45.39721083760,2017-03-24,10:20:00 AM,03 - Snow,01 - Daylight,04 - Slush,10 - No control,,03 - P.D. only,07 - SMV other,0
17-13199,HIGHWAY 417 btwn HWY417 IC155 RAMP61 & HWY417 IC145 RAMP56,344135.04754,5015706.98442,-75.99862093430,45.28021828500,2017-03-24,10:46:00 AM,03 - Snow,01 - Daylight,04 - Slush,10 - No control,,03 - P.D. only,07 - SMV other,0
17-13200,HWY417 IC126 RAMP52 btwn MAITLAND AVE & HWY417 IC126 RAMP51,363217.61887,5025824.91827,-75.75421102370,45.36993228360,2017-03-24,10:40:00 AM,03 - Snow,01 - Daylight,05 - Packed snow,10 - No control,,03 - P.D. only,03 - Rear end,0
17-13201,HIGHWAY 416 btwn HWY416 IC75B RAMP25 & HWY416 IC75A RAMP26,358669.93733,5022140.21756,-75.81266613060,45.33714159980,2017-03-24,12:45:00 PM,03 - Snow,01 - Daylight,03 - Loose snow,10 - No control,,03 - P.D. only,07 - SMV other,0
17-13202,HIGHWAY 416 btwn HWY416 IC66 RAMP62 & HWY416 IC72 RAMP24,360307.33749,5017954.62786,-75.79224493850,45.29935189130,2017-03-24,1:15:00 PM,03 - Snow,01 - Daylight,03 - Loose snow,10 - No control,,03 - P.D. only,07 - SMV other,0
17-13203,HIGHWAY 416 btwn HWY416 IC66 RAMP24 & HWY416 IC57 RAMP62,363854.34875,5009813.38241,-75.74798979330,45.22580749450,2017-03-24,4:45:00 PM,02 - Rain,01 - Daylight,02 - Wet,10 - No control,,03 - P.D. only,07 - SMV other,0
17-13204,HIGHWAY 417 btwn HWY417 IC163 RAMP61 & HWY417 IC155 RAMP36,336147.75285,5020243.00487,-76.10014032820,45.32143734360,2017-03-24,6:05:00 PM,03 - Snow,05 - Dusk,03 - Loose snow,10 - No control,,02 - Non-fatal injury,07 - SMV other,0
17-13205,HIGHWAY 417 btwn HWY417 IC144 RAMP25 & HWY417 IC142 RAMP51,348040.31064,5016400.35818,-75.94878479720,45.28622815730,2017-03-24,6:10:00 PM,03 - Snow,05 - Dusk,02 - Wet,10 - No control,,03 - P.D. only,04 - Sideswipe,0
17-13206,HIGHWAY 417 btwn HWY417 IC138 RAMP61 & HWY417 IC134 RAMP36,355805.84700,5021927.51507,-75.84922893690,45.33544173470,2017-03-24,6:11:00 PM,03 - Snow,05 - Dusk,02 - Wet,10 - No control,,03 - P.D. only,07 - SMV other,0
17-13207,HIGHWAY 417 btwn HWY417 IC144 RAMP25 & HWY417 IC142 RAMP51,348098.73075,5016426.49907,-75.94803782650,45.28645978590,2017-03-24,6:30:00 PM,03 - Snow,05 - Dusk,02 - Wet,10 - No control,,03 - P.D. only,07 - SMV other,0
17-13208,HWY417 IC110 RAMP64 btwn HIGHWAY 417 & WALKLEY EXTENSION RD,375886.17466,5028719.32990,-75.59207962490,45.39480427540,2017-03-24,6:37:00 PM,03 - Snow,07 - Dark,04 - Slush,10 - No control,,03 - P.D. only,07 - SMV other,0
17-13209,HIGHWAY 416 btwn HWY416 IC57 RAMP24 & HWY416 IC49 RAMP42,369045.51765,5001630.38739,-75.68294502680,45.15172245380,2017-03-24,7:20:00 PM,03 - Snow,07 - Dark,04 - Slush,10 - No control,,03 - P.D. only,04 - Sideswipe,0
17-13210,HIGHWAY 417 btwn RAMP & HWY417 IC145 RAMP55,345875.16797,5014759.88532,-75.97651998950,45.27159637800,2017-03-24,6:45:00 PM,03 - Snow,07 - Dark,03 - Loose snow,10 - No control,,03 - P.D. only,07 - SMV other,0
17-13211,HIGHWAY 417 btwn HWY417 IC155 RAMP25 & RAMP,344361.32495,5015379.64656,-75.99576291960,45.27726005950,2017-03-24,7:10:00 PM,03 - Snow,07 - Dark,03 - Loose snow,10 - No control,,03 - P.D. only,07 - SMV other,0
17-13212,HIGHWAY 417 btwn HWY417 IC145 RAMP55 & HWY417 IC144 RAMP51,346850.52992,5015298.36639,-75.96404447990,45.27638419790,2017-03-24,5:25:00 PM,03 - Snow,05 - Dusk,04 - Slush,10 - No control,,03 - P.D. only,07 - SMV other,0
17-13213,HIGHWAY 417 btwn HWY417 IC110 RAMP64 & HWY417 IC104 RAMP16,377049.60282,5027137.89452,-75.57745362310,45.38045632440,2017-03-24,8:37:00 PM,03 - Snow,07 - Dark,04 - Slush,10 - No control,,03 - P.D. only,04 - Sideswipe,0
17-13214,HIGHWAY 417 btwn HWY417 IC139 RAMP61 & HWY417 IC138 RAMP36,352100.43679,5019592.32683,-75.89672569160,45.31468878830,2017-03-24,8:35:00 PM,01 - Clear,07 - Dark,04 - Slush,10 - No control,,03 - P.D. only,07 - SMV other,0