COLLISION_ID,LOCATION,X,Y,LONGITUDE,LATITUDE,DATE,TIME,ENVIRONMENT,LIGHT,SURFACE_CONDITION,TRAFFIC_CONTROL,TRAFFIC_CONTROL_CONDITION,COLLISION_CLASSIFICATION,IMPACT_TYPE,NO_OF_PEDESTRIANS
17-13215,HIGHWAY 416 btwn HWY416 IC66 RAMP34 & HWY416 IC72 RAMP53,360218.82219,5017696.84804,-75.79340229120,45.29703935790,2017-03-24,10:16:00 PM,01 - Clear,07 - Dark,02 - Wet,10 - No control,,03 - P.D. only,07 - SMV other,0
17-13216,HIGHWAY 417 btwn HWY417 IC140 RAMP51 & HWY417 IC140 RAMP35,350787.78333,5018445.93787,-75.91357289250,45.30446047590,2017-03-24,10:25:00 PM,01 - Clear,07 - Dark,04 - Slush,10 - No control,,03 - P.D. only,07 - SMV other,0
17-13217,HIGHWAY 416 btwn HWY416 IC75B RAMP25 & HWY416 IC75A RAMP26,358871.77283,5021691.42936,-75.81014010560,45.33308785880,2017-03-24,11:55:00 PM,01 - Clear,07 - Dark,04 - Slush,10 - No control,,03 - P.D. only,07 - SMV other,0
17-13218,HWY416 IC75B RAMP25 btwn HWY416 IC75C RAMP24 & HWY417 IC131 RAMP55,358641.47904,5022847.97834,-75.81295218640,45.34351224310,2017-03-25,12:03:00 AM,01 - Clear,07 - Dark,02 - Wet,10 - No control,,03 - P.D. only,07 - SMV other,0
17-13219,HIGHWAY 417 btwn HWY417 IC112 RAMP56 & HWY417 IC112 RAMP64,374659.08974,5030759.92483,-75.60746106990,45.41328801010,2017-03-25,9:00:00 AM,01 - Clear,01 - Daylight,02 - Wet,10 - No control,,03 - P.D. only,07 - SMV other,0
17-13220,HIGHWAY 417 btwn HWY417 IC112 RAMP55 & HIGHWAY 417,375004.53043,5030641.39126,-75.60306505050,45.41218693850,2017-03-26,8:00:00 PM,02 - Rain,07 - Dark,02 - Wet,10 - No control,,03 - P.D. only,99 - Other,0
17-13221,HIGHWAY 417 btwn HWY417 IC96 RAMP61 & HWY417 IC88 RAMP16,392606.69508,5022856.41680,-75.37960244350,45.34015914250,2017-03-15,3:00:00 PM,01 - Clear,01 - Daylight,01 - Dry,10 - No control,,03 - P.D. only,99 - Other,0
17-13222,HIGHWAY 417 btwn HWY417 IC115 RAMP51 & HWY417 IC115 RAMP35,372392.00527,5031493.49241,-75.63632197930,45.42011096510,2017-03-28,12:44:00 PM,01 - Clear,01 - Daylight,01 - Dry,10 - No control,,03 - P.D. only,03 - Rear end,0
17-13223,HIGHWAY 417 btwn HWY417 IC122 RAMP51 & HWY417 IC122 RAMP15,365311.60000,5028863.10548,-75.72710817270,45.39709161370,2017-03-28,9:59:00 PM,01 - Clear,07 - Dark,01 - Dry,10 - No control,,03 - P.D. only,03 - Rear end,0
17-13224,HIGHWAY 417 btwn HWY417 IC117 RAMP36 & HWY417 IC117 RAMP26,370656.61736,5031173.66343,-75.65853675160,45.41739878250,2017-03-29,7:30:00 AM,01 - Clear,01 - Daylight,01 - Dry,10 - No control,,03 - P.D. only,03 - Rear end,0
17-13225,HIGHWAY 417 btwn HWY417 IC119A RAMP75 & HWY417 IC118 RAMP57,368695.73344,5030561.52221,-75.68366812730,45.41207276470,2017-03-29,3:25:00 PM,01 - Clear,01 - Daylight,01 - Dry,10 - No control,,03 - P.D. only,03 - Rear end,0
17-13226,HIGHWAY 416 btwn HWY416 IC66 RAMP62 & HWY416 IC72 RAMP24,360307.29610,5017829.39397,-75.79225948580,45.29822503170,2017-03-29,5:15:00 PM,01 - Clear,01 - Daylight,01 - Dry,10 - No control,,02 - Non-fatal injury,07 - SMV other,0
17-13227,HIGHWAY 417 btwn HWY417 IC127 RAMP25 & HWY417 IC126 RAMP51,363157.85067,5025818.81908,-75.75497471050,45.36988238310,2017-03-29,9:31:00 PM,01 - Clear,07 - Dark,01 - Dry,10 - No control,,03 - P.D. only,07 - SMV other,0
17-13228,HIGHWAY 417 btwn HWY417 IC142 RAMP16 & HWY417 IC142 RAMP61,349029.22481,5017350.17121,-75.93609431790,45.29471335430,2017-03-31,1:00:00 AM,01 - Clear,07 - Dark,01 - Dry,10 - No control,,03 - P.D. only,07 - SMV other,0
17-13229,HIGHWAY 417 btwn HIGHWAY 417 & HIGHWAY 417 (2),375396.59422,5030175.92686,-75.59812331460,45.40795949980,2017-03-31,11:00:00 AM,01 - Clear,01 - Daylight,01 - Dry,10 - No control,,03 - P.D. only,04 - Sideswipe,0
17-13230,HIGHWAY 417 btwn HWY417 IC121A RAMP61 & HWY417 IC120B RAMP36,367563.64188,5029892.84329,-75.69821542340,45.40615864410,2017-03-31,3:35:00 PM,03 - Snow,01 - Daylight,02 - Wet,10 - No control,,02 - Non-fatal injury,03 - Rear end,0
17-13231,HIGHWAY 417 btwn HWY 417 ANDERSON IC104R61 & HWY 417 BOUNDARY IC96R16,385154.97623,5024871.99409,-75.47434150410,45.35918681920,2017-03-31,7:30:00 PM,03 - Snow,07 - Dark,04 - Slush,10 - No control,,03 - P.D. only,04 - Sideswipe,0
17-13232,HIGHWAY 7 btwn HWY417 IC145 RAMP55 & RAMP,346213.08238,5013787.60595,-75.97229471530,45.26282758060,2017-03-31,8:00:00 PM,03 - Snow,07 - Dark,04 - Slush,10 - No control,,03 - P.D. only,07 - SMV other,0
17-13233,HIGHWAY 417 btwn HWY417 IC122 RAMP61 & HWY417 IC121B RAMP16,366538.67928,5029519.86824,-75.71135441920,45.40289387000,2017-03-31,9:00:00 PM,03 - Snow,07 - Dark,03 - Loose snow,10 - No control,,03 - P.D. only,07 - SMV other,0
17-13234,HIGHWAY 417 btwn HWY417 IC127 RAMP35 & HWY417 IC127 RAMP25,362144.94674,5024843.82472,-75.76801803140,45.36119308100,2017-03-31,9:00:00 PM,03 - Snow,07 - Dark,04 - Slush,10 - No control,,03 - P.D. only,07 - SMV other,0
17-13235,HIGHWAY 417 btwn HWY417 IC96 RAMP61 & HWY417 IC88 RAMP16,392437.04732,5022888.02081,-75.38176110610,45.34046469460,2017-03-31,7:15:00 PM,03 - Snow,07 - Dark,04 - Slush,10 - No control,,02 - Non-fatal injury,99 - Other,1
17-13236,HIGHWAY 417 btwn HWY417 IC119A RAMP75 & HWY417 IC118 RAMP57,368811.61341,5030623.98728,-75.68217968370,45.41262421430,2017-03-31,10:25:00 PM,03 - Snow,07 - Dark,04 - Slush,10 - No control,,03 - P.D. only,04 - Sideswipe,0
17-13237,HIGHWAY 416 btwn HWY416 IC66 RAMP62 & HWY416 IC72 RAMP24,359637.51299,5015494.68409,-75.80105690920,45.27726967590,2017-03-31,11:25:00 PM,03 - Snow,07 - Dark,04 - Slush,10 - No control,,03 - P.D. only,07 - SMV other,0
17-13238,HIGHWAY 416 btwn HWY416 IC72 RAMP62 & HWY416 IC72 RAMP24,359453.78596,5019662.40909,-75.80293914370,45.31478555140,2017-03-31,11:30:00 PM,03 - Snow,07 - Dark,04 - Slush,10 - No control,,03 - P.D. only,07 - SMV other,0
17-13239,HIGHWAY 417 btwn HWY417 IC122 RAMP15 & HWY417 IC121B RAMP51,366457.84997,5029478.47039,-75.71239200490,45.40252850740,2017-04-01,1:13:00 AM,03 - Snow,07 - Dark,02 - Wet,10 - No control,,03 - P.D. only,07 - SMV other,0
17-13240,HWY417 IC131 RAMP66 btwn HWY417 IC130 RAMP36 & HWY417 IC131 RAMP63,358556.95250,5022928.85563,-75.81402192550,45.34424646270,2017-04-01,7:35:00 AM,02 - Rain,01 - Daylight,02 - Wet,10 - No control,,03 - P.D. only,03 - Rear end,0
17-13241,HIGHWAY 417 btwn HWY417 IC129 RAMP61 & TRANSIT,361384.82482,5024273.36498,-75.77778516440,45.35612188280,2017-04-01,8:20:00 AM,02 - Rain,01 - Daylight,02 - Wet,10 - No control,,03 - P.D. only,03 - Rear end,0
17-13242,HIGHWAY 417 btwn HWY417 IC117 RAMP51 & HWY417 IC117 RAMP35,370655.79396,5031166.62500,-75.65854821180,45.41733553140,2017-04-01,9:15:00 AM,03 - Snow,01 - Daylight,02 - Wet,10 - No control,,03 - P.D. only,07 - SMV other,0
17-13243,HIGHWAY 417 btwn HWY417 IC118 RAMP67 & HWY417 IC117 RAMP36,370385.70675,5031143.76496,-75.66200183700,45.41715521510,2017-04-01,11:30:00 AM,02 - Rain,01 - Daylight,02 - Wet,10 - No control,,03 - P.D. only,03 - Rear end,0
17-13244,HWY417 IC138 RAMP35 btwn HIGHWAY 417 & EAGLESON RD,352886.36998,5020162.70916,-75.88664702690,45.31976782490,2017-04-02,12:10:00 AM,01 - Clear,07 - Dark,01 - Dry,10 - No control,,03 - P.D. only,07 - SMV other,0
17-13245,HIGHWAY 417 btwn HWY417 IC104 RAMP15 & HWY417 IC96 RAMP51,382735.40901,5025408.58165,-75.50513571810,45.36428779130,2017-04-02,2:15:00 AM,01 - Clear,07 - Dark,01 - Dry,10 - No control,,03 - P.D. only,07 - SMV other,0
17-13246,HIGHWAY 417 btwn HWY417 IC122 RAMP61 & HWY417 IC121B RAMP16,365814.53017,5029210.38717,-75.72064207180,45.40017272610,2017-04-02,6:35:00 AM,01 - Clear,03 - Dawn,01 - Dry,10 - No control,,02 - Non-fatal injury,07 - SMV other,0
17-13247,HWY417 IC129 RAMP51 btwn ASHLEY ST & HWY417 IC129 RAMP53,360461.57529,5023294.13326,-75.78967828260,45.34738467790,2017-04-02,10:44:00 AM,01 - Clear,01 - Daylight,01 - Dry,10 - No control,,03 - P.D. only,04 - Sideswipe,0
17-13248,HIGHWAY 417 btwn HWY417 IC134 RAMP61 & HWY417 IC131 RAMP66,357266.50290,5022643.19875,-75.83051816020,45.34177381200,2017-04-02,1:00:00 PM,01 - Clear,01 - Daylight,01 - Dry,10 - No control,,03 - P.D. only,07 - SMV other,0
17-13249,HIGHWAY 417 btwn HWY417 IC122 RAMP61 & HWY417 IC121B RAMP16,365808.37053,5029206.52487,-75.72072122210,45.40013851090,2017-04-02,1:45:00 PM,01 - Clear,01 - Daylight,01 - Dry,10 - No control,,02 - Non-fatal injury,03 - Rear end,0
17-13250,HIGHWAY 417 btwn HWY417 IC155 RAMP61 & HWY417 IC145 RAMP56,344392.00020,5015409.21727,-75.99536959920,45.27752442280,2017-04-03,7:30:00 PM,01 - Clear,05 - Dusk,01 - Dry,10 - No control,,02 - Non-fatal injury,07 - SMV other,0
17-13251,HIGHWAY 7 btwn TO BE DETERMINED & RAMP,345959.21861,5011505.89974,-75.97571837990,45.24231066250,2017-04-03,7:45:00 PM,01 - Clear,07 - Dark,01 - Dry,10 - No control,,03 - P.D. only,07 - SMV other,0
17-13252,HIGHWAY 417 btwn RAMP & HWY417 IC88 RAMP51,392196.13053,5022905.58365,-75.38483148920,45.34065276040,2017-04-03,9:52:00 PM,01 - Clear,07 - Dark,01 - Dry,10 - No control,,02 - Non-fatal injury,07 - SMV other,0
17-13253,CARLING AVE @ KIRKWOOD AVE S,364351.90693,5027334.98209,-75.73954929110,45.38342412520,2017-04-04,8:05:00 AM,02 - Rain,01 - Daylight,02 - Wet,01 - Traffic signal,00 - Unknown,02 - Non-fatal injury,03 - Rear end,0
17-13254,HIGHWAY 417 btwn HWY417 IC126 RAMP61 & HWY417 IC124 RAMP76,363673.72557,5026534.88049,-75.74830400880,45.37628225730,2017-04-04,4:25:00 PM,02 - Rain,01 - Daylight,02 - Wet,10 - No control,,03 - P.D. only,03 - Rear end,0
17-13255,HWY417 IC121B RAMP51 btwn HIGHWAY 417 & ROCHESTER ST,366613.78145,5029511.76645,-75.71039617610,45.40281434550,2017-04-05,4:15:00 PM,01 - Clear,01 - Daylight,01 - Dry,10 - No control,,03 - P.D. only,07 - SMV other,0
17-13256,HIGHWAY 417 btwn HWY417 IC123 RAMP62 & HWY417 IC122 RAMP16,365131.68849,5028711.66485,-75.72942442630,45.39574450940,2017-04-05,8:05:00 PM,01 - Clear,07 - Dark,01 - Dry,10 - No control,,03 - P.D. only,04 - Sideswipe,0
17-13257,HIGHWAY 417 btwn HWY417 IC129 RAMP25 & HWY417 IC129 RAMP35,360556.29267,5023604.56130,-75.78843464720,45.35017037950,2017-04-06,7:30:00 AM,02 - Rain,01 - Daylight,02 - Wet,10 - No control,,03 - P.D. only,03 - Rear end,0
17-13258,HIGHWAY 417 btwn HWY417 IC124 RAMP57 & HWY417 IC124 RAMP55,364376.88364,5027439.96897,-75.73921770730,45.38436665510,2017-04-06,9:10:00 AM,02 - Rain,01 - Daylight,02 - Wet,10 - No control,,03 - P.D. only,04 - Sideswipe,0
17-13259,HIGHWAY 417 btwn HWY417 IC118 RAMP35 & HWY417 IC117 RAMP51,369848.47792,5031133.55969,-75.66886670680,45.41711354280,2017-04-06,4:08:00 PM,02 - Rain,01 - Daylight,02 - Wet,10 - No control,,03 - P.D. only,03 - Rear end,0
17-13260,HIGHWAY 416 btwn HWY416 IC66 RAMP62 & HWY416 IC72 RAMP24,360307.05467,5017870.60567,-75.79225795010,45.29859587640,2017-04-06,9:54:00 PM,02 - Rain,07 - Dark,02 - Wet,10 - No control,,03 - P.D. only,07 - SMV other,0
17-13261,HIGHWAY 416 btwn HWY416 IC66 RAMP62 & HWY416 IC66 RAMP52,360000.13739,5014907.26641,-75.79650066490,45.27195564900,2017-04-07,2:46:00 AM,02 - Rain,07 - Dark,02 - Wet,10 - No control,,02 - Non-fatal injury,07 - SMV other,0
17-13262,HIGHWAY 417 btwn HWY417 IC163 RAMP16 & HWY417 IC163 RAMP61,331634.20732,5021423.68472,-76.15764823810,45.33224879050,2017-04-07,6:35:00 AM,03 - Snow,01 - Daylight,04 - Slush,10 - No control,,03 - P.D. only,07 - SMV other,0
17-13263,HIGHWAY 417 btwn HWY417 IC129 RAMP61 & TRANSIT,361346.72244,5024242.33174,-75.77827499160,45.35584572060,2017-04-08,10:30:00 AM,01 - Clear,01 - Daylight,01 - Dry,10 - No control,,03 - P.D. only,03 - Rear end,0
17-13264,HIGHWAY 417 btwn HWY 417 ANDERSON IC104R61 & HWY 417 BOUNDARY IC96R16,384606.81896,5025205.41700,-75.48128328000,45.36224931250,2017-04-09,5:35:00 AM,01 - Clear,03 - Dawn,01 - Dry,10 - No control,,03 - P.D. only,07 - SMV other,0
17-13265,HIGHWAY 417 btwn HWY417 IC155 RAMP61 & HWY417 IC145 RAMP56,344379.06517,5015419.20076,-75.99553366320,45.27761498700,2017-04-09,8:00:00 PM,01 - Clear,05 - Dusk,01 - Dry,10 - No control,,03 - P.D. only,07 - SMV other,0
17-13266,HWY 416 ACRES IC75R24 @ HOLLY ACRES RD,358756.55226,5022866.53093,-75.81148186860,45.34367033810,2017-04-10,3:25:00 PM,01 - Clear,01 - Daylight,01 - Dry,01 - Traffic signal,01 - Functioning,03 - P.D. only,03 - Rear end,0
17-13267,HIGHWAY 417 btwn HWY417 IC127 RAMP25 & HWY417 IC126 RAMP51,362736.82488,5025308.28015,-75.76040915320,45.36532354050,2017-04-10,3:30:00 PM,01 - Clear,01 - Daylight,01 - Dry,10 - No control,,03 - P.D. only,03 - Rear end,0
17-13268,HIGHWAY 417 btwn HWY 417 ANDERSON IC104R61 & HWY 417 BOUNDARY IC96R16,384585.57817,5025219.59164,-75.48155208270,45.36237926240,2017-04-10,9:20:00 PM,01 - Clear,07 - Dark,02 - Wet,10 - No control,,02 - Non-fatal injury,07 - SMV other,0
17-13269,HIGHWAY 416 btwn HWY416 IC66 RAMP34 & HWY416 IC72 RAMP53,360238.85336,5017746.41392,-75.79314136870,45.29748377510,2017-04-11,12:10:00 PM,01 - Clear,01 - Daylight,01 - Dry,10 - No control,,03 - P.D. only,07 - SMV other,0
17-13270,HIGHWAY 417 btwn HWY417 IC124 RAMP76 & HWY417 IC124 RAMP67,364459.91847,5027580.18470,-75.73814051870,45.38562122360,2017-04-11,3:30:00 PM,01 - Clear,01 - Daylight,01 - Dry,10 - No control,,03 - P.D. only,03 - Rear end,0
17-13271,HWY417 IC104 RAMP61 btwn ANDERSON RD & HIGHWAY 417,380156.75019,5026186.77980,-75.53792947780,45.37157148360,2017-04-11,7:40:00 PM,"07 - Fog, mist, smoke, dust",07 - Dark,01 - Dry,10 - No control,,03 - P.D. only,07 - SMV other,0
17-13272,HWY417 IC110 RAMP54 btwn HWY417 IC110 RAMP58 & HIGHWAY 417,375702.32212,5029336.17443,-75.59433885220,45.40037295610,2017-04-12,2:20:00 AM,01 - Clear,07 - Dark,02 - Wet,10 - No control,,03 - P.D. only,07 - SMV other,0
17-13273,HIGHWAY 417 btwn HWY417 IC117 RAMP36 & HWY417 IC117 RAMP26,370459.96330,5031147.40972,-75.66105266740,45.41718104430,2017-04-12,5:31:00 PM,01 - Clear,01 - Daylight,02 - Wet,10 - No control,,03 - P.D. only,04 - Sideswipe,0
17-13274,HWY416 IC75A RAMP26 btwn HIGHWAY 417 & HIGHWAY 416,357872.15899,5022786.94405,-75.82277499980,45.34302168140,2017-04-12,10:01:00 PM,01 - Clear,07 - Dark,01 - Dry,10 - No control,,03 - P.D. only,04 - Sideswipe,0
17-13275,HIGHWAY 417 btwn HWY417 IC122 RAMP15 & HWY417 IC121B RAMP51,366065.26287,5029317.19128,-75.71742641620,45.40111182640,2017-04-13,7:00:00 AM,01 - Clear,01 - Daylight,01 - Dry,10 - No control,,03 - P.D. only,03 - Rear end,0
17-13276,HIGHWAY 417 btwn HWY417 IC142 RAMP35 & HWY417 IC142 RAMP25,349024.15712,5017293.18823,-75.93616400730,45.29420092180,2017-04-13,7:50:00 AM,01 - Clear,01 - Daylight,01 - Dry,10 - No control,,03 - P.D. only,04 - Sideswipe,0
17-13277,HIGHWAY 417 btwn Continuation of HIGHWAY 417 & HWY417 IC134 RAMP51,355569.15755,5021738.62045,-75.85226798190,45.33375920390,2017-04-13,2:30:00 PM,01 - Clear,01 - Daylight,01 - Dry,10 - No control,,03 - P.D. only,04 - Sideswipe,0
17-13278,HIGHWAY 417 btwn HIGHWAY 417 & HWY417 IC115 RAMP61,372582.42907,5031535.63171,-75.63388326150,45.42047169160,2017-04-13,4:37:00 PM,01 - Clear,01 - Daylight,01 - Dry,10 - No control,,03 - P.D. only,04 - Sideswipe,0
17-13279,HIGHWAY 417 btwn HWY417 IC122 RAMP15 & HWY417 IC121B RAMP51,366563.08270,5029507.86099,-75.71104422550,45.40278367980,2017-04-13,5:05:00 PM,01 - Clear,01 - Daylight,01 - Dry,10 - No control,,02 - Non-fatal injury,03 - Rear end,0
17-13280,HIGHWAY 417 btwn HWY417 IC129 RAMP25 & TRANSIT,361534.29598,5024361.81070,-75.77586740570,45.35690563370,2017-04-13,6:18:00 PM,01 - Clear,01 - Daylight,01 - Dry,10 - No control,,03 - P.D. only,03 - Rear end,0
17-13281,HIGHWAY 417 btwn HWY417 IC127 RAMP67 & HWY417 IC126 RAMP16,363015.96561,5025657.21329,-75.75680497690,45.36844007320,2017-04-13,6:55:00 PM,01 - Clear,01 - Daylight,01 - Dry,10 - No control,,03 - P.D. only,03 - Rear end,0
17-13282,HIGHWAY 417 btwn RAMP & HWY417 IC129 RAMP76,360213.07000,5023362.74203,-75.79284163700,45.34802169570,2017-04-13,9:10:00 PM,01 - Clear,07 - Dark,01 - Dry,10 - No control,,03 - P.D. only,04 - Sideswipe,0
17-13283,HIGHWAY 416 btwn HWY416 IC57 RAMP34 & HWY416 IC57 RAMP43,364610.65700,5008212.09433,-75.73855200300,45.21133515230,2017-04-14,8:43:00 PM,01 - Clear,07 - Dark,01 - Dry,10 - No control,,03 - P.D. only,07 - SMV other,0
17-13284,HIGHWAY 416 btwn HIGHWAY 416 & HWY416 IC57 RAMP52,364669.92378,5008191.77429,-75.73779998810,45.21114727830,2017-04-14,8:43:00 PM,01 - Clear,07 - Dark,01 - Dry,10 - No control,,03 - P.D. only,07 - SMV other,0
17-13285,ROCKDALE RD S @ HIGHWAY 417,395261.91943,5022265.10261,-75.34583716370,45.33450183190,2017-04-15,11:45:00 AM,01 - Clear,01 - Daylight,01 - Dry,02 - Stop sign,01 - Functioning,03 - P.D. only,03 - Rear end,0
17-13286,HIGHWAY 417 btwn HWY417 IC117 RAMP61 & HWY417 IC115 RAMP36,371876.34313,5031457.13405,-75.64291522000,45.41983345870,2017-04-15,1:06:00 PM,01 - Clear,01 - Daylight,01 - Dry,10 - No control,,03 - P.D. only,03 - Rear end,0
17-13287,HIGHWAY 417 btwn HIGHWAY 417 & HIGHWAY 417 (2),375323.63803,5030414.49583,-75.59902109120,45.41011336990,2017-04-15,10:00:00 PM,02 - Rain,07 - Dark,02 - Wet,10 - No control,,03 - P.D. only,03 - Rear end,0
17-13288,HIGHWAY 417 btwn HWY417 IC118 RAMP35 & HWY417 IC117 RAMP51,370117.96535,5031095.38653,-75.66542885480,45.41674496980,2017-04-16,4:40:00 AM,02 - Rain,07 - Dark,02 - Wet,10 - No control,,03 - P.D. only,07 - SMV other,0
17-13289,ASHTON STATION RD @ HIGHWAY 7,339956.86023,5003795.44721,-76.05271733380,45.17325258580,2017-04-16,5:52:00 AM,01 - Clear,03 - Dawn,01 - Dry,02 - Stop sign,01 - Functioning,03 - P.D. only,07 - SMV other,0
17-13290,HIGHWAY 417 btwn HWY417 IC155 RAMP61 & HWY417 IC145 RAMP56,344941.09104,5014980.46541,-75.98840596250,45.27363519320,2017-04-17,12:45:00 PM,01 - Clear,01 - Daylight,01 - Dry,10 - No control,,03 - P.D. only,04 - Sideswipe,0
17-13291,HIGHWAY 417 btwn HWY417 IC138 RAMP61 & HWY417 IC134 RAMP36,355672.01983,5021847.28448,-75.85094454220,45.33472952580,2017-04-18,8:15:00 AM,01 - Clear,01 - Daylight,01 - Dry,10 - No control,,03 - P.D. only,03 - Rear end,0
17-13292,HIGHWAY 417 btwn HWY417 IC138 RAMP61 & HWY417 IC134 RAMP36,355585.04734,5021798.55569,-75.85205911800,45.33429735830,2017-04-18,8:45:00 AM,01 - Clear,01 - Daylight,01 - Dry,10 - No control,,02 - Non-fatal injury,03 - Rear end,0
17-13293,HIGHWAY 417 btwn HWY417 IC121A RAMP61 & HWY417 IC120B RAMP36,367547.51561,5029888.38934,-75.69842197810,45.40612001410,2017-04-18,3:55:00 PM,01 - Clear,01 - Daylight,01 - Dry,10 - No control,,03 - P.D. only,03 - Rear end,0
17-13294,HIGHWAY 417 btwn HWY417 IC124 RAMP65 & HWY417 IC122 RAMP51,364716.04495,5027912.90039,-75.73482967470,45.38859307430,2017-04-18,5:35:00 PM,01 - Clear,01 - Daylight,01 - Dry,10 - No control,,03 - P.D. only,03 - Rear end,0
17-13295,HIGHWAY 417 btwn HWY417 IC129 RAMP51 & HWY417 IC129 RAMP35,360147.42248,5023286.70447,-75.79368784820,45.34734269450,2017-04-19,7:35:00 AM,01 - Clear,01 - Daylight,01 - Dry,10 - No control,,03 - P.D. only,03 - Rear end,0
17-13296,HIGHWAY 417 btwn HWY417 IC115 RAMP51 & HWY417 IC115 RAMP35,372151.40182,5031463.31949,-75.63940014100,45.41986268700,2017-04-19,11:15:00 AM,02 - Rain,01 - Daylight,02 - Wet,10 - No control,,03 - P.D. only,04 - Sideswipe,0
17-13297,HIGHWAY 417 btwn HWY417 IC121A RAMP51 & HWY417 IC120A RAMP52,367694.75124,5029938.89311,-75.69653483710,45.40656121760,2017-04-19,2:45:00 PM,02 - Rain,01 - Daylight,02 - Wet,10 - No control,,02 - Non-fatal injury,04 - Sideswipe,0
17-13298,HIGHWAY 417 btwn HWY417 IC118 RAMP67 & HWY417 IC117 RAMP36,370020.54922,5031122.53548,-75.66666982100,45.41699833310,2017-04-19,11:30:00 PM,01 - Clear,07 - Dark,02 - Wet,10 - No control,,03 - P.D. only,04 - Sideswipe,0
17-13299,HIGHWAY 417 btwn HWY417 IC122 RAMP61 & HWY417 IC121B RAMP16,366457.13376,5029493.75722,-75.71239924140,45.40266611710,2017-04-20,4:30:00 PM,01 - Clear,01 - Daylight,01 - Dry,10 - No control,,03 - P.D. only,03 - Rear end,0
17-13300,HIGHWAY 417 btwn HWY417 IC163 RAMP61 & HWY417 IC155 RAMP36,336157.62483,5020223.37368,-76.10001565220,45.32126025140,2017-04-20,10:17:00 PM,02 - Rain,07 - Dark,02 - Wet,10 - No control,,03 - P.D. only,07 - SMV other,0
17-13301,HIGHWAY 417 btwn HWY417 IC122 RAMP61 & HWY417 IC121B RAMP16,365835.34052,5029222.82335,-75.72037474100,45.40028281010,2017-04-21,5:00:00 PM,01 - Clear,01 - Daylight,01 - Dry,10 - No control,,02 - Non-fatal injury,03 - Rear end,0
17-13302,HWY417 IC121A RAMP51 btwn HIGHWAY 417 & BRONSON AVE,367131.80145,5029672.61591,-75.70375934230,45.40421568980,2017-04-22,9:43:00 AM,01 - Clear,01 - Daylight,01 - Dry,10 - No control,,03 - P.D. only,03 - Rear end,0
17-13303,HWY417 IC127 RAMP63 btwn HIGHWAY 417 & WOODROFFE AVE,361981.94115,5024810.62286,-75.77010239340,45.36090764850,2017-04-24,6:14:00 AM,01 - Clear,01 - Daylight,01 - Dry,10 - No control,,03 - P.D. only,07 - SMV other,0
17-13304,HIGHWAY 417 btwn HWY417 IC122 RAMP15 & HWY417 IC121B RAMP51,365806.48324,5029183.87660,-75.72074812830,45.39993489140,2017-04-24,8:00:00 AM,01 - Clear,01 - Daylight,01 - Dry,10 - No control,,03 - P.D. only,03 - Rear end,0
17-13305,HIGHWAY 417 btwn HWY417 IC119B RAMP57 & HWY417 IC119A RAMP75,368580.42279,5030510.26726,-75.68514781760,45.41162210920,2017-04-24,3:33:00 PM,01 - Clear,01 - Daylight,01 - Dry,10 - No control,,03 - P.D. only,03 - Rear end,0
17-13306,HIGHWAY 417 btwn HWY417 IC131 RAMP66 & HWY417 IC130 RAMP26,359005.45031,5023057.04568,-75.80828513490,45.34536540570,2017-04-25,3:30:00 PM,02 - Rain,01 - Daylight,02 - Wet,10 - No control,,03 - P.D. only,07 - SMV other,0
17-13307,HIGHWAY 417 btwn HWY417 IC122 RAMP61 & HWY417 IC121B RAMP16,365744.25312,5029163.72590,-75.72154542580,45.39975900010,2017-04-25,5:50:00 PM,02 - Rain,01 - Daylight,02 - Wet,10 - No control,,03 - P.D. only,03 - Rear end,0
17-13308,HIGHWAY 417 btwn HWY417 IC127 RAMP16 & HWY417 IC127 RAMP63,362020.60567,5024778.40712,-75.76961263140,45.36061461850,2017-04-25,9:35:00 PM,02 - Rain,07 - Dark,02 - Wet,10 - No control,,02 - Non-fatal injury,04 - Sideswipe,0
17-13309,HWY417 IC115 RAMP51 btwn HIGHWAY 417 & ST. LAURENT BLVD,372243.64987,5031457.29757,-75.63822237550,45.41979961810,2017-04-26,6:45:00 AM,01 - Clear,01 - Daylight,02 - Wet,10 - No control,,02 - Non-fatal injury,03 - Rear end,0
17-13310,HIGHWAY 417 btwn HWY417 IC126 RAMP25 & HWY417 IC124 RAMP57,363351.94757,5026080.82119,-75.75246592830,45.37222365540,2017-04-26,8:27:00 AM,02 - Rain,01 - Daylight,02 - Wet,10 - No control,,03 - P.D. only,04 - Sideswipe,0
17-13311,HIGHWAY 417 btwn HWY417 IC129 RAMP25 & TRANSIT,361746.66436,5024535.22810,-75.77313706550,45.35844881600,2017-04-26,9:30:00 AM,01 - Clear,01 - Daylight,01 - Dry,10 - No control,,03 - P.D. only,03 - Rear end,0
17-13312,HWY 417 ST.LAURE IC115R51 @ ST. LAURENT BLVD,372530.05837,5031409.10626,-75.63456976500,45.41933834710,2017-04-26,9:35:00 AM,01 - Clear,01 - Daylight,01 - Dry,01 - Traffic signal,01 - Functioning,03 - P.D. only,03 - Rear end,0
17-13313,HIGHWAY 417 btwn HWY417 IC110 RAMP64 & HWY417 IC104 RAMP16,376967.44724,5027235.59569,-75.57848824030,45.38134385450,2017-04-26,11:13:00 AM,01 - Clear,01 - Daylight,01 - Dry,10 - No control,,03 - P.D. only,07 - SMV other,0
17-13314,HIGHWAY 417 btwn HWY417 IC121A RAMP16 & HWY417 IC121A RAMP61,367084.78137,5029691.42783,-75.70435755340,45.40438913930,2017-04-26,3:10:00 PM,01 - Clear,01 - Daylight,01 - Dry,10 - No control,,03 - P.D. only,03 - Rear end,0
17-13315,HIGHWAY 417 btwn HWY417 IC119B RAMP76 & HWY417 IC119A RAMP67,368186.50857,5030289.59902,-75.69020829360,45.40967239690,2017-04-26,3:35:00 PM,01 - Clear,01 - Daylight,01 - Dry,10 - No control,,03 - P.D. only,03 - Rear end,0