COLLISION_ID,LOCATION,X,Y,LONGITUDE,LATITUDE,DATE,TIME,ENVIRONMENT,LIGHT,SURFACE_CONDITION,TRAFFIC_CONTROL,TRAFFIC_CONTROL_CONDITION,COLLISION_CLASSIFICATION,IMPACT_TYPE,NO_OF_PEDESTRIANS
17-13316,HIGHWAY 417 btwn HWY417 IC96 RAMP61 & HIGHWAY 417,387575.78287,5023847.32593,-75.44361885610,45.34968611480,2017-04-26,6:40:00 PM,01 - Clear,01 - Daylight,01 - Dry,10 - No control,,03 - P.D. only,07 - SMV other,0
17-13317,HWY417 IC131 RAMP66 btwn HWY417 IC130 RAMP36 & HWY417 IC131 RAMP63,358457.76877,5022894.29927,-75.81529123970,45.34394311790,2017-04-27,8:35:00 AM,01 - Clear,01 - Daylight,01 - Dry,10 - No control,,02 - Non-fatal injury,04 - Sideswipe,0
17-13318,HWY417 IC131 RAMP55 btwn HIGHWAY 417 & HWY416 IC75B RAMP25,358416.28202,5022774.07236,-75.81583363180,45.34286448370,2017-03-28,4:55:00 AM,01 - Clear,07 - Dark,01 - Dry,10 - No control,,03 - P.D. only,07 - SMV other,0
17-13319,HIGHWAY 417 btwn HWY417 IC118 RAMP67 & HWY417 IC117 RAMP36,369819.27922,5031155.61499,-75.66923683300,45.41731470190,2017-04-28,9:03:00 AM,01 - Clear,01 - Daylight,01 - Dry,10 - No control,,03 - P.D. only,03 - Rear end,0
17-13320,HIGHWAY 417 btwn HWY417 IC138 RAMP61 & HWY417 IC134 RAMP36,355733.90683,5021890.46668,-75.85015055790,45.33511359470,2017-04-28,2:15:00 PM,01 - Clear,01 - Daylight,01 - Dry,10 - No control,,02 - Non-fatal injury,99 - Other,0
17-13321,HIGHWAY 417 btwn HWY417 IC121A RAMP16 & HWY417 IC121A RAMP61,367252.30070,5029754.86481,-75.70220979090,45.40494500150,2017-04-28,2:35:00 PM,01 - Clear,01 - Daylight,01 - Dry,10 - No control,,03 - P.D. only,03 - Rear end,0
17-13322,HIGHWAY 417 btwn HWY417 IC129 RAMP51 & HWY417 IC129 RAMP35,360277.06575,5023394.56508,-75.79202144230,45.34830298050,2017-04-28,3:50:00 PM,01 - Clear,01 - Daylight,01 - Dry,10 - No control,,02 - Non-fatal injury,03 - Rear end,0
17-13323,HIGHWAY 417 btwn HWY417 IC123 RAMP62 & HWY417 IC122 RAMP16,365130.26298,5028705.18654,-75.72944342390,45.39568634100,2017-04-29,12:55:00 PM,01 - Clear,01 - Daylight,00 - Unknown,10 - No control,,03 - P.D. only,03 - Rear end,0
17-13324,HIGHWAY 417 btwn HWY417 IC127 RAMP35 & HWY417 IC127 RAMP25,362166.37339,5024856.78251,-75.76774304770,45.36130792120,2017-04-29,2:16:00 PM,01 - Clear,01 - Daylight,01 - Dry,10 - No control,,03 - P.D. only,03 - Rear end,0
17-13325,HIGHWAY 417 btwn HWY417 IC121B RAMP16 & HWY417 IC121A RAMP16,366769.18009,5029584.79030,-75.70840214180,45.40345765480,2017-04-29,2:51:00 PM,01 - Clear,01 - Daylight,01 - Dry,10 - No control,,03 - P.D. only,03 - Rear end,0
17-13326,HIGHWAY 417 btwn HWY417 IC129 RAMP25 & TRANSIT,361179.34059,5024080.02045,-75.78042968290,45.35439873060,2017-04-29,3:23:00 PM,01 - Clear,01 - Daylight,01 - Dry,10 - No control,,02 - Non-fatal injury,03 - Rear end,0
17-13327,HIGHWAY 417 btwn HWY417 IC121A RAMP51 & HWY417 IC120A RAMP52,367182.78370,5029701.33391,-75.70310451430,45.40446954460,2017-04-28,5:00:00 PM,01 - Clear,01 - Daylight,01 - Dry,10 - No control,,03 - P.D. only,03 - Rear end,0
17-13328,HIGHWAY 417 btwn HIGHWAY 417 & HWY417 IC129 RAMP51,359858.04406,5023146.42747,-75.79739606570,45.34610325790,2017-04-29,4:52:00 PM,01 - Clear,01 - Daylight,01 - Dry,10 - No control,,03 - P.D. only,07 - SMV other,0
17-13329,HIGHWAY 417 btwn HWY417 IC140 RAMP25 & HWY417 IC139 RAMP15,351668.43268,5019158.30199,-75.90227626670,45.31081229690,2017-04-30,11:20:00 AM,01 - Clear,01 - Daylight,01 - Dry,10 - No control,,03 - P.D. only,07 - SMV other,0
17-13330,HIGHWAY 416 btwn HWY416 IC57 RAMP24 & HWY416 IC49 RAMP42,365794.47337,5006264.22020,-75.72372064780,45.19370655920,2017-04-30,11:59:00 AM,02 - Rain,01 - Daylight,02 - Wet,10 - No control,,03 - P.D. only,07 - SMV other,0
17-13331,HIGHWAY 417 btwn HWY417 IC144 RAMP35 & HWY417 IC144 RAMP25,347484.56453,5015897.24239,-75.95591224580,45.28173490500,2017-04-30,12:55:00 PM,01 - Clear,01 - Daylight,01 - Dry,10 - No control,,03 - P.D. only,07 - SMV other,0
17-13332,HIGHWAY 416 btwn HWY416 IC66 RAMP62 & HWY416 IC72 RAMP24,360310.10851,5017891.78137,-75.79221664500,45.29878617550,2017-05-01,1:40:00 AM,02 - Rain,07 - Dark,02 - Wet,10 - No control,,03 - P.D. only,07 - SMV other,0
17-13333,HIGHWAY 417 btwn HWY417 IC117 RAMP61 & HWY417 IC115 RAMP36,371564.22191,5031423.51733,-75.64690753630,45.41956084420,2017-05-01,6:30:00 AM,02 - Rain,01 - Daylight,02 - Wet,10 - No control,,03 - P.D. only,07 - SMV other,0
17-13334,HWY 417 WOODROFF IC127R62 @ WOODROFFE AVE,362048.14580,5025020.27035,-75.76923310980,45.36278863690,2017-05-01,1:00:00 PM,02 - Rain,01 - Daylight,02 - Wet,03 - Yield sign,00 - Unknown,03 - P.D. only,03 - Rear end,0
17-13335,HIGHWAY 417 btwn HWY417 IC122 RAMP61 & HWY417 IC121B RAMP16,365809.31124,5029210.00873,-75.72070877640,45.40016977530,2017-05-01,4:21:00 PM,02 - Rain,01 - Daylight,02 - Wet,10 - No control,,03 - P.D. only,03 - Rear end,0
17-13336,HIGHWAY 417 btwn HWY417 IC138 RAMP61 & HWY417 IC134 RAMP36,354404.05342,5021102.20668,-75.86719567300,45.32811598440,2017-05-01,4:20:00 PM,02 - Rain,01 - Daylight,02 - Wet,10 - No control,,03 - P.D. only,04 - Sideswipe,0
17-13337,HIGHWAY 417 btwn HWY417 IC144 RAMP35 & HWY417 IC144 RAMP25,347476.71874,5015878.58040,-75.95601385420,45.28156745370,2017-05-01,7:20:00 PM,02 - Rain,01 - Daylight,02 - Wet,10 - No control,,03 - P.D. only,07 - SMV other,0
17-13338,HIGHWAY 417 btwn HIGHWAY 417 & HIGHWAY 417 (2),375285.01185,5030475.67210,-75.59950575250,45.41066769260,2017-05-01,8:26:00 PM,02 - Rain,05 - Dusk,02 - Wet,10 - No control,,03 - P.D. only,07 - SMV other,0
17-13339,HIGHWAY 417 btwn HWY417 IC134 RAMP61 & HWY417 IC131 RAMP66,357417.21912,5022692.24986,-75.82858991040,45.34220388870,2017-05-02,7:50:00 AM,01 - Clear,01 - Daylight,01 - Dry,10 - No control,,03 - P.D. only,04 - Sideswipe,0
17-13340,HIGHWAY 417 btwn HWY417 IC119B RAMP57 & HWY417 IC119A RAMP75,368448.20295,5030441.36086,-75.68684577050,45.41101415010,2017-05-02,3:30:00 PM,02 - Rain,01 - Daylight,02 - Wet,10 - No control,,03 - P.D. only,03 - Rear end,0
17-13341,HIGHWAY 417 btwn HWY417 IC129 RAMP25 & TRANSIT,360888.51283,5023861.68937,-75.78416599850,45.35245751850,2017-05-02,7:40:00 AM,01 - Clear,01 - Daylight,01 - Dry,10 - No control,,03 - P.D. only,03 - Rear end,0
17-13342,HWY417 IC129 RAMP51 btwn HIGHWAY 417 & ASHLEY ST,360188.95309,5023298.65491,-75.79315656060,45.34744694560,2017-05-03,7:50:00 AM,01 - Clear,01 - Daylight,01 - Dry,10 - No control,,03 - P.D. only,04 - Sideswipe,0
17-13343,HIGHWAY 417 btwn HWY417 IC113 RAMP85 & HWY417 IC112 RAMP54,374124.34383,5031426.67117,-75.61419851120,45.41934023320,2017-05-03,4:15:00 PM,01 - Clear,01 - Daylight,01 - Dry,10 - No control,,03 - P.D. only,03 - Rear end,0
17-13344,HIGHWAY 417 btwn HWY417 IC124 RAMP65 & HWY417 IC122 RAMP51,364670.30381,5027838.42010,-75.73542280540,45.38792682630,2017-05-04,2:55:00 PM,01 - Clear,01 - Daylight,01 - Dry,10 - No control,,02 - Non-fatal injury,03 - Rear end,0
17-13345,HIGHWAY 416 btwn HWY416 IC66 RAMP24 & HWY416 IC57 RAMP62,363810.44013,5009877.52348,-75.74854128290,45.22638832220,2017-05-04,3:30:00 PM,01 - Clear,01 - Daylight,01 - Dry,10 - No control,,03 - P.D. only,07 - SMV other,0
17-13346,HIGHWAY 417 btwn HWY417 IC124 RAMP65 & HWY417 IC122 RAMP51,364958.05002,5028371.25436,-75.73168349960,45.39269650610,2017-05-04,4:40:00 PM,01 - Clear,01 - Daylight,01 - Dry,10 - No control,,03 - P.D. only,03 - Rear end,0
17-13347,HIGHWAY 416 btwn HWY416 IC66 RAMP62 & HWY416 IC72 RAMP24,360312.27490,5017864.20584,-75.79219211170,45.29853787720,2017-04-30,10:30:00 PM,02 - Rain,07 - Dark,02 - Wet,10 - No control,,03 - P.D. only,07 - SMV other,0
17-13348,HIGHWAY 417 btwn HWY417 IC127 RAMP25 & HWY417 IC126 RAMP51,362825.71576,5025367.27501,-75.75926758610,45.36584701650,2017-05-05,3:20:00 PM,02 - Rain,01 - Daylight,02 - Wet,10 - No control,,03 - P.D. only,03 - Rear end,0
17-13349,HIGHWAY 417 btwn HWY417 IC144 RAMP35 & HWY417 IC144 RAMP25,347814.49740,5016185.36832,-75.95168190470,45.28430745620,2017-05-05,3:45:00 PM,02 - Rain,01 - Daylight,02 - Wet,10 - No control,,02 - Non-fatal injury,04 - Sideswipe,0
17-13350,HIGHWAY 417 btwn HWY417 IC118 RAMP67 & HWY417 IC117 RAMP36,370093.04283,5031117.71105,-75.66574430020,45.41694816400,2017-05-05,5:50:00 PM,02 - Rain,01 - Daylight,02 - Wet,10 - No control,,03 - P.D. only,04 - Sideswipe,0
17-13351,HIGHWAY 416 btwn HWY416 IC49 RAMP42 & HWY416 IC49 RAMP24,369300.11815,5000819.32395,-75.67981210350,45.14440124080,2017-05-06,1:15:00 AM,02 - Rain,07 - Dark,02 - Wet,10 - No control,,02 - Non-fatal injury,07 - SMV other,0
17-13352,HIGHWAY 417 btwn HWY417 IC127 RAMP67 & HWY417 IC126 RAMP16,362928.09208,5025540.06450,-75.75794047390,45.36739327490,2017-05-06,4:35:00 AM,02 - Rain,07 - Dark,02 - Wet,10 - No control,,02 - Non-fatal injury,03 - Rear end,0
17-13353,HWY417 IC110 RAMP56 btwn HIGHWAY 417 & WALKLEY EXTENSION RD,375951.12145,5028965.68469,-75.59121469230,45.39701424810,2017-05-06,7:30:00 PM,02 - Rain,01 - Daylight,02 - Wet,10 - No control,,03 - P.D. only,07 - SMV other,0
17-13354,HIGHWAY 417 btwn HWY417 IC163 RAMP16 & HWY417 IC169 RAMP61,327487.47175,5023560.58916,-76.21045369540,45.35162419410,2017-05-06,9:05:00 PM,02 - Rain,07 - Dark,02 - Wet,10 - No control,,03 - P.D. only,04 - Sideswipe,0
17-13355,HIGHWAY 417 btwn HWY417 IC124 RAMP67 & HWY417 IC123 RAMP62,364733.60524,5027969.61927,-75.73459855040,45.38910191760,2017-05-07,3:00:00 AM,02 - Rain,07 - Dark,02 - Wet,10 - No control,,02 - Non-fatal injury,03 - Rear end,0
17-13356,HIGHWAY 417 btwn HWY417 IC96 RAMP61 & HIGHWAY 417,387481.95776,5023862.40636,-75.44481352260,45.34983286360,2017-05-07,11:30:00 PM,01 - Clear,07 - Dark,01 - Dry,10 - No control,,03 - P.D. only,07 - SMV other,0
17-13357,HIGHWAY 417 btwn HWY417 IC115 RAMP61 & REGIONAL ROAD 174,373118.21140,5031667.73614,-75.62701956930,45.42160818810,2017-05-08,8:10:00 AM,01 - Clear,01 - Daylight,01 - Dry,10 - No control,,02 - Non-fatal injury,03 - Rear end,0
17-13358,HIGHWAY 416 btwn HWY416 IC66 RAMP24 & HWY416 IC57 RAMP62,363805.40977,5009894.57976,-75.74860331290,45.22654221780,2017-05-08,12:54:00 PM,01 - Clear,01 - Daylight,01 - Dry,10 - No control,,02 - Non-fatal injury,07 - SMV other,0
17-13359,HIGHWAY 417 btwn HWY417 IC169 RAMP25 & HWY417 IC163 RAMP51,328519.02420,5022741.55503,-76.19732808610,45.34421994220,2017-05-09,7:37:00 AM,01 - Clear,01 - Daylight,01 - Dry,10 - No control,,03 - P.D. only,07 - SMV other,0
17-13360,HIGHWAY 417 btwn HWY417 IC115 RAMP25 & REGIONAL ROAD 174,372915.11153,5031560.98184,-75.62962926840,45.42066746850,2017-05-06,12:15:00 PM,01 - Clear,01 - Daylight,01 - Dry,10 - No control,,03 - P.D. only,04 - Sideswipe,0
17-13361,HIGHWAY 417 btwn HWY417 IC115 RAMP25 & REGIONAL ROAD 174,373042.11179,5031595.90691,-75.62800181760,45.42096933120,2017-05-09,3:40:00 PM,01 - Clear,01 - Daylight,01 - Dry,10 - No control,,03 - P.D. only,04 - Sideswipe,0
17-13362,HIGHWAY 417 btwn HWY417 IC126 RAMP61 & HWY417 IC124 RAMP76,363401.44583,5026185.80516,-75.75182158190,45.37316415010,2017-05-09,5:35:00 PM,01 - Clear,01 - Daylight,01 - Dry,10 - No control,,03 - P.D. only,03 - Rear end,0
17-13363,HIGHWAY 417 btwn HWY417 IC117 RAMP36 & HWY417 IC117 RAMP26,370695.70542,5031181.99515,-75.65803625640,45.41747006850,2017-05-09,7:20:00 PM,01 - Clear,01 - Daylight,01 - Dry,10 - No control,,03 - P.D. only,04 - Sideswipe,0
17-13364,HIGHWAY 417 btwn HWY417 IC112 RAMP66 & HWY417 IC113 RAMP65,374195.83242,5031318.73209,-75.61330036770,45.41836196580,2017-05-10,9:35:00 PM,01 - Clear,07 - Dark,01 - Dry,10 - No control,,03 - P.D. only,04 - Sideswipe,0
17-13365,HIGHWAY 417 btwn HWY417 IC124 RAMP65 & HWY417 IC122 RAMP51,365124.66289,5028662.31011,-75.72952018650,45.39530103080,2017-05-11,7:51:00 AM,01 - Clear,01 - Daylight,01 - Dry,10 - No control,,03 - P.D. only,03 - Rear end,0
17-13366,HIGHWAY 417 btwn HWY417 IC124 RAMP57 & HWY417 IC124 RAMP55,364119.24421,5027095.97365,-75.74254874540,45.38129330800,2017-05-11,7:50:00 AM,01 - Clear,01 - Daylight,01 - Dry,10 - No control,,03 - P.D. only,03 - Rear end,0
17-13367,HIGHWAY 417 btwn HWY417 IC124 RAMP57 & HWY417 IC124 RAMP55,364125.59422,5027101.26533,-75.74246703310,45.38134038330,2017-05-11,12:17:00 PM,01 - Clear,01 - Daylight,01 - Dry,10 - No control,,03 - P.D. only,99 - Other,0
17-13368,HIGHWAY 417 btwn RAMP & HWY417 IC129 RAMP76,359750.66478,5023147.36818,-75.79876614120,45.34612014290,2017-05-11,7:20:00 PM,01 - Clear,01 - Daylight,01 - Dry,10 - No control,,03 - P.D. only,04 - Sideswipe,0
17-13369,HIGHWAY 417 btwn HWY417 IC138 RAMP61 & HWY417 IC134 RAMP36,355393.14495,5021682.80831,-75.85451917860,45.33326971120,2017-05-12,8:35:00 AM,01 - Clear,01 - Daylight,01 - Dry,10 - No control,,03 - P.D. only,03 - Rear end,0
17-13370,HWY417 IC117 RAMP63 btwn VANIER PKWY & HWY417 IC117 RAMP62,370842.51418,5031414.62611,-75.65612947300,45.41954934340,2017-05-12,12:40:00 PM,01 - Clear,01 - Daylight,01 - Dry,10 - No control,,03 - P.D. only,04 - Sideswipe,0
17-13371,HWY 417 WOODROFF IC127R63 @ WOODROFFE AVE,362110.33655,5024872.06691,-75.76845650220,45.36145003230,2017-05-12,2:10:00 PM,01 - Clear,01 - Daylight,01 - Dry,10 - No control,,03 - P.D. only,03 - Rear end,0
17-13372,HIGHWAY 7 btwn ASHTON STATION RD & OVERPASS RD,340328.15046,5004036.40524,-76.04797659150,45.17540229040,2017-05-12,9:59:00 PM,01 - Clear,07 - Dark,01 - Dry,10 - No control,,03 - P.D. only,07 - SMV other,0
17-13373,HIGHWAY 417 btwn HWY417 IC129 RAMP25 & TRANSIT,361407.35094,5024255.92945,-75.77749967420,45.35596318080,2017-05-12,11:15:00 PM,01 - Clear,07 - Dark,01 - Dry,10 - No control,,03 - P.D. only,04 - Sideswipe,0
17-13374,HWY417 IC96 RAMP51 btwn HIGHWAY 417 & BOUNDARY RD,387099.50232,5023863.28700,-75.44969344380,45.34988577030,2017-05-13,7:50:00 AM,01 - Clear,01 - Daylight,01 - Dry,10 - No control,,03 - P.D. only,07 - SMV other,0
17-13375,HIGHWAY 417 btwn HWY417 IC110 RAMP55 & HWY417 IC104 RAMP51,377184.08449,5026791.40486,-75.57578746100,45.37732491860,2017-05-13,6:38:00 PM,02 - Rain,01 - Daylight,02 - Wet,10 - No control,,03 - P.D. only,07 - SMV other,0
17-13376,HIGHWAY 417 btwn HWY417 IC155 RAMP61 & HWY417 IC145 RAMP56,344786.23503,5015050.33721,-75.99037388010,45.27427275330,2017-05-12,8:42:00 PM,01 - Clear,07 - Dark,01 - Dry,10 - No control,,03 - P.D. only,03 - Rear end,0
17-13377,HWY417 IC126 RAMP25 btwn HWY417 IC126 RAMP55 & HIGHWAY 417,363309.94086,5025986.91117,-75.75301330710,45.37138217370,2017-05-14,12:00:00 PM,01 - Clear,01 - Daylight,01 - Dry,10 - No control,,03 - P.D. only,07 - SMV other,0
17-13378,HIGHWAY 417 btwn HWY417 IC113 RAMP62 & HWY417 IC113 RAMP65,373952.60448,5031795.07728,-75.61634096120,45.42267195860,2017-05-15,1:45:00 PM,01 - Clear,01 - Daylight,01 - Dry,10 - No control,,02 - Non-fatal injury,07 - SMV other,0
17-13379,HIGHWAY 417 btwn HWY417 IC129 RAMP61 & TRANSIT,361399.47604,5024285.72160,-75.77759676540,45.35623188430,2017-05-15,3:00:00 PM,01 - Clear,01 - Daylight,01 - Dry,10 - No control,,02 - Non-fatal injury,03 - Rear end,0
17-13380,HIGHWAY 417 btwn HIGHWAY 417 & HWY417 IC110 RAMP66,375502.18397,5029873.27416,-75.59681796540,45.40522573510,2017-05-15,6:22:00 PM,01 - Clear,01 - Daylight,01 - Dry,10 - No control,,02 - Non-fatal injury,03 - Rear end,0
17-13381,HIGHWAY 417 btwn HWY 417 ANDERSON IC104R61 & HWY 417 BOUNDARY IC96R16,384581.00879,5025210.03650,-75.48161194350,45.36229381300,2017-10-29,5:30:00 AM,02 - Rain,07 - Dark,02 - Wet,10 - No control,,03 - P.D. only,07 - SMV other,0
17-13382,HIGHWAY 417 btwn HWY417 IC127 RAMP25 & HWY417 IC126 RAMP51,362668.89297,5025253.38592,-75.76128269240,45.36483521870,2017-05-15,10:48:00 PM,01 - Clear,07 - Dark,01 - Dry,10 - No control,,03 - P.D. only,03 - Rear end,0
17-13383,HIGHWAY 417 btwn HWY417 IC129 RAMP25 & TRANSIT,361649.50426,5024450.74432,-75.77438682610,45.35769652100,2017-05-16,6:50:00 AM,01 - Clear,01 - Daylight,01 - Dry,10 - No control,,03 - P.D. only,03 - Rear end,0
17-13384,HIGHWAY 417 btwn HWY417 IC126 RAMP25 & HWY417 IC124 RAMP57,363532.81925,5026318.01494,-75.75012872780,45.37434275630,2017-05-16,7:23:00 AM,01 - Clear,01 - Daylight,01 - Dry,10 - No control,,02 - Non-fatal injury,03 - Rear end,0
17-13385,HWY 416 WESTHUNT IC72R34 @ WEST HUNT CLUB RD,359370.19542,5019360.72936,-75.80403841640,45.31207751910,2017-05-15,4:25:00 PM,01 - Clear,01 - Daylight,01 - Dry,01 - Traffic signal,01 - Functioning,03 - P.D. only,03 - Rear end,0
17-13386,HIGHWAY 417 btwn HWY417 IC121B RAMP51 & HWY417 IC121A RAMP51,366752.43444,5029566.01468,-75.70861839060,45.40329019920,2017-05-16,5:00:00 PM,01 - Clear,01 - Daylight,01 - Dry,10 - No control,,03 - P.D. only,03 - Rear end,0
17-13387,HIGHWAY 417 btwn HWY417 IC122 RAMP61 & HWY417 IC121B RAMP16,365694.14132,5029140.03467,-75.72218838070,45.39955019270,2017-05-16,5:20:00 PM,01 - Clear,01 - Daylight,01 - Dry,10 - No control,,03 - P.D. only,03 - Rear end,0
17-13388,HIGHWAY 417 btwn HWY417 IC129 RAMP61 & TRANSIT,361295.17002,5024209.14397,-75.77893671260,45.35555125500,2017-05-16,9:40:00 PM,01 - Clear,07 - Dark,01 - Dry,10 - No control,,03 - P.D. only,03 - Rear end,0
17-13389,HIGHWAY 417 btwn HWY417 IC115 RAMP61 & REGIONAL ROAD 174,372995.28009,5031619.39712,-75.62859691230,45.42118525120,2017-05-17,9:00:00 AM,01 - Clear,01 - Daylight,01 - Dry,10 - No control,,03 - P.D. only,04 - Sideswipe,0
17-13390,HIGHWAY 417 btwn HWY417 IC119A RAMP67 & HWY417 IC118 RAMP76,368710.07985,5030601.06675,-75.68347972770,45.41242726350,2017-05-17,11:15:00 AM,01 - Clear,01 - Daylight,01 - Dry,10 - No control,,03 - P.D. only,04 - Sideswipe,0
17-13391,HIGHWAY 417 btwn HWY417 IC115 RAMP36 & HWY417 IC115 RAMP26,372445.68649,5031522.98277,-75.63563208050,45.42037111780,2017-05-17,4:00:00 PM,01 - Clear,01 - Daylight,01 - Dry,10 - No control,,03 - P.D. only,03 - Rear end,0
17-13392,HIGHWAY 417 btwn HIGHWAY 417 & HIGHWAY 417 (2),375397.91323,5030247.74146,-75.59809618260,45.40860551600,2017-05-17,4:30:00 PM,01 - Clear,01 - Daylight,01 - Dry,10 - No control,,03 - P.D. only,03 - Rear end,0
17-13393,HIGHWAY 417 btwn HWY417 IC117 RAMP61 & HWY417 IC115 RAMP36,371773.83398,5031448.09142,-75.64422613780,45.41976191700,2017-05-17,4:57:00 PM,01 - Clear,01 - Daylight,01 - Dry,10 - No control,,02 - Non-fatal injury,03 - Rear end,0
17-13394,HIGHWAY 417 btwn HWY417 IC122 RAMP15 & HWY417 IC121B RAMP51,365815.77582,5029188.45704,-75.72062887590,45.39997529490,2017-05-18,7:45:00 AM,01 - Clear,01 - Daylight,01 - Dry,10 - No control,,02 - Non-fatal injury,04 - Sideswipe,0
17-13395,HIGHWAY 417 btwn HWY417 IC121A RAMP16 & HWY417 IC121A RAMP61,367429.20821,5029828.11499,-75.69994082230,45.40558827940,2017-05-18,8:15:00 AM,01 - Clear,01 - Daylight,01 - Dry,10 - No control,,03 - P.D. only,04 - Sideswipe,0
17-13396,HIGHWAY 417 btwn HWY417 IC122 RAMP15 & HWY417 IC121B RAMP51,365744.33817,5029148.66363,-75.72154620010,45.39962346570,2017-05-18,7:46:00 AM,01 - Clear,01 - Daylight,01 - Dry,10 - No control,,03 - P.D. only,03 - Rear end,0
17-13397,HIGHWAY 417 btwn HWY417 IC121B RAMP16 & HWY417 IC121A RAMP16,366853.47372,5029614.33123,-75.70732175680,45.40371598850,2017-05-18,8:30:00 AM,01 - Clear,01 - Daylight,01 - Dry,10 - No control,,03 - P.D. only,03 - Rear end,0
17-13398,HIGHWAY 417 btwn HWY417 IC121A RAMP16 & HWY417 IC121A RAMP61,366982.87287,5029656.66464,-75.70566361770,45.40408541000,2017-05-18,8:03:00 AM,01 - Clear,01 - Daylight,01 - Dry,10 - No control,,03 - P.D. only,03 - Rear end,0
17-13399,HIGHWAY 417 btwn HWY417 IC121A RAMP16 & HWY417 IC121A RAMP61,367305.61227,5029775.95669,-75.70152616040,45.40513002190,2017-05-18,8:50:00 AM,01 - Clear,01 - Daylight,01 - Dry,10 - No control,,03 - P.D. only,04 - Sideswipe,0
17-13400,HIGHWAY 417 btwn HWY417 IC130 RAMP26 & HIGHWAY 417,359439.42820,5023109.23710,-75.80274179510,45.34580135310,2017-05-18,12:58:00 PM,01 - Clear,01 - Daylight,01 - Dry,10 - No control,,03 - P.D. only,99 - Other,0
17-13401,HIGHWAY 417 btwn HWY417 IC130 RAMP26 & HIGHWAY 417,359487.68830,5023116.85712,-75.80212514740,45.34586615690,2017-05-18,1:38:00 PM,01 - Clear,01 - Daylight,01 - Dry,10 - No control,,02 - Non-fatal injury,04 - Sideswipe,0
17-13402,HIGHWAY 417 btwn HWY417 IC122 RAMP61 & HWY417 IC121B RAMP16,365768.69753,5029181.11925,-75.72123107100,45.39991337340,2017-05-18,3:05:00 PM,01 - Clear,01 - Daylight,01 - Dry,10 - No control,,03 - P.D. only,03 - Rear end,0
17-13403,HWY417 IC118 RAMP67 btwn HWY417 IC118 RAMP64 & HIGHWAY 417,369704.98573,5031159.99487,-75.67069645100,45.41736472210,2017-06-24,8:35:00 PM,01 - Clear,05 - Dusk,01 - Dry,10 - No control,,02 - Non-fatal injury,04 - Sideswipe,0
17-13404,HIGHWAY 417 btwn HWY417 IC119B RAMP76 & HWY417 IC119A RAMP67,368451.70489,5030454.21213,-75.68679937610,45.41112946240,2017-05-19,12:56:00 PM,01 - Clear,01 - Daylight,01 - Dry,10 - No control,,03 - P.D. only,03 - Rear end,0
17-13405,HIGHWAY 417 btwn HWY417 IC118 RAMP35 & HWY417 IC117 RAMP51,370146.41745,5031097.11564,-75.66506513160,45.41675787100,2017-05-19,3:41:00 PM,01 - Clear,01 - Daylight,01 - Dry,10 - No control,,03 - P.D. only,03 - Rear end,0
17-13406,HIGHWAY 417 btwn HWY417 IC127 RAMP67 & HWY417 IC126 RAMP16,363026.57154,5025678.01480,-75.75666713990,45.36862636170,2017-05-19,7:10:00 PM,01 - Clear,01 - Daylight,01 - Dry,10 - No control,,03 - P.D. only,03 - Rear end,0
17-13407,HIGHWAY 417 btwn HWY417 IC163 RAMP51 & HWY417 IC163 RAMP15,330963.28485,5021540.71694,-76.16620155540,45.33332724550,2017-05-19,7:40:00 PM,01 - Clear,01 - Daylight,01 - Dry,10 - No control,,03 - P.D. only,07 - SMV other,0
17-13408,HIGHWAY 417 btwn HWY417 IC96 RAMP61 & HWY417 IC88 RAMP16,392437.58141,5022898.03215,-75.38175251910,45.34055470020,2017-05-20,1:21:00 PM,01 - Clear,01 - Daylight,01 - Dry,10 - No control,,03 - P.D. only,07 - SMV other,0
17-13409,HIGHWAY 417 btwn HWY417 IC138 RAMP61 & HWY417 IC134 RAMP36,355492.71363,5021740.25551,-75.85324305320,45.33377944240,2017-05-20,1:30:00 PM,01 - Clear,01 - Daylight,01 - Dry,10 - No control,,03 - P.D. only,03 - Rear end,0
17-13410,HIGHWAY 417 btwn HWY417 IC121A RAMP16 & HWY417 IC121A RAMP61,367055.34592,5029680.84055,-75.70473487060,45.40429649710,2017-05-20,4:30:00 PM,01 - Clear,01 - Daylight,01 - Dry,10 - No control,,03 - P.D. only,03 - Rear end,0
17-13411,HIGHWAY 417 btwn HIGHWAY 417 & HWY417 IC129 RAMP51,359836.01648,5023142.02081,-75.79767763230,45.34606533510,2017-05-21,4:50:00 PM,99 - Other,01 - Daylight,01 - Dry,10 - No control,,03 - P.D. only,07 - SMV other,0
17-13412,HIGHWAY 417 btwn HWY417 IC126 RAMP51 & HWY417 IC126 RAMP25,363267.56334,5025960.15644,-75.75355745560,45.37114497430,2017-05-22,1:00:00 AM,02 - Rain,07 - Dark,02 - Wet,10 - No control,,02 - Non-fatal injury,07 - SMV other,0
17-13413,HIGHWAY 416 btwn HWY416 IC49 RAMP24 & HWY416 IC42 RAMP42,369696.10453,4998717.82585,-75.67504993030,45.12545552580,2017-05-22,10:00:00 AM,01 - Clear,01 - Daylight,01 - Dry,10 - No control,,02 - Non-fatal injury,07 - SMV other,0
17-13414,HWY417 IC131 RAMP66 btwn HWY417 IC130 RAMP36 & HWY417 IC131 RAMP63,358701.47382,5022985.64116,-75.81217167340,45.34474633090,2017-05-22,6:15:00 PM,01 - Clear,01 - Daylight,01 - Dry,10 - No control,,03 - P.D. only,04 - Sideswipe,0
17-13415,HIGHWAY 416 btwn HWY416 IC49 RAMP42 & HWY416 IC49 RAMP24,369295.20001,5000853.30690,-75.67987025130,45.14470747050,2017-05-22,10:00:00 PM,01 - Clear,07 - Dark,01 - Dry,10 - No control,,03 - P.D. only,07 - SMV other,0
17-13416,HWY417 IC104 RAMP16 btwn ANDERSON RD & HIGHWAY 417,380189.80253,5026090.25297,-75.53752229490,45.37069944170,2017-05-22,10:20:00 PM,01 - Clear,07 - Dark,01 - Dry,10 - No control,,03 - P.D. only,03 - Rear end,0