COLLISION_ID,LOCATION,X,Y,LONGITUDE,LATITUDE,DATE,TIME,ENVIRONMENT,LIGHT,SURFACE_CONDITION,TRAFFIC_CONTROL,TRAFFIC_CONTROL_CONDITION,COLLISION_CLASSIFICATION,IMPACT_TYPE,NO_OF_PEDESTRIANS
17-13417,HIGHWAY 417 btwn HWY417 IC96 RAMP61 & HWY417 IC88 RAMP16,392452.94706,5022900.74743,-75.38155601070,45.34057720920,2017-05-23,7:00:00 AM,01 - Clear,01 - Daylight,01 - Dry,10 - No control,,03 - P.D. only,04 - Sideswipe,0
17-13418,HIGHWAY 417 btwn HWY417 IC119A RAMP67 & HWY417 IC118 RAMP76,368681.67452,5030587.08502,-75.68384441240,45.41230405360,2017-05-23,9:20:00 AM,01 - Clear,01 - Daylight,01 - Dry,10 - No control,,03 - P.D. only,04 - Sideswipe,0
17-13419,HIGHWAY 417 btwn HWY417 IC129 RAMP25 & TRANSIT,361665.29854,5024469.05945,-75.77418314210,45.35786003920,2017-05-17,8:00:00 AM,01 - Clear,01 - Daylight,01 - Dry,10 - No control,,03 - P.D. only,03 - Rear end,0
17-13420,HIGHWAY 417 btwn HWY417 IC126 RAMP61 & HWY417 IC124 RAMP76,364100.31674,5027116.16808,-75.74278798500,45.38147661640,2017-05-23,9:18:00 PM,01 - Clear,07 - Dark,01 - Dry,10 - No control,,03 - P.D. only,03 - Rear end,0
17-13421,HIGHWAY 417 btwn HWY417 IC129 RAMP51 & HWY417 IC129 RAMP35,360303.85582,5023409.45400,-75.79167791310,45.34843483100,2017-05-24,8:02:00 AM,01 - Clear,01 - Daylight,01 - Dry,10 - No control,,03 - P.D. only,03 - Rear end,0
17-13422,HIGHWAY 417 btwn HWY417 IC124 RAMP65 & HWY417 IC122 RAMP51,364971.07195,5028390.81866,-75.73151481660,45.39287142290,2017-05-24,5:00:00 PM,01 - Clear,01 - Daylight,01 - Dry,10 - No control,,03 - P.D. only,03 - Rear end,0
17-13423,HIGHWAY 417 btwn HWY417 IC96 RAMP51 & HIGHWAY 417,387199.07974,5023863.25960,-75.44842285630,45.34987383170,2017-05-24,9:38:00 PM,01 - Clear,07 - Dark,01 - Dry,10 - No control,,03 - P.D. only,07 - SMV other,0
17-13424,HWY 417 MAITLAND IC126R52 @ MAITLAND AVE,363205.49325,5025833.84493,-75.75436475660,45.37001361470,2017-05-25,1:59:00 PM,01 - Clear,01 - Daylight,01 - Dry,03 - Yield sign,01 - Functioning,03 - P.D. only,03 - Rear end,0
17-13425,HIGHWAY 417 btwn HWY417 IC124 RAMP57 & HWY417 IC124 RAMP55,364120.57242,5027098.93679,-75.74253143100,45.38131985710,2017-05-25,4:45:00 PM,02 - Rain,01 - Daylight,02 - Wet,10 - No control,,03 - P.D. only,03 - Rear end,0
17-13426,HIGHWAY 416 btwn HIGHWAY 416 & HWY416 IC57 RAMP52,364680.96104,5008166.16226,-75.73766256560,45.21091588130,2017-05-25,9:20:00 PM,02 - Rain,07 - Dark,02 - Wet,10 - No control,,03 - P.D. only,07 - SMV other,0
17-13427,HIGHWAY 417 btwn HWY417 IC121A RAMP16 & HWY417 IC121A RAMP61,367282.39367,5029771.68360,-75.70182327740,45.40509364670,2017-05-26,7:40:00 AM,99 - Other,01 - Daylight,02 - Wet,10 - No control,,03 - P.D. only,03 - Rear end,0
17-13428,HIGHWAY 417 btwn HWY417 IC118 RAMP67 & HWY417 IC117 RAMP36,369841.44879,5031151.75302,-75.66895410770,45.41727789260,2017-05-26,3:05:00 PM,02 - Rain,01 - Daylight,02 - Wet,10 - No control,,02 - Non-fatal injury,03 - Rear end,0
17-13429,HIGHWAY 417 btwn HWY417 IC129 RAMP25 & TRANSIT,361466.84037,5024302.20599,-75.77673514410,45.35637476900,2017-05-26,3:32:00 PM,01 - Clear,01 - Daylight,02 - Wet,10 - No control,,03 - P.D. only,04 - Sideswipe,0
17-13430,HIGHWAY 417 btwn HWY417 IC124 RAMP65 & HWY417 IC122 RAMP51,364722.28022,5027934.41326,-75.73474744180,45.38878610980,2017-05-26,8:15:00 PM,01 - Clear,05 - Dusk,01 - Dry,10 - No control,,03 - P.D. only,99 - Other,0
17-13431,HIGHWAY 417 btwn HWY417 IC124 RAMP67 & HWY417 IC123 RAMP62,364650.31341,5027837.04640,-75.73567823770,45.38791617460,2017-05-26,9:20:00 PM,01 - Clear,07 - Dark,01 - Dry,10 - No control,,03 - P.D. only,03 - Rear end,0
17-13432,HWY416 IC75B RAMP25 btwn HWY416 IC75C RAMP24 & HWY417 IC131 RAMP55,358606.79465,5022808.89467,-75.81339899820,45.34316322880,2017-05-26,10:21:00 PM,01 - Clear,07 - Dark,01 - Dry,10 - No control,,03 - P.D. only,07 - SMV other,0
17-13433,HIGHWAY 417 btwn HWY417 IC118 RAMP67 & HWY417 IC117 RAMP36,369875.61186,5031149.00135,-75.66851800950,45.41724995820,2017-05-27,7:50:00 AM,01 - Clear,01 - Daylight,01 - Dry,10 - No control,,03 - P.D. only,04 - Sideswipe,0
17-13434,HIGHWAY 417 btwn HWY417 IC121A RAMP61 & HWY417 IC120B RAMP36,367658.61076,5029948.31978,-75.69699527450,45.40664928280,2017-05-27,3:25:00 PM,01 - Clear,01 - Daylight,01 - Dry,10 - No control,,03 - P.D. only,03 - Rear end,0
17-13435,HIGHWAY 417 btwn HWY417 IC118 RAMP35 & HWY417 IC117 RAMP51,370417.05627,5031132.59715,-75.66160281000,45.41705179250,2017-05-27,3:39:00 PM,01 - Clear,01 - Daylight,01 - Dry,10 - No control,,02 - Non-fatal injury,03 - Rear end,0
17-13436,HIGHWAY 417 btwn HWY417 IC163 RAMP16 & HWY417 IC163 RAMP61,331648.07679,5021413.88508,-76.15747182530,45.33216007790,2017-05-27,9:09:00 PM,01 - Clear,07 - Dark,01 - Dry,10 - No control,,03 - P.D. only,07 - SMV other,0
17-13437,HIGHWAY 417 btwn HWY417 IC144 RAMP16 & HWY417 IC144 RAMP61,347586.82034,5016036.69432,-75.95459685660,45.28298352850,2017-01-23,9:30:00 AM,01 - Clear,01 - Daylight,01 - Dry,10 - No control,,03 - P.D. only,07 - SMV other,0
17-13438,HIGHWAY 417 btwn HWY417 IC122 RAMP15 & HWY417 IC121B RAMP51,366532.88756,5029494.99591,-75.71143150850,45.40267058640,2017-05-29,8:35:00 AM,02 - Rain,01 - Daylight,02 - Wet,10 - No control,,03 - P.D. only,03 - Rear end,0
17-13439,HIGHWAY 416 btwn HWY416 IC66 RAMP62 & HWY416 IC72 RAMP24,360260.34502,5017691.16896,-75.79287354530,45.29698498150,2017-05-29,7:04:00 PM,01 - Clear,01 - Daylight,01 - Dry,10 - No control,,03 - P.D. only,03 - Rear end,0
17-13440,HIGHWAY 417 btwn HWY417 IC118 RAMP67 & HWY417 IC117 RAMP36,369967.80787,5031136.14346,-75.66734183120,45.41712568690,2017-05-30,5:00:00 AM,01 - Clear,03 - Dawn,01 - Dry,10 - No control,,02 - Non-fatal injury,07 - SMV other,0
17-13441,HIGHWAY 417 btwn HWY417 IC118 RAMP57 & HWY417 IC118 RAMP35,369270.15314,5030914.31635,-75.67628395270,45.41519439760,2017-05-30,2:14:00 PM,01 - Clear,01 - Daylight,01 - Dry,10 - No control,,03 - P.D. only,03 - Rear end,0
17-13442,HIGHWAY 417 btwn HWY417 IC119A RAMP75 & HWY417 IC118 RAMP57,368970.43254,5030709.42261,-75.68013967660,45.41337838590,2017-05-30,3:30:00 PM,01 - Clear,01 - Daylight,01 - Dry,10 - No control,,03 - P.D. only,03 - Rear end,0
17-13443,HIGHWAY 417 btwn HWY417 IC124 RAMP65 & HWY417 IC122 RAMP51,365104.54481,5028619.84509,-75.72978230680,45.39492067270,2017-05-30,3:10:00 PM,01 - Clear,01 - Daylight,01 - Dry,10 - No control,,03 - P.D. only,03 - Rear end,0
17-13444,HIGHWAY 417 btwn HWY417 IC117 RAMP61 & HWY417 IC115 RAMP36,371471.06754,5031410.62276,-75.64809944660,45.41945370840,2017-05-30,7:00:00 PM,01 - Clear,01 - Daylight,02 - Wet,10 - No control,,03 - P.D. only,04 - Sideswipe,0
17-13445,HIGHWAY 417 btwn HWY417 IC144 RAMP35 & HWY417 IC144 RAMP25,347538.50468,5015950.45850,-75.95522013390,45.28221048600,2017-05-31,12:50:00 PM,01 - Clear,01 - Daylight,01 - Dry,10 - No control,,03 - P.D. only,03 - Rear end,0
17-13446,HIGHWAY 417 btwn HWY417 IC96 RAMP61 & HWY417 IC88 RAMP16,392974.11555,5022757.75149,-75.37493271330,45.33922537490,2017-05-31,1:19:00 PM,01 - Clear,01 - Daylight,01 - Dry,10 - No control,,03 - P.D. only,04 - Sideswipe,0
17-13447,HIGHWAY 417 btwn HWY417 IC129 RAMP25 & TRANSIT,361410.74242,5024267.36118,-75.77745508160,45.35606576890,2017-05-31,3:56:00 PM,01 - Clear,01 - Daylight,01 - Dry,10 - No control,,02 - Non-fatal injury,03 - Rear end,0
17-13448,HIGHWAY 417 btwn HWY417 IC110 RAMP55 & HWY417 IC104 RAMP51,376894.19006,5027212.07374,-75.57942697930,45.38113975890,2017-05-31,4:08:00 PM,01 - Clear,01 - Daylight,01 - Dry,10 - No control,,03 - P.D. only,03 - Rear end,0
17-13449,HWY417 IC131 RAMP66 btwn HWY417 IC130 RAMP36 & HWY417 IC131 RAMP63,358457.51155,5022890.96600,-75.81529488300,45.34391314440,2017-05-31,5:00:00 PM,02 - Rain,01 - Daylight,02 - Wet,10 - No control,,03 - P.D. only,03 - Rear end,0
17-13450,HIGHWAY 417 btwn HWY417 IC104 RAMP51 & HWY417 IC104 RAMP15,379861.92269,5025943.20543,-75.54172998600,45.36941159280,2017-05-31,9:56:00 PM,01 - Clear,07 - Dark,02 - Wet,10 - No control,,02 - Non-fatal injury,07 - SMV other,0
17-13451,HIGHWAY 417 btwn HWY417 IC126 RAMP25 & HWY417 IC124 RAMP57,363488.18123,5026263.74437,-75.75070504460,45.37385817770,2017-06-01,8:20:00 AM,01 - Clear,01 - Daylight,01 - Dry,10 - No control,,03 - P.D. only,03 - Rear end,0
17-13452,HIGHWAY 417 btwn HWY417 IC119A RAMP75 & HWY417 IC118 RAMP57,368721.88815,5030576.35550,-75.68333208400,45.41220384120,2017-06-01,1:53:00 PM,01 - Clear,01 - Daylight,01 - Dry,10 - No control,,03 - P.D. only,04 - Sideswipe,0
17-13453,HIGHWAY 417 btwn HWY417 IC138 RAMP61 & HWY417 IC134 RAMP36,355568.89518,5021796.08711,-75.85226543450,45.33427631430,2017-06-01,3:35:00 PM,01 - Clear,01 - Daylight,01 - Dry,10 - No control,,03 - P.D. only,03 - Rear end,0
17-13454,HIGHWAY 417 btwn HWY417 IC142 RAMP51 & HWY417 IC142 RAMP35,348715.64398,5017019.29005,-75.94012145810,45.29175564500,2017-06-01,5:46:00 PM,01 - Clear,01 - Daylight,01 - Dry,10 - No control,,03 - P.D. only,07 - SMV other,0
17-13455,HIGHWAY 417 btwn HWY417 IC126 RAMP16 & HWY417 IC126 RAMP61,363099.56574,5025779.55591,-75.75572337630,45.36953394850,2017-06-01,6:10:00 PM,01 - Clear,01 - Daylight,01 - Dry,10 - No control,,03 - P.D. only,03 - Rear end,0
17-13456,HIGHWAY 417 btwn HWY417 IC123 RAMP62 & HWY417 IC122 RAMP16,365019.38625,5028518.95138,-75.73088217900,45.39402018120,2017-06-01,9:42:00 PM,01 - Clear,07 - Dark,01 - Dry,10 - No control,,03 - P.D. only,03 - Rear end,0
17-13457,HIGHWAY 417 btwn HWY417 IC120B RAMP36 & HWY417 IC119B RAMP76,367929.80874,5030113.33374,-75.69350999690,45.40810961900,2017-06-02,9:10:00 AM,01 - Clear,01 - Daylight,01 - Dry,10 - No control,,03 - P.D. only,03 - Rear end,0
17-13458,HIGHWAY 417 btwn HWY417 IC124 RAMP65 & HWY417 IC122 RAMP51,365104.89975,5028634.83912,-75.72977594020,45.39505555500,2017-06-02,10:30:00 AM,01 - Clear,01 - Daylight,01 - Dry,10 - No control,,02 - Non-fatal injury,04 - Sideswipe,0
17-13459,HIGHWAY 417 btwn HWY417 IC119A RAMP67 & HWY417 IC118 RAMP76,368683.34358,5030584.15190,-75.68382347020,45.41227751020,2017-06-02,3:30:00 PM,01 - Clear,01 - Daylight,01 - Dry,10 - No control,,03 - P.D. only,03 - Rear end,0
17-13460,HIGHWAY 417 btwn HWY417 IC127 RAMP25 & HWY417 IC126 RAMP51,362881.12531,5025430.48160,-75.75855288070,45.36641115350,2017-06-02,7:00:00 AM,01 - Clear,01 - Daylight,01 - Dry,10 - No control,,02 - Non-fatal injury,03 - Rear end,0
17-13461,HWY417 IC115 RAMP51 btwn HIGHWAY 417 & ST. LAURENT BLVD,372308.77750,5031439.92195,-75.63739266740,45.41963699920,2017-06-02,8:50:00 PM,01 - Clear,05 - Dusk,01 - Dry,10 - No control,,02 - Non-fatal injury,03 - Rear end,0
17-13462,HIGHWAY 417 btwn HWY417 IC163 RAMP16 & HWY417 IC163 RAMP61,331682.04888,5021391.37081,-76.15703963930,45.33195618150,2017-06-02,9:35:00 PM,01 - Clear,07 - Dark,01 - Dry,10 - No control,,03 - P.D. only,07 - SMV other,0
17-13463,HWY417 IC121A RAMP16 btwn HIGHWAY 417 & RAYMOND ST,367107.55265,5029711.79245,-75.70406412170,45.40457034860,2017-06-02,11:35:00 PM,01 - Clear,07 - Dark,01 - Dry,10 - No control,,02 - Non-fatal injury,03 - Rear end,0
17-13464,HIGHWAY 416 btwn HWY416 IC42 RAMP24 & END,372010.24752,4994304.25393,-75.64622831530,45.08552568550,2017-06-04,2:49:00 AM,01 - Clear,07 - Dark,01 - Dry,10 - No control,,03 - P.D. only,07 - SMV other,0
17-13465,HIGHWAY 417 btwn HWY417 IC96 RAMP61 & HWY417 IC88 RAMP16,392459.07436,5022888.83610,-75.38147995220,45.34046927800,2017-06-04,7:26:00 AM,01 - Clear,01 - Daylight,01 - Dry,10 - No control,,03 - P.D. only,07 - SMV other,0
17-13466,HIGHWAY 417 btwn HWY417 IC119A RAMP75 & HWY417 IC118 RAMP57,368922.75229,5030683.15919,-75.68075220710,45.41314644760,2017-06-04,3:20:00 PM,01 - Clear,01 - Daylight,01 - Dry,10 - No control,,03 - P.D. only,99 - Other,0
17-13467,HIGHWAY 417 btwn HWY417 IC142 RAMP35 & HWY417 IC142 RAMP25,349213.75220,5017468.78276,-75.93373115690,45.29576901980,2017-06-05,5:15:00 AM,01 - Clear,03 - Dawn,01 - Dry,10 - No control,,03 - P.D. only,07 - SMV other,0
17-13468,HIGHWAY 417 btwn HIGHWAY 417 & HIGHWAY 417 (2),375320.77108,5030439.74203,-75.59905410120,45.41034081050,2017-06-03,9:30:00 PM,01 - Clear,07 - Dark,01 - Dry,10 - No control,,03 - P.D. only,07 - SMV other,0
17-13469,HIGHWAY 417 btwn HWY417 IC117 RAMP61 & HWY417 IC115 RAMP36,371784.66068,5031445.16071,-75.64408821110,45.41973451130,2017-06-06,7:00:00 AM,01 - Clear,01 - Daylight,01 - Dry,10 - No control,,02 - Non-fatal injury,03 - Rear end,0
17-13470,HIGHWAY 417 btwn HWY417 IC124 RAMP76 & HWY417 IC124 RAMP67,364368.16334,5027454.28356,-75.73932732610,45.38449619700,2017-06-06,10:15:00 PM,01 - Clear,07 - Dark,01 - Dry,10 - No control,,03 - P.D. only,04 - Sideswipe,0
17-13471,HIGHWAY 417 btwn HWY417 IC122 RAMP15 & HWY417 IC121B RAMP51,365795.64620,5029176.40701,-75.72088746300,45.39986862590,2017-06-06,11:50:00 AM,01 - Clear,01 - Daylight,01 - Dry,10 - No control,,03 - P.D. only,03 - Rear end,0
17-13472,HIGHWAY 417 btwn HWY417 IC126 RAMP61 & HWY417 IC124 RAMP76,363673.47195,5026541.15173,-75.74830649880,45.37633870600,2017-06-07,8:41:00 AM,01 - Clear,01 - Daylight,01 - Dry,10 - No control,,03 - P.D. only,03 - Rear end,0
17-13473,HIGHWAY 417 btwn HWY417 IC110 RAMP55 & HWY417 IC104 RAMP51,377204.07902,5026775.57304,-75.57553452250,45.37718040590,2017-06-07,10:55:00 AM,01 - Clear,01 - Daylight,01 - Dry,10 - No control,,03 - P.D. only,07 - SMV other,0
17-13474,HIGHWAY 416 btwn HWY416 IC57 RAMP34 & HWY416 IC57 RAMP43,364609.74605,5008209.61757,-75.73856389600,45.21131294400,2017-06-07,9:33:00 PM,01 - Clear,07 - Dark,01 - Dry,10 - No control,,03 - P.D. only,07 - SMV other,0
17-13475,HIGHWAY 416 btwn HWY416 IC72 RAMP62 & HWY416 IC72 RAMP24,359453.74740,5019655.40963,-75.80294040810,45.31472257250,2017-06-07,10:45:00 PM,01 - Clear,07 - Dark,01 - Dry,10 - No control,,03 - P.D. only,04 - Sideswipe,0
17-13476,HIGHWAY 417 btwn HWY417 IC120A RAMP52 & HWY417 IC119B RAMP57,367885.12493,5030055.90493,-75.69408812890,45.40759692140,2017-06-08,6:50:00 AM,01 - Clear,01 - Daylight,01 - Dry,10 - No control,,03 - P.D. only,04 - Sideswipe,0
17-13477,HIGHWAY 417 btwn HWY417 IC126 RAMP16 & HWY417 IC126 RAMP61,363088.32534,5025763.29635,-75.75586878220,45.36938858230,2017-06-08,8:30:00 AM,01 - Clear,01 - Daylight,01 - Dry,10 - No control,,03 - P.D. only,03 - Rear end,0
17-13478,HIGHWAY 417 btwn HWY417 IC122 RAMP16 & HWY417 IC122 RAMP61,365352.52820,5028905.07096,-75.72658030870,45.39746567150,2017-06-08,2:59:00 PM,01 - Clear,01 - Daylight,01 - Dry,10 - No control,,02 - Non-fatal injury,03 - Rear end,0
17-13479,HWY417 IC118 RAMP76 btwn HIGHWAY 417 & HWY417 IC118 RAMP43,369383.51626,5031060.68861,-75.67481651310,45.41650094720,2017-06-08,4:10:00 AM,01 - Clear,07 - Dark,01 - Dry,10 - No control,,03 - P.D. only,07 - SMV other,0
17-13480,HIGHWAY 417 btwn HWY417 IC124 RAMP65 & HWY417 IC122 RAMP51,365129.91879,5028675.02383,-75.72945150840,45.39541497310,2017-06-08,3:14:00 PM,01 - Clear,01 - Daylight,01 - Dry,10 - No control,,03 - P.D. only,03 - Rear end,0
17-13481,HIGHWAY 417 btwn HWY417 IC121B RAMP16 & HWY417 IC121A RAMP16,366759.54371,5029586.25065,-75.70852504240,45.40347164800,2017-06-08,3:00:00 PM,01 - Clear,01 - Daylight,01 - Dry,10 - No control,,03 - P.D. only,03 - Rear end,0
17-13482,HIGHWAY 417 btwn HWY417 IC124 RAMP57 & HWY417 IC124 RAMP55,364115.39842,5027094.50566,-75.74259802470,45.38128042490,2017-06-09,6:48:00 AM,01 - Clear,01 - Daylight,01 - Dry,10 - No control,,03 - P.D. only,03 - Rear end,0
17-13483,HWY417 IC115 RAMP51 btwn HIGHWAY 417 & ST. LAURENT BLVD,372394.12165,5031400.02594,-75.63630776210,45.41926979230,2017-06-09,1:45:00 PM,01 - Clear,01 - Daylight,01 - Dry,10 - No control,,03 - P.D. only,04 - Sideswipe,0
17-13484,HIGHWAY 417 btwn HWY417 IC117 RAMP61 & HWY417 IC115 RAMP36,371246.03935,5031385.63258,-75.65097783230,45.41925026480,2017-06-09,1:50:00 PM,01 - Clear,01 - Daylight,01 - Dry,10 - No control,,03 - P.D. only,03 - Rear end,0
17-13485,HIGHWAY 417 btwn HWY417 IC129 RAMP61 & TRANSIT,361351.51730,5024252.45165,-75.77821263990,45.35593639310,2017-06-09,4:55:00 PM,01 - Clear,01 - Daylight,01 - Dry,10 - No control,,02 - Non-fatal injury,03 - Rear end,0
17-13486,HIGHWAY 417 btwn HIGHWAY 417 & HWY417 IC129 RAMP51,360011.66462,5023204.69955,-75.79542933550,45.34661551460,2017-06-09,5:00:00 PM,01 - Clear,01 - Daylight,01 - Dry,10 - No control,,03 - P.D. only,07 - SMV other,0
17-13487,HIGHWAY 417 btwn HWY417 IC121A RAMP16 & HWY417 IC121A RAMP61,367380.38869,5029808.88209,-75.70056684880,45.40541959380,2017-06-09,9:20:00 PM,01 - Clear,07 - Dark,01 - Dry,10 - No control,,03 - P.D. only,03 - Rear end,0
17-13488,HIGHWAY 417 btwn HWY417 IC142 RAMP16 & HWY417 IC142 RAMP61,349083.25043,5017396.08893,-75.93540144570,45.29512313380,2017-06-11,4:10:00 AM,01 - Clear,07 - Dark,01 - Dry,10 - No control,,03 - P.D. only,07 - SMV other,0
17-13489,RAMP btwn HIGHWAY 417 & HIGHWAY 7,345911.17214,5014581.67511,-75.97607591100,45.26999066360,2017-06-11,5:55:00 AM,01 - Clear,01 - Daylight,01 - Dry,10 - No control,,03 - P.D. only,07 - SMV other,0
17-13490,HWY417 IC104 RAMP61 btwn ANDERSON RD & HIGHWAY 417,380363.69521,5025899.93775,-75.53533168890,45.36896837900,2017-06-11,12:25:00 PM,01 - Clear,01 - Daylight,01 - Dry,10 - No control,,03 - P.D. only,07 - SMV other,0
17-13491,HIGHWAY 417 btwn HWY417 IC126 RAMP51 & HWY417 IC126 RAMP25,363254.43266,5025948.83285,-75.75372641670,45.37104418220,2017-06-11,4:10:00 PM,01 - Clear,01 - Daylight,01 - Dry,10 - No control,,03 - P.D. only,03 - Rear end,0
17-13492,HWY417 IC129 RAMP51 btwn HIGHWAY 417 & ASHLEY ST,360215.84575,5023311.24924,-75.79281198580,45.34755814470,2017-06-11,6:30:00 PM,01 - Clear,01 - Daylight,01 - Dry,10 - No control,,03 - P.D. only,04 - Sideswipe,0
17-13493,HIGHWAY 417 btwn HWY417 IC127 RAMP35 & HWY417 IC127 RAMP25,362186.88969,5024872.08236,-75.76747941100,45.36144390930,2017-06-12,12:59:00 PM,01 - Clear,01 - Daylight,01 - Dry,10 - No control,,02 - Non-fatal injury,04 - Sideswipe,0
17-13494,HIGHWAY 417 btwn HWY417 IC126 RAMP16 & HWY417 IC126 RAMP61,363122.88156,5025809.34423,-75.75542222410,45.36980004010,2017-06-12,4:10:00 PM,01 - Clear,01 - Daylight,01 - Dry,10 - No control,,03 - P.D. only,07 - SMV other,0
17-13495,HWY417 IC115 RAMP51 btwn HIGHWAY 417 & ST. LAURENT BLVD,372327.64830,5031431.56081,-75.63715271530,45.41955994780,2017-06-12,6:50:00 PM,01 - Clear,01 - Daylight,01 - Dry,10 - No control,,03 - P.D. only,03 - Rear end,0
17-13496,HIGHWAY 417 btwn HWY417 IC140 RAMP16 & HWY417 IC140 RAMP61,351096.69834,5018730.10666,-75.90960733600,45.30699720900,2017-06-13,10:05:00 AM,01 - Clear,01 - Daylight,01 - Dry,10 - No control,,03 - P.D. only,03 - Rear end,0
17-13497,HIGHWAY 417 btwn HWY417 IC124 RAMP76 & HWY417 IC124 RAMP67,364462.09924,5027579.59019,-75.73811274540,45.38561568870,2017-06-13,1:30:00 PM,01 - Clear,01 - Daylight,01 - Dry,10 - No control,,03 - P.D. only,07 - SMV other,0
17-13498,HIGHWAY 417 btwn HWY417 IC124 RAMP76 & HWY417 IC124 RAMP67,364332.98231,5027406.02318,-75.73978236060,45.38406494920,2017-06-13,1:30:00 PM,01 - Clear,01 - Daylight,01 - Dry,10 - No control,,03 - P.D. only,03 - Rear end,0
17-13499,HIGHWAY 417 btwn HWY417 IC115 RAMP25 & REGIONAL ROAD 174,373049.43308,5031594.91489,-75.62790841430,45.42095969140,2017-06-13,4:50:00 PM,01 - Clear,01 - Daylight,01 - Dry,10 - No control,,03 - P.D. only,03 - Rear end,0
17-13500,HIGHWAY 417 btwn RAMP & HWY417 IC88 RAMP51,392245.52147,5022883.96747,-75.38420520400,45.34045212550,2017-06-13,11:37:00 PM,01 - Clear,07 - Dark,01 - Dry,10 - No control,,03 - P.D. only,03 - Rear end,0
17-13501,HIGHWAY 7 btwn OVERPASS RD & RAMP,340527.20804,5005861.80592,-76.04531333110,45.19181838450,2017-06-14,3:55:00 PM,01 - Clear,01 - Daylight,01 - Dry,10 - No control,,03 - P.D. only,07 - SMV other,0
17-13502,HIGHWAY 417 btwn HWY417 IC129 RAMP25 & TRANSIT,361591.24582,5024413.66844,-75.77513462320,45.35736763570,2017-06-14,8:44:00 PM,01 - Clear,05 - Dusk,01 - Dry,10 - No control,,03 - P.D. only,04 - Sideswipe,0
17-13503,HWY 416 ROGERSTE IC49R42 @ ROGER STEVENS DR,369375.39125,5001080.25573,-75.67882131230,45.14674224490,2017-06-14,8:30:00 PM,01 - Clear,05 - Dusk,01 - Dry,10 - No control,,03 - P.D. only,07 - SMV other,0
17-13504,HIGHWAY 417 btwn HIGHWAY 417 & HWY417 IC129 RAMP51,359892.28229,5023156.07488,-75.79695810540,45.34618737680,2017-06-14,9:13:00 PM,01 - Clear,05 - Dusk,01 - Dry,10 - No control,,03 - P.D. only,03 - Rear end,0
17-13505,HIGHWAY 417 btwn HWY417 IC119B RAMP76 & HWY417 IC119A RAMP67,368236.19898,5030323.12255,-75.68956922590,45.40996952930,2017-06-14,10:10:00 PM,01 - Clear,07 - Dark,01 - Dry,10 - No control,,02 - Non-fatal injury,03 - Rear end,0
17-13506,HIGHWAY 417 btwn HWY417 IC140 RAMP61 & HWY417 IC139 RAMP61,351519.15554,5019096.30009,-75.90418577470,45.31026433520,2017-06-15,5:36:00 AM,01 - Clear,03 - Dawn,01 - Dry,10 - No control,,02 - Non-fatal injury,99 - Other,0
17-13507,HIGHWAY 417 btwn HWY417 IC122 RAMP61 & HWY417 IC121B RAMP16,365770.17154,5029185.30610,-75.72121172740,45.39995091690,2017-06-15,4:00:00 PM,01 - Clear,01 - Daylight,01 - Dry,10 - No control,,03 - P.D. only,03 - Rear end,0
17-13508,HIGHWAY 417 btwn HWY417 IC124 RAMP76 & HWY417 IC124 RAMP67,364456.77725,5027569.22787,-75.73818195270,45.38552290390,2017-06-15,5:45:00 PM,01 - Clear,01 - Daylight,01 - Dry,10 - No control,,03 - P.D. only,04 - Sideswipe,0
17-13509,HIGHWAY 417 btwn HWY417 IC126 RAMP61 & HWY417 IC124 RAMP76,363580.47550,5026413.52556,-75.74950896190,45.37519815210,2017-06-15,7:10:00 PM,01 - Clear,01 - Daylight,01 - Dry,10 - No control,,03 - P.D. only,99 - Other,0
17-13510,HIGHWAY 417 btwn HWY417 IC115 RAMP36 & HWY417 IC115 RAMP26,372232.87051,5031495.30843,-75.63835489400,45.42014266100,2017-06-16,3:50:00 PM,01 - Clear,01 - Daylight,01 - Dry,10 - No control,,03 - P.D. only,03 - Rear end,0
17-13511,HIGHWAY 416 btwn HWY416 IC42 RAMP24 & END,372319.86568,4994159.27987,-75.64231519780,45.08419172890,2017-11-17,11:23:00 AM,02 - Rain,01 - Daylight,06 - Ice,10 - No control,,03 - P.D. only,07 - SMV other,0
17-13512,HIGHWAY 417 btwn HWY417 IC126 RAMP25 & HWY417 IC124 RAMP57,363667.94452,5026500.59626,-75.74838190210,45.37597425880,2017-06-16,10:53:00 PM,01 - Clear,07 - Dark,01 - Dry,10 - No control,,03 - P.D. only,07 - SMV other,0
17-13513,HIGHWAY 417 btwn HWY417 IC126 RAMP61 & HWY417 IC124 RAMP76,363680.64454,5026542.92968,-75.74821471670,45.37635410150,2017-06-16,11:16:00 PM,01 - Clear,07 - Dark,01 - Dry,10 - No control,,03 - P.D. only,07 - SMV other,0
17-13514,HIGHWAY 417 btwn HWY417 IC130 RAMP26 & HIGHWAY 417,359421.90269,5023108.41948,-75.80296551310,45.34579536130,2017-06-17,10:30:00 AM,01 - Clear,01 - Daylight,01 - Dry,10 - No control,,03 - P.D. only,04 - Sideswipe,0
17-13515,HWY417 IC144 RAMP61 btwn HWY417 IC144 RAMP63 & HIGHWAY 417,347672.77053,5016133.31153,-75.95349295300,45.28384768870,2017-06-17,2:55:00 PM,01 - Clear,01 - Daylight,01 - Dry,10 - No control,,03 - P.D. only,07 - SMV other,0
17-13516,HIGHWAY 416 btwn HWY416 IC66 RAMP34 & HWY416 IC66 RAMP63,359891.25330,5015024.30297,-75.79787525020,45.27301729680,2017-06-17,3:10:00 PM,01 - Clear,01 - Daylight,01 - Dry,10 - No control,,03 - P.D. only,07 - SMV other,0
17-13517,HIGHWAY 417 btwn HWY417 IC127 RAMP25 & HWY417 IC126 RAMP51,362868.77425,5025414.61709,-75.75871240130,45.36626942980,2017-06-18,3:43:00 PM,01 - Clear,01 - Daylight,01 - Dry,10 - No control,,02 - Non-fatal injury,03 - Rear end,0