COLLISION_ID,LOCATION,X,Y,LONGITUDE,LATITUDE,DATE,TIME,ENVIRONMENT,LIGHT,SURFACE_CONDITION,TRAFFIC_CONTROL,TRAFFIC_CONTROL_CONDITION,COLLISION_CLASSIFICATION,IMPACT_TYPE,NO_OF_PEDESTRIANS
17-13518,HIGHWAY 417 btwn HWY417 IC119A RAMP75 & HWY417 IC118 RAMP57,368906.36633,5030671.58094,-75.68096304300,45.41304377140,2017-08-08,4:25:00 PM,01 - Clear,01 - Daylight,01 - Dry,10 - No control,,02 - Non-fatal injury,03 - Rear end,0
17-13519,HIGHWAY 416 btwn HWY416 IC72 RAMP34 & HWY416 IC72 RAMP63,359436.71939,5019641.77821,-75.80315907220,45.31460124150,2017-06-19,5:25:00 PM,01 - Clear,01 - Daylight,01 - Dry,10 - No control,,03 - P.D. only,04 - Sideswipe,0
17-13520,HIGHWAY 417 btwn HWY417 IC122 RAMP51 & HWY417 IC122 RAMP15,365246.76934,5028806.32821,-75.72794311240,45.39658634400,2017-06-19,5:55:00 PM,01 - Clear,01 - Daylight,01 - Dry,10 - No control,,03 - P.D. only,03 - Rear end,0
17-13521,HIGHWAY 416 btwn HWY416 IC42 RAMP34 & HWY416 IC42 RAMP43,371369.66325,4995337.52793,-75.65422754690,45.09488372900,2017-06-19,9:48:00 PM,01 - Clear,07 - Dark,01 - Dry,10 - No control,,03 - P.D. only,07 - SMV other,0
17-13522,HIGHWAY 417 btwn HWY417 IC129 RAMP25 & TRANSIT,361819.24415,5024581.98226,-75.77220534400,45.35886360820,2017-06-20,12:05:00 AM,01 - Clear,07 - Dark,01 - Dry,10 - No control,,02 - Non-fatal injury,03 - Rear end,0
17-13523,HIGHWAY 417 btwn Continuation of HIGHWAY 417 & HWY417 IC134 RAMP51,355730.32704,5021836.95643,-75.85020173520,45.33463236260,2017-06-20,3:30:00 AM,02 - Rain,07 - Dark,02 - Wet,10 - No control,,03 - P.D. only,07 - SMV other,0
17-13524,HIGHWAY 417 btwn HWY417 IC142 RAMP51 & HWY417 IC142 RAMP35,348743.19640,5017027.45681,-75.93976948720,45.29182740930,2017-06-20,5:22:00 AM,02 - Rain,03 - Dawn,02 - Wet,10 - No control,,03 - P.D. only,07 - SMV other,0
17-13525,HWY417 IC138 RAMP61 btwn HWY417 IC138 RAMP62 & HIGHWAY 417,353378.70567,5020528.43048,-75.88033166270,45.32302476000,2017-06-20,8:55:00 AM,01 - Clear,01 - Daylight,01 - Dry,10 - No control,,03 - P.D. only,03 - Rear end,0
17-13526,HIGHWAY 417 btwn HWY417 IC134 RAMP25 & HWY417 IC131 RAMP53,357276.55513,5022590.06794,-75.83039553690,45.34129498450,2017-06-20,9:25:00 AM,01 - Clear,01 - Daylight,01 - Dry,10 - No control,,03 - P.D. only,03 - Rear end,0
17-13527,HWY417 IC131 RAMP55 btwn HIGHWAY 417 & HWY416 IC75B RAMP25,358429.08244,5022774.21831,-75.81567028920,45.34286481800,2017-06-20,9:45:00 AM,01 - Clear,01 - Daylight,01 - Dry,10 - No control,,03 - P.D. only,03 - Rear end,0
17-13528,HIGHWAY 417 btwn HWY417 IC124 RAMP65 & HWY417 IC122 RAMP51,364960.81134,5028371.80742,-75.73164816910,45.39270124470,2017-06-21,4:15:00 PM,01 - Clear,01 - Daylight,01 - Dry,10 - No control,,03 - P.D. only,04 - Sideswipe,0
17-13529,HIGHWAY 417 btwn HWY417 IC122 RAMP15 & HWY417 IC121B RAMP51,366462.80101,5029482.63631,-75.71232824670,45.40256555500,2017-06-21,4:40:00 PM,01 - Clear,01 - Daylight,01 - Dry,10 - No control,,03 - P.D. only,03 - Rear end,0
17-13530,HIGHWAY 417 btwn HWY417 IC122 RAMP15 & HWY417 IC121B RAMP51,366540.69450,5029499.56968,-75.71133122100,45.40271105180,2017-06-21,5:20:00 PM,01 - Clear,01 - Daylight,01 - Dry,10 - No control,,03 - P.D. only,03 - Rear end,0
17-13531,HIGHWAY 417 btwn HWY417 IC124 RAMP65 & HWY417 IC122 RAMP51,364952.34465,5028363.34074,-75.73175732380,45.39262579040,2017-06-21,5:35:00 PM,01 - Clear,01 - Daylight,01 - Dry,10 - No control,,03 - P.D. only,04 - Sideswipe,0
17-13532,HIGHWAY 416 btwn HWY416 IC49 RAMP24 & HWY416 IC42 RAMP42,369698.83803,4998656.92299,-75.67502308530,45.12490726480,2017-06-22,12:05:00 AM,01 - Clear,07 - Dark,01 - Dry,10 - No control,,03 - P.D. only,07 - SMV other,0
17-13533,HIGHWAY 417 btwn RAMP & HWY417 IC145 RAMP55,345839.42359,5014751.29434,-75.97697622280,45.27152115950,2017-06-22,5:05:00 AM,01 - Clear,03 - Dawn,01 - Dry,10 - No control,,03 - P.D. only,07 - SMV other,0
17-13534,HIGHWAY 417 btwn HWY417 IC120B RAMP36 & HWY417 IC119B RAMP76,367729.64598,5029983.21091,-75.69608345210,45.40695683930,2017-06-22,10:40:00 AM,01 - Clear,01 - Daylight,01 - Dry,10 - No control,,03 - P.D. only,04 - Sideswipe,0
17-13535,HWY417 IC96 RAMP15 btwn BOUNDARY RD & RAMP,387294.90295,5023740.11126,-75.44722070910,45.34875458310,2017-06-22,1:30:00 PM,01 - Clear,01 - Daylight,01 - Dry,10 - No control,,03 - P.D. only,07 - SMV other,0
17-13536,HIGHWAY 417 btwn HWY417 IC138 RAMP61 & HWY417 IC134 RAMP36,353779.04908,5020740.36526,-75.87520423680,45.32490396770,2017-06-23,6:35:00 AM,02 - Rain,01 - Daylight,02 - Wet,10 - No control,,03 - P.D. only,04 - Sideswipe,0
17-13537,HIGHWAY 417 btwn HWY417 IC122 RAMP61 & HWY417 IC121B RAMP16,366472.30113,5029498.93778,-75.71220486660,45.40271139480,2017-06-23,12:54:00 PM,01 - Clear,01 - Daylight,01 - Dry,10 - No control,,02 - Non-fatal injury,03 - Rear end,0
17-13538,HIGHWAY 417 btwn HWY417 IC124 RAMP76 & HWY417 IC124 RAMP67,364447.91708,5027565.99391,-75.73829547830,45.38549455950,2017-06-23,3:35:00 PM,01 - Clear,01 - Daylight,01 - Dry,10 - No control,,03 - P.D. only,04 - Sideswipe,0
17-13539,HIGHWAY 417 btwn HWY417 IC117 RAMP51 & HWY417 IC117 RAMP35,370617.00734,5031162.85277,-75.65904424690,45.41730524020,2017-06-23,3:47:00 PM,01 - Clear,01 - Daylight,01 - Dry,10 - No control,,03 - P.D. only,03 - Rear end,0
17-13540,HIGHWAY 417 btwn HWY417 IC127 RAMP25 & HWY417 IC126 RAMP51,362888.40688,5025443.01533,-75.75845846020,45.36652332690,2017-06-23,4:10:00 PM,01 - Clear,01 - Daylight,01 - Dry,10 - No control,,03 - P.D. only,03 - Rear end,0
17-13541,HIGHWAY 417 btwn HWY417 IC129 RAMP25 & TRANSIT,361593.00429,5024410.50327,-75.77511254370,45.35733901390,2017-06-23,6:20:00 PM,01 - Clear,01 - Daylight,01 - Dry,10 - No control,,02 - Non-fatal injury,03 - Rear end,0
17-13542,HIGHWAY 417 btwn HWY417 IC140 RAMP36 & HWY417 IC140 RAMP16,350714.31092,5018462.78789,-75.91450818800,45.30461690330,2017-06-23,9:25:00 PM,01 - Clear,07 - Dark,01 - Dry,10 - No control,,03 - P.D. only,07 - SMV other,0
17-13543,HIGHWAY 417 btwn HWY417 IC117 RAMP25 & HWY417 IC115 RAMP51,371360.48821,5031379.69586,-75.64951641300,45.41918597020,2017-06-23,3:45:00 PM,01 - Clear,01 - Daylight,01 - Dry,10 - No control,,03 - P.D. only,03 - Rear end,0
17-13544,HIGHWAY 417 btwn HWY417 IC124 RAMP57 & HWY417 IC124 RAMP55,363987.27680,5026925.79695,-75.74425409900,45.37977324710,2017-06-24,1:15:00 PM,01 - Clear,01 - Daylight,01 - Dry,10 - No control,,03 - P.D. only,99 - Other,0
17-13545,HIGHWAY 417 btwn HWY417 IC124 RAMP57 & HWY417 IC124 RAMP55,364014.79352,5026966.01370,-75.74389795330,45.38013278540,2017-06-24,1:20:00 PM,01 - Clear,01 - Daylight,01 - Dry,10 - No control,,03 - P.D. only,03 - Rear end,0
17-13546,HIGHWAY 417 btwn HWY417 IC127 RAMP25 & HWY417 IC126 RAMP51,362721.50760,5025291.72702,-75.76060660980,45.36517586230,2017-06-24,2:42:00 PM,01 - Clear,01 - Daylight,01 - Dry,10 - No control,,03 - P.D. only,03 - Rear end,0
17-13547,HIGHWAY 417 btwn HWY417 IC110 RAMP55 & HWY417 IC104 RAMP51,377850.94203,5026393.34839,-75.56733291840,45.37367422110,2017-06-26,8:15:00 AM,01 - Clear,01 - Daylight,01 - Dry,10 - No control,,03 - P.D. only,07 - SMV other,0
17-13548,HIGHWAY 417 btwn HWY417 IC127 RAMP25 & HWY417 IC126 RAMP51,362992.63551,5025590.38928,-75.75711065890,45.36784073590,2017-06-26,2:38:00 PM,01 - Clear,01 - Daylight,01 - Dry,10 - No control,,03 - P.D. only,04 - Sideswipe,0
17-13549,HIGHWAY 417 btwn HWY417 IC123 RAMP62 & HWY417 IC122 RAMP16,365132.58978,5028712.47886,-75.72941281610,45.39575175590,2017-06-26,3:15:00 PM,01 - Clear,01 - Daylight,01 - Dry,10 - No control,,02 - Non-fatal injury,03 - Rear end,0
17-13550,HIGHWAY 417 btwn HWY417 IC119A RAMP75 & HWY417 IC118 RAMP57,368879.30895,5030658.75775,-75.68131036590,45.41293087170,2017-06-26,4:10:00 PM,01 - Clear,01 - Daylight,01 - Dry,10 - No control,,03 - P.D. only,03 - Rear end,0
17-13551,HWY417 IC138 RAMP51 btwn HIGHWAY 417 & EAGLESON RD,352776.39641,5020012.32646,-75.88806425190,45.31842217420,2017-06-25,9:00:00 PM,01 - Clear,05 - Dusk,01 - Dry,10 - No control,,02 - Non-fatal injury,04 - Sideswipe,0
17-13552,HWY416 IC75B RAMP25 btwn HWY416 IC75C RAMP24 & HWY417 IC131 RAMP55,358549.82795,5022710.80669,-75.81413652500,45.34228499660,2017-06-27,1:15:00 PM,02 - Rain,01 - Daylight,02 - Wet,10 - No control,,03 - P.D. only,07 - SMV other,0
17-13553,HIGHWAY 417 btwn HWY417 IC117 RAMP51 & HWY417 IC117 RAMP35,370536.06959,5031148.83057,-75.66008016120,45.41718668290,2017-06-27,4:15:00 PM,01 - Clear,01 - Daylight,01 - Dry,10 - No control,,03 - P.D. only,03 - Rear end,0
17-13554,HIGHWAY 417 btwn HWY417 IC127 RAMP25 & HWY417 IC126 RAMP51,362848.30324,5025398.85879,-75.75897555830,45.36612933390,2017-06-27,11:45:00 PM,01 - Clear,07 - Dark,01 - Dry,10 - No control,,03 - P.D. only,03 - Rear end,0
17-13555,HIGHWAY 416 btwn HWY416 IC66 RAMP24 & HWY416 IC57 RAMP62,363811.21211,5009880.13331,-75.74853114340,45.22641174080,2017-06-28,4:15:00 PM,00 - Unknown,01 - Daylight,02 - Wet,10 - No control,,02 - Non-fatal injury,03 - Rear end,0
17-13556,HIGHWAY 417 btwn HWY417 IC138 RAMP36 & HIGHWAY 417,352493.58448,5019925.81812,-75.89167962350,45.31766302200,2017-06-28,6:30:00 PM,02 - Rain,01 - Daylight,02 - Wet,10 - No control,,03 - P.D. only,03 - Rear end,0
17-13557,HIGHWAY 417 btwn TRANSIT & HWY417 IC127 RAMP35,362047.81359,5024762.64925,-75.76926719220,45.36047060980,2017-06-29,8:00:00 AM,01 - Clear,01 - Daylight,01 - Dry,10 - No control,,03 - P.D. only,03 - Rear end,0
17-13558,HIGHWAY 417 btwn HWY417 IC118 RAMP57 & HWY417 IC118 RAMP35,369409.33039,5031004.20903,-75.67449412580,45.41599038140,2017-06-29,8:45:00 AM,01 - Clear,01 - Daylight,01 - Dry,10 - No control,,03 - P.D. only,04 - Sideswipe,0
17-13559,HIGHWAY 417 btwn HIGHWAY 417 & HWY417 IC140 RAMP51,349470.24818,5017680.31605,-75.93044197700,45.29765620220,2017-06-29,3:32:00 PM,02 - Rain,01 - Daylight,02 - Wet,10 - No control,,02 - Non-fatal injury,04 - Sideswipe,0
17-13560,HIGHWAY 417 btwn HWY417 IC120A RAMP52 & HWY417 IC119B RAMP57,368091.39584,5030198.74872,-75.69143494540,45.40886356270,2017-06-30,8:38:00 AM,01 - Clear,01 - Daylight,02 - Wet,10 - No control,,03 - P.D. only,03 - Rear end,0
17-13561,HIGHWAY 417 btwn HWY417 IC117 RAMP25 & HWY417 IC115 RAMP51,371555.32777,5031401.01779,-75.64702421800,45.41935925220,2017-06-30,10:51:00 AM,01 - Clear,01 - Daylight,01 - Dry,10 - No control,,02 - Non-fatal injury,03 - Rear end,0
17-13562,HWY417 IC124 RAMP55 btwn CARLING AVE EB & HIGHWAY 417,364426.59185,5027466.26770,-75.73857982400,45.38459905660,2017-06-30,4:15:00 PM,02 - Rain,01 - Daylight,02 - Wet,10 - No control,,03 - P.D. only,03 - Rear end,0
17-13563,HIGHWAY 417 btwn HWY417 IC169 RAMP25 & HWY417 IC163 RAMP51,327277.00671,5023651.18007,-76.21313558030,45.35244615890,2017-07-01,5:10:00 AM,02 - Rain,03 - Dawn,02 - Wet,10 - No control,,02 - Non-fatal injury,07 - SMV other,0
17-13564,HIGHWAY 417 btwn HWY417 IC144 RAMP35 & HWY417 IC144 RAMP25,347543.95419,5015944.73410,-75.95515116640,45.28215864430,2017-07-01,7:45:00 AM,02 - Rain,01 - Daylight,02 - Wet,10 - No control,,03 - P.D. only,07 - SMV other,0
17-13565,HIGHWAY 417 btwn HIGHWAY 417 & HWY417 IC140 RAMP36,350023.10498,5018093.15507,-75.92335560140,45.30133568160,2017-07-01,8:00:00 AM,02 - Rain,01 - Daylight,02 - Wet,10 - No control,,03 - P.D. only,07 - SMV other,0
17-13566,HIGHWAY 7 btwn HWY 7 HAZELDEAN RD IC RAMP 63 & HAZELDEAN RD,346324.02653,5012142.76983,-75.97101850900,45.24802008390,2017-07-01,7:56:00 PM,02 - Rain,01 - Daylight,02 - Wet,10 - No control,,02 - Non-fatal injury,07 - SMV other,0
17-13567,HWY417 IC88 RAMP16 btwn HIGHWAY 417 & ROCKDALE RD,395394.72620,5022498.70169,-75.34410032630,45.33658635730,2017-07-02,12:30:00 AM,01 - Clear,07 - Dark,01 - Dry,10 - No control,,01 - Fatal injury,07 - SMV other,1
17-13568,CATHERINE ST/HWY 417 O'CONN IC119BR76 @ O'CONN,368242.74185,5030390.69578,-75.68947694860,45.41057693790,2017-07-02,10:15:00 AM,01 - Clear,01 - Daylight,01 - Dry,01 - Traffic signal,01 - Functioning,03 - P.D. only,04 - Sideswipe,0
17-13569,HIGHWAY 417 btwn HWY417 IC123 RAMP62 & HWY417 IC122 RAMP16,365137.16230,5028717.67910,-75.72935378400,45.39579815220,2017-07-02,12:40:00 PM,01 - Clear,01 - Daylight,01 - Dry,10 - No control,,03 - P.D. only,03 - Rear end,0
17-13570,HIGHWAY 417 btwn HWY417 IC122 RAMP61 & HWY417 IC121B RAMP16,366092.88155,5029349.97103,-75.71706958720,45.40140435240,2017-07-02,1:00:00 PM,01 - Clear,01 - Daylight,01 - Dry,10 - No control,,03 - P.D. only,04 - Sideswipe,0
17-13571,HIGHWAY 417 btwn HWY417 IC117 RAMP26 & HWY417 IC117 RAMP61,370940.62235,5031272.19043,-75.65489513390,45.41825849850,2017-07-02,10:30:00 AM,01 - Clear,01 - Daylight,01 - Dry,10 - No control,,03 - P.D. only,03 - Rear end,0
17-13572,HIGHWAY 417 btwn HWY417 IC122 RAMP61 & HWY417 IC121B RAMP16,365810.02376,5029206.15030,-75.72070015230,45.40013499620,2017-07-02,1:46:00 PM,01 - Clear,01 - Daylight,01 - Dry,10 - No control,,03 - P.D. only,03 - Rear end,0
17-13573,HIGHWAY 417 btwn HWY417 IC163 RAMP16 & HWY417 IC163 RAMP61,331625.45006,5021410.57837,-76.15776067110,45.33213118780,2017-07-02,2:00:00 PM,02 - Rain,01 - Daylight,02 - Wet,10 - No control,,03 - P.D. only,07 - SMV other,0
17-13574,HIGHWAY 417 btwn HWY417 IC127 RAMP25 & HWY417 IC126 RAMP51,362749.47286,5025310.47395,-75.76024745180,45.36534223450,2017-07-02,5:37:00 PM,01 - Clear,01 - Daylight,01 - Dry,10 - No control,,03 - P.D. only,04 - Sideswipe,0
17-13575,HIGHWAY 417 btwn HWY417 IC163 RAMP51 & HWY417 IC163 RAMP15,330900.45500,5021561.42645,-76.16700205100,45.33351594160,2017-07-04,2:47:00 AM,01 - Clear,07 - Dark,01 - Dry,10 - No control,,03 - P.D. only,07 - SMV other,0
17-13576,HIGHWAY 417 btwn HWY417 IC118 RAMP35 & HWY417 IC117 RAMP51,369843.38955,5031134.14115,-75.66893163710,45.41711924790,2017-07-04,3:20:00 PM,01 - Clear,01 - Daylight,01 - Dry,10 - No control,,03 - P.D. only,03 - Rear end,0
17-13577,HIGHWAY 417 btwn HWY417 IC119A RAMP75 & HWY417 IC118 RAMP57,368923.90771,5030684.56025,-75.68073726470,45.41315894840,2017-07-04,3:20:00 PM,01 - Clear,01 - Daylight,01 - Dry,10 - No control,,03 - P.D. only,03 - Rear end,0
17-13578,HIGHWAY 417 btwn HWY417 IC119A RAMP75 & HWY417 IC118 RAMP57,368956.92778,5030702.34029,-75.68031312080,45.41331590010,2017-07-04,3:15:00 PM,01 - Clear,01 - Daylight,01 - Dry,10 - No control,,02 - Non-fatal injury,03 - Rear end,0
17-13579,HIGHWAY 417 btwn HWY417 IC124 RAMP57 & HWY417 IC124 RAMP55,364097.89806,5027070.83858,-75.74282431010,45.38106895370,2017-07-04,5:00:00 PM,01 - Clear,01 - Daylight,01 - Dry,10 - No control,,03 - P.D. only,03 - Rear end,0
17-13580,HIGHWAY 417 btwn HWY417 IC138 RAMP61 & HWY417 IC134 RAMP36,355621.05444,5021817.04974,-75.85159785200,45.33446116260,2017-07-04,10:50:00 PM,01 - Clear,07 - Dark,01 - Dry,10 - No control,,03 - P.D. only,07 - SMV other,0
17-13581,HIGHWAY 417 btwn HWY417 IC163 RAMP16 & HWY417 IC163 RAMP61,331612.18559,5021419.85645,-76.15792939410,45.33221518410,2017-07-04,8:20:00 PM,01 - Clear,05 - Dusk,01 - Dry,10 - No control,,03 - P.D. only,07 - SMV other,0
17-13582,HIGHWAY 417 btwn HWY417 IC115 RAMP61 & REGIONAL ROAD 174,373216.28346,5031704.10418,-75.62576148530,45.42192582630,2017-07-05,7:17:00 AM,01 - Clear,01 - Daylight,01 - Dry,10 - No control,,03 - P.D. only,03 - Rear end,0
17-13583,HWY416 IC66 RAMP53 btwn HIGHWAY 416 & FALLOWFIELD RD,360045.06595,5014666.19461,-75.79595493520,45.26978292850,2017-07-05,12:15:00 PM,01 - Clear,01 - Daylight,01 - Dry,10 - No control,,03 - P.D. only,07 - SMV other,0
17-13584,HIGHWAY 417 btwn HWY417 IC119A RAMP75 & HWY417 IC118 RAMP57,368933.04820,5030690.71624,-75.68061969440,45.41321349940,2017-07-05,3:30:00 PM,01 - Clear,01 - Daylight,01 - Dry,10 - No control,,03 - P.D. only,03 - Rear end,0
17-13585,HIGHWAY 417 btwn HWY417 IC122 RAMP15 & HWY417 IC121B RAMP51,366460.30034,5029480.72132,-75.71236042660,45.40254854460,2017-07-05,4:15:00 PM,01 - Clear,01 - Daylight,01 - Dry,10 - No control,,02 - Non-fatal injury,03 - Rear end,0
17-13586,HIGHWAY 417 btwn HWY417 IC117 RAMP51 & HWY417 IC117 RAMP35,370663.42666,5031164.85052,-75.65845093520,45.41731884670,2017-07-05,5:00:00 PM,01 - Clear,01 - Daylight,01 - Dry,10 - No control,,03 - P.D. only,03 - Rear end,0
17-13587,HIGHWAY 417 btwn HWY417 IC117 RAMP51 & HWY417 IC117 RAMP35,370709.14675,5031170.77720,-75.65786603180,45.41736786750,2017-07-05,5:47:00 PM,01 - Clear,01 - Daylight,01 - Dry,10 - No control,,02 - Non-fatal injury,03 - Rear end,0
17-13588,HIGHWAY 417 btwn HWY417 IC96 RAMP61 & HIGHWAY 417,387561.09832,5023852.44683,-75.44380537140,45.34973392120,2017-07-06,5:15:00 AM,01 - Clear,03 - Dawn,01 - Dry,10 - No control,,02 - Non-fatal injury,07 - SMV other,0
17-13589,HIGHWAY 417 btwn HWY417 IC138 RAMP61 & HWY417 IC134 RAMP36,355610.56746,5021822.19198,-75.85173111290,45.33450819300,2017-07-06,7:50:00 AM,01 - Clear,01 - Daylight,01 - Dry,10 - No control,,02 - Non-fatal injury,03 - Rear end,0
17-13590,HIGHWAY 417 btwn HWY417 IC118 RAMP67 & HWY417 IC117 RAMP36,369820.97866,5031154.24120,-75.66921530180,45.41730218300,2017-07-06,11:45:00 AM,01 - Clear,01 - Daylight,01 - Dry,10 - No control,,03 - P.D. only,04 - Sideswipe,0
17-13591,HIGHWAY 417 btwn HWY417 IC126 RAMP61 & HWY417 IC124 RAMP76,363670.85907,5026530.63820,-75.74834111070,45.37624432660,2017-07-06,4:09:00 PM,01 - Clear,01 - Daylight,01 - Dry,10 - No control,,03 - P.D. only,03 - Rear end,0
17-13592,HIGHWAY 417 btwn HWY417 IC126 RAMP16 & HWY417 IC126 RAMP61,363100.62793,5025785.99338,-75.75570905720,45.36959178400,2017-07-06,4:10:00 PM,01 - Clear,01 - Daylight,01 - Dry,10 - No control,,02 - Non-fatal injury,03 - Rear end,0
17-13593,HWY417 IC104 RAMP61 btwn ANDERSON RD & HIGHWAY 417,380277.12441,5025964.21707,-75.53642689920,45.36955605170,2017-07-07,12:32:00 AM,01 - Clear,07 - Dark,01 - Dry,10 - No control,,03 - P.D. only,07 - SMV other,0
17-13594,HWY417 IC104 RAMP16 btwn ANDERSON RD & HIGHWAY 417,380148.77831,5025984.50889,-75.53806209280,45.36975243480,2017-07-07,10:11:00 AM,01 - Clear,01 - Daylight,01 - Dry,10 - No control,,03 - P.D. only,07 - SMV other,0
17-13595,HIGHWAY 417 btwn HWY417 IC140 RAMP61 & HWY417 IC139 RAMP61,351708.27087,5019253.38959,-75.90175922730,45.31166525830,2017-07-07,2:05:00 PM,01 - Clear,01 - Daylight,01 - Dry,10 - No control,,02 - Non-fatal injury,07 - SMV other,0
17-13596,HIGHWAY 417 btwn HWY417 IC119A RAMP67 & HWY417 IC118 RAMP76,368947.11602,5030719.81919,-75.68043619130,45.41347406860,2017-07-07,5:20:00 PM,02 - Rain,01 - Daylight,02 - Wet,10 - No control,,03 - P.D. only,03 - Rear end,0
17-13597,HIGHWAY 416 btwn HWY417 IC131 RAMP53 & HWY416 IC75A RAMP43,358641.78624,5022060.51854,-75.81303396000,45.33642662450,2017-07-08,3:30:00 AM,02 - Rain,07 - Dark,02 - Wet,10 - No control,,03 - P.D. only,07 - SMV other,0
17-13598,HWY417 IC110 RAMP54 btwn HWY417 IC110 RAMP58 & HIGHWAY 417,375610.73997,5029116.37043,-75.59554007290,45.39840454480,2017-07-08,8:10:00 AM,01 - Clear,01 - Daylight,01 - Dry,10 - No control,,02 - Non-fatal injury,07 - SMV other,0
17-13599,HIGHWAY 417 btwn HWY417 IC129 RAMP61 & TRANSIT,361343.30016,5024248.99259,-75.77831790490,45.35590593100,2017-07-09,12:02:00 PM,01 - Clear,01 - Daylight,01 - Dry,10 - No control,,01 - Fatal injury,04 - Sideswipe,0
17-13600,HIGHWAY 417 btwn Continuation of HIGHWAY 417 & HWY417 IC134 RAMP51,354940.27176,5021367.61927,-75.86032862020,45.33046610220,2017-07-09,12:22:00 PM,01 - Clear,01 - Daylight,01 - Dry,10 - No control,,03 - P.D. only,04 - Sideswipe,0
17-13601,HIGHWAY 417 btwn HWY417 IC126 RAMP61 & HWY417 IC124 RAMP76,363653.55599,5026510.70622,-75.74856439180,45.37606643490,2017-07-09,12:35:00 PM,01 - Clear,01 - Daylight,01 - Dry,10 - No control,,03 - P.D. only,03 - Rear end,0
17-13602,HIGHWAY 417 btwn RAMP & HWY417 IC129 RAMP76,359986.95282,5023214.60865,-75.79574355970,45.34670662140,2017-07-09,5:35:00 PM,01 - Clear,01 - Daylight,01 - Dry,10 - No control,,03 - P.D. only,04 - Sideswipe,0
17-13603,HWY417 IC112 RAMP65 btwn HIGHWAY 417 & INNES RD,374271.05063,5030835.90272,-75.61240745470,45.41401025040,2017-07-10,6:45:00 AM,01 - Clear,01 - Daylight,02 - Wet,10 - No control,,03 - P.D. only,04 - Sideswipe,0
17-13604,HIGHWAY 417 btwn HWY417 IC127 RAMP67 & HWY417 IC126 RAMP16,362728.84421,5025323.56253,-75.76050923040,45.36546170860,2017-07-10,4:00:00 PM,02 - Rain,01 - Daylight,02 - Wet,10 - No control,,03 - P.D. only,03 - Rear end,0
17-13605,HIGHWAY 417 btwn HWY417 IC121A RAMP16 & HWY417 IC121A RAMP61,367277.19956,5029765.07891,-75.70189045940,45.40503468310,2017-07-10,4:35:00 PM,01 - Clear,01 - Daylight,01 - Dry,10 - No control,,03 - P.D. only,03 - Rear end,0
17-13606,HIGHWAY 417 btwn HWY417 IC104 RAMP15 & HWY417 IC96 RAMP51,381442.74439,5025602.51858,-75.52160437310,45.36617523310,2017-07-10,5:00:00 PM,01 - Clear,01 - Daylight,01 - Dry,10 - No control,,02 - Non-fatal injury,03 - Rear end,0
17-13607,BELMEADE RD btwn 6TH LINE RD & BANK ST,386652.10431,5000436.27525,-75.45925841240,45.13915717950,2017-07-10,7:55:00 PM,01 - Clear,01 - Daylight,01 - Dry,10 - No control,,03 - P.D. only,07 - SMV other,0
17-13608,HIGHWAY 417 btwn HWY417 IC113 RAMP85 & HWY417 IC112 RAMP54,374141.38792,5031352.22045,-75.61399123150,45.41866867510,2017-07-10,8:30:00 PM,01 - Clear,05 - Dusk,01 - Dry,10 - No control,,03 - P.D. only,07 - SMV other,0
17-13609,HIGHWAY 417 btwn HWY417 IC163 RAMP61 & HWY417 IC155 RAMP36,336136.13858,5020234.61822,-76.10028900280,45.32136239440,2017-07-11,12:30:00 PM,01 - Clear,01 - Daylight,01 - Dry,10 - No control,,03 - P.D. only,04 - Sideswipe,0
17-13610,HIGHWAY 417 btwn HWY417 IC134 RAMP26 & HWY417 IC134 RAMP61,356559.73734,5022367.21707,-75.83956488030,45.33934300750,2017-07-11,3:50:00 PM,01 - Clear,01 - Daylight,01 - Dry,10 - No control,,03 - P.D. only,03 - Rear end,0
17-13611,HIGHWAY 417 btwn HWY417 IC117 RAMP25 & HWY417 IC115 RAMP51,371534.12562,5031397.14679,-75.64729562630,45.41932644530,2017-07-11,4:12:00 PM,01 - Clear,01 - Daylight,02 - Wet,10 - No control,,03 - P.D. only,03 - Rear end,0
17-13612,HIGHWAY 417 btwn HWY417 IC96 RAMP61 & HIGHWAY 417,387528.60535,5023861.08719,-75.44421852860,45.34981549360,2017-07-11,6:10:00 PM,01 - Clear,01 - Daylight,01 - Dry,10 - No control,,02 - Non-fatal injury,03 - Rear end,0
17-13613,HIGHWAY 417 btwn HWY417 IC163 RAMP51 & HWY417 IC163 RAMP15,330991.47894,5021530.35030,-76.16584240330,45.33323290940,2017-07-12,6:30:00 AM,01 - Clear,01 - Daylight,01 - Dry,10 - No control,,03 - P.D. only,07 - SMV other,0
17-13614,HIGHWAY 417 btwn HWY417 IC131 RAMP66 & HWY417 IC130 RAMP26,358915.94201,5023038.47832,-75.80942929680,45.34520524710,2017-07-12,9:25:00 AM,01 - Clear,01 - Daylight,01 - Dry,10 - No control,,03 - P.D. only,04 - Sideswipe,0
17-13615,HIGHWAY 417 btwn HWY417 IC118 RAMP57 & HWY417 IC118 RAMP35,369349.96538,5030966.31043,-75.67525751050,45.41565486270,2017-07-12,3:35:00 PM,01 - Clear,01 - Daylight,01 - Dry,10 - No control,,03 - P.D. only,03 - Rear end,0
17-13616,HWY417 IC104 RAMP61 btwn ANDERSON RD & HIGHWAY 417,380151.20151,5026196.70582,-75.53799879320,45.37166138810,2017-07-12,10:08:00 PM,02 - Rain,07 - Dark,02 - Wet,10 - No control,,03 - P.D. only,07 - SMV other,0
17-13617,HIGHWAY 417 btwn HWY417 IC119A RAMP67 & HWY417 IC118 RAMP76,368713.36461,5030600.66893,-75.68343781800,45.41242338340,2017-07-13,12:00:00 PM,01 - Clear,01 - Daylight,01 - Dry,10 - No control,,03 - P.D. only,04 - Sideswipe,0
17-13618,HIGHWAY 7 btwn OVERPASS RD & RAMP,340527.24574,5005768.94427,-76.04531950490,45.19098275450,2017-07-13,12:49:00 PM,01 - Clear,01 - Daylight,01 - Dry,10 - No control,,03 - P.D. only,07 - SMV other,0