COLLISION_ID,LOCATION,X,Y,LONGITUDE,LATITUDE,DATE,TIME,ENVIRONMENT,LIGHT,SURFACE_CONDITION,TRAFFIC_CONTROL,TRAFFIC_CONTROL_CONDITION,COLLISION_CLASSIFICATION,IMPACT_TYPE,NO_OF_PEDESTRIANS
17-13619,HIGHWAY 417 btwn HWY417 IC121A RAMP16 & HWY417 IC121A RAMP61,367286.62259,5029767.75893,-75.70176975820,45.40505795590,2017-07-13,2:49:00 PM,01 - Clear,01 - Daylight,01 - Dry,10 - No control,,03 - P.D. only,03 - Rear end,0
17-13620,HIGHWAY 417 btwn HWY417 IC110 RAMP64 & HWY417 IC104 RAMP16,378015.44530,5026431.35643,-75.56522729330,45.37399902750,2017-07-13,4:00:00 PM,01 - Clear,01 - Daylight,01 - Dry,10 - No control,,02 - Non-fatal injury,03 - Rear end,0
17-13621,HIGHWAY 417 btwn HWY417 IC122 RAMP15 & HWY417 IC121B RAMP51,366539.31457,5029499.88746,-75.71134880620,45.40271403290,2017-07-13,4:00:00 PM,01 - Clear,01 - Daylight,01 - Dry,10 - No control,,03 - P.D. only,03 - Rear end,0
17-13622,HIGHWAY 417 btwn HWY417 IC127 RAMP35 & HWY417 IC127 RAMP25,362190.06387,5024879.84400,-75.76743799560,45.36151348770,2017-07-13,4:15:00 PM,01 - Clear,01 - Daylight,01 - Dry,10 - No control,,03 - P.D. only,03 - Rear end,0
17-13623,HIGHWAY 417 btwn HWY417 IC119B RAMP76 & HWY417 IC119A RAMP67,368435.72470,5030448.96388,-75.68700419260,45.41108369410,2017-07-14,8:24:00 AM,01 - Clear,01 - Daylight,01 - Dry,10 - No control,,02 - Non-fatal injury,03 - Rear end,0
17-13624,HIGHWAY 417 btwn HWY417 IC134 RAMP35 & HWY417 IC134 RAMP25,356421.07734,5022241.79155,-75.84134709840,45.33822463320,2017-07-14,12:21:00 PM,01 - Clear,01 - Daylight,01 - Dry,10 - No control,,03 - P.D. only,99 - Other,0
17-13625,HIGHWAY 416 btwn HWY416 IC72 RAMP63 & HWY416 IC72 RAMP53,359715.67295,5019149.06284,-75.79965615300,45.31014599850,2017-07-14,3:00:00 PM,01 - Clear,01 - Daylight,01 - Dry,10 - No control,,03 - P.D. only,04 - Sideswipe,0
17-13626,HIGHWAY 417 btwn HWY417 IC117 RAMP51 & HWY417 IC117 RAMP35,370630.67450,5031160.46464,-75.65886995660,45.41728246640,2017-07-14,4:29:00 PM,01 - Clear,01 - Daylight,01 - Dry,10 - No control,,02 - Non-fatal injury,03 - Rear end,0
17-13627,HWY417 IC117 RAMP51 btwn HIGHWAY 417 & HWY417 IC117 RAMP53,370487.01181,5031132.69392,-75.66070906360,45.41704609860,2017-07-14,6:52:00 PM,01 - Clear,01 - Daylight,01 - Dry,10 - No control,,03 - P.D. only,07 - SMV other,0
17-13628,HIGHWAY 417 btwn HWY417 IC129 RAMP51 & HWY417 IC129 RAMP35,360293.63276,5023400.69832,-75.79180934810,45.34835685630,2017-07-14,7:30:00 PM,02 - Rain,01 - Daylight,02 - Wet,10 - No control,,03 - P.D. only,04 - Sideswipe,0
17-13629,HIGHWAY 417 btwn HWY417 IC119A RAMP67 & HWY417 IC118 RAMP76,368706.81750,5030596.05646,-75.68352205370,45.41238248050,2017-07-15,12:40:00 AM,02 - Rain,07 - Dark,02 - Wet,10 - No control,,03 - P.D. only,07 - SMV other,0
17-13630,HIGHWAY 417 btwn HWY417 IC117 RAMP25 & HWY417 IC115 RAMP51,371532.14982,5031398.48640,-75.64732068810,45.41933868690,2017-07-15,4:50:00 PM,01 - Clear,01 - Daylight,01 - Dry,10 - No control,,02 - Non-fatal injury,04 - Sideswipe,0
17-13631,HIGHWAY 417 btwn HWY417 IC126 RAMP16 & HWY417 IC126 RAMP61,363116.79549,5025799.25687,-75.75550110640,45.36970978220,2017-07-16,1:11:00 AM,01 - Clear,07 - Dark,01 - Dry,10 - No control,,02 - Non-fatal injury,07 - SMV other,0
17-13632,HIGHWAY 417 btwn HWY417 IC126 RAMP51 & HWY417 IC126 RAMP25,363268.13746,5025966.47387,-75.75354937770,45.37120177040,2017-07-17,9:25:00 AM,01 - Clear,01 - Daylight,01 - Dry,10 - No control,,03 - P.D. only,03 - Rear end,0
17-13633,HIGHWAY 417 btwn HWY417 IC124 RAMP67 & HWY417 IC123 RAMP62,364622.80683,5027804.80255,-75.73603338920,45.38762840090,2017-07-17,3:12:00 PM,01 - Clear,01 - Daylight,01 - Dry,10 - No control,,03 - P.D. only,04 - Sideswipe,0
17-13634,HIGHWAY 417 btwn HWY417 IC118 RAMP57 & HWY417 IC118 RAMP35,369458.02400,5031037.04720,-75.67386772980,45.41628134950,2017-07-17,3:30:00 PM,01 - Clear,01 - Daylight,01 - Dry,10 - No control,,03 - P.D. only,03 - Rear end,0
17-13635,CATHERINE ST @ METCALFE ST,368392.41250,5030488.30027,-75.68755240880,45.41144156700,2017-07-17,4:00:00 PM,01 - Clear,01 - Daylight,01 - Dry,01 - Traffic signal,01 - Functioning,03 - P.D. only,03 - Rear end,0
17-13636,HIGHWAY 417 btwn HWY417 IC123 RAMP62 & HWY417 IC122 RAMP16,365102.11373,5028671.13831,-75.72980708460,45.39538240740,2017-07-17,7:19:00 PM,01 - Clear,01 - Daylight,01 - Dry,10 - No control,,03 - P.D. only,04 - Sideswipe,0
17-13637,HIGHWAY 417 btwn HWY417 IC129 RAMP25 & HWY417 IC129 RAMP35,360479.30448,5023542.44471,-75.78942409350,45.34961757210,2017-07-18,8:00:00 AM,01 - Clear,01 - Daylight,01 - Dry,10 - No control,,03 - P.D. only,03 - Rear end,0
17-13638,HIGHWAY 417 btwn HWY417 IC126 RAMP61 & HWY417 IC124 RAMP76,364102.87573,5027114.46797,-75.74275551590,45.38146110250,2017-07-18,8:34:00 AM,01 - Clear,01 - Daylight,01 - Dry,10 - No control,,02 - Non-fatal injury,03 - Rear end,0
17-13639,RIVERSIDE DR @ TREMBLAY RD/HWY417 IC117 RAMP52,370801.60291,5031015.52066,-75.65670562530,45.41596221770,2017-07-18,2:30:00 PM,01 - Clear,01 - Daylight,01 - Dry,01 - Traffic signal,01 - Functioning,03 - P.D. only,03 - Rear end,0
17-13640,HIGHWAY 417 btwn HWY417 IC122 RAMP15 & HWY417 IC121B RAMP51,366055.65633,5029313.18809,-75.71754961210,45.40107664720,2017-07-18,9:30:00 PM,01 - Clear,07 - Dark,01 - Dry,10 - No control,,03 - P.D. only,03 - Rear end,0
17-13641,HIGHWAY 417 btwn HWY417 IC155 RAMP61 & HWY417 IC145 RAMP56,345946.69011,5014803.62074,-75.97560489440,45.27198574610,2017-07-19,4:50:00 AM,01 - Clear,03 - Dawn,01 - Dry,10 - No control,,03 - P.D. only,07 - SMV other,0
17-13642,HIGHWAY 417 btwn HWY417 IC121A RAMP16 & HWY417 IC121A RAMP61,367242.22499,5029750.79216,-75.70233900500,45.40490925630,2017-07-19,8:30:00 AM,01 - Clear,01 - Daylight,01 - Dry,10 - No control,,03 - P.D. only,04 - Sideswipe,0
17-13643,HIGHWAY 417 btwn HIGHWAY 417 & HIGHWAY 417 (1),375181.57532,5030526.97538,-75.60081973700,45.41113970220,2017-07-19,7:00:00 PM,01 - Clear,01 - Daylight,01 - Dry,10 - No control,,03 - P.D. only,07 - SMV other,0
17-13644,HIGHWAY 417 btwn HWY417 IC96 RAMP51 & HIGHWAY 417,387206.91892,5023866.91272,-75.44832222060,45.34990577820,2017-07-19,5:00:00 PM,01 - Clear,01 - Daylight,01 - Dry,10 - No control,,03 - P.D. only,04 - Sideswipe,0
17-13645,HWY417 IC140 RAMP35 btwn TERRY FOX DR & HIGHWAY 417,350883.00262,5018497.86986,-75.91235391080,45.30492153360,2017-07-19,9:25:00 PM,01 - Clear,07 - Dark,01 - Dry,10 - No control,,03 - P.D. only,07 - SMV other,0
17-13646,HIGHWAY 417 btwn HWY417 IC155 RAMP61 & HWY417 IC145 RAMP56,342179.11641,5017580.15756,-76.02340992880,45.29718067340,2017-07-19,10:45:00 PM,01 - Clear,07 - Dark,01 - Dry,10 - No control,,03 - P.D. only,07 - SMV other,0
17-13647,HIGHWAY 417 btwn HWY417 IC131 RAMP53 & HWY417 IC131 RAMP51,357861.31944,5022728.00702,-75.82291963000,45.34249218220,2017-07-20,11:45:00 AM,01 - Clear,01 - Daylight,01 - Dry,10 - No control,,03 - P.D. only,04 - Sideswipe,0
17-13648,HIGHWAY 417 btwn HWY417 IC115 RAMP36 & HWY417 IC115 RAMP26,372071.99522,5031476.47243,-75.64041286850,45.41998867060,2017-07-20,1:30:00 AM,01 - Clear,07 - Dark,01 - Dry,10 - No control,,03 - P.D. only,04 - Sideswipe,0
17-13649,HIGHWAY 417 btwn HWY417 IC134 RAMP61 & HWY417 IC131 RAMP66,357090.41026,5022593.43967,-75.83277023880,45.34133922380,2017-07-20,4:25:00 PM,01 - Clear,01 - Daylight,01 - Dry,10 - No control,,02 - Non-fatal injury,03 - Rear end,0
17-13650,HIGHWAY 417 btwn HWY417 IC119A RAMP67 & HWY417 IC118 RAMP76,368776.97363,5030629.67707,-75.68262146230,45.41267857690,2017-07-20,4:30:00 PM,01 - Clear,01 - Daylight,01 - Dry,10 - No control,,03 - P.D. only,03 - Rear end,0
17-13651,HIGHWAY 417 btwn Continuation of HIGHWAY 417 & HWY417 IC134 RAMP51,355750.28947,5021847.49097,-75.84994597420,45.33472570500,2017-07-20,4:40:00 PM,01 - Clear,01 - Daylight,01 - Dry,10 - No control,,03 - P.D. only,03 - Rear end,0
17-13652,HIGHWAY 417 btwn HWY417 IC124 RAMP67 & HWY417 IC123 RAMP62,364768.36584,5028048.38421,-75.73414509730,45.38980765330,2017-07-20,4:45:00 PM,01 - Clear,01 - Daylight,01 - Dry,10 - No control,,03 - P.D. only,03 - Rear end,0
17-13653,HIGHWAY 417 btwn HWY417 IC155 RAMP61 & HWY417 IC145 RAMP56,344362.81169,5015440.43399,-75.99573912650,45.27780696750,2017-07-20,5:40:00 PM,01 - Clear,01 - Daylight,01 - Dry,10 - No control,,03 - P.D. only,07 - SMV other,0
17-13654,HIGHWAY 417 btwn HWY417 IC163 RAMP16 & HWY417 IC163 RAMP61,331613.03394,5021430.27397,-76.15791800730,45.33230889390,2017-07-20,7:25:00 PM,01 - Clear,01 - Daylight,01 - Dry,10 - No control,,03 - P.D. only,07 - SMV other,0
17-13655,HWY417 IC120B RAMP36 btwn HIGHWAY 417 & CATHERINE ST,367762.03255,5030029.85529,-75.69566380260,45.40737361880,2017-07-21,2:58:00 PM,01 - Clear,01 - Daylight,00 - Unknown,10 - No control,,03 - P.D. only,07 - SMV other,0
17-13656,HIGHWAY 417 btwn HWY417 IC119A RAMP75 & HWY417 IC118 RAMP57,368716.22779,5030573.41638,-75.68340477520,45.41217791320,2017-07-21,3:35:00 PM,01 - Clear,01 - Daylight,01 - Dry,10 - No control,,03 - P.D. only,03 - Rear end,0
17-13657,HIGHWAY 417 btwn HWY417 IC127 RAMP25 & HWY417 IC126 RAMP51,363115.19909,5025756.72008,-75.75552650640,45.36932717400,2017-07-21,3:30:00 PM,01 - Clear,01 - Daylight,01 - Dry,10 - No control,,02 - Non-fatal injury,03 - Rear end,0
17-13658,HIGHWAY 417 btwn TRANSIT & HWY417 IC127 RAMP35,361998.44352,5024721.24468,-75.76990211120,45.36010208410,2017-07-21,4:05:00 PM,01 - Clear,01 - Daylight,01 - Dry,10 - No control,,03 - P.D. only,03 - Rear end,0
17-13659,HIGHWAY 417 btwn HWY417 IC129 RAMP61 & TRANSIT,361199.75303,5024131.75183,-75.78016327830,45.35486256500,2017-07-21,4:30:00 PM,01 - Clear,01 - Daylight,01 - Dry,10 - No control,,03 - P.D. only,03 - Rear end,0
17-13660,CATHERINE ST @ METCALFE ST,368393.99992,5030485.36287,-75.68753250940,45.41141499300,2017-07-21,5:10:00 PM,01 - Clear,01 - Daylight,01 - Dry,01 - Traffic signal,01 - Functioning,03 - P.D. only,04 - Sideswipe,0
17-13661,HIGHWAY 417 btwn HWY417 IC122 RAMP61 & HWY417 IC121B RAMP16,365662.75363,5029113.86596,-75.72259249330,45.39931746220,2017-07-22,7:30:00 PM,01 - Clear,01 - Daylight,01 - Dry,10 - No control,,03 - P.D. only,04 - Sideswipe,0
17-13662,HIGHWAY 417 btwn HWY417 IC122 RAMP16 & HWY417 IC122 RAMP61,365187.77268,5028772.23528,-75.72870075180,45.39628467410,2017-07-23,2:05:00 PM,01 - Clear,01 - Daylight,01 - Dry,10 - No control,,03 - P.D. only,07 - SMV other,0
17-13663,HIGHWAY 417 btwn HWY417 IC127 RAMP25 & HWY417 IC126 RAMP51,363156.03320,5025820.32604,-75.75499773360,45.36989609340,2017-07-23,2:30:00 PM,01 - Clear,01 - Daylight,01 - Dry,10 - No control,,03 - P.D. only,03 - Rear end,0
17-13664,HIGHWAY 417 btwn HWY417 IC123 RAMP62 & HWY417 IC122 RAMP16,365135.96716,5028709.58182,-75.72937003720,45.39572539740,2017-07-24,6:00:00 AM,02 - Rain,01 - Daylight,02 - Wet,10 - No control,,03 - P.D. only,07 - SMV other,0
17-13665,HIGHWAY 417 btwn HWY417 IC126 RAMP51 & HWY417 IC126 RAMP25,363265.08143,5025959.01649,-75.75358927360,45.37113492460,2017-07-24,6:05:00 AM,02 - Rain,01 - Daylight,02 - Wet,10 - No control,,03 - P.D. only,07 - SMV other,0
17-13666,HIGHWAY 417 btwn HIGHWAY 417 & HWY417 IC140 RAMP51,349728.54769,5017872.65632,-75.92713132370,45.29937046760,2017-07-24,6:52:00 AM,02 - Rain,01 - Daylight,02 - Wet,10 - No control,,03 - P.D. only,07 - SMV other,0
17-13667,HIGHWAY 417 btwn Continuation of HIGHWAY 417 & HWY417 IC134 RAMP51,355768.46811,5021850.93928,-75.84971370070,45.33475541300,2017-07-24,1:45:00 PM,02 - Rain,01 - Daylight,02 - Wet,10 - No control,,03 - P.D. only,04 - Sideswipe,0
17-13668,HIGHWAY 417 btwn Continuation of HIGHWAY 417 & HWY417 IC134 RAMP51,355798.10150,5021876.33933,-75.84933302710,45.33498181200,2017-07-24,2:35:00 PM,02 - Rain,01 - Daylight,02 - Wet,10 - No control,,03 - P.D. only,04 - Sideswipe,0
17-13669,HWY417 IC127 RAMP51 btwn HIGHWAY 417 & HWY417 IC127 RAMP53,361866.84392,5024615.41731,-75.77159396970,45.35916058110,2017-07-24,9:36:00 AM,02 - Rain,01 - Daylight,02 - Wet,10 - No control,,03 - P.D. only,07 - SMV other,0
17-13670,HWY417 IC142 RAMP61 btwn HWY417 IC142 RAMP63 & HIGHWAY 417,348906.34099,5017459.16466,-75.93765126980,45.29570183750,2017-07-25,11:00:00 AM,01 - Clear,01 - Daylight,01 - Dry,10 - No control,,02 - Non-fatal injury,03 - Rear end,0
17-13671,HIGHWAY 417 btwn HWY417 IC122 RAMP15 & HWY417 IC121B RAMP51,366557.85935,5029505.50917,-75.71111123680,45.40276297970,2017-07-25,10:25:00 PM,01 - Clear,07 - Dark,01 - Dry,10 - No control,,03 - P.D. only,03 - Rear end,0
17-13672,HIGHWAY 417 btwn HWY417 IC122 RAMP15 & HWY417 IC121B RAMP51,366524.83929,5029498.73582,-75.71153383870,45.40270494670,2017-07-26,6:50:00 AM,01 - Clear,01 - Daylight,01 - Dry,10 - No control,,03 - P.D. only,03 - Rear end,0
17-13673,HIGHWAY 417 btwn HWY417 IC121A RAMP51 & HWY417 IC120A RAMP52,367535.08397,5029851.62720,-75.69858544930,45.40579035400,2017-07-26,7:15:00 AM,01 - Clear,01 - Daylight,01 - Dry,10 - No control,,03 - P.D. only,04 - Sideswipe,0
17-13674,HIGHWAY 417 btwn HWY417 IC115 RAMP36 & HWY417 IC115 RAMP26,372236.52754,5031498.60882,-75.63830771910,45.42017200400,2017-07-26,9:30:00 AM,01 - Clear,01 - Daylight,01 - Dry,10 - No control,,03 - P.D. only,03 - Rear end,0
17-13675,HIGHWAY 417 btwn HWY417 IC122 RAMP61 & HWY417 IC121B RAMP16,365809.17169,5029205.94203,-75.72071106110,45.40013319630,2017-07-26,3:15:00 PM,01 - Clear,01 - Daylight,01 - Dry,10 - No control,,03 - P.D. only,03 - Rear end,0
17-13676,HIGHWAY 417 btwn HWY417 IC124 RAMP65 & HWY417 IC122 RAMP51,364892.87897,5028250.22278,-75.73253050490,45.39161308390,2017-07-26,3:28:00 PM,01 - Clear,01 - Daylight,01 - Dry,10 - No control,,02 - Non-fatal injury,03 - Rear end,0
17-13677,HIGHWAY 417 btwn RAMP & HWY417 IC88 RAMP51,387596.00882,5023807.33056,-75.44336747420,45.34932388400,2017-07-26,10:00:00 PM,01 - Clear,07 - Dark,01 - Dry,10 - No control,,03 - P.D. only,07 - SMV other,0
17-13678,HIGHWAY 417 btwn HWY417 IC122 RAMP15 & HWY417 IC121B RAMP51,366558.31091,5029507.23426,-75.71110525270,45.40277846190,2017-07-27,4:00:00 PM,01 - Clear,01 - Daylight,01 - Dry,10 - No control,,02 - Non-fatal injury,04 - Sideswipe,0
17-13679,HIGHWAY 417 btwn HWY417 IC118 RAMP76 & HWY417 IC118 RAMP67,369525.14268,5031091.91520,-75.67300304080,45.41676882600,2017-07-27,11:45:00 PM,01 - Clear,07 - Dark,01 - Dry,10 - No control,,03 - P.D. only,04 - Sideswipe,0
17-13680,HIGHWAY 417 btwn HWY417 IC121A RAMP16 & HWY417 IC121A RAMP61,366978.38542,5029655.66933,-75.70572106190,45.40407685320,2017-07-28,2:45:00 PM,01 - Clear,01 - Daylight,01 - Dry,10 - No control,,03 - P.D. only,03 - Rear end,0
17-13681,HIGHWAY 417 btwn HWY417 IC127 RAMP67 & HWY417 IC126 RAMP16,362806.42707,5025393.11747,-75.75951076320,45.36608114110,2017-07-28,3:50:00 PM,01 - Clear,01 - Daylight,01 - Dry,10 - No control,,02 - Non-fatal injury,03 - Rear end,0
17-13682,HIGHWAY 417 btwn HWY417 IC126 RAMP16 & HWY417 IC126 RAMP61,363134.51106,5025816.45165,-75.75527292970,45.36986302460,2017-07-28,4:10:00 PM,01 - Clear,01 - Daylight,01 - Dry,10 - No control,,03 - P.D. only,03 - Rear end,0
17-13683,HIGHWAY 417 btwn HWY417 IC140 RAMP25 & HWY417 IC139 RAMP15,351727.79363,5019212.63688,-75.90151411940,45.31129725130,2017-07-29,3:00:00 PM,01 - Clear,01 - Daylight,01 - Dry,10 - No control,,03 - P.D. only,07 - SMV other,0
17-13684,HIGHWAY 417 btwn HIGHWAY 417 & HWY417 IC129 RAMP51,359976.67180,5023191.61834,-75.79587731330,45.34650056270,2017-07-29,10:39:00 PM,01 - Clear,07 - Dark,01 - Dry,10 - No control,,03 - P.D. only,04 - Sideswipe,0
17-13685,HWY417 IC115 RAMP61 btwn RAMP & HIGHWAY 417,372793.29189,5031570.87497,-75.63118432620,45.42076833280,2017-07-31,2:06:00 AM,01 - Clear,07 - Dark,03 - Loose snow,10 - No control,,03 - P.D. only,07 - SMV other,0
17-13686,HIGHWAY 417 btwn HWY417 IC121A RAMP16 & HWY417 IC121A RAMP61,367284.25900,5029767.07448,-75.70180003560,45.40505200880,2017-07-31,4:35:00 PM,01 - Clear,01 - Daylight,01 - Dry,10 - No control,,03 - P.D. only,03 - Rear end,0
17-13687,HIGHWAY 417 btwn HWY417 IC126 RAMP61 & HWY417 IC124 RAMP76,364102.26764,5027116.26168,-75.74276306470,45.38147729340,2017-08-01,3:49:00 PM,01 - Clear,01 - Daylight,01 - Dry,10 - No control,,03 - P.D. only,03 - Rear end,0
17-13688,HIGHWAY 417 btwn HWY417 IC126 RAMP16 & HWY417 IC126 RAMP61,363081.39726,5025756.08896,-75.75595807050,45.36932430720,2017-08-01,5:15:00 PM,01 - Clear,01 - Daylight,01 - Dry,10 - No control,,03 - P.D. only,03 - Rear end,0
17-13689,HIGHWAY 417 btwn HWY417 IC96 RAMP61 & HWY417 IC88 RAMP16,391250.10299,5023167.01239,-75.39685479090,45.34312204960,2017-08-01,6:15:00 PM,01 - Clear,01 - Daylight,01 - Dry,10 - No control,,03 - P.D. only,04 - Sideswipe,0
17-13690,HIGHWAY 417 btwn HWY417 IC119A RAMP75 & HWY417 IC118 RAMP57,368700.27656,5030569.30687,-75.68360908000,45.41214239400,2017-08-01,10:29:00 PM,01 - Clear,07 - Dark,01 - Dry,10 - No control,,02 - Non-fatal injury,03 - Rear end,0
17-13691,HIGHWAY 417 btwn HWY417 IC112 RAMP55 & HIGHWAY 417,375079.49931,5030607.83028,-75.60211214930,45.41187744970,2017-08-02,7:00:00 AM,01 - Clear,01 - Daylight,01 - Dry,10 - No control,,03 - P.D. only,04 - Sideswipe,0
17-13692,HIGHWAY 417 btwn HWY417 IC119A RAMP75 & HWY417 IC118 RAMP57,368836.78772,5030635.31878,-75.68185661450,45.41272386810,2017-08-02,10:35:00 AM,01 - Clear,01 - Daylight,01 - Dry,10 - No control,,03 - P.D. only,04 - Sideswipe,0
17-13693,HIGHWAY 417 btwn HWY417 IC127 RAMP25 & HWY417 IC126 RAMP51,362927.71284,5025491.13821,-75.75795107190,45.36695307290,2017-08-02,12:15:00 PM,01 - Clear,01 - Daylight,01 - Dry,10 - No control,,03 - P.D. only,03 - Rear end,0
17-13694,HIGHWAY 417 btwn HWY417 IC124 RAMP65 & HWY417 IC122 RAMP51,365129.09291,5028665.93289,-75.72946316770,45.39533324630,2017-08-02,3:05:00 PM,01 - Clear,01 - Daylight,01 - Dry,10 - No control,,03 - P.D. only,07 - SMV other,0
17-13695,HIGHWAY 417 btwn HWY417 IC124 RAMP67 & HWY417 IC123 RAMP62,364711.05041,5027947.32312,-75.73488927470,45.38890323040,2017-08-02,5:30:00 PM,01 - Clear,01 - Daylight,01 - Dry,10 - No control,,02 - Non-fatal injury,03 - Rear end,0
17-13696,HIGHWAY 417 btwn HWY417 IC123 RAMP62 & HWY417 IC122 RAMP16,365026.85771,5028525.80928,-75.73078592630,45.39408124460,2017-08-02,5:30:00 PM,01 - Clear,01 - Daylight,01 - Dry,10 - No control,,03 - P.D. only,03 - Rear end,0
17-13697,HWY417 IC118 RAMP35 btwn HWY417 IC118 RAMP45 & MANN AVE OVERPASS,369375.88228,5030928.09021,-75.67493141800,45.41530858000,2017-08-03,3:25:00 AM,01 - Clear,07 - Dark,01 - Dry,10 - No control,,01 - Fatal injury,07 - SMV other,0
17-13698,HIGHWAY 417 btwn HWY417 IC122 RAMP61 & HWY417 IC121B RAMP16,365808.01510,5029207.59956,-75.72072562830,45.40014821170,2017-08-03,4:16:00 PM,01 - Clear,01 - Daylight,01 - Dry,10 - No control,,03 - P.D. only,03 - Rear end,0
17-13699,HIGHWAY 417 btwn HWY417 IC118 RAMP35 & HWY417 IC117 RAMP51,370200.23951,5031101.12043,-75.66437698560,45.41678887600,2017-08-03,4:15:00 PM,01 - Clear,01 - Daylight,01 - Dry,10 - No control,,03 - P.D. only,03 - Rear end,0
17-13700,HIGHWAY 417 btwn HWY417 IC118 RAMP67 & HWY417 IC117 RAMP36,370214.84454,5031118.26546,-75.66418812060,45.41694177560,2017-08-03,4:45:00 PM,01 - Clear,01 - Daylight,01 - Dry,10 - No control,,03 - P.D. only,03 - Rear end,0
17-13701,HIGHWAY 417 btwn TRANSIT & HWY417 IC127 RAMP35,361893.36457,5024646.29019,-75.77125191860,45.35943621410,2017-08-03,4:45:00 PM,01 - Clear,01 - Daylight,01 - Dry,10 - No control,,03 - P.D. only,07 - SMV other,0
17-13702,HIGHWAY 417 btwn HWY417 IC96 RAMP51 & HIGHWAY 417,387244.63034,5023859.51515,-75.44784226220,45.34983478970,2017-08-04,1:10:00 AM,"07 - Fog, mist, smoke, dust",07 - Dark,01 - Dry,10 - No control,,03 - P.D. only,07 - SMV other,0
17-13703,HIGHWAY 416 btwn HWY416 IC57 RAMP24 & HWY416 IC49 RAMP42,365293.08093,5007125.32668,-75.72999681110,45.20149807400,2017-08-04,6:00:00 AM,01 - Clear,03 - Dawn,01 - Dry,10 - No control,,03 - P.D. only,07 - SMV other,0
17-13704,HIGHWAY 417 btwn HWY417 IC130 RAMP35 & HWY417 IC130 RAMP25,359165.52393,5023058.72723,-75.80624240380,45.34536814730,2017-08-04,5:35:00 PM,01 - Clear,01 - Daylight,01 - Dry,10 - No control,,03 - P.D. only,04 - Sideswipe,0
17-13705,HIGHWAY 416 btwn HWY416 IC42 RAMP24 & END,372382.52503,4994134.20772,-75.64152272390,45.08396014730,2017-08-05,7:30:00 AM,01 - Clear,01 - Daylight,01 - Dry,10 - No control,,03 - P.D. only,07 - SMV other,0
17-13706,HIGHWAY 417 btwn HWY417 IC144 RAMP16 & HWY417 IC144 RAMP61,347521.63547,5015984.91024,-75.95543218690,45.28252152060,2017-08-05,3:05:00 PM,01 - Clear,01 - Daylight,01 - Dry,10 - No control,,03 - P.D. only,03 - Rear end,0
17-13707,HIGHWAY 417 btwn HWY417 IC129 RAMP76 & HWY417 IC129 RAMP26,360357.12780,5023476.23189,-75.79099062360,45.34903147960,2017-08-05,11:15:00 PM,01 - Clear,07 - Dark,01 - Dry,10 - No control,,03 - P.D. only,04 - Sideswipe,0
17-13708,HIGHWAY 417 btwn HWY 417 ANDERSON IC104R61 & HWY 417 BOUNDARY IC96R16,381523.24414,5025631.00286,-75.52057246870,45.36642270900,2017-08-06,12:05:00 AM,01 - Clear,07 - Dark,01 - Dry,10 - No control,,02 - Non-fatal injury,07 - SMV other,0
17-13709,HWY417 IC118 RAMP76 btwn HIGHWAY 417 & HWY417 IC118 RAMP43,369386.78236,5031063.45989,-75.67477442330,45.41652558090,2017-08-06,2:24:00 PM,01 - Clear,01 - Daylight,01 - Dry,10 - No control,,02 - Non-fatal injury,07 - SMV other,0
17-13710,HIGHWAY 417 btwn HWY417 IC122 RAMP15 & HWY417 IC121B RAMP51,365694.77914,5029114.11183,-75.72218343520,45.39931688910,2017-08-06,2:30:00 PM,01 - Clear,01 - Daylight,01 - Dry,10 - No control,,03 - P.D. only,03 - Rear end,0
17-13711,HWY417 IC117 RAMP51 btwn HIGHWAY 417 & HWY417 IC117 RAMP53,370589.36893,5031118.30284,-75.65940329720,45.41690699660,2017-08-06,5:00:00 PM,01 - Clear,01 - Daylight,01 - Dry,10 - No control,,03 - P.D. only,03 - Rear end,0
17-13712,HWY417 IC110 RAMP56 btwn HIGHWAY 417 & WALKLEY EXTENSION RD,375951.31613,5028978.90771,-75.59121029850,45.39713320180,2017-08-06,10:50:00 PM,01 - Clear,07 - Dark,01 - Dry,10 - No control,,03 - P.D. only,07 - SMV other,0
17-13713,HWY417 IC104 RAMP61 btwn ANDERSON RD & HIGHWAY 417,380313.32506,5025926.93286,-75.53597051050,45.36921669260,2017-08-07,10:25:00 AM,01 - Clear,01 - Daylight,01 - Dry,10 - No control,,03 - P.D. only,07 - SMV other,0
17-13714,HWY417 IC104 RAMP61 btwn ANDERSON RD & HIGHWAY 417,380315.97090,5025918.99534,-75.53593795150,45.36914499010,2017-08-07,10:25:00 AM,01 - Clear,01 - Daylight,01 - Dry,10 - No control,,02 - Non-fatal injury,07 - SMV other,0
17-13715,HWY417 IC110 RAMP56 btwn HIGHWAY 417 & WALKLEY EXTENSION RD,375920.04232,5028973.03395,-75.59161054370,45.39708353070,2017-08-07,12:20:00 PM,01 - Clear,01 - Daylight,01 - Dry,10 - No control,,03 - P.D. only,07 - SMV other,0
17-13716,HIGHWAY 417 btwn HWY417 IC117 RAMP51 & HWY417 IC117 RAMP35,370619.68672,5031161.67166,-75.65901017320,45.41729436110,2017-08-08,3:30:00 PM,01 - Clear,01 - Daylight,01 - Dry,10 - No control,,02 - Non-fatal injury,03 - Rear end,0
17-13717,HIGHWAY 417 btwn HWY417 IC126 RAMP61 & HWY417 IC124 RAMP76,363683.92239,5026551.38252,-75.74817186030,45.37642988310,2017-08-08,4:20:00 PM,01 - Clear,01 - Daylight,01 - Dry,10 - No control,,03 - P.D. only,03 - Rear end,0
17-13718,HIGHWAY 417 btwn HWY417 IC122 RAMP61 & HWY417 IC121B RAMP16,366551.30590,5029524.77597,-75.71119252870,45.40293691540,2017-08-08,4:30:00 PM,01 - Clear,01 - Daylight,01 - Dry,10 - No control,,03 - P.D. only,03 - Rear end,0