COLLISION_ID,LOCATION,X,Y,LONGITUDE,LATITUDE,DATE,TIME,ENVIRONMENT,LIGHT,SURFACE_CONDITION,TRAFFIC_CONTROL,TRAFFIC_CONTROL_CONDITION,COLLISION_CLASSIFICATION,IMPACT_TYPE,NO_OF_PEDESTRIANS
17-13719,HIGHWAY 417 btwn HWY417 IC121A RAMP51 & HWY417 IC120A RAMP52,367261.02565,5029732.63305,-75.70210116130,45.40474418860,2017-08-09,6:40:00 AM,01 - Clear,01 - Daylight,01 - Dry,10 - No control,,03 - P.D. only,03 - Rear end,0
17-13720,HIGHWAY 417 btwn HWY417 IC121A RAMP51 & HWY417 IC120A RAMP52,367243.24562,5029725.01304,-75.70232923330,45.40467721150,2017-08-09,6:42:00 AM,01 - Clear,01 - Daylight,01 - Dry,10 - No control,,03 - P.D. only,04 - Sideswipe,0
17-13721,HIGHWAY 417 btwn HWY417 IC120B RAMP36 & HWY417 IC119B RAMP76,368072.55728,5030211.42401,-75.69167396150,45.40897931430,2017-08-09,3:22:00 PM,01 - Clear,01 - Daylight,01 - Dry,10 - No control,,03 - P.D. only,03 - Rear end,0
17-13722,HIGHWAY 417 btwn HWY417 IC126 RAMP51 & HWY417 IC126 RAMP25,363257.97765,5025949.29548,-75.75368110770,45.37104804890,2017-08-09,4:29:00 PM,01 - Clear,01 - Daylight,01 - Dry,10 - No control,,03 - P.D. only,07 - SMV other,0
17-13723,HIGHWAY 417 btwn HWY417 IC129 RAMP61 & TRANSIT,361304.71374,5024220.82203,-75.77881357870,45.35565556400,2017-08-10,3:35:00 PM,01 - Clear,01 - Daylight,01 - Dry,10 - No control,,02 - Non-fatal injury,03 - Rear end,0
17-13724,HWY 417 INNES IC112R57 @ INNES RD,374298.81528,5030754.91454,-75.61206418370,45.41327880300,2017-08-10,3:56:00 PM,01 - Clear,01 - Daylight,01 - Dry,01 - Traffic signal,01 - Functioning,03 - P.D. only,04 - Sideswipe,0
17-13725,HIGHWAY 417 btwn HWY417 IC124 RAMP67 & HWY417 IC123 RAMP62,364765.50594,5028048.04524,-75.73418165900,45.38980484790,2017-08-10,11:20:00 PM,01 - Clear,07 - Dark,01 - Dry,10 - No control,,03 - P.D. only,04 - Sideswipe,0
17-13726,HIGHWAY 416 btwn HWY416 IC49 RAMP43 & HWY416 IC42 RAMP34,369674.88420,4998812.44566,-75.67530738350,45.12630887160,2017-08-11,11:30:00 PM,01 - Clear,07 - Dark,01 - Dry,10 - No control,,02 - Non-fatal injury,07 - SMV other,0
17-13727,HIGHWAY 417 btwn HWY417 IC118 RAMP67 & HWY417 IC117 RAMP36,370156.00350,5031115.80693,-75.66494018350,45.41692515270,2017-08-12,6:00:00 AM,01 - Clear,03 - Dawn,02 - Wet,10 - No control,,02 - Non-fatal injury,07 - SMV other,0
17-13728,HIGHWAY 417 btwn HWY417 IC138 RAMP26 & HWY417 IC138 RAMP61,353160.61784,5020393.59882,-75.88312658920,45.32182657690,2017-08-12,2:15:00 PM,01 - Clear,01 - Daylight,01 - Dry,10 - No control,,03 - P.D. only,99 - Other,0
17-13729,HIGHWAY 417 btwn HWY417 IC155 RAMP25 & RAMP,342166.80558,5017551.17438,-76.02356907220,45.29692052450,2017-08-13,8:25:00 AM,01 - Clear,01 - Daylight,01 - Dry,10 - No control,,03 - P.D. only,07 - SMV other,0
17-13730,HIGHWAY 417 btwn HWY417 IC129 RAMP61 & TRANSIT,361204.35532,5024136.77255,-75.78010397050,45.35490737170,2017-08-13,8:34:00 AM,01 - Clear,01 - Daylight,01 - Dry,10 - No control,,03 - P.D. only,03 - Rear end,0
17-13731,HIGHWAY 417 btwn HWY417 IC113 RAMP85 & HWY417 IC112 RAMP54,374153.65514,5031308.51272,-75.61384065830,45.41827419890,2017-08-13,9:39:00 AM,01 - Clear,01 - Daylight,01 - Dry,10 - No control,,01 - Fatal injury,07 - SMV other,0
17-13732,HIGHWAY 417 btwn HWY417 IC127 RAMP25 & HWY417 IC126 RAMP51,362883.08701,5025443.53461,-75.75852630590,45.36652844040,2017-08-13,4:20:00 PM,01 - Clear,01 - Daylight,01 - Dry,10 - No control,,03 - P.D. only,03 - Rear end,0
17-13733,HIGHWAY 417 btwn HWY417 IC110 RAMP64 & HWY417 IC104 RAMP16,379199.18006,5026147.69810,-75.55015884610,45.37132216220,2017-08-13,10:30:00 PM,01 - Clear,07 - Dark,01 - Dry,10 - No control,,02 - Non-fatal injury,03 - Rear end,0
17-13734,HIGHWAY 416 btwn HWY416 IC42 RAMP34 & HWY416 IC42 RAMP43,371357.22385,4995366.45692,-75.65438173120,45.09514520510,2017-08-14,6:55:00 AM,01 - Clear,01 - Daylight,01 - Dry,10 - No control,,02 - Non-fatal injury,07 - SMV other,0
17-13735,HIGHWAY 417 btwn HWY417 IC119A RAMP75 & HWY417 IC118 RAMP57,368919.66564,5030680.65246,-75.68079196560,45.41312417600,2017-08-14,1:00:00 PM,01 - Clear,01 - Daylight,01 - Dry,10 - No control,,03 - P.D. only,03 - Rear end,0
17-13736,HIGHWAY 417 btwn HWY417 IC127 RAMP25 & HWY417 IC126 RAMP51,363106.66557,5025746.05759,-75.75563669740,45.36923194410,2017-08-14,4:25:00 PM,01 - Clear,01 - Daylight,01 - Dry,10 - No control,,03 - P.D. only,03 - Rear end,0
17-13737,HIGHWAY 417 btwn HWY417 IC118 RAMP67 & HWY417 IC117 RAMP36,370176.02359,5031117.18409,-75.66468422950,45.41693567390,2017-08-15,9:30:00 AM,01 - Clear,01 - Daylight,01 - Dry,10 - No control,,02 - Non-fatal injury,03 - Rear end,0
17-13738,HIGHWAY 417 btwn HWY417 IC138 RAMP61 & HWY417 IC134 RAMP36,355555.60618,5021777.26791,-75.85243690120,45.33410793820,2017-08-15,3:45:00 PM,01 - Clear,01 - Daylight,01 - Dry,10 - No control,,03 - P.D. only,04 - Sideswipe,0
17-13739,HIGHWAY 417 btwn HWY417 IC117 RAMP51 & HWY417 IC117 RAMP35,370625.32932,5031162.52318,-75.65893797070,45.41730149170,2017-08-15,3:20:00 PM,01 - Clear,01 - Daylight,01 - Dry,10 - No control,,03 - P.D. only,04 - Sideswipe,0
17-13740,HIGHWAY 417 btwn HWY417 IC127 RAMP67 & HWY417 IC126 RAMP16,363031.74424,5025685.28444,-75.75660025280,45.36869134290,2017-08-15,4:17:00 PM,01 - Clear,01 - Daylight,01 - Dry,10 - No control,,03 - P.D. only,03 - Rear end,0
17-13741,HIGHWAY 417 btwn HWY417 IC124 RAMP65 & HWY417 IC122 RAMP51,365096.30535,5028614.09551,-75.72988823460,45.39486964860,2017-08-15,5:20:00 PM,01 - Clear,01 - Daylight,01 - Dry,10 - No control,,03 - P.D. only,03 - Rear end,0
17-13742,HIGHWAY 416 btwn HWY416 IC66 RAMP34 & HWY416 IC72 RAMP53,360291.33012,5017977.66549,-75.79244644940,45.29956044970,2017-08-16,1:46:00 PM,01 - Clear,01 - Daylight,01 - Dry,10 - No control,,02 - Non-fatal injury,07 - SMV other,0
17-13743,HIGHWAY 417 btwn HWY417 IC127 RAMP25 & HWY417 IC126 RAMP51,363172.32382,5025835.41815,-75.75478799400,45.37003053450,2017-08-16,4:00:00 PM,01 - Clear,01 - Daylight,01 - Dry,10 - No control,,03 - P.D. only,03 - Rear end,0
17-13744,HIGHWAY 417 btwn HWY417 IC119A RAMP75 & HWY417 IC118 RAMP57,368894.61660,5030665.99981,-75.68111387010,45.41299463090,2017-08-17,11:00:00 AM,01 - Clear,01 - Daylight,01 - Dry,10 - No control,,03 - P.D. only,04 - Sideswipe,0
17-13745,HIGHWAY 417 btwn HWY417 IC138 RAMP26 & HWY417 IC138 RAMP61,353109.37403,5020355.99219,-75.88378387000,45.32149171360,2017-08-17,12:10:00 PM,01 - Clear,01 - Daylight,01 - Dry,10 - No control,,03 - P.D. only,04 - Sideswipe,0
17-13746,HIGHWAY 417 btwn HWY417 IC96 RAMP61 & HWY417 IC88 RAMP16,392423.64039,5022907.98609,-75.38192860810,45.34064599650,2017-08-17,2:50:00 PM,01 - Clear,01 - Daylight,01 - Dry,10 - No control,,03 - P.D. only,03 - Rear end,0
17-13747,HIGHWAY 417 btwn HWY417 IC118 RAMP35 & HWY417 IC117 RAMP51,370181.29569,5031099.66123,-75.66461919940,45.41677751710,2017-08-17,5:30:00 PM,01 - Clear,01 - Daylight,01 - Dry,10 - No control,,03 - P.D. only,03 - Rear end,0
17-13748,HIGHWAY 417 btwn HWY417 IC119B RAMP57 & HWY417 IC119A RAMP75,368420.05616,5030422.05137,-75.68720782310,45.41084296890,2017-08-17,3:30:00 PM,01 - Clear,01 - Daylight,01 - Dry,10 - No control,,03 - P.D. only,03 - Rear end,0
17-13749,HIGHWAY 417 btwn HIGHWAY 417 & HWY417 IC140 RAMP51,349615.02272,5017801.45828,-75.92858520520,45.29873705720,2017-08-18,5:58:00 AM,02 - Rain,03 - Dawn,02 - Wet,10 - No control,,02 - Non-fatal injury,07 - SMV other,0
17-13750,HIGHWAY 417 btwn HWY417 IC121A RAMP51 & HWY417 IC120A RAMP52,367260.51739,5029733.39673,-75.70210755720,45.40475110460,2017-08-18,6:09:00 AM,02 - Rain,03 - Dawn,02 - Wet,10 - No control,,03 - P.D. only,07 - SMV other,0
17-13751,HIGHWAY 417 btwn HWY417 IC121A RAMP16 & HWY417 IC121A RAMP61,367293.09648,5029772.73153,-75.70168643580,45.40510212000,2017-08-18,7:45:00 AM,02 - Rain,01 - Daylight,02 - Wet,10 - No control,,03 - P.D. only,03 - Rear end,0
17-13752,HWY 417 MAITLAND IC126R52 @ MAITLAND AVE,363205.20595,5025834.62369,-75.75436833210,45.37002064620,2017-08-18,12:57:00 PM,01 - Clear,01 - Daylight,01 - Dry,03 - Yield sign,01 - Functioning,03 - P.D. only,03 - Rear end,0
17-13753,HIGHWAY 417 btwn HWY417 IC163 RAMP16 & HWY417 IC169 RAMP61,326761.77751,5024013.36949,-76.21969506100,45.35572166670,2017-08-20,2:00:00 AM,01 - Clear,07 - Dark,01 - Dry,10 - No control,,03 - P.D. only,07 - SMV other,0
17-13754,HIGHWAY 417 btwn HWY417 IC119A RAMP75 & HWY417 IC118 RAMP57,368865.44411,5030647.86276,-75.68148890320,45.41283411180,2017-08-21,3:36:00 PM,01 - Clear,01 - Daylight,01 - Dry,10 - No control,,03 - P.D. only,03 - Rear end,0
17-13755,HIGHWAY 417 btwn HWY417 IC127 RAMP25 & HWY417 IC126 RAMP51,362580.23682,5025183.88850,-75.76242245290,45.36421720150,2017-08-21,5:05:00 PM,01 - Clear,01 - Daylight,01 - Dry,10 - No control,,03 - P.D. only,04 - Sideswipe,0
17-13756,HIGHWAY 417 btwn HWY417 IC88 RAMP16 & HWY417 IC88 RAMP61,395513.26535,5022497.57913,-75.34258839830,45.33656094250,2017-08-21,7:10:00 PM,01 - Clear,01 - Daylight,01 - Dry,10 - No control,,03 - P.D. only,03 - Rear end,0
17-13757,HIGHWAY 416 btwn HWY416 IC66 RAMP52 & HWY416 IC66 RAMP24,360136.55526,5014683.65037,-75.79478713580,45.26993280500,2017-08-22,1:00:00 PM,02 - Rain,01 - Daylight,02 - Wet,10 - No control,,02 - Non-fatal injury,07 - SMV other,0
17-13758,HIGHWAY 417 btwn HWY417 IC119B RAMP57 & HWY417 IC119A RAMP75,368198.05108,5030278.80046,-75.69006223640,45.40957419000,2017-08-22,3:00:00 PM,01 - Clear,01 - Daylight,00 - Unknown,10 - No control,,02 - Non-fatal injury,03 - Rear end,0
17-13759,HIGHWAY 417 btwn HWY417 IC119B RAMP57 & HWY417 IC119A RAMP75,368406.54317,5030412.15072,-75.68738172150,45.41075511390,2017-08-22,3:00:00 PM,01 - Clear,01 - Daylight,01 - Dry,10 - No control,,03 - P.D. only,03 - Rear end,0
17-13760,HIGHWAY 417 btwn HWY417 IC124 RAMP65 & HWY417 IC122 RAMP51,364960.28544,5028374.21998,-75.73165459090,45.39272299800,2017-08-22,4:00:00 PM,01 - Clear,01 - Daylight,01 - Dry,10 - No control,,02 - Non-fatal injury,04 - Sideswipe,0
17-13761,HIGHWAY 417 btwn HWY417 IC126 RAMP25 & HWY417 IC124 RAMP57,363669.83057,5026502.06426,-75.74835764770,45.37598730920,2017-08-22,5:45:00 PM,02 - Rain,01 - Daylight,02 - Wet,10 - No control,,03 - P.D. only,03 - Rear end,0
17-13762,HIGHWAY 417 btwn HWY417 IC118 RAMP67 & HWY417 IC117 RAMP36,369835.64880,5031154.94787,-75.66902778580,45.41730717820,2017-08-23,10:45:00 AM,01 - Clear,01 - Daylight,01 - Dry,10 - No control,,03 - P.D. only,04 - Sideswipe,0
17-13763,HIGHWAY 417 btwn HWY417 IC119A RAMP75 & HWY417 IC118 RAMP57,368927.96740,5030686.36985,-75.68068516680,45.41317485850,2017-08-23,1:24:00 PM,01 - Clear,01 - Daylight,01 - Dry,10 - No control,,03 - P.D. only,03 - Rear end,0
17-13764,HIGHWAY 417 btwn HWY417 IC117 RAMP25 & HWY417 IC115 RAMP51,371830.34654,5031433.44884,-75.64350610930,45.41962475730,2017-08-23,3:38:00 PM,01 - Clear,01 - Daylight,01 - Dry,10 - No control,,03 - P.D. only,04 - Sideswipe,0
17-13765,HIGHWAY 417 btwn HWY417 IC126 RAMP61 & HWY417 IC124 RAMP76,363678.83524,5026537.37738,-75.74823847770,45.37630429470,2017-08-23,9:00:00 PM,01 - Clear,07 - Dark,01 - Dry,10 - No control,,03 - P.D. only,03 - Rear end,0
17-13766,HIGHWAY 417 btwn HWY417 IC163 RAMP16 & HWY417 IC163 RAMP61,331650.87402,5021410.63113,-76.15743631570,45.33213068970,2017-08-24,1:20:00 AM,01 - Clear,07 - Dark,01 - Dry,10 - No control,,03 - P.D. only,07 - SMV other,0
17-13767,HIGHWAY 417 btwn HWY417 IC119A RAMP75 & HWY417 IC118 RAMP57,368719.28482,5030580.47280,-75.68336480780,45.41224112500,2017-08-24,12:27:00 PM,01 - Clear,01 - Daylight,01 - Dry,10 - No control,,03 - P.D. only,04 - Sideswipe,0
17-13768,HWY417 IC119A RAMP75 btwn METCALFE ST & HIGHWAY 417,368557.04200,5030481.94177,-75.68545016180,45.41136937640,2017-08-24,3:15:00 PM,01 - Clear,01 - Daylight,01 - Dry,10 - No control,,03 - P.D. only,03 - Rear end,0
17-13769,HIGHWAY 417 btwn HWY417 IC119B RAMP57 & HWY417 IC119A RAMP75,368443.80010,5030436.43335,-75.68690265140,45.41097021450,2017-08-24,4:15:00 PM,01 - Clear,01 - Daylight,01 - Dry,10 - No control,,03 - P.D. only,03 - Rear end,0
17-13770,HIGHWAY 417 btwn HWY417 IC120B RAMP36 & HWY417 IC119B RAMP76,367927.33240,5030111.52436,-75.69354186040,45.40809356280,2017-08-25,5:14:00 PM,01 - Clear,01 - Daylight,01 - Dry,10 - No control,,02 - Non-fatal injury,03 - Rear end,0
17-13771,HIGHWAY 417 btwn HWY417 IC127 RAMP67 & HWY417 IC126 RAMP16,362722.86199,5025313.24310,-75.76058679950,45.36536935010,2017-08-25,2:30:00 PM,01 - Clear,01 - Daylight,01 - Dry,10 - No control,,03 - P.D. only,03 - Rear end,0
17-13772,HIGHWAY 417 btwn HWY417 IC127 RAMP35 & HWY417 IC127 RAMP25,362200.04428,5024885.67558,-75.76730993280,45.36156514280,2017-08-26,3:15:00 PM,01 - Clear,01 - Daylight,01 - Dry,10 - No control,,03 - P.D. only,03 - Rear end,0
17-13773,HWY417 IC127 RAMP63 btwn HIGHWAY 417 & WOODROFFE AVE,361984.49663,5024810.56904,-75.77006978400,45.36090695510,2017-08-27,2:48:00 PM,01 - Clear,01 - Daylight,01 - Dry,10 - No control,,02 - Non-fatal injury,07 - SMV other,0
17-13774,HIGHWAY 417 btwn HWY417 IC126 RAMP16 & HWY417 IC126 RAMP61,363117.86806,5025802.75852,-75.75548700090,45.36974120000,2017-08-27,3:30:00 PM,01 - Clear,01 - Daylight,01 - Dry,10 - No control,,03 - P.D. only,03 - Rear end,0
17-13775,HIGHWAY 417 btwn HWY 417 ANDERSON IC104R61 & HWY 417 BOUNDARY IC96R16,381552.37826,5025629.19151,-75.52020088560,45.36640322170,2017-08-27,8:15:00 PM,01 - Clear,07 - Dark,01 - Dry,10 - No control,,03 - P.D. only,07 - SMV other,0
17-13776,HIGHWAY 417 btwn HWY417 IC122 RAMP15 & HWY417 IC121B RAMP51,366459.12127,5029476.50545,-75.71237601270,45.40251071580,2017-08-28,3:00:00 PM,01 - Clear,01 - Daylight,01 - Dry,10 - No control,,03 - P.D. only,03 - Rear end,0
17-13777,HIGHWAY 417 btwn HWY417 IC119B RAMP57 & HWY417 IC119A RAMP75,368394.60514,5030405.93565,-75.68753502550,45.41070027830,2017-08-28,5:30:00 PM,01 - Clear,01 - Daylight,01 - Dry,10 - No control,,03 - P.D. only,03 - Rear end,0
17-13778,HIGHWAY 417 btwn HWY417 IC124 RAMP65 & HWY417 IC122 RAMP51,364805.57797,5028079.31745,-75.73366614230,45.39008279770,2017-08-29,9:35:00 AM,01 - Clear,01 - Daylight,01 - Dry,10 - No control,,03 - P.D. only,03 - Rear end,0
17-13779,HIGHWAY 417 btwn HWY417 IC121A RAMP51 & HWY417 IC120A RAMP52,367084.78802,5029668.83146,-75.70436032330,45.40418582360,2017-08-29,3:50:00 PM,01 - Clear,01 - Daylight,01 - Dry,10 - No control,,03 - P.D. only,03 - Rear end,0
17-13780,HIGHWAY 417 btwn HWY417 IC121B RAMP16 & HWY417 IC121A RAMP16,366591.28620,5029540.56121,-75.71067989360,45.40307541850,2017-08-29,4:45:00 PM,01 - Clear,01 - Daylight,01 - Dry,10 - No control,,03 - P.D. only,03 - Rear end,0
17-13781,HWY417 IC129 RAMP51 btwn HIGHWAY 417 & ASHLEY ST,360155.14264,5023278.81368,-75.79359021940,45.34727108390,2017-08-30,4:15:00 PM,01 - Clear,01 - Daylight,01 - Dry,10 - No control,,03 - P.D. only,03 - Rear end,0
17-13782,HIGHWAY 417 btwn HWY417 IC119B RAMP76 & HWY417 IC119A RAMP67,368433.86586,5030445.12052,-75.68702843400,45.41104928150,2017-08-30,2:10:00 PM,01 - Clear,01 - Daylight,01 - Dry,10 - No control,,03 - P.D. only,04 - Sideswipe,0
17-13783,HIGHWAY 417 btwn HWY417 IC138 RAMP61 & HWY417 IC134 RAMP36,355460.59941,5021717.70540,-75.85365506040,45.33357885310,2017-08-31,8:50:00 AM,01 - Clear,01 - Daylight,01 - Dry,10 - No control,,02 - Non-fatal injury,04 - Sideswipe,0
17-13784,HIGHWAY 417 btwn HWY417 IC121A RAMP16 & HWY417 IC121A RAMP61,367450.26124,5029843.78137,-75.69966991580,45.40572735700,2017-08-31,5:09:00 PM,01 - Clear,01 - Daylight,01 - Dry,10 - No control,,03 - P.D. only,03 - Rear end,0
17-13785,HIGHWAY 417 btwn HWY417 IC129 RAMP25 & TRANSIT,361541.57442,5024374.30376,-75.77577308070,45.35701745690,2017-09-01,1:58:00 PM,01 - Clear,01 - Daylight,01 - Dry,10 - No control,,03 - P.D. only,03 - Rear end,0
17-13786,HIGHWAY 417 btwn HWY417 IC126 RAMP61 & HWY417 IC124 RAMP76,363680.59737,5026541.77477,-75.74821545570,45.37634371380,2017-09-01,5:15:00 PM,01 - Clear,01 - Daylight,01 - Dry,10 - No control,,03 - P.D. only,03 - Rear end,0
17-13787,HIGHWAY 417 btwn HWY417 IC119B RAMP76 & HWY417 IC119A RAMP67,368565.50127,5030519.82912,-75.68533719690,45.41170950290,2017-09-01,3:54:00 PM,01 - Clear,01 - Daylight,01 - Dry,10 - No control,,03 - P.D. only,03 - Rear end,0
17-13788,HIGHWAY 417 btwn HIGHWAY 417 & HWY417 IC140 RAMP51,349662.02146,5017836.02589,-75.92798284850,45.29904510740,2017-09-02,12:20:00 AM,01 - Clear,07 - Dark,01 - Dry,10 - No control,,03 - P.D. only,07 - SMV other,0
17-13789,HIGHWAY 417 btwn HWY417 IC131 RAMP66 & HWY417 IC130 RAMP26,359149.78711,5023071.82303,-75.80644176700,45.34548720310,2017-09-02,4:25:00 AM,01 - Clear,07 - Dark,01 - Dry,10 - No control,,03 - P.D. only,07 - SMV other,0
17-13790,HIGHWAY 417 btwn HIGHWAY 417 & HWY417 IC129 RAMP51,359885.33024,5023158.60653,-75.79704653360,45.34621070210,2017-09-02,9:30:00 AM,01 - Clear,01 - Daylight,01 - Dry,10 - No control,,03 - P.D. only,04 - Sideswipe,0
17-13791,HIGHWAY 417 btwn HWY417 IC123 RAMP62 & HWY417 IC122 RAMP16,364948.75982,5028387.84199,-75.73180011780,45.39284655600,2017-09-02,2:05:00 PM,01 - Clear,01 - Daylight,01 - Dry,10 - No control,,03 - P.D. only,03 - Rear end,0
17-13792,HIGHWAY 416 btwn HWY416 IC66 RAMP62 & HWY416 IC66 RAMP52,359998.71325,5014898.29835,-75.79651981000,45.27187506570,2017-09-02,7:50:00 PM,01 - Clear,05 - Dusk,02 - Wet,10 - No control,,03 - P.D. only,07 - SMV other,0
17-13793,HIGHWAY 417 btwn HWY417 IC123 RAMP62 & HWY417 IC122 RAMP16,365092.55233,5028641.56028,-75.72993280880,45.39511709420,2017-09-03,3:42:00 AM,01 - Clear,07 - Dark,01 - Dry,10 - No control,,03 - P.D. only,07 - SMV other,0
17-13794,HIGHWAY 417 btwn HWY417 IC144 RAMP25 & HWY417 IC142 RAMP51,348230.30527,5016561.50778,-75.94634880560,45.28766652380,2017-09-03,10:45:00 AM,02 - Rain,01 - Daylight,02 - Wet,10 - No control,,03 - P.D. only,07 - SMV other,0
17-13795,HIGHWAY 417 btwn HWY417 IC119A RAMP75 & HWY417 IC118 RAMP57,368910.32389,5030670.38087,-75.68091264120,45.41303261170,2017-09-02,4:30:00 PM,01 - Clear,01 - Daylight,01 - Dry,10 - No control,,03 - P.D. only,03 - Rear end,0
17-13796,HIGHWAY 417 btwn HWY417 IC126 RAMP51 & HWY417 IC126 RAMP25,363268.12594,5025967.98480,-75.75354934700,45.37121536630,2017-09-03,2:15:00 PM,02 - Rain,01 - Daylight,02 - Wet,10 - No control,,03 - P.D. only,04 - Sideswipe,0
17-13797,HIGHWAY 417 btwn HWY417 IC129 RAMP25 & TRANSIT,361369.04881,5024228.08132,-75.77799168560,45.35571569540,2017-09-03,2:40:00 PM,02 - Rain,01 - Daylight,02 - Wet,10 - No control,,03 - P.D. only,03 - Rear end,0
17-13798,HIGHWAY 417 btwn HWY417 IC122 RAMP61 & HWY417 IC121B RAMP16,365922.16667,5029274.43641,-75.71925938740,45.40073963630,2017-09-04,9:30:00 AM,00 - Unknown,01 - Daylight,01 - Dry,10 - No control,,03 - P.D. only,04 - Sideswipe,0
17-13799,HWY417 IC104 RAMP61 btwn ANDERSON RD & HIGHWAY 417,380161.22348,5026172.24354,-75.53787459360,45.37144021420,2017-09-04,3:25:00 PM,01 - Clear,01 - Daylight,01 - Dry,10 - No control,,03 - P.D. only,07 - SMV other,0
17-13800,HIGHWAY 417 btwn Continuation of HIGHWAY 417 & HWY417 IC134 RAMP51,355356.59220,5021616.10943,-75.85499231230,45.33267218040,2017-09-05,9:40:00 AM,01 - Clear,01 - Daylight,01 - Dry,10 - No control,,03 - P.D. only,04 - Sideswipe,0
17-13801,HIGHWAY 417 btwn HWY417 IC127 RAMP67 & HWY417 IC126 RAMP16,362759.01368,5025355.70246,-75.76012036380,45.36574840700,2017-09-06,3:22:00 PM,01 - Clear,01 - Daylight,01 - Dry,10 - No control,,03 - P.D. only,03 - Rear end,0
17-13802,HIGHWAY 417 btwn HWY417 IC155 RAMP61 & HWY417 IC145 RAMP56,342192.16921,5017571.85689,-76.02324413510,45.29710528550,2017-09-06,5:20:00 PM,01 - Clear,01 - Daylight,01 - Dry,10 - No control,,03 - P.D. only,07 - SMV other,0
17-13803,HIGHWAY 416 btwn HWY416 IC66 RAMP53 & HWY416 IC57 RAMP34,361121.55707,5012513.27803,-75.78248121600,45.25032536580,2017-09-06,7:38:00 PM,01 - Clear,05 - Dusk,01 - Dry,10 - No control,,03 - P.D. only,07 - SMV other,0
17-13804,HIGHWAY 416 btwn HWY416 IC66 RAMP53 & HWY416 IC57 RAMP34,363781.15405,5009867.43940,-75.74891538350,45.22630003760,2017-09-06,8:50:00 PM,01 - Clear,07 - Dark,01 - Dry,10 - No control,,03 - P.D. only,07 - SMV other,0
17-13805,HIGHWAY 417 btwn HWY417 IC120A RAMP52 & HWY417 IC119B RAMP57,367836.65140,5030022.52082,-75.69471158430,45.40730090890,2017-09-06,10:05:00 PM,01 - Clear,07 - Dark,01 - Dry,10 - No control,,03 - P.D. only,04 - Sideswipe,0
17-13806,RAMP btwn Continuation of RAMP & END (2),346499.97373,5015218.31288,-75.96851902880,45.27568472280,2017-09-07,12:30:00 AM,01 - Clear,07 - Dark,01 - Dry,10 - No control,,03 - P.D. only,07 - SMV other,0
17-13807,HIGHWAY 417 btwn HWY417 IC126 RAMP25 & HWY417 IC124 RAMP57,363525.76889,5026311.07951,-75.75021956070,45.37428094340,2017-09-07,4:10:00 PM,02 - Rain,01 - Daylight,02 - Wet,10 - No control,,03 - P.D. only,03 - Rear end,0
17-13808,HIGHWAY 417 btwn HWY417 IC115 RAMP51 & HWY417 IC115 RAMP35,372299.85660,5031479.31251,-75.63750124660,45.41999227760,2017-09-07,4:25:00 PM,01 - Clear,01 - Daylight,01 - Dry,10 - No control,,03 - P.D. only,04 - Sideswipe,0
17-13809,HIGHWAY 417 btwn HWY417 IC119A RAMP67 & HWY417 IC118 RAMP76,368948.63740,5030714.66515,-75.68041742630,45.41342755520,2017-09-07,5:30:00 PM,02 - Rain,01 - Daylight,02 - Wet,10 - No control,,03 - P.D. only,03 - Rear end,0
17-13810,HIGHWAY 417 btwn TRANSIT & HWY417 IC127 RAMP35,361902.02831,5024649.42935,-75.77114098020,45.35946375480,2017-09-08,7:01:00 AM,01 - Clear,01 - Daylight,01 - Dry,10 - No control,,03 - P.D. only,03 - Rear end,0
17-13811,HIGHWAY 417 btwn HWY417 IC127 RAMP25 & HWY417 IC126 RAMP51,362676.72986,5025255.22057,-75.76118244500,45.36485108010,2017-09-08,3:20:00 PM,01 - Clear,01 - Daylight,01 - Dry,10 - No control,,03 - P.D. only,03 - Rear end,0
17-13812,HWY416 IC75B RAMP25 btwn HWY416 IC75C RAMP24 & HWY417 IC131 RAMP55,358636.42844,5022850.04742,-75.81301640500,45.34353124860,2017-09-09,1:30:00 AM,01 - Clear,07 - Dark,01 - Dry,10 - No control,,02 - Non-fatal injury,07 - SMV other,0
17-13813,HIGHWAY 416 btwn HWY416 IC49 RAMP24 & HWY416 IC42 RAMP42,370501.49773,4996834.04539,-75.66506021380,45.10843070390,2017-09-09,7:12:00 AM,01 - Clear,01 - Daylight,01 - Dry,10 - No control,,02 - Non-fatal injury,07 - SMV other,0
17-13814,HIGHWAY 417 btwn HWY417 IC124 RAMP67 & HWY417 IC123 RAMP62,364722.80978,5027967.80488,-75.73473662450,45.38908651570,2017-09-09,10:20:00 PM,01 - Clear,07 - Dark,01 - Dry,10 - No control,,03 - P.D. only,04 - Sideswipe,0
17-13815,HIGHWAY 417 btwn HWY417 IC124 RAMP67 & HWY417 IC123 RAMP62,364792.65992,5028095.86347,-75.73382909350,45.39023278210,2017-09-10,1:45:00 PM,01 - Clear,01 - Daylight,01 - Dry,10 - No control,,03 - P.D. only,03 - Rear end,0
17-13816,HIGHWAY 417 btwn HWY417 IC126 RAMP61 & HWY417 IC124 RAMP76,363678.20183,5026540.63952,-75.74824617530,45.37633369990,2017-09-11,6:35:00 AM,01 - Clear,03 - Dawn,01 - Dry,10 - No control,,03 - P.D. only,03 - Rear end,0
17-13817,HWY 417 ST.LAURE IC115R51 @ ST. LAURENT BLVD,372530.38411,5031409.72343,-75.63456551900,45.41934386800,2017-09-11,6:54:00 AM,01 - Clear,01 - Daylight,01 - Dry,01 - Traffic signal,00 - Unknown,03 - P.D. only,03 - Rear end,0
17-13818,HIGHWAY 417 btwn HWY417 IC118 RAMP67 & HWY417 IC117 RAMP36,370177.34281,5031113.70700,-75.66466783700,45.41690426500,2017-09-11,8:25:00 AM,01 - Clear,01 - Daylight,01 - Dry,10 - No control,,02 - Non-fatal injury,03 - Rear end,0