COLLISION_ID,LOCATION,X,Y,LONGITUDE,LATITUDE,DATE,TIME,ENVIRONMENT,LIGHT,SURFACE_CONDITION,TRAFFIC_CONTROL,TRAFFIC_CONTROL_CONDITION,COLLISION_CLASSIFICATION,IMPACT_TYPE,NO_OF_PEDESTRIANS
17-13920,HIGHWAY 417 btwn HWY417 IC126 RAMP16 & HWY417 IC126 RAMP61,363110.71169,5025795.68379,-75.75557919010,45.36967813810,2017-10-06,7:15:00 PM,01 - Clear,07 - Dark,01 - Dry,10 - No control,,03 - P.D. only,03 - Rear end,0
17-13921,HIGHWAY 417 btwn HWY417 IC126 RAMP51 & HWY417 IC126 RAMP25,363272.63701,5025969.25081,-75.75349160970,45.37122638120,2017-10-07,1:36:00 PM,01 - Clear,01 - Daylight,02 - Wet,10 - No control,,03 - P.D. only,03 - Rear end,0
17-13922,HIGHWAY 417 btwn HWY417 IC126 RAMP16 & HWY417 IC126 RAMP61,363120.23671,5025804.15048,-75.75545660050,45.36975352790,2017-10-06,3:37:00 PM,01 - Clear,01 - Daylight,01 - Dry,10 - No control,,03 - P.D. only,03 - Rear end,0
17-13923,HIGHWAY 417 btwn HWY417 IC119A RAMP75 & HWY417 IC118 RAMP57,368925.70054,5030680.11356,-75.68071494030,45.41311877420,2017-10-08,9:00:00 AM,02 - Rain,01 - Daylight,02 - Wet,10 - No control,,03 - P.D. only,04 - Sideswipe,0
17-13924,CATHERINE ST @ METCALFE ST,368394.83948,5030487.91985,-75.68752145400,45.41143792380,2017-10-09,7:40:00 PM,01 - Clear,07 - Dark,01 - Dry,01 - Traffic signal,01 - Functioning,03 - P.D. only,03 - Rear end,0
17-13925,HIGHWAY 417 btwn Continuation of HIGHWAY 417 & HWY417 IC134 RAMP51,355525.04296,5021715.83591,-75.85283311160,45.33355737560,2017-10-10,7:30:00 AM,01 - Clear,01 - Daylight,01 - Dry,10 - No control,,02 - Non-fatal injury,03 - Rear end,0
17-13926,HIGHWAY 417 btwn HWY417 IC126 RAMP51 & HWY417 IC126 RAMP25,363271.00012,5025972.72568,-75.75351209460,45.37125778450,2017-10-10,8:30:00 AM,01 - Clear,01 - Daylight,01 - Dry,10 - No control,,03 - P.D. only,03 - Rear end,0
17-13927,HIGHWAY 417 btwn HWY417 IC119B RAMP76 & HWY417 IC119A RAMP67,368283.45320,5030353.70527,-75.68896165090,45.41024041770,2017-10-10,3:45:00 PM,01 - Clear,01 - Daylight,01 - Dry,10 - No control,,03 - P.D. only,03 - Rear end,0
17-13928,HIGHWAY 417 btwn HWY417 IC122 RAMP51 & HWY417 IC122 RAMP15,365311.85892,5028861.87562,-75.72710501700,45.39708052500,2017-10-10,4:50:00 PM,01 - Clear,01 - Daylight,01 - Dry,10 - No control,,03 - P.D. only,03 - Rear end,0
17-13929,HIGHWAY 417 btwn HWY417 IC129 RAMP25 & TRANSIT,361617.65437,5024434.69968,-75.77479516200,45.35755473450,2017-10-10,5:44:00 PM,01 - Clear,01 - Daylight,01 - Dry,10 - No control,,03 - P.D. only,03 - Rear end,0
17-13930,HIGHWAY 417 btwn HWY417 IC140 RAMP36 & HWY417 IC140 RAMP16,350569.45777,5018373.80306,-75.91636345110,45.30382564700,2017-10-10,7:15:00 PM,01 - Clear,07 - Dark,01 - Dry,10 - No control,,02 - Non-fatal injury,03 - Rear end,0
17-13931,HIGHWAY 417 btwn HWY417 IC134 RAMP25 & HWY417 IC131 RAMP53,357296.19820,5022587.62298,-75.83014516620,45.34127151550,2017-10-11,6:30:00 AM,01 - Clear,03 - Dawn,01 - Dry,10 - No control,,03 - P.D. only,03 - Rear end,0
17-13932,HIGHWAY 417 btwn HWY417 IC112 RAMP66 & HWY417 IC113 RAMP65,374200.43296,5031318.36128,-75.61324164320,45.41835817320,2017-10-11,8:10:00 AM,01 - Clear,01 - Daylight,01 - Dry,10 - No control,,03 - P.D. only,03 - Rear end,0
17-13933,HIGHWAY 416 btwn HWY416 IC75A RAMP26 & HWY416 IC72 RAMP62,358907.64706,5021601.84055,-75.80969224020,45.33227896950,2017-10-11,8:35:00 PM,01 - Clear,07 - Dark,01 - Dry,10 - No control,,02 - Non-fatal injury,04 - Sideswipe,0
17-13934,HIGHWAY 417 btwn HWY417 IC118 RAMP67 & HWY417 IC117 RAMP36,369805.03086,5031156.06966,-75.66941880690,45.41732011700,2017-10-11,10:10:00 PM,01 - Clear,07 - Dark,01 - Dry,10 - No control,,03 - P.D. only,04 - Sideswipe,0
17-13935,HIGHWAY 417 btwn HWY417 IC155 RAMP61 & HWY417 IC145 RAMP56,342191.87363,5017575.08583,-76.02324766050,45.29713435630,2017-10-12,2:07:00 PM,01 - Clear,01 - Daylight,01 - Dry,10 - No control,,03 - P.D. only,07 - SMV other,0
17-13936,HIGHWAY 417 btwn HWY417 IC129 RAMP61 & TRANSIT,361346.05194,5024246.90306,-75.77828302580,45.35588690790,2017-10-13,10:05:00 AM,01 - Clear,01 - Daylight,01 - Dry,10 - No control,,02 - Non-fatal injury,03 - Rear end,0
17-13937,HWY417 IC118 RAMP76 btwn HIGHWAY 417 & HWY417 IC118 RAMP43,369311.39498,5030976.64652,-75.67574891270,45.41575142020,2017-10-16,5:30:00 AM,01 - Clear,07 - Dark,01 - Dry,10 - No control,,03 - P.D. only,04 - Sideswipe,0
17-13938,HIGHWAY 417 btwn HWY417 IC115 RAMP61 & REGIONAL ROAD 174,373002.86903,5031623.92448,-75.62849932540,45.42122524680,2017-10-16,10:50:00 AM,01 - Clear,01 - Daylight,01 - Dry,10 - No control,,03 - P.D. only,99 - Other,0
17-13939,HIGHWAY 417 btwn HWY417 IC163 RAMP51 & HWY417 IC163 RAMP15,331005.20922,5021537.16536,-76.16566687080,45.33329372270,2017-10-16,4:30:00 PM,01 - Clear,01 - Daylight,01 - Dry,10 - No control,,03 - P.D. only,07 - SMV other,0
17-13940,HWY417 IC112 RAMP55 btwn INNES RD & HIGHWAY 417,374685.35248,5030701.65439,-75.60713383230,45.41276110120,2017-10-17,7:35:00 AM,01 - Clear,01 - Daylight,01 - Dry,10 - No control,,03 - P.D. only,03 - Rear end,0
17-13941,HWY417 IC104 RAMP61 btwn ANDERSON RD & HIGHWAY 417,380066.90887,5026255.49721,-75.53906583760,45.37219941430,2017-10-18,9:15:00 AM,01 - Clear,01 - Daylight,01 - Dry,10 - No control,,03 - P.D. only,03 - Rear end,0
17-13942,HIGHWAY 417 btwn HIGHWAY 417 & HWY417 IC129 RAMP51,359814.64403,5023141.15465,-75.79795044560,45.34605921860,2017-10-18,11:30:00 AM,01 - Clear,01 - Daylight,01 - Dry,10 - No control,,03 - P.D. only,03 - Rear end,0
17-13943,HIGHWAY 417 btwn HWY417 IC119A RAMP75 & HWY417 IC118 RAMP57,368829.29139,5030635.01630,-75.68195241780,45.41272183220,2017-10-18,3:45:00 PM,01 - Clear,01 - Daylight,01 - Dry,10 - No control,,03 - P.D. only,03 - Rear end,0
17-13944,HIGHWAY 417 btwn REGIONAL ROAD 174 & HWY417 IC113 RAMP62,373598.19326,5031863.63793,-75.62085965360,45.42332377660,2017-10-18,9:45:00 PM,01 - Clear,07 - Dark,01 - Dry,10 - No control,,03 - P.D. only,03 - Rear end,0
17-13945,HIGHWAY 417 btwn HWY417 IC112 RAMP64 & HIGHWAY 417,375084.94290,5030657.98218,-75.60203545940,45.41232814310,2017-10-19,8:30:00 AM,01 - Clear,01 - Daylight,01 - Dry,10 - No control,,03 - P.D. only,03 - Rear end,0
17-13946,HIGHWAY 417 btwn HWY417 IC118 RAMP67 & HWY417 IC117 RAMP36,370246.45336,5031119.80590,-75.66378408930,45.41695267970,2017-10-19,8:30:00 AM,01 - Clear,01 - Daylight,01 - Dry,10 - No control,,03 - P.D. only,04 - Sideswipe,0
17-13947,HIGHWAY 417 btwn HWY417 IC118 RAMP35 & HWY417 IC117 RAMP51,370128.76646,5031096.09919,-75.66529076880,45.41675037400,2017-10-19,5:05:00 PM,01 - Clear,01 - Daylight,01 - Dry,10 - No control,,03 - P.D. only,03 - Rear end,0
17-13948,HIGHWAY 417 btwn HWY417 IC126 RAMP51 & HWY417 IC126 RAMP25,363266.94273,5025963.59559,-75.75356497090,45.37117597150,2017-10-19,5:30:00 PM,01 - Clear,01 - Daylight,01 - Dry,10 - No control,,03 - P.D. only,03 - Rear end,0
17-13949,HIGHWAY 417 btwn HWY417 IC129 RAMP25 & TRANSIT,361752.64109,5024533.18468,-75.77306102100,45.35842994410,2017-10-19,6:29:00 PM,01 - Clear,07 - Dark,01 - Dry,10 - No control,,02 - Non-fatal injury,03 - Rear end,0
17-13950,HIGHWAY 417 btwn HWY417 IC117 RAMP61 & HWY417 IC115 RAMP36,371562.87449,5031422.52512,-75.64692488550,45.41955204540,2017-10-20,6:45:00 AM,01 - Clear,03 - Dawn,01 - Dry,10 - No control,,03 - P.D. only,04 - Sideswipe,0
17-13951,HIGHWAY 417 btwn HWY417 IC169 RAMP35 & HWY417 IC169 RAMP25,325638.41848,5024703.56610,-76.23400358000,45.36196672900,2017-10-20,8:30:00 AM,01 - Clear,01 - Daylight,01 - Dry,10 - No control,,03 - P.D. only,07 - SMV other,0
17-13952,HWY417 IC104 RAMP51 btwn HIGHWAY 417 & ANDERSON RD,379852.85470,5025886.19511,-75.54185439650,45.36889962050,2017-10-20,9:50:00 AM,01 - Clear,01 - Daylight,01 - Dry,10 - No control,,03 - P.D. only,07 - SMV other,0
17-13953,HIGHWAY 417 btwn HWY417 IC127 RAMP25 & HWY417 IC126 RAMP51,362876.73075,5025428.76930,-75.75860917620,45.36639611050,2017-10-20,1:30:00 PM,01 - Clear,01 - Daylight,01 - Dry,10 - No control,,03 - P.D. only,03 - Rear end,0
17-13954,HIGHWAY 417 btwn HWY417 IC121B RAMP16 & HWY417 IC121A RAMP16,366745.07911,5029583.13282,-75.70871018810,45.40344487410,2017-10-20,3:30:00 PM,01 - Clear,01 - Daylight,01 - Dry,10 - No control,,03 - P.D. only,04 - Sideswipe,0
17-13955,HIGHWAY 417 btwn HWY417 IC118 RAMP35 & HWY417 IC117 RAMP51,369877.75204,5031129.36091,-75.66849326180,45.41707304140,2017-10-20,4:20:00 PM,01 - Clear,01 - Daylight,01 - Dry,10 - No control,,03 - P.D. only,03 - Rear end,0
17-13956,HWY417 IC104 RAMP16 btwn ANDERSON RD & HIGHWAY 417,380153.57190,5025993.47064,-75.53799953710,45.36983255110,2017-10-20,7:20:00 PM,01 - Clear,07 - Dark,01 - Dry,10 - No control,,03 - P.D. only,07 - SMV other,0
17-13957,HWY417 IC126 RAMP61 btwn HWY417 IC126 RAMP63 & HIGHWAY 417,363129.03968,5025845.90904,-75.75533929610,45.37012853330,2017-10-21,11:10:00 AM,01 - Clear,01 - Daylight,01 - Dry,10 - No control,,02 - Non-fatal injury,07 - SMV other,0
17-13958,HWY417 IC131 RAMP66 btwn HWY417 IC130 RAMP36 & HWY417 IC131 RAMP63,358513.00379,5022907.10200,-75.81458506490,45.34405408970,2017-10-21,10:46:00 AM,01 - Clear,01 - Daylight,01 - Dry,10 - No control,,03 - P.D. only,04 - Sideswipe,0
17-13959,HWY417 IC118 RAMP52 btwn HWY417 IC118 RAMP57 & HWY417 IC118 RAMP62,369308.13121,5030892.04894,-75.67580168290,45.41499054260,2017-10-21,1:00:00 PM,01 - Clear,01 - Daylight,01 - Dry,10 - No control,,03 - P.D. only,03 - Rear end,0
17-13960,HIGHWAY 417 btwn HWY417 IC124 RAMP65 & HWY417 IC122 RAMP51,364869.11955,5028207.39586,-75.73283913170,45.39122977440,2017-10-21,3:42:00 PM,01 - Clear,01 - Daylight,01 - Dry,10 - No control,,03 - P.D. only,03 - Rear end,0
17-13961,HIGHWAY 417 btwn HWY417 IC124 RAMP67 & HWY417 IC123 RAMP62,364787.20439,5028089.28563,-75.73389955950,45.39017406270,2017-10-21,6:30:00 PM,01 - Clear,07 - Dark,01 - Dry,10 - No control,,03 - P.D. only,03 - Rear end,0
17-13962,HIGHWAY 417 btwn HWY417 IC104 RAMP15 & HWY417 IC96 RAMP51,381409.03997,5025604.10232,-75.52203432360,45.36619316670,2017-10-22,4:20:00 PM,01 - Clear,01 - Daylight,01 - Dry,10 - No control,,03 - P.D. only,07 - SMV other,0
17-13963,HIGHWAY 417 btwn HWY417 IC121A RAMP16 & HWY417 IC121A RAMP61,367296.32019,5029769.00510,-75.70164573120,45.40506830310,2017-10-22,5:35:00 PM,01 - Clear,01 - Daylight,01 - Dry,10 - No control,,02 - Non-fatal injury,07 - SMV other,0
17-13964,HIGHWAY 417 btwn HWY417 IC121A RAMP16 & HWY417 IC121A RAMP61,367248.06009,5029751.22506,-75.70226441770,45.40491263090,2017-10-22,5:35:00 PM,01 - Clear,01 - Daylight,01 - Dry,10 - No control,,03 - P.D. only,03 - Rear end,0
17-13965,HIGHWAY 416 btwn HWY416 IC66 RAMP52 & HWY416 IC66 RAMP24,360182.27748,5014595.08531,-75.79421437040,45.26913228680,2017-10-22,11:15:00 PM,01 - Clear,07 - Dark,01 - Dry,10 - No control,,02 - Non-fatal injury,07 - SMV other,0
17-13966,HIGHWAY 417 btwn HWY417 IC124 RAMP65 & HWY417 IC122 RAMP51,365176.58893,5028732.55955,-75.72884843910,45.39592864520,2017-10-23,3:15:00 AM,01 - Clear,07 - Dark,01 - Dry,10 - No control,,03 - P.D. only,07 - SMV other,0
17-13967,HIGHWAY 417 btwn HWY417 IC120A RAMP52 & HWY417 IC119B RAMP57,367915.34941,5030081.09058,-75.69369882540,45.40782080970,2017-10-23,7:10:00 AM,01 - Clear,01 - Daylight,01 - Dry,10 - No control,,03 - P.D. only,04 - Sideswipe,0
17-13968,HIGHWAY 417 btwn HWY417 IC118 RAMP35 & HWY417 IC117 RAMP51,370120.07382,5031098.78595,-75.66540146790,45.41677536040,2017-10-23,7:40:00 AM,01 - Clear,01 - Daylight,01 - Dry,10 - No control,,03 - P.D. only,99 - Other,0
17-13969,HIGHWAY 417 btwn HWY417 IC112 RAMP66 & HWY417 IC113 RAMP65,374141.15586,5031565.68122,-75.61396415430,45.42058930750,2017-10-23,6:50:00 AM,"07 - Fog, mist, smoke, dust",03 - Dawn,01 - Dry,10 - No control,,03 - P.D. only,03 - Rear end,0
17-13970,HIGHWAY 417 btwn HWY417 IC110 RAMP66 & HWY417 IC110 RAMP56,375825.17923,5029208.55650,-75.59278812870,45.39921226560,2017-10-23,7:45:00 AM,01 - Clear,01 - Daylight,01 - Dry,10 - No control,,03 - P.D. only,03 - Rear end,0
17-13971,HIGHWAY 417 btwn HWY417 IC124 RAMP67 & HWY417 IC123 RAMP62,364720.19235,5027963.61535,-75.73477055650,45.38904904330,2017-10-23,5:15:00 PM,01 - Clear,01 - Daylight,01 - Dry,10 - No control,,02 - Non-fatal injury,04 - Sideswipe,0
17-13972,HIGHWAY 417 btwn HWY417 IC126 RAMP25 & HWY417 IC124 RAMP57,363666.09024,5026500.34664,-75.74840560520,45.37597216780,2017-10-24,6:30:00 AM,02 - Rain,07 - Dark,02 - Wet,10 - No control,,03 - P.D. only,03 - Rear end,0
17-13973,HWY416 IC75B RAMP25 btwn HWY416 IC75C RAMP24 & HWY417 IC131 RAMP55,358525.11996,5022606.30719,-75.81446313190,45.34134659860,2017-10-24,7:30:00 AM,02 - Rain,03 - Dawn,02 - Wet,10 - No control,,03 - P.D. only,03 - Rear end,0
17-13974,HIGHWAY 417 btwn HWY417 IC124 RAMP57 & HWY417 IC124 RAMP55,364101.52473,5027069.30778,-75.74277818990,45.38105487280,2017-10-24,7:30:00 AM,02 - Rain,01 - Daylight,02 - Wet,10 - No control,,03 - P.D. only,03 - Rear end,0
17-13975,HIGHWAY 417 btwn HWY417 IC129 RAMP25 & HWY417 IC129 RAMP35,360783.00809,5023782.11787,-75.78552141430,45.35174996730,2017-10-24,7:40:00 AM,02 - Rain,01 - Daylight,02 - Wet,10 - No control,,03 - P.D. only,99 - Other,0
17-13976,HIGHWAY 417 btwn HWY417 IC144 RAMP25 & HWY417 IC142 RAMP51,348283.00809,5016598.40142,-75.94567374630,45.28799524660,2017-10-24,7:52:00 AM,02 - Rain,01 - Daylight,02 - Wet,10 - No control,,03 - P.D. only,07 - SMV other,0
17-13977,HIGHWAY 417 btwn HWY417 IC118 RAMP35 & HWY417 IC117 RAMP51,370148.05974,5031097.12084,-75.66504414940,45.41675776440,2017-10-24,8:00:00 AM,02 - Rain,01 - Daylight,02 - Wet,10 - No control,,03 - P.D. only,03 - Rear end,0
17-13978,HIGHWAY 417 btwn HWY417 IC122 RAMP15 & HWY417 IC121B RAMP51,365784.07701,5029166.97098,-75.72103639230,45.39978473090,2017-10-24,8:15:00 AM,02 - Rain,01 - Daylight,02 - Wet,10 - No control,,03 - P.D. only,04 - Sideswipe,0
17-13979,HIGHWAY 417 btwn HWY417 IC134 RAMP51 & HWY417 IC134 RAMP35,356227.42643,5022127.47390,-75.84382968170,45.33721021240,2017-10-24,8:30:00 AM,02 - Rain,01 - Daylight,02 - Wet,10 - No control,,03 - P.D. only,03 - Rear end,0
17-13980,HIGHWAY 417 btwn HWY417 IC134 RAMP35 & HWY417 IC134 RAMP25,356483.54361,5022274.58253,-75.84054669520,45.33851508990,2017-10-24,9:55:00 AM,02 - Rain,01 - Daylight,02 - Wet,10 - No control,,02 - Non-fatal injury,03 - Rear end,0
17-13981,HIGHWAY 417 btwn HWY417 IC130 RAMP35 & HWY417 IC130 RAMP25,359160.49729,5023055.73992,-75.80630687170,45.34534165710,2017-10-24,10:45:00 AM,02 - Rain,01 - Daylight,02 - Wet,10 - No control,,03 - P.D. only,03 - Rear end,0
17-13982,HIGHWAY 417 btwn HWY417 IC110 RAMP55 & HWY417 IC104 RAMP51,376385.38934,5027617.43664,-75.58586425710,45.38483917550,2017-10-24,3:10:00 PM,01 - Clear,01 - Daylight,01 - Dry,10 - No control,,03 - P.D. only,04 - Sideswipe,0
17-13983,HIGHWAY 417 btwn HWY417 IC126 RAMP16 & HWY417 IC126 RAMP61,363108.17319,5025792.64620,-75.75561195360,45.36965101730,2017-10-24,6:34:00 PM,01 - Clear,07 - Dark,01 - Dry,10 - No control,,03 - P.D. only,03 - Rear end,0
17-13984,HIGHWAY 417 btwn HWY417 IC124 RAMP67 & HWY417 IC123 RAMP62,364722.98142,5027968.79555,-75.73473431290,45.38909541510,2017-10-24,7:07:00 AM,01 - Clear,07 - Dark,01 - Dry,10 - No control,,03 - P.D. only,03 - Rear end,0
17-13985,HWY417 IC110 RAMP54 btwn HWY417 IC110 RAMP58 & HIGHWAY 417,375681.28018,5029468.90561,-75.59458851840,45.40156933130,2017-10-25,2:45:00 AM,01 - Clear,07 - Dark,01 - Dry,10 - No control,,03 - P.D. only,07 - SMV other,0
17-13986,HIGHWAY 417 btwn HWY417 IC121A RAMP51 & HWY417 IC120A RAMP52,367253.67032,5029732.00781,-75.70219519180,45.40473921860,2017-10-25,5:30:00 PM,01 - Clear,01 - Daylight,01 - Dry,10 - No control,,03 - P.D. only,04 - Sideswipe,0
17-13987,BRONSON AVE @ HWY 417 BRONSON IC121AR51,367287.53706,5029710.84110,-75.70176529010,45.40454574430,2017-10-25,5:00:00 PM,01 - Clear,01 - Daylight,01 - Dry,01 - Traffic signal,01 - Functioning,03 - P.D. only,03 - Rear end,0
17-13988,HIGHWAY 416 btwn HWY416 IC57 RAMP24 & HWY416 IC49 RAMP42,367685.73577,5003911.79783,-75.69994933300,45.17237319510,2017-10-26,6:30:00 AM,01 - Clear,07 - Dark,01 - Dry,10 - No control,,02 - Non-fatal injury,03 - Rear end,0
17-13989,HIGHWAY 417 btwn HWY417 IC138 RAMP61 & HWY417 IC134 RAMP36,355041.85507,5021492.51708,-75.85902006170,45.33158268470,2017-10-26,8:12:00 AM,01 - Clear,01 - Daylight,01 - Dry,10 - No control,,03 - P.D. only,03 - Rear end,0
17-13990,HIGHWAY 417 btwn HWY417 IC119A RAMP67 & HWY417 IC118 RAMP76,368713.51708,5030598.08657,-75.68343620470,45.41240013480,2017-09-26,3:05:00 PM,01 - Clear,01 - Daylight,01 - Dry,10 - No control,,03 - P.D. only,03 - Rear end,0
17-13991,HIGHWAY 417 btwn HWY417 IC123 RAMP62 & HWY417 IC122 RAMP16,365114.32988,5028685.46275,-75.72964931920,45.39551024400,2017-10-26,3:24:00 PM,01 - Clear,01 - Daylight,01 - Dry,10 - No control,,03 - P.D. only,03 - Rear end,0
17-13992,HIGHWAY 417 btwn HWY417 IC126 RAMP16 & HWY417 IC126 RAMP61,363103.81003,5025785.14736,-75.75566853640,45.36958390700,2017-10-26,6:50:00 PM,01 - Clear,07 - Dark,01 - Dry,10 - No control,,03 - P.D. only,03 - Rear end,0
17-13993,HIGHWAY 417 btwn HWY417 IC124 RAMP67 & HWY417 IC123 RAMP62,364724.41793,5027973.78508,-75.73471536340,45.38914018680,2017-10-26,7:30:00 PM,01 - Clear,07 - Dark,01 - Dry,10 - No control,,02 - Non-fatal injury,03 - Rear end,0
17-13994,HWY417 IC127 RAMP62 btwn WOODROFFE AVE & HWY417 IC127 RAMP68,362133.40108,5024950.54403,-75.76815301290,45.36215427690,2017-10-27,3:14:00 PM,01 - Clear,01 - Daylight,01 - Dry,10 - No control,,03 - P.D. only,07 - SMV other,0
17-13995,HIGHWAY 417 btwn HWY417 IC119A RAMP75 & HWY417 IC118 RAMP57,368712.98085,5030572.37961,-75.68344638790,45.41216888100,2017-10-28,9:59:00 PM,02 - Rain,07 - Dark,02 - Wet,10 - No control,,02 - Non-fatal injury,03 - Rear end,0
17-13996,HIGHWAY 417 btwn HWY417 IC122 RAMP16 & HWY417 IC122 RAMP61,365307.68071,5028879.04289,-75.72715627290,45.39723535360,2017-10-28,10:00:00 PM,02 - Rain,07 - Dark,02 - Wet,10 - No control,,03 - P.D. only,03 - Rear end,0
17-13997,HIGHWAY 417 btwn HWY417 IC122 RAMP16 & HWY417 IC122 RAMP61,365338.16077,5028897.66959,-75.72676471080,45.39740031780,2017-10-30,12:45:00 AM,02 - Rain,07 - Dark,02 - Wet,10 - No control,,03 - P.D. only,07 - SMV other,0
17-13998,HIGHWAY 417 btwn HWY417 IC119A RAMP67 & HWY417 IC118 RAMP76,368884.92509,5030682.79927,-75.68123549370,45.41314667450,2017-10-30,5:40:00 AM,02 - Rain,07 - Dark,02 - Wet,10 - No control,,03 - P.D. only,04 - Sideswipe,0
17-13999,HIGHWAY 417 btwn HWY417 IC140 RAMP25 & HWY417 IC139 RAMP15,351709.78115,5019202.34673,-75.90174479910,45.31120586100,2017-10-30,6:00:00 AM,02 - Rain,07 - Dark,02 - Wet,10 - No control,,03 - P.D. only,07 - SMV other,0
17-14000,HIGHWAY 417 btwn HWY417 IC144 RAMP35 & HWY417 IC144 RAMP25,347492.22178,5015895.47178,-75.95581479710,45.28171850750,2017-10-30,6:00:00 AM,02 - Rain,07 - Dark,02 - Wet,10 - No control,,03 - P.D. only,07 - SMV other,0
17-14001,HIGHWAY 417 btwn HWY417 IC127 RAMP25 & HWY417 IC126 RAMP51,363144.87741,5025795.65752,-75.75514305560,45.36967505800,2017-10-30,7:00:00 AM,02 - Rain,07 - Dark,02 - Wet,10 - No control,,03 - P.D. only,03 - Rear end,0
17-14002,HIGHWAY 417 btwn HIGHWAY 417 & HIGHWAY 417 (2),375201.50259,5030564.26305,-75.60055985590,45.41147319260,2017-10-30,5:00:00 AM,02 - Rain,07 - Dark,02 - Wet,10 - No control,,03 - P.D. only,07 - SMV other,0
17-14003,HWY 417 ST.LAURE IC115R51 @ ST. LAURENT BLVD,372528.99391,5031411.94742,-75.63458297470,45.41936401310,2017-10-30,7:43:00 AM,02 - Rain,01 - Daylight,02 - Wet,01 - Traffic signal,01 - Functioning,03 - P.D. only,03 - Rear end,0
17-14004,HIGHWAY 417 btwn TRANSIT & HWY417 IC127 RAMP16,361680.83541,5024512.02362,-75.77397990430,45.35824536720,2017-10-30,9:57:00 PM,01 - Clear,07 - Dark,01 - Dry,10 - No control,,03 - P.D. only,04 - Sideswipe,0
17-14005,HIGHWAY 417 btwn HWY417 IC119A RAMP67 & HWY417 IC118 RAMP76,368716.43782,5030599.25162,-75.68339874230,45.41241035030,2017-10-31,8:30:00 AM,01 - Clear,01 - Daylight,01 - Dry,10 - No control,,03 - P.D. only,04 - Sideswipe,0
17-14006,HIGHWAY 417 btwn HWY417 IC131 RAMP66 & HWY417 IC130 RAMP26,358935.23809,5023041.94276,-75.80918269910,45.34523493180,2017-11-01,11:15:00 AM,02 - Rain,01 - Daylight,02 - Wet,10 - No control,,03 - P.D. only,07 - SMV other,0
17-14007,HIGHWAY 416 btwn HWY416 IC57 RAMP24 & HWY416 IC49 RAMP42,366523.07993,5005223.38379,-75.71457733190,45.18427762830,2017-11-01,5:00:00 AM,01 - Clear,07 - Dark,01 - Dry,10 - No control,,03 - P.D. only,07 - SMV other,0
17-14008,HIGHWAY 417 btwn HWY417 IC142 RAMP35 & HWY417 IC142 RAMP25,348951.88923,5017221.98855,-75.93709168070,45.29356478920,2017-11-01,2:35:00 PM,02 - Rain,01 - Daylight,02 - Wet,10 - No control,,02 - Non-fatal injury,04 - Sideswipe,0
17-14009,HIGHWAY 417 btwn HWY417 IC155 RAMP51 & HWY417 IC155 RAMP35,339263.02927,5019379.10198,-76.06046430830,45.31351752450,2017-11-01,4:15:00 PM,02 - Rain,01 - Daylight,02 - Wet,10 - No control,,03 - P.D. only,07 - SMV other,0
17-14010,HIGHWAY 417 btwn HWY417 IC118 RAMP35 & HWY417 IC117 RAMP51,370164.54587,5031097.71175,-75.66483344840,45.41676154210,2017-11-02,8:15:00 AM,02 - Rain,01 - Daylight,02 - Wet,10 - No control,,03 - P.D. only,99 - Other,0
17-14011,HIGHWAY 417 btwn HWY417 IC118 RAMP35 & HWY417 IC117 RAMP51,370116.28577,5031101.52175,-75.66544949960,45.41680032960,2017-11-02,3:00:00 PM,02 - Rain,01 - Daylight,02 - Wet,10 - No control,,03 - P.D. only,03 - Rear end,0
17-14012,HIGHWAY 417 btwn HWY417 IC119B RAMP57 & HWY417 IC119A RAMP75,368582.62541,5030510.86474,-75.68511960300,45.41162728370,2017-11-02,4:35:00 PM,02 - Rain,05 - Dusk,02 - Wet,10 - No control,,03 - P.D. only,03 - Rear end,0
17-14013,HIGHWAY 417 btwn HWY417 IC142 RAMP51 & HWY417 IC142 RAMP35,348764.30633,5017058.99784,-75.93949757490,45.29210990540,2017-11-02,4:44:00 PM,02 - Rain,05 - Dusk,02 - Wet,10 - No control,,03 - P.D. only,07 - SMV other,0
17-14014,HIGHWAY 417 btwn HWY417 IC144 RAMP35 & HWY417 IC144 RAMP25,347476.52376,5015883.82215,-75.95601588760,45.28161463320,2017-11-02,4:45:00 PM,02 - Rain,05 - Dusk,02 - Wet,10 - No control,,03 - P.D. only,07 - SMV other,0
17-14015,HIGHWAY 417 btwn HWY417 IC96 RAMP51 & HIGHWAY 417,387233.95327,5023860.49644,-75.44797833530,45.34984487270,2017-11-02,5:00:00 PM,02 - Rain,05 - Dusk,02 - Wet,10 - No control,,03 - P.D. only,07 - SMV other,0
17-14016,HIGHWAY 417 btwn HWY417 IC120A RAMP52 & HWY417 IC119B RAMP57,367908.74795,5030074.16026,-75.69378403730,45.40775904820,2017-11-02,5:00:00 PM,02 - Rain,05 - Dusk,02 - Wet,10 - No control,,02 - Non-fatal injury,03 - Rear end,0
17-14017,HIGHWAY 417 btwn HWY417 IC127 RAMP67 & HWY417 IC126 RAMP16,362566.24238,5025196.10872,-75.76259965110,45.36432831100,2017-11-02,5:57:00 PM,02 - Rain,07 - Dark,02 - Wet,10 - No control,,03 - P.D. only,03 - Rear end,0
17-14018,HIGHWAY 417 btwn HWY417 IC138 RAMP51 & HWY417 IC138 RAMP35,352757.71643,5020087.10017,-75.88829526060,45.31909627980,2017-11-02,11:20:00 PM,02 - Rain,07 - Dark,02 - Wet,10 - No control,,03 - P.D. only,03 - Rear end,0
17-14019,HIGHWAY 417 btwn HWY417 IC119A RAMP75 & HWY417 IC118 RAMP57,368919.01381,5030677.93357,-75.68080064600,45.41309977210,2017-11-03,3:36:00 PM,01 - Clear,01 - Daylight,01 - Dry,10 - No control,,03 - P.D. only,03 - Rear end,0