COLLISION_ID,LOCATION,X,Y,LONGITUDE,LATITUDE,DATE,TIME,ENVIRONMENT,LIGHT,SURFACE_CONDITION,TRAFFIC_CONTROL,TRAFFIC_CONTROL_CONDITION,COLLISION_CLASSIFICATION,IMPACT_TYPE,NO_OF_PEDESTRIANS
17-14020,HWY417 IC129 RAMP61 btwn HWY417 IC129 RAMP63 & HIGHWAY 417,360470.51594,5023722.35015,-75.78951599060,45.35123705570,2017-11-03,3:36:00 PM,01 - Clear,01 - Daylight,01 - Dry,10 - No control,,03 - P.D. only,07 - SMV other,0
17-14021,HIGHWAY 417 btwn TRANSIT & HWY417 IC127 RAMP35,361974.83395,5024708.71879,-75.77020489430,45.35999130280,2017-11-03,4:32:00 PM,01 - Clear,05 - Dusk,01 - Dry,10 - No control,,03 - P.D. only,03 - Rear end,0
17-14022,HIGHWAY 417 btwn HWY417 IC127 RAMP25 & HWY417 IC126 RAMP51,363181.99782,5025847.91107,-75.75466302460,45.37014213830,2017-11-03,5:00:00 PM,01 - Clear,05 - Dusk,01 - Dry,10 - No control,,02 - Non-fatal injury,03 - Rear end,0
17-14023,HIGHWAY 417 btwn HWY417 IC123 RAMP62 & HWY417 IC122 RAMP16,365119.17503,5028691.97592,-75.72958664560,45.39556843010,2017-11-03,6:20:00 PM,01 - Clear,07 - Dark,01 - Dry,10 - No control,,03 - P.D. only,03 - Rear end,0
17-14024,HIGHWAY 417 btwn HWY417 IC122 RAMP61 & HWY417 IC121B RAMP16,365811.47634,5029206.00945,-75.72068161820,45.40013360280,2017-11-03,6:56:00 PM,01 - Clear,07 - Dark,01 - Dry,10 - No control,,03 - P.D. only,03 - Rear end,0
17-14025,HIGHWAY 417 btwn HWY417 IC124 RAMP65 & HWY417 IC122 RAMP51,365061.64568,5028553.54564,-75.73033826830,45.39432781700,2017-11-03,7:20:00 PM,01 - Clear,07 - Dark,01 - Dry,10 - No control,,03 - P.D. only,03 - Rear end,0
17-14026,HIGHWAY 417 btwn HWY417 IC155 RAMP25 & RAMP,342163.20002,5017558.88671,-76.02361446130,45.29699011500,2017-11-04,12:20:00 AM,01 - Clear,07 - Dark,01 - Dry,10 - No control,,03 - P.D. only,07 - SMV other,0
17-14027,HIGHWAY 417 btwn HWY417 IC126 RAMP25 & HWY417 IC124 RAMP57,363663.83502,5026498.98492,-75.74843455910,45.37596010490,2017-11-04,2:20:00 AM,01 - Clear,07 - Dark,01 - Dry,10 - No control,,03 - P.D. only,04 - Sideswipe,0
17-14028,HIGHWAY 417 btwn HWY417 IC155 RAMP51 & HWY417 IC155 RAMP35,339266.02789,5019380.11269,-76.06042599550,45.31352647210,2017-11-04,5:05:00 AM,01 - Clear,07 - Dark,01 - Dry,10 - No control,,03 - P.D. only,07 - SMV other,0
17-14029,HIGHWAY 417 btwn HIGHWAY 417 & HIGHWAY 417 (2),375246.61096,5030509.48361,-75.59999145740,45.41097577680,2017-11-04,7:30:00 AM,01 - Clear,01 - Daylight,01 - Dry,10 - No control,,03 - P.D. only,04 - Sideswipe,0
17-14030,HIGHWAY 417 btwn HWY417 IC118 RAMP35 & HWY417 IC117 RAMP51,370145.43409,5031096.50701,-75.66507777460,45.41675248690,2017-11-04,8:30:00 AM,01 - Clear,01 - Daylight,01 - Dry,10 - No control,,03 - P.D. only,03 - Rear end,0
17-14031,HIGHWAY 417 btwn HWY417 IC144 RAMP16 & HWY417 IC144 RAMP61,347510.95494,5015969.08342,-75.95556968730,45.28237975420,2017-11-04,1:55:00 PM,01 - Clear,01 - Daylight,01 - Dry,10 - No control,,03 - P.D. only,03 - Rear end,0
17-14032,HIGHWAY 417 btwn HWY417 IC144 RAMP16 & HWY417 IC144 RAMP61,347507.56826,5015959.77007,-75.95561365530,45.28229615540,2017-11-04,2:10:00 PM,01 - Clear,01 - Daylight,01 - Dry,10 - No control,,03 - P.D. only,03 - Rear end,0
17-14033,HIGHWAY 417 btwn HWY417 IC131 RAMP55 & HWY417 IC130 RAMP35,358917.95900,5023011.21223,-75.80940654300,45.34495975050,2017-11-04,6:10:00 PM,01 - Clear,07 - Dark,01 - Dry,10 - No control,,03 - P.D. only,03 - Rear end,0
17-14034,HIGHWAY 417 btwn HWY417 IC112 RAMP64 & HIGHWAY 417,375077.31892,5030666.68594,-75.60213161100,45.41240722000,2017-11-04,9:45:00 PM,01 - Clear,07 - Dark,01 - Dry,10 - No control,,02 - Non-fatal injury,07 - SMV other,0
17-14035,HIGHWAY 416 btwn HWY416 IC66 RAMP62 & HWY416 IC66 RAMP52,359998.35213,5014912.45409,-75.79652283930,45.27200246870,2017-11-06,6:32:00 AM,"07 - Fog, mist, smoke, dust",03 - Dawn,02 - Wet,10 - No control,,03 - P.D. only,07 - SMV other,0
17-14036,HIGHWAY 416 btwn HWY416 IC66 RAMP62 & HWY416 IC66 RAMP52,359932.73533,5015009.82095,-75.79734822010,45.27288373490,2017-11-06,6:30:00 AM,02 - Rain,03 - Dawn,02 - Wet,10 - No control,,03 - P.D. only,07 - SMV other,0
17-14037,HIGHWAY 417 btwn TRANSIT & HWY417 IC127 RAMP16,361706.29388,5024531.31222,-75.77365276070,45.35841685890,2017-11-06,6:55:00 AM,01 - Clear,03 - Dawn,01 - Dry,10 - No control,,02 - Non-fatal injury,03 - Rear end,0
17-14038,HIGHWAY 417 btwn HWY417 IC118 RAMP67 & HWY417 IC117 RAMP36,370170.86081,5031109.50204,-75.66475120710,45.41686703570,2017-11-06,9:00:00 AM,02 - Rain,01 - Daylight,02 - Wet,10 - No control,,03 - P.D. only,03 - Rear end,0
17-14039,HIGHWAY 417 btwn HWY417 IC112 RAMP66 & HWY417 IC113 RAMP65,374238.74950,5031150.63601,-75.61277575170,45.41684526560,2017-11-06,10:53:00 AM,01 - Clear,01 - Daylight,01 - Dry,10 - No control,,03 - P.D. only,04 - Sideswipe,0
17-14040,HIGHWAY 417 btwn HWY417 IC169 RAMP51 & HWY417 IC169 RAMP35,325349.38436,5025002.85358,-76.23768053210,45.36466841700,2017-11-07,6:00:00 AM,01 - Clear,07 - Dark,01 - Dry,10 - No control,,03 - P.D. only,03 - Rear end,0
17-14041,HIGHWAY 417 btwn HWY417 IC126 RAMP25 & HWY417 IC124 RAMP57,363661.90861,5026496.16490,-75.74845948910,45.37593489280,2017-11-07,9:20:00 AM,01 - Clear,01 - Daylight,01 - Dry,10 - No control,,03 - P.D. only,03 - Rear end,0
17-14042,HIGHWAY 417 btwn HWY417 IC110 RAMP64 & HWY417 IC104 RAMP16,377064.45709,5027140.47952,-75.57726359680,45.38047805080,2017-11-07,1:30:00 PM,01 - Clear,01 - Daylight,01 - Dry,10 - No control,,03 - P.D. only,03 - Rear end,0
17-14043,HIGHWAY 417 btwn HWY417 IC110 RAMP55 & HWY417 IC104 RAMP51,377831.03062,5026395.15736,-75.56758683290,45.37369257290,2017-11-07,3:00:00 PM,01 - Clear,01 - Daylight,01 - Dry,10 - No control,,03 - P.D. only,03 - Rear end,0
17-14044,HIGHWAY 417 btwn HWY417 IC126 RAMP61 & HWY417 IC124 RAMP76,363674.83265,5026532.61750,-75.74829014450,45.37626180220,2017-11-07,5:00:00 PM,01 - Clear,05 - Dusk,01 - Dry,10 - No control,,03 - P.D. only,03 - Rear end,0
17-14045,HIGHWAY 417 btwn HWY417 IC163 RAMP61 & HWY417 IC155 RAMP36,336143.37363,5020230.25635,-76.10019699440,45.32132282180,2017-11-07,7:45:00 PM,01 - Clear,07 - Dark,01 - Dry,10 - No control,,03 - P.D. only,07 - SMV other,0
17-14046,HIGHWAY 417 btwn HWY417 IC163 RAMP51 & HWY417 IC163 RAMP15,330954.65126,5021553.74293,-76.16631101510,45.33344478240,2017-11-07,9:45:00 PM,01 - Clear,07 - Dark,01 - Dry,10 - No control,,03 - P.D. only,07 - SMV other,0
17-14047,HIGHWAY 417 btwn HWY417 IC155 RAMP51 & HWY417 IC155 RAMP35,339222.15612,5019396.43195,-76.06098437880,45.31367547270,2017-11-08,1:25:00 AM,01 - Clear,07 - Dark,01 - Dry,10 - No control,,03 - P.D. only,07 - SMV other,0
17-14048,HIGHWAY 416 btwn HWY416 IC66 RAMP62 & HWY416 IC66 RAMP52,359997.28101,5014910.41609,-75.79653671550,45.27198421460,2017-11-08,7:30:00 AM,01 - Clear,01 - Daylight,01 - Dry,10 - No control,,03 - P.D. only,07 - SMV other,0
17-14049,HWY416 IC66 RAMP52 btwn HIGHWAY 416 & FALLOWFIELD RD,360220.80145,5014805.42921,-75.79369998700,45.27102195050,2017-11-09,7:54:00 AM,01 - Clear,01 - Daylight,01 - Dry,10 - No control,,03 - P.D. only,99 - Other,0
17-14050,HIGHWAY 417 btwn Continuation of HIGHWAY 417 & HWY417 IC134 RAMP51,355630.27144,5021785.36317,-75.85148351850,45.33417537600,2017-11-08,9:27:00 AM,01 - Clear,01 - Daylight,01 - Dry,10 - No control,,02 - Non-fatal injury,04 - Sideswipe,0
17-14051,BOUNDARY RD @ HWY 417 BOUNDARY IC96R51,387512.30937,5023595.22263,-75.44447092690,45.34742539330,2017-11-08,10:30:00 AM,01 - Clear,01 - Daylight,01 - Dry,02 - Stop sign,01 - Functioning,03 - P.D. only,04 - Sideswipe,0
17-14052,HIGHWAY 417 btwn HWY417 IC115 RAMP36 & HWY417 IC115 RAMP26,372406.05249,5031514.39402,-75.63613963930,45.42029767080,2017-11-08,8:00:00 AM,01 - Clear,01 - Daylight,01 - Dry,10 - No control,,03 - P.D. only,04 - Sideswipe,0
17-14053,HIGHWAY 417 btwn HWY417 IC155 RAMP51 & HWY417 IC155 RAMP35,339268.51122,5019381.00142,-76.06039426300,45.31353434710,2017-11-09,5:40:00 AM,01 - Clear,07 - Dark,01 - Dry,10 - No control,,03 - P.D. only,07 - SMV other,0
17-14054,HIGHWAY 417 btwn HIGHWAY 417 & HWY417 IC129 RAMP51,360041.58999,5023224.76994,-75.79504523690,45.34679375080,2017-11-09,7:30:00 AM,01 - Clear,01 - Daylight,01 - Dry,10 - No control,,03 - P.D. only,03 - Rear end,0
17-14055,HIGHWAY 417 btwn HWY417 IC155 RAMP61 & HWY417 IC145 RAMP56,345948.58347,5014804.22977,-75.97558071450,45.27199111630,2017-11-09,8:30:00 AM,01 - Clear,01 - Daylight,01 - Dry,10 - No control,,03 - P.D. only,07 - SMV other,0
17-14056,HIGHWAY 417 btwn HWY417 IC142 RAMP51 & HWY417 IC142 RAMP35,348718.88234,5017012.34085,-75.94008079040,45.29169291140,2017-11-09,12:50:00 PM,01 - Clear,01 - Daylight,01 - Dry,10 - No control,,03 - P.D. only,04 - Sideswipe,0
17-14057,HWY417 IC117 RAMP53 btwn HWY417 IC117 RAMP51 & RIVERSIDE DR,370726.05936,5031016.44119,-75.65767060720,45.41597762160,2017-11-09,3:08:00 PM,01 - Clear,01 - Daylight,01 - Dry,10 - No control,,03 - P.D. only,04 - Sideswipe,0
17-14058,HIGHWAY 417 btwn HWY417 IC142 RAMP51 & HWY417 IC142 RAMP35,348698.39995,5016995.01632,-75.94034344010,45.29153829860,2017-11-09,3:50:00 PM,01 - Clear,01 - Daylight,01 - Dry,10 - No control,,03 - P.D. only,07 - SMV other,0
17-14059,HIGHWAY 417 btwn HWY417 IC118 RAMP35 & HWY417 IC117 RAMP51,369794.37686,5031135.96544,-75.66955757230,45.41714021590,2017-11-09,5:26:00 PM,01 - Clear,07 - Dark,01 - Dry,10 - No control,,03 - P.D. only,03 - Rear end,0
17-14060,HIGHWAY 417 btwn HWY417 IC121B RAMP16 & HWY417 IC121A RAMP16,366723.79295,5029574.14454,-75.70898320050,45.40336588310,2017-11-09,5:50:00 PM,02 - Rain,07 - Dark,02 - Wet,10 - No control,,03 - P.D. only,03 - Rear end,0
17-14061,HIGHWAY 417 btwn HWY417 IC121A RAMP16 & HWY417 IC121A RAMP61,367248.09233,5029754.69656,-75.70226356670,45.40494386360,2017-11-10,8:40:00 AM,01 - Clear,01 - Daylight,01 - Dry,10 - No control,,02 - Non-fatal injury,03 - Rear end,0
17-14062,HIGHWAY 417 btwn HWY417 IC134 RAMP36 & HWY417 IC134 RAMP26,356358.12482,5022255.30511,-75.84214887190,45.33835085790,2017-11-10,9:30:00 AM,01 - Clear,01 - Daylight,01 - Dry,10 - No control,,03 - P.D. only,04 - Sideswipe,0
17-14063,HIGHWAY 417 btwn HWY417 IC140 RAMP61 & HWY417 IC139 RAMP61,351695.05649,5019235.14382,-75.90192947360,45.31150196070,2017-11-10,10:35:00 AM,01 - Clear,01 - Daylight,01 - Dry,10 - No control,,03 - P.D. only,99 - Other,0
17-14064,HIGHWAY 417 btwn HWY417 IC118 RAMP67 & HWY417 IC117 RAMP36,369852.44156,5031153.80015,-75.66881339540,45.41729529060,2017-11-10,1:15:00 PM,01 - Clear,01 - Daylight,01 - Dry,10 - No control,,03 - P.D. only,07 - SMV other,0
17-14065,HWY 417 ST.LAURE IC115R51 @ ST. LAURENT BLVD,372532.01462,5031410.35831,-75.63454460010,45.41934942270,2017-11-10,11:15:00 AM,01 - Clear,01 - Daylight,01 - Dry,01 - Traffic signal,01 - Functioning,03 - P.D. only,04 - Sideswipe,0
17-14066,HIGHWAY 417 btwn HWY417 IC126 RAMP25 & HWY417 IC124 RAMP57,363668.84046,5026497.56515,-75.74837082440,45.37594691010,2017-11-10,2:38:00 PM,01 - Clear,01 - Daylight,01 - Dry,10 - No control,,02 - Non-fatal injury,03 - Rear end,0
17-14067,HIGHWAY 417 btwn HWY417 IC127 RAMP25 & HWY417 IC126 RAMP51,362905.99227,5025464.20641,-75.75823149620,45.36671254450,2017-11-10,3:00:00 PM,01 - Clear,01 - Daylight,01 - Dry,10 - No control,,03 - P.D. only,03 - Rear end,0
17-14068,HIGHWAY 417 btwn HWY417 IC129 RAMP51 & HWY417 IC129 RAMP35,360232.02838,5023350.28719,-75.79260111230,45.34790812940,2017-11-10,6:00:00 PM,01 - Clear,07 - Dark,01 - Dry,10 - No control,,03 - P.D. only,03 - Rear end,0
17-14069,HWY417 IC163 RAMP61 btwn PANMURE RD & HIGHWAY 417,331786.08816,5021402.10329,-76.15571174800,45.33204876510,2017-11-11,2:30:00 AM,01 - Clear,07 - Dark,01 - Dry,10 - No control,,03 - P.D. only,07 - SMV other,0
17-14070,HIGHWAY 417 btwn HWY417 IC129 RAMP26 & HWY417 IC129 RAMP61,360684.84073,5023733.46106,-75.78677966930,45.35131998470,2017-11-11,2:15:00 PM,01 - Clear,01 - Daylight,01 - Dry,10 - No control,,03 - P.D. only,07 - SMV other,0
17-14071,HIGHWAY 417 btwn HWY417 IC124 RAMP67 & HWY417 IC123 RAMP62,364751.28303,5028016.65046,-75.73436709710,45.38952358220,2017-11-11,2:57:00 PM,01 - Clear,01 - Daylight,01 - Dry,10 - No control,,03 - P.D. only,04 - Sideswipe,0
17-14072,HIGHWAY 417 btwn HWY417 IC124 RAMP76 & HWY417 IC124 RAMP67,364392.50732,5027482.19106,-75.73901311680,45.38474523310,2017-11-11,4:00:00 PM,01 - Clear,01 - Daylight,01 - Dry,10 - No control,,03 - P.D. only,03 - Rear end,0
17-14073,HIGHWAY 417 btwn HWY417 IC124 RAMP67 & HWY417 IC123 RAMP62,364738.58301,5027999.71710,-75.73453132990,45.38937230570,2017-11-11,3:05:00 PM,01 - Clear,01 - Daylight,01 - Dry,10 - No control,,03 - P.D. only,04 - Sideswipe,0
17-14074,HIGHWAY 417 btwn HWY417 IC122 RAMP16 & HWY417 IC122 RAMP61,365323.96157,5028891.58961,-75.72694680220,45.39734683890,2017-11-13,7:32:00 AM,01 - Clear,01 - Daylight,01 - Dry,10 - No control,,03 - P.D. only,04 - Sideswipe,0
17-14075,HIGHWAY 417 btwn HWY417 IC122 RAMP51 & HWY417 IC122 RAMP15,365301.73653,5028855.39454,-75.72723508970,45.39702308420,2017-11-13,10:55:00 AM,01 - Clear,01 - Daylight,01 - Dry,10 - No control,,03 - P.D. only,04 - Sideswipe,0
17-14076,HIGHWAY 7 btwn HWY417 IC145 RAMP55 & RAMP,346304.72104,5013222.61577,-75.97117426080,45.25773815450,2017-11-13,12:42:00 PM,01 - Clear,01 - Daylight,01 - Dry,10 - No control,,03 - P.D. only,07 - SMV other,0
17-14077,HWY417 IC112 RAMP67 btwn HWY417 IC112 RAMP68 & INNES RD,374681.92237,5030909.04156,-75.60714824550,45.41462740530,2017-11-13,4:58:00 PM,01 - Clear,05 - Dusk,01 - Dry,10 - No control,,03 - P.D. only,03 - Rear end,0
17-14078,HIGHWAY 416 btwn HWY416 IC49 RAMP42 & HWY416 IC49 RAMP24,369292.03159,5000861.69869,-75.67990945420,45.14478326990,2017-11-14,8:04:00 AM,01 - Clear,01 - Daylight,01 - Dry,10 - No control,,03 - P.D. only,07 - SMV other,0
17-14079,HIGHWAY 417 btwn HWY417 IC144 RAMP51 & HWY417 IC144 RAMP35,347301.38671,5015721.55475,-75.95826210040,45.28016510020,2017-11-14,4:15:00 PM,01 - Clear,01 - Daylight,01 - Dry,10 - No control,,03 - P.D. only,99 - Other,0
17-14080,HIGHWAY 417 btwn HWY417 IC110 RAMP55 & HWY417 IC104 RAMP51,377854.04695,5026383.71545,-75.56729470580,45.37358722600,2017-11-14,10:55:00 PM,01 - Clear,07 - Dark,01 - Dry,10 - No control,,03 - P.D. only,07 - SMV other,0
17-14081,HIGHWAY 417 btwn HWY417 IC123 RAMP62 & HWY417 IC122 RAMP16,364913.77940,5028313.06098,-75.73225594630,45.39217669550,2017-11-15,10:55:00 AM,01 - Clear,01 - Daylight,01 - Dry,10 - No control,,03 - P.D. only,99 - Other,0
17-14082,HIGHWAY 417 btwn HWY417 IC122 RAMP15 & HWY417 IC121B RAMP51,366460.85416,5029475.43080,-75.71235401340,45.40250089330,2017-11-15,4:46:00 PM,01 - Clear,05 - Dusk,01 - Dry,10 - No control,,03 - P.D. only,03 - Rear end,0
17-14083,HIGHWAY 417 btwn HWY417 IC110 RAMP55 & HWY417 IC104 RAMP51,377287.05178,5026706.75350,-75.57448535490,45.37655262660,2017-11-15,5:10:00 PM,01 - Clear,07 - Dark,01 - Dry,10 - No control,,03 - P.D. only,04 - Sideswipe,0
17-14084,HIGHWAY 417 btwn HWY417 IC110 RAMP55 & HWY417 IC104 RAMP51,377408.76036,5026558.58654,-75.57295336850,45.37520689960,2017-11-15,5:20:00 PM,01 - Clear,07 - Dark,01 - Dry,10 - No control,,03 - P.D. only,04 - Sideswipe,0
17-14085,HIGHWAY 417 btwn HWY417 IC126 RAMP25 & HWY417 IC124 RAMP57,363662.17162,5026489.68890,-75.74845690340,45.37587660060,2017-11-15,5:34:00 PM,01 - Clear,07 - Dark,01 - Dry,10 - No control,,03 - P.D. only,03 - Rear end,0
17-14086,HIGHWAY 417 btwn HWY417 IC115 RAMP51 & HWY417 IC115 RAMP35,372348.53038,5031485.98473,-75.63687845940,45.42004761320,2017-11-15,5:54:00 PM,01 - Clear,07 - Dark,01 - Dry,10 - No control,,03 - P.D. only,03 - Rear end,0
17-14087,HIGHWAY 417 btwn HWY417 IC129 RAMP76 & HWY417 IC129 RAMP26,360374.52310,5023495.02291,-75.79076653350,45.34919918250,2017-11-15,6:00:00 PM,01 - Clear,07 - Dark,01 - Dry,10 - No control,,03 - P.D. only,03 - Rear end,0
17-14088,HIGHWAY 417 btwn HWY417 IC124 RAMP65 & HWY417 IC122 RAMP51,365108.56340,5028632.60652,-75.72972942530,45.39503515100,2017-11-16,10:30:00 AM,01 - Clear,01 - Daylight,01 - Dry,10 - No control,,03 - P.D. only,04 - Sideswipe,0
17-14089,HIGHWAY 417 btwn HWY417 IC118 RAMP35 & HWY417 IC117 RAMP51,370192.05337,5031101.87246,-75.66448146890,45.41679640820,2017-11-16,5:30:00 PM,01 - Clear,07 - Dark,01 - Dry,10 - No control,,03 - P.D. only,03 - Rear end,0
17-14090,HIGHWAY 417 btwn HWY417 IC121A RAMP61 & HWY417 IC120B RAMP36,367536.26639,5029882.24669,-75.69856645020,45.40606575320,2017-11-16,7:05:00 PM,02 - Rain,07 - Dark,02 - Wet,10 - No control,,03 - P.D. only,04 - Sideswipe,0
17-14091,HIGHWAY 417 btwn HWY417 IC126 RAMP61 & HWY417 IC124 RAMP76,364107.15370,5027119.46199,-75.74270029460,45.38150567560,2017-11-17,9:12:00 AM,01 - Clear,01 - Daylight,01 - Dry,10 - No control,,03 - P.D. only,03 - Rear end,0
17-14092,HIGHWAY 417 btwn HWY417 IC144 RAMP16 & HWY417 IC144 RAMP61,347527.27054,5015980.48138,-75.95536074280,45.28248132610,2017-11-17,2:31:00 PM,01 - Clear,01 - Daylight,01 - Dry,10 - No control,,03 - P.D. only,07 - SMV other,0
17-14093,HWY 417 WOODROFF IC127R62 @ WOODROFFE AVE,362051.91917,5025020.51821,-75.76918491800,45.36279055840,2017-11-17,3:05:00 PM,01 - Clear,01 - Daylight,01 - Dry,03 - Yield sign,01 - Functioning,03 - P.D. only,03 - Rear end,0
17-14094,HIGHWAY 417 btwn HWY417 IC121B RAMP16 & HWY417 IC121A RAMP16,366764.75043,5029587.87068,-75.70845833460,45.40348576350,2017-11-17,6:30:00 PM,01 - Clear,07 - Dark,01 - Dry,10 - No control,,03 - P.D. only,03 - Rear end,0
17-14095,HIGHWAY 417 btwn HWY417 IC126 RAMP25 & HWY417 IC124 RAMP57,363626.61649,5026444.31806,-75.74891623070,45.37547134650,2017-11-17,6:42:00 PM,01 - Clear,07 - Dark,01 - Dry,10 - No control,,03 - P.D. only,03 - Rear end,0
17-14096,HIGHWAY 416 btwn HWY416 IC49 RAMP24 & HWY416 IC42 RAMP42,370154.14732,4997248.47661,-75.66941981650,45.11219198300,2017-11-18,1:27:00 AM,01 - Clear,07 - Dark,01 - Dry,10 - No control,,03 - P.D. only,07 - SMV other,0
17-14097,HIGHWAY 417 btwn HWY417 IC163 RAMP16 & HWY417 IC169 RAMP61,329362.79463,5022173.52000,-76.18658932750,45.33907941110,2017-11-18,5:35:00 AM,01 - Clear,07 - Dark,01 - Dry,10 - No control,,03 - P.D. only,99 - Other,0
17-14098,HIGHWAY 416 btwn HWY416 IC42 RAMP24 & END,372374.85965,4994129.08403,-75.64162077300,45.08391477570,2017-11-18,11:23:00 AM,02 - Rain,01 - Daylight,06 - Ice,10 - No control,,02 - Non-fatal injury,03 - Rear end,0
17-14099,HIGHWAY 416 btwn HWY416 IC66 RAMP53 & HWY416 IC57 RAMP34,361464.69116,5012118.24667,-75.77815516930,45.24674328270,2017-11-18,11:50:00 AM,04 - Freezing Rain,01 - Daylight,06 - Ice,10 - No control,,03 - P.D. only,07 - SMV other,0
17-14100,HIGHWAY 416 btwn HWY416 IC66 RAMP53 & HWY416 IC57 RAMP34,361769.49177,5012003.94644,-75.77428575860,45.24569019040,2017-11-18,11:50:00 AM,04 - Freezing Rain,01 - Daylight,06 - Ice,10 - No control,,03 - P.D. only,03 - Rear end,0
17-14101,HIGHWAY 416 btwn HWY416 IC66 RAMP53 & HWY416 IC57 RAMP34,361921.89208,5011972.19638,-75.77234818950,45.24539214880,2017-11-18,11:50:00 AM,04 - Freezing Rain,01 - Daylight,06 - Ice,10 - No control,,03 - P.D. only,03 - Rear end,0
17-14102,HIGHWAY 416 btwn HWY416 IC42 RAMP43 & END,372257.06692,4994142.31322,-75.64311510530,45.08404504880,2017-11-18,11:50:00 AM,04 - Freezing Rain,01 - Daylight,06 - Ice,10 - No control,,02 - Non-fatal injury,04 - Sideswipe,0
17-14103,HIGHWAY 416 btwn HWY416 IC42 RAMP43 & END,372113.13329,4994197.34666,-75.64493585450,45.08455394770,2017-11-18,12:10:00 PM,04 - Freezing Rain,01 - Daylight,06 - Ice,10 - No control,,03 - P.D. only,03 - Rear end,0
17-14104,HIGHWAY 416 btwn HWY416 IC42 RAMP24 & END,372295.16699,4994171.94661,-75.64262719790,45.08430806060,2017-11-17,11:23:00 AM,02 - Rain,01 - Daylight,06 - Ice,10 - No control,,02 - Non-fatal injury,03 - Rear end,0
17-14105,HIGHWAY 416 btwn HWY416 IC42 RAMP43 & END,372227.43352,4994163.47993,-75.64348864020,45.08423833210,2017-11-18,12:00:00 PM,04 - Freezing Rain,01 - Daylight,06 - Ice,10 - No control,,02 - Non-fatal injury,03 - Rear end,0
17-14106,HIGHWAY 416 btwn HWY416 IC42 RAMP43 & END,372104.66661,4994210.04669,-75.64504168850,45.08466902860,2017-11-18,12:05:00 PM,04 - Freezing Rain,01 - Daylight,06 - Ice,10 - No control,,03 - P.D. only,07 - SMV other,0
17-14107,HIGHWAY 417 btwn HWY417 IC180 RAMP51 & HWY417 IC180 RAMP35,317899.61765,5031020.18836,-76.33261890960,45.41899462590,2017-11-18,6:30:00 PM,01 - Clear,07 - Dark,02 - Wet,10 - No control,,03 - P.D. only,07 - SMV other,0
17-14108,HIGHWAY 417 btwn RAMP & HWY417 IC129 RAMP76,359873.11568,5023179.43240,-75.79720007430,45.34639905270,2017-11-18,10:15:00 PM,04 - Freezing Rain,07 - Dark,06 - Ice,10 - No control,,03 - P.D. only,04 - Sideswipe,0
17-14109,HIGHWAY 7 btwn HAZELDEAN IC RAMP 53 & HIGHWAY 7,342357.45232,5008448.35544,-76.02182635220,45.21499858000,2017-11-19,12:27:00 AM,04 - Freezing Rain,07 - Dark,06 - Ice,10 - No control,,03 - P.D. only,07 - SMV other,0
17-14110,HIGHWAY 417 btwn HWY417 IC122 RAMP15 & HWY417 IC121B RAMP51,365795.04385,5029177.54215,-75.72089501530,45.39987889270,2017-11-19,1:20:00 AM,04 - Freezing Rain,07 - Dark,06 - Ice,10 - No control,,03 - P.D. only,07 - SMV other,0
17-14111,HIGHWAY 417 btwn HWY417 IC119A RAMP75 & HWY417 IC118 RAMP57,368935.33680,5030684.98225,-75.68059120380,45.41316169800,2017-11-19,1:28:00 AM,04 - Freezing Rain,07 - Dark,04 - Slush,10 - No control,,03 - P.D. only,07 - SMV other,0
17-14112,HIGHWAY 417 btwn HWY417 IC126 RAMP61 & HWY417 IC124 RAMP76,364101.17797,5027114.37011,-75.74277720390,45.38146036530,2017-11-19,1:41:00 AM,03 - Snow,07 - Dark,06 - Ice,10 - No control,,03 - P.D. only,04 - Sideswipe,0
17-14113,HIGHWAY 417 btwn HWY417 IC110 RAMP55 & HWY417 IC104 RAMP51,376782.23800,5027323.32786,-75.58084009290,45.38215227620,2017-11-19,12:26:00 AM,04 - Freezing Rain,07 - Dark,06 - Ice,10 - No control,,03 - P.D. only,07 - SMV other,0
17-14114,HIGHWAY 417 btwn HWY417 IC122 RAMP51 & HWY417 IC122 RAMP15,365317.92507,5028863.20594,-75.72702737970,45.39709197040,2017-11-19,2:55:00 AM,04 - Freezing Rain,07 - Dark,04 - Slush,10 - No control,,03 - P.D. only,07 - SMV other,0
17-14115,HIGHWAY 417 btwn HWY417 IC163 RAMP51 & HWY417 IC163 RAMP15,331005.04936,5021521.37417,-76.16566974560,45.33315163090,2017-11-19,3:55:00 AM,03 - Snow,07 - Dark,03 - Loose snow,10 - No control,,03 - P.D. only,07 - SMV other,0
17-14116,HIGHWAY 417 btwn HWY417 IC124 RAMP76 & HWY417 IC124 RAMP67,364456.05612,5027571.35946,-75.73819090400,45.38554214500,2017-11-19,4:20:00 AM,04 - Freezing Rain,07 - Dark,04 - Slush,10 - No control,,03 - P.D. only,04 - Sideswipe,0
17-14117,HIGHWAY 417 btwn HWY417 IC115 RAMP51 & HWY417 IC115 RAMP35,372328.06103,5031480.10978,-75.63714078860,45.41999672960,2017-11-19,6:00:00 AM,03 - Snow,07 - Dark,03 - Loose snow,10 - No control,,03 - P.D. only,04 - Sideswipe,0
17-14118,HIGHWAY 417 btwn Continuation of HIGHWAY 417 & HWY417 IC134 RAMP51,355709.02828,5021832.70305,-75.85047389620,45.33459563650,2017-11-19,6:10:00 AM,04 - Freezing Rain,07 - Dark,03 - Loose snow,10 - No control,,03 - P.D. only,04 - Sideswipe,0
17-14119,HIGHWAY 417 btwn HWY417 IC120B RAMP36 & HWY417 IC119B RAMP76,367924.54771,5030112.27295,-75.69357733590,45.40810054960,2017-11-19,7:30:00 AM,03 - Snow,01 - Daylight,03 - Loose snow,10 - No control,,03 - P.D. only,04 - Sideswipe,0
17-14120,HIGHWAY 417 btwn HWY417 IC163 RAMP51 & HWY417 IC163 RAMP15,330994.14385,5021534.46412,-76.16580818540,45.33326982810,2017-11-19,8:00:00 AM,04 - Freezing Rain,01 - Daylight,06 - Ice,10 - No control,,03 - P.D. only,07 - SMV other,0