COLLISION_ID,LOCATION,X,Y,LONGITUDE,LATITUDE,DATE,TIME,ENVIRONMENT,LIGHT,SURFACE_CONDITION,TRAFFIC_CONTROL,TRAFFIC_CONTROL_CONDITION,COLLISION_CLASSIFICATION,IMPACT_TYPE,NO_OF_PEDESTRIANS
17-14121,HIGHWAY 417 btwn HWY417 IC127 RAMP16 & HWY417 IC127 RAMP63,361999.72128,5024752.43889,-75.76988219210,45.36038266290,2017-11-19,9:23:00 AM,03 - Snow,01 - Daylight,05 - Packed snow,10 - No control,,03 - P.D. only,03 - Rear end,0
17-14122,HIGHWAY 417 btwn HWY417 IC123 RAMP62 & HWY417 IC122 RAMP16,365121.59919,5028695.69095,-75.72955523160,45.39560164890,2017-11-19,9:23:00 AM,03 - Snow,01 - Daylight,03 - Loose snow,10 - No control,,03 - P.D. only,07 - SMV other,0
17-14123,HIGHWAY 417 btwn HWY417 IC131 RAMP66 & HWY417 IC130 RAMP26,359025.48117,5023057.51467,-75.80802948820,45.34536807750,2017-11-19,9:35:00 AM,03 - Snow,01 - Daylight,04 - Slush,10 - No control,,03 - P.D. only,07 - SMV other,0
17-14124,HIGHWAY 417 btwn HWY417 IC127 RAMP63 & HWY417 IC127 RAMP67,362173.23538,5024899.28294,-75.76765053060,45.36168977480,2017-11-18,10:02:00 AM,03 - Snow,01 - Daylight,04 - Slush,10 - No control,,03 - P.D. only,03 - Rear end,0
17-14125,HIGHWAY 417 btwn HWY417 IC96 RAMP61 & HIGHWAY 417,387550.42613,5023856.56852,-75.44394085670,45.34977226400,2017-11-19,7:15:00 AM,03 - Snow,01 - Daylight,04 - Slush,10 - No control,,03 - P.D. only,07 - SMV other,0
17-14126,HIGHWAY 417 btwn HWY417 IC129 RAMP76 & HWY417 IC129 RAMP26,360392.37432,5023506.57699,-75.79053743800,45.34930173130,2017-11-19,3:21:00 PM,01 - Clear,01 - Daylight,06 - Ice,10 - No control,,03 - P.D. only,07 - SMV other,0
17-14127,ROCKDALE RD S @ HIGHWAY 417,395262.12850,5022266.20784,-75.34583429440,45.33451174820,2017-11-20,4:25:00 PM,01 - Clear,05 - Dusk,01 - Dry,02 - Stop sign,01 - Functioning,03 - P.D. only,04 - Sideswipe,0
17-14128,HIGHWAY 417 btwn Continuation of HIGHWAY 417 & HWY417 IC134 RAMP51,355744.66596,5021846.50728,-75.85001781870,45.33471726180,2017-11-21,5:15:00 AM,01 - Clear,07 - Dark,01 - Dry,10 - No control,,03 - P.D. only,07 - SMV other,0
17-14129,HIGHWAY 417 btwn HWY417 IC122 RAMP15 & HWY417 IC121B RAMP51,366457.73006,5029477.21170,-75.71239369370,45.40251719250,2017-11-21,7:00:00 AM,01 - Clear,03 - Dawn,02 - Wet,10 - No control,,03 - P.D. only,03 - Rear end,0
17-14130,HIGHWAY 416 btwn HWY416 IC72 RAMP62 & HWY416 IC72 RAMP24,359454.58729,5019664.89324,-75.80292865050,45.31480784110,2017-11-20,10:00:00 PM,01 - Clear,07 - Dark,01 - Dry,10 - No control,,03 - P.D. only,07 - SMV other,0
17-14131,HIGHWAY 417 btwn HWY417 IC124 RAMP57 & HWY417 IC124 RAMP55,364122.98962,5027101.39311,-75.74250027310,45.38134175380,2017-11-21,8:50:00 AM,02 - Rain,01 - Daylight,02 - Wet,10 - No control,,03 - P.D. only,04 - Sideswipe,0
17-14132,HWY 417 MAITLAND IC126R52 @ MAITLAND AVE,363205.70912,5025833.70480,-75.75436201840,45.37001233610,2017-11-21,12:04:00 PM,01 - Clear,01 - Daylight,01 - Dry,03 - Yield sign,01 - Functioning,02 - Non-fatal injury,03 - Rear end,0
17-14133,HIGHWAY 417 btwn TRANSIT & HWY417 IC127 RAMP35,362003.84927,5024728.28048,-75.76983230130,45.36016495060,2017-11-21,3:40:00 PM,01 - Clear,01 - Daylight,01 - Dry,10 - No control,,03 - P.D. only,03 - Rear end,0
17-14134,HIGHWAY 417 btwn HWY417 IC127 RAMP25 & HWY417 IC126 RAMP51,362573.82641,5025181.75605,-75.76250452560,45.36419854270,2017-11-21,3:43:00 PM,01 - Clear,01 - Daylight,01 - Dry,10 - No control,,03 - P.D. only,03 - Rear end,0
17-14135,HWY417 IC113 RAMP85 btwn HWY417 IC113 RAMP35 & HIGHWAY 417,373961.09252,5031670.45303,-75.61625000680,45.42154981410,2017-11-21,4:30:00 PM,01 - Clear,05 - Dusk,01 - Dry,10 - No control,,03 - P.D. only,03 - Rear end,0
17-14136,HIGHWAY 417 btwn HWY417 IC119A RAMP75 & HWY417 IC118 RAMP57,368897.96281,5030672.58381,-75.68107026650,45.41305356490,2017-11-21,4:38:00 PM,01 - Clear,05 - Dusk,01 - Dry,10 - No control,,03 - P.D. only,03 - Rear end,0
17-14137,HIGHWAY 417 btwn RAMP & HWY417 IC88 RAMP51,392358.38459,5022875.98530,-75.38276677140,45.34036623330,2017-11-21,5:00:00 PM,01 - Clear,07 - Dark,01 - Dry,10 - No control,,03 - P.D. only,07 - SMV other,0
17-14138,HIGHWAY 417 btwn HWY417 IC118 RAMP67 & HWY417 IC117 RAMP36,369847.32499,5031154.81436,-75.66887863030,45.41730489160,2017-11-21,5:55:00 PM,01 - Clear,07 - Dark,01 - Dry,10 - No control,,03 - P.D. only,04 - Sideswipe,0
17-14139,HIGHWAY 417 btwn HWY417 IC118 RAMP67 & HWY417 IC117 RAMP36,369844.14998,5031152.69769,-75.66891947300,45.41728614150,2017-11-21,9:14:00 PM,02 - Rain,07 - Dark,02 - Wet,10 - No control,,03 - P.D. only,04 - Sideswipe,0
17-14140,HIGHWAY 417 btwn HWY417 IC119A RAMP67 & HWY417 IC118 RAMP76,368710.19786,5030597.49645,-75.68347868320,45.41239512840,2017-11-21,10:20:00 PM,01 - Clear,07 - Dark,01 - Dry,10 - No control,,03 - P.D. only,03 - Rear end,0
17-14141,HIGHWAY 417 btwn HWY417 IC112 RAMP55 & HIGHWAY 417,375009.91846,5030646.97010,-75.60299542580,45.41223659300,2017-11-21,9:30:00 PM,01 - Clear,07 - Dark,01 - Dry,10 - No control,,02 - Non-fatal injury,04 - Sideswipe,0
17-14142,HWY417 IC129 RAMP51 btwn HIGHWAY 417 & ASHLEY ST,360188.84771,5023294.36095,-75.79315838650,45.34740831750,2017-11-22,9:00:00 AM,01 - Clear,01 - Daylight,02 - Wet,10 - No control,,03 - P.D. only,04 - Sideswipe,0
17-14143,HIGHWAY 417 btwn HWY417 IC124 RAMP67 & HWY417 IC123 RAMP62,364749.50091,5028019.16199,-75.73438954900,45.38954633270,2017-11-22,10:52:00 AM,01 - Clear,01 - Daylight,01 - Dry,10 - No control,,03 - P.D. only,03 - Rear end,0
17-14144,HIGHWAY 417 btwn HWY417 IC104 RAMP15 & HWY417 IC96 RAMP51,383504.96898,5025269.46538,-75.49533576690,45.36295014330,2017-11-22,2:30:00 PM,01 - Clear,01 - Daylight,01 - Dry,10 - No control,,03 - P.D. only,07 - SMV other,0
17-14145,HIGHWAY 417 btwn HWY417 IC122 RAMP61 & HWY417 IC121B RAMP16,366459.62989,5029492.43549,-75.71236752480,45.40265400500,2017-11-22,2:49:00 PM,01 - Clear,01 - Daylight,01 - Dry,10 - No control,,03 - P.D. only,03 - Rear end,0
17-14146,HIGHWAY 417 btwn HWY417 IC126 RAMP25 & HWY417 IC124 RAMP57,363663.59229,5026497.34617,-75.74843785300,45.37594538050,2017-11-22,3:14:00 PM,01 - Clear,01 - Daylight,01 - Dry,10 - No control,,03 - P.D. only,03 - Rear end,0
17-14147,HIGHWAY 417 btwn HWY417 IC119A RAMP75 & HWY417 IC118 RAMP57,368930.91195,5030688.36513,-75.68064729020,45.41319254080,2017-11-22,3:30:00 PM,01 - Clear,01 - Daylight,01 - Dry,10 - No control,,03 - P.D. only,03 - Rear end,0
17-14148,HIGHWAY 417 btwn HWY417 IC122 RAMP15 & HWY417 IC121B RAMP51,366554.42676,5029506.48666,-75.71115495670,45.40277207780,2017-11-22,5:05:00 PM,01 - Clear,05 - Dusk,01 - Dry,10 - No control,,03 - P.D. only,04 - Sideswipe,0
17-14149,HIGHWAY 417 btwn HWY417 IC122 RAMP15 & HWY417 IC121B RAMP51,365787.68389,5029170.02065,-75.72098994770,45.39981185720,2017-11-22,5:45:00 PM,01 - Clear,07 - Dark,01 - Dry,10 - No control,,03 - P.D. only,03 - Rear end,0
17-14150,HIGHWAY 417 btwn HIGHWAY 417 & HWY417 IC129 RAMP51,360041.34573,5023224.80009,-75.79504835090,45.34679404180,2017-11-22,5:45:00 PM,01 - Clear,07 - Dark,01 - Dry,10 - No control,,03 - P.D. only,03 - Rear end,0
17-14151,HIGHWAY 417 btwn HWY417 IC131 RAMP66 & HWY417 IC130 RAMP26,359006.08199,5023056.23371,-75.80827716330,45.34535805050,2017-11-22,6:20:00 PM,01 - Clear,07 - Dark,01 - Dry,10 - No control,,03 - P.D. only,03 - Rear end,0
17-14152,HIGHWAY 417 btwn HWY417 IC127 RAMP25 & HWY417 IC126 RAMP51,362805.36515,5025356.20831,-75.75952865090,45.36574912390,2017-11-23,4:35:00 PM,01 - Clear,05 - Dusk,01 - Dry,10 - No control,,03 - P.D. only,03 - Rear end,0
17-14153,HIGHWAY 417 btwn HWY417 IC127 RAMP25 & HWY417 IC126 RAMP51,363011.95223,5025606.82215,-75.75686214580,45.36798699320,2017-11-23,4:45:00 PM,01 - Clear,05 - Dusk,01 - Dry,10 - No control,,03 - P.D. only,03 - Rear end,0
17-14154,HIGHWAY 7 btwn HAZELDEAN IC RAMP 53 & HIGHWAY 7,342364.76246,5008448.59394,-76.02173326550,45.21500033650,2017-11-23,6:10:00 PM,01 - Clear,07 - Dark,01 - Dry,10 - No control,,03 - P.D. only,07 - SMV other,0
17-14155,HIGHWAY 417 btwn Continuation of HIGHWAY 417 & HWY417 IC155 RAMP26,339417.04423,5019379.12480,-76.05850008500,45.31351015380,2017-11-23,6:30:00 PM,01 - Clear,07 - Dark,01 - Dry,10 - No control,,03 - P.D. only,07 - SMV other,0
17-14156,HIGHWAY 417 btwn HWY417 IC138 RAMP61 & HWY417 IC134 RAMP36,355779.05140,5021912.35654,-75.84957235470,45.33530728320,2017-11-23,6:40:00 PM,01 - Clear,07 - Dark,01 - Dry,10 - No control,,02 - Non-fatal injury,03 - Rear end,0
17-14157,HIGHWAY 416 btwn HWY416 IC72 RAMP34 & HWY416 IC72 RAMP63,359398.30464,5019707.03946,-75.80364178890,45.31519145470,2017-11-23,9:50:00 PM,01 - Clear,07 - Dark,01 - Dry,10 - No control,,03 - P.D. only,07 - SMV other,0
17-14158,HIGHWAY 417 btwn HWY417 IC138 RAMP26 & HWY417 IC138 RAMP61,353119.44736,5020363.20744,-75.88365468100,45.32155594410,2017-11-24,12:12:00 PM,01 - Clear,01 - Daylight,01 - Dry,10 - No control,,03 - P.D. only,07 - SMV other,0
17-14159,HIGHWAY 417 btwn HWY417 IC127 RAMP16 & HWY417 IC127 RAMP63,362035.39436,5024790.75379,-75.76942244800,45.36072450590,2017-11-24,4:30:00 PM,01 - Clear,05 - Dusk,01 - Dry,10 - No control,,03 - P.D. only,04 - Sideswipe,0
17-14160,HIGHWAY 417 btwn HWY417 IC126 RAMP61 & HWY417 IC124 RAMP76,363675.03537,5026535.56795,-75.74828720490,45.37628833330,2017-11-24,7:04:00 PM,01 - Clear,07 - Dark,01 - Dry,10 - No control,,03 - P.D. only,03 - Rear end,0
17-14161,HIGHWAY 416 btwn HWY416 IC72 RAMP62 & HWY416 IC72 RAMP24,359454.55235,5019670.72797,-75.80292845320,45.31486034570,2017-11-24,7:30:00 PM,01 - Clear,07 - Dark,01 - Dry,10 - No control,,03 - P.D. only,07 - SMV other,0
17-14162,HIGHWAY 416 btwn HWY416 IC66 RAMP62 & HWY416 IC72 RAMP24,360024.78349,5017396.15342,-75.79590960870,45.29434896280,2017-11-25,12:45:00 PM,01 - Clear,01 - Daylight,01 - Dry,10 - No control,,03 - P.D. only,07 - SMV other,0
17-14163,HIGHWAY 417 btwn HWY417 IC96 RAMP51 & HIGHWAY 417,387254.32586,5023859.76079,-75.44771850700,45.34983585960,2017-11-25,5:38:00 PM,01 - Clear,07 - Dark,01 - Dry,10 - No control,,03 - P.D. only,07 - SMV other,0
17-14164,HIGHWAY 417 btwn HWY417 IC123 RAMP62 & HWY417 IC122 RAMP16,364873.33568,5028249.34818,-75.73278018400,45.39160689110,2017-11-25,6:00:00 PM,02 - Rain,07 - Dark,02 - Wet,10 - No control,,03 - P.D. only,03 - Rear end,0
17-14165,HIGHWAY 417 btwn HWY417 IC123 RAMP62 & HWY417 IC122 RAMP16,365136.22621,5028715.43912,-75.72936601310,45.39577807790,2017-11-26,8:55:00 AM,01 - Clear,01 - Daylight,01 - Dry,10 - No control,,03 - P.D. only,07 - SMV other,0
17-14166,HIGHWAY 417 btwn HWY417 IC122 RAMP61 & HWY417 IC121B RAMP16,365813.13756,5029209.47010,-75.72065997180,45.40016459560,2017-11-26,9:20:00 AM,01 - Clear,01 - Daylight,01 - Dry,10 - No control,,03 - P.D. only,03 - Rear end,0
17-14167,HIGHWAY 417 btwn HWY417 IC113 RAMP85 & HWY417 IC112 RAMP54,374113.00633,5031468.55062,-75.61433746890,45.41971816580,2017-11-26,5:53:00 PM,03 - Snow,07 - Dark,03 - Loose snow,10 - No control,,03 - P.D. only,03 - Rear end,0
17-14168,HIGHWAY 417 btwn HWY417 IC115 RAMP61 & REGIONAL ROAD 174,373141.03105,5031668.36435,-75.62672792260,45.42161161240,2017-11-26,6:20:00 PM,04 - Freezing Rain,07 - Dark,06 - Ice,10 - No control,,03 - P.D. only,03 - Rear end,0
17-14169,HIGHWAY 417 btwn HWY417 IC122 RAMP61 & HWY417 IC121B RAMP16,366470.80838,5029501.45215,-75.71222361800,45.40273415020,2017-11-26,6:40:00 PM,05 - Drifting Snow,07 - Dark,03 - Loose snow,10 - No control,,03 - P.D. only,07 - SMV other,0
17-14170,HWY416 IC75A RAMP43 btwn HWY416 IC75A RAMP63 & HIGHWAY 416,358553.32679,5022023.94178,-75.81416650300,45.33610428810,2017-11-26,6:30:00 PM,03 - Snow,07 - Dark,04 - Slush,10 - No control,,03 - P.D. only,07 - SMV other,0
17-14171,HIGHWAY 417 btwn HWY417 IC124 RAMP76 & HWY417 IC124 RAMP67,364477.34184,5027598.49446,-75.73791582850,45.38578448770,2017-11-26,6:51:00 PM,03 - Snow,07 - Dark,03 - Loose snow,10 - No control,,03 - P.D. only,04 - Sideswipe,0
17-14172,HIGHWAY 417 btwn HWY417 IC112 RAMP66 & HWY417 IC113 RAMP65,374184.07708,5031393.05038,-75.61344008690,45.41903180940,2017-11-26,6:56:00 PM,03 - Snow,07 - Dark,04 - Slush,10 - No control,,03 - P.D. only,03 - Rear end,0
17-14173,HIGHWAY 417 btwn HWY417 IC112 RAMP66 & HWY417 IC113 RAMP65,374194.66044,5031331.66693,-75.61331351940,45.41847846270,2017-11-26,7:25:00 PM,03 - Snow,07 - Dark,03 - Loose snow,10 - No control,,03 - P.D. only,03 - Rear end,0
17-14174,HIGHWAY 417 btwn HWY417 IC144 RAMP25 & HWY417 IC142 RAMP51,348228.92934,5016558.62696,-75.94636659830,45.28764068640,2017-11-26,9:00:00 PM,03 - Snow,07 - Dark,04 - Slush,10 - No control,,03 - P.D. only,07 - SMV other,0
17-14175,HIGHWAY 417 btwn HWY417 IC118 RAMP35 & HWY417 IC117 RAMP51,369813.80784,5031134.53078,-75.66930951650,45.41712550270,2017-11-26,9:00:00 PM,04 - Freezing Rain,07 - Dark,06 - Ice,10 - No control,,03 - P.D. only,03 - Rear end,0
17-14176,HIGHWAY 417 btwn HWY417 IC96 RAMP61 & HIGHWAY 417,387506.77767,5023866.72958,-75.44449610220,45.34986883350,2017-11-26,10:30:00 PM,01 - Clear,07 - Dark,02 - Wet,10 - No control,,03 - P.D. only,04 - Sideswipe,0
17-14177,HIGHWAY 417 btwn HWY417 IC138 RAMP61 & HWY417 IC134 RAMP36,355879.02388,5021969.55745,-75.84829101200,45.33581471370,2017-11-26,10:42:00 PM,03 - Snow,07 - Dark,03 - Loose snow,10 - No control,,03 - P.D. only,07 - SMV other,0
17-14178,HIGHWAY 417 btwn HWY 417 ANDERSON IC104R61 & HWY 417 BOUNDARY IC96R16,384981.15038,5024992.64034,-75.47654030540,45.36029220030,2017-11-27,7:25:00 AM,01 - Clear,01 - Daylight,02 - Wet,10 - No control,,03 - P.D. only,03 - Rear end,0
17-14179,HIGHWAY 417 btwn HWY417 IC138 RAMP61 & HWY417 IC134 RAMP36,355697.53764,5021866.08459,-75.85061705850,45.33489684080,2017-11-27,9:35:00 AM,01 - Clear,01 - Daylight,01 - Dry,10 - No control,,03 - P.D. only,03 - Rear end,0
17-14180,HIGHWAY 417 btwn HWY417 IC119B RAMP76 & HWY417 IC119A RAMP67,368405.39472,5030426.43087,-75.68739455030,45.41088370680,2017-11-27,5:20:00 PM,01 - Clear,07 - Dark,01 - Dry,10 - No control,,03 - P.D. only,03 - Rear end,0
17-14181,HWY417 IC117 RAMP35 btwn RIVERSIDE DR & HIGHWAY 417,370800.51368,5031101.11972,-75.65670807600,45.41673250530,2017-11-27,5:38:00 PM,01 - Clear,07 - Dark,01 - Dry,10 - No control,,03 - P.D. only,03 - Rear end,0
17-14182,HIGHWAY 417 btwn HWY417 IC126 RAMP25 & HWY417 IC124 RAMP57,363667.38567,5026498.26010,-75.74838931460,45.37595328490,2017-11-27,5:37:00 PM,01 - Clear,07 - Dark,01 - Dry,10 - No control,,03 - P.D. only,03 - Rear end,0
17-14183,HIGHWAY 417 btwn HWY417 IC129 RAMP25 & HWY417 IC129 RAMP35,360623.25005,5023645.31430,-75.78757559840,45.35053174750,2017-11-27,6:30:00 PM,01 - Clear,07 - Dark,01 - Dry,10 - No control,,03 - P.D. only,03 - Rear end,0
17-14184,HIGHWAY 417 btwn HWY417 IC110 RAMP64 & HWY417 IC104 RAMP16,378003.58759,5026439.53156,-75.56537745360,45.37407382210,2017-11-28,7:55:00 AM,01 - Clear,01 - Daylight,01 - Dry,10 - No control,,03 - P.D. only,03 - Rear end,0
17-14185,HIGHWAY 417 btwn HWY417 IC119A RAMP75 & HWY417 IC118 RAMP57,368921.12209,5030681.34004,-75.68077326950,45.41313022850,2017-11-28,4:30:00 PM,01 - Clear,05 - Dusk,01 - Dry,10 - No control,,03 - P.D. only,03 - Rear end,0
17-14186,HIGHWAY 417 btwn RAMP & HWY417 IC129 RAMP76,359995.96758,5023222.61512,-75.79562763450,45.34677795360,2017-11-28,5:21:00 PM,01 - Clear,07 - Dark,01 - Dry,10 - No control,,03 - P.D. only,03 - Rear end,0
17-14187,HIGHWAY 417 btwn HWY417 IC124 RAMP65 & HWY417 IC122 RAMP51,364961.04251,5028374.69793,-75.73164486410,45.39272723300,2017-11-28,5:28:00 PM,01 - Clear,07 - Dark,01 - Dry,10 - No control,,03 - P.D. only,03 - Rear end,0
17-14188,HIGHWAY 417 btwn HWY417 IC122 RAMP61 & HWY417 IC121B RAMP16,365931.32445,5029275.55306,-75.71914228330,45.40074888450,2017-11-28,6:30:00 PM,01 - Clear,07 - Dark,01 - Dry,10 - No control,,03 - P.D. only,03 - Rear end,0
17-14189,HIGHWAY 417 btwn HWY417 IC123 RAMP62 & HWY417 IC122 RAMP16,365116.82948,5028689.65856,-75.72961688360,45.39554778160,2017-11-29,8:00:00 AM,02 - Rain,01 - Daylight,02 - Wet,10 - No control,,03 - P.D. only,03 - Rear end,0
17-14190,HIGHWAY 417 btwn HWY417 IC115 RAMP36 & HWY417 IC115 RAMP26,372292.13217,5031503.56085,-75.63759661440,45.42021119870,2017-11-26,7:30:00 PM,03 - Snow,07 - Dark,03 - Loose snow,10 - No control,,03 - P.D. only,03 - Rear end,0
17-14191,HIGHWAY 417 btwn HWY417 IC117 RAMP61 & HWY417 IC115 RAMP36,371344.71027,5031396.88064,-75.64971567350,45.41934209160,2017-11-29,3:45:00 PM,01 - Clear,01 - Daylight,01 - Dry,10 - No control,,03 - P.D. only,04 - Sideswipe,0
17-14192,HWY417 IC131 RAMP66 btwn HWY417 IC130 RAMP36 & HWY417 IC131 RAMP63,358517.84690,5022911.14700,-75.81452282870,45.34409011590,2017-11-29,5:05:00 PM,01 - Clear,07 - Dark,01 - Dry,10 - No control,,03 - P.D. only,03 - Rear end,0
17-14193,HIGHWAY 417 btwn HWY417 IC127 RAMP67 & HWY417 IC126 RAMP16,362714.35862,5025313.56847,-75.76069530220,45.36537298060,2017-11-29,5:15:00 PM,01 - Clear,07 - Dark,01 - Dry,10 - No control,,03 - P.D. only,04 - Sideswipe,0
17-14194,HIGHWAY 417 btwn HWY417 IC121A RAMP51 & HWY417 IC120A RAMP52,367239.27184,5029721.53562,-75.70238043140,45.40464627730,2017-11-29,3:45:00 PM,01 - Clear,01 - Daylight,01 - Dry,10 - No control,,03 - P.D. only,04 - Sideswipe,0
17-14195,HIGHWAY 417 btwn HWY417 IC121B RAMP51 & HWY417 IC121A RAMP51,367026.54642,5029646.39380,-75.70510707380,45.40398911520,2017-11-29,8:30:00 PM,01 - Clear,07 - Dark,01 - Dry,10 - No control,,03 - P.D. only,99 - Other,0
17-14196,HIGHWAY 417 btwn HWY417 IC131 RAMP55 & HWY417 IC130 RAMP35,358916.85259,5023015.22106,-75.80942022200,45.34499590800,2017-11-30,7:00:00 AM,01 - Clear,03 - Dawn,01 - Dry,10 - No control,,03 - P.D. only,03 - Rear end,0
17-14197,HIGHWAY 417 btwn HWY417 IC110 RAMP64 & HWY417 IC104 RAMP16,376662.31586,5027470.17830,-75.58234983490,45.38348586930,2017-11-30,7:49:00 AM,01 - Clear,01 - Daylight,01 - Dry,10 - No control,,02 - Non-fatal injury,03 - Rear end,0
17-14198,HIGHWAY 417 btwn TRANSIT & HWY417 IC127 RAMP35,361984.43789,5024710.56862,-75.77008210350,45.36000716380,2017-11-30,10:24:00 AM,01 - Clear,01 - Daylight,01 - Dry,10 - No control,,03 - P.D. only,03 - Rear end,0
17-14199,HIGHWAY 417 btwn HWY417 IC112 RAMP66 & HWY417 IC113 RAMP65,374139.12068,5031583.43431,-75.61398765830,45.42074924240,2017-11-26,7:00:00 PM,03 - Snow,07 - Dark,03 - Loose snow,10 - No control,,03 - P.D. only,07 - SMV other,0
17-14200,HIGHWAY 417 btwn HWY417 IC127 RAMP16 & HWY417 IC127 RAMP63,361972.07301,5024734.83978,-75.77023711200,45.36022656270,2017-11-30,3:16:00 PM,01 - Clear,01 - Daylight,01 - Dry,10 - No control,,03 - P.D. only,04 - Sideswipe,0
17-14201,HIGHWAY 417 btwn HWY417 IC126 RAMP16 & HWY417 IC126 RAMP61,363102.79860,5025784.28521,-75.75568154910,45.36957623320,2017-11-30,3:40:00 PM,02 - Rain,01 - Daylight,02 - Wet,10 - No control,,03 - P.D. only,04 - Sideswipe,0
17-14202,HIGHWAY 417 btwn HWY417 IC127 RAMP67 & HWY417 IC126 RAMP16,362986.38170,5025634.00158,-75.75718535190,45.36823367370,2017-11-30,5:16:00 PM,02 - Rain,07 - Dark,02 - Wet,10 - No control,,03 - P.D. only,03 - Rear end,0
17-14203,HIGHWAY 417 btwn HWY417 IC126 RAMP16 & HWY417 IC126 RAMP61,363119.73197,5025794.86856,-75.75546413890,45.36967005250,2017-11-30,6:35:00 PM,02 - Rain,07 - Dark,02 - Wet,10 - No control,,02 - Non-fatal injury,03 - Rear end,0
17-14204,HIGHWAY 416 btwn HWY416 IC66 RAMP34 & HWY416 IC72 RAMP53,360288.68464,5018057.55448,-75.79247123800,45.30027950500,2017-11-30,7:30:00 PM,01 - Clear,07 - Dark,01 - Dry,10 - No control,,03 - P.D. only,99 - Other,0
17-14205,HWY417 IC145 RAMP55 btwn HIGHWAY 7 & HIGHWAY 417,346269.97327,5014713.35557,-75.97149251700,45.27115451300,2017-11-30,7:30:00 PM,02 - Rain,07 - Dark,02 - Wet,10 - No control,,03 - P.D. only,07 - SMV other,0
17-14206,HIGHWAY 417 btwn HWY417 IC110 RAMP64 & HWY417 IC104 RAMP16,378012.27564,5026425.00149,-75.56526869880,45.37394218080,2017-12-01,7:01:00 AM,01 - Clear,03 - Dawn,02 - Wet,10 - No control,,03 - P.D. only,07 - SMV other,0
17-14207,HIGHWAY 417 btwn HWY417 IC126 RAMP61 & HWY417 IC124 RAMP76,363589.00646,5026425.58946,-75.74939861400,45.37530598570,2017-12-01,7:44:00 AM,01 - Clear,03 - Dawn,02 - Wet,10 - No control,,03 - P.D. only,03 - Rear end,0
17-14208,HIGHWAY 417 btwn HWY417 IC127 RAMP25 & HWY417 IC126 RAMP51,363181.75898,5025842.65829,-75.75466669380,45.37009489410,2017-12-01,7:30:00 AM,01 - Clear,03 - Dawn,02 - Wet,10 - No control,,03 - P.D. only,04 - Sideswipe,0
17-14209,HIGHWAY 416 btwn HWY416 IC66 RAMP62 & HWY416 IC66 RAMP52,359999.02678,5014895.44806,-75.79651613170,45.27184939370,2017-12-01,8:15:00 AM,01 - Clear,01 - Daylight,02 - Wet,10 - No control,,03 - P.D. only,07 - SMV other,0
17-14210,HIGHWAY 417 btwn HWY 417 ANDERSON IC104R61 & HWY 417 BOUNDARY IC96R16,381539.28586,5025627.26586,-75.52036829400,45.36638732990,2017-12-01,5:15:00 PM,01 - Clear,07 - Dark,01 - Dry,10 - No control,,03 - P.D. only,07 - SMV other,0
17-14211,HIGHWAY 417 btwn HWY417 IC127 RAMP25 & HWY417 IC126 RAMP51,363154.16465,5025812.89790,-75.75502246330,45.36982941180,2017-12-01,5:00:00 PM,01 - Clear,07 - Dark,01 - Dry,10 - No control,,02 - Non-fatal injury,03 - Rear end,0
17-14212,HIGHWAY 7 btwn RAMP & DWYER HILL RD,340637.01961,5006633.53121,-76.04386036850,45.19875728400,2017-12-01,9:00:00 PM,01 - Clear,07 - Dark,01 - Dry,10 - No control,,03 - P.D. only,99 - Other,0
17-14213,HIGHWAY 417 btwn HWY417 IC104 RAMP16 & HWY417 IC104 RAMP61,380162.67292,5025922.75427,-75.53789415370,45.36919531180,2017-12-02,7:54:00 AM,01 - Clear,01 - Daylight,01 - Dry,10 - No control,,03 - P.D. only,07 - SMV other,0
17-14214,HIGHWAY 417 btwn HWY417 IC138 RAMP26 & HWY417 IC138 RAMP61,353117.22799,5020349.45396,-75.88368433110,45.32143234110,2017-12-03,4:05:00 PM,01 - Clear,05 - Dusk,01 - Dry,10 - No control,,03 - P.D. only,03 - Rear end,0
17-14215,HIGHWAY 417 btwn HWY 417 ANDERSON IC104R61 & HWY 417 BOUNDARY IC96R16,384987.56691,5024979.67155,-75.47646052010,45.36017478420,2017-12-03,7:55:00 PM,01 - Clear,07 - Dark,01 - Dry,10 - No control,,02 - Non-fatal injury,03 - Rear end,0
17-14216,HIGHWAY 417 btwn HWY417 IC139 RAMP15 & HWY417 IC138 RAMP51,352227.11987,5019643.74148,-75.89510513150,45.31514288410,2017-12-04,2:25:00 PM,01 - Clear,01 - Daylight,01 - Dry,10 - No control,,02 - Non-fatal injury,03 - Rear end,0
17-14217,HIGHWAY 417 btwn HWY417 IC139 RAMP15 & HWY417 IC138 RAMP51,352158.32806,5019580.24136,-75.89598853680,45.31457613900,2017-12-04,2:35:00 PM,01 - Clear,01 - Daylight,01 - Dry,10 - No control,,03 - P.D. only,03 - Rear end,0
17-14218,HIGHWAY 417 btwn HWY417 IC119A RAMP75 & HWY417 IC118 RAMP57,368647.73483,5030540.70194,-75.68428399170,45.41188981160,2017-12-04,5:07:00 PM,01 - Clear,07 - Dark,01 - Dry,10 - No control,,03 - P.D. only,03 - Rear end,0
17-14219,HIGHWAY 417 btwn HWY417 IC122 RAMP16 & HWY417 IC122 RAMP61,365261.48473,5028844.82522,-75.72775045860,45.39693146100,2017-12-04,5:15:00 PM,01 - Clear,07 - Dark,01 - Dry,10 - No control,,03 - P.D. only,03 - Rear end,0
17-14220,HIGHWAY 417 btwn HWY417 IC121B RAMP51 & HWY417 IC121A RAMP51,367024.24825,5029647.46682,-75.70513629190,45.40399897410,2017-12-04,5:45:00 PM,01 - Clear,07 - Dark,01 - Dry,10 - No control,,03 - P.D. only,03 - Rear end,0
17-14221,HIGHWAY 416 btwn HWY416 IC42 RAMP43 & END,372477.08036,4994045.79042,-75.64033368770,45.08315552700,2017-12-04,10:00:00 PM,01 - Clear,07 - Dark,01 - Dry,10 - No control,,03 - P.D. only,07 - SMV other,0
17-14222,HIGHWAY 417 btwn HWY417 IC126 RAMP61 & HWY417 IC124 RAMP76,363654.26688,5026512.87619,-75.74855505720,45.37608590050,2017-12-05,5:10:00 AM,02 - Rain,07 - Dark,02 - Wet,10 - No control,,03 - P.D. only,07 - SMV other,0