COLLISION_ID,LOCATION,X,Y,LONGITUDE,LATITUDE,DATE,TIME,ENVIRONMENT,LIGHT,SURFACE_CONDITION,TRAFFIC_CONTROL,TRAFFIC_CONTROL_CONDITION,COLLISION_CLASSIFICATION,IMPACT_TYPE,NO_OF_PEDESTRIANS
17-14223,HIGHWAY 417 btwn HWY417 IC131 RAMP53 & HWY417 IC131 RAMP51,357927.61376,5022732.71363,-75.82207324510,45.34252951480,2017-12-05,7:30:00 AM,02 - Rain,03 - Dawn,02 - Wet,10 - No control,,03 - P.D. only,04 - Sideswipe,0
17-14224,HIGHWAY 417 btwn HWY417 IC124 RAMP65 & HWY417 IC122 RAMP51,364853.14928,5028174.03951,-75.73304713440,45.39093100990,2017-12-05,8:50:00 AM,02 - Rain,01 - Daylight,02 - Wet,10 - No control,,03 - P.D. only,03 - Rear end,0
17-14225,HIGHWAY 417 btwn HWY417 IC104 RAMP15 & HWY417 IC96 RAMP51,381441.51605,5025602.08117,-75.52162011870,45.36617143200,2017-12-05,2:42:00 PM,01 - Clear,01 - Daylight,01 - Dry,10 - No control,,03 - P.D. only,03 - Rear end,0
17-14226,HIGHWAY 417 btwn HWY417 IC104 RAMP15 & HWY417 IC96 RAMP51,381386.90594,5025612.24119,-75.52231557730,45.36626881390,2017-12-05,2:55:00 PM,01 - Clear,01 - Daylight,01 - Dry,10 - No control,,03 - P.D. only,04 - Sideswipe,0
17-14227,HIGHWAY 417 btwn HWY417 IC113 RAMP85 & HWY417 IC112 RAMP54,374126.40725,5031415.20029,-75.61417376170,45.41923681950,2017-12-05,5:10:00 PM,01 - Clear,07 - Dark,02 - Wet,10 - No control,,03 - P.D. only,04 - Sideswipe,0
17-14228,HIGHWAY 417 btwn HWY417 IC119A RAMP75 & HWY417 IC118 RAMP57,368928.18103,5030688.65301,-75.68068214110,45.41319538150,2017-12-05,5:18:00 PM,01 - Clear,07 - Dark,01 - Dry,10 - No control,,03 - P.D. only,03 - Rear end,0
17-14229,HIGHWAY 417 btwn HWY417 IC130 RAMP35 & HWY417 IC130 RAMP25,359283.78174,5023073.50611,-75.80473180150,45.34549195230,2017-12-06,7:55:00 AM,01 - Clear,01 - Daylight,01 - Dry,10 - No control,,03 - P.D. only,04 - Sideswipe,0
17-14230,HIGHWAY 417 btwn HWY417 IC117 RAMP25 & HWY417 IC115 RAMP51,371381.08086,5031379.40739,-75.64925335580,45.41918141500,2017-12-06,3:15:00 PM,01 - Clear,01 - Daylight,01 - Dry,10 - No control,,02 - Non-fatal injury,03 - Rear end,0
17-14231,HIGHWAY 417 btwn HWY417 IC119A RAMP75 & HWY417 IC118 RAMP57,368902.77674,5030671.16931,-75.68100895340,45.41304039680,2017-12-06,5:20:00 PM,01 - Clear,07 - Dark,01 - Dry,10 - No control,,03 - P.D. only,03 - Rear end,0
17-14232,HIGHWAY 416 btwn HWY416 IC75A RAMP26 & HWY416 IC72 RAMP62,358980.02676,5021441.63751,-75.80878641980,45.33083187010,2017-12-07,6:35:00 AM,03 - Snow,07 - Dark,06 - Ice,10 - No control,,03 - P.D. only,07 - SMV other,0
17-14233,HIGHWAY 417 btwn HWY417 IC134 RAMP36 & HWY417 IC134 RAMP26,356296.03867,5022217.20690,-75.84294496630,45.33801260630,2017-12-07,6:50:00 AM,03 - Snow,07 - Dark,06 - Ice,10 - No control,,02 - Non-fatal injury,03 - Rear end,0
17-14234,HIGHWAY 417 btwn HWY417 IC131 RAMP66 & HWY417 IC130 RAMP26,359000.82658,5023051.38690,-75.80834475360,45.34531484500,2017-12-07,6:52:00 AM,03 - Snow,07 - Dark,05 - Packed snow,10 - No control,,03 - P.D. only,07 - SMV other,0
17-14235,HIGHWAY 416 btwn HWY417 IC131 RAMP53 & HWY416 IC75A RAMP43,358496.31807,5022325.68628,-75.81486107560,45.33882376460,2017-12-07,7:00:00 AM,03 - Snow,03 - Dawn,06 - Ice,10 - No control,,03 - P.D. only,07 - SMV other,0
17-14236,HIGHWAY 417 btwn HWY 417 ANDERSON IC104R61 & HWY 417 BOUNDARY IC96R16,383493.77807,5025382.79406,-75.49546054900,45.36397104810,2017-12-07,7:10:00 AM,01 - Clear,03 - Dawn,02 - Wet,10 - No control,,03 - P.D. only,03 - Rear end,0
17-14237,HWY416 IC75A RAMP26 btwn HIGHWAY 417 & HIGHWAY 416,358021.93199,5022783.45954,-75.82086433750,45.34297897950,2017-12-07,7:35:00 AM,01 - Clear,03 - Dawn,05 - Packed snow,10 - No control,,03 - P.D. only,04 - Sideswipe,0
17-14238,HIGHWAY 417 btwn HWY417 IC129 RAMP51 & HWY417 IC129 RAMP35,360290.15653,5023391.79076,-75.79185470750,45.34827698180,2017-12-07,9:00:00 AM,03 - Snow,01 - Daylight,02 - Wet,10 - No control,,03 - P.D. only,03 - Rear end,0
17-14239,HIGHWAY 417 btwn HWY417 IC138 RAMP61 & HWY417 IC134 RAMP36,355725.23823,5021885.99108,-75.85026161120,45.33507395190,2017-12-07,6:30:00 AM,03 - Snow,07 - Dark,06 - Ice,10 - No control,,03 - P.D. only,03 - Rear end,0
17-14240,HIGHWAY 417 btwn HWY417 IC117 RAMP25 & HWY417 IC115 RAMP51,371519.37788,5031394.46482,-75.64748440920,45.41930372040,2017-12-07,5:45:00 PM,01 - Clear,07 - Dark,01 - Dry,10 - No control,,03 - P.D. only,03 - Rear end,0
17-14241,HIGHWAY 417 btwn HWY417 IC119A RAMP75 & HWY417 IC118 RAMP57,368920.10601,5030686.65007,-75.68078555930,45.41317810000,2017-12-07,4:30:00 PM,01 - Clear,05 - Dusk,01 - Dry,10 - No control,,03 - P.D. only,03 - Rear end,0
17-14242,HIGHWAY 417 btwn HWY417 IC155 RAMP25 & RAMP,344305.07553,5015457.73211,-75.99647361700,45.27796586990,2017-12-08,5:36:00 AM,99 - Other,07 - Dark,02 - Wet,10 - No control,,03 - P.D. only,07 - SMV other,0
17-14243,HIGHWAY 417 btwn RAMP & HWY417 IC145 RAMP55,345858.18280,5014764.52239,-75.97673606380,45.27163909650,2017-12-08,5:30:00 AM,01 - Clear,07 - Dark,01 - Dry,10 - No control,,03 - P.D. only,07 - SMV other,0
17-14244,HWY 417 WOODROFF IC127R62 @ WOODROFFE AVE,362051.23730,5025018.58067,-75.76919384610,45.36277318070,2017-12-08,9:10:00 AM,01 - Clear,01 - Daylight,01 - Dry,03 - Yield sign,01 - Functioning,03 - P.D. only,03 - Rear end,0
17-14245,HIGHWAY 417 btwn HWY417 IC110 RAMP55 & HWY417 IC104 RAMP51,377979.36221,5026361.87294,-75.56569821500,45.37337762320,2017-12-08,9:50:00 AM,01 - Clear,01 - Daylight,01 - Dry,10 - No control,,03 - P.D. only,04 - Sideswipe,0
17-14246,HIGHWAY 417 btwn HWY417 IC122 RAMP61 & HWY417 IC121B RAMP16,366450.70249,5029491.15920,-75.71248171100,45.40264330740,2017-12-08,11:55:00 AM,01 - Clear,01 - Daylight,01 - Dry,10 - No control,,03 - P.D. only,03 - Rear end,0
17-14247,HWY417 IC124 RAMP67 btwn CARLING AVE & HIGHWAY 417,364555.85870,5027717.81232,-75.73689880540,45.38685139330,2017-12-08,4:25:00 PM,01 - Clear,05 - Dusk,01 - Dry,10 - No control,,03 - P.D. only,03 - Rear end,0
17-14248,HIGHWAY 416 btwn HWY416 IC42 RAMP42 & HWY416 IC42 RAMP24,371568.02956,4994980.95684,-75.65175506530,45.09165657900,2017-12-09,3:05:00 AM,01 - Clear,07 - Dark,01 - Dry,10 - No control,,03 - P.D. only,07 - SMV other,0
17-14249,HIGHWAY 417 btwn HWY417 IC112 RAMP66 & HWY417 IC112 RAMP56,374351.96171,5030956.14348,-75.61135685520,45.41508407810,2017-12-10,12:05:00 AM,03 - Snow,07 - Dark,03 - Loose snow,10 - No control,,03 - P.D. only,04 - Sideswipe,0
17-14250,HIGHWAY 417 btwn HWY417 IC155 RAMP25 & RAMP,344345.15309,5015406.28529,-75.99596691180,45.27750067600,2017-12-10,6:45:00 AM,03 - Snow,07 - Dark,02 - Wet,10 - No control,,03 - P.D. only,07 - SMV other,0
17-14251,HIGHWAY 417 btwn HWY417 IC124 RAMP65 & HWY417 IC122 RAMP51,365166.95498,5028716.20295,-75.72897347700,45.39578230270,2017-12-10,9:52:00 AM,01 - Clear,01 - Daylight,02 - Wet,10 - No control,,03 - P.D. only,04 - Sideswipe,0
17-14252,HIGHWAY 417 btwn HWY417 IC155 RAMP61 & HWY417 IC145 RAMP56,344360.40176,5015437.85226,-75.99577004720,45.27778387180,2017-12-10,9:50:00 PM,01 - Clear,07 - Dark,02 - Wet,10 - No control,,03 - P.D. only,07 - SMV other,0
17-14253,HIGHWAY 417 btwn HWY417 IC122 RAMP61 & HWY417 IC121B RAMP16,365810.05675,5029207.53730,-75.72069956050,45.40014747330,2017-12-11,1:00:00 PM,01 - Clear,01 - Daylight,01 - Dry,10 - No control,,03 - P.D. only,03 - Rear end,0
17-14254,HIGHWAY 417 btwn HWY417 IC126 RAMP51 & HWY417 IC126 RAMP25,363270.05167,5025970.72416,-75.75352443850,45.37123985440,2017-12-12,1:30:00 PM,01 - Clear,01 - Daylight,01 - Dry,10 - No control,,03 - P.D. only,03 - Rear end,0
17-14255,HIGHWAY 417 btwn HWY417 IC117 RAMP25 & HWY417 IC115 RAMP51,371396.64270,5031382.78354,-75.64905407900,45.41921031060,2017-12-11,4:45:00 PM,01 - Clear,05 - Dusk,01 - Dry,10 - No control,,03 - P.D. only,03 - Rear end,0
17-14256,HIGHWAY 417 btwn HWY417 IC124 RAMP65 & HWY417 IC122 RAMP51,365126.88005,5028667.39111,-75.72949124920,45.39534655760,2017-12-11,4:50:00 PM,01 - Clear,07 - Dark,01 - Dry,10 - No control,,03 - P.D. only,03 - Rear end,0
17-14257,HIGHWAY 417 btwn HWY417 IC155 RAMP61 & HWY417 IC145 RAMP56,345942.53918,5014809.86423,-75.97565727610,45.27204217060,2017-12-11,5:38:00 PM,01 - Clear,07 - Dark,01 - Dry,10 - No control,,03 - P.D. only,07 - SMV other,0
17-14258,HIGHWAY 417 btwn HWY417 IC122 RAMP16 & HWY417 IC122 RAMP61,365345.53215,5028893.55740,-75.72667107160,45.39736267970,2017-12-09,8:40:00 PM,03 - Snow,07 - Dark,03 - Loose snow,10 - No control,,03 - P.D. only,04 - Sideswipe,0
17-14259,HIGHWAY 417 btwn HWY417 IC121A RAMP51 & HWY417 IC120A RAMP52,367216.66923,5029715.53126,-75.70266989620,45.40459426810,2017-12-12,5:35:00 AM,03 - Snow,07 - Dark,03 - Loose snow,10 - No control,,03 - P.D. only,07 - SMV other,0
17-14260,HIGHWAY 417 btwn HWY417 IC122 RAMP51 & HWY417 IC122 RAMP15,365341.29881,5028879.97543,-75.72672680540,45.39724083800,2017-12-12,5:30:00 AM,03 - Snow,07 - Dark,03 - Loose snow,10 - No control,,03 - P.D. only,04 - Sideswipe,0
17-14261,HWY417 IC119A RAMP75 btwn METCALFE ST & HIGHWAY 417,368545.05661,5030472.77028,-75.68560445580,45.41128794610,2017-12-12,6:40:00 AM,03 - Snow,07 - Dark,03 - Loose snow,10 - No control,,03 - P.D. only,04 - Sideswipe,0
17-14262,HIGHWAY 416 btwn HWY416 IC66 RAMP62 & HWY416 IC72 RAMP24,360310.20139,5017867.44685,-75.79221818490,45.29856720470,2017-12-12,7:16:00 AM,03 - Snow,03 - Dawn,03 - Loose snow,10 - No control,,02 - Non-fatal injury,03 - Rear end,0
17-14263,HIGHWAY 416 btwn HWY416 IC66 RAMP62 & HWY416 IC72 RAMP24,360284.80133,5017773.46666,-75.79255253970,45.29772357100,2017-12-12,7:16:00 AM,03 - Snow,03 - Dawn,05 - Packed snow,10 - No control,,02 - Non-fatal injury,03 - Rear end,0
17-14264,HWY416 IC57 RAMP24 btwn BANKFIELD RD & HIGHWAY 416,365052.28504,5007542.21155,-75.73301116780,45.20526986700,2017-12-12,8:17:00 AM,03 - Snow,01 - Daylight,03 - Loose snow,10 - No control,,03 - P.D. only,07 - SMV other,0
17-14265,HIGHWAY 417 btwn HWY417 IC144 RAMP25 & HWY417 IC142 RAMP51,348220.70325,5016566.21460,-75.94647079460,45.28770947050,2017-12-12,9:50:00 AM,03 - Snow,01 - Daylight,03 - Loose snow,10 - No control,,03 - P.D. only,04 - Sideswipe,0
17-14266,HWY417 IC120B RAMP36 btwn HIGHWAY 417 & CATHERINE ST,367706.95194,5029981.71886,-75.69637352740,45.40694545480,2017-12-12,11:14:00 AM,03 - Snow,01 - Daylight,03 - Loose snow,10 - No control,,03 - P.D. only,03 - Rear end,0
17-14267,HIGHWAY 417 btwn HWY417 IC169 RAMP26 & HWY417 IC169 RAMP61,325664.72436,5024742.07996,-76.23366617030,45.36231251610,2017-12-12,1:00:00 PM,03 - Snow,01 - Daylight,03 - Loose snow,10 - No control,,03 - P.D. only,07 - SMV other,0
17-14268,HIGHWAY 417 btwn HWY417 IC121A RAMP61 & HWY417 IC120B RAMP36,367546.73689,5029888.80335,-75.69843187200,45.40612380990,2017-12-12,2:20:00 PM,03 - Snow,01 - Daylight,03 - Loose snow,10 - No control,,03 - P.D. only,07 - SMV other,0
17-14269,HIGHWAY 417 btwn HWY417 IC118 RAMP67 & HWY417 IC117 RAMP36,370188.87134,5031114.99081,-75.66452038180,45.41691473890,2017-12-12,3:39:00 PM,03 - Snow,01 - Daylight,04 - Slush,10 - No control,,03 - P.D. only,07 - SMV other,0
17-14270,HWY416 IC49 RAMP34 btwn HIGHWAY 416 & ROGER STEVENS DR,369107.46418,5001295.33117,-75.68220040820,45.14870195600,2017-12-12,3:55:00 PM,03 - Snow,05 - Dusk,03 - Loose snow,10 - No control,,03 - P.D. only,07 - SMV other,0
17-14271,ISABELLA ST/HWY 417 O'CONN IC119BR57 @ O'CONNO,368297.62589,5030309.80920,-75.68878625890,45.40984416920,2017-12-12,5:25:00 PM,03 - Snow,07 - Dark,05 - Packed snow,01 - Traffic signal,01 - Functioning,03 - P.D. only,03 - Rear end,0
17-14272,HIGHWAY 417 btwn HWY417 IC126 RAMP51 & HWY417 IC126 RAMP25,363268.52167,5025958.35716,-75.75354543390,45.37112870530,2017-12-12,6:20:00 PM,03 - Snow,07 - Dark,05 - Packed snow,10 - No control,,03 - P.D. only,03 - Rear end,0
17-14273,HIGHWAY 417 btwn HWY417 IC140 RAMP35 & HWY417 IC140 RAMP25,351329.14312,5018873.60566,-75.90662980080,45.30827308940,2017-12-12,6:20:00 PM,03 - Snow,07 - Dark,99 - Other,10 - No control,,02 - Non-fatal injury,04 - Sideswipe,0
17-14274,HIGHWAY 417 btwn HWY417 IC122 RAMP51 & HWY417 IC122 RAMP15,365273.61226,5028832.75391,-75.72759705180,45.39682179870,2017-12-12,7:10:00 PM,03 - Snow,07 - Dark,03 - Loose snow,10 - No control,,03 - P.D. only,04 - Sideswipe,0
17-14275,HIGHWAY 417 btwn HWY417 IC115 RAMP36 & HWY417 IC115 RAMP26,372281.99428,5031499.37824,-75.63772671290,45.42017454260,2017-12-12,8:55:00 PM,03 - Snow,07 - Dark,03 - Loose snow,10 - No control,,03 - P.D. only,03 - Rear end,0
17-14276,HIGHWAY 417 btwn HWY417 IC96 RAMP61 & HWY417 IC88 RAMP16,392400.52785,5022911.62107,-75.38222282190,45.34068158670,2017-12-13,7:15:00 AM,05 - Drifting Snow,03 - Dawn,03 - Loose snow,10 - No control,,03 - P.D. only,03 - Rear end,0
17-14277,HIGHWAY 417 btwn HWY417 IC163 RAMP16 & HWY417 IC163 RAMP61,331631.99992,5021408.35434,-76.15767723080,45.33211092370,2017-12-13,7:35:00 AM,03 - Snow,03 - Dawn,04 - Slush,10 - No control,,03 - P.D. only,07 - SMV other,0
17-14278,HIGHWAY 417 btwn HWY417 IC119B RAMP76 & HWY417 IC119A RAMP67,368288.51318,5030355.37671,-75.68889679770,45.41025499740,2017-12-13,3:00:00 PM,01 - Clear,01 - Daylight,01 - Dry,10 - No control,,03 - P.D. only,03 - Rear end,0
17-14279,HIGHWAY 417 btwn HWY417 IC117 RAMP25 & HWY417 IC115 RAMP51,371481.34190,5031391.02145,-75.64797083110,45.41927636520,2017-12-13,3:15:00 PM,01 - Clear,01 - Daylight,01 - Dry,10 - No control,,03 - P.D. only,03 - Rear end,0
17-14280,HIGHWAY 417 btwn HWY417 IC119A RAMP75 & HWY417 IC118 RAMP57,368932.02347,5030685.53504,-75.68063345910,45.41316697460,2017-12-13,3:25:00 PM,01 - Clear,01 - Daylight,02 - Wet,10 - No control,,03 - P.D. only,04 - Sideswipe,0
17-14281,HIGHWAY 417 btwn HWY417 IC134 RAMP36 & HWY417 IC134 RAMP26,356320.84533,5022240.22981,-75.84262607450,45.33821794750,2017-12-13,5:15:00 PM,01 - Clear,07 - Dark,02 - Wet,10 - No control,,03 - P.D. only,03 - Rear end,0
17-14282,HIGHWAY 417 btwn HWY417 IC124 RAMP57 & HWY417 IC124 RAMP55,364121.70893,5027098.00646,-75.74251703200,45.38131139010,2017-12-13,5:32:00 PM,01 - Clear,07 - Dark,02 - Wet,10 - No control,,03 - P.D. only,03 - Rear end,0
17-14283,HWY417 IC131 RAMP66 btwn HWY417 IC130 RAMP36 & HWY417 IC131 RAMP63,358615.40125,5022950.60150,-75.81327376400,45.34443765130,2017-12-13,5:30:00 PM,01 - Clear,07 - Dark,01 - Dry,10 - No control,,03 - P.D. only,03 - Rear end,0
17-14284,HIGHWAY 417 btwn HWY417 IC115 RAMP25 & REGIONAL ROAD 174,373202.72098,5031664.00426,-75.62594033730,45.42156635330,2017-12-13,7:29:00 PM,01 - Clear,07 - Dark,02 - Wet,10 - No control,,03 - P.D. only,07 - SMV other,0
17-14285,HIGHWAY 417 btwn HWY417 IC131 RAMP66 & HWY417 IC130 RAMP26,359196.37097,5023080.53969,-75.80584639460,45.34556202510,2017-12-13,7:00:00 PM,01 - Clear,07 - Dark,02 - Wet,10 - No control,,03 - P.D. only,03 - Rear end,0
17-14286,HIGHWAY 417 btwn HWY417 IC129 RAMP26 & HWY417 IC129 RAMP61,360591.57459,5023662.20086,-75.78797790900,45.35068621330,2017-12-13,9:58:00 PM,01 - Clear,07 - Dark,01 - Dry,10 - No control,,02 - Non-fatal injury,07 - SMV other,0
17-14287,HIGHWAY 417 btwn HWY417 IC122 RAMP15 & HWY417 IC121B RAMP51,365798.44390,5029180.67939,-75.72085120230,45.39990682420,2017-12-14,6:20:00 AM,01 - Clear,07 - Dark,02 - Wet,10 - No control,,03 - P.D. only,04 - Sideswipe,0
17-14288,HIGHWAY 417 btwn HWY417 IC122 RAMP51 & HWY417 IC122 RAMP15,365316.68960,5028864.87210,-75.72704295440,45.39710706930,2017-12-14,7:10:00 AM,01 - Clear,03 - Dawn,01 - Dry,10 - No control,,03 - P.D. only,03 - Rear end,0
17-14289,HIGHWAY 417 btwn HWY417 IC124 RAMP65 & HWY417 IC122 RAMP51,365131.26923,5028672.67838,-75.72943454910,45.39539375340,2017-12-14,7:27:00 AM,01 - Clear,03 - Dawn,01 - Dry,10 - No control,,03 - P.D. only,03 - Rear end,0
17-14290,HIGHWAY 417 btwn HWY417 IC123 RAMP62 & HWY417 IC122 RAMP16,365018.66234,5028516.04473,-75.73089177980,45.39399408960,2017-12-14,7:40:00 AM,01 - Clear,03 - Dawn,01 - Dry,10 - No control,,03 - P.D. only,03 - Rear end,0
17-14291,HWY417 IC131 RAMP63 btwn HWY417 IC131 RAMP53 & HWY417 IC131 RAMP66,358593.80768,5022898.52364,-75.81355495860,45.34397070890,2017-12-14,7:56:00 AM,01 - Clear,01 - Daylight,02 - Wet,10 - No control,,03 - P.D. only,07 - SMV other,0
17-14292,HWY 417 TERRYFO IC140R53 @ TERRY FOX DR,351081.71796,5018401.64502,-75.90982903000,45.30404261100,2017-12-14,8:05:00 AM,01 - Clear,01 - Daylight,02 - Wet,10 - No control,,03 - P.D. only,03 - Rear end,0
17-14293,HIGHWAY 417 btwn HWY417 IC118 RAMP67 & HWY417 IC117 RAMP36,370181.63894,5031114.22933,-75.66461288190,45.41690856310,2017-12-14,9:17:00 AM,01 - Clear,01 - Daylight,01 - Dry,10 - No control,,03 - P.D. only,03 - Rear end,0
17-14294,HIGHWAY 417 btwn RAMP & HWY417 IC129 RAMP76,359828.78990,5023166.55344,-75.79776711560,45.34628664650,2017-12-14,10:17:00 AM,01 - Clear,01 - Daylight,01 - Dry,10 - No control,,03 - P.D. only,04 - Sideswipe,0
17-14295,HIGHWAY 417 btwn HWY417 IC96 RAMP51 & HIGHWAY 417,387266.13644,5023854.89482,-75.44756861850,45.34979069080,2017-12-14,3:10:00 PM,01 - Clear,01 - Daylight,01 - Dry,10 - No control,,02 - Non-fatal injury,07 - SMV other,0
17-14296,HWY417 IC131 RAMP55 btwn HIGHWAY 417 & HWY416 IC75B RAMP25,358389.59480,5022765.88528,-75.81617503420,45.34279285510,2017-12-14,4:55:00 PM,03 - Snow,07 - Dark,03 - Loose snow,10 - No control,,03 - P.D. only,07 - SMV other,0
17-14297,HWY417 IC115 RAMP51 btwn HIGHWAY 417 & ST. LAURENT BLVD,372466.81095,5031385.56185,-75.63538105830,45.41913262540,2017-12-14,4:50:00 PM,01 - Clear,05 - Dusk,01 - Dry,10 - No control,,03 - P.D. only,04 - Sideswipe,0
17-14298,HIGHWAY 417 btwn HWY417 IC134 RAMP25 & HWY417 IC131 RAMP53,357213.25071,5022572.82796,-75.83120507650,45.34114459120,2017-12-14,5:41:00 PM,05 - Drifting Snow,07 - Dark,03 - Loose snow,10 - No control,,03 - P.D. only,03 - Rear end,0
17-14299,HIGHWAY 417 btwn HWY417 IC118 RAMP67 & HWY417 IC117 RAMP36,370139.12490,5031109.30878,-75.66515668160,45.41686826160,2017-12-14,5:33:00 PM,01 - Clear,07 - Dark,02 - Wet,10 - No control,,03 - P.D. only,03 - Rear end,0
17-14300,HIGHWAY 417 btwn HWY417 IC117 RAMP51 & HWY417 IC117 RAMP35,370727.55941,5031174.92558,-75.65763024100,45.41740345840,2017-12-14,5:30:00 PM,01 - Clear,07 - Dark,01 - Dry,10 - No control,,03 - P.D. only,03 - Rear end,0
17-14301,HIGHWAY 417 btwn HWY417 IC118 RAMP35 & HWY417 IC117 RAMP51,370170.87496,5031099.78376,-75.66475231490,45.41677959380,2017-12-14,5:40:00 PM,03 - Snow,07 - Dark,03 - Loose snow,10 - No control,,03 - P.D. only,03 - Rear end,0
17-14302,HIGHWAY 417 btwn HWY417 IC122 RAMP61 & HWY417 IC121B RAMP16,366096.92554,5029350.14359,-75.71701791540,45.40140555130,2017-12-14,6:00:00 PM,01 - Clear,07 - Dark,01 - Dry,10 - No control,,03 - P.D. only,04 - Sideswipe,0
17-14303,HIGHWAY 417 btwn HWY417 IC134 RAMP51 & HWY417 IC134 RAMP35,356241.50474,5022139.31259,-75.84364883560,45.33731570610,2017-12-14,6:05:00 PM,03 - Snow,07 - Dark,06 - Ice,10 - No control,,03 - P.D. only,03 - Rear end,0
17-14304,HIGHWAY 417 btwn HWY417 IC121B RAMP16 & HWY417 IC121A RAMP16,366848.96812,5029614.21416,-75.70737932100,45.40371533520,2017-12-14,6:30:00 PM,01 - Clear,07 - Dark,02 - Wet,10 - No control,,03 - P.D. only,03 - Rear end,0
17-14305,HIGHWAY 417 btwn Continuation of HIGHWAY 417 & HWY417 IC134 RAMP51,355073.50457,5021446.29161,-75.85862100130,45.33116447470,2017-12-14,5:45:00 PM,01 - Clear,07 - Dark,02 - Wet,10 - No control,,03 - P.D. only,03 - Rear end,0
17-14306,HIGHWAY 417 btwn HWY417 IC126 RAMP16 & HWY417 IC126 RAMP61,363132.44680,5025818.69868,-75.75529901600,45.36988341470,2017-12-14,6:28:00 PM,01 - Clear,07 - Dark,01 - Dry,10 - No control,,03 - P.D. only,03 - Rear end,0
17-14307,HIGHWAY 417 btwn HWY417 IC115 RAMP25 & REGIONAL ROAD 174,373056.88381,5031601.37447,-75.62781232540,45.42101708490,2017-12-14,8:22:00 PM,01 - Clear,07 - Dark,01 - Dry,10 - No control,,02 - Non-fatal injury,07 - SMV other,0
17-14308,HIGHWAY 417 btwn HWY417 IC127 RAMP35 & HWY417 IC127 RAMP25,362223.97381,5024900.41773,-75.76700279390,45.36169583130,2017-12-14,10:47:00 PM,01 - Clear,07 - Dark,01 - Dry,10 - No control,,03 - P.D. only,04 - Sideswipe,0
17-14309,HIGHWAY 417 btwn HWY417 IC124 RAMP67 & HWY417 IC123 RAMP62,364732.30291,5027980.35381,-75.73461387670,45.38919861600,2017-12-15,8:43:00 AM,01 - Clear,01 - Daylight,06 - Ice,10 - No control,,03 - P.D. only,03 - Rear end,0
17-14310,HIGHWAY 417 btwn HWY417 IC124 RAMP65 & HWY417 IC122 RAMP51,365076.47360,5028591.22503,-75.73014430010,45.39466557210,2017-12-15,8:55:00 AM,01 - Clear,01 - Daylight,06 - Ice,10 - No control,,02 - Non-fatal injury,03 - Rear end,0
17-14311,HIGHWAY 417 btwn HWY417 IC124 RAMP57 & HWY417 IC124 RAMP55,364107.46166,5027091.35203,-75.74269973890,45.38125272030,2017-12-15,9:00:00 AM,01 - Clear,01 - Daylight,02 - Wet,10 - No control,,03 - P.D. only,03 - Rear end,0
17-14312,HIGHWAY 417 btwn HWY417 IC124 RAMP67 & HWY417 IC123 RAMP62,364791.99303,5028099.73405,-75.73383713920,45.39026766610,2017-12-15,9:00:00 AM,01 - Clear,01 - Daylight,01 - Dry,10 - No control,,03 - P.D. only,07 - SMV other,0
17-14313,HIGHWAY 417 btwn HWY417 IC122 RAMP61 & HWY417 IC121B RAMP16,366382.45955,5029474.30013,-75.71335545980,45.40249762030,2017-12-15,9:55:00 AM,01 - Clear,01 - Daylight,02 - Wet,10 - No control,,02 - Non-fatal injury,03 - Rear end,0
17-14314,BELMEADE RD btwn 3RD LINE RD & 4TH LINE RD,380682.51881,4997178.98221,-75.53564386900,45.11051528540,2017-12-15,3:39:00 PM,03 - Snow,01 - Daylight,03 - Loose snow,10 - No control,,03 - P.D. only,07 - SMV other,0
17-14315,HIGHWAY 417 btwn HWY417 IC118 RAMP67 & HWY417 IC117 RAMP36,369767.02658,5031158.06437,-75.66990408060,45.41734159430,2017-12-15,8:45:00 PM,03 - Snow,07 - Dark,03 - Loose snow,10 - No control,,02 - Non-fatal injury,07 - SMV other,0
17-14316,HIGHWAY 416 btwn HWY416 IC42 RAMP34 & HWY416 IC42 RAMP43,371384.62881,4995306.61233,-75.65404153730,45.09460413940,2017-12-15,10:40:00 PM,03 - Snow,07 - Dark,03 - Loose snow,10 - No control,,03 - P.D. only,07 - SMV other,0
17-14317,HIGHWAY 417 btwn HWY417 IC126 RAMP25 & HWY417 IC124 RAMP57,363382.44864,5026113.06394,-75.75207273060,45.37251122180,2017-12-16,11:28:00 AM,01 - Clear,01 - Daylight,04 - Slush,10 - No control,,03 - P.D. only,03 - Rear end,0
17-14318,HIGHWAY 417 btwn HWY417 IC113 RAMP85 & HWY417 IC112 RAMP54,374148.20726,5031326.00104,-75.61390779730,45.41843208960,2017-12-16,12:45:00 PM,01 - Clear,01 - Daylight,01 - Dry,10 - No control,,02 - Non-fatal injury,03 - Rear end,0
17-14319,HIGHWAY 416 btwn HWY416 IC66 RAMP34 & HWY416 IC72 RAMP53,359491.10794,5015642.73967,-75.80290649460,45.27861330160,2017-12-16,3:30:00 PM,01 - Clear,01 - Daylight,01 - Dry,10 - No control,,03 - P.D. only,03 - Rear end,0
17-14320,HIGHWAY 417 btwn HWY417 IC127 RAMP25 & HWY417 IC126 RAMP51,362977.84700,5025563.09993,-75.75730264710,45.36759641670,2017-12-16,4:00:00 PM,01 - Clear,05 - Dusk,02 - Wet,10 - No control,,03 - P.D. only,03 - Rear end,0
17-14321,HIGHWAY 7 btwn HAZELDEAN IC RAMP 53 & HIGHWAY 7,342366.27022,5008437.44729,-76.02171491130,45.21489995260,2017-12-16,7:50:00 PM,01 - Clear,07 - Dark,01 - Dry,10 - No control,,03 - P.D. only,07 - SMV other,0
17-14322,HIGHWAY 417 btwn HWY417 IC117 RAMP36 & HWY417 IC117 RAMP26,370676.28669,5031176.04343,-75.65828514210,45.41741834520,2017-12-17,10:58:00 AM,01 - Clear,01 - Daylight,01 - Dry,10 - No control,,03 - P.D. only,04 - Sideswipe,0