COLLISION_ID,LOCATION,X,Y,LONGITUDE,LATITUDE,DATE,TIME,ENVIRONMENT,LIGHT,SURFACE_CONDITION,TRAFFIC_CONTROL,TRAFFIC_CONTROL_CONDITION,COLLISION_CLASSIFICATION,IMPACT_TYPE,NO_OF_PEDESTRIANS
17-14323,HIGHWAY 417 btwn HWY417 IC117 RAMP25 & HWY417 IC115 RAMP51,371526.13006,5031393.00220,-75.64739833980,45.41928991660,2017-12-17,1:15:00 PM,01 - Clear,01 - Daylight,01 - Dry,10 - No control,,03 - P.D. only,03 - Rear end,0
17-14324,HIGHWAY 417 btwn HWY417 IC117 RAMP51 & HWY417 IC117 RAMP35,370846.67870,5031208.85183,-75.65610384830,45.41769747830,2017-12-17,1:30:00 PM,01 - Clear,01 - Daylight,01 - Dry,10 - No control,,03 - P.D. only,03 - Rear end,0
17-14325,HIGHWAY 417 btwn HWY417 IC122 RAMP61 & HWY417 IC121B RAMP16,366047.76244,5029330.72974,-75.71764825700,45.40123517280,2017-12-17,5:53:00 PM,01 - Clear,07 - Dark,01 - Dry,10 - No control,,03 - P.D. only,07 - SMV other,0
17-14326,HIGHWAY 7 btwn HAZELDEAN IC RAMP 53 & HIGHWAY 7,342361.32606,5008429.95927,-76.02177842100,45.21483283490,2017-12-17,8:45:00 PM,01 - Clear,07 - Dark,01 - Dry,10 - No control,,03 - P.D. only,07 - SMV other,0
17-14327,HIGHWAY 417 btwn TRANSIT & HWY417 IC127 RAMP35,361998.69800,5024726.68831,-75.76989823300,45.36015104440,2017-12-18,6:40:00 AM,01 - Clear,07 - Dark,01 - Dry,10 - No control,,03 - P.D. only,03 - Rear end,0
17-14328,HWY417 IC131 RAMP55 btwn HIGHWAY 417 & HWY416 IC75B RAMP25,358365.94887,5022760.72438,-75.81647730270,45.34274822310,2017-12-18,7:30:00 AM,01 - Clear,03 - Dawn,04 - Slush,10 - No control,,02 - Non-fatal injury,03 - Rear end,0
17-14329,HIGHWAY 417 btwn HWY417 IC129 RAMP25 & HWY417 IC129 RAMP35,360518.17984,5023570.13933,-75.78892488720,45.34986368010,2017-12-18,8:40:00 AM,03 - Snow,01 - Daylight,03 - Loose snow,10 - No control,,03 - P.D. only,03 - Rear end,0
17-14330,HWY417 IC142 RAMP51 btwn HIGHWAY 417 & HWY417 IC142 RAMP52,348883.24631,5016970.02080,-75.93798918580,45.29130180950,2017-12-18,11:04:00 AM,03 - Snow,01 - Daylight,03 - Loose snow,10 - No control,,03 - P.D. only,07 - SMV other,0
17-14331,HIGHWAY 416 btwn HWY416 IC66 RAMP62 & HWY416 IC72 RAMP24,360080.85870,5017457.13733,-75.79518793260,45.29489329130,2017-12-18,11:45:00 AM,03 - Snow,01 - Daylight,03 - Loose snow,10 - No control,,03 - P.D. only,07 - SMV other,0
17-14332,HIGHWAY 417 btwn HWY417 IC119A RAMP75 & HWY417 IC118 RAMP57,368919.89999,5030678.65752,-75.68078923070,45.41310620430,2017-12-18,12:50:00 PM,03 - Snow,01 - Daylight,04 - Slush,10 - No control,,03 - P.D. only,07 - SMV other,0
17-14333,HIGHWAY 417 btwn HWY417 IC169 RAMP26 & HWY417 IC169 RAMP61,325706.62423,5024693.72822,-76.23313337950,45.36187617130,2017-12-18,2:00:00 PM,01 - Clear,01 - Daylight,04 - Slush,10 - No control,,02 - Non-fatal injury,07 - SMV other,0
17-14334,HIGHWAY 417 btwn HWY417 IC119A RAMP75 & HWY417 IC118 RAMP57,368927.23778,5030681.47975,-75.68069512370,45.41313092590,2017-12-18,7:15:00 PM,03 - Snow,07 - Dark,03 - Loose snow,10 - No control,,03 - P.D. only,07 - SMV other,0
17-14335,HWY417 IC118 RAMP67 btwn HWY417 IC118 RAMP64 & HIGHWAY 417,369713.79269,5031157.30737,-75.67058428810,45.41733972400,2017-12-18,7:20:00 PM,03 - Snow,07 - Dark,03 - Loose snow,10 - No control,,03 - P.D. only,04 - Sideswipe,0
17-14336,HIGHWAY 417 btwn HWY417 IC118 RAMP67 & HWY417 IC117 RAMP36,369844.17962,5031153.07403,-75.66891904520,45.41728952460,2017-12-18,8:15:00 PM,03 - Snow,07 - Dark,03 - Loose snow,10 - No control,,03 - P.D. only,04 - Sideswipe,0
17-14337,HIGHWAY 417 btwn HWY417 IC126 RAMP16 & HWY417 IC126 RAMP61,363124.91368,5025816.41752,-75.75539544840,45.36986351570,2017-12-18,8:15:00 PM,03 - Snow,07 - Dark,03 - Loose snow,10 - No control,,03 - P.D. only,07 - SMV other,0
17-14338,HIGHWAY 417 btwn HWY417 IC112 RAMP66 & HWY417 IC113 RAMP65,374239.70074,5031141.66517,-75.61276486370,45.41676445660,2017-12-18,9:00:00 PM,03 - Snow,07 - Dark,03 - Loose snow,10 - No control,,03 - P.D. only,07 - SMV other,0
17-14339,HIGHWAY 417 btwn HWY417 IC134 RAMP51 & HWY417 IC134 RAMP35,356189.57797,5022104.75043,-75.84431492320,45.33700851720,2017-12-18,9:40:00 PM,03 - Snow,07 - Dark,03 - Loose snow,10 - No control,,03 - P.D. only,07 - SMV other,0
17-14340,HIGHWAY 416 btwn HWY416 IC66 RAMP62 & HWY416 IC72 RAMP24,359679.68607,5015418.71622,-75.80052782190,45.27658281730,2017-12-19,6:38:00 AM,01 - Clear,07 - Dark,03 - Loose snow,10 - No control,,03 - P.D. only,07 - SMV other,0
17-14341,HIGHWAY 417 btwn HWY417 IC126 RAMP51 & HWY417 IC126 RAMP25,363260.83923,5025952.43479,-75.75364420720,45.37107605720,2017-12-19,6:50:00 AM,03 - Snow,07 - Dark,03 - Loose snow,10 - No control,,03 - P.D. only,04 - Sideswipe,0
17-14342,HWY417 IC110 RAMP54 btwn HWY417 IC110 RAMP58 & HIGHWAY 417,375698.92660,5029333.28739,-75.59438263380,45.40034732420,2017-12-19,6:54:00 AM,03 - Snow,07 - Dark,03 - Loose snow,10 - No control,,03 - P.D. only,99 - Other,0
17-14343,HIGHWAY 417 btwn HWY417 IC131 RAMP66 & HWY417 IC130 RAMP26,359002.59127,5023051.83718,-75.80832218660,45.34531876040,2017-12-19,5:33:00 PM,01 - Clear,07 - Dark,01 - Dry,10 - No control,,03 - P.D. only,03 - Rear end,0
17-14344,HIGHWAY 416 btwn HWY416 IC72 RAMP63 & HWY416 IC72 RAMP53,359601.32691,5019345.26422,-75.80109260860,45.31192036320,2017-12-19,11:06:00 PM,02 - Rain,07 - Dark,02 - Wet,10 - No control,,02 - Non-fatal injury,07 - SMV other,0
17-14345,HIGHWAY 417 btwn HWY417 IC124 RAMP65 & HWY417 IC122 RAMP51,365125.64746,5028664.33119,-75.72950736500,45.39531913140,2017-12-20,6:21:00 AM,03 - Snow,07 - Dark,06 - Ice,10 - No control,,03 - P.D. only,07 - SMV other,0
17-14346,HIGHWAY 416 btwn HWY416 IC66 RAMP24 & HWY416 IC57 RAMP62,363806.68632,5009889.56614,-75.74858765330,45.22649699710,2017-12-20,7:29:00 AM,01 - Clear,03 - Dawn,06 - Ice,10 - No control,,03 - P.D. only,07 - SMV other,0
17-14347,HIGHWAY 416 btwn HWY416 IC66 RAMP24 & HWY416 IC57 RAMP62,361333.22937,5012299.01496,-75.77980915760,45.24838042950,2017-12-20,7:47:00 AM,01 - Clear,03 - Dawn,06 - Ice,10 - No control,,03 - P.D. only,07 - SMV other,0
17-14348,HIGHWAY 417 btwn HWY 417 ANDERSON IC104R61 & HWY 417 BOUNDARY IC96R16,386908.25830,5023956.45647,-75.45211822000,45.35074644730,2017-12-20,7:58:00 AM,01 - Clear,01 - Daylight,02 - Wet,10 - No control,,03 - P.D. only,03 - Rear end,0
17-14349,HIGHWAY 417 btwn HWY417 IC127 RAMP25 & HWY417 IC126 RAMP51,363153.58046,5025805.60133,-75.75503078270,45.36976380650,2017-12-20,11:33:00 AM,01 - Clear,01 - Daylight,01 - Dry,10 - No control,,03 - P.D. only,04 - Sideswipe,0
17-14350,HIGHWAY 417 btwn Continuation of HIGHWAY 417 & HWY417 IC155 RAMP26,339404.53296,5019376.53097,-76.05865982710,45.31348743030,2017-12-20,3:15:00 PM,01 - Clear,01 - Daylight,01 - Dry,10 - No control,,03 - P.D. only,03 - Rear end,0
17-14351,HIGHWAY 417 btwn HWY417 IC124 RAMP65 & HWY417 IC122 RAMP51,365115.64619,5028645.32922,-75.72963741540,45.39514901710,2017-12-20,4:30:00 PM,01 - Clear,05 - Dusk,01 - Dry,10 - No control,,03 - P.D. only,04 - Sideswipe,0
17-14352,HIGHWAY 417 btwn HWY417 IC124 RAMP67 & HWY417 IC123 RAMP62,364611.03185,5027786.80750,-75.73618592790,45.38746749000,2017-12-20,4:26:00 PM,01 - Clear,05 - Dusk,01 - Dry,10 - No control,,03 - P.D. only,03 - Rear end,0
17-14353,HIGHWAY 417 btwn HWY417 IC118 RAMP67 & HWY417 IC117 RAMP36,369770.62883,5031159.93424,-75.66985781290,45.41735808360,2017-12-20,5:03:00 PM,01 - Clear,07 - Dark,01 - Dry,10 - No control,,03 - P.D. only,04 - Sideswipe,0
17-14354,HIGHWAY 417 btwn HWY417 IC117 RAMP25 & HWY417 IC115 RAMP51,372017.68666,5031446.10815,-75.64111087490,45.41972068710,2017-12-20,6:10:00 PM,01 - Clear,07 - Dark,01 - Dry,10 - No control,,03 - P.D. only,04 - Sideswipe,0
17-14355,HIGHWAY 417 btwn HWY417 IC117 RAMP61 & HWY417 IC115 RAMP36,371519.84566,5031422.40144,-75.64747464950,45.41955503710,2017-12-20,6:15:00 PM,01 - Clear,07 - Dark,06 - Ice,10 - No control,,03 - P.D. only,03 - Rear end,0
17-14356,HIGHWAY 417 btwn HWY417 IC96 RAMP61 & HWY417 IC88 RAMP16,392412.68170,5022897.26906,-75.38207031130,45.34055094450,2017-12-20,7:15:00 AM,01 - Clear,03 - Dawn,01 - Dry,10 - No control,,03 - P.D. only,04 - Sideswipe,0
17-14357,HIGHWAY 417 btwn HWY417 IC126 RAMP25 & HWY417 IC124 RAMP57,363649.63531,5026486.68750,-75.74861730880,45.37585064740,2017-12-21,10:15:00 AM,01 - Clear,01 - Daylight,01 - Dry,10 - No control,,03 - P.D. only,03 - Rear end,0
17-14358,HIGHWAY 417 btwn HWY417 IC110 RAMP64 & HWY417 IC104 RAMP16,376761.24737,5027406.59267,-75.58109595540,45.38290360450,2017-12-21,9:55:00 AM,01 - Clear,01 - Daylight,01 - Dry,10 - No control,,03 - P.D. only,04 - Sideswipe,0
17-14359,HIGHWAY 417 btwn HWY417 IC129 RAMP25 & TRANSIT,361171.74775,5024075.23715,-75.78052712770,45.35435630120,2017-12-21,11:45:00 AM,01 - Clear,01 - Daylight,01 - Dry,10 - No control,,03 - P.D. only,03 - Rear end,0
17-14360,HIGHWAY 417 btwn HWY417 IC129 RAMP25 & HWY417 IC129 RAMP35,360494.41306,5023556.65278,-75.78922969320,45.34974421670,2017-12-21,12:00:00 PM,01 - Clear,01 - Daylight,01 - Dry,10 - No control,,02 - Non-fatal injury,03 - Rear end,0
17-14361,HWY417 IC117 RAMP36 btwn HIGHWAY 417 & VANIER PKWY,370759.68131,5031330.60644,-75.65719901810,45.41880118290,2017-12-21,3:04:00 PM,01 - Clear,01 - Daylight,01 - Dry,10 - No control,,03 - P.D. only,03 - Rear end,0
17-14362,HIGHWAY 417 btwn HWY417 IC124 RAMP65 & HWY417 IC122 RAMP51,364721.04502,5027923.14024,-75.73476458360,45.38868478230,2017-12-21,8:00:00 PM,01 - Clear,07 - Dark,01 - Dry,10 - No control,,02 - Non-fatal injury,07 - SMV other,0
17-14363,HIGHWAY 417 btwn RAMP & HWY417 IC145 RAMP55,345897.63181,5014758.85836,-75.97623379790,45.27158582500,2017-12-21,9:21:00 PM,01 - Clear,07 - Dark,01 - Dry,10 - No control,,03 - P.D. only,07 - SMV other,0
17-14364,HIGHWAY 417 btwn HWY417 IC163 RAMP16 & HWY417 IC163 RAMP61,331556.76313,5021433.14504,-76.15863574490,45.33233687660,2017-12-22,6:55:00 AM,03 - Snow,07 - Dark,02 - Wet,10 - No control,,03 - P.D. only,07 - SMV other,0
17-14365,HIGHWAY 417 btwn HWY417 IC134 RAMP51 & HWY417 IC134 RAMP35,356183.91155,5022095.98053,-75.84438812730,45.33693001970,2017-12-22,6:30:00 AM,01 - Clear,07 - Dark,01 - Dry,10 - No control,,03 - P.D. only,07 - SMV other,0
17-14366,HIGHWAY 417 btwn HWY417 IC127 RAMP63 & HWY417 IC127 RAMP67,362170.73175,5024888.80078,-75.76768370240,45.36159566260,2017-12-22,4:50:00 PM,01 - Clear,07 - Dark,02 - Wet,10 - No control,,03 - P.D. only,03 - Rear end,0
17-14367,HIGHWAY 416 btwn HWY416 IC66 RAMP34 & HWY416 IC66 RAMP63,359962.77060,5014907.62151,-75.79697681150,45.27196177640,2017-12-23,12:58:00 AM,01 - Clear,07 - Dark,02 - Wet,10 - No control,,03 - P.D. only,07 - SMV other,0
17-14368,HIGHWAY 7 btwn RAMP & DWYER HILL RD,340933.01726,5007133.12458,-76.04005676000,45.20323782540,2017-12-23,9:27:00 AM,03 - Snow,01 - Daylight,03 - Loose snow,10 - No control,,03 - P.D. only,07 - SMV other,0
17-14369,HIGHWAY 417 btwn HWY417 IC124 RAMP65 & HWY417 IC122 RAMP51,364981.85083,5028407.55801,-75.73137512400,45.39302111340,2017-12-23,12:50:00 PM,03 - Snow,01 - Daylight,03 - Loose snow,10 - No control,,03 - P.D. only,04 - Sideswipe,0
17-14370,HIGHWAY 417 btwn Continuation of HIGHWAY 417 & HWY417 IC134 RAMP51,355713.37229,5021832.09446,-75.85041853920,45.33458984510,2017-12-23,2:10:00 PM,03 - Snow,01 - Daylight,03 - Loose snow,10 - No control,,03 - P.D. only,07 - SMV other,0
17-14371,HWY417 IC129 RAMP25 btwn GREENBANK RD & HIGHWAY 417,360545.09696,5023560.77959,-75.78858245180,45.34977732270,2017-12-23,7:02:00 PM,03 - Snow,07 - Dark,03 - Loose snow,10 - No control,,03 - P.D. only,03 - Rear end,0
17-14372,HIGHWAY 417 btwn HWY417 IC126 RAMP16 & HWY417 IC126 RAMP61,363115.57769,5025804.54776,-75.75551602750,45.36975749040,2017-12-25,3:11:00 AM,03 - Snow,07 - Dark,03 - Loose snow,10 - No control,,03 - P.D. only,07 - SMV other,0
17-14373,HIGHWAY 417 btwn HWY417 IC126 RAMP61 & HWY417 IC124 RAMP76,364104.71917,5027121.49806,-75.74273113360,45.38152420210,2017-12-25,6:30:00 AM,03 - Snow,07 - Dark,03 - Loose snow,10 - No control,,03 - P.D. only,07 - SMV other,0
17-14374,HIGHWAY 417 btwn HWY417 IC88 RAMP16 & HWY417 IC88 RAMP61,395596.88749,5022497.41881,-75.34152171140,45.33654868450,2017-12-25,8:25:00 PM,01 - Clear,07 - Dark,02 - Wet,10 - No control,,03 - P.D. only,07 - SMV other,0
17-14375,HIGHWAY 417 btwn HWY417 IC155 RAMP61 & HWY417 IC145 RAMP56,344365.93592,5015440.47330,-75.99569930440,45.27780714530,2017-12-25,10:30:00 PM,01 - Clear,07 - Dark,01 - Dry,10 - No control,,03 - P.D. only,07 - SMV other,0
17-14376,HIGHWAY 417 btwn HWY417 IC144 RAMP16 & HWY417 IC144 RAMP61,347560.98714,5016006.80977,-75.95492871230,45.28271618860,2017-12-26,10:42:00 AM,01 - Clear,01 - Daylight,01 - Dry,10 - No control,,03 - P.D. only,03 - Rear end,0
17-14377,HIGHWAY 417 btwn HWY417 IC144 RAMP16 & HWY417 IC144 RAMP61,347513.91238,5015970.96183,-75.95553182850,45.28239647700,2017-12-26,10:42:00 AM,01 - Clear,01 - Daylight,01 - Dry,10 - No control,,02 - Non-fatal injury,03 - Rear end,0
17-14378,HIGHWAY 417 btwn HWY417 IC115 RAMP51 & HWY417 IC115 RAMP35,372364.26375,5031483.83119,-75.63667773940,45.42002671780,2017-12-26,11:10:00 AM,01 - Clear,01 - Daylight,04 - Slush,10 - No control,,03 - P.D. only,07 - SMV other,0
17-14379,HIGHWAY 417 btwn HWY417 IC126 RAMP61 & HWY417 IC124 RAMP76,364103.10889,5027116.26600,-75.74275232240,45.38147726090,2017-12-26,3:33:00 PM,01 - Clear,01 - Daylight,01 - Dry,10 - No control,,03 - P.D. only,04 - Sideswipe,0
17-14380,HIGHWAY 417 btwn HWY417 IC131 RAMP66 & HWY417 IC130 RAMP26,359182.69572,5023078.08126,-75.80602116290,45.34554096470,2017-12-26,4:30:00 PM,01 - Clear,05 - Dusk,01 - Dry,10 - No control,,03 - P.D. only,03 - Rear end,0
17-14381,HIGHWAY 417 btwn HWY417 IC119A RAMP67 & HWY417 IC118 RAMP76,369181.29872,5030874.45751,-75.67742430830,45.41484394250,2017-12-27,8:00:00 AM,01 - Clear,01 - Daylight,06 - Ice,10 - No control,,03 - P.D. only,99 - Other,0
17-14382,HWY417 IC118 RAMP35 btwn HWY417 IC118 RAMP45 & MANN AVE OVERPASS,369418.11186,5031103.48131,-75.67436892000,45.41688278610,2017-12-27,4:38:00 PM,01 - Clear,05 - Dusk,06 - Ice,10 - No control,,03 - P.D. only,03 - Rear end,0
17-14383,HIGHWAY 417 btwn HWY417 IC117 RAMP25 & HWY417 IC115 RAMP51,371531.39608,5031396.85189,-75.64733053890,45.41932405230,2017-12-27,4:50:00 PM,01 - Clear,07 - Dark,01 - Dry,10 - No control,,03 - P.D. only,04 - Sideswipe,0
17-14384,HIGHWAY 417 btwn HWY417 IC126 RAMP16 & HWY417 IC126 RAMP61,363132.31049,5025817.12113,-75.75530094220,45.36986923100,2017-12-27,5:05:00 PM,01 - Clear,07 - Dark,01 - Dry,10 - No control,,03 - P.D. only,03 - Rear end,0
17-14385,HIGHWAY 417 btwn HWY417 IC122 RAMP61 & HWY417 IC121B RAMP16,366078.71638,5029349.84487,-75.71725052640,45.40140445780,2017-12-27,5:20:00 PM,01 - Clear,07 - Dark,01 - Dry,10 - No control,,02 - Non-fatal injury,03 - Rear end,0
17-14386,HIGHWAY 417 btwn HWY417 IC124 RAMP67 & HWY417 IC123 RAMP62,364714.16921,5027950.23151,-75.73484909570,45.38892913280,2017-12-27,6:25:00 PM,01 - Clear,07 - Dark,01 - Dry,10 - No control,,03 - P.D. only,03 - Rear end,0
17-14387,HIGHWAY 417 btwn HWY417 IC117 RAMP61 & HWY417 IC115 RAMP36,371561.11979,5031420.44290,-75.64694758610,45.41953347810,2017-12-27,10:25:00 PM,01 - Clear,07 - Dark,06 - Ice,10 - No control,,02 - Non-fatal injury,07 - SMV other,0
17-14388,HIGHWAY 417 btwn HWY417 IC118 RAMP67 & HWY417 IC117 RAMP36,369844.92302,5031155.01236,-75.66890929170,45.41730689650,2017-12-27,10:52:00 PM,01 - Clear,07 - Dark,06 - Ice,10 - No control,,03 - P.D. only,03 - Rear end,0
17-14389,HIGHWAY 417 btwn HWY417 IC123 RAMP62 & HWY417 IC122 RAMP16,365133.91210,5028720.89375,-75.72939489970,45.39582735750,2017-12-28,7:10:00 AM,01 - Clear,03 - Dawn,06 - Ice,10 - No control,,03 - P.D. only,07 - SMV other,0
17-14390,HWY417 IC120B RAMP36 btwn HIGHWAY 417 & CATHERINE ST,367739.00481,5030008.27945,-75.69596070650,45.40718155740,2017-12-28,9:04:00 AM,01 - Clear,01 - Daylight,06 - Ice,10 - No control,,03 - P.D. only,07 - SMV other,0
17-14391,HIGHWAY 417 btwn HWY417 IC122 RAMP51 & HWY417 IC122 RAMP15,365600.32053,5029058.95255,-75.72339665440,45.39882878880,2017-12-28,9:30:00 AM,01 - Clear,01 - Daylight,06 - Ice,10 - No control,,03 - P.D. only,04 - Sideswipe,0
17-14392,HWY417 IC124 RAMP67 btwn CARLING AVE & HIGHWAY 417,364396.35813,5027563.73622,-75.73895410150,45.38547863370,2017-12-28,5:31:00 PM,01 - Clear,07 - Dark,01 - Dry,10 - No control,,03 - P.D. only,03 - Rear end,0
17-14393,HIGHWAY 417 btwn HWY417 IC117 RAMP36 & HWY417 IC117 RAMP26,370684.66987,5031181.23263,-75.65817734600,45.41746424620,2017-12-28,5:45:00 PM,01 - Clear,07 - Dark,06 - Ice,10 - No control,,03 - P.D. only,07 - SMV other,0
17-14394,HIGHWAY 417 btwn HWY417 IC144 RAMP61 & HWY417 IC142 RAMP16,348740.42298,5017100.84146,-75.93979834240,45.29248792270,2017-12-28,7:30:00 PM,01 - Clear,07 - Dark,01 - Dry,10 - No control,,03 - P.D. only,07 - SMV other,0
17-14395,HIGHWAY 417 btwn HWY417 IC119B RAMP76 & HWY417 IC119A RAMP67,368571.83014,5030524.13331,-75.68525579200,45.41174765390,2017-12-28,8:20:00 PM,01 - Clear,07 - Dark,01 - Dry,10 - No control,,03 - P.D. only,03 - Rear end,0
17-14396,HIGHWAY 417 btwn TRANSIT & HWY417 IC127 RAMP35,361994.59282,5024715.72378,-75.76995189760,45.36005272160,2017-12-29,7:45:00 AM,01 - Clear,03 - Dawn,06 - Ice,10 - No control,,03 - P.D. only,07 - SMV other,0
17-14397,HWY416 IC75A RAMP26 btwn HIGHWAY 417 & HIGHWAY 416,358536.31241,5022340.50153,-75.81434919550,45.33895401030,2017-12-29,8:20:00 AM,01 - Clear,01 - Daylight,01 - Dry,10 - No control,,03 - P.D. only,07 - SMV other,0
17-14398,HWY416 IC75A RAMP26 btwn HIGHWAY 417 & HIGHWAY 416,358531.23239,5022351.50822,-75.81441281410,45.33905343820,2017-12-29,8:30:00 AM,01 - Clear,01 - Daylight,06 - Ice,10 - No control,,03 - P.D. only,03 - Rear end,0
17-14399,HWY416 IC75A RAMP26 btwn HIGHWAY 417 & HIGHWAY 416,358498.21233,5022424.32169,-75.81482620360,45.33971114540,2017-12-29,8:20:00 AM,01 - Clear,01 - Daylight,06 - Ice,10 - No control,,03 - P.D. only,07 - SMV other,0
17-14400,HWY416 IC75A RAMP26 btwn HIGHWAY 417 & HIGHWAY 416,358145.99829,5022768.06905,-75.81928296790,45.34283107200,2017-12-29,8:20:00 AM,01 - Clear,01 - Daylight,06 - Ice,10 - No control,,03 - P.D. only,07 - SMV other,0
17-14401,HIGHWAY 417 btwn HWY417 IC117 RAMP25 & HWY417 IC115 RAMP51,371516.47920,5031393.71463,-75.64752154520,45.41929724680,2017-12-29,2:40:00 PM,01 - Clear,01 - Daylight,01 - Dry,10 - No control,,03 - P.D. only,03 - Rear end,0
17-14402,HIGHWAY 417 btwn HWY417 IC121A RAMP16 & HWY417 IC121A RAMP61,367065.96696,5029686.19622,-75.70459853090,45.40434374060,2017-12-29,8:45:00 PM,01 - Clear,07 - Dark,01 - Dry,10 - No control,,03 - P.D. only,03 - Rear end,0
17-14403,HIGHWAY 417 btwn HWY417 IC163 RAMP16 & HWY417 IC163 RAMP61,331691.29505,5021399.80006,-76.15692122070,45.33203167870,2017-12-29,9:31:00 PM,01 - Clear,07 - Dark,01 - Dry,10 - No control,,03 - P.D. only,07 - SMV other,0
17-14404,HIGHWAY 417 btwn HWY417 IC118 RAMP67 & HWY417 IC117 RAMP36,369844.34094,5031156.75333,-75.66891649880,45.41732261450,2017-12-29,10:36:00 PM,01 - Clear,07 - Dark,06 - Ice,10 - No control,,03 - P.D. only,07 - SMV other,0
17-14405,HIGHWAY 417 btwn HWY417 IC124 RAMP57 & HWY417 IC124 RAMP55,364111.97281,5027095.49687,-75.74264164350,45.38128963350,2017-12-30,12:05:00 AM,01 - Clear,07 - Dark,06 - Ice,10 - No control,,02 - Non-fatal injury,07 - SMV other,0
17-14406,HIGHWAY 417 btwn HWY417 IC126 RAMP61 & HWY417 IC124 RAMP76,363676.78527,5026536.69575,-75.74826472970,45.37629833400,2017-12-30,2:00:00 PM,01 - Clear,01 - Daylight,02 - Wet,10 - No control,,03 - P.D. only,04 - Sideswipe,0
17-14407,HIGHWAY 417 btwn HWY417 IC124 RAMP67 & HWY417 IC123 RAMP62,364738.50739,5027994.65867,-75.73453290970,45.38932679770,2017-12-30,2:13:00 PM,01 - Clear,01 - Daylight,02 - Wet,10 - No control,,03 - P.D. only,03 - Rear end,0
17-14408,HIGHWAY 417 btwn HWY417 IC126 RAMP61 & HWY417 IC124 RAMP76,364076.41274,5027083.64351,-75.74309709600,45.38118598830,2017-12-30,2:15:00 PM,01 - Clear,01 - Daylight,01 - Dry,10 - No control,,03 - P.D. only,03 - Rear end,0
17-14409,MAITLAND AVE/HWY 417 MAITLAND IC126R53 @ HWY 4,363229.26812,5025772.94798,-75.75406846370,45.36946369010,2017-12-30,2:30:00 PM,01 - Clear,01 - Daylight,06 - Ice,01 - Traffic signal,00 - Unknown,03 - P.D. only,03 - Rear end,0
17-14410,HIGHWAY 417 btwn HWY417 IC124 RAMP76 & HWY417 IC124 RAMP67,364269.08270,5027336.53277,-75.74060663810,45.38344511430,2017-12-30,2:05:00 PM,01 - Clear,01 - Daylight,02 - Wet,10 - No control,,03 - P.D. only,03 - Rear end,0
17-14411,HWY417 IC140 RAMP36 btwn TERRY FOX DR & HIGHWAY 417,350718.03213,5018485.63812,-75.91445862160,45.30482227240,2017-12-31,12:38:00 AM,01 - Clear,07 - Dark,06 - Ice,10 - No control,,03 - P.D. only,07 - SMV other,0
17-14412,HIGHWAY 417 btwn HWY417 IC126 RAMP16 & HWY417 IC126 RAMP61,363124.01807,5025810.78417,-75.75540754620,45.36981290250,2017-12-31,4:34:00 AM,01 - Clear,07 - Dark,06 - Ice,10 - No control,,03 - P.D. only,07 - SMV other,0
17-14413,HIGHWAY 417 btwn HWY417 IC124 RAMP65 & HWY417 IC122 RAMP51,365125.38333,5028664.72330,-75.72951069120,45.39532268220,2017-12-31,6:45:00 AM,01 - Clear,07 - Dark,06 - Ice,10 - No control,,03 - P.D. only,07 - SMV other,0
17-14414,HIGHWAY 417 btwn HWY417 IC124 RAMP57 & HWY417 IC124 RAMP55,364101.25328,5027073.74878,-75.74278112170,45.38109485520,2017-12-31,6:44:00 AM,01 - Clear,07 - Dark,06 - Ice,10 - No control,,03 - P.D. only,07 - SMV other,0
17-14415,HWY417 IC126 RAMP25 btwn HWY417 IC126 RAMP55 & HIGHWAY 417,363311.73503,5025984.93327,-75.75299063840,45.37136422700,2017-12-31,7:28:00 AM,01 - Clear,03 - Dawn,06 - Ice,10 - No control,,03 - P.D. only,07 - SMV other,0
17-14416,HIGHWAY 417 btwn HWY417 IC122 RAMP61 & HWY417 IC121B RAMP16,366026.89463,5029328.25024,-75.71791509590,45.40121468820,2017-12-31,7:34:00 AM,04 - Freezing Rain,03 - Dawn,06 - Ice,10 - No control,,03 - P.D. only,03 - Rear end,0
17-14417,HWY417 IC126 RAMP25 btwn HWY417 IC126 RAMP55 & HIGHWAY 417,363317.45005,5025960.20350,-75.75292061060,45.37114123430,2017-12-31,8:00:00 AM,01 - Clear,01 - Daylight,06 - Ice,10 - No control,,02 - Non-fatal injury,03 - Rear end,0
17-14418,HIGHWAY 417 btwn HWY417 IC122 RAMP61 & HWY417 IC121B RAMP16,366032.39798,5029323.22314,-75.71784542870,45.40116897430,2017-12-31,9:00:00 AM,01 - Clear,01 - Daylight,06 - Ice,10 - No control,,03 - P.D. only,07 - SMV other,0
17-14419,HIGHWAY 417 btwn HWY417 IC129 RAMP26 & HWY417 IC129 RAMP61,360566.97732,5023639.07277,-75.78829440820,45.35048006360,2017-12-30,8:30:00 PM,01 - Clear,07 - Dark,01 - Dry,10 - No control,,03 - P.D. only,07 - SMV other,0
17-14420,HIGHWAY 417 btwn HWY417 IC123 RAMP62 & HWY417 IC122 RAMP16,365114.46836,5028680.24202,-75.72964818870,45.39546325640,2017-12-31,12:30:00 PM,01 - Clear,01 - Daylight,01 - Dry,10 - No control,,03 - P.D. only,07 - SMV other,0
17-14421,HIGHWAY 417 btwn HWY417 IC155 RAMP61 & HWY417 IC145 RAMP56,344378.50189,5015419.82800,-75.99554079260,45.27762066260,2017-11-04,4:20:00 PM,02 - Rain,01 - Daylight,02 - Wet,10 - No control,,03 - P.D. only,07 - SMV other,0
17-14422,HIGHWAY 417 btwn HWY417 IC112 RAMP66 & HWY417 IC113 RAMP65,374200.03549,5031328.71417,-75.61324526350,45.41845136270,2017-11-27,6:20:00 AM,01 - Clear,07 - Dark,01 - Dry,10 - No control,,03 - P.D. only,03 - Rear end,0
17-14423,HIGHWAY 417 btwn HWY417 IC118 RAMP67 & HWY417 IC117 RAMP36,370097.50395,5031114.37919,-75.66568774660,45.41691776850,2017-02-02,7:45:00 AM,01 - Clear,01 - Daylight,02 - Wet,10 - No control,,03 - P.D. only,03 - Rear end,0